2025-09-18 00:00:25,374 [ERROR] LogOutputStream:75 - [STDERR_REDIRECT] Sep 18, 2025 12:00:25 AM java.util.prefs.FileSystemPreferences checkLockFile0ErrorCode
2025-09-18 00:00:25,377 [ERROR] LogOutputStream:75 - [STDERR_REDIRECT] WARNING: Could not lock System prefs. Unix error code 2.
2025-09-18 00:00:25,377 [ERROR] LogOutputStream:75 - [STDERR_REDIRECT] 
2025-09-18 00:00:25,378 [ERROR] LogOutputStream:75 - [STDERR_REDIRECT] Sep 18, 2025 12:00:25 AM java.util.prefs.FileSystemPreferences syncWorld
2025-09-18 00:00:25,378 [ERROR] LogOutputStream:75 - [STDERR_REDIRECT] WARNING: Couldn't flush system prefs: java.util.prefs.BackingStoreException: Couldn't get file lock.
2025-09-18 00:00:25,378 [ERROR] LogOutputStream:75 - [STDERR_REDIRECT] 
2025-09-18 00:00:55,368 [ERROR] LogOutputStream:75 - [STDERR_REDIRECT] Sep 18, 2025 12:00:55 AM java.util.prefs.FileSystemPreferences checkLockFile0ErrorCode
2025-09-18 00:00:55,369 [ERROR] LogOutputStream:75 - [STDERR_REDIRECT] WARNING: Could not lock System prefs. Unix error code 2.
2025-09-18 00:00:55,369 [ERROR] LogOutputStream:75 - [STDERR_REDIRECT] 
2025-09-18 00:00:55,369 [ERROR] LogOutputStream:75 - [STDERR_REDIRECT] Sep 18, 2025 12:00:55 AM java.util.prefs.FileSystemPreferences syncWorld
2025-09-18 00:00:55,369 [ERROR] LogOutputStream:75 - [STDERR_REDIRECT] WARNING: Couldn't flush system prefs: java.util.prefs.BackingStoreException: Couldn't get file lock.
2025-09-18 00:00:55,369 [ERROR] LogOutputStream:75 - [STDERR_REDIRECT] 
2025-09-18 00:01:25,368 [ERROR] LogOutputStream:75 - [STDERR_REDIRECT] Sep 18, 2025 12:01:25 AM java.util.prefs.FileSystemPreferences checkLockFile0ErrorCode
2025-09-18 00:01:25,369 [ERROR] LogOutputStream:75 - [STDERR_REDIRECT] WARNING: Could not lock System prefs. Unix error code 2.
2025-09-18 00:01:25,369 [ERROR] LogOutputStream:75 - [STDERR_REDIRECT] 
2025-09-18 00:01:25,369 [ERROR] LogOutputStream:75 - [STDERR_REDIRECT] Sep 18, 2025 12:01:25 AM java.util.prefs.FileSystemPreferences syncWorld
2025-09-18 00:01:25,369 [ERROR] LogOutputStream:75 - [STDERR_REDIRECT] WARNING: Couldn't flush system prefs: java.util.prefs.BackingStoreException: Couldn't get file lock.
2025-09-18 00:01:25,369 [ERROR] LogOutputStream:75 - [STDERR_REDIRECT] 
2025-09-18 00:01:28,290 [ERROR] LogOutputStream:75 - [STDERR_REDIRECT] 
2025-09-18 00:01:28,291 [ERROR] LogOutputStream:75 - [STDERR_REDIRECT] 
2025-09-18 10:21:55,935 [INFO] Activator:176 - 


2025-09-18 10:21:55,936 [INFO] Activator:177 - !SESSION log4j initialized
2025-09-18 10:21:58,070 [INFO] LogOutputStream:77 - [STDOUT_REDIRECT] 
2025-09-18 10:21:58,449 [ERROR] ConfigurationRetriever:142 - IOException on connection: sw-center.st.com
2025-09-18 10:21:58,450 [ERROR] ConfigurationRetriever:142 - IOException on connection: sw-center.st.com
2025-09-18 10:21:58,451 [ERROR] ConfigurationRetriever:142 - IOException on connection: sw-center.st.com
2025-09-18 10:21:58,945 [INFO] ApplicationProperties:184 - Using Application install path: /opt/st/stm32cubeide_1.19.0/plugins/com.st.stm32cube.common.mx_6.15.0.202507011659
2025-09-18 10:21:58,961 [INFO] DbMcusXml:78 - Set database path to: /opt/st/stm32cubeide_1.19.0/plugins/com.st.stm32cube.common.mx_6.15.0.202507011659//db//mcu/
2025-09-18 10:21:58,961 [INFO] ApiDb:274 - Set plugin database path to: /opt/st/stm32cubeide_1.19.0/plugins/com.st.stm32cube.common.mx_6.15.0.202507011659//db//plugins/boardmanager/
2025-09-18 10:21:58,961 [WARN] ApiDb:259 - Overriding images path with different value:  => /opt/st/stm32cubeide_1.19.0/plugins/com.st.stm32cube.common.mx_6.15.0.202507011659//db//plugins/mcufinder/images/
2025-09-18 10:21:58,966 [INFO] ApiDb:250 - Set database path to: /home/matijak/.stmcufinder/plugins/mcufinder//mcu/
2025-09-18 10:21:58,967 [INFO] DbMcusAds:125 - Set database path to: /home/matijak/.stmcufinder/plugins/mcufinder//mcu/
2025-09-18 10:21:58,968 [INFO] CrossReferenceDbSqlite:203 - Set database path to: /home/matijak/.stmcufinder/plugins/mcufinder//mcu/cs/
2025-09-18 10:21:59,069 [INFO] RulesReader:64 - Compatibility file has been processed (317 Rules)
2025-09-18 10:21:59,127 [INFO] DbMcusXml:78 - Set database path to: /opt/st/stm32cubeide_1.19.0/plugins/com.st.stm32cube.common.mx_6.15.0.202507011659//db//mcu/
2025-09-18 10:21:59,128 [INFO] ApiDb:274 - Set plugin database path to: /opt/st/stm32cubeide_1.19.0/plugins/com.st.stm32cube.common.mx_6.15.0.202507011659//db//plugins/boardmanager/
2025-09-18 10:21:59,128 [INFO] ApiDb:261 - Set plugin images path to: /opt/st/stm32cubeide_1.19.0/plugins/com.st.stm32cube.common.mx_6.15.0.202507011659//db//plugins/mcufinder/images/
2025-09-18 10:21:59,128 [WARN] DbFile:41 - Overriding database path with different value: /home/matijak/.stmcufinder/plugins/mcufinder/ => /home/matijak/.stmcufinder/plugins/mcufinder
2025-09-18 10:21:59,128 [INFO] ApiDb:250 - Set database path to: /home/matijak/.stmcufinder/plugins/mcufinder//mcu/
2025-09-18 10:21:59,128 [WARN] DbFile:41 - Overriding database path with different value: /home/matijak/.stmcufinder/plugins/mcufinder/ => /home/matijak/.stmcufinder/plugins/mcufinder
2025-09-18 10:21:59,128 [INFO] DbMcusAds:125 - Set database path to: /home/matijak/.stmcufinder/plugins/mcufinder//mcu/
2025-09-18 10:21:59,128 [WARN] DbFile:41 - Overriding database path with different value: /home/matijak/.stmcufinder/plugins/mcufinder/ => /home/matijak/.stmcufinder/plugins/mcufinder
2025-09-18 10:21:59,128 [WARN] DbFile:41 - Overriding database path with different value: /home/matijak/.stmcufinder/plugins/mcufinder/ => /home/matijak/.stmcufinder/plugins/mcufinder
2025-09-18 10:21:59,129 [INFO] CrossReferenceDbSqlite:203 - Set database path to: /home/matijak/.stmcufinder/plugins/mcufinder//mcu/cs/
2025-09-18 10:21:59,195 [INFO] MainPanel:274 - HeapMemory: 268435456
2025-09-18 10:21:59,325 [INFO] DbMcusXml:78 - Set database path to: /opt/st/stm32cubeide_1.19.0/plugins/com.st.stm32cube.common.mx_6.15.0.202507011659//db//mcu/
2025-09-18 10:21:59,325 [INFO] ApiDb:274 - Set plugin database path to: /opt/st/stm32cubeide_1.19.0/plugins/com.st.stm32cube.common.mx_6.15.0.202507011659//db//plugins/boardmanager/
2025-09-18 10:21:59,325 [INFO] ApiDb:261 - Set plugin images path to: /opt/st/stm32cubeide_1.19.0/plugins/com.st.stm32cube.common.mx_6.15.0.202507011659//db//plugins/mcufinder/images/
2025-09-18 10:21:59,325 [WARN] DbFile:41 - Overriding database path with different value: /home/matijak/.stmcufinder/plugins/mcufinder/ => /home/matijak/.stmcufinder/plugins/mcufinder
2025-09-18 10:21:59,325 [INFO] ApiDb:250 - Set database path to: /home/matijak/.stmcufinder/plugins/mcufinder//mcu/
2025-09-18 10:21:59,325 [WARN] DbFile:41 - Overriding database path with different value: /home/matijak/.stmcufinder/plugins/mcufinder/ => /home/matijak/.stmcufinder/plugins/mcufinder
2025-09-18 10:21:59,325 [INFO] DbMcusAds:125 - Set database path to: /home/matijak/.stmcufinder/plugins/mcufinder//mcu/
2025-09-18 10:21:59,326 [WARN] DbFile:41 - Overriding database path with different value: /home/matijak/.stmcufinder/plugins/mcufinder/ => /home/matijak/.stmcufinder/plugins/mcufinder
2025-09-18 10:21:59,326 [WARN] DbFile:41 - Overriding database path with different value: /home/matijak/.stmcufinder/plugins/mcufinder/ => /home/matijak/.stmcufinder/plugins/mcufinder
2025-09-18 10:21:59,326 [INFO] CrossReferenceDbSqlite:203 - Set database path to: /home/matijak/.stmcufinder/plugins/mcufinder//mcu/cs/
2025-09-18 10:21:59,339 [INFO] ApplicationProperties:184 - Using Application install path: /opt/st/stm32cubeide_1.19.0/plugins/com.st.stm32cube.common.mx_6.15.0.202507011659
2025-09-18 10:21:59,341 [INFO] PluginManage:196 - Search for loadable plugins [exclusion list=, ]
2025-09-18 10:21:59,342 [INFO] PluginManage:310 - Check plugin analytics
2025-09-18 10:21:59,515 [INFO] AnalyticsPlugin:253 - Accepted Software Licenses: 
2025-09-18 10:21:59,515 [INFO] AnalyticsPlugin:255 - Accepted CMSIS Pack Licenses: 
2025-09-18 10:21:59,515 [INFO] AnalyticsPlugin:257 - Accepted Firmware Licenses: FW.L4.1.18.0,FW.G4.1.6.0
2025-09-18 10:21:59,517 [INFO] PluginManage:359 - Loaded plugin analytics (category:tool,tabindex:-1)
2025-09-18 10:21:59,517 [INFO] PluginManage:310 - Check plugin cadmodel
2025-09-18 10:21:59,519 [ERROR] ConfigurationRetriever:142 - IOException on connection: sw-center.st.com
2025-09-18 10:21:59,519 [ERROR] ConfigurationRetriever:142 - IOException on connection: sw-center.st.com
2025-09-18 10:21:59,520 [ERROR] ConfigurationRetriever:142 - IOException on connection: sw-center.st.com
2025-09-18 10:21:59,522 [INFO] CADModel:105 - Init CAD model plugin
2025-09-18 10:21:59,522 [INFO] PluginManage:359 - Loaded plugin cadmodel (category:power,tabindex:5)
2025-09-18 10:21:59,523 [INFO] PluginManage:310 - Check plugin clock
2025-09-18 10:21:59,530 [INFO] PluginManage:359 - Loaded plugin clock (category:base,tabindex:2)
2025-09-18 10:21:59,530 [INFO] PluginManage:310 - Check plugin ddr
2025-09-18 10:21:59,533 [INFO] PluginManage:359 - Loaded plugin ddr (category:tool,tabindex:6)
2025-09-18 10:21:59,533 [INFO] PluginManage:310 - Check plugin filemanager
2025-09-18 10:21:59,626 [INFO] PluginManage:359 - Loaded plugin filemanager (category:base,tabindex:10)
2025-09-18 10:21:59,626 [INFO] PluginManage:310 - Check plugin ipmanager
2025-09-18 10:21:59,630 [INFO] PluginManage:359 - Loaded plugin ipmanager (category:base,tabindex:5)
2025-09-18 10:21:59,630 [INFO] PluginManage:310 - Check plugin lpbam
2025-09-18 10:21:59,637 [INFO] PluginManage:359 - Loaded plugin lpbam (category:base,tabindex:0)
2025-09-18 10:21:59,637 [INFO] PluginManage:310 - Check plugin memorymap
2025-09-18 10:21:59,645 [INFO] PluginManage:359 - Loaded plugin memorymap (category:base,tabindex:4)
2025-09-18 10:21:59,645 [INFO] PluginManage:310 - Check plugin pinoutandconfiguration
2025-09-18 10:21:59,650 [INFO] PluginManage:359 - Loaded plugin pinoutandconfiguration (category:base,tabindex:1)
2025-09-18 10:21:59,650 [INFO] PluginManage:310 - Check plugin pinoutconfig
2025-09-18 10:21:59,707 [WARN] SupportedApi:132 - Cannot load RTOS API schema: s4s-elt-must-match.1: The content of 'definitions' must match (annotation?, (simpleType | complexType)?, (unique | key | keyref)*)). A problem was found starting at: attribute.
2025-09-18 10:21:59,816 [INFO] PluginManage:359 - Loaded plugin pinoutconfig (category:base,tabindex:0)
2025-09-18 10:21:59,816 [INFO] PluginManage:310 - Check plugin power
2025-09-18 10:21:59,824 [INFO] PluginManage:359 - Loaded plugin power (category:power,tabindex:4)
2025-09-18 10:21:59,824 [INFO] PluginManage:310 - Check plugin projectmanager
2025-09-18 10:21:59,836 [INFO] PluginManage:359 - Loaded plugin projectmanager (category:projectmanager,tabindex:4)
2025-09-18 10:21:59,837 [INFO] PluginManage:310 - Check plugin rif
2025-09-18 10:21:59,844 [INFO] PluginManage:359 - Loaded plugin rif (category:base,tabindex:3)
2025-09-18 10:21:59,845 [INFO] PluginManage:310 - Check plugin thirdparty
2025-09-18 10:21:59,938 [INFO] PluginManage:359 - Loaded plugin thirdparty (category:base,tabindex:-1)
2025-09-18 10:21:59,938 [WARN] IntegrityCheckThread:84 - waiting for thirdparty lock release [integrity check]
2025-09-18 10:21:59,938 [INFO] PluginManage:310 - Check plugin tools
2025-09-18 10:21:59,938 [INFO] IntegrityCheckThread:86 - entering critical section [integrity check]
2025-09-18 10:21:59,938 [INFO] ThirdPartyUpdaterWithRetryManager:70 - Updater plugin not ready yet. [1/15]
2025-09-18 10:21:59,940 [INFO] PluginManage:359 - Loaded plugin tools (category:base,tabindex:7)
2025-09-18 10:21:59,940 [INFO] PluginManage:310 - Check plugin tutovideos
2025-09-18 10:22:00,069 [INFO] PluginManage:359 - Loaded plugin tutovideos (category:base,tabindex:-1)
2025-09-18 10:22:00,069 [INFO] PluginManage:310 - Check plugin updater
2025-09-18 10:22:00,088 [INFO] PluginManage:359 - Loaded plugin updater (category:base,tabindex:12)
2025-09-18 10:22:00,089 [INFO] PluginManage:310 - Check plugin userauth
2025-09-18 10:22:00,092 [INFO] UserAuth:118 - Init User Auth plugin
2025-09-18 10:22:00,092 [INFO] PluginManage:359 - Loaded plugin userauth (category:base,tabindex:14)
2025-09-18 10:22:00,093 [INFO] PluginManage:283 - PluginManage : Loaded plugins [18]
2025-09-18 10:22:00,210 [INFO] PinOutPanel:1589 - setPackage(No Configuration,No Configuration)
2025-09-18 10:22:00,262 [INFO] CADModel:165 - CPN selected for project level
2025-09-18 10:22:00,262 [INFO] CADModel:114 - Register for checkConnection events
2025-09-18 10:22:00,278 [INFO] IPUIPlugin:80 - create IPUIPlugin
2025-09-18 10:22:00,278 [INFO] PluginManager:220 - loadIPPluginJar : add adc
2025-09-18 10:22:00,281 [INFO] IPUIPlugin:80 - create IPUIPlugin
2025-09-18 10:22:00,281 [INFO] PluginManager:220 - loadIPPluginJar : add aes
2025-09-18 10:22:00,283 [INFO] IPUIPlugin:80 - create IPUIPlugin
2025-09-18 10:22:00,283 [INFO] PluginManager:220 - loadIPPluginJar : add can
2025-09-18 10:22:00,284 [INFO] IPUIPlugin:80 - create IPUIPlugin
2025-09-18 10:22:00,284 [INFO] PluginManager:220 - loadIPPluginJar : add comp
2025-09-18 10:22:00,286 [INFO] IPUIPlugin:80 - create IPUIPlugin
2025-09-18 10:22:00,286 [INFO] PluginManager:220 - loadIPPluginJar : add cryp
2025-09-18 10:22:00,289 [INFO] IPUIPlugin:80 - create IPUIPlugin
2025-09-18 10:22:00,289 [INFO] PluginManager:220 - loadIPPluginJar : add ddr_ctrl_phy
2025-09-18 10:22:00,291 [INFO] IPUIPlugin:80 - create IPUIPlugin
2025-09-18 10:22:00,291 [INFO] PluginManager:220 - loadIPPluginJar : add dfsdm
2025-09-18 10:22:00,296 [INFO] IPUIPlugin:80 - create IPUIPlugin
2025-09-18 10:22:00,296 [INFO] PluginManager:220 - loadIPPluginJar : add dma
2025-09-18 10:22:00,298 [INFO] IPUIPlugin:80 - create IPUIPlugin
2025-09-18 10:22:00,298 [INFO] PluginManager:220 - loadIPPluginJar : add dma3
2025-09-18 10:22:00,300 [INFO] IPUIPlugin:80 - create IPUIPlugin
2025-09-18 10:22:00,300 [INFO] PluginManager:220 - loadIPPluginJar : add extmemmanager
2025-09-18 10:22:00,300 [INFO] IPUIPlugin:80 - create IPUIPlugin
2025-09-18 10:22:00,301 [INFO] PluginManager:220 - loadIPPluginJar : add fatfs
2025-09-18 10:22:00,303 [INFO] IPUIPlugin:80 - create IPUIPlugin
2025-09-18 10:22:00,304 [INFO] PluginManager:220 - loadIPPluginJar : add fmc
2025-09-18 10:22:00,309 [INFO] IPUIPlugin:80 - create IPUIPlugin
2025-09-18 10:22:00,309 [INFO] PluginManager:220 - loadIPPluginJar : add freertos
2025-09-18 10:22:00,310 [INFO] IPUIPlugin:80 - create IPUIPlugin
2025-09-18 10:22:00,310 [INFO] PluginManager:220 - loadIPPluginJar : add genericplugin
2025-09-18 10:22:00,312 [INFO] IPUIPlugin:80 - create IPUIPlugin
2025-09-18 10:22:00,312 [INFO] PluginManager:220 - loadIPPluginJar : add gfxmmu
2025-09-18 10:22:00,316 [INFO] IPUIPlugin:80 - create IPUIPlugin
2025-09-18 10:22:00,316 [INFO] PluginManager:220 - loadIPPluginJar : add gic
2025-09-18 10:22:00,319 [INFO] IPUIPlugin:80 - create IPUIPlugin
2025-09-18 10:22:00,320 [INFO] PluginManager:220 - loadIPPluginJar : add gpio
2025-09-18 10:22:00,322 [INFO] IPUIPlugin:80 - create IPUIPlugin
2025-09-18 10:22:00,322 [INFO] PluginManager:220 - loadIPPluginJar : add gtzc
2025-09-18 10:22:00,324 [INFO] IPUIPlugin:80 - create IPUIPlugin
2025-09-18 10:22:00,324 [INFO] PluginManager:220 - loadIPPluginJar : add hash
2025-09-18 10:22:00,325 [INFO] IPUIPlugin:80 - create IPUIPlugin
2025-09-18 10:22:00,325 [INFO] PluginManager:220 - loadIPPluginJar : add i2c
2025-09-18 10:22:00,327 [INFO] IPUIPlugin:80 - create IPUIPlugin
2025-09-18 10:22:00,327 [INFO] PluginManager:220 - loadIPPluginJar : add i2s
2025-09-18 10:22:00,328 [INFO] IPUIPlugin:80 - create IPUIPlugin
2025-09-18 10:22:00,328 [INFO] PluginManager:220 - loadIPPluginJar : add i3c
2025-09-18 10:22:00,331 [INFO] IPUIPlugin:80 - create IPUIPlugin
2025-09-18 10:22:00,331 [INFO] PluginManager:220 - loadIPPluginJar : add ipddr
2025-09-18 10:22:00,337 [INFO] IPUIPlugin:80 - create IPUIPlugin
2025-09-18 10:22:00,337 [INFO] PluginManager:220 - loadIPPluginJar : add linkedlist
2025-09-18 10:22:00,339 [INFO] IPUIPlugin:80 - create IPUIPlugin
2025-09-18 10:22:00,339 [INFO] PluginManager:220 - loadIPPluginJar : add lorawan
2025-09-18 10:22:00,340 [INFO] IPUIPlugin:80 - create IPUIPlugin
2025-09-18 10:22:00,340 [INFO] PluginManager:220 - loadIPPluginJar : add ltdc
2025-09-18 10:22:00,345 [INFO] IPUIPlugin:80 - create IPUIPlugin
2025-09-18 10:22:00,345 [INFO] PluginManager:220 - loadIPPluginJar : add mdma
2025-09-18 10:22:00,348 [INFO] IPUIPlugin:80 - create IPUIPlugin
2025-09-18 10:22:00,348 [INFO] PluginManager:220 - loadIPPluginJar : add nvic
2025-09-18 10:22:00,350 [INFO] IPUIPlugin:80 - create IPUIPlugin
2025-09-18 10:22:00,351 [INFO] PluginManager:220 - loadIPPluginJar : add opamp
2025-09-18 10:22:00,352 [INFO] IPUIPlugin:80 - create IPUIPlugin
2025-09-18 10:22:00,352 [INFO] PluginManager:220 - loadIPPluginJar : add openamp
2025-09-18 10:22:00,354 [INFO] IPUIPlugin:80 - create IPUIPlugin
2025-09-18 10:22:00,354 [INFO] PluginManager:220 - loadIPPluginJar : add pdm2pcm
2025-09-18 10:22:00,361 [INFO] IPUIPlugin:80 - create IPUIPlugin
2025-09-18 10:22:00,363 [INFO] PluginManager:220 - loadIPPluginJar : add plateformsettings
2025-09-18 10:22:00,364 [INFO] IPUIPlugin:80 - create IPUIPlugin
2025-09-18 10:22:00,364 [INFO] PluginManager:220 - loadIPPluginJar : add quadspi
2025-09-18 10:22:00,365 [INFO] IPUIPlugin:80 - create IPUIPlugin
2025-09-18 10:22:00,366 [INFO] PluginManager:220 - loadIPPluginJar : add radio
2025-09-18 10:22:00,369 [INFO] IPUIPlugin:80 - create IPUIPlugin
2025-09-18 10:22:00,369 [INFO] PluginManager:220 - loadIPPluginJar : add resmgrutility
2025-09-18 10:22:00,371 [INFO] IPUIPlugin:80 - create IPUIPlugin
2025-09-18 10:22:00,371 [INFO] PluginManager:220 - loadIPPluginJar : add sai
2025-09-18 10:22:00,373 [INFO] IPUIPlugin:80 - create IPUIPlugin
2025-09-18 10:22:00,373 [INFO] PluginManager:220 - loadIPPluginJar : add spi
2025-09-18 10:22:00,377 [INFO] IPUIPlugin:80 - create IPUIPlugin
2025-09-18 10:22:00,377 [INFO] PluginManager:220 - loadIPPluginJar : add stm32_wpan
2025-09-18 10:22:00,379 [INFO] IPUIPlugin:80 - create IPUIPlugin
2025-09-18 10:22:00,379 [INFO] PluginManager:220 - loadIPPluginJar : add tim
2025-09-18 10:22:00,381 [INFO] IPUIPlugin:80 - create IPUIPlugin
2025-09-18 10:22:00,381 [INFO] PluginManager:220 - loadIPPluginJar : add touchsensing
2025-09-18 10:22:00,382 [INFO] IPUIPlugin:80 - create IPUIPlugin
2025-09-18 10:22:00,382 [INFO] PluginManager:220 - loadIPPluginJar : add tracer_emb
2025-09-18 10:22:00,384 [INFO] IPUIPlugin:80 - create IPUIPlugin
2025-09-18 10:22:00,384 [INFO] PluginManager:220 - loadIPPluginJar : add ts
2025-09-18 10:22:00,385 [INFO] IPUIPlugin:80 - create IPUIPlugin
2025-09-18 10:22:00,385 [INFO] PluginManager:220 - loadIPPluginJar : add tsc
2025-09-18 10:22:00,387 [INFO] IPUIPlugin:80 - create IPUIPlugin
2025-09-18 10:22:00,387 [INFO] PluginManager:220 - loadIPPluginJar : add ucpd
2025-09-18 10:22:00,388 [INFO] IPUIPlugin:80 - create IPUIPlugin
2025-09-18 10:22:00,388 [INFO] PluginManager:220 - loadIPPluginJar : add usart
2025-09-18 10:22:00,390 [INFO] IPUIPlugin:80 - create IPUIPlugin
2025-09-18 10:22:00,390 [INFO] PluginManager:220 - loadIPPluginJar : add usbx
2025-09-18 10:22:00,481 [FATAL] Updater:351 - Updater called before beeing initialized
2025-09-18 10:22:00,500 [INFO] RulesReader:64 - Compatibility file has been processed (317 Rules)
2025-09-18 10:22:00,507 [INFO] RulesReader:64 - Compatibility file has been processed (317 Rules)
2025-09-18 10:22:00,513 [INFO] CADModel:165 - CPN selected for project level
2025-09-18 10:22:00,514 [INFO] CADModel:114 - Register for checkConnection events
2025-09-18 10:22:00,514 [FATAL] Updater:351 - Updater called before beeing initialized
2025-09-18 10:22:00,514 [ERROR] CADModel:125 - Updater not yet initialized, retry later 
2025-09-18 10:22:00,596 [FATAL] Updater:351 - Updater called before beeing initialized
2025-09-18 10:22:00,598 [INFO] CADModel:165 - CPN selected for project level
2025-09-18 10:22:00,598 [INFO] CADModel:114 - Register for checkConnection events
2025-09-18 10:22:00,598 [FATAL] Updater:351 - Updater called before beeing initialized
2025-09-18 10:22:00,598 [ERROR] CADModel:125 - Updater not yet initialized, retry later 
2025-09-18 10:22:00,600 [FATAL] Updater:351 - Updater called before beeing initialized
2025-09-18 10:22:00,660 [FATAL] Updater:351 - Updater called before beeing initialized
2025-09-18 10:22:00,664 [INFO] DbMcusAds:53 - JSON generation date=Tue Jul 08 10:14:23 CEST 2025 (1751962463582)
2025-09-18 10:22:00,664 [FATAL] Updater:351 - Updater called before beeing initialized
2025-09-18 10:22:00,690 [WARN] DetailPanel:346 - Failed to get advertising image, set to default
2025-09-18 10:22:00,736 [FATAL] Updater:351 - Updater called before beeing initialized
2025-09-18 10:22:00,738 [FATAL] Updater:351 - Updater called before beeing initialized
2025-09-18 10:22:00,738 [FATAL] Updater:351 - Updater called before beeing initialized
2025-09-18 10:22:00,738 [WARN] DetailPanel:346 - Failed to get advertising image, set to default
2025-09-18 10:22:00,738 [FATAL] Updater:351 - Updater called before beeing initialized
2025-09-18 10:22:00,760 [ERROR] Updater:1198 - MainUpdater not yet initialized. External WinMGr cannot be set.
2025-09-18 10:22:00,762 [INFO] Updater:1134 - Updater Version found : 6.15.0
2025-09-18 10:22:00,774 [INFO] ApplicationProperties:184 - Using Application install path: /opt/st/stm32cubeide_1.19.0/plugins/com.st.stm32cube.common.mx_6.15.0.202507011659
2025-09-18 10:22:00,782 [ERROR] LogOutputStream:75 - [STDERR_REDIRECT] Sep 18, 2025 10:22:00 AM java.util.prefs.FileSystemPreferences$2 run
2025-09-18 10:22:00,783 [ERROR] LogOutputStream:75 - [STDERR_REDIRECT] WARNING: Could not create system preferences directory. System preferences are unusable.
2025-09-18 10:22:00,783 [ERROR] LogOutputStream:75 - [STDERR_REDIRECT] 
2025-09-18 10:22:00,944 [INFO] MainUpdater:2872 - connection check result : 22
2025-09-18 10:22:00,945 [INFO] MainUpdater:289 - Updater Check For Update Now.
2025-09-18 10:22:00,945 [INFO] MicroXplorer:498 - Change Database Version : DB.6.0.150
2025-09-18 10:22:00,949 [INFO] McuFinderGlobals:63 - Set McuFinder mode to 2 (CubeIDE integrated)
2025-09-18 10:22:00,949 [INFO] UserAuth:487 - Internet connection configuration mode: 2
2025-09-18 10:22:00,955 [INFO] UserAuth:487 - Internet connection configuration mode: 2
2025-09-18 10:22:01,122 [INFO] CheckServerUpdateThread:120 - End of CheckServer Thread
2025-09-18 10:22:03,065 [WARN] PackLoader:240 - Cannot read IP mode file for STMicroelectronics.FP-SNS-MOTENVWB1.1.4.0
2025-09-18 10:22:03,070 [WARN] PackLoader:240 - Cannot read IP mode file for STMicroelectronics.FP-ATR-ASTRA1.2.0.2
2025-09-18 10:22:03,074 [WARN] PackLoader:240 - Cannot read IP mode file for STMicroelectronics.X-CUBE-SMBUS.2.1.0
2025-09-18 10:22:03,077 [WARN] PackLoader:240 - Cannot read IP mode file for STMicroelectronics.X-CUBE-ST60.1.0.0
2025-09-18 10:22:03,101 [WARN] PackLoader:240 - Cannot read IP mode file for STMicroelectronics.X-CUBE-AZRTOS-F7.1.1.0
2025-09-18 10:22:03,113 [WARN] PackLoader:240 - Cannot read IP mode file for WES.I-CUBE-Cesium.1.4.0
2025-09-18 10:22:03,133 [WARN] PackLoader:240 - Cannot read IP mode file for Infineon.AIROC-Wi-Fi-Bluetooth-STM32.1.7.1
2025-09-18 10:22:03,157 [WARN] PackLoader:240 - Cannot read IP mode file for STMicroelectronics.X-CUBE-AZRTOS-H7.3.4.0
2025-09-18 10:22:03,167 [WARN] PackLoader:240 - Cannot read IP mode file for STMicroelectronics.X-CUBE-DISPLAY.3.0.0
2025-09-18 10:22:03,190 [WARN] PackLoader:240 - Cannot read IP mode file for STMicroelectronics.X-CUBE-NFC10.1.0.0
2025-09-18 10:22:03,198 [WARN] PackLoader:240 - Cannot read IP mode file for emotas.I-CUBE-CANOPEN.1.3.0
2025-09-18 10:22:03,206 [WARN] PackLoader:240 - Cannot read IP mode file for STMicroelectronics.FP-SNS-STBOX1.2.1.0
2025-09-18 10:22:03,213 [WARN] PackLoader:240 - Cannot read IP mode file for STMicroelectronics.FP-SNS-SMARTAG2.1.2.0
2025-09-18 10:22:03,218 [WARN] PackLoader:240 - Cannot read IP mode file for STMicroelectronics.FP-SNS-FLIGHT1.5.1.0
2025-09-18 10:22:03,246 [INFO] LogOutputStream:77 - [STDOUT_REDIRECT] 1 : Invalid condition id : UX_CORESTACK_Condition cause : null
2025-09-18 10:22:03,247 [INFO] LogOutputStream:77 - [STDOUT_REDIRECT] 1 : Invalid condition id : UX_CORESTACK_Condition cause : null
2025-09-18 10:22:03,247 [INFO] LogOutputStream:77 - [STDOUT_REDIRECT] 1 : Invalid condition id : UX_CORESTACK_Condition cause : null
2025-09-18 10:22:03,248 [INFO] LogOutputStream:77 - [STDOUT_REDIRECT] 1 : Invalid condition id : UX_CORESTACK_Condition cause : null
2025-09-18 10:22:03,248 [INFO] LogOutputStream:77 - [STDOUT_REDIRECT] 1 : Invalid condition id : UX_CORESTACK_Condition cause : null
2025-09-18 10:22:03,252 [WARN] PackLoader:240 - Cannot read IP mode file for STMicroelectronics.X-CUBE-AZRTOS-WL.2.0.0
2025-09-18 10:22:03,258 [WARN] PackLoader:240 - Cannot read IP mode file for STMicroelectronics.FP-SNS-MOTENV1.5.0.0
2025-09-18 10:22:03,265 [WARN] PackLoader:240 - Cannot read IP mode file for STMicroelectronics.X-CUBE-BLE2.3.3.0
2025-09-18 10:22:03,271 [WARN] PackLoader:240 - Cannot read IP mode file for STMicroelectronics.X-CUBE-NFC9.1.0.0
2025-09-18 10:22:03,277 [WARN] PackLoader:240 - Cannot read IP mode file for wolfSSL.I-CUBE-wolfSSL.5.8.2
2025-09-18 10:22:03,281 [WARN] PackLoader:240 - Cannot read IP mode file for STMicroelectronics.X-CUBE-BLE1.7.1.0
2025-09-18 10:22:03,283 [WARN] PackLoader:240 - Cannot read IP mode file for wolfSSL.I-CUBE-wolfMQTT.1.19.2
2025-09-18 10:22:03,287 [WARN] PackLoader:240 - Cannot read IP mode file for STMicroelectronics.X-CUBE-EEPRMA1.5.2.0
2025-09-18 10:22:03,299 [WARN] PackLoader:240 - Cannot read IP mode file for STMicroelectronics.X-CUBE-AZRTOS-G0.1.1.0
2025-09-18 10:22:03,305 [WARN] PackLoader:240 - Cannot read IP mode file for STMicroelectronics.X-CUBE-SAFEA1.1.2.2
2025-09-18 10:22:03,309 [WARN] PackLoader:240 - Cannot read IP mode file for STMicroelectronics.X-CUBE-NFC4.3.0.0
2025-09-18 10:22:03,316 [WARN] PackLoader:240 - Cannot read IP mode file for EmbeddedOffice.I-CUBE-FS-RTOS.1.0.1
2025-09-18 10:22:03,321 [WARN] PackLoader:240 - Cannot read IP mode file for STMicroelectronics.X-CUBE-WB05N.2.0.0
2025-09-18 10:22:03,326 [WARN] PackLoader:240 - Cannot read IP mode file for wolfSSL.I-CUBE-wolfTPM.3.8.0
2025-09-18 10:22:03,331 [WARN] PackLoader:240 - Cannot read IP mode file for STMicroelectronics.X-CUBE-TCPP.4.2.0
2025-09-18 10:22:03,337 [WARN] PackLoader:240 - Cannot read IP mode file for RealThread.X-CUBE-RT-Thread_Nano.4.1.1
2025-09-18 10:22:03,340 [WARN] PackLoader:240 - Cannot read IP mode file for STMicroelectronics.FP-ATR-SIGFOX1.3.2.0
2025-09-18 10:22:03,346 [WARN] PackLoader:240 - Cannot read IP mode file for ITTIA_DB.I-CUBE-ITTIADB.8.9.0
2025-09-18 10:22:03,352 [WARN] PackLoader:240 - Cannot read IP mode file for STMicroelectronics.X-CUBE-ST67W61.1.0.0
2025-09-18 10:22:03,356 [WARN] PackLoader:240 - Cannot read IP mode file for STMicroelectronics.X-CUBE-AI.10.2.0
2025-09-18 10:22:03,383 [WARN] PackLoader:240 - Cannot read IP mode file for SEGGER.I-CUBE-embOS.1.3.1
2025-09-18 10:22:03,422 [WARN] PackLoader:240 - Cannot read IP mode file for STMicroelectronics.X-CUBE-ALGOBUILD.1.4.0
2025-09-18 10:22:03,471 [WARN] PackLoader:240 - Cannot read IP mode file for STMicroelectronics.X-CUBE-MEMS1.11.3.0
2025-09-18 10:22:03,601 [WARN] PackLoader:240 - Cannot read IP mode file for STMicroelectronics.X-CUBE-PM33A1.1.0.0
2025-09-18 10:22:03,612 [WARN] PackLoader:240 - Cannot read IP mode file for STMicroelectronics.X-CUBE-AZRTOS-F4.1.1.0
2025-09-18 10:22:03,616 [WARN] PackLoader:240 - Cannot read IP mode file for Avnet-IotConnect.X-CUBE-IoTC-DA16k-PMOD.1.0.0
2025-09-18 10:22:03,619 [WARN] PackLoader:240 - Cannot read IP mode file for STMicroelectronics.X-CUBE-ISPU.2.1.0
2025-09-18 10:22:03,624 [WARN] PackLoader:240 - Cannot read IP mode file for STMicroelectronics.X-CUBE-NFC12.1.0.0
2025-09-18 10:22:03,636 [WARN] PackLoader:240 - Cannot read IP mode file for STMicroelectronics.X-CUBE-AZRTOS-L5.2.0.0
2025-09-18 10:22:03,642 [WARN] PackLoader:240 - Cannot read IP mode file for STMicroelectronics.X-CUBE-NFC6.3.1.0
2025-09-18 10:22:03,648 [WARN] PackLoader:240 - Cannot read IP mode file for STMicroelectronics.X-CUBE-FREERTOS.1.3.1
2025-09-18 10:22:03,651 [WARN] PackLoader:240 - Cannot read IP mode file for STMicroelectronics.FP-SNS-STAIOTCFT.1.0.0
2025-09-18 10:22:03,655 [WARN] PackLoader:240 - Cannot read IP mode file for STMicroelectronics.X-CUBE-DPower.1.3.0
2025-09-18 10:22:03,667 [WARN] ConditionMgr:438 - getConditionDescription Invalid condition id : LAN8742 Phy interface Condition cause : null
2025-09-18 10:22:03,667 [WARN] PackLoader:240 - Cannot read IP mode file for STMicroelectronics.X-CUBE-AZRTOS-L4.2.0.0
2025-09-18 10:22:03,668 [WARN] ConditionMgr:1044 - genDependencies : Invalid condition id : LAN8742 Phy interface Condition cause : null
2025-09-18 10:22:03,668 [WARN] ConditionMgr:1044 - genDependencies : Invalid condition id : LAN8742 Phy interface Condition cause : null
2025-09-18 10:22:03,669 [WARN] ConditionMgr:1044 - genDependencies : Invalid condition id : LAN8742 Phy interface Condition cause : null
2025-09-18 10:22:03,673 [WARN] PackLoader:240 - Cannot read IP mode file for STMicroelectronics.X-CUBE-SFXS2LP1.4.0.0
2025-09-18 10:22:03,681 [WARN] PackLoader:240 - Cannot read IP mode file for STMicroelectronics.X-CUBE-BLEMGR.4.1.0
2025-09-18 10:22:03,690 [WARN] ConditionMgr:438 - getConditionDescription Invalid condition id : UX DEVICE CLASS RTOS Condition cause : null
2025-09-18 10:22:03,691 [WARN] ConditionMgr:438 - getConditionDescription Invalid condition id : UX DEVICE CLASS RTOS Condition cause : null
2025-09-18 10:22:03,692 [WARN] PackLoader:240 - Cannot read IP mode file for STMicroelectronics.X-CUBE-AZRTOS-WB.2.0.0
2025-09-18 10:22:03,693 [WARN] ConditionMgr:1044 - genDependencies : Invalid condition id : UX DEVICE CLASS RTOS Condition cause : null
2025-09-18 10:22:03,693 [WARN] ConditionMgr:1044 - genDependencies : Invalid condition id : UX DEVICE CLASS RTOS Condition cause : null
2025-09-18 10:22:03,693 [WARN] ConditionMgr:1044 - genDependencies : Invalid condition id : UX DEVICE CLASS RTOS Condition cause : null
2025-09-18 10:22:03,693 [WARN] ConditionMgr:1044 - genDependencies : Invalid condition id : UX DEVICE CLASS RTOS Condition cause : null
2025-09-18 10:22:03,693 [WARN] ConditionMgr:1044 - genDependencies : Invalid condition id : UX DEVICE CLASS RTOS Condition cause : null
2025-09-18 10:22:03,697 [WARN] PackLoader:240 - Cannot read IP mode file for STMicroelectronics.X-CUBE-GNSS1.7.0.1
2025-09-18 10:22:03,701 [WARN] PackLoader:240 - Cannot read IP mode file for STMicroelectronics.X-CUBE-TOUCHGFX.4.25.0
2025-09-18 10:22:03,704 [WARN] ConditionMgr:438 - getConditionDescription Invalid condition id : Cortex-A Device cause : null
2025-09-18 10:22:03,716 [WARN] ConditionMgr:1044 - genDependencies : Invalid condition id : Cortex-A Device cause : null
2025-09-18 10:22:03,716 [WARN] ConditionMgr:1044 - genDependencies : Invalid condition id : Cortex-A Device cause : null
2025-09-18 10:22:03,716 [WARN] ConditionMgr:1044 - genDependencies : Invalid condition id : Cortex-A Device cause : null
2025-09-18 10:22:03,723 [WARN] PackLoader:240 - Cannot read IP mode file for STMicroelectronics.X-CUBE-SUBG2.5.0.0
2025-09-18 10:22:03,753 [WARN] PackLoader:240 - Cannot read IP mode file for STMicroelectronics.X-CUBE-AZRTOS-H7RS.1.1.0
2025-09-18 10:22:03,759 [WARN] PackLoader:240 - Cannot read IP mode file for Cesanta.I-CUBE-Mongoose.7.13.0
2025-09-18 10:22:03,773 [WARN] PackLoader:240 - Cannot read IP mode file for STMicroelectronics.X-CUBE-AZRTOS-G4.2.0.0
2025-09-18 10:22:03,778 [WARN] PackLoader:240 - Cannot read IP mode file for wolfSSL.I-CUBE-wolfSSH.1.4.20
2025-09-18 10:22:03,782 [WARN] PackLoader:240 - Cannot read IP mode file for STMicroelectronics.X-CUBE-NFC7.2.0.0
2025-09-18 10:22:03,806 [WARN] PackLoader:240 - Cannot read IP mode file for STMicroelectronics.X-CUBE-IPS.3.1.0
2025-09-18 10:22:03,819 [WARN] PackLoader:240 - Cannot read IP mode file for STMicroelectronics.X-CUBE-ALS.1.0.2
2025-09-18 10:22:03,827 [WARN] PackLoader:240 - Cannot read IP mode file for STMicroelectronics.X-CUBE-STSE01.1.0.0
2025-09-18 10:22:03,838 [WARN] PackLoader:240 - Cannot read IP mode file for STMicroelectronics.X-CUBE-TOF1.3.4.3
2025-09-18 10:22:03,850 [INFO] ThirdParty:978 - Integrity check success = true
2025-09-18 10:22:03,851 [INFO] IntegrityCheckThread:100 - exiting critical section [integrity check]
2025-09-18 10:22:03,851 [INFO] IntegrityCheckThread:103 - End integrity checks thread
2025-09-18 10:22:29,890 [ERROR] LogOutputStream:75 - [STDERR_REDIRECT] Sep 18, 2025 10:22:29 AM java.util.prefs.FileSystemPreferences checkLockFile0ErrorCode
2025-09-18 10:22:29,891 [ERROR] LogOutputStream:75 - [STDERR_REDIRECT] WARNING: Could not lock System prefs. Unix error code 2.
2025-09-18 10:22:29,891 [ERROR] LogOutputStream:75 - [STDERR_REDIRECT] 
2025-09-18 10:22:29,891 [ERROR] LogOutputStream:75 - [STDERR_REDIRECT] Sep 18, 2025 10:22:29 AM java.util.prefs.FileSystemPreferences syncWorld
2025-09-18 10:22:29,891 [ERROR] LogOutputStream:75 - [STDERR_REDIRECT] WARNING: Couldn't flush system prefs: java.util.prefs.BackingStoreException: Couldn't get file lock.
2025-09-18 10:22:29,891 [ERROR] LogOutputStream:75 - [STDERR_REDIRECT] 
2025-09-18 10:22:59,870 [ERROR] LogOutputStream:75 - [STDERR_REDIRECT] Sep 18, 2025 10:22:59 AM java.util.prefs.FileSystemPreferences checkLockFile0ErrorCode
2025-09-18 10:22:59,870 [ERROR] LogOutputStream:75 - [STDERR_REDIRECT] WARNING: Could not lock System prefs. Unix error code 2.
2025-09-18 10:22:59,870 [ERROR] LogOutputStream:75 - [STDERR_REDIRECT] 
2025-09-18 10:22:59,871 [ERROR] LogOutputStream:75 - [STDERR_REDIRECT] Sep 18, 2025 10:22:59 AM java.util.prefs.FileSystemPreferences syncWorld
2025-09-18 10:22:59,871 [ERROR] LogOutputStream:75 - [STDERR_REDIRECT] WARNING: Couldn't flush system prefs: java.util.prefs.BackingStoreException: Couldn't get file lock.
2025-09-18 10:22:59,871 [ERROR] LogOutputStream:75 - [STDERR_REDIRECT] 
2025-09-18 10:23:29,871 [ERROR] LogOutputStream:75 - [STDERR_REDIRECT] Sep 18, 2025 10:23:29 AM java.util.prefs.FileSystemPreferences checkLockFile0ErrorCode
2025-09-18 10:23:29,871 [ERROR] LogOutputStream:75 - [STDERR_REDIRECT] WARNING: Could not lock System prefs. Unix error code 2.
2025-09-18 10:23:29,871 [ERROR] LogOutputStream:75 - [STDERR_REDIRECT] 
2025-09-18 10:23:29,872 [ERROR] LogOutputStream:75 - [STDERR_REDIRECT] Sep 18, 2025 10:23:29 AM java.util.prefs.FileSystemPreferences syncWorld
2025-09-18 10:23:29,872 [ERROR] LogOutputStream:75 - [STDERR_REDIRECT] WARNING: Couldn't flush system prefs: java.util.prefs.BackingStoreException: Couldn't get file lock.
2025-09-18 10:23:29,872 [ERROR] LogOutputStream:75 - [STDERR_REDIRECT] 
2025-09-18 10:23:59,870 [ERROR] LogOutputStream:75 - [STDERR_REDIRECT] Sep 18, 2025 10:23:59 AM java.util.prefs.FileSystemPreferences checkLockFile0ErrorCode
2025-09-18 10:23:59,871 [ERROR] LogOutputStream:75 - [STDERR_REDIRECT] WARNING: Could not lock System prefs. Unix error code 2.
2025-09-18 10:23:59,871 [ERROR] LogOutputStream:75 - [STDERR_REDIRECT] 
2025-09-18 10:23:59,871 [ERROR] LogOutputStream:75 - [STDERR_REDIRECT] Sep 18, 2025 10:23:59 AM java.util.prefs.FileSystemPreferences syncWorld
2025-09-18 10:23:59,871 [ERROR] LogOutputStream:75 - [STDERR_REDIRECT] WARNING: Couldn't flush system prefs: java.util.prefs.BackingStoreException: Couldn't get file lock.
2025-09-18 10:23:59,872 [ERROR] LogOutputStream:75 - [STDERR_REDIRECT] 
2025-09-18 10:24:29,874 [ERROR] LogOutputStream:75 - [STDERR_REDIRECT] Sep 18, 2025 10:24:29 AM java.util.prefs.FileSystemPreferences checkLockFile0ErrorCode
2025-09-18 10:24:29,875 [ERROR] LogOutputStream:75 - [STDERR_REDIRECT] WARNING: Could not lock System prefs. Unix error code 2.
2025-09-18 10:24:29,875 [ERROR] LogOutputStream:75 - [STDERR_REDIRECT] 
2025-09-18 10:24:29,875 [ERROR] LogOutputStream:75 - [STDERR_REDIRECT] Sep 18, 2025 10:24:29 AM java.util.prefs.FileSystemPreferences syncWorld
2025-09-18 10:24:29,876 [ERROR] LogOutputStream:75 - [STDERR_REDIRECT] WARNING: Couldn't flush system prefs: java.util.prefs.BackingStoreException: Couldn't get file lock.
2025-09-18 10:24:29,876 [ERROR] LogOutputStream:75 - [STDERR_REDIRECT] 
2025-09-18 10:24:59,870 [ERROR] LogOutputStream:75 - [STDERR_REDIRECT] Sep 18, 2025 10:24:59 AM java.util.prefs.FileSystemPreferences checkLockFile0ErrorCode
2025-09-18 10:24:59,870 [ERROR] LogOutputStream:75 - [STDERR_REDIRECT] WARNING: Could not lock System prefs. Unix error code 2.
2025-09-18 10:24:59,871 [ERROR] LogOutputStream:75 - [STDERR_REDIRECT] 
2025-09-18 10:24:59,871 [ERROR] LogOutputStream:75 - [STDERR_REDIRECT] Sep 18, 2025 10:24:59 AM java.util.prefs.FileSystemPreferences syncWorld
2025-09-18 10:24:59,871 [ERROR] LogOutputStream:75 - [STDERR_REDIRECT] WARNING: Couldn't flush system prefs: java.util.prefs.BackingStoreException: Couldn't get file lock.
2025-09-18 10:24:59,871 [ERROR] LogOutputStream:75 - [STDERR_REDIRECT] 
2025-09-18 10:25:29,874 [ERROR] LogOutputStream:75 - [STDERR_REDIRECT] Sep 18, 2025 10:25:29 AM java.util.prefs.FileSystemPreferences checkLockFile0ErrorCode
2025-09-18 10:25:29,874 [ERROR] LogOutputStream:75 - [STDERR_REDIRECT] WARNING: Could not lock System prefs. Unix error code 2.
2025-09-18 10:25:29,874 [ERROR] LogOutputStream:75 - [STDERR_REDIRECT] 
2025-09-18 10:25:29,875 [ERROR] LogOutputStream:75 - [STDERR_REDIRECT] Sep 18, 2025 10:25:29 AM java.util.prefs.FileSystemPreferences syncWorld
2025-09-18 10:25:29,875 [ERROR] LogOutputStream:75 - [STDERR_REDIRECT] WARNING: Couldn't flush system prefs: java.util.prefs.BackingStoreException: Couldn't get file lock.
2025-09-18 10:25:29,875 [ERROR] LogOutputStream:75 - [STDERR_REDIRECT] 
2025-09-18 10:25:59,871 [ERROR] LogOutputStream:75 - [STDERR_REDIRECT] Sep 18, 2025 10:25:59 AM java.util.prefs.FileSystemPreferences checkLockFile0ErrorCode
2025-09-18 10:25:59,871 [ERROR] LogOutputStream:75 - [STDERR_REDIRECT] WARNING: Could not lock System prefs. Unix error code 2.
2025-09-18 10:25:59,871 [ERROR] LogOutputStream:75 - [STDERR_REDIRECT] 
2025-09-18 10:25:59,871 [ERROR] LogOutputStream:75 - [STDERR_REDIRECT] Sep 18, 2025 10:25:59 AM java.util.prefs.FileSystemPreferences syncWorld
2025-09-18 10:25:59,871 [ERROR] LogOutputStream:75 - [STDERR_REDIRECT] WARNING: Couldn't flush system prefs: java.util.prefs.BackingStoreException: Couldn't get file lock.
2025-09-18 10:25:59,871 [ERROR] LogOutputStream:75 - [STDERR_REDIRECT] 
2025-09-18 10:26:29,870 [ERROR] LogOutputStream:75 - [STDERR_REDIRECT] Sep 18, 2025 10:26:29 AM java.util.prefs.FileSystemPreferences checkLockFile0ErrorCode
2025-09-18 10:26:29,871 [ERROR] LogOutputStream:75 - [STDERR_REDIRECT] WARNING: Could not lock System prefs. Unix error code 2.
2025-09-18 10:26:29,871 [ERROR] LogOutputStream:75 - [STDERR_REDIRECT] 
2025-09-18 10:26:29,871 [ERROR] LogOutputStream:75 - [STDERR_REDIRECT] Sep 18, 2025 10:26:29 AM java.util.prefs.FileSystemPreferences syncWorld
2025-09-18 10:26:29,872 [ERROR] LogOutputStream:75 - [STDERR_REDIRECT] WARNING: Couldn't flush system prefs: java.util.prefs.BackingStoreException: Couldn't get file lock.
2025-09-18 10:26:29,872 [ERROR] LogOutputStream:75 - [STDERR_REDIRECT] 
2025-09-18 10:26:59,874 [ERROR] LogOutputStream:75 - [STDERR_REDIRECT] Sep 18, 2025 10:26:59 AM java.util.prefs.FileSystemPreferences checkLockFile0ErrorCode
2025-09-18 10:26:59,874 [ERROR] LogOutputStream:75 - [STDERR_REDIRECT] WARNING: Could not lock System prefs. Unix error code 2.
2025-09-18 10:26:59,874 [ERROR] LogOutputStream:75 - [STDERR_REDIRECT] 
2025-09-18 10:26:59,874 [ERROR] LogOutputStream:75 - [STDERR_REDIRECT] Sep 18, 2025 10:26:59 AM java.util.prefs.FileSystemPreferences syncWorld
2025-09-18 10:26:59,875 [ERROR] LogOutputStream:75 - [STDERR_REDIRECT] WARNING: Couldn't flush system prefs: java.util.prefs.BackingStoreException: Couldn't get file lock.
2025-09-18 10:26:59,875 [ERROR] LogOutputStream:75 - [STDERR_REDIRECT] 
2025-09-18 10:27:29,871 [ERROR] LogOutputStream:75 - [STDERR_REDIRECT] Sep 18, 2025 10:27:29 AM java.util.prefs.FileSystemPreferences checkLockFile0ErrorCode
2025-09-18 10:27:29,872 [ERROR] LogOutputStream:75 - [STDERR_REDIRECT] WARNING: Could not lock System prefs. Unix error code 2.
2025-09-18 10:27:29,872 [ERROR] LogOutputStream:75 - [STDERR_REDIRECT] 
2025-09-18 10:27:29,872 [ERROR] LogOutputStream:75 - [STDERR_REDIRECT] Sep 18, 2025 10:27:29 AM java.util.prefs.FileSystemPreferences syncWorld
2025-09-18 10:27:29,872 [ERROR] LogOutputStream:75 - [STDERR_REDIRECT] WARNING: Couldn't flush system prefs: java.util.prefs.BackingStoreException: Couldn't get file lock.
2025-09-18 10:27:29,873 [ERROR] LogOutputStream:75 - [STDERR_REDIRECT] 
2025-09-18 10:27:59,871 [ERROR] LogOutputStream:75 - [STDERR_REDIRECT] Sep 18, 2025 10:27:59 AM java.util.prefs.FileSystemPreferences checkLockFile0ErrorCode
2025-09-18 10:27:59,871 [ERROR] LogOutputStream:75 - [STDERR_REDIRECT] WARNING: Could not lock System prefs. Unix error code 2.
2025-09-18 10:27:59,872 [ERROR] LogOutputStream:75 - [STDERR_REDIRECT] 
2025-09-18 10:27:59,872 [ERROR] LogOutputStream:75 - [STDERR_REDIRECT] Sep 18, 2025 10:27:59 AM java.util.prefs.FileSystemPreferences syncWorld
2025-09-18 10:27:59,872 [ERROR] LogOutputStream:75 - [STDERR_REDIRECT] WARNING: Couldn't flush system prefs: java.util.prefs.BackingStoreException: Couldn't get file lock.
2025-09-18 10:27:59,872 [ERROR] LogOutputStream:75 - [STDERR_REDIRECT] 
2025-09-18 10:28:29,869 [ERROR] LogOutputStream:75 - [STDERR_REDIRECT] Sep 18, 2025 10:28:29 AM java.util.prefs.FileSystemPreferences checkLockFile0ErrorCode
2025-09-18 10:28:29,869 [ERROR] LogOutputStream:75 - [STDERR_REDIRECT] WARNING: Could not lock System prefs. Unix error code 2.
2025-09-18 10:28:29,869 [ERROR] LogOutputStream:75 - [STDERR_REDIRECT] 
2025-09-18 10:28:29,870 [ERROR] LogOutputStream:75 - [STDERR_REDIRECT] Sep 18, 2025 10:28:29 AM java.util.prefs.FileSystemPreferences syncWorld
2025-09-18 10:28:29,870 [ERROR] LogOutputStream:75 - [STDERR_REDIRECT] WARNING: Couldn't flush system prefs: java.util.prefs.BackingStoreException: Couldn't get file lock.
2025-09-18 10:28:29,870 [ERROR] LogOutputStream:75 - [STDERR_REDIRECT] 
2025-09-18 10:28:59,871 [ERROR] LogOutputStream:75 - [STDERR_REDIRECT] Sep 18, 2025 10:28:59 AM java.util.prefs.FileSystemPreferences checkLockFile0ErrorCode
2025-09-18 10:28:59,871 [ERROR] LogOutputStream:75 - [STDERR_REDIRECT] WARNING: Could not lock System prefs. Unix error code 2.
2025-09-18 10:28:59,871 [ERROR] LogOutputStream:75 - [STDERR_REDIRECT] 
2025-09-18 10:28:59,871 [ERROR] LogOutputStream:75 - [STDERR_REDIRECT] Sep 18, 2025 10:28:59 AM java.util.prefs.FileSystemPreferences syncWorld
2025-09-18 10:28:59,872 [ERROR] LogOutputStream:75 - [STDERR_REDIRECT] WARNING: Couldn't flush system prefs: java.util.prefs.BackingStoreException: Couldn't get file lock.
2025-09-18 10:28:59,872 [ERROR] LogOutputStream:75 - [STDERR_REDIRECT] 
2025-09-18 10:29:29,871 [ERROR] LogOutputStream:75 - [STDERR_REDIRECT] Sep 18, 2025 10:29:29 AM java.util.prefs.FileSystemPreferences checkLockFile0ErrorCode
2025-09-18 10:29:29,871 [ERROR] LogOutputStream:75 - [STDERR_REDIRECT] WARNING: Could not lock System prefs. Unix error code 2.
2025-09-18 10:29:29,871 [ERROR] LogOutputStream:75 - [STDERR_REDIRECT] 
2025-09-18 10:29:29,872 [ERROR] LogOutputStream:75 - [STDERR_REDIRECT] Sep 18, 2025 10:29:29 AM java.util.prefs.FileSystemPreferences syncWorld
2025-09-18 10:29:29,872 [ERROR] LogOutputStream:75 - [STDERR_REDIRECT] WARNING: Couldn't flush system prefs: java.util.prefs.BackingStoreException: Couldn't get file lock.
2025-09-18 10:29:29,872 [ERROR] LogOutputStream:75 - [STDERR_REDIRECT] 
2025-09-18 10:29:59,870 [ERROR] LogOutputStream:75 - [STDERR_REDIRECT] Sep 18, 2025 10:29:59 AM java.util.prefs.FileSystemPreferences checkLockFile0ErrorCode
2025-09-18 10:29:59,870 [ERROR] LogOutputStream:75 - [STDERR_REDIRECT] WARNING: Could not lock System prefs. Unix error code 2.
2025-09-18 10:29:59,870 [ERROR] LogOutputStream:75 - [STDERR_REDIRECT] 
2025-09-18 10:29:59,871 [ERROR] LogOutputStream:75 - [STDERR_REDIRECT] Sep 18, 2025 10:29:59 AM java.util.prefs.FileSystemPreferences syncWorld
2025-09-18 10:29:59,871 [ERROR] LogOutputStream:75 - [STDERR_REDIRECT] WARNING: Couldn't flush system prefs: java.util.prefs.BackingStoreException: Couldn't get file lock.
2025-09-18 10:29:59,871 [ERROR] LogOutputStream:75 - [STDERR_REDIRECT] 
2025-09-18 10:30:29,870 [ERROR] LogOutputStream:75 - [STDERR_REDIRECT] Sep 18, 2025 10:30:29 AM java.util.prefs.FileSystemPreferences checkLockFile0ErrorCode
2025-09-18 10:30:29,871 [ERROR] LogOutputStream:75 - [STDERR_REDIRECT] WARNING: Could not lock System prefs. Unix error code 2.
2025-09-18 10:30:29,871 [ERROR] LogOutputStream:75 - [STDERR_REDIRECT] 
2025-09-18 10:30:29,871 [ERROR] LogOutputStream:75 - [STDERR_REDIRECT] Sep 18, 2025 10:30:29 AM java.util.prefs.FileSystemPreferences syncWorld
2025-09-18 10:30:29,871 [ERROR] LogOutputStream:75 - [STDERR_REDIRECT] WARNING: Couldn't flush system prefs: java.util.prefs.BackingStoreException: Couldn't get file lock.
2025-09-18 10:30:29,871 [ERROR] LogOutputStream:75 - [STDERR_REDIRECT] 
2025-09-18 10:30:59,870 [ERROR] LogOutputStream:75 - [STDERR_REDIRECT] Sep 18, 2025 10:30:59 AM java.util.prefs.FileSystemPreferences checkLockFile0ErrorCode
2025-09-18 10:30:59,870 [ERROR] LogOutputStream:75 - [STDERR_REDIRECT] WARNING: Could not lock System prefs. Unix error code 2.
2025-09-18 10:30:59,870 [ERROR] LogOutputStream:75 - [STDERR_REDIRECT] 
2025-09-18 10:30:59,870 [ERROR] LogOutputStream:75 - [STDERR_REDIRECT] Sep 18, 2025 10:30:59 AM java.util.prefs.FileSystemPreferences syncWorld
2025-09-18 10:30:59,870 [ERROR] LogOutputStream:75 - [STDERR_REDIRECT] WARNING: Couldn't flush system prefs: java.util.prefs.BackingStoreException: Couldn't get file lock.
2025-09-18 10:30:59,871 [ERROR] LogOutputStream:75 - [STDERR_REDIRECT] 
2025-09-18 10:31:29,870 [ERROR] LogOutputStream:75 - [STDERR_REDIRECT] Sep 18, 2025 10:31:29 AM java.util.prefs.FileSystemPreferences checkLockFile0ErrorCode
2025-09-18 10:31:29,870 [ERROR] LogOutputStream:75 - [STDERR_REDIRECT] WARNING: Could not lock System prefs. Unix error code 2.
2025-09-18 10:31:29,870 [ERROR] LogOutputStream:75 - [STDERR_REDIRECT] 
2025-09-18 10:31:29,871 [ERROR] LogOutputStream:75 - [STDERR_REDIRECT] Sep 18, 2025 10:31:29 AM java.util.prefs.FileSystemPreferences syncWorld
2025-09-18 10:31:29,871 [ERROR] LogOutputStream:75 - [STDERR_REDIRECT] WARNING: Couldn't flush system prefs: java.util.prefs.BackingStoreException: Couldn't get file lock.
2025-09-18 10:31:29,871 [ERROR] LogOutputStream:75 - [STDERR_REDIRECT] 
2025-09-18 10:31:59,873 [ERROR] LogOutputStream:75 - [STDERR_REDIRECT] Sep 18, 2025 10:31:59 AM java.util.prefs.FileSystemPreferences checkLockFile0ErrorCode
2025-09-18 10:31:59,873 [ERROR] LogOutputStream:75 - [STDERR_REDIRECT] WARNING: Could not lock System prefs. Unix error code 2.
2025-09-18 10:31:59,873 [ERROR] LogOutputStream:75 - [STDERR_REDIRECT] 
2025-09-18 10:31:59,874 [ERROR] LogOutputStream:75 - [STDERR_REDIRECT] Sep 18, 2025 10:31:59 AM java.util.prefs.FileSystemPreferences syncWorld
2025-09-18 10:31:59,874 [ERROR] LogOutputStream:75 - [STDERR_REDIRECT] WARNING: Couldn't flush system prefs: java.util.prefs.BackingStoreException: Couldn't get file lock.
2025-09-18 10:31:59,874 [ERROR] LogOutputStream:75 - [STDERR_REDIRECT] 
2025-09-18 10:32:29,870 [ERROR] LogOutputStream:75 - [STDERR_REDIRECT] Sep 18, 2025 10:32:29 AM java.util.prefs.FileSystemPreferences checkLockFile0ErrorCode
2025-09-18 10:32:29,871 [ERROR] LogOutputStream:75 - [STDERR_REDIRECT] WARNING: Could not lock System prefs. Unix error code 2.
2025-09-18 10:32:29,871 [ERROR] LogOutputStream:75 - [STDERR_REDIRECT] 
2025-09-18 10:32:29,871 [ERROR] LogOutputStream:75 - [STDERR_REDIRECT] Sep 18, 2025 10:32:29 AM java.util.prefs.FileSystemPreferences syncWorld
2025-09-18 10:32:29,871 [ERROR] LogOutputStream:75 - [STDERR_REDIRECT] WARNING: Couldn't flush system prefs: java.util.prefs.BackingStoreException: Couldn't get file lock.
2025-09-18 10:32:29,871 [ERROR] LogOutputStream:75 - [STDERR_REDIRECT] 
2025-09-18 10:32:59,870 [ERROR] LogOutputStream:75 - [STDERR_REDIRECT] Sep 18, 2025 10:32:59 AM java.util.prefs.FileSystemPreferences checkLockFile0ErrorCode
2025-09-18 10:32:59,871 [ERROR] LogOutputStream:75 - [STDERR_REDIRECT] WARNING: Could not lock System prefs. Unix error code 2.
2025-09-18 10:32:59,871 [ERROR] LogOutputStream:75 - [STDERR_REDIRECT] 
2025-09-18 10:32:59,871 [ERROR] LogOutputStream:75 - [STDERR_REDIRECT] Sep 18, 2025 10:32:59 AM java.util.prefs.FileSystemPreferences syncWorld
2025-09-18 10:32:59,871 [ERROR] LogOutputStream:75 - [STDERR_REDIRECT] WARNING: Couldn't flush system prefs: java.util.prefs.BackingStoreException: Couldn't get file lock.
2025-09-18 10:32:59,871 [ERROR] LogOutputStream:75 - [STDERR_REDIRECT] 
2025-09-18 10:33:29,870 [ERROR] LogOutputStream:75 - [STDERR_REDIRECT] Sep 18, 2025 10:33:29 AM java.util.prefs.FileSystemPreferences checkLockFile0ErrorCode
2025-09-18 10:33:29,871 [ERROR] LogOutputStream:75 - [STDERR_REDIRECT] WARNING: Could not lock System prefs. Unix error code 2.
2025-09-18 10:33:29,871 [ERROR] LogOutputStream:75 - [STDERR_REDIRECT] 
2025-09-18 10:33:29,871 [ERROR] LogOutputStream:75 - [STDERR_REDIRECT] Sep 18, 2025 10:33:29 AM java.util.prefs.FileSystemPreferences syncWorld
2025-09-18 10:33:29,871 [ERROR] LogOutputStream:75 - [STDERR_REDIRECT] WARNING: Couldn't flush system prefs: java.util.prefs.BackingStoreException: Couldn't get file lock.
2025-09-18 10:33:29,871 [ERROR] LogOutputStream:75 - [STDERR_REDIRECT] 
2025-09-18 10:33:59,874 [ERROR] LogOutputStream:75 - [STDERR_REDIRECT] Sep 18, 2025 10:33:59 AM java.util.prefs.FileSystemPreferences checkLockFile0ErrorCode
2025-09-18 10:33:59,875 [ERROR] LogOutputStream:75 - [STDERR_REDIRECT] WARNING: Could not lock System prefs. Unix error code 2.
2025-09-18 10:33:59,875 [ERROR] LogOutputStream:75 - [STDERR_REDIRECT] 
2025-09-18 10:33:59,875 [ERROR] LogOutputStream:75 - [STDERR_REDIRECT] Sep 18, 2025 10:33:59 AM java.util.prefs.FileSystemPreferences syncWorld
2025-09-18 10:33:59,875 [ERROR] LogOutputStream:75 - [STDERR_REDIRECT] WARNING: Couldn't flush system prefs: java.util.prefs.BackingStoreException: Couldn't get file lock.
2025-09-18 10:33:59,875 [ERROR] LogOutputStream:75 - [STDERR_REDIRECT] 
2025-09-18 10:34:29,871 [ERROR] LogOutputStream:75 - [STDERR_REDIRECT] Sep 18, 2025 10:34:29 AM java.util.prefs.FileSystemPreferences checkLockFile0ErrorCode
2025-09-18 10:34:29,871 [ERROR] LogOutputStream:75 - [STDERR_REDIRECT] WARNING: Could not lock System prefs. Unix error code 2.
2025-09-18 10:34:29,871 [ERROR] LogOutputStream:75 - [STDERR_REDIRECT] 
2025-09-18 10:34:29,872 [ERROR] LogOutputStream:75 - [STDERR_REDIRECT] Sep 18, 2025 10:34:29 AM java.util.prefs.FileSystemPreferences syncWorld
2025-09-18 10:34:29,872 [ERROR] LogOutputStream:75 - [STDERR_REDIRECT] WARNING: Couldn't flush system prefs: java.util.prefs.BackingStoreException: Couldn't get file lock.
2025-09-18 10:34:29,872 [ERROR] LogOutputStream:75 - [STDERR_REDIRECT] 
2025-09-18 10:34:59,871 [ERROR] LogOutputStream:75 - [STDERR_REDIRECT] Sep 18, 2025 10:34:59 AM java.util.prefs.FileSystemPreferences checkLockFile0ErrorCode
2025-09-18 10:34:59,871 [ERROR] LogOutputStream:75 - [STDERR_REDIRECT] WARNING: Could not lock System prefs. Unix error code 2.
2025-09-18 10:34:59,871 [ERROR] LogOutputStream:75 - [STDERR_REDIRECT] 
2025-09-18 10:34:59,872 [ERROR] LogOutputStream:75 - [STDERR_REDIRECT] Sep 18, 2025 10:34:59 AM java.util.prefs.FileSystemPreferences syncWorld
2025-09-18 10:34:59,872 [ERROR] LogOutputStream:75 - [STDERR_REDIRECT] WARNING: Couldn't flush system prefs: java.util.prefs.BackingStoreException: Couldn't get file lock.
2025-09-18 10:34:59,872 [ERROR] LogOutputStream:75 - [STDERR_REDIRECT] 
2025-09-18 10:35:29,873 [ERROR] LogOutputStream:75 - [STDERR_REDIRECT] Sep 18, 2025 10:35:29 AM java.util.prefs.FileSystemPreferences checkLockFile0ErrorCode
2025-09-18 10:35:29,874 [ERROR] LogOutputStream:75 - [STDERR_REDIRECT] WARNING: Could not lock System prefs. Unix error code 2.
2025-09-18 10:35:29,874 [ERROR] LogOutputStream:75 - [STDERR_REDIRECT] 
2025-09-18 10:35:29,874 [ERROR] LogOutputStream:75 - [STDERR_REDIRECT] Sep 18, 2025 10:35:29 AM java.util.prefs.FileSystemPreferences syncWorld
2025-09-18 10:35:29,874 [ERROR] LogOutputStream:75 - [STDERR_REDIRECT] WARNING: Couldn't flush system prefs: java.util.prefs.BackingStoreException: Couldn't get file lock.
2025-09-18 10:35:29,874 [ERROR] LogOutputStream:75 - [STDERR_REDIRECT] 
2025-09-18 10:35:59,871 [ERROR] LogOutputStream:75 - [STDERR_REDIRECT] Sep 18, 2025 10:35:59 AM java.util.prefs.FileSystemPreferences checkLockFile0ErrorCode
2025-09-18 10:35:59,871 [ERROR] LogOutputStream:75 - [STDERR_REDIRECT] WARNING: Could not lock System prefs. Unix error code 2.
2025-09-18 10:35:59,871 [ERROR] LogOutputStream:75 - [STDERR_REDIRECT] 
2025-09-18 10:35:59,871 [ERROR] LogOutputStream:75 - [STDERR_REDIRECT] Sep 18, 2025 10:35:59 AM java.util.prefs.FileSystemPreferences syncWorld
2025-09-18 10:35:59,872 [ERROR] LogOutputStream:75 - [STDERR_REDIRECT] WARNING: Couldn't flush system prefs: java.util.prefs.BackingStoreException: Couldn't get file lock.
2025-09-18 10:35:59,872 [ERROR] LogOutputStream:75 - [STDERR_REDIRECT] 
2025-09-18 10:36:29,871 [ERROR] LogOutputStream:75 - [STDERR_REDIRECT] Sep 18, 2025 10:36:29 AM java.util.prefs.FileSystemPreferences checkLockFile0ErrorCode
2025-09-18 10:36:29,872 [ERROR] LogOutputStream:75 - [STDERR_REDIRECT] WARNING: Could not lock System prefs. Unix error code 2.
2025-09-18 10:36:29,872 [ERROR] LogOutputStream:75 - [STDERR_REDIRECT] 
2025-09-18 10:36:29,872 [ERROR] LogOutputStream:75 - [STDERR_REDIRECT] Sep 18, 2025 10:36:29 AM java.util.prefs.FileSystemPreferences syncWorld
2025-09-18 10:36:29,872 [ERROR] LogOutputStream:75 - [STDERR_REDIRECT] WARNING: Couldn't flush system prefs: java.util.prefs.BackingStoreException: Couldn't get file lock.
2025-09-18 10:36:29,872 [ERROR] LogOutputStream:75 - [STDERR_REDIRECT] 
2025-09-18 10:36:59,872 [ERROR] LogOutputStream:75 - [STDERR_REDIRECT] Sep 18, 2025 10:36:59 AM java.util.prefs.FileSystemPreferences checkLockFile0ErrorCode
2025-09-18 10:36:59,872 [ERROR] LogOutputStream:75 - [STDERR_REDIRECT] WARNING: Could not lock System prefs. Unix error code 2.
2025-09-18 10:36:59,872 [ERROR] LogOutputStream:75 - [STDERR_REDIRECT] 
2025-09-18 10:36:59,872 [ERROR] LogOutputStream:75 - [STDERR_REDIRECT] Sep 18, 2025 10:36:59 AM java.util.prefs.FileSystemPreferences syncWorld
2025-09-18 10:36:59,872 [ERROR] LogOutputStream:75 - [STDERR_REDIRECT] WARNING: Couldn't flush system prefs: java.util.prefs.BackingStoreException: Couldn't get file lock.
2025-09-18 10:36:59,873 [ERROR] LogOutputStream:75 - [STDERR_REDIRECT] 
2025-09-18 10:37:29,870 [ERROR] LogOutputStream:75 - [STDERR_REDIRECT] Sep 18, 2025 10:37:29 AM java.util.prefs.FileSystemPreferences checkLockFile0ErrorCode
2025-09-18 10:37:29,871 [ERROR] LogOutputStream:75 - [STDERR_REDIRECT] WARNING: Could not lock System prefs. Unix error code 2.
2025-09-18 10:37:29,871 [ERROR] LogOutputStream:75 - [STDERR_REDIRECT] 
2025-09-18 10:37:29,871 [ERROR] LogOutputStream:75 - [STDERR_REDIRECT] Sep 18, 2025 10:37:29 AM java.util.prefs.FileSystemPreferences syncWorld
2025-09-18 10:37:29,871 [ERROR] LogOutputStream:75 - [STDERR_REDIRECT] WARNING: Couldn't flush system prefs: java.util.prefs.BackingStoreException: Couldn't get file lock.
2025-09-18 10:37:29,872 [ERROR] LogOutputStream:75 - [STDERR_REDIRECT] 
2025-09-18 10:37:59,874 [ERROR] LogOutputStream:75 - [STDERR_REDIRECT] Sep 18, 2025 10:37:59 AM java.util.prefs.FileSystemPreferences checkLockFile0ErrorCode
2025-09-18 10:37:59,874 [ERROR] LogOutputStream:75 - [STDERR_REDIRECT] WARNING: Could not lock System prefs. Unix error code 2.
2025-09-18 10:37:59,874 [ERROR] LogOutputStream:75 - [STDERR_REDIRECT] 
2025-09-18 10:37:59,874 [ERROR] LogOutputStream:75 - [STDERR_REDIRECT] Sep 18, 2025 10:37:59 AM java.util.prefs.FileSystemPreferences syncWorld
2025-09-18 10:37:59,874 [ERROR] LogOutputStream:75 - [STDERR_REDIRECT] WARNING: Couldn't flush system prefs: java.util.prefs.BackingStoreException: Couldn't get file lock.
2025-09-18 10:37:59,874 [ERROR] LogOutputStream:75 - [STDERR_REDIRECT] 
2025-09-18 10:38:29,872 [ERROR] LogOutputStream:75 - [STDERR_REDIRECT] Sep 18, 2025 10:38:29 AM java.util.prefs.FileSystemPreferences checkLockFile0ErrorCode
2025-09-18 10:38:29,872 [ERROR] LogOutputStream:75 - [STDERR_REDIRECT] WARNING: Could not lock System prefs. Unix error code 2.
2025-09-18 10:38:29,872 [ERROR] LogOutputStream:75 - [STDERR_REDIRECT] 
2025-09-18 10:38:29,872 [ERROR] LogOutputStream:75 - [STDERR_REDIRECT] Sep 18, 2025 10:38:29 AM java.util.prefs.FileSystemPreferences syncWorld
2025-09-18 10:38:29,873 [ERROR] LogOutputStream:75 - [STDERR_REDIRECT] WARNING: Couldn't flush system prefs: java.util.prefs.BackingStoreException: Couldn't get file lock.
2025-09-18 10:38:29,873 [ERROR] LogOutputStream:75 - [STDERR_REDIRECT] 
2025-09-18 10:38:59,871 [ERROR] LogOutputStream:75 - [STDERR_REDIRECT] Sep 18, 2025 10:38:59 AM java.util.prefs.FileSystemPreferences checkLockFile0ErrorCode
2025-09-18 10:38:59,871 [ERROR] LogOutputStream:75 - [STDERR_REDIRECT] WARNING: Could not lock System prefs. Unix error code 2.
2025-09-18 10:38:59,871 [ERROR] LogOutputStream:75 - [STDERR_REDIRECT] 
2025-09-18 10:38:59,871 [ERROR] LogOutputStream:75 - [STDERR_REDIRECT] Sep 18, 2025 10:38:59 AM java.util.prefs.FileSystemPreferences syncWorld
2025-09-18 10:38:59,872 [ERROR] LogOutputStream:75 - [STDERR_REDIRECT] WARNING: Couldn't flush system prefs: java.util.prefs.BackingStoreException: Couldn't get file lock.
2025-09-18 10:38:59,872 [ERROR] LogOutputStream:75 - [STDERR_REDIRECT] 
2025-09-18 10:39:29,871 [ERROR] LogOutputStream:75 - [STDERR_REDIRECT] Sep 18, 2025 10:39:29 AM java.util.prefs.FileSystemPreferences checkLockFile0ErrorCode
2025-09-18 10:39:29,871 [ERROR] LogOutputStream:75 - [STDERR_REDIRECT] WARNING: Could not lock System prefs. Unix error code 2.
2025-09-18 10:39:29,871 [ERROR] LogOutputStream:75 - [STDERR_REDIRECT] 
2025-09-18 10:39:29,871 [ERROR] LogOutputStream:75 - [STDERR_REDIRECT] Sep 18, 2025 10:39:29 AM java.util.prefs.FileSystemPreferences syncWorld
2025-09-18 10:39:29,872 [ERROR] LogOutputStream:75 - [STDERR_REDIRECT] WARNING: Couldn't flush system prefs: java.util.prefs.BackingStoreException: Couldn't get file lock.
2025-09-18 10:39:29,872 [ERROR] LogOutputStream:75 - [STDERR_REDIRECT] 
2025-09-18 10:39:59,871 [ERROR] LogOutputStream:75 - [STDERR_REDIRECT] Sep 18, 2025 10:39:59 AM java.util.prefs.FileSystemPreferences checkLockFile0ErrorCode
2025-09-18 10:39:59,871 [ERROR] LogOutputStream:75 - [STDERR_REDIRECT] WARNING: Could not lock System prefs. Unix error code 2.
2025-09-18 10:39:59,871 [ERROR] LogOutputStream:75 - [STDERR_REDIRECT] 
2025-09-18 10:39:59,871 [ERROR] LogOutputStream:75 - [STDERR_REDIRECT] Sep 18, 2025 10:39:59 AM java.util.prefs.FileSystemPreferences syncWorld
2025-09-18 10:39:59,871 [ERROR] LogOutputStream:75 - [STDERR_REDIRECT] WARNING: Couldn't flush system prefs: java.util.prefs.BackingStoreException: Couldn't get file lock.
2025-09-18 10:39:59,871 [ERROR] LogOutputStream:75 - [STDERR_REDIRECT] 
2025-09-18 10:40:29,874 [ERROR] LogOutputStream:75 - [STDERR_REDIRECT] Sep 18, 2025 10:40:29 AM java.util.prefs.FileSystemPreferences checkLockFile0ErrorCode
2025-09-18 10:40:29,874 [ERROR] LogOutputStream:75 - [STDERR_REDIRECT] WARNING: Could not lock System prefs. Unix error code 2.
2025-09-18 10:40:29,874 [ERROR] LogOutputStream:75 - [STDERR_REDIRECT] 
2025-09-18 10:40:29,875 [ERROR] LogOutputStream:75 - [STDERR_REDIRECT] Sep 18, 2025 10:40:29 AM java.util.prefs.FileSystemPreferences syncWorld
2025-09-18 10:40:29,875 [ERROR] LogOutputStream:75 - [STDERR_REDIRECT] WARNING: Couldn't flush system prefs: java.util.prefs.BackingStoreException: Couldn't get file lock.
2025-09-18 10:40:29,875 [ERROR] LogOutputStream:75 - [STDERR_REDIRECT] 
2025-09-18 10:40:59,872 [ERROR] LogOutputStream:75 - [STDERR_REDIRECT] Sep 18, 2025 10:40:59 AM java.util.prefs.FileSystemPreferences checkLockFile0ErrorCode
2025-09-18 10:40:59,872 [ERROR] LogOutputStream:75 - [STDERR_REDIRECT] WARNING: Could not lock System prefs. Unix error code 2.
2025-09-18 10:40:59,872 [ERROR] LogOutputStream:75 - [STDERR_REDIRECT] 
2025-09-18 10:40:59,873 [ERROR] LogOutputStream:75 - [STDERR_REDIRECT] Sep 18, 2025 10:40:59 AM java.util.prefs.FileSystemPreferences syncWorld
2025-09-18 10:40:59,873 [ERROR] LogOutputStream:75 - [STDERR_REDIRECT] WARNING: Couldn't flush system prefs: java.util.prefs.BackingStoreException: Couldn't get file lock.
2025-09-18 10:40:59,873 [ERROR] LogOutputStream:75 - [STDERR_REDIRECT] 
2025-09-18 10:41:29,873 [ERROR] LogOutputStream:75 - [STDERR_REDIRECT] Sep 18, 2025 10:41:29 AM java.util.prefs.FileSystemPreferences checkLockFile0ErrorCode
2025-09-18 10:41:29,873 [ERROR] LogOutputStream:75 - [STDERR_REDIRECT] WARNING: Could not lock System prefs. Unix error code 2.
2025-09-18 10:41:29,873 [ERROR] LogOutputStream:75 - [STDERR_REDIRECT] 
2025-09-18 10:41:29,873 [ERROR] LogOutputStream:75 - [STDERR_REDIRECT] Sep 18, 2025 10:41:29 AM java.util.prefs.FileSystemPreferences syncWorld
2025-09-18 10:41:29,873 [ERROR] LogOutputStream:75 - [STDERR_REDIRECT] WARNING: Couldn't flush system prefs: java.util.prefs.BackingStoreException: Couldn't get file lock.
2025-09-18 10:41:29,873 [ERROR] LogOutputStream:75 - [STDERR_REDIRECT] 
2025-09-18 10:41:59,876 [ERROR] LogOutputStream:75 - [STDERR_REDIRECT] Sep 18, 2025 10:41:59 AM java.util.prefs.FileSystemPreferences checkLockFile0ErrorCode
2025-09-18 10:41:59,876 [ERROR] LogOutputStream:75 - [STDERR_REDIRECT] WARNING: Could not lock System prefs. Unix error code 2.
2025-09-18 10:41:59,876 [ERROR] LogOutputStream:75 - [STDERR_REDIRECT] 
2025-09-18 10:41:59,876 [ERROR] LogOutputStream:75 - [STDERR_REDIRECT] Sep 18, 2025 10:41:59 AM java.util.prefs.FileSystemPreferences syncWorld
2025-09-18 10:41:59,876 [ERROR] LogOutputStream:75 - [STDERR_REDIRECT] WARNING: Couldn't flush system prefs: java.util.prefs.BackingStoreException: Couldn't get file lock.
2025-09-18 10:41:59,876 [ERROR] LogOutputStream:75 - [STDERR_REDIRECT] 
2025-09-18 10:42:29,874 [ERROR] LogOutputStream:75 - [STDERR_REDIRECT] Sep 18, 2025 10:42:29 AM java.util.prefs.FileSystemPreferences checkLockFile0ErrorCode
2025-09-18 10:42:29,874 [ERROR] LogOutputStream:75 - [STDERR_REDIRECT] WARNING: Could not lock System prefs. Unix error code 2.
2025-09-18 10:42:29,874 [ERROR] LogOutputStream:75 - [STDERR_REDIRECT] 
2025-09-18 10:42:29,874 [ERROR] LogOutputStream:75 - [STDERR_REDIRECT] Sep 18, 2025 10:42:29 AM java.util.prefs.FileSystemPreferences syncWorld
2025-09-18 10:42:29,874 [ERROR] LogOutputStream:75 - [STDERR_REDIRECT] WARNING: Couldn't flush system prefs: java.util.prefs.BackingStoreException: Couldn't get file lock.
2025-09-18 10:42:29,875 [ERROR] LogOutputStream:75 - [STDERR_REDIRECT] 
2025-09-18 10:42:59,873 [ERROR] LogOutputStream:75 - [STDERR_REDIRECT] Sep 18, 2025 10:42:59 AM java.util.prefs.FileSystemPreferences checkLockFile0ErrorCode
2025-09-18 10:42:59,873 [ERROR] LogOutputStream:75 - [STDERR_REDIRECT] WARNING: Could not lock System prefs. Unix error code 2.
2025-09-18 10:42:59,873 [ERROR] LogOutputStream:75 - [STDERR_REDIRECT] 
2025-09-18 10:42:59,873 [ERROR] LogOutputStream:75 - [STDERR_REDIRECT] Sep 18, 2025 10:42:59 AM java.util.prefs.FileSystemPreferences syncWorld
2025-09-18 10:42:59,874 [ERROR] LogOutputStream:75 - [STDERR_REDIRECT] WARNING: Couldn't flush system prefs: java.util.prefs.BackingStoreException: Couldn't get file lock.
2025-09-18 10:42:59,874 [ERROR] LogOutputStream:75 - [STDERR_REDIRECT] 
2025-09-18 10:43:29,874 [ERROR] LogOutputStream:75 - [STDERR_REDIRECT] Sep 18, 2025 10:43:29 AM java.util.prefs.FileSystemPreferences checkLockFile0ErrorCode
2025-09-18 10:43:29,874 [ERROR] LogOutputStream:75 - [STDERR_REDIRECT] WARNING: Could not lock System prefs. Unix error code 2.
2025-09-18 10:43:29,875 [ERROR] LogOutputStream:75 - [STDERR_REDIRECT] 
2025-09-18 10:43:29,875 [ERROR] LogOutputStream:75 - [STDERR_REDIRECT] Sep 18, 2025 10:43:29 AM java.util.prefs.FileSystemPreferences syncWorld
2025-09-18 10:43:29,875 [ERROR] LogOutputStream:75 - [STDERR_REDIRECT] WARNING: Couldn't flush system prefs: java.util.prefs.BackingStoreException: Couldn't get file lock.
2025-09-18 10:43:29,875 [ERROR] LogOutputStream:75 - [STDERR_REDIRECT] 
2025-09-18 10:43:59,877 [ERROR] LogOutputStream:75 - [STDERR_REDIRECT] Sep 18, 2025 10:43:59 AM java.util.prefs.FileSystemPreferences checkLockFile0ErrorCode
2025-09-18 10:43:59,877 [ERROR] LogOutputStream:75 - [STDERR_REDIRECT] WARNING: Could not lock System prefs. Unix error code 2.
2025-09-18 10:43:59,877 [ERROR] LogOutputStream:75 - [STDERR_REDIRECT] 
2025-09-18 10:43:59,877 [ERROR] LogOutputStream:75 - [STDERR_REDIRECT] Sep 18, 2025 10:43:59 AM java.util.prefs.FileSystemPreferences syncWorld
2025-09-18 10:43:59,877 [ERROR] LogOutputStream:75 - [STDERR_REDIRECT] WARNING: Couldn't flush system prefs: java.util.prefs.BackingStoreException: Couldn't get file lock.
2025-09-18 10:43:59,877 [ERROR] LogOutputStream:75 - [STDERR_REDIRECT] 
2025-09-18 10:44:29,877 [ERROR] LogOutputStream:75 - [STDERR_REDIRECT] Sep 18, 2025 10:44:29 AM java.util.prefs.FileSystemPreferences checkLockFile0ErrorCode
2025-09-18 10:44:29,877 [ERROR] LogOutputStream:75 - [STDERR_REDIRECT] WARNING: Could not lock System prefs. Unix error code 2.
2025-09-18 10:44:29,877 [ERROR] LogOutputStream:75 - [STDERR_REDIRECT] 
2025-09-18 10:44:29,877 [ERROR] LogOutputStream:75 - [STDERR_REDIRECT] Sep 18, 2025 10:44:29 AM java.util.prefs.FileSystemPreferences syncWorld
2025-09-18 10:44:29,877 [ERROR] LogOutputStream:75 - [STDERR_REDIRECT] WARNING: Couldn't flush system prefs: java.util.prefs.BackingStoreException: Couldn't get file lock.
2025-09-18 10:44:29,877 [ERROR] LogOutputStream:75 - [STDERR_REDIRECT] 
2025-09-18 10:44:59,876 [ERROR] LogOutputStream:75 - [STDERR_REDIRECT] Sep 18, 2025 10:44:59 AM java.util.prefs.FileSystemPreferences checkLockFile0ErrorCode
2025-09-18 10:44:59,876 [ERROR] LogOutputStream:75 - [STDERR_REDIRECT] WARNING: Could not lock System prefs. Unix error code 2.
2025-09-18 10:44:59,876 [ERROR] LogOutputStream:75 - [STDERR_REDIRECT] 
2025-09-18 10:44:59,876 [ERROR] LogOutputStream:75 - [STDERR_REDIRECT] Sep 18, 2025 10:44:59 AM java.util.prefs.FileSystemPreferences syncWorld
2025-09-18 10:44:59,876 [ERROR] LogOutputStream:75 - [STDERR_REDIRECT] WARNING: Couldn't flush system prefs: java.util.prefs.BackingStoreException: Couldn't get file lock.
2025-09-18 10:44:59,876 [ERROR] LogOutputStream:75 - [STDERR_REDIRECT] 
2025-09-18 10:45:29,877 [ERROR] LogOutputStream:75 - [STDERR_REDIRECT] Sep 18, 2025 10:45:29 AM java.util.prefs.FileSystemPreferences checkLockFile0ErrorCode
2025-09-18 10:45:29,877 [ERROR] LogOutputStream:75 - [STDERR_REDIRECT] WARNING: Could not lock System prefs. Unix error code 2.
2025-09-18 10:45:29,877 [ERROR] LogOutputStream:75 - [STDERR_REDIRECT] 
2025-09-18 10:45:29,877 [ERROR] LogOutputStream:75 - [STDERR_REDIRECT] Sep 18, 2025 10:45:29 AM java.util.prefs.FileSystemPreferences syncWorld
2025-09-18 10:45:29,878 [ERROR] LogOutputStream:75 - [STDERR_REDIRECT] WARNING: Couldn't flush system prefs: java.util.prefs.BackingStoreException: Couldn't get file lock.
2025-09-18 10:45:29,878 [ERROR] LogOutputStream:75 - [STDERR_REDIRECT] 
2025-09-18 10:45:59,878 [ERROR] LogOutputStream:75 - [STDERR_REDIRECT] Sep 18, 2025 10:45:59 AM java.util.prefs.FileSystemPreferences checkLockFile0ErrorCode
2025-09-18 10:45:59,878 [ERROR] LogOutputStream:75 - [STDERR_REDIRECT] WARNING: Could not lock System prefs. Unix error code 2.
2025-09-18 10:45:59,878 [ERROR] LogOutputStream:75 - [STDERR_REDIRECT] 
2025-09-18 10:45:59,878 [ERROR] LogOutputStream:75 - [STDERR_REDIRECT] Sep 18, 2025 10:45:59 AM java.util.prefs.FileSystemPreferences syncWorld
2025-09-18 10:45:59,878 [ERROR] LogOutputStream:75 - [STDERR_REDIRECT] WARNING: Couldn't flush system prefs: java.util.prefs.BackingStoreException: Couldn't get file lock.
2025-09-18 10:45:59,878 [ERROR] LogOutputStream:75 - [STDERR_REDIRECT] 
2025-09-18 10:46:29,877 [ERROR] LogOutputStream:75 - [STDERR_REDIRECT] Sep 18, 2025 10:46:29 AM java.util.prefs.FileSystemPreferences checkLockFile0ErrorCode
2025-09-18 10:46:29,877 [ERROR] LogOutputStream:75 - [STDERR_REDIRECT] WARNING: Could not lock System prefs. Unix error code 2.
2025-09-18 10:46:29,877 [ERROR] LogOutputStream:75 - [STDERR_REDIRECT] 
2025-09-18 10:46:29,878 [ERROR] LogOutputStream:75 - [STDERR_REDIRECT] Sep 18, 2025 10:46:29 AM java.util.prefs.FileSystemPreferences syncWorld
2025-09-18 10:46:29,878 [ERROR] LogOutputStream:75 - [STDERR_REDIRECT] WARNING: Couldn't flush system prefs: java.util.prefs.BackingStoreException: Couldn't get file lock.
2025-09-18 10:46:29,878 [ERROR] LogOutputStream:75 - [STDERR_REDIRECT] 
2025-09-18 10:46:59,880 [ERROR] LogOutputStream:75 - [STDERR_REDIRECT] Sep 18, 2025 10:46:59 AM java.util.prefs.FileSystemPreferences checkLockFile0ErrorCode
2025-09-18 10:46:59,880 [ERROR] LogOutputStream:75 - [STDERR_REDIRECT] WARNING: Could not lock System prefs. Unix error code 2.
2025-09-18 10:46:59,880 [ERROR] LogOutputStream:75 - [STDERR_REDIRECT] 
2025-09-18 10:46:59,880 [ERROR] LogOutputStream:75 - [STDERR_REDIRECT] Sep 18, 2025 10:46:59 AM java.util.prefs.FileSystemPreferences syncWorld
2025-09-18 10:46:59,880 [ERROR] LogOutputStream:75 - [STDERR_REDIRECT] WARNING: Couldn't flush system prefs: java.util.prefs.BackingStoreException: Couldn't get file lock.
2025-09-18 10:46:59,880 [ERROR] LogOutputStream:75 - [STDERR_REDIRECT] 
2025-09-18 10:47:29,878 [ERROR] LogOutputStream:75 - [STDERR_REDIRECT] Sep 18, 2025 10:47:29 AM java.util.prefs.FileSystemPreferences checkLockFile0ErrorCode
2025-09-18 10:47:29,878 [ERROR] LogOutputStream:75 - [STDERR_REDIRECT] WARNING: Could not lock System prefs. Unix error code 2.
2025-09-18 10:47:29,878 [ERROR] LogOutputStream:75 - [STDERR_REDIRECT] 
2025-09-18 10:47:29,879 [ERROR] LogOutputStream:75 - [STDERR_REDIRECT] Sep 18, 2025 10:47:29 AM java.util.prefs.FileSystemPreferences syncWorld
2025-09-18 10:47:29,879 [ERROR] LogOutputStream:75 - [STDERR_REDIRECT] WARNING: Couldn't flush system prefs: java.util.prefs.BackingStoreException: Couldn't get file lock.
2025-09-18 10:47:29,879 [ERROR] LogOutputStream:75 - [STDERR_REDIRECT] 
2025-09-18 10:47:35,084 [INFO] McuFinderGlobals:63 - Set McuFinder mode to 2 (CubeIDE integrated)
2025-09-18 10:47:35,085 [INFO] UserAuth:487 - Internet connection configuration mode: 2
2025-09-18 10:47:59,877 [ERROR] LogOutputStream:75 - [STDERR_REDIRECT] Sep 18, 2025 10:47:59 AM java.util.prefs.FileSystemPreferences checkLockFile0ErrorCode
2025-09-18 10:47:59,877 [ERROR] LogOutputStream:75 - [STDERR_REDIRECT] WARNING: Could not lock System prefs. Unix error code 2.
2025-09-18 10:47:59,877 [ERROR] LogOutputStream:75 - [STDERR_REDIRECT] 
2025-09-18 10:47:59,877 [ERROR] LogOutputStream:75 - [STDERR_REDIRECT] Sep 18, 2025 10:47:59 AM java.util.prefs.FileSystemPreferences syncWorld
2025-09-18 10:47:59,877 [ERROR] LogOutputStream:75 - [STDERR_REDIRECT] WARNING: Couldn't flush system prefs: java.util.prefs.BackingStoreException: Couldn't get file lock.
2025-09-18 10:47:59,877 [ERROR] LogOutputStream:75 - [STDERR_REDIRECT] 
2025-09-18 10:48:09,742 [ERROR] LogOutputStream:75 - [STDERR_REDIRECT] 
2025-09-18 10:49:05,392 [INFO] Activator:176 - 


2025-09-18 10:49:05,393 [INFO] Activator:177 - !SESSION log4j initialized
2025-09-18 10:49:09,060 [INFO] LogOutputStream:77 - [STDOUT_REDIRECT] 
2025-09-18 10:49:09,890 [INFO] ApplicationProperties:184 - Using Application install path: /opt/st/stm32cubeide_1.19.0/plugins/com.st.stm32cube.common.mx_6.15.0.202507011659
2025-09-18 10:49:09,903 [INFO] DbMcusXml:78 - Set database path to: /opt/st/stm32cubeide_1.19.0/plugins/com.st.stm32cube.common.mx_6.15.0.202507011659//db//mcu/
2025-09-18 10:49:09,903 [INFO] ApiDb:274 - Set plugin database path to: /opt/st/stm32cubeide_1.19.0/plugins/com.st.stm32cube.common.mx_6.15.0.202507011659//db//plugins/boardmanager/
2025-09-18 10:49:09,903 [WARN] ApiDb:259 - Overriding images path with different value:  => /opt/st/stm32cubeide_1.19.0/plugins/com.st.stm32cube.common.mx_6.15.0.202507011659//db//plugins/mcufinder/images/
2025-09-18 10:49:09,907 [INFO] ApiDb:250 - Set database path to: /home/matijak/.stmcufinder/plugins/mcufinder//mcu/
2025-09-18 10:49:09,907 [INFO] DbMcusAds:125 - Set database path to: /home/matijak/.stmcufinder/plugins/mcufinder//mcu/
2025-09-18 10:49:09,908 [INFO] CrossReferenceDbSqlite:203 - Set database path to: /home/matijak/.stmcufinder/plugins/mcufinder//mcu/cs/
2025-09-18 10:49:09,979 [INFO] RulesReader:64 - Compatibility file has been processed (317 Rules)
2025-09-18 10:49:10,027 [INFO] DbMcusXml:78 - Set database path to: /opt/st/stm32cubeide_1.19.0/plugins/com.st.stm32cube.common.mx_6.15.0.202507011659//db//mcu/
2025-09-18 10:49:10,027 [INFO] ApiDb:274 - Set plugin database path to: /opt/st/stm32cubeide_1.19.0/plugins/com.st.stm32cube.common.mx_6.15.0.202507011659//db//plugins/boardmanager/
2025-09-18 10:49:10,027 [INFO] ApiDb:261 - Set plugin images path to: /opt/st/stm32cubeide_1.19.0/plugins/com.st.stm32cube.common.mx_6.15.0.202507011659//db//plugins/mcufinder/images/
2025-09-18 10:49:10,028 [WARN] DbFile:41 - Overriding database path with different value: /home/matijak/.stmcufinder/plugins/mcufinder/ => /home/matijak/.stmcufinder/plugins/mcufinder
2025-09-18 10:49:10,028 [INFO] ApiDb:250 - Set database path to: /home/matijak/.stmcufinder/plugins/mcufinder//mcu/
2025-09-18 10:49:10,028 [WARN] DbFile:41 - Overriding database path with different value: /home/matijak/.stmcufinder/plugins/mcufinder/ => /home/matijak/.stmcufinder/plugins/mcufinder
2025-09-18 10:49:10,028 [INFO] DbMcusAds:125 - Set database path to: /home/matijak/.stmcufinder/plugins/mcufinder//mcu/
2025-09-18 10:49:10,028 [WARN] DbFile:41 - Overriding database path with different value: /home/matijak/.stmcufinder/plugins/mcufinder/ => /home/matijak/.stmcufinder/plugins/mcufinder
2025-09-18 10:49:10,028 [WARN] DbFile:41 - Overriding database path with different value: /home/matijak/.stmcufinder/plugins/mcufinder/ => /home/matijak/.stmcufinder/plugins/mcufinder
2025-09-18 10:49:10,028 [INFO] CrossReferenceDbSqlite:203 - Set database path to: /home/matijak/.stmcufinder/plugins/mcufinder//mcu/cs/
2025-09-18 10:49:10,077 [INFO] MainPanel:274 - HeapMemory: 268435456
2025-09-18 10:49:10,171 [INFO] DbMcusXml:78 - Set database path to: /opt/st/stm32cubeide_1.19.0/plugins/com.st.stm32cube.common.mx_6.15.0.202507011659//db//mcu/
2025-09-18 10:49:10,171 [INFO] ApiDb:274 - Set plugin database path to: /opt/st/stm32cubeide_1.19.0/plugins/com.st.stm32cube.common.mx_6.15.0.202507011659//db//plugins/boardmanager/
2025-09-18 10:49:10,171 [INFO] ApiDb:261 - Set plugin images path to: /opt/st/stm32cubeide_1.19.0/plugins/com.st.stm32cube.common.mx_6.15.0.202507011659//db//plugins/mcufinder/images/
2025-09-18 10:49:10,171 [WARN] DbFile:41 - Overriding database path with different value: /home/matijak/.stmcufinder/plugins/mcufinder/ => /home/matijak/.stmcufinder/plugins/mcufinder
2025-09-18 10:49:10,171 [INFO] ApiDb:250 - Set database path to: /home/matijak/.stmcufinder/plugins/mcufinder//mcu/
2025-09-18 10:49:10,171 [WARN] DbFile:41 - Overriding database path with different value: /home/matijak/.stmcufinder/plugins/mcufinder/ => /home/matijak/.stmcufinder/plugins/mcufinder
2025-09-18 10:49:10,172 [INFO] DbMcusAds:125 - Set database path to: /home/matijak/.stmcufinder/plugins/mcufinder//mcu/
2025-09-18 10:49:10,172 [WARN] DbFile:41 - Overriding database path with different value: /home/matijak/.stmcufinder/plugins/mcufinder/ => /home/matijak/.stmcufinder/plugins/mcufinder
2025-09-18 10:49:10,172 [WARN] DbFile:41 - Overriding database path with different value: /home/matijak/.stmcufinder/plugins/mcufinder/ => /home/matijak/.stmcufinder/plugins/mcufinder
2025-09-18 10:49:10,172 [INFO] CrossReferenceDbSqlite:203 - Set database path to: /home/matijak/.stmcufinder/plugins/mcufinder//mcu/cs/
2025-09-18 10:49:10,183 [INFO] ApplicationProperties:184 - Using Application install path: /opt/st/stm32cubeide_1.19.0/plugins/com.st.stm32cube.common.mx_6.15.0.202507011659
2025-09-18 10:49:10,184 [INFO] PluginManage:196 - Search for loadable plugins [exclusion list=, ]
2025-09-18 10:49:10,185 [INFO] PluginManage:310 - Check plugin analytics
2025-09-18 10:49:10,283 [INFO] AnalyticsPlugin:253 - Accepted Software Licenses: 
2025-09-18 10:49:10,283 [INFO] AnalyticsPlugin:255 - Accepted CMSIS Pack Licenses: 
2025-09-18 10:49:10,284 [INFO] AnalyticsPlugin:257 - Accepted Firmware Licenses: FW.L4.1.18.0,FW.G4.1.6.0
2025-09-18 10:49:10,285 [INFO] PluginManage:359 - Loaded plugin analytics (category:tool,tabindex:-1)
2025-09-18 10:49:10,286 [INFO] PluginManage:310 - Check plugin cadmodel
2025-09-18 10:49:10,290 [INFO] CADModel:105 - Init CAD model plugin
2025-09-18 10:49:10,290 [INFO] PluginManage:359 - Loaded plugin cadmodel (category:power,tabindex:5)
2025-09-18 10:49:10,290 [INFO] PluginManage:310 - Check plugin clock
2025-09-18 10:49:10,298 [INFO] PluginManage:359 - Loaded plugin clock (category:base,tabindex:2)
2025-09-18 10:49:10,298 [INFO] PluginManage:310 - Check plugin ddr
2025-09-18 10:49:10,299 [INFO] PluginManage:359 - Loaded plugin ddr (category:tool,tabindex:6)
2025-09-18 10:49:10,299 [INFO] PluginManage:310 - Check plugin filemanager
2025-09-18 10:49:10,398 [INFO] PluginManage:359 - Loaded plugin filemanager (category:base,tabindex:10)
2025-09-18 10:49:10,398 [INFO] PluginManage:310 - Check plugin ipmanager
2025-09-18 10:49:10,401 [INFO] PluginManage:359 - Loaded plugin ipmanager (category:base,tabindex:5)
2025-09-18 10:49:10,402 [INFO] PluginManage:310 - Check plugin lpbam
2025-09-18 10:49:10,409 [INFO] PluginManage:359 - Loaded plugin lpbam (category:base,tabindex:0)
2025-09-18 10:49:10,409 [INFO] PluginManage:310 - Check plugin memorymap
2025-09-18 10:49:10,416 [INFO] PluginManage:359 - Loaded plugin memorymap (category:base,tabindex:4)
2025-09-18 10:49:10,416 [INFO] PluginManage:310 - Check plugin pinoutandconfiguration
2025-09-18 10:49:10,422 [INFO] PluginManage:359 - Loaded plugin pinoutandconfiguration (category:base,tabindex:1)
2025-09-18 10:49:10,422 [INFO] PluginManage:310 - Check plugin pinoutconfig
2025-09-18 10:49:10,475 [WARN] SupportedApi:132 - Cannot load RTOS API schema: s4s-elt-must-match.1: The content of 'definitions' must match (annotation?, (simpleType | complexType)?, (unique | key | keyref)*)). A problem was found starting at: attribute.
2025-09-18 10:49:10,576 [INFO] PluginManage:359 - Loaded plugin pinoutconfig (category:base,tabindex:0)
2025-09-18 10:49:10,576 [INFO] PluginManage:310 - Check plugin power
2025-09-18 10:49:10,585 [INFO] PluginManage:359 - Loaded plugin power (category:power,tabindex:4)
2025-09-18 10:49:10,585 [INFO] PluginManage:310 - Check plugin projectmanager
2025-09-18 10:49:10,599 [INFO] PluginManage:359 - Loaded plugin projectmanager (category:projectmanager,tabindex:4)
2025-09-18 10:49:10,599 [INFO] PluginManage:310 - Check plugin rif
2025-09-18 10:49:10,607 [INFO] PluginManage:359 - Loaded plugin rif (category:base,tabindex:3)
2025-09-18 10:49:10,608 [INFO] PluginManage:310 - Check plugin thirdparty
2025-09-18 10:49:10,697 [INFO] PluginManage:359 - Loaded plugin thirdparty (category:base,tabindex:-1)
2025-09-18 10:49:10,697 [INFO] PluginManage:310 - Check plugin tools
2025-09-18 10:49:10,697 [WARN] IntegrityCheckThread:84 - waiting for thirdparty lock release [integrity check]
2025-09-18 10:49:10,698 [INFO] IntegrityCheckThread:86 - entering critical section [integrity check]
2025-09-18 10:49:10,698 [INFO] ThirdPartyUpdaterWithRetryManager:70 - Updater plugin not ready yet. [1/15]
2025-09-18 10:49:10,700 [INFO] PluginManage:359 - Loaded plugin tools (category:base,tabindex:7)
2025-09-18 10:49:10,700 [INFO] PluginManage:310 - Check plugin tutovideos
2025-09-18 10:49:10,824 [INFO] PluginManage:359 - Loaded plugin tutovideos (category:base,tabindex:-1)
2025-09-18 10:49:10,824 [INFO] PluginManage:310 - Check plugin updater
2025-09-18 10:49:10,841 [INFO] PluginManage:359 - Loaded plugin updater (category:base,tabindex:12)
2025-09-18 10:49:10,841 [INFO] PluginManage:310 - Check plugin userauth
2025-09-18 10:49:10,844 [INFO] UserAuth:118 - Init User Auth plugin
2025-09-18 10:49:10,844 [INFO] PluginManage:359 - Loaded plugin userauth (category:base,tabindex:14)
2025-09-18 10:49:10,844 [INFO] PluginManage:283 - PluginManage : Loaded plugins [18]
2025-09-18 10:49:10,970 [INFO] PinOutPanel:1589 - setPackage(No Configuration,No Configuration)
2025-09-18 10:49:11,020 [INFO] CADModel:165 - CPN selected for project level
2025-09-18 10:49:11,020 [INFO] CADModel:114 - Register for checkConnection events
2025-09-18 10:49:11,032 [INFO] IPUIPlugin:80 - create IPUIPlugin
2025-09-18 10:49:11,032 [INFO] PluginManager:220 - loadIPPluginJar : add adc
2025-09-18 10:49:11,035 [INFO] IPUIPlugin:80 - create IPUIPlugin
2025-09-18 10:49:11,035 [INFO] PluginManager:220 - loadIPPluginJar : add aes
2025-09-18 10:49:11,036 [INFO] IPUIPlugin:80 - create IPUIPlugin
2025-09-18 10:49:11,036 [INFO] PluginManager:220 - loadIPPluginJar : add can
2025-09-18 10:49:11,037 [INFO] IPUIPlugin:80 - create IPUIPlugin
2025-09-18 10:49:11,038 [INFO] PluginManager:220 - loadIPPluginJar : add comp
2025-09-18 10:49:11,039 [INFO] IPUIPlugin:80 - create IPUIPlugin
2025-09-18 10:49:11,039 [INFO] PluginManager:220 - loadIPPluginJar : add cryp
2025-09-18 10:49:11,042 [INFO] IPUIPlugin:80 - create IPUIPlugin
2025-09-18 10:49:11,042 [INFO] PluginManager:220 - loadIPPluginJar : add ddr_ctrl_phy
2025-09-18 10:49:11,044 [INFO] IPUIPlugin:80 - create IPUIPlugin
2025-09-18 10:49:11,044 [INFO] PluginManager:220 - loadIPPluginJar : add dfsdm
2025-09-18 10:49:11,048 [INFO] IPUIPlugin:80 - create IPUIPlugin
2025-09-18 10:49:11,049 [INFO] PluginManager:220 - loadIPPluginJar : add dma
2025-09-18 10:49:11,051 [INFO] IPUIPlugin:80 - create IPUIPlugin
2025-09-18 10:49:11,051 [INFO] PluginManager:220 - loadIPPluginJar : add dma3
2025-09-18 10:49:11,053 [INFO] IPUIPlugin:80 - create IPUIPlugin
2025-09-18 10:49:11,053 [INFO] PluginManager:220 - loadIPPluginJar : add extmemmanager
2025-09-18 10:49:11,054 [INFO] IPUIPlugin:80 - create IPUIPlugin
2025-09-18 10:49:11,054 [INFO] PluginManager:220 - loadIPPluginJar : add fatfs
2025-09-18 10:49:11,058 [INFO] IPUIPlugin:80 - create IPUIPlugin
2025-09-18 10:49:11,058 [INFO] PluginManager:220 - loadIPPluginJar : add fmc
2025-09-18 10:49:11,064 [INFO] IPUIPlugin:80 - create IPUIPlugin
2025-09-18 10:49:11,064 [INFO] PluginManager:220 - loadIPPluginJar : add freertos
2025-09-18 10:49:11,065 [INFO] IPUIPlugin:80 - create IPUIPlugin
2025-09-18 10:49:11,066 [INFO] PluginManager:220 - loadIPPluginJar : add genericplugin
2025-09-18 10:49:11,067 [INFO] IPUIPlugin:80 - create IPUIPlugin
2025-09-18 10:49:11,067 [INFO] PluginManager:220 - loadIPPluginJar : add gfxmmu
2025-09-18 10:49:11,072 [INFO] IPUIPlugin:80 - create IPUIPlugin
2025-09-18 10:49:11,073 [INFO] PluginManager:220 - loadIPPluginJar : add gic
2025-09-18 10:49:11,077 [INFO] IPUIPlugin:80 - create IPUIPlugin
2025-09-18 10:49:11,077 [INFO] PluginManager:220 - loadIPPluginJar : add gpio
2025-09-18 10:49:11,079 [INFO] IPUIPlugin:80 - create IPUIPlugin
2025-09-18 10:49:11,079 [INFO] PluginManager:220 - loadIPPluginJar : add gtzc
2025-09-18 10:49:11,081 [INFO] IPUIPlugin:80 - create IPUIPlugin
2025-09-18 10:49:11,081 [INFO] PluginManager:220 - loadIPPluginJar : add hash
2025-09-18 10:49:11,082 [INFO] IPUIPlugin:80 - create IPUIPlugin
2025-09-18 10:49:11,083 [INFO] PluginManager:220 - loadIPPluginJar : add i2c
2025-09-18 10:49:11,084 [INFO] IPUIPlugin:80 - create IPUIPlugin
2025-09-18 10:49:11,084 [INFO] PluginManager:220 - loadIPPluginJar : add i2s
2025-09-18 10:49:11,086 [INFO] IPUIPlugin:80 - create IPUIPlugin
2025-09-18 10:49:11,086 [INFO] PluginManager:220 - loadIPPluginJar : add i3c
2025-09-18 10:49:11,089 [INFO] IPUIPlugin:80 - create IPUIPlugin
2025-09-18 10:49:11,089 [INFO] PluginManager:220 - loadIPPluginJar : add ipddr
2025-09-18 10:49:11,095 [INFO] IPUIPlugin:80 - create IPUIPlugin
2025-09-18 10:49:11,096 [INFO] PluginManager:220 - loadIPPluginJar : add linkedlist
2025-09-18 10:49:11,098 [INFO] IPUIPlugin:80 - create IPUIPlugin
2025-09-18 10:49:11,098 [INFO] PluginManager:220 - loadIPPluginJar : add lorawan
2025-09-18 10:49:11,099 [INFO] IPUIPlugin:80 - create IPUIPlugin
2025-09-18 10:49:11,099 [INFO] PluginManager:220 - loadIPPluginJar : add ltdc
2025-09-18 10:49:11,104 [INFO] IPUIPlugin:80 - create IPUIPlugin
2025-09-18 10:49:11,104 [INFO] PluginManager:220 - loadIPPluginJar : add mdma
2025-09-18 10:49:11,108 [INFO] IPUIPlugin:80 - create IPUIPlugin
2025-09-18 10:49:11,108 [INFO] PluginManager:220 - loadIPPluginJar : add nvic
2025-09-18 10:49:11,111 [INFO] IPUIPlugin:80 - create IPUIPlugin
2025-09-18 10:49:11,111 [INFO] PluginManager:220 - loadIPPluginJar : add opamp
2025-09-18 10:49:11,113 [INFO] IPUIPlugin:80 - create IPUIPlugin
2025-09-18 10:49:11,113 [INFO] PluginManager:220 - loadIPPluginJar : add openamp
2025-09-18 10:49:11,116 [INFO] IPUIPlugin:80 - create IPUIPlugin
2025-09-18 10:49:11,116 [INFO] PluginManager:220 - loadIPPluginJar : add pdm2pcm
2025-09-18 10:49:11,122 [INFO] IPUIPlugin:80 - create IPUIPlugin
2025-09-18 10:49:11,125 [INFO] PluginManager:220 - loadIPPluginJar : add plateformsettings
2025-09-18 10:49:11,126 [INFO] IPUIPlugin:80 - create IPUIPlugin
2025-09-18 10:49:11,126 [INFO] PluginManager:220 - loadIPPluginJar : add quadspi
2025-09-18 10:49:11,127 [INFO] IPUIPlugin:80 - create IPUIPlugin
2025-09-18 10:49:11,128 [INFO] PluginManager:220 - loadIPPluginJar : add radio
2025-09-18 10:49:11,131 [INFO] IPUIPlugin:80 - create IPUIPlugin
2025-09-18 10:49:11,131 [INFO] PluginManager:220 - loadIPPluginJar : add resmgrutility
2025-09-18 10:49:11,133 [INFO] IPUIPlugin:80 - create IPUIPlugin
2025-09-18 10:49:11,133 [INFO] PluginManager:220 - loadIPPluginJar : add sai
2025-09-18 10:49:11,135 [INFO] IPUIPlugin:80 - create IPUIPlugin
2025-09-18 10:49:11,135 [INFO] PluginManager:220 - loadIPPluginJar : add spi
2025-09-18 10:49:11,140 [INFO] IPUIPlugin:80 - create IPUIPlugin
2025-09-18 10:49:11,140 [INFO] PluginManager:220 - loadIPPluginJar : add stm32_wpan
2025-09-18 10:49:11,142 [INFO] IPUIPlugin:80 - create IPUIPlugin
2025-09-18 10:49:11,142 [INFO] PluginManager:220 - loadIPPluginJar : add tim
2025-09-18 10:49:11,144 [INFO] IPUIPlugin:80 - create IPUIPlugin
2025-09-18 10:49:11,144 [INFO] PluginManager:220 - loadIPPluginJar : add touchsensing
2025-09-18 10:49:11,146 [INFO] IPUIPlugin:80 - create IPUIPlugin
2025-09-18 10:49:11,146 [INFO] PluginManager:220 - loadIPPluginJar : add tracer_emb
2025-09-18 10:49:11,148 [INFO] IPUIPlugin:80 - create IPUIPlugin
2025-09-18 10:49:11,148 [INFO] PluginManager:220 - loadIPPluginJar : add ts
2025-09-18 10:49:11,149 [INFO] IPUIPlugin:80 - create IPUIPlugin
2025-09-18 10:49:11,149 [INFO] PluginManager:220 - loadIPPluginJar : add tsc
2025-09-18 10:49:11,150 [INFO] IPUIPlugin:80 - create IPUIPlugin
2025-09-18 10:49:11,150 [INFO] PluginManager:220 - loadIPPluginJar : add ucpd
2025-09-18 10:49:11,152 [INFO] IPUIPlugin:80 - create IPUIPlugin
2025-09-18 10:49:11,152 [INFO] PluginManager:220 - loadIPPluginJar : add usart
2025-09-18 10:49:11,154 [INFO] IPUIPlugin:80 - create IPUIPlugin
2025-09-18 10:49:11,154 [INFO] PluginManager:220 - loadIPPluginJar : add usbx
2025-09-18 10:49:11,249 [FATAL] Updater:351 - Updater called before beeing initialized
2025-09-18 10:49:11,264 [INFO] RulesReader:64 - Compatibility file has been processed (317 Rules)
2025-09-18 10:49:11,273 [INFO] RulesReader:64 - Compatibility file has been processed (317 Rules)
2025-09-18 10:49:11,279 [INFO] CADModel:165 - CPN selected for project level
2025-09-18 10:49:11,279 [INFO] CADModel:114 - Register for checkConnection events
2025-09-18 10:49:11,279 [FATAL] Updater:351 - Updater called before beeing initialized
2025-09-18 10:49:11,279 [ERROR] CADModel:125 - Updater not yet initialized, retry later 
2025-09-18 10:49:11,363 [FATAL] Updater:351 - Updater called before beeing initialized
2025-09-18 10:49:11,364 [INFO] CADModel:165 - CPN selected for project level
2025-09-18 10:49:11,364 [INFO] CADModel:114 - Register for checkConnection events
2025-09-18 10:49:11,364 [FATAL] Updater:351 - Updater called before beeing initialized
2025-09-18 10:49:11,364 [ERROR] CADModel:125 - Updater not yet initialized, retry later 
2025-09-18 10:49:11,366 [FATAL] Updater:351 - Updater called before beeing initialized
2025-09-18 10:49:11,424 [FATAL] Updater:351 - Updater called before beeing initialized
2025-09-18 10:49:11,428 [INFO] DbMcusAds:53 - JSON generation date=Tue Jul 08 10:14:23 CEST 2025 (1751962463582)
2025-09-18 10:49:11,428 [FATAL] Updater:351 - Updater called before beeing initialized
2025-09-18 10:49:11,457 [WARN] DetailPanel:346 - Failed to get advertising image, set to default
2025-09-18 10:49:11,504 [FATAL] Updater:351 - Updater called before beeing initialized
2025-09-18 10:49:11,506 [FATAL] Updater:351 - Updater called before beeing initialized
2025-09-18 10:49:11,506 [FATAL] Updater:351 - Updater called before beeing initialized
2025-09-18 10:49:11,506 [WARN] DetailPanel:346 - Failed to get advertising image, set to default
2025-09-18 10:49:11,507 [FATAL] Updater:351 - Updater called before beeing initialized
2025-09-18 10:49:11,527 [ERROR] Updater:1198 - MainUpdater not yet initialized. External WinMGr cannot be set.
2025-09-18 10:49:11,529 [INFO] Updater:1134 - Updater Version found : 6.15.0
2025-09-18 10:49:11,543 [INFO] ApplicationProperties:184 - Using Application install path: /opt/st/stm32cubeide_1.19.0/plugins/com.st.stm32cube.common.mx_6.15.0.202507011659
2025-09-18 10:49:11,551 [ERROR] LogOutputStream:75 - [STDERR_REDIRECT] Sep 18, 2025 10:49:11 AM java.util.prefs.FileSystemPreferences$2 run
2025-09-18 10:49:11,551 [ERROR] LogOutputStream:75 - [STDERR_REDIRECT] WARNING: Could not create system preferences directory. System preferences are unusable.
2025-09-18 10:49:11,551 [ERROR] LogOutputStream:75 - [STDERR_REDIRECT] 
2025-09-18 10:49:12,351 [INFO] MainUpdater:2872 - connection check result : 10
2025-09-18 10:49:12,352 [INFO] MainUpdater:289 - Updater Check For Update Now.
2025-09-18 10:49:12,352 [INFO] MicroXplorer:498 - Change Database Version : DB.6.0.150
2025-09-18 10:49:12,363 [INFO] McuFinderGlobals:63 - Set McuFinder mode to 2 (CubeIDE integrated)
2025-09-18 10:49:12,364 [INFO] UserAuth:487 - Internet connection configuration mode: 1
2025-09-18 10:49:12,380 [INFO] JxBrowserEngine:152 - Initiate JxBrowser Engine with user profile folder
2025-09-18 10:49:12,510 [INFO] CheckServerUpdateThread:120 - End of CheckServer Thread
2025-09-18 10:49:12,985 [INFO] WebApp:169 - Instantiating new browser for Auth
2025-09-18 10:49:13,447 [INFO] WebApp:463 - Apply proxy settings
2025-09-18 10:49:13,448 [INFO] WebApp:548 - Chromium requires no authentication
2025-09-18 10:49:13,453 [INFO] WebApp:491 - Direct internet connection detected
2025-09-18 10:49:13,467 [INFO] WebApp:900 - Register for checkConnection events
2025-09-18 10:49:13,467 [INFO] WebApp:463 - Apply proxy settings
2025-09-18 10:49:13,467 [INFO] WebApp:548 - Chromium requires no authentication
2025-09-18 10:49:13,467 [INFO] WebApp:491 - Direct internet connection detected
2025-09-18 10:49:13,556 [INFO] WebApp:225 - Starting web application
2025-09-18 10:49:13,556 [INFO] WebApp:593 - Web application path used /opt/st/stm32cubeide_1.19.0/plugins/com.st.stm32cube.common.mx_6.15.0.202507011659/db/plugins/mcufinder/reactClient1/index.html
2025-09-18 10:49:13,630 [INFO] UserAuth:487 - Internet connection configuration mode: 1
2025-09-18 10:49:13,819 [WARN] PackLoader:240 - Cannot read IP mode file for STMicroelectronics.FP-SNS-MOTENVWB1.1.4.0
2025-09-18 10:49:13,825 [WARN] PackLoader:240 - Cannot read IP mode file for STMicroelectronics.FP-ATR-ASTRA1.2.0.2
2025-09-18 10:49:13,831 [WARN] PackLoader:240 - Cannot read IP mode file for STMicroelectronics.X-CUBE-SMBUS.2.1.0
2025-09-18 10:49:13,834 [WARN] PackLoader:240 - Cannot read IP mode file for STMicroelectronics.X-CUBE-ST60.1.0.0
2025-09-18 10:49:13,864 [WARN] PackLoader:240 - Cannot read IP mode file for STMicroelectronics.X-CUBE-AZRTOS-F7.1.1.0
2025-09-18 10:49:13,878 [WARN] PackLoader:240 - Cannot read IP mode file for WES.I-CUBE-Cesium.1.4.0
2025-09-18 10:49:13,903 [WARN] PackLoader:240 - Cannot read IP mode file for Infineon.AIROC-Wi-Fi-Bluetooth-STM32.1.7.1
2025-09-18 10:49:13,952 [WARN] PackLoader:240 - Cannot read IP mode file for STMicroelectronics.X-CUBE-AZRTOS-H7.3.4.0
2025-09-18 10:49:13,966 [WARN] PackLoader:240 - Cannot read IP mode file for STMicroelectronics.X-CUBE-DISPLAY.3.0.0
2025-09-18 10:49:13,981 [WARN] PackLoader:240 - Cannot read IP mode file for STMicroelectronics.X-CUBE-NFC10.1.0.0
2025-09-18 10:49:13,986 [WARN] PackLoader:240 - Cannot read IP mode file for emotas.I-CUBE-CANOPEN.1.3.0
2025-09-18 10:49:13,992 [WARN] PackLoader:240 - Cannot read IP mode file for STMicroelectronics.FP-SNS-STBOX1.2.1.0
2025-09-18 10:49:13,997 [WARN] PackLoader:240 - Cannot read IP mode file for STMicroelectronics.FP-SNS-SMARTAG2.1.2.0
2025-09-18 10:49:14,000 [WARN] PackLoader:240 - Cannot read IP mode file for STMicroelectronics.FP-SNS-FLIGHT1.5.1.0
2025-09-18 10:49:14,008 [INFO] LogOutputStream:77 - [STDOUT_REDIRECT] 1 : Invalid condition id : UX_CORESTACK_Condition cause : null
2025-09-18 10:49:14,008 [INFO] LogOutputStream:77 - [STDOUT_REDIRECT] 1 : Invalid condition id : UX_CORESTACK_Condition cause : null
2025-09-18 10:49:14,009 [INFO] LogOutputStream:77 - [STDOUT_REDIRECT] 1 : Invalid condition id : UX_CORESTACK_Condition cause : null
2025-09-18 10:49:14,009 [INFO] LogOutputStream:77 - [STDOUT_REDIRECT] 1 : Invalid condition id : UX_CORESTACK_Condition cause : null
2025-09-18 10:49:14,009 [INFO] LogOutputStream:77 - [STDOUT_REDIRECT] 1 : Invalid condition id : UX_CORESTACK_Condition cause : null
2025-09-18 10:49:14,011 [WARN] PackLoader:240 - Cannot read IP mode file for STMicroelectronics.X-CUBE-AZRTOS-WL.2.0.0
2025-09-18 10:49:14,016 [WARN] PackLoader:240 - Cannot read IP mode file for STMicroelectronics.FP-SNS-MOTENV1.5.0.0
2025-09-18 10:49:14,022 [WARN] PackLoader:240 - Cannot read IP mode file for STMicroelectronics.X-CUBE-BLE2.3.3.0
2025-09-18 10:49:14,028 [WARN] PackLoader:240 - Cannot read IP mode file for STMicroelectronics.X-CUBE-NFC9.1.0.0
2025-09-18 10:49:14,032 [WARN] PackLoader:240 - Cannot read IP mode file for wolfSSL.I-CUBE-wolfSSL.5.8.2
2025-09-18 10:49:14,036 [WARN] PackLoader:240 - Cannot read IP mode file for STMicroelectronics.X-CUBE-BLE1.7.1.0
2025-09-18 10:49:14,039 [WARN] PackLoader:240 - Cannot read IP mode file for wolfSSL.I-CUBE-wolfMQTT.1.19.2
2025-09-18 10:49:14,044 [WARN] PackLoader:240 - Cannot read IP mode file for STMicroelectronics.X-CUBE-EEPRMA1.5.2.0
2025-09-18 10:49:14,058 [WARN] PackLoader:240 - Cannot read IP mode file for STMicroelectronics.X-CUBE-AZRTOS-G0.1.1.0
2025-09-18 10:49:14,063 [WARN] PackLoader:240 - Cannot read IP mode file for STMicroelectronics.X-CUBE-SAFEA1.1.2.2
2025-09-18 10:49:14,068 [WARN] PackLoader:240 - Cannot read IP mode file for STMicroelectronics.X-CUBE-NFC4.3.0.0
2025-09-18 10:49:14,074 [WARN] PackLoader:240 - Cannot read IP mode file for EmbeddedOffice.I-CUBE-FS-RTOS.1.0.1
2025-09-18 10:49:14,079 [WARN] PackLoader:240 - Cannot read IP mode file for STMicroelectronics.X-CUBE-WB05N.2.0.0
2025-09-18 10:49:14,082 [WARN] PackLoader:240 - Cannot read IP mode file for wolfSSL.I-CUBE-wolfTPM.3.8.0
2025-09-18 10:49:14,087 [WARN] PackLoader:240 - Cannot read IP mode file for STMicroelectronics.X-CUBE-TCPP.4.2.0
2025-09-18 10:49:14,092 [WARN] PackLoader:240 - Cannot read IP mode file for RealThread.X-CUBE-RT-Thread_Nano.4.1.1
2025-09-18 10:49:14,095 [WARN] PackLoader:240 - Cannot read IP mode file for STMicroelectronics.FP-ATR-SIGFOX1.3.2.0
2025-09-18 10:49:14,099 [WARN] PackLoader:240 - Cannot read IP mode file for ITTIA_DB.I-CUBE-ITTIADB.8.9.0
2025-09-18 10:49:14,111 [WARN] PackLoader:240 - Cannot read IP mode file for STMicroelectronics.X-CUBE-ST67W61.1.0.0
2025-09-18 10:49:14,116 [WARN] PackLoader:240 - Cannot read IP mode file for STMicroelectronics.X-CUBE-AI.10.2.0
2025-09-18 10:49:14,141 [WARN] PackLoader:240 - Cannot read IP mode file for SEGGER.I-CUBE-embOS.1.3.1
2025-09-18 10:49:14,173 [WARN] PackLoader:240 - Cannot read IP mode file for STMicroelectronics.X-CUBE-ALGOBUILD.1.4.0
2025-09-18 10:49:14,211 [WARN] PackLoader:240 - Cannot read IP mode file for STMicroelectronics.X-CUBE-MEMS1.11.3.0
2025-09-18 10:49:14,324 [WARN] PackLoader:240 - Cannot read IP mode file for STMicroelectronics.X-CUBE-PM33A1.1.0.0
2025-09-18 10:49:14,337 [WARN] PackLoader:240 - Cannot read IP mode file for STMicroelectronics.X-CUBE-AZRTOS-F4.1.1.0
2025-09-18 10:49:14,342 [WARN] PackLoader:240 - Cannot read IP mode file for Avnet-IotConnect.X-CUBE-IoTC-DA16k-PMOD.1.0.0
2025-09-18 10:49:14,345 [WARN] PackLoader:240 - Cannot read IP mode file for STMicroelectronics.X-CUBE-ISPU.2.1.0
2025-09-18 10:49:14,352 [WARN] PackLoader:240 - Cannot read IP mode file for STMicroelectronics.X-CUBE-NFC12.1.0.0
2025-09-18 10:49:14,366 [WARN] PackLoader:240 - Cannot read IP mode file for STMicroelectronics.X-CUBE-AZRTOS-L5.2.0.0
2025-09-18 10:49:14,374 [WARN] PackLoader:240 - Cannot read IP mode file for STMicroelectronics.X-CUBE-NFC6.3.1.0
2025-09-18 10:49:14,380 [WARN] PackLoader:240 - Cannot read IP mode file for STMicroelectronics.X-CUBE-FREERTOS.1.3.1
2025-09-18 10:49:14,384 [WARN] PackLoader:240 - Cannot read IP mode file for STMicroelectronics.FP-SNS-STAIOTCFT.1.0.0
2025-09-18 10:49:14,389 [WARN] PackLoader:240 - Cannot read IP mode file for STMicroelectronics.X-CUBE-DPower.1.3.0
2025-09-18 10:49:14,401 [WARN] ConditionMgr:438 - getConditionDescription Invalid condition id : LAN8742 Phy interface Condition cause : null
2025-09-18 10:49:14,402 [WARN] PackLoader:240 - Cannot read IP mode file for STMicroelectronics.X-CUBE-AZRTOS-L4.2.0.0
2025-09-18 10:49:14,403 [WARN] ConditionMgr:1044 - genDependencies : Invalid condition id : LAN8742 Phy interface Condition cause : null
2025-09-18 10:49:14,403 [WARN] ConditionMgr:1044 - genDependencies : Invalid condition id : LAN8742 Phy interface Condition cause : null
2025-09-18 10:49:14,404 [WARN] ConditionMgr:1044 - genDependencies : Invalid condition id : LAN8742 Phy interface Condition cause : null
2025-09-18 10:49:14,409 [WARN] PackLoader:240 - Cannot read IP mode file for STMicroelectronics.X-CUBE-SFXS2LP1.4.0.0
2025-09-18 10:49:14,418 [WARN] PackLoader:240 - Cannot read IP mode file for STMicroelectronics.X-CUBE-BLEMGR.4.1.0
2025-09-18 10:49:14,433 [WARN] ConditionMgr:438 - getConditionDescription Invalid condition id : UX DEVICE CLASS RTOS Condition cause : null
2025-09-18 10:49:14,433 [WARN] ConditionMgr:438 - getConditionDescription Invalid condition id : UX DEVICE CLASS RTOS Condition cause : null
2025-09-18 10:49:14,436 [WARN] PackLoader:240 - Cannot read IP mode file for STMicroelectronics.X-CUBE-AZRTOS-WB.2.0.0
2025-09-18 10:49:14,437 [WARN] ConditionMgr:1044 - genDependencies : Invalid condition id : UX DEVICE CLASS RTOS Condition cause : null
2025-09-18 10:49:14,437 [WARN] ConditionMgr:1044 - genDependencies : Invalid condition id : UX DEVICE CLASS RTOS Condition cause : null
2025-09-18 10:49:14,438 [WARN] ConditionMgr:1044 - genDependencies : Invalid condition id : UX DEVICE CLASS RTOS Condition cause : null
2025-09-18 10:49:14,438 [WARN] ConditionMgr:1044 - genDependencies : Invalid condition id : UX DEVICE CLASS RTOS Condition cause : null
2025-09-18 10:49:14,438 [WARN] ConditionMgr:1044 - genDependencies : Invalid condition id : UX DEVICE CLASS RTOS Condition cause : null
2025-09-18 10:49:14,444 [WARN] PackLoader:240 - Cannot read IP mode file for STMicroelectronics.X-CUBE-GNSS1.7.0.1
2025-09-18 10:49:14,450 [WARN] PackLoader:240 - Cannot read IP mode file for STMicroelectronics.X-CUBE-TOUCHGFX.4.25.0
2025-09-18 10:49:14,454 [WARN] ConditionMgr:438 - getConditionDescription Invalid condition id : Cortex-A Device cause : null
2025-09-18 10:49:14,470 [WARN] ConditionMgr:1044 - genDependencies : Invalid condition id : Cortex-A Device cause : null
2025-09-18 10:49:14,470 [WARN] ConditionMgr:1044 - genDependencies : Invalid condition id : Cortex-A Device cause : null
2025-09-18 10:49:14,470 [WARN] ConditionMgr:1044 - genDependencies : Invalid condition id : Cortex-A Device cause : null
2025-09-18 10:49:14,492 [WARN] PackLoader:240 - Cannot read IP mode file for STMicroelectronics.X-CUBE-SUBG2.5.0.0
2025-09-18 10:49:14,527 [WARN] PackLoader:240 - Cannot read IP mode file for STMicroelectronics.X-CUBE-AZRTOS-H7RS.1.1.0
2025-09-18 10:49:14,535 [WARN] PackLoader:240 - Cannot read IP mode file for Cesanta.I-CUBE-Mongoose.7.13.0
2025-09-18 10:49:14,552 [WARN] PackLoader:240 - Cannot read IP mode file for STMicroelectronics.X-CUBE-AZRTOS-G4.2.0.0
2025-09-18 10:49:14,560 [WARN] PackLoader:240 - Cannot read IP mode file for wolfSSL.I-CUBE-wolfSSH.1.4.20
2025-09-18 10:49:14,566 [WARN] PackLoader:240 - Cannot read IP mode file for STMicroelectronics.X-CUBE-NFC7.2.0.0
2025-09-18 10:49:14,609 [WARN] PackLoader:240 - Cannot read IP mode file for STMicroelectronics.X-CUBE-IPS.3.1.0
2025-09-18 10:49:14,619 [INFO] WebApp:191 - Connection restablished
2025-09-18 10:49:14,622 [WARN] PackLoader:240 - Cannot read IP mode file for STMicroelectronics.X-CUBE-ALS.1.0.2
2025-09-18 10:49:14,628 [WARN] PackLoader:240 - Cannot read IP mode file for STMicroelectronics.X-CUBE-STSE01.1.0.0
2025-09-18 10:49:14,642 [WARN] PackLoader:240 - Cannot read IP mode file for STMicroelectronics.X-CUBE-TOF1.3.4.3
2025-09-18 10:49:14,659 [INFO] ThirdParty:978 - Integrity check success = true
2025-09-18 10:49:14,659 [INFO] IntegrityCheckThread:100 - exiting critical section [integrity check]
2025-09-18 10:49:14,659 [INFO] IntegrityCheckThread:103 - End integrity checks thread
2025-09-18 10:49:40,790 [ERROR] LogOutputStream:75 - [STDERR_REDIRECT] Sep 18, 2025 10:49:40 AM java.util.prefs.FileSystemPreferences checkLockFile0ErrorCode
2025-09-18 10:49:40,791 [ERROR] LogOutputStream:75 - [STDERR_REDIRECT] WARNING: Could not lock System prefs. Unix error code 2.
2025-09-18 10:49:40,791 [ERROR] LogOutputStream:75 - [STDERR_REDIRECT] 
2025-09-18 10:49:40,791 [ERROR] LogOutputStream:75 - [STDERR_REDIRECT] Sep 18, 2025 10:49:40 AM java.util.prefs.FileSystemPreferences syncWorld
2025-09-18 10:49:40,791 [ERROR] LogOutputStream:75 - [STDERR_REDIRECT] WARNING: Couldn't flush system prefs: java.util.prefs.BackingStoreException: Couldn't get file lock.
2025-09-18 10:49:40,791 [ERROR] LogOutputStream:75 - [STDERR_REDIRECT] 
2025-09-18 10:50:10,773 [ERROR] LogOutputStream:75 - [STDERR_REDIRECT] Sep 18, 2025 10:50:10 AM java.util.prefs.FileSystemPreferences checkLockFile0ErrorCode
2025-09-18 10:50:10,774 [ERROR] LogOutputStream:75 - [STDERR_REDIRECT] WARNING: Could not lock System prefs. Unix error code 2.
2025-09-18 10:50:10,774 [ERROR] LogOutputStream:75 - [STDERR_REDIRECT] 
2025-09-18 10:50:10,775 [ERROR] LogOutputStream:75 - [STDERR_REDIRECT] Sep 18, 2025 10:50:10 AM java.util.prefs.FileSystemPreferences syncWorld
2025-09-18 10:50:10,780 [ERROR] LogOutputStream:75 - [STDERR_REDIRECT] WARNING: Couldn't flush system prefs: java.util.prefs.BackingStoreException: Couldn't get file lock.
2025-09-18 10:50:10,780 [ERROR] LogOutputStream:75 - [STDERR_REDIRECT] 
2025-09-18 10:50:40,773 [ERROR] LogOutputStream:75 - [STDERR_REDIRECT] Sep 18, 2025 10:50:40 AM java.util.prefs.FileSystemPreferences checkLockFile0ErrorCode
2025-09-18 10:50:40,773 [ERROR] LogOutputStream:75 - [STDERR_REDIRECT] WARNING: Could not lock System prefs. Unix error code 2.
2025-09-18 10:50:40,774 [ERROR] LogOutputStream:75 - [STDERR_REDIRECT] 
2025-09-18 10:50:40,774 [ERROR] LogOutputStream:75 - [STDERR_REDIRECT] Sep 18, 2025 10:50:40 AM java.util.prefs.FileSystemPreferences syncWorld
2025-09-18 10:50:40,774 [ERROR] LogOutputStream:75 - [STDERR_REDIRECT] WARNING: Couldn't flush system prefs: java.util.prefs.BackingStoreException: Couldn't get file lock.
2025-09-18 10:50:40,774 [ERROR] LogOutputStream:75 - [STDERR_REDIRECT] 
2025-09-18 10:51:10,774 [ERROR] LogOutputStream:75 - [STDERR_REDIRECT] Sep 18, 2025 10:51:10 AM java.util.prefs.FileSystemPreferences checkLockFile0ErrorCode
2025-09-18 10:51:10,774 [ERROR] LogOutputStream:75 - [STDERR_REDIRECT] WARNING: Could not lock System prefs. Unix error code 2.
2025-09-18 10:51:10,774 [ERROR] LogOutputStream:75 - [STDERR_REDIRECT] 
2025-09-18 10:51:10,774 [ERROR] LogOutputStream:75 - [STDERR_REDIRECT] Sep 18, 2025 10:51:10 AM java.util.prefs.FileSystemPreferences syncWorld
2025-09-18 10:51:10,775 [ERROR] LogOutputStream:75 - [STDERR_REDIRECT] WARNING: Couldn't flush system prefs: java.util.prefs.BackingStoreException: Couldn't get file lock.
2025-09-18 10:51:10,775 [ERROR] LogOutputStream:75 - [STDERR_REDIRECT] 
2025-09-18 10:51:40,774 [ERROR] LogOutputStream:75 - [STDERR_REDIRECT] Sep 18, 2025 10:51:40 AM java.util.prefs.FileSystemPreferences checkLockFile0ErrorCode
2025-09-18 10:51:40,774 [ERROR] LogOutputStream:75 - [STDERR_REDIRECT] WARNING: Could not lock System prefs. Unix error code 2.
2025-09-18 10:51:40,774 [ERROR] LogOutputStream:75 - [STDERR_REDIRECT] 
2025-09-18 10:51:40,774 [ERROR] LogOutputStream:75 - [STDERR_REDIRECT] Sep 18, 2025 10:51:40 AM java.util.prefs.FileSystemPreferences syncWorld
2025-09-18 10:51:40,775 [ERROR] LogOutputStream:75 - [STDERR_REDIRECT] WARNING: Couldn't flush system prefs: java.util.prefs.BackingStoreException: Couldn't get file lock.
2025-09-18 10:51:40,775 [ERROR] LogOutputStream:75 - [STDERR_REDIRECT] 
2025-09-18 10:52:10,773 [ERROR] LogOutputStream:75 - [STDERR_REDIRECT] Sep 18, 2025 10:52:10 AM java.util.prefs.FileSystemPreferences checkLockFile0ErrorCode
2025-09-18 10:52:10,773 [ERROR] LogOutputStream:75 - [STDERR_REDIRECT] WARNING: Could not lock System prefs. Unix error code 2.
2025-09-18 10:52:10,774 [ERROR] LogOutputStream:75 - [STDERR_REDIRECT] 
2025-09-18 10:52:10,774 [ERROR] LogOutputStream:75 - [STDERR_REDIRECT] Sep 18, 2025 10:52:10 AM java.util.prefs.FileSystemPreferences syncWorld
2025-09-18 10:52:10,774 [ERROR] LogOutputStream:75 - [STDERR_REDIRECT] WARNING: Couldn't flush system prefs: java.util.prefs.BackingStoreException: Couldn't get file lock.
2025-09-18 10:52:10,775 [ERROR] LogOutputStream:75 - [STDERR_REDIRECT] 
2025-09-18 10:52:40,776 [ERROR] LogOutputStream:75 - [STDERR_REDIRECT] Sep 18, 2025 10:52:40 AM java.util.prefs.FileSystemPreferences checkLockFile0ErrorCode
2025-09-18 10:52:40,776 [ERROR] LogOutputStream:75 - [STDERR_REDIRECT] WARNING: Could not lock System prefs. Unix error code 2.
2025-09-18 10:52:40,777 [ERROR] LogOutputStream:75 - [STDERR_REDIRECT] 
2025-09-18 10:52:40,777 [ERROR] LogOutputStream:75 - [STDERR_REDIRECT] Sep 18, 2025 10:52:40 AM java.util.prefs.FileSystemPreferences syncWorld
2025-09-18 10:52:40,777 [ERROR] LogOutputStream:75 - [STDERR_REDIRECT] WARNING: Couldn't flush system prefs: java.util.prefs.BackingStoreException: Couldn't get file lock.
2025-09-18 10:52:40,777 [ERROR] LogOutputStream:75 - [STDERR_REDIRECT] 
2025-09-18 10:53:10,773 [ERROR] LogOutputStream:75 - [STDERR_REDIRECT] Sep 18, 2025 10:53:10 AM java.util.prefs.FileSystemPreferences checkLockFile0ErrorCode
2025-09-18 10:53:10,774 [ERROR] LogOutputStream:75 - [STDERR_REDIRECT] WARNING: Could not lock System prefs. Unix error code 2.
2025-09-18 10:53:10,774 [ERROR] LogOutputStream:75 - [STDERR_REDIRECT] 
2025-09-18 10:53:10,774 [ERROR] LogOutputStream:75 - [STDERR_REDIRECT] Sep 18, 2025 10:53:10 AM java.util.prefs.FileSystemPreferences syncWorld
2025-09-18 10:53:10,774 [ERROR] LogOutputStream:75 - [STDERR_REDIRECT] WARNING: Couldn't flush system prefs: java.util.prefs.BackingStoreException: Couldn't get file lock.
2025-09-18 10:53:10,774 [ERROR] LogOutputStream:75 - [STDERR_REDIRECT] 
2025-09-18 10:53:40,774 [ERROR] LogOutputStream:75 - [STDERR_REDIRECT] Sep 18, 2025 10:53:40 AM java.util.prefs.FileSystemPreferences checkLockFile0ErrorCode
2025-09-18 10:53:40,774 [ERROR] LogOutputStream:75 - [STDERR_REDIRECT] WARNING: Could not lock System prefs. Unix error code 2.
2025-09-18 10:53:40,775 [ERROR] LogOutputStream:75 - [STDERR_REDIRECT] 
2025-09-18 10:53:40,775 [ERROR] LogOutputStream:75 - [STDERR_REDIRECT] Sep 18, 2025 10:53:40 AM java.util.prefs.FileSystemPreferences syncWorld
2025-09-18 10:53:40,775 [ERROR] LogOutputStream:75 - [STDERR_REDIRECT] WARNING: Couldn't flush system prefs: java.util.prefs.BackingStoreException: Couldn't get file lock.
2025-09-18 10:53:40,775 [ERROR] LogOutputStream:75 - [STDERR_REDIRECT] 
2025-09-18 10:54:10,774 [ERROR] LogOutputStream:75 - [STDERR_REDIRECT] Sep 18, 2025 10:54:10 AM java.util.prefs.FileSystemPreferences checkLockFile0ErrorCode
2025-09-18 10:54:10,774 [ERROR] LogOutputStream:75 - [STDERR_REDIRECT] WARNING: Could not lock System prefs. Unix error code 2.
2025-09-18 10:54:10,774 [ERROR] LogOutputStream:75 - [STDERR_REDIRECT] 
2025-09-18 10:54:10,775 [ERROR] LogOutputStream:75 - [STDERR_REDIRECT] Sep 18, 2025 10:54:10 AM java.util.prefs.FileSystemPreferences syncWorld
2025-09-18 10:54:10,775 [ERROR] LogOutputStream:75 - [STDERR_REDIRECT] WARNING: Couldn't flush system prefs: java.util.prefs.BackingStoreException: Couldn't get file lock.
2025-09-18 10:54:10,775 [ERROR] LogOutputStream:75 - [STDERR_REDIRECT] 
2025-09-18 10:54:40,773 [ERROR] LogOutputStream:75 - [STDERR_REDIRECT] Sep 18, 2025 10:54:40 AM java.util.prefs.FileSystemPreferences checkLockFile0ErrorCode
2025-09-18 10:54:40,774 [ERROR] LogOutputStream:75 - [STDERR_REDIRECT] WARNING: Could not lock System prefs. Unix error code 2.
2025-09-18 10:54:40,774 [ERROR] LogOutputStream:75 - [STDERR_REDIRECT] 
2025-09-18 10:54:40,774 [ERROR] LogOutputStream:75 - [STDERR_REDIRECT] Sep 18, 2025 10:54:40 AM java.util.prefs.FileSystemPreferences syncWorld
2025-09-18 10:54:40,774 [ERROR] LogOutputStream:75 - [STDERR_REDIRECT] WARNING: Couldn't flush system prefs: java.util.prefs.BackingStoreException: Couldn't get file lock.
2025-09-18 10:54:40,774 [ERROR] LogOutputStream:75 - [STDERR_REDIRECT] 
2025-09-18 10:55:10,776 [ERROR] LogOutputStream:75 - [STDERR_REDIRECT] Sep 18, 2025 10:55:10 AM java.util.prefs.FileSystemPreferences checkLockFile0ErrorCode
2025-09-18 10:55:10,776 [ERROR] LogOutputStream:75 - [STDERR_REDIRECT] WARNING: Could not lock System prefs. Unix error code 2.
2025-09-18 10:55:10,776 [ERROR] LogOutputStream:75 - [STDERR_REDIRECT] 
2025-09-18 10:55:10,777 [ERROR] LogOutputStream:75 - [STDERR_REDIRECT] Sep 18, 2025 10:55:10 AM java.util.prefs.FileSystemPreferences syncWorld
2025-09-18 10:55:10,777 [ERROR] LogOutputStream:75 - [STDERR_REDIRECT] WARNING: Couldn't flush system prefs: java.util.prefs.BackingStoreException: Couldn't get file lock.
2025-09-18 10:55:10,777 [ERROR] LogOutputStream:75 - [STDERR_REDIRECT] 
2025-09-18 10:55:40,773 [ERROR] LogOutputStream:75 - [STDERR_REDIRECT] Sep 18, 2025 10:55:40 AM java.util.prefs.FileSystemPreferences checkLockFile0ErrorCode
2025-09-18 10:55:40,773 [ERROR] LogOutputStream:75 - [STDERR_REDIRECT] WARNING: Could not lock System prefs. Unix error code 2.
2025-09-18 10:55:40,773 [ERROR] LogOutputStream:75 - [STDERR_REDIRECT] 
2025-09-18 10:55:40,774 [ERROR] LogOutputStream:75 - [STDERR_REDIRECT] Sep 18, 2025 10:55:40 AM java.util.prefs.FileSystemPreferences syncWorld
2025-09-18 10:55:40,774 [ERROR] LogOutputStream:75 - [STDERR_REDIRECT] WARNING: Couldn't flush system prefs: java.util.prefs.BackingStoreException: Couldn't get file lock.
2025-09-18 10:55:40,774 [ERROR] LogOutputStream:75 - [STDERR_REDIRECT] 
2025-09-18 10:56:10,774 [ERROR] LogOutputStream:75 - [STDERR_REDIRECT] Sep 18, 2025 10:56:10 AM java.util.prefs.FileSystemPreferences checkLockFile0ErrorCode
2025-09-18 10:56:10,774 [ERROR] LogOutputStream:75 - [STDERR_REDIRECT] WARNING: Could not lock System prefs. Unix error code 2.
2025-09-18 10:56:10,774 [ERROR] LogOutputStream:75 - [STDERR_REDIRECT] 
2025-09-18 10:56:10,774 [ERROR] LogOutputStream:75 - [STDERR_REDIRECT] Sep 18, 2025 10:56:10 AM java.util.prefs.FileSystemPreferences syncWorld
2025-09-18 10:56:10,775 [ERROR] LogOutputStream:75 - [STDERR_REDIRECT] WARNING: Couldn't flush system prefs: java.util.prefs.BackingStoreException: Couldn't get file lock.
2025-09-18 10:56:10,775 [ERROR] LogOutputStream:75 - [STDERR_REDIRECT] 
2025-09-18 10:56:40,774 [ERROR] LogOutputStream:75 - [STDERR_REDIRECT] Sep 18, 2025 10:56:40 AM java.util.prefs.FileSystemPreferences checkLockFile0ErrorCode
2025-09-18 10:56:40,774 [ERROR] LogOutputStream:75 - [STDERR_REDIRECT] WARNING: Could not lock System prefs. Unix error code 2.
2025-09-18 10:56:40,775 [ERROR] LogOutputStream:75 - [STDERR_REDIRECT] 
2025-09-18 10:56:40,775 [ERROR] LogOutputStream:75 - [STDERR_REDIRECT] Sep 18, 2025 10:56:40 AM java.util.prefs.FileSystemPreferences syncWorld
2025-09-18 10:56:40,775 [ERROR] LogOutputStream:75 - [STDERR_REDIRECT] WARNING: Couldn't flush system prefs: java.util.prefs.BackingStoreException: Couldn't get file lock.
2025-09-18 10:56:40,775 [ERROR] LogOutputStream:75 - [STDERR_REDIRECT] 
2025-09-18 10:57:10,773 [ERROR] LogOutputStream:75 - [STDERR_REDIRECT] Sep 18, 2025 10:57:10 AM java.util.prefs.FileSystemPreferences checkLockFile0ErrorCode
2025-09-18 10:57:10,774 [ERROR] LogOutputStream:75 - [STDERR_REDIRECT] WARNING: Could not lock System prefs. Unix error code 2.
2025-09-18 10:57:10,774 [ERROR] LogOutputStream:75 - [STDERR_REDIRECT] 
2025-09-18 10:57:10,774 [ERROR] LogOutputStream:75 - [STDERR_REDIRECT] Sep 18, 2025 10:57:10 AM java.util.prefs.FileSystemPreferences syncWorld
2025-09-18 10:57:10,774 [ERROR] LogOutputStream:75 - [STDERR_REDIRECT] WARNING: Couldn't flush system prefs: java.util.prefs.BackingStoreException: Couldn't get file lock.
2025-09-18 10:57:10,774 [ERROR] LogOutputStream:75 - [STDERR_REDIRECT] 
2025-09-18 10:57:40,774 [ERROR] LogOutputStream:75 - [STDERR_REDIRECT] Sep 18, 2025 10:57:40 AM java.util.prefs.FileSystemPreferences checkLockFile0ErrorCode
2025-09-18 10:57:40,774 [ERROR] LogOutputStream:75 - [STDERR_REDIRECT] WARNING: Could not lock System prefs. Unix error code 2.
2025-09-18 10:57:40,774 [ERROR] LogOutputStream:75 - [STDERR_REDIRECT] 
2025-09-18 10:57:40,775 [ERROR] LogOutputStream:75 - [STDERR_REDIRECT] Sep 18, 2025 10:57:40 AM java.util.prefs.FileSystemPreferences syncWorld
2025-09-18 10:57:40,775 [ERROR] LogOutputStream:75 - [STDERR_REDIRECT] WARNING: Couldn't flush system prefs: java.util.prefs.BackingStoreException: Couldn't get file lock.
2025-09-18 10:57:40,775 [ERROR] LogOutputStream:75 - [STDERR_REDIRECT] 
2025-09-18 10:58:10,774 [ERROR] LogOutputStream:75 - [STDERR_REDIRECT] Sep 18, 2025 10:58:10 AM java.util.prefs.FileSystemPreferences checkLockFile0ErrorCode
2025-09-18 10:58:10,774 [ERROR] LogOutputStream:75 - [STDERR_REDIRECT] WARNING: Could not lock System prefs. Unix error code 2.
2025-09-18 10:58:10,774 [ERROR] LogOutputStream:75 - [STDERR_REDIRECT] 
2025-09-18 10:58:10,775 [ERROR] LogOutputStream:75 - [STDERR_REDIRECT] Sep 18, 2025 10:58:10 AM java.util.prefs.FileSystemPreferences syncWorld
2025-09-18 10:58:10,775 [ERROR] LogOutputStream:75 - [STDERR_REDIRECT] WARNING: Couldn't flush system prefs: java.util.prefs.BackingStoreException: Couldn't get file lock.
2025-09-18 10:58:10,775 [ERROR] LogOutputStream:75 - [STDERR_REDIRECT] 
2025-09-18 10:58:40,773 [ERROR] LogOutputStream:75 - [STDERR_REDIRECT] Sep 18, 2025 10:58:40 AM java.util.prefs.FileSystemPreferences checkLockFile0ErrorCode
2025-09-18 10:58:40,773 [ERROR] LogOutputStream:75 - [STDERR_REDIRECT] WARNING: Could not lock System prefs. Unix error code 2.
2025-09-18 10:58:40,773 [ERROR] LogOutputStream:75 - [STDERR_REDIRECT] 
2025-09-18 10:58:40,774 [ERROR] LogOutputStream:75 - [STDERR_REDIRECT] Sep 18, 2025 10:58:40 AM java.util.prefs.FileSystemPreferences syncWorld
2025-09-18 10:58:40,774 [ERROR] LogOutputStream:75 - [STDERR_REDIRECT] WARNING: Couldn't flush system prefs: java.util.prefs.BackingStoreException: Couldn't get file lock.
2025-09-18 10:58:40,774 [ERROR] LogOutputStream:75 - [STDERR_REDIRECT] 
2025-09-18 10:59:10,775 [ERROR] LogOutputStream:75 - [STDERR_REDIRECT] Sep 18, 2025 10:59:10 AM java.util.prefs.FileSystemPreferences checkLockFile0ErrorCode
2025-09-18 10:59:10,775 [ERROR] LogOutputStream:75 - [STDERR_REDIRECT] WARNING: Could not lock System prefs. Unix error code 2.
2025-09-18 10:59:10,775 [ERROR] LogOutputStream:75 - [STDERR_REDIRECT] 
2025-09-18 10:59:10,775 [ERROR] LogOutputStream:75 - [STDERR_REDIRECT] Sep 18, 2025 10:59:10 AM java.util.prefs.FileSystemPreferences syncWorld
2025-09-18 10:59:10,776 [ERROR] LogOutputStream:75 - [STDERR_REDIRECT] WARNING: Couldn't flush system prefs: java.util.prefs.BackingStoreException: Couldn't get file lock.
2025-09-18 10:59:10,776 [ERROR] LogOutputStream:75 - [STDERR_REDIRECT] 
2025-09-18 10:59:40,772 [ERROR] LogOutputStream:75 - [STDERR_REDIRECT] Sep 18, 2025 10:59:40 AM java.util.prefs.FileSystemPreferences checkLockFile0ErrorCode
2025-09-18 10:59:40,773 [ERROR] LogOutputStream:75 - [STDERR_REDIRECT] WARNING: Could not lock System prefs. Unix error code 2.
2025-09-18 10:59:40,773 [ERROR] LogOutputStream:75 - [STDERR_REDIRECT] 
2025-09-18 10:59:40,773 [ERROR] LogOutputStream:75 - [STDERR_REDIRECT] Sep 18, 2025 10:59:40 AM java.util.prefs.FileSystemPreferences syncWorld
2025-09-18 10:59:40,773 [ERROR] LogOutputStream:75 - [STDERR_REDIRECT] WARNING: Couldn't flush system prefs: java.util.prefs.BackingStoreException: Couldn't get file lock.
2025-09-18 10:59:40,774 [ERROR] LogOutputStream:75 - [STDERR_REDIRECT] 
2025-09-18 11:00:10,774 [ERROR] LogOutputStream:75 - [STDERR_REDIRECT] Sep 18, 2025 11:00:10 AM java.util.prefs.FileSystemPreferences checkLockFile0ErrorCode
2025-09-18 11:00:10,774 [ERROR] LogOutputStream:75 - [STDERR_REDIRECT] WARNING: Could not lock System prefs. Unix error code 2.
2025-09-18 11:00:10,774 [ERROR] LogOutputStream:75 - [STDERR_REDIRECT] 
2025-09-18 11:00:10,774 [ERROR] LogOutputStream:75 - [STDERR_REDIRECT] Sep 18, 2025 11:00:10 AM java.util.prefs.FileSystemPreferences syncWorld
2025-09-18 11:00:10,774 [ERROR] LogOutputStream:75 - [STDERR_REDIRECT] WARNING: Couldn't flush system prefs: java.util.prefs.BackingStoreException: Couldn't get file lock.
2025-09-18 11:00:10,774 [ERROR] LogOutputStream:75 - [STDERR_REDIRECT] 
2025-09-18 11:00:40,774 [ERROR] LogOutputStream:75 - [STDERR_REDIRECT] Sep 18, 2025 11:00:40 AM java.util.prefs.FileSystemPreferences checkLockFile0ErrorCode
2025-09-18 11:00:40,774 [ERROR] LogOutputStream:75 - [STDERR_REDIRECT] WARNING: Could not lock System prefs. Unix error code 2.
2025-09-18 11:00:40,775 [ERROR] LogOutputStream:75 - [STDERR_REDIRECT] 
2025-09-18 11:00:40,775 [ERROR] LogOutputStream:75 - [STDERR_REDIRECT] Sep 18, 2025 11:00:40 AM java.util.prefs.FileSystemPreferences syncWorld
2025-09-18 11:00:40,775 [ERROR] LogOutputStream:75 - [STDERR_REDIRECT] WARNING: Couldn't flush system prefs: java.util.prefs.BackingStoreException: Couldn't get file lock.
2025-09-18 11:00:40,775 [ERROR] LogOutputStream:75 - [STDERR_REDIRECT] 
2025-09-18 11:01:10,775 [ERROR] LogOutputStream:75 - [STDERR_REDIRECT] Sep 18, 2025 11:01:10 AM java.util.prefs.FileSystemPreferences checkLockFile0ErrorCode
2025-09-18 11:01:10,775 [ERROR] LogOutputStream:75 - [STDERR_REDIRECT] WARNING: Could not lock System prefs. Unix error code 2.
2025-09-18 11:01:10,775 [ERROR] LogOutputStream:75 - [STDERR_REDIRECT] 
2025-09-18 11:01:10,775 [ERROR] LogOutputStream:75 - [STDERR_REDIRECT] Sep 18, 2025 11:01:10 AM java.util.prefs.FileSystemPreferences syncWorld
2025-09-18 11:01:10,776 [ERROR] LogOutputStream:75 - [STDERR_REDIRECT] WARNING: Couldn't flush system prefs: java.util.prefs.BackingStoreException: Couldn't get file lock.
2025-09-18 11:01:10,776 [ERROR] LogOutputStream:75 - [STDERR_REDIRECT] 
2025-09-18 11:01:40,774 [ERROR] LogOutputStream:75 - [STDERR_REDIRECT] Sep 18, 2025 11:01:40 AM java.util.prefs.FileSystemPreferences checkLockFile0ErrorCode
2025-09-18 11:01:40,774 [ERROR] LogOutputStream:75 - [STDERR_REDIRECT] WARNING: Could not lock System prefs. Unix error code 2.
2025-09-18 11:01:40,774 [ERROR] LogOutputStream:75 - [STDERR_REDIRECT] 
2025-09-18 11:01:40,774 [ERROR] LogOutputStream:75 - [STDERR_REDIRECT] Sep 18, 2025 11:01:40 AM java.util.prefs.FileSystemPreferences syncWorld
2025-09-18 11:01:40,774 [ERROR] LogOutputStream:75 - [STDERR_REDIRECT] WARNING: Couldn't flush system prefs: java.util.prefs.BackingStoreException: Couldn't get file lock.
2025-09-18 11:01:40,774 [ERROR] LogOutputStream:75 - [STDERR_REDIRECT] 
2025-09-18 11:02:10,775 [ERROR] LogOutputStream:75 - [STDERR_REDIRECT] Sep 18, 2025 11:02:10 AM java.util.prefs.FileSystemPreferences checkLockFile0ErrorCode
2025-09-18 11:02:10,775 [ERROR] LogOutputStream:75 - [STDERR_REDIRECT] WARNING: Could not lock System prefs. Unix error code 2.
2025-09-18 11:02:10,775 [ERROR] LogOutputStream:75 - [STDERR_REDIRECT] 
2025-09-18 11:02:10,776 [ERROR] LogOutputStream:75 - [STDERR_REDIRECT] Sep 18, 2025 11:02:10 AM java.util.prefs.FileSystemPreferences syncWorld
2025-09-18 11:02:10,776 [ERROR] LogOutputStream:75 - [STDERR_REDIRECT] WARNING: Couldn't flush system prefs: java.util.prefs.BackingStoreException: Couldn't get file lock.
2025-09-18 11:02:10,776 [ERROR] LogOutputStream:75 - [STDERR_REDIRECT] 
2025-09-18 11:02:40,775 [ERROR] LogOutputStream:75 - [STDERR_REDIRECT] Sep 18, 2025 11:02:40 AM java.util.prefs.FileSystemPreferences checkLockFile0ErrorCode
2025-09-18 11:02:40,775 [ERROR] LogOutputStream:75 - [STDERR_REDIRECT] WARNING: Could not lock System prefs. Unix error code 2.
2025-09-18 11:02:40,776 [ERROR] LogOutputStream:75 - [STDERR_REDIRECT] 
2025-09-18 11:02:40,776 [ERROR] LogOutputStream:75 - [STDERR_REDIRECT] Sep 18, 2025 11:02:40 AM java.util.prefs.FileSystemPreferences syncWorld
2025-09-18 11:02:40,776 [ERROR] LogOutputStream:75 - [STDERR_REDIRECT] WARNING: Couldn't flush system prefs: java.util.prefs.BackingStoreException: Couldn't get file lock.
2025-09-18 11:02:40,776 [ERROR] LogOutputStream:75 - [STDERR_REDIRECT] 
2025-09-18 11:03:10,776 [ERROR] LogOutputStream:75 - [STDERR_REDIRECT] Sep 18, 2025 11:03:10 AM java.util.prefs.FileSystemPreferences checkLockFile0ErrorCode
2025-09-18 11:03:10,777 [ERROR] LogOutputStream:75 - [STDERR_REDIRECT] WARNING: Could not lock System prefs. Unix error code 2.
2025-09-18 11:03:10,777 [ERROR] LogOutputStream:75 - [STDERR_REDIRECT] 
2025-09-18 11:03:10,777 [ERROR] LogOutputStream:75 - [STDERR_REDIRECT] Sep 18, 2025 11:03:10 AM java.util.prefs.FileSystemPreferences syncWorld
2025-09-18 11:03:10,777 [ERROR] LogOutputStream:75 - [STDERR_REDIRECT] WARNING: Couldn't flush system prefs: java.util.prefs.BackingStoreException: Couldn't get file lock.
2025-09-18 11:03:10,777 [ERROR] LogOutputStream:75 - [STDERR_REDIRECT] 
2025-09-18 11:03:40,776 [ERROR] LogOutputStream:75 - [STDERR_REDIRECT] Sep 18, 2025 11:03:40 AM java.util.prefs.FileSystemPreferences checkLockFile0ErrorCode
2025-09-18 11:03:40,776 [ERROR] LogOutputStream:75 - [STDERR_REDIRECT] WARNING: Could not lock System prefs. Unix error code 2.
2025-09-18 11:03:40,776 [ERROR] LogOutputStream:75 - [STDERR_REDIRECT] 
2025-09-18 11:03:40,776 [ERROR] LogOutputStream:75 - [STDERR_REDIRECT] Sep 18, 2025 11:03:40 AM java.util.prefs.FileSystemPreferences syncWorld
2025-09-18 11:03:40,776 [ERROR] LogOutputStream:75 - [STDERR_REDIRECT] WARNING: Couldn't flush system prefs: java.util.prefs.BackingStoreException: Couldn't get file lock.
2025-09-18 11:03:40,776 [ERROR] LogOutputStream:75 - [STDERR_REDIRECT] 
2025-09-18 11:04:10,776 [ERROR] LogOutputStream:75 - [STDERR_REDIRECT] Sep 18, 2025 11:04:10 AM java.util.prefs.FileSystemPreferences checkLockFile0ErrorCode
2025-09-18 11:04:10,776 [ERROR] LogOutputStream:75 - [STDERR_REDIRECT] WARNING: Could not lock System prefs. Unix error code 2.
2025-09-18 11:04:10,776 [ERROR] LogOutputStream:75 - [STDERR_REDIRECT] 
2025-09-18 11:04:10,776 [ERROR] LogOutputStream:75 - [STDERR_REDIRECT] Sep 18, 2025 11:04:10 AM java.util.prefs.FileSystemPreferences syncWorld
2025-09-18 11:04:10,777 [ERROR] LogOutputStream:75 - [STDERR_REDIRECT] WARNING: Couldn't flush system prefs: java.util.prefs.BackingStoreException: Couldn't get file lock.
2025-09-18 11:04:10,777 [ERROR] LogOutputStream:75 - [STDERR_REDIRECT] 
2025-09-18 11:04:40,775 [ERROR] LogOutputStream:75 - [STDERR_REDIRECT] Sep 18, 2025 11:04:40 AM java.util.prefs.FileSystemPreferences checkLockFile0ErrorCode
2025-09-18 11:04:40,775 [ERROR] LogOutputStream:75 - [STDERR_REDIRECT] WARNING: Could not lock System prefs. Unix error code 2.
2025-09-18 11:04:40,776 [ERROR] LogOutputStream:75 - [STDERR_REDIRECT] 
2025-09-18 11:04:40,776 [ERROR] LogOutputStream:75 - [STDERR_REDIRECT] Sep 18, 2025 11:04:40 AM java.util.prefs.FileSystemPreferences syncWorld
2025-09-18 11:04:40,776 [ERROR] LogOutputStream:75 - [STDERR_REDIRECT] WARNING: Couldn't flush system prefs: java.util.prefs.BackingStoreException: Couldn't get file lock.
2025-09-18 11:04:40,776 [ERROR] LogOutputStream:75 - [STDERR_REDIRECT] 
2025-09-18 11:05:10,776 [ERROR] LogOutputStream:75 - [STDERR_REDIRECT] Sep 18, 2025 11:05:10 AM java.util.prefs.FileSystemPreferences checkLockFile0ErrorCode
2025-09-18 11:05:10,776 [ERROR] LogOutputStream:75 - [STDERR_REDIRECT] WARNING: Could not lock System prefs. Unix error code 2.
2025-09-18 11:05:10,776 [ERROR] LogOutputStream:75 - [STDERR_REDIRECT] 
2025-09-18 11:05:10,776 [ERROR] LogOutputStream:75 - [STDERR_REDIRECT] Sep 18, 2025 11:05:10 AM java.util.prefs.FileSystemPreferences syncWorld
2025-09-18 11:05:10,776 [ERROR] LogOutputStream:75 - [STDERR_REDIRECT] WARNING: Couldn't flush system prefs: java.util.prefs.BackingStoreException: Couldn't get file lock.
2025-09-18 11:05:10,776 [ERROR] LogOutputStream:75 - [STDERR_REDIRECT] 
2025-09-18 11:05:40,777 [ERROR] LogOutputStream:75 - [STDERR_REDIRECT] Sep 18, 2025 11:05:40 AM java.util.prefs.FileSystemPreferences checkLockFile0ErrorCode
2025-09-18 11:05:40,777 [ERROR] LogOutputStream:75 - [STDERR_REDIRECT] WARNING: Could not lock System prefs. Unix error code 2.
2025-09-18 11:05:40,777 [ERROR] LogOutputStream:75 - [STDERR_REDIRECT] 
2025-09-18 11:05:40,777 [ERROR] LogOutputStream:75 - [STDERR_REDIRECT] Sep 18, 2025 11:05:40 AM java.util.prefs.FileSystemPreferences syncWorld
2025-09-18 11:05:40,777 [ERROR] LogOutputStream:75 - [STDERR_REDIRECT] WARNING: Couldn't flush system prefs: java.util.prefs.BackingStoreException: Couldn't get file lock.
2025-09-18 11:05:40,777 [ERROR] LogOutputStream:75 - [STDERR_REDIRECT] 
2025-09-18 11:06:10,779 [ERROR] LogOutputStream:75 - [STDERR_REDIRECT] Sep 18, 2025 11:06:10 AM java.util.prefs.FileSystemPreferences checkLockFile0ErrorCode
2025-09-18 11:06:10,779 [ERROR] LogOutputStream:75 - [STDERR_REDIRECT] WARNING: Could not lock System prefs. Unix error code 2.
2025-09-18 11:06:10,779 [ERROR] LogOutputStream:75 - [STDERR_REDIRECT] 
2025-09-18 11:06:10,779 [ERROR] LogOutputStream:75 - [STDERR_REDIRECT] Sep 18, 2025 11:06:10 AM java.util.prefs.FileSystemPreferences syncWorld
2025-09-18 11:06:10,779 [ERROR] LogOutputStream:75 - [STDERR_REDIRECT] WARNING: Couldn't flush system prefs: java.util.prefs.BackingStoreException: Couldn't get file lock.
2025-09-18 11:06:10,779 [ERROR] LogOutputStream:75 - [STDERR_REDIRECT] 
2025-09-18 11:06:40,781 [ERROR] LogOutputStream:75 - [STDERR_REDIRECT] Sep 18, 2025 11:06:40 AM java.util.prefs.FileSystemPreferences checkLockFile0ErrorCode
2025-09-18 11:06:40,781 [ERROR] LogOutputStream:75 - [STDERR_REDIRECT] WARNING: Could not lock System prefs. Unix error code 2.
2025-09-18 11:06:40,781 [ERROR] LogOutputStream:75 - [STDERR_REDIRECT] 
2025-09-18 11:06:40,781 [ERROR] LogOutputStream:75 - [STDERR_REDIRECT] Sep 18, 2025 11:06:40 AM java.util.prefs.FileSystemPreferences syncWorld
2025-09-18 11:06:40,781 [ERROR] LogOutputStream:75 - [STDERR_REDIRECT] WARNING: Couldn't flush system prefs: java.util.prefs.BackingStoreException: Couldn't get file lock.
2025-09-18 11:06:40,781 [ERROR] LogOutputStream:75 - [STDERR_REDIRECT] 
2025-09-18 11:07:10,778 [ERROR] LogOutputStream:75 - [STDERR_REDIRECT] Sep 18, 2025 11:07:10 AM java.util.prefs.FileSystemPreferences checkLockFile0ErrorCode
2025-09-18 11:07:10,778 [ERROR] LogOutputStream:75 - [STDERR_REDIRECT] WARNING: Could not lock System prefs. Unix error code 2.
2025-09-18 11:07:10,779 [ERROR] LogOutputStream:75 - [STDERR_REDIRECT] 
2025-09-18 11:07:10,779 [ERROR] LogOutputStream:75 - [STDERR_REDIRECT] Sep 18, 2025 11:07:10 AM java.util.prefs.FileSystemPreferences syncWorld
2025-09-18 11:07:10,779 [ERROR] LogOutputStream:75 - [STDERR_REDIRECT] WARNING: Couldn't flush system prefs: java.util.prefs.BackingStoreException: Couldn't get file lock.
2025-09-18 11:07:10,779 [ERROR] LogOutputStream:75 - [STDERR_REDIRECT] 
2025-09-18 11:07:40,781 [ERROR] LogOutputStream:75 - [STDERR_REDIRECT] Sep 18, 2025 11:07:40 AM java.util.prefs.FileSystemPreferences checkLockFile0ErrorCode
2025-09-18 11:07:40,781 [ERROR] LogOutputStream:75 - [STDERR_REDIRECT] WARNING: Could not lock System prefs. Unix error code 2.
2025-09-18 11:07:40,781 [ERROR] LogOutputStream:75 - [STDERR_REDIRECT] 
2025-09-18 11:07:40,781 [ERROR] LogOutputStream:75 - [STDERR_REDIRECT] Sep 18, 2025 11:07:40 AM java.util.prefs.FileSystemPreferences syncWorld
2025-09-18 11:07:40,781 [ERROR] LogOutputStream:75 - [STDERR_REDIRECT] WARNING: Couldn't flush system prefs: java.util.prefs.BackingStoreException: Couldn't get file lock.
2025-09-18 11:07:40,781 [ERROR] LogOutputStream:75 - [STDERR_REDIRECT] 
2025-09-18 11:08:10,779 [ERROR] LogOutputStream:75 - [STDERR_REDIRECT] Sep 18, 2025 11:08:10 AM java.util.prefs.FileSystemPreferences checkLockFile0ErrorCode
2025-09-18 11:08:10,779 [ERROR] LogOutputStream:75 - [STDERR_REDIRECT] WARNING: Could not lock System prefs. Unix error code 2.
2025-09-18 11:08:10,779 [ERROR] LogOutputStream:75 - [STDERR_REDIRECT] 
2025-09-18 11:08:10,779 [ERROR] LogOutputStream:75 - [STDERR_REDIRECT] Sep 18, 2025 11:08:10 AM java.util.prefs.FileSystemPreferences syncWorld
2025-09-18 11:08:10,780 [ERROR] LogOutputStream:75 - [STDERR_REDIRECT] WARNING: Couldn't flush system prefs: java.util.prefs.BackingStoreException: Couldn't get file lock.
2025-09-18 11:08:10,780 [ERROR] LogOutputStream:75 - [STDERR_REDIRECT] 
2025-09-18 11:08:40,779 [ERROR] LogOutputStream:75 - [STDERR_REDIRECT] Sep 18, 2025 11:08:40 AM java.util.prefs.FileSystemPreferences checkLockFile0ErrorCode
2025-09-18 11:08:40,779 [ERROR] LogOutputStream:75 - [STDERR_REDIRECT] WARNING: Could not lock System prefs. Unix error code 2.
2025-09-18 11:08:40,779 [ERROR] LogOutputStream:75 - [STDERR_REDIRECT] 
2025-09-18 11:08:40,779 [ERROR] LogOutputStream:75 - [STDERR_REDIRECT] Sep 18, 2025 11:08:40 AM java.util.prefs.FileSystemPreferences syncWorld
2025-09-18 11:08:40,779 [ERROR] LogOutputStream:75 - [STDERR_REDIRECT] WARNING: Couldn't flush system prefs: java.util.prefs.BackingStoreException: Couldn't get file lock.
2025-09-18 11:08:40,779 [ERROR] LogOutputStream:75 - [STDERR_REDIRECT] 
2025-09-18 11:09:10,781 [ERROR] LogOutputStream:75 - [STDERR_REDIRECT] Sep 18, 2025 11:09:10 AM java.util.prefs.FileSystemPreferences checkLockFile0ErrorCode
2025-09-18 11:09:10,781 [ERROR] LogOutputStream:75 - [STDERR_REDIRECT] WARNING: Could not lock System prefs. Unix error code 2.
2025-09-18 11:09:10,781 [ERROR] LogOutputStream:75 - [STDERR_REDIRECT] 
2025-09-18 11:09:10,781 [ERROR] LogOutputStream:75 - [STDERR_REDIRECT] Sep 18, 2025 11:09:10 AM java.util.prefs.FileSystemPreferences syncWorld
2025-09-18 11:09:10,781 [ERROR] LogOutputStream:75 - [STDERR_REDIRECT] WARNING: Couldn't flush system prefs: java.util.prefs.BackingStoreException: Couldn't get file lock.
2025-09-18 11:09:10,781 [ERROR] LogOutputStream:75 - [STDERR_REDIRECT] 
2025-09-18 11:09:40,779 [ERROR] LogOutputStream:75 - [STDERR_REDIRECT] Sep 18, 2025 11:09:40 AM java.util.prefs.FileSystemPreferences checkLockFile0ErrorCode
2025-09-18 11:09:40,780 [ERROR] LogOutputStream:75 - [STDERR_REDIRECT] WARNING: Could not lock System prefs. Unix error code 2.
2025-09-18 11:09:40,780 [ERROR] LogOutputStream:75 - [STDERR_REDIRECT] 
2025-09-18 11:09:40,780 [ERROR] LogOutputStream:75 - [STDERR_REDIRECT] Sep 18, 2025 11:09:40 AM java.util.prefs.FileSystemPreferences syncWorld
2025-09-18 11:09:40,780 [ERROR] LogOutputStream:75 - [STDERR_REDIRECT] WARNING: Couldn't flush system prefs: java.util.prefs.BackingStoreException: Couldn't get file lock.
2025-09-18 11:09:40,780 [ERROR] LogOutputStream:75 - [STDERR_REDIRECT] 
2025-09-18 11:10:10,779 [ERROR] LogOutputStream:75 - [STDERR_REDIRECT] Sep 18, 2025 11:10:10 AM java.util.prefs.FileSystemPreferences checkLockFile0ErrorCode
2025-09-18 11:10:10,779 [ERROR] LogOutputStream:75 - [STDERR_REDIRECT] WARNING: Could not lock System prefs. Unix error code 2.
2025-09-18 11:10:10,779 [ERROR] LogOutputStream:75 - [STDERR_REDIRECT] 
2025-09-18 11:10:10,779 [ERROR] LogOutputStream:75 - [STDERR_REDIRECT] Sep 18, 2025 11:10:10 AM java.util.prefs.FileSystemPreferences syncWorld
2025-09-18 11:10:10,779 [ERROR] LogOutputStream:75 - [STDERR_REDIRECT] WARNING: Couldn't flush system prefs: java.util.prefs.BackingStoreException: Couldn't get file lock.
2025-09-18 11:10:10,779 [ERROR] LogOutputStream:75 - [STDERR_REDIRECT] 
2025-09-18 11:10:40,779 [ERROR] LogOutputStream:75 - [STDERR_REDIRECT] Sep 18, 2025 11:10:40 AM java.util.prefs.FileSystemPreferences checkLockFile0ErrorCode
2025-09-18 11:10:40,780 [ERROR] LogOutputStream:75 - [STDERR_REDIRECT] WARNING: Could not lock System prefs. Unix error code 2.
2025-09-18 11:10:40,780 [ERROR] LogOutputStream:75 - [STDERR_REDIRECT] 
2025-09-18 11:10:40,780 [ERROR] LogOutputStream:75 - [STDERR_REDIRECT] Sep 18, 2025 11:10:40 AM java.util.prefs.FileSystemPreferences syncWorld
2025-09-18 11:10:40,780 [ERROR] LogOutputStream:75 - [STDERR_REDIRECT] WARNING: Couldn't flush system prefs: java.util.prefs.BackingStoreException: Couldn't get file lock.
2025-09-18 11:10:40,780 [ERROR] LogOutputStream:75 - [STDERR_REDIRECT] 
2025-09-18 11:11:10,779 [ERROR] LogOutputStream:75 - [STDERR_REDIRECT] Sep 18, 2025 11:11:10 AM java.util.prefs.FileSystemPreferences checkLockFile0ErrorCode
2025-09-18 11:11:10,779 [ERROR] LogOutputStream:75 - [STDERR_REDIRECT] WARNING: Could not lock System prefs. Unix error code 2.
2025-09-18 11:11:10,779 [ERROR] LogOutputStream:75 - [STDERR_REDIRECT] 
2025-09-18 11:11:10,780 [ERROR] LogOutputStream:75 - [STDERR_REDIRECT] Sep 18, 2025 11:11:10 AM java.util.prefs.FileSystemPreferences syncWorld
2025-09-18 11:11:10,780 [ERROR] LogOutputStream:75 - [STDERR_REDIRECT] WARNING: Couldn't flush system prefs: java.util.prefs.BackingStoreException: Couldn't get file lock.
2025-09-18 11:11:10,780 [ERROR] LogOutputStream:75 - [STDERR_REDIRECT] 
2025-09-18 11:11:40,779 [ERROR] LogOutputStream:75 - [STDERR_REDIRECT] Sep 18, 2025 11:11:40 AM java.util.prefs.FileSystemPreferences checkLockFile0ErrorCode
2025-09-18 11:11:40,779 [ERROR] LogOutputStream:75 - [STDERR_REDIRECT] WARNING: Could not lock System prefs. Unix error code 2.
2025-09-18 11:11:40,779 [ERROR] LogOutputStream:75 - [STDERR_REDIRECT] 
2025-09-18 11:11:40,780 [ERROR] LogOutputStream:75 - [STDERR_REDIRECT] Sep 18, 2025 11:11:40 AM java.util.prefs.FileSystemPreferences syncWorld
2025-09-18 11:11:40,780 [ERROR] LogOutputStream:75 - [STDERR_REDIRECT] WARNING: Couldn't flush system prefs: java.util.prefs.BackingStoreException: Couldn't get file lock.
2025-09-18 11:11:40,780 [ERROR] LogOutputStream:75 - [STDERR_REDIRECT] 
2025-09-18 11:12:10,779 [ERROR] LogOutputStream:75 - [STDERR_REDIRECT] Sep 18, 2025 11:12:10 AM java.util.prefs.FileSystemPreferences checkLockFile0ErrorCode
2025-09-18 11:12:10,779 [ERROR] LogOutputStream:75 - [STDERR_REDIRECT] WARNING: Could not lock System prefs. Unix error code 2.
2025-09-18 11:12:10,779 [ERROR] LogOutputStream:75 - [STDERR_REDIRECT] 
2025-09-18 11:12:10,780 [ERROR] LogOutputStream:75 - [STDERR_REDIRECT] Sep 18, 2025 11:12:10 AM java.util.prefs.FileSystemPreferences syncWorld
2025-09-18 11:12:10,780 [ERROR] LogOutputStream:75 - [STDERR_REDIRECT] WARNING: Couldn't flush system prefs: java.util.prefs.BackingStoreException: Couldn't get file lock.
2025-09-18 11:12:10,780 [ERROR] LogOutputStream:75 - [STDERR_REDIRECT] 
2025-09-18 11:12:40,779 [ERROR] LogOutputStream:75 - [STDERR_REDIRECT] Sep 18, 2025 11:12:40 AM java.util.prefs.FileSystemPreferences checkLockFile0ErrorCode
2025-09-18 11:12:40,779 [ERROR] LogOutputStream:75 - [STDERR_REDIRECT] WARNING: Could not lock System prefs. Unix error code 2.
2025-09-18 11:12:40,779 [ERROR] LogOutputStream:75 - [STDERR_REDIRECT] 
2025-09-18 11:12:40,780 [ERROR] LogOutputStream:75 - [STDERR_REDIRECT] Sep 18, 2025 11:12:40 AM java.util.prefs.FileSystemPreferences syncWorld
2025-09-18 11:12:40,780 [ERROR] LogOutputStream:75 - [STDERR_REDIRECT] WARNING: Couldn't flush system prefs: java.util.prefs.BackingStoreException: Couldn't get file lock.
2025-09-18 11:12:40,780 [ERROR] LogOutputStream:75 - [STDERR_REDIRECT] 
2025-09-18 11:13:10,779 [ERROR] LogOutputStream:75 - [STDERR_REDIRECT] Sep 18, 2025 11:13:10 AM java.util.prefs.FileSystemPreferences checkLockFile0ErrorCode
2025-09-18 11:13:10,779 [ERROR] LogOutputStream:75 - [STDERR_REDIRECT] WARNING: Could not lock System prefs. Unix error code 2.
2025-09-18 11:13:10,779 [ERROR] LogOutputStream:75 - [STDERR_REDIRECT] 
2025-09-18 11:13:10,779 [ERROR] LogOutputStream:75 - [STDERR_REDIRECT] Sep 18, 2025 11:13:10 AM java.util.prefs.FileSystemPreferences syncWorld
2025-09-18 11:13:10,780 [ERROR] LogOutputStream:75 - [STDERR_REDIRECT] WARNING: Couldn't flush system prefs: java.util.prefs.BackingStoreException: Couldn't get file lock.
2025-09-18 11:13:10,780 [ERROR] LogOutputStream:75 - [STDERR_REDIRECT] 
2025-09-18 11:13:40,779 [ERROR] LogOutputStream:75 - [STDERR_REDIRECT] Sep 18, 2025 11:13:40 AM java.util.prefs.FileSystemPreferences checkLockFile0ErrorCode
2025-09-18 11:13:40,779 [ERROR] LogOutputStream:75 - [STDERR_REDIRECT] WARNING: Could not lock System prefs. Unix error code 2.
2025-09-18 11:13:40,779 [ERROR] LogOutputStream:75 - [STDERR_REDIRECT] 
2025-09-18 11:13:40,779 [ERROR] LogOutputStream:75 - [STDERR_REDIRECT] Sep 18, 2025 11:13:40 AM java.util.prefs.FileSystemPreferences syncWorld
2025-09-18 11:13:40,779 [ERROR] LogOutputStream:75 - [STDERR_REDIRECT] WARNING: Couldn't flush system prefs: java.util.prefs.BackingStoreException: Couldn't get file lock.
2025-09-18 11:13:40,779 [ERROR] LogOutputStream:75 - [STDERR_REDIRECT] 
2025-09-18 11:14:10,778 [ERROR] LogOutputStream:75 - [STDERR_REDIRECT] Sep 18, 2025 11:14:10 AM java.util.prefs.FileSystemPreferences checkLockFile0ErrorCode
2025-09-18 11:14:10,778 [ERROR] LogOutputStream:75 - [STDERR_REDIRECT] WARNING: Could not lock System prefs. Unix error code 2.
2025-09-18 11:14:10,778 [ERROR] LogOutputStream:75 - [STDERR_REDIRECT] 
2025-09-18 11:14:10,779 [ERROR] LogOutputStream:75 - [STDERR_REDIRECT] Sep 18, 2025 11:14:10 AM java.util.prefs.FileSystemPreferences syncWorld
2025-09-18 11:14:10,779 [ERROR] LogOutputStream:75 - [STDERR_REDIRECT] WARNING: Couldn't flush system prefs: java.util.prefs.BackingStoreException: Couldn't get file lock.
2025-09-18 11:14:10,779 [ERROR] LogOutputStream:75 - [STDERR_REDIRECT] 
2025-09-18 11:14:40,779 [ERROR] LogOutputStream:75 - [STDERR_REDIRECT] Sep 18, 2025 11:14:40 AM java.util.prefs.FileSystemPreferences checkLockFile0ErrorCode
2025-09-18 11:14:40,779 [ERROR] LogOutputStream:75 - [STDERR_REDIRECT] WARNING: Could not lock System prefs. Unix error code 2.
2025-09-18 11:14:40,779 [ERROR] LogOutputStream:75 - [STDERR_REDIRECT] 
2025-09-18 11:14:40,780 [ERROR] LogOutputStream:75 - [STDERR_REDIRECT] Sep 18, 2025 11:14:40 AM java.util.prefs.FileSystemPreferences syncWorld
2025-09-18 11:14:40,780 [ERROR] LogOutputStream:75 - [STDERR_REDIRECT] WARNING: Couldn't flush system prefs: java.util.prefs.BackingStoreException: Couldn't get file lock.
2025-09-18 11:14:40,780 [ERROR] LogOutputStream:75 - [STDERR_REDIRECT] 
2025-09-18 11:15:10,779 [ERROR] LogOutputStream:75 - [STDERR_REDIRECT] Sep 18, 2025 11:15:10 AM java.util.prefs.FileSystemPreferences checkLockFile0ErrorCode
2025-09-18 11:15:10,779 [ERROR] LogOutputStream:75 - [STDERR_REDIRECT] WARNING: Could not lock System prefs. Unix error code 2.
2025-09-18 11:15:10,779 [ERROR] LogOutputStream:75 - [STDERR_REDIRECT] 
2025-09-18 11:15:10,779 [ERROR] LogOutputStream:75 - [STDERR_REDIRECT] Sep 18, 2025 11:15:10 AM java.util.prefs.FileSystemPreferences syncWorld
2025-09-18 11:15:10,780 [ERROR] LogOutputStream:75 - [STDERR_REDIRECT] WARNING: Couldn't flush system prefs: java.util.prefs.BackingStoreException: Couldn't get file lock.
2025-09-18 11:15:10,780 [ERROR] LogOutputStream:75 - [STDERR_REDIRECT] 
2025-09-18 11:15:40,779 [ERROR] LogOutputStream:75 - [STDERR_REDIRECT] Sep 18, 2025 11:15:40 AM java.util.prefs.FileSystemPreferences checkLockFile0ErrorCode
2025-09-18 11:15:40,779 [ERROR] LogOutputStream:75 - [STDERR_REDIRECT] WARNING: Could not lock System prefs. Unix error code 2.
2025-09-18 11:15:40,779 [ERROR] LogOutputStream:75 - [STDERR_REDIRECT] 
2025-09-18 11:15:40,780 [ERROR] LogOutputStream:75 - [STDERR_REDIRECT] Sep 18, 2025 11:15:40 AM java.util.prefs.FileSystemPreferences syncWorld
2025-09-18 11:15:40,780 [ERROR] LogOutputStream:75 - [STDERR_REDIRECT] WARNING: Couldn't flush system prefs: java.util.prefs.BackingStoreException: Couldn't get file lock.
2025-09-18 11:15:40,780 [ERROR] LogOutputStream:75 - [STDERR_REDIRECT] 
2025-09-18 11:16:10,779 [ERROR] LogOutputStream:75 - [STDERR_REDIRECT] Sep 18, 2025 11:16:10 AM java.util.prefs.FileSystemPreferences checkLockFile0ErrorCode
2025-09-18 11:16:10,779 [ERROR] LogOutputStream:75 - [STDERR_REDIRECT] WARNING: Could not lock System prefs. Unix error code 2.
2025-09-18 11:16:10,779 [ERROR] LogOutputStream:75 - [STDERR_REDIRECT] 
2025-09-18 11:16:10,779 [ERROR] LogOutputStream:75 - [STDERR_REDIRECT] Sep 18, 2025 11:16:10 AM java.util.prefs.FileSystemPreferences syncWorld
2025-09-18 11:16:10,780 [ERROR] LogOutputStream:75 - [STDERR_REDIRECT] WARNING: Couldn't flush system prefs: java.util.prefs.BackingStoreException: Couldn't get file lock.
2025-09-18 11:16:10,780 [ERROR] LogOutputStream:75 - [STDERR_REDIRECT] 
2025-09-18 11:16:40,779 [ERROR] LogOutputStream:75 - [STDERR_REDIRECT] Sep 18, 2025 11:16:40 AM java.util.prefs.FileSystemPreferences checkLockFile0ErrorCode
2025-09-18 11:16:40,779 [ERROR] LogOutputStream:75 - [STDERR_REDIRECT] WARNING: Could not lock System prefs. Unix error code 2.
2025-09-18 11:16:40,780 [ERROR] LogOutputStream:75 - [STDERR_REDIRECT] 
2025-09-18 11:16:40,780 [ERROR] LogOutputStream:75 - [STDERR_REDIRECT] Sep 18, 2025 11:16:40 AM java.util.prefs.FileSystemPreferences syncWorld
2025-09-18 11:16:40,780 [ERROR] LogOutputStream:75 - [STDERR_REDIRECT] WARNING: Couldn't flush system prefs: java.util.prefs.BackingStoreException: Couldn't get file lock.
2025-09-18 11:16:40,780 [ERROR] LogOutputStream:75 - [STDERR_REDIRECT] 
2025-09-18 11:17:10,779 [ERROR] LogOutputStream:75 - [STDERR_REDIRECT] Sep 18, 2025 11:17:10 AM java.util.prefs.FileSystemPreferences checkLockFile0ErrorCode
2025-09-18 11:17:10,779 [ERROR] LogOutputStream:75 - [STDERR_REDIRECT] WARNING: Could not lock System prefs. Unix error code 2.
2025-09-18 11:17:10,779 [ERROR] LogOutputStream:75 - [STDERR_REDIRECT] 
2025-09-18 11:17:10,780 [ERROR] LogOutputStream:75 - [STDERR_REDIRECT] Sep 18, 2025 11:17:10 AM java.util.prefs.FileSystemPreferences syncWorld
2025-09-18 11:17:10,780 [ERROR] LogOutputStream:75 - [STDERR_REDIRECT] WARNING: Couldn't flush system prefs: java.util.prefs.BackingStoreException: Couldn't get file lock.
2025-09-18 11:17:10,780 [ERROR] LogOutputStream:75 - [STDERR_REDIRECT] 
2025-09-18 11:17:40,779 [ERROR] LogOutputStream:75 - [STDERR_REDIRECT] Sep 18, 2025 11:17:40 AM java.util.prefs.FileSystemPreferences checkLockFile0ErrorCode
2025-09-18 11:17:40,779 [ERROR] LogOutputStream:75 - [STDERR_REDIRECT] WARNING: Could not lock System prefs. Unix error code 2.
2025-09-18 11:17:40,779 [ERROR] LogOutputStream:75 - [STDERR_REDIRECT] 
2025-09-18 11:17:40,780 [ERROR] LogOutputStream:75 - [STDERR_REDIRECT] Sep 18, 2025 11:17:40 AM java.util.prefs.FileSystemPreferences syncWorld
2025-09-18 11:17:40,780 [ERROR] LogOutputStream:75 - [STDERR_REDIRECT] WARNING: Couldn't flush system prefs: java.util.prefs.BackingStoreException: Couldn't get file lock.
2025-09-18 11:17:40,780 [ERROR] LogOutputStream:75 - [STDERR_REDIRECT] 
2025-09-18 11:18:10,779 [ERROR] LogOutputStream:75 - [STDERR_REDIRECT] Sep 18, 2025 11:18:10 AM java.util.prefs.FileSystemPreferences checkLockFile0ErrorCode
2025-09-18 11:18:10,779 [ERROR] LogOutputStream:75 - [STDERR_REDIRECT] WARNING: Could not lock System prefs. Unix error code 2.
2025-09-18 11:18:10,780 [ERROR] LogOutputStream:75 - [STDERR_REDIRECT] 
2025-09-18 11:18:10,780 [ERROR] LogOutputStream:75 - [STDERR_REDIRECT] Sep 18, 2025 11:18:10 AM java.util.prefs.FileSystemPreferences syncWorld
2025-09-18 11:18:10,780 [ERROR] LogOutputStream:75 - [STDERR_REDIRECT] WARNING: Couldn't flush system prefs: java.util.prefs.BackingStoreException: Couldn't get file lock.
2025-09-18 11:18:10,780 [ERROR] LogOutputStream:75 - [STDERR_REDIRECT] 
2025-09-18 11:18:40,778 [ERROR] LogOutputStream:75 - [STDERR_REDIRECT] Sep 18, 2025 11:18:40 AM java.util.prefs.FileSystemPreferences checkLockFile0ErrorCode
2025-09-18 11:18:40,779 [ERROR] LogOutputStream:75 - [STDERR_REDIRECT] WARNING: Could not lock System prefs. Unix error code 2.
2025-09-18 11:18:40,779 [ERROR] LogOutputStream:75 - [STDERR_REDIRECT] 
2025-09-18 11:18:40,779 [ERROR] LogOutputStream:75 - [STDERR_REDIRECT] Sep 18, 2025 11:18:40 AM java.util.prefs.FileSystemPreferences syncWorld
2025-09-18 11:18:40,779 [ERROR] LogOutputStream:75 - [STDERR_REDIRECT] WARNING: Couldn't flush system prefs: java.util.prefs.BackingStoreException: Couldn't get file lock.
2025-09-18 11:18:40,779 [ERROR] LogOutputStream:75 - [STDERR_REDIRECT] 
2025-09-18 11:19:10,779 [ERROR] LogOutputStream:75 - [STDERR_REDIRECT] Sep 18, 2025 11:19:10 AM java.util.prefs.FileSystemPreferences checkLockFile0ErrorCode
2025-09-18 11:19:10,779 [ERROR] LogOutputStream:75 - [STDERR_REDIRECT] WARNING: Could not lock System prefs. Unix error code 2.
2025-09-18 11:19:10,779 [ERROR] LogOutputStream:75 - [STDERR_REDIRECT] 
2025-09-18 11:19:10,780 [ERROR] LogOutputStream:75 - [STDERR_REDIRECT] Sep 18, 2025 11:19:10 AM java.util.prefs.FileSystemPreferences syncWorld
2025-09-18 11:19:10,780 [ERROR] LogOutputStream:75 - [STDERR_REDIRECT] WARNING: Couldn't flush system prefs: java.util.prefs.BackingStoreException: Couldn't get file lock.
2025-09-18 11:19:10,780 [ERROR] LogOutputStream:75 - [STDERR_REDIRECT] 
2025-09-18 11:19:40,778 [ERROR] LogOutputStream:75 - [STDERR_REDIRECT] Sep 18, 2025 11:19:40 AM java.util.prefs.FileSystemPreferences checkLockFile0ErrorCode
2025-09-18 11:19:40,778 [ERROR] LogOutputStream:75 - [STDERR_REDIRECT] WARNING: Could not lock System prefs. Unix error code 2.
2025-09-18 11:19:40,778 [ERROR] LogOutputStream:75 - [STDERR_REDIRECT] 
2025-09-18 11:19:40,779 [ERROR] LogOutputStream:75 - [STDERR_REDIRECT] Sep 18, 2025 11:19:40 AM java.util.prefs.FileSystemPreferences syncWorld
2025-09-18 11:19:40,779 [ERROR] LogOutputStream:75 - [STDERR_REDIRECT] WARNING: Couldn't flush system prefs: java.util.prefs.BackingStoreException: Couldn't get file lock.
2025-09-18 11:19:40,779 [ERROR] LogOutputStream:75 - [STDERR_REDIRECT] 
2025-09-18 11:20:10,779 [ERROR] LogOutputStream:75 - [STDERR_REDIRECT] Sep 18, 2025 11:20:10 AM java.util.prefs.FileSystemPreferences checkLockFile0ErrorCode
2025-09-18 11:20:10,779 [ERROR] LogOutputStream:75 - [STDERR_REDIRECT] WARNING: Could not lock System prefs. Unix error code 2.
2025-09-18 11:20:10,780 [ERROR] LogOutputStream:75 - [STDERR_REDIRECT] 
2025-09-18 11:20:10,780 [ERROR] LogOutputStream:75 - [STDERR_REDIRECT] Sep 18, 2025 11:20:10 AM java.util.prefs.FileSystemPreferences syncWorld
2025-09-18 11:20:10,780 [ERROR] LogOutputStream:75 - [STDERR_REDIRECT] WARNING: Couldn't flush system prefs: java.util.prefs.BackingStoreException: Couldn't get file lock.
2025-09-18 11:20:10,780 [ERROR] LogOutputStream:75 - [STDERR_REDIRECT] 
2025-09-18 11:20:40,779 [ERROR] LogOutputStream:75 - [STDERR_REDIRECT] Sep 18, 2025 11:20:40 AM java.util.prefs.FileSystemPreferences checkLockFile0ErrorCode
2025-09-18 11:20:40,779 [ERROR] LogOutputStream:75 - [STDERR_REDIRECT] WARNING: Could not lock System prefs. Unix error code 2.
2025-09-18 11:20:40,779 [ERROR] LogOutputStream:75 - [STDERR_REDIRECT] 
2025-09-18 11:20:40,780 [ERROR] LogOutputStream:75 - [STDERR_REDIRECT] Sep 18, 2025 11:20:40 AM java.util.prefs.FileSystemPreferences syncWorld
2025-09-18 11:20:40,780 [ERROR] LogOutputStream:75 - [STDERR_REDIRECT] WARNING: Couldn't flush system prefs: java.util.prefs.BackingStoreException: Couldn't get file lock.
2025-09-18 11:20:40,780 [ERROR] LogOutputStream:75 - [STDERR_REDIRECT] 
2025-09-18 11:21:10,779 [ERROR] LogOutputStream:75 - [STDERR_REDIRECT] Sep 18, 2025 11:21:10 AM java.util.prefs.FileSystemPreferences checkLockFile0ErrorCode
2025-09-18 11:21:10,779 [ERROR] LogOutputStream:75 - [STDERR_REDIRECT] WARNING: Could not lock System prefs. Unix error code 2.
2025-09-18 11:21:10,780 [ERROR] LogOutputStream:75 - [STDERR_REDIRECT] 
2025-09-18 11:21:10,780 [ERROR] LogOutputStream:75 - [STDERR_REDIRECT] Sep 18, 2025 11:21:10 AM java.util.prefs.FileSystemPreferences syncWorld
2025-09-18 11:21:10,780 [ERROR] LogOutputStream:75 - [STDERR_REDIRECT] WARNING: Couldn't flush system prefs: java.util.prefs.BackingStoreException: Couldn't get file lock.
2025-09-18 11:21:10,780 [ERROR] LogOutputStream:75 - [STDERR_REDIRECT] 
2025-09-18 11:21:40,779 [ERROR] LogOutputStream:75 - [STDERR_REDIRECT] Sep 18, 2025 11:21:40 AM java.util.prefs.FileSystemPreferences checkLockFile0ErrorCode
2025-09-18 11:21:40,779 [ERROR] LogOutputStream:75 - [STDERR_REDIRECT] WARNING: Could not lock System prefs. Unix error code 2.
2025-09-18 11:21:40,780 [ERROR] LogOutputStream:75 - [STDERR_REDIRECT] 
2025-09-18 11:21:40,780 [ERROR] LogOutputStream:75 - [STDERR_REDIRECT] Sep 18, 2025 11:21:40 AM java.util.prefs.FileSystemPreferences syncWorld
2025-09-18 11:21:40,780 [ERROR] LogOutputStream:75 - [STDERR_REDIRECT] WARNING: Couldn't flush system prefs: java.util.prefs.BackingStoreException: Couldn't get file lock.
2025-09-18 11:21:40,780 [ERROR] LogOutputStream:75 - [STDERR_REDIRECT] 
2025-09-18 11:22:10,779 [ERROR] LogOutputStream:75 - [STDERR_REDIRECT] Sep 18, 2025 11:22:10 AM java.util.prefs.FileSystemPreferences checkLockFile0ErrorCode
2025-09-18 11:22:10,779 [ERROR] LogOutputStream:75 - [STDERR_REDIRECT] WARNING: Could not lock System prefs. Unix error code 2.
2025-09-18 11:22:10,779 [ERROR] LogOutputStream:75 - [STDERR_REDIRECT] 
2025-09-18 11:22:10,779 [ERROR] LogOutputStream:75 - [STDERR_REDIRECT] Sep 18, 2025 11:22:10 AM java.util.prefs.FileSystemPreferences syncWorld
2025-09-18 11:22:10,779 [ERROR] LogOutputStream:75 - [STDERR_REDIRECT] WARNING: Couldn't flush system prefs: java.util.prefs.BackingStoreException: Couldn't get file lock.
2025-09-18 11:22:10,779 [ERROR] LogOutputStream:75 - [STDERR_REDIRECT] 
2025-09-18 11:22:40,779 [ERROR] LogOutputStream:75 - [STDERR_REDIRECT] Sep 18, 2025 11:22:40 AM java.util.prefs.FileSystemPreferences checkLockFile0ErrorCode
2025-09-18 11:22:40,779 [ERROR] LogOutputStream:75 - [STDERR_REDIRECT] WARNING: Could not lock System prefs. Unix error code 2.
2025-09-18 11:22:40,779 [ERROR] LogOutputStream:75 - [STDERR_REDIRECT] 
2025-09-18 11:22:40,780 [ERROR] LogOutputStream:75 - [STDERR_REDIRECT] Sep 18, 2025 11:22:40 AM java.util.prefs.FileSystemPreferences syncWorld
2025-09-18 11:22:40,780 [ERROR] LogOutputStream:75 - [STDERR_REDIRECT] WARNING: Couldn't flush system prefs: java.util.prefs.BackingStoreException: Couldn't get file lock.
2025-09-18 11:22:40,780 [ERROR] LogOutputStream:75 - [STDERR_REDIRECT] 
2025-09-18 11:23:10,779 [ERROR] LogOutputStream:75 - [STDERR_REDIRECT] Sep 18, 2025 11:23:10 AM java.util.prefs.FileSystemPreferences checkLockFile0ErrorCode
2025-09-18 11:23:10,779 [ERROR] LogOutputStream:75 - [STDERR_REDIRECT] WARNING: Could not lock System prefs. Unix error code 2.
2025-09-18 11:23:10,779 [ERROR] LogOutputStream:75 - [STDERR_REDIRECT] 
2025-09-18 11:23:10,779 [ERROR] LogOutputStream:75 - [STDERR_REDIRECT] Sep 18, 2025 11:23:10 AM java.util.prefs.FileSystemPreferences syncWorld
2025-09-18 11:23:10,779 [ERROR] LogOutputStream:75 - [STDERR_REDIRECT] WARNING: Couldn't flush system prefs: java.util.prefs.BackingStoreException: Couldn't get file lock.
2025-09-18 11:23:10,779 [ERROR] LogOutputStream:75 - [STDERR_REDIRECT] 
2025-09-18 11:23:40,780 [ERROR] LogOutputStream:75 - [STDERR_REDIRECT] Sep 18, 2025 11:23:40 AM java.util.prefs.FileSystemPreferences checkLockFile0ErrorCode
2025-09-18 11:23:40,780 [ERROR] LogOutputStream:75 - [STDERR_REDIRECT] WARNING: Could not lock System prefs. Unix error code 2.
2025-09-18 11:23:40,780 [ERROR] LogOutputStream:75 - [STDERR_REDIRECT] 
2025-09-18 11:23:40,780 [ERROR] LogOutputStream:75 - [STDERR_REDIRECT] Sep 18, 2025 11:23:40 AM java.util.prefs.FileSystemPreferences syncWorld
2025-09-18 11:23:40,780 [ERROR] LogOutputStream:75 - [STDERR_REDIRECT] WARNING: Couldn't flush system prefs: java.util.prefs.BackingStoreException: Couldn't get file lock.
2025-09-18 11:23:40,780 [ERROR] LogOutputStream:75 - [STDERR_REDIRECT] 
2025-09-18 11:24:10,781 [ERROR] LogOutputStream:75 - [STDERR_REDIRECT] Sep 18, 2025 11:24:10 AM java.util.prefs.FileSystemPreferences checkLockFile0ErrorCode
2025-09-18 11:24:10,781 [ERROR] LogOutputStream:75 - [STDERR_REDIRECT] WARNING: Could not lock System prefs. Unix error code 2.
2025-09-18 11:24:10,781 [ERROR] LogOutputStream:75 - [STDERR_REDIRECT] 
2025-09-18 11:24:10,782 [ERROR] LogOutputStream:75 - [STDERR_REDIRECT] Sep 18, 2025 11:24:10 AM java.util.prefs.FileSystemPreferences syncWorld
2025-09-18 11:24:10,782 [ERROR] LogOutputStream:75 - [STDERR_REDIRECT] WARNING: Couldn't flush system prefs: java.util.prefs.BackingStoreException: Couldn't get file lock.
2025-09-18 11:24:10,782 [ERROR] LogOutputStream:75 - [STDERR_REDIRECT] 
2025-09-18 11:24:40,780 [ERROR] LogOutputStream:75 - [STDERR_REDIRECT] Sep 18, 2025 11:24:40 AM java.util.prefs.FileSystemPreferences checkLockFile0ErrorCode
2025-09-18 11:24:40,780 [ERROR] LogOutputStream:75 - [STDERR_REDIRECT] WARNING: Could not lock System prefs. Unix error code 2.
2025-09-18 11:24:40,780 [ERROR] LogOutputStream:75 - [STDERR_REDIRECT] 
2025-09-18 11:24:40,781 [ERROR] LogOutputStream:75 - [STDERR_REDIRECT] Sep 18, 2025 11:24:40 AM java.util.prefs.FileSystemPreferences syncWorld
2025-09-18 11:24:40,781 [ERROR] LogOutputStream:75 - [STDERR_REDIRECT] WARNING: Couldn't flush system prefs: java.util.prefs.BackingStoreException: Couldn't get file lock.
2025-09-18 11:24:40,781 [ERROR] LogOutputStream:75 - [STDERR_REDIRECT] 
2025-09-18 11:25:10,780 [ERROR] LogOutputStream:75 - [STDERR_REDIRECT] Sep 18, 2025 11:25:10 AM java.util.prefs.FileSystemPreferences checkLockFile0ErrorCode
2025-09-18 11:25:10,780 [ERROR] LogOutputStream:75 - [STDERR_REDIRECT] WARNING: Could not lock System prefs. Unix error code 2.
2025-09-18 11:25:10,780 [ERROR] LogOutputStream:75 - [STDERR_REDIRECT] 
2025-09-18 11:25:10,780 [ERROR] LogOutputStream:75 - [STDERR_REDIRECT] Sep 18, 2025 11:25:10 AM java.util.prefs.FileSystemPreferences syncWorld
2025-09-18 11:25:10,780 [ERROR] LogOutputStream:75 - [STDERR_REDIRECT] WARNING: Couldn't flush system prefs: java.util.prefs.BackingStoreException: Couldn't get file lock.
2025-09-18 11:25:10,780 [ERROR] LogOutputStream:75 - [STDERR_REDIRECT] 
2025-09-18 11:25:40,781 [ERROR] LogOutputStream:75 - [STDERR_REDIRECT] Sep 18, 2025 11:25:40 AM java.util.prefs.FileSystemPreferences checkLockFile0ErrorCode
2025-09-18 11:25:40,781 [ERROR] LogOutputStream:75 - [STDERR_REDIRECT] WARNING: Could not lock System prefs. Unix error code 2.
2025-09-18 11:25:40,781 [ERROR] LogOutputStream:75 - [STDERR_REDIRECT] 
2025-09-18 11:25:40,781 [ERROR] LogOutputStream:75 - [STDERR_REDIRECT] Sep 18, 2025 11:25:40 AM java.util.prefs.FileSystemPreferences syncWorld
2025-09-18 11:25:40,781 [ERROR] LogOutputStream:75 - [STDERR_REDIRECT] WARNING: Couldn't flush system prefs: java.util.prefs.BackingStoreException: Couldn't get file lock.
2025-09-18 11:25:40,781 [ERROR] LogOutputStream:75 - [STDERR_REDIRECT] 
2025-09-18 11:26:10,783 [ERROR] LogOutputStream:75 - [STDERR_REDIRECT] Sep 18, 2025 11:26:10 AM java.util.prefs.FileSystemPreferences checkLockFile0ErrorCode
2025-09-18 11:26:10,783 [ERROR] LogOutputStream:75 - [STDERR_REDIRECT] WARNING: Could not lock System prefs. Unix error code 2.
2025-09-18 11:26:10,783 [ERROR] LogOutputStream:75 - [STDERR_REDIRECT] 
2025-09-18 11:26:10,783 [ERROR] LogOutputStream:75 - [STDERR_REDIRECT] Sep 18, 2025 11:26:10 AM java.util.prefs.FileSystemPreferences syncWorld
2025-09-18 11:26:10,784 [ERROR] LogOutputStream:75 - [STDERR_REDIRECT] WARNING: Couldn't flush system prefs: java.util.prefs.BackingStoreException: Couldn't get file lock.
2025-09-18 11:26:10,784 [ERROR] LogOutputStream:75 - [STDERR_REDIRECT] 
2025-09-18 11:26:40,781 [ERROR] LogOutputStream:75 - [STDERR_REDIRECT] Sep 18, 2025 11:26:40 AM java.util.prefs.FileSystemPreferences checkLockFile0ErrorCode
2025-09-18 11:26:40,781 [ERROR] LogOutputStream:75 - [STDERR_REDIRECT] WARNING: Could not lock System prefs. Unix error code 2.
2025-09-18 11:26:40,781 [ERROR] LogOutputStream:75 - [STDERR_REDIRECT] 
2025-09-18 11:26:40,781 [ERROR] LogOutputStream:75 - [STDERR_REDIRECT] Sep 18, 2025 11:26:40 AM java.util.prefs.FileSystemPreferences syncWorld
2025-09-18 11:26:40,781 [ERROR] LogOutputStream:75 - [STDERR_REDIRECT] WARNING: Couldn't flush system prefs: java.util.prefs.BackingStoreException: Couldn't get file lock.
2025-09-18 11:26:40,781 [ERROR] LogOutputStream:75 - [STDERR_REDIRECT] 
2025-09-18 11:27:10,784 [ERROR] LogOutputStream:75 - [STDERR_REDIRECT] Sep 18, 2025 11:27:10 AM java.util.prefs.FileSystemPreferences checkLockFile0ErrorCode
2025-09-18 11:27:10,784 [ERROR] LogOutputStream:75 - [STDERR_REDIRECT] WARNING: Could not lock System prefs. Unix error code 2.
2025-09-18 11:27:10,785 [ERROR] LogOutputStream:75 - [STDERR_REDIRECT] 
2025-09-18 11:27:10,785 [ERROR] LogOutputStream:75 - [STDERR_REDIRECT] Sep 18, 2025 11:27:10 AM java.util.prefs.FileSystemPreferences syncWorld
2025-09-18 11:27:10,785 [ERROR] LogOutputStream:75 - [STDERR_REDIRECT] WARNING: Couldn't flush system prefs: java.util.prefs.BackingStoreException: Couldn't get file lock.
2025-09-18 11:27:10,785 [ERROR] LogOutputStream:75 - [STDERR_REDIRECT] 
2025-09-18 11:27:40,781 [ERROR] LogOutputStream:75 - [STDERR_REDIRECT] Sep 18, 2025 11:27:40 AM java.util.prefs.FileSystemPreferences checkLockFile0ErrorCode
2025-09-18 11:27:40,781 [ERROR] LogOutputStream:75 - [STDERR_REDIRECT] WARNING: Could not lock System prefs. Unix error code 2.
2025-09-18 11:27:40,781 [ERROR] LogOutputStream:75 - [STDERR_REDIRECT] 
2025-09-18 11:27:40,781 [ERROR] LogOutputStream:75 - [STDERR_REDIRECT] Sep 18, 2025 11:27:40 AM java.util.prefs.FileSystemPreferences syncWorld
2025-09-18 11:27:40,782 [ERROR] LogOutputStream:75 - [STDERR_REDIRECT] WARNING: Couldn't flush system prefs: java.util.prefs.BackingStoreException: Couldn't get file lock.
2025-09-18 11:27:40,782 [ERROR] LogOutputStream:75 - [STDERR_REDIRECT] 
2025-09-18 11:28:10,782 [ERROR] LogOutputStream:75 - [STDERR_REDIRECT] Sep 18, 2025 11:28:10 AM java.util.prefs.FileSystemPreferences checkLockFile0ErrorCode
2025-09-18 11:28:10,782 [ERROR] LogOutputStream:75 - [STDERR_REDIRECT] WARNING: Could not lock System prefs. Unix error code 2.
2025-09-18 11:28:10,783 [ERROR] LogOutputStream:75 - [STDERR_REDIRECT] 
2025-09-18 11:28:10,783 [ERROR] LogOutputStream:75 - [STDERR_REDIRECT] Sep 18, 2025 11:28:10 AM java.util.prefs.FileSystemPreferences syncWorld
2025-09-18 11:28:10,783 [ERROR] LogOutputStream:75 - [STDERR_REDIRECT] WARNING: Couldn't flush system prefs: java.util.prefs.BackingStoreException: Couldn't get file lock.
2025-09-18 11:28:10,783 [ERROR] LogOutputStream:75 - [STDERR_REDIRECT] 
2025-09-18 11:28:40,782 [ERROR] LogOutputStream:75 - [STDERR_REDIRECT] Sep 18, 2025 11:28:40 AM java.util.prefs.FileSystemPreferences checkLockFile0ErrorCode
2025-09-18 11:28:40,782 [ERROR] LogOutputStream:75 - [STDERR_REDIRECT] WARNING: Could not lock System prefs. Unix error code 2.
2025-09-18 11:28:40,782 [ERROR] LogOutputStream:75 - [STDERR_REDIRECT] 
2025-09-18 11:28:40,782 [ERROR] LogOutputStream:75 - [STDERR_REDIRECT] Sep 18, 2025 11:28:40 AM java.util.prefs.FileSystemPreferences syncWorld
2025-09-18 11:28:40,783 [ERROR] LogOutputStream:75 - [STDERR_REDIRECT] WARNING: Couldn't flush system prefs: java.util.prefs.BackingStoreException: Couldn't get file lock.
2025-09-18 11:28:40,783 [ERROR] LogOutputStream:75 - [STDERR_REDIRECT] 
2025-09-18 11:29:10,782 [ERROR] LogOutputStream:75 - [STDERR_REDIRECT] Sep 18, 2025 11:29:10 AM java.util.prefs.FileSystemPreferences checkLockFile0ErrorCode
2025-09-18 11:29:10,782 [ERROR] LogOutputStream:75 - [STDERR_REDIRECT] WARNING: Could not lock System prefs. Unix error code 2.
2025-09-18 11:29:10,782 [ERROR] LogOutputStream:75 - [STDERR_REDIRECT] 
2025-09-18 11:29:10,783 [ERROR] LogOutputStream:75 - [STDERR_REDIRECT] Sep 18, 2025 11:29:10 AM java.util.prefs.FileSystemPreferences syncWorld
2025-09-18 11:29:10,783 [ERROR] LogOutputStream:75 - [STDERR_REDIRECT] WARNING: Couldn't flush system prefs: java.util.prefs.BackingStoreException: Couldn't get file lock.
2025-09-18 11:29:10,783 [ERROR] LogOutputStream:75 - [STDERR_REDIRECT] 
2025-09-18 11:29:40,780 [ERROR] LogOutputStream:75 - [STDERR_REDIRECT] Sep 18, 2025 11:29:40 AM java.util.prefs.FileSystemPreferences checkLockFile0ErrorCode
2025-09-18 11:29:40,780 [ERROR] LogOutputStream:75 - [STDERR_REDIRECT] WARNING: Could not lock System prefs. Unix error code 2.
2025-09-18 11:29:40,780 [ERROR] LogOutputStream:75 - [STDERR_REDIRECT] 
2025-09-18 11:29:40,781 [ERROR] LogOutputStream:75 - [STDERR_REDIRECT] Sep 18, 2025 11:29:40 AM java.util.prefs.FileSystemPreferences syncWorld
2025-09-18 11:29:40,781 [ERROR] LogOutputStream:75 - [STDERR_REDIRECT] WARNING: Couldn't flush system prefs: java.util.prefs.BackingStoreException: Couldn't get file lock.
2025-09-18 11:29:40,781 [ERROR] LogOutputStream:75 - [STDERR_REDIRECT] 
2025-09-18 11:30:10,780 [ERROR] LogOutputStream:75 - [STDERR_REDIRECT] Sep 18, 2025 11:30:10 AM java.util.prefs.FileSystemPreferences checkLockFile0ErrorCode
2025-09-18 11:30:10,781 [ERROR] LogOutputStream:75 - [STDERR_REDIRECT] WARNING: Could not lock System prefs. Unix error code 2.
2025-09-18 11:30:10,781 [ERROR] LogOutputStream:75 - [STDERR_REDIRECT] 
2025-09-18 11:30:10,781 [ERROR] LogOutputStream:75 - [STDERR_REDIRECT] Sep 18, 2025 11:30:10 AM java.util.prefs.FileSystemPreferences syncWorld
2025-09-18 11:30:10,781 [ERROR] LogOutputStream:75 - [STDERR_REDIRECT] WARNING: Couldn't flush system prefs: java.util.prefs.BackingStoreException: Couldn't get file lock.
2025-09-18 11:30:10,781 [ERROR] LogOutputStream:75 - [STDERR_REDIRECT] 
2025-09-18 11:30:40,781 [ERROR] LogOutputStream:75 - [STDERR_REDIRECT] Sep 18, 2025 11:30:40 AM java.util.prefs.FileSystemPreferences checkLockFile0ErrorCode
2025-09-18 11:30:40,781 [ERROR] LogOutputStream:75 - [STDERR_REDIRECT] WARNING: Could not lock System prefs. Unix error code 2.
2025-09-18 11:30:40,782 [ERROR] LogOutputStream:75 - [STDERR_REDIRECT] 
2025-09-18 11:30:40,782 [ERROR] LogOutputStream:75 - [STDERR_REDIRECT] Sep 18, 2025 11:30:40 AM java.util.prefs.FileSystemPreferences syncWorld
2025-09-18 11:30:40,782 [ERROR] LogOutputStream:75 - [STDERR_REDIRECT] WARNING: Couldn't flush system prefs: java.util.prefs.BackingStoreException: Couldn't get file lock.
2025-09-18 11:30:40,782 [ERROR] LogOutputStream:75 - [STDERR_REDIRECT] 
2025-09-18 11:31:10,780 [ERROR] LogOutputStream:75 - [STDERR_REDIRECT] Sep 18, 2025 11:31:10 AM java.util.prefs.FileSystemPreferences checkLockFile0ErrorCode
2025-09-18 11:31:10,781 [ERROR] LogOutputStream:75 - [STDERR_REDIRECT] WARNING: Could not lock System prefs. Unix error code 2.
2025-09-18 11:31:10,781 [ERROR] LogOutputStream:75 - [STDERR_REDIRECT] 
2025-09-18 11:31:10,781 [ERROR] LogOutputStream:75 - [STDERR_REDIRECT] Sep 18, 2025 11:31:10 AM java.util.prefs.FileSystemPreferences syncWorld
2025-09-18 11:31:10,782 [ERROR] LogOutputStream:75 - [STDERR_REDIRECT] WARNING: Couldn't flush system prefs: java.util.prefs.BackingStoreException: Couldn't get file lock.
2025-09-18 11:31:10,782 [ERROR] LogOutputStream:75 - [STDERR_REDIRECT] 
2025-09-18 11:31:40,780 [ERROR] LogOutputStream:75 - [STDERR_REDIRECT] Sep 18, 2025 11:31:40 AM java.util.prefs.FileSystemPreferences checkLockFile0ErrorCode
2025-09-18 11:31:40,780 [ERROR] LogOutputStream:75 - [STDERR_REDIRECT] WARNING: Could not lock System prefs. Unix error code 2.
2025-09-18 11:31:40,781 [ERROR] LogOutputStream:75 - [STDERR_REDIRECT] 
2025-09-18 11:31:40,781 [ERROR] LogOutputStream:75 - [STDERR_REDIRECT] Sep 18, 2025 11:31:40 AM java.util.prefs.FileSystemPreferences syncWorld
2025-09-18 11:31:40,781 [ERROR] LogOutputStream:75 - [STDERR_REDIRECT] WARNING: Couldn't flush system prefs: java.util.prefs.BackingStoreException: Couldn't get file lock.
2025-09-18 11:31:40,781 [ERROR] LogOutputStream:75 - [STDERR_REDIRECT] 
2025-09-18 11:32:10,781 [ERROR] LogOutputStream:75 - [STDERR_REDIRECT] Sep 18, 2025 11:32:10 AM java.util.prefs.FileSystemPreferences checkLockFile0ErrorCode
2025-09-18 11:32:10,781 [ERROR] LogOutputStream:75 - [STDERR_REDIRECT] WARNING: Could not lock System prefs. Unix error code 2.
2025-09-18 11:32:10,781 [ERROR] LogOutputStream:75 - [STDERR_REDIRECT] 
2025-09-18 11:32:10,781 [ERROR] LogOutputStream:75 - [STDERR_REDIRECT] Sep 18, 2025 11:32:10 AM java.util.prefs.FileSystemPreferences syncWorld
2025-09-18 11:32:10,781 [ERROR] LogOutputStream:75 - [STDERR_REDIRECT] WARNING: Couldn't flush system prefs: java.util.prefs.BackingStoreException: Couldn't get file lock.
2025-09-18 11:32:10,781 [ERROR] LogOutputStream:75 - [STDERR_REDIRECT] 
2025-09-18 11:32:40,781 [ERROR] LogOutputStream:75 - [STDERR_REDIRECT] Sep 18, 2025 11:32:40 AM java.util.prefs.FileSystemPreferences checkLockFile0ErrorCode
2025-09-18 11:32:40,781 [ERROR] LogOutputStream:75 - [STDERR_REDIRECT] WARNING: Could not lock System prefs. Unix error code 2.
2025-09-18 11:32:40,781 [ERROR] LogOutputStream:75 - [STDERR_REDIRECT] 
2025-09-18 11:32:40,781 [ERROR] LogOutputStream:75 - [STDERR_REDIRECT] Sep 18, 2025 11:32:40 AM java.util.prefs.FileSystemPreferences syncWorld
2025-09-18 11:32:40,781 [ERROR] LogOutputStream:75 - [STDERR_REDIRECT] WARNING: Couldn't flush system prefs: java.util.prefs.BackingStoreException: Couldn't get file lock.
2025-09-18 11:32:40,781 [ERROR] LogOutputStream:75 - [STDERR_REDIRECT] 
2025-09-18 11:33:10,781 [ERROR] LogOutputStream:75 - [STDERR_REDIRECT] Sep 18, 2025 11:33:10 AM java.util.prefs.FileSystemPreferences checkLockFile0ErrorCode
2025-09-18 11:33:10,782 [ERROR] LogOutputStream:75 - [STDERR_REDIRECT] WARNING: Could not lock System prefs. Unix error code 2.
2025-09-18 11:33:10,782 [ERROR] LogOutputStream:75 - [STDERR_REDIRECT] 
2025-09-18 11:33:10,782 [ERROR] LogOutputStream:75 - [STDERR_REDIRECT] Sep 18, 2025 11:33:10 AM java.util.prefs.FileSystemPreferences syncWorld
2025-09-18 11:33:10,782 [ERROR] LogOutputStream:75 - [STDERR_REDIRECT] WARNING: Couldn't flush system prefs: java.util.prefs.BackingStoreException: Couldn't get file lock.
2025-09-18 11:33:10,783 [ERROR] LogOutputStream:75 - [STDERR_REDIRECT] 
2025-09-18 11:33:40,781 [ERROR] LogOutputStream:75 - [STDERR_REDIRECT] Sep 18, 2025 11:33:40 AM java.util.prefs.FileSystemPreferences checkLockFile0ErrorCode
2025-09-18 11:33:40,781 [ERROR] LogOutputStream:75 - [STDERR_REDIRECT] WARNING: Could not lock System prefs. Unix error code 2.
2025-09-18 11:33:40,781 [ERROR] LogOutputStream:75 - [STDERR_REDIRECT] 
2025-09-18 11:33:40,782 [ERROR] LogOutputStream:75 - [STDERR_REDIRECT] Sep 18, 2025 11:33:40 AM java.util.prefs.FileSystemPreferences syncWorld
2025-09-18 11:33:40,782 [ERROR] LogOutputStream:75 - [STDERR_REDIRECT] WARNING: Couldn't flush system prefs: java.util.prefs.BackingStoreException: Couldn't get file lock.
2025-09-18 11:33:40,782 [ERROR] LogOutputStream:75 - [STDERR_REDIRECT] 
2025-09-18 11:34:10,781 [ERROR] LogOutputStream:75 - [STDERR_REDIRECT] Sep 18, 2025 11:34:10 AM java.util.prefs.FileSystemPreferences checkLockFile0ErrorCode
2025-09-18 11:34:10,781 [ERROR] LogOutputStream:75 - [STDERR_REDIRECT] WARNING: Could not lock System prefs. Unix error code 2.
2025-09-18 11:34:10,781 [ERROR] LogOutputStream:75 - [STDERR_REDIRECT] 
2025-09-18 11:34:10,782 [ERROR] LogOutputStream:75 - [STDERR_REDIRECT] Sep 18, 2025 11:34:10 AM java.util.prefs.FileSystemPreferences syncWorld
2025-09-18 11:34:10,782 [ERROR] LogOutputStream:75 - [STDERR_REDIRECT] WARNING: Couldn't flush system prefs: java.util.prefs.BackingStoreException: Couldn't get file lock.
2025-09-18 11:34:10,782 [ERROR] LogOutputStream:75 - [STDERR_REDIRECT] 
2025-09-18 11:34:40,781 [ERROR] LogOutputStream:75 - [STDERR_REDIRECT] Sep 18, 2025 11:34:40 AM java.util.prefs.FileSystemPreferences checkLockFile0ErrorCode
2025-09-18 11:34:40,781 [ERROR] LogOutputStream:75 - [STDERR_REDIRECT] WARNING: Could not lock System prefs. Unix error code 2.
2025-09-18 11:34:40,782 [ERROR] LogOutputStream:75 - [STDERR_REDIRECT] 
2025-09-18 11:34:40,782 [ERROR] LogOutputStream:75 - [STDERR_REDIRECT] Sep 18, 2025 11:34:40 AM java.util.prefs.FileSystemPreferences syncWorld
2025-09-18 11:34:40,782 [ERROR] LogOutputStream:75 - [STDERR_REDIRECT] WARNING: Couldn't flush system prefs: java.util.prefs.BackingStoreException: Couldn't get file lock.
2025-09-18 11:34:40,782 [ERROR] LogOutputStream:75 - [STDERR_REDIRECT] 
2025-09-18 11:35:10,781 [ERROR] LogOutputStream:75 - [STDERR_REDIRECT] Sep 18, 2025 11:35:10 AM java.util.prefs.FileSystemPreferences checkLockFile0ErrorCode
2025-09-18 11:35:10,782 [ERROR] LogOutputStream:75 - [STDERR_REDIRECT] WARNING: Could not lock System prefs. Unix error code 2.
2025-09-18 11:35:10,782 [ERROR] LogOutputStream:75 - [STDERR_REDIRECT] 
2025-09-18 11:35:10,782 [ERROR] LogOutputStream:75 - [STDERR_REDIRECT] Sep 18, 2025 11:35:10 AM java.util.prefs.FileSystemPreferences syncWorld
2025-09-18 11:35:10,782 [ERROR] LogOutputStream:75 - [STDERR_REDIRECT] WARNING: Couldn't flush system prefs: java.util.prefs.BackingStoreException: Couldn't get file lock.
2025-09-18 11:35:10,782 [ERROR] LogOutputStream:75 - [STDERR_REDIRECT] 
2025-09-18 11:35:40,782 [ERROR] LogOutputStream:75 - [STDERR_REDIRECT] Sep 18, 2025 11:35:40 AM java.util.prefs.FileSystemPreferences checkLockFile0ErrorCode
2025-09-18 11:35:40,782 [ERROR] LogOutputStream:75 - [STDERR_REDIRECT] WARNING: Could not lock System prefs. Unix error code 2.
2025-09-18 11:35:40,782 [ERROR] LogOutputStream:75 - [STDERR_REDIRECT] 
2025-09-18 11:35:40,782 [ERROR] LogOutputStream:75 - [STDERR_REDIRECT] Sep 18, 2025 11:35:40 AM java.util.prefs.FileSystemPreferences syncWorld
2025-09-18 11:35:40,782 [ERROR] LogOutputStream:75 - [STDERR_REDIRECT] WARNING: Couldn't flush system prefs: java.util.prefs.BackingStoreException: Couldn't get file lock.
2025-09-18 11:35:40,783 [ERROR] LogOutputStream:75 - [STDERR_REDIRECT] 
2025-09-18 11:36:10,781 [ERROR] LogOutputStream:75 - [STDERR_REDIRECT] Sep 18, 2025 11:36:10 AM java.util.prefs.FileSystemPreferences checkLockFile0ErrorCode
2025-09-18 11:36:10,782 [ERROR] LogOutputStream:75 - [STDERR_REDIRECT] WARNING: Could not lock System prefs. Unix error code 2.
2025-09-18 11:36:10,782 [ERROR] LogOutputStream:75 - [STDERR_REDIRECT] 
2025-09-18 11:36:10,782 [ERROR] LogOutputStream:75 - [STDERR_REDIRECT] Sep 18, 2025 11:36:10 AM java.util.prefs.FileSystemPreferences syncWorld
2025-09-18 11:36:10,782 [ERROR] LogOutputStream:75 - [STDERR_REDIRECT] WARNING: Couldn't flush system prefs: java.util.prefs.BackingStoreException: Couldn't get file lock.
2025-09-18 11:36:10,782 [ERROR] LogOutputStream:75 - [STDERR_REDIRECT] 
2025-09-18 11:36:40,782 [ERROR] LogOutputStream:75 - [STDERR_REDIRECT] Sep 18, 2025 11:36:40 AM java.util.prefs.FileSystemPreferences checkLockFile0ErrorCode
2025-09-18 11:36:40,782 [ERROR] LogOutputStream:75 - [STDERR_REDIRECT] WARNING: Could not lock System prefs. Unix error code 2.
2025-09-18 11:36:40,782 [ERROR] LogOutputStream:75 - [STDERR_REDIRECT] 
2025-09-18 11:36:40,782 [ERROR] LogOutputStream:75 - [STDERR_REDIRECT] Sep 18, 2025 11:36:40 AM java.util.prefs.FileSystemPreferences syncWorld
2025-09-18 11:36:40,782 [ERROR] LogOutputStream:75 - [STDERR_REDIRECT] WARNING: Couldn't flush system prefs: java.util.prefs.BackingStoreException: Couldn't get file lock.
2025-09-18 11:36:40,782 [ERROR] LogOutputStream:75 - [STDERR_REDIRECT] 
2025-09-18 11:37:10,782 [ERROR] LogOutputStream:75 - [STDERR_REDIRECT] Sep 18, 2025 11:37:10 AM java.util.prefs.FileSystemPreferences checkLockFile0ErrorCode
2025-09-18 11:37:10,782 [ERROR] LogOutputStream:75 - [STDERR_REDIRECT] WARNING: Could not lock System prefs. Unix error code 2.
2025-09-18 11:37:10,782 [ERROR] LogOutputStream:75 - [STDERR_REDIRECT] 
2025-09-18 11:37:10,782 [ERROR] LogOutputStream:75 - [STDERR_REDIRECT] Sep 18, 2025 11:37:10 AM java.util.prefs.FileSystemPreferences syncWorld
2025-09-18 11:37:10,782 [ERROR] LogOutputStream:75 - [STDERR_REDIRECT] WARNING: Couldn't flush system prefs: java.util.prefs.BackingStoreException: Couldn't get file lock.
2025-09-18 11:37:10,782 [ERROR] LogOutputStream:75 - [STDERR_REDIRECT] 
2025-09-18 11:37:40,782 [ERROR] LogOutputStream:75 - [STDERR_REDIRECT] Sep 18, 2025 11:37:40 AM java.util.prefs.FileSystemPreferences checkLockFile0ErrorCode
2025-09-18 11:37:40,783 [ERROR] LogOutputStream:75 - [STDERR_REDIRECT] WARNING: Could not lock System prefs. Unix error code 2.
2025-09-18 11:37:40,783 [ERROR] LogOutputStream:75 - [STDERR_REDIRECT] 
2025-09-18 11:37:40,783 [ERROR] LogOutputStream:75 - [STDERR_REDIRECT] Sep 18, 2025 11:37:40 AM java.util.prefs.FileSystemPreferences syncWorld
2025-09-18 11:37:40,783 [ERROR] LogOutputStream:75 - [STDERR_REDIRECT] WARNING: Couldn't flush system prefs: java.util.prefs.BackingStoreException: Couldn't get file lock.
2025-09-18 11:37:40,783 [ERROR] LogOutputStream:75 - [STDERR_REDIRECT] 
2025-09-18 11:38:10,783 [ERROR] LogOutputStream:75 - [STDERR_REDIRECT] Sep 18, 2025 11:38:10 AM java.util.prefs.FileSystemPreferences checkLockFile0ErrorCode
2025-09-18 11:38:10,783 [ERROR] LogOutputStream:75 - [STDERR_REDIRECT] WARNING: Could not lock System prefs. Unix error code 2.
2025-09-18 11:38:10,784 [ERROR] LogOutputStream:75 - [STDERR_REDIRECT] 
2025-09-18 11:38:10,784 [ERROR] LogOutputStream:75 - [STDERR_REDIRECT] Sep 18, 2025 11:38:10 AM java.util.prefs.FileSystemPreferences syncWorld
2025-09-18 11:38:10,784 [ERROR] LogOutputStream:75 - [STDERR_REDIRECT] WARNING: Couldn't flush system prefs: java.util.prefs.BackingStoreException: Couldn't get file lock.
2025-09-18 11:38:10,784 [ERROR] LogOutputStream:75 - [STDERR_REDIRECT] 
2025-09-18 11:38:40,783 [ERROR] LogOutputStream:75 - [STDERR_REDIRECT] Sep 18, 2025 11:38:40 AM java.util.prefs.FileSystemPreferences checkLockFile0ErrorCode
2025-09-18 11:38:40,783 [ERROR] LogOutputStream:75 - [STDERR_REDIRECT] WARNING: Could not lock System prefs. Unix error code 2.
2025-09-18 11:38:40,783 [ERROR] LogOutputStream:75 - [STDERR_REDIRECT] 
2025-09-18 11:38:40,783 [ERROR] LogOutputStream:75 - [STDERR_REDIRECT] Sep 18, 2025 11:38:40 AM java.util.prefs.FileSystemPreferences syncWorld
2025-09-18 11:38:40,783 [ERROR] LogOutputStream:75 - [STDERR_REDIRECT] WARNING: Couldn't flush system prefs: java.util.prefs.BackingStoreException: Couldn't get file lock.
2025-09-18 11:38:40,784 [ERROR] LogOutputStream:75 - [STDERR_REDIRECT] 
2025-09-18 11:39:10,782 [ERROR] LogOutputStream:75 - [STDERR_REDIRECT] Sep 18, 2025 11:39:10 AM java.util.prefs.FileSystemPreferences checkLockFile0ErrorCode
2025-09-18 11:39:10,783 [ERROR] LogOutputStream:75 - [STDERR_REDIRECT] WARNING: Could not lock System prefs. Unix error code 2.
2025-09-18 11:39:10,783 [ERROR] LogOutputStream:75 - [STDERR_REDIRECT] 
2025-09-18 11:39:10,783 [ERROR] LogOutputStream:75 - [STDERR_REDIRECT] Sep 18, 2025 11:39:10 AM java.util.prefs.FileSystemPreferences syncWorld
2025-09-18 11:39:10,783 [ERROR] LogOutputStream:75 - [STDERR_REDIRECT] WARNING: Couldn't flush system prefs: java.util.prefs.BackingStoreException: Couldn't get file lock.
2025-09-18 11:39:10,783 [ERROR] LogOutputStream:75 - [STDERR_REDIRECT] 
2025-09-18 11:39:40,783 [ERROR] LogOutputStream:75 - [STDERR_REDIRECT] Sep 18, 2025 11:39:40 AM java.util.prefs.FileSystemPreferences checkLockFile0ErrorCode
2025-09-18 11:39:40,783 [ERROR] LogOutputStream:75 - [STDERR_REDIRECT] WARNING: Could not lock System prefs. Unix error code 2.
2025-09-18 11:39:40,783 [ERROR] LogOutputStream:75 - [STDERR_REDIRECT] 
2025-09-18 11:39:40,784 [ERROR] LogOutputStream:75 - [STDERR_REDIRECT] Sep 18, 2025 11:39:40 AM java.util.prefs.FileSystemPreferences syncWorld
2025-09-18 11:39:40,784 [ERROR] LogOutputStream:75 - [STDERR_REDIRECT] WARNING: Couldn't flush system prefs: java.util.prefs.BackingStoreException: Couldn't get file lock.
2025-09-18 11:39:40,784 [ERROR] LogOutputStream:75 - [STDERR_REDIRECT] 
2025-09-18 11:40:10,783 [ERROR] LogOutputStream:75 - [STDERR_REDIRECT] Sep 18, 2025 11:40:10 AM java.util.prefs.FileSystemPreferences checkLockFile0ErrorCode
2025-09-18 11:40:10,783 [ERROR] LogOutputStream:75 - [STDERR_REDIRECT] WARNING: Could not lock System prefs. Unix error code 2.
2025-09-18 11:40:10,783 [ERROR] LogOutputStream:75 - [STDERR_REDIRECT] 
2025-09-18 11:40:10,784 [ERROR] LogOutputStream:75 - [STDERR_REDIRECT] Sep 18, 2025 11:40:10 AM java.util.prefs.FileSystemPreferences syncWorld
2025-09-18 11:40:10,784 [ERROR] LogOutputStream:75 - [STDERR_REDIRECT] WARNING: Couldn't flush system prefs: java.util.prefs.BackingStoreException: Couldn't get file lock.
2025-09-18 11:40:10,784 [ERROR] LogOutputStream:75 - [STDERR_REDIRECT] 
2025-09-18 11:40:40,783 [ERROR] LogOutputStream:75 - [STDERR_REDIRECT] Sep 18, 2025 11:40:40 AM java.util.prefs.FileSystemPreferences checkLockFile0ErrorCode
2025-09-18 11:40:40,783 [ERROR] LogOutputStream:75 - [STDERR_REDIRECT] WARNING: Could not lock System prefs. Unix error code 2.
2025-09-18 11:40:40,783 [ERROR] LogOutputStream:75 - [STDERR_REDIRECT] 
2025-09-18 11:40:40,784 [ERROR] LogOutputStream:75 - [STDERR_REDIRECT] Sep 18, 2025 11:40:40 AM java.util.prefs.FileSystemPreferences syncWorld
2025-09-18 11:40:40,784 [ERROR] LogOutputStream:75 - [STDERR_REDIRECT] WARNING: Couldn't flush system prefs: java.util.prefs.BackingStoreException: Couldn't get file lock.
2025-09-18 11:40:40,784 [ERROR] LogOutputStream:75 - [STDERR_REDIRECT] 
2025-09-18 11:41:10,783 [ERROR] LogOutputStream:75 - [STDERR_REDIRECT] Sep 18, 2025 11:41:10 AM java.util.prefs.FileSystemPreferences checkLockFile0ErrorCode
2025-09-18 11:41:10,783 [ERROR] LogOutputStream:75 - [STDERR_REDIRECT] WARNING: Could not lock System prefs. Unix error code 2.
2025-09-18 11:41:10,783 [ERROR] LogOutputStream:75 - [STDERR_REDIRECT] 
2025-09-18 11:41:10,784 [ERROR] LogOutputStream:75 - [STDERR_REDIRECT] Sep 18, 2025 11:41:10 AM java.util.prefs.FileSystemPreferences syncWorld
2025-09-18 11:41:10,784 [ERROR] LogOutputStream:75 - [STDERR_REDIRECT] WARNING: Couldn't flush system prefs: java.util.prefs.BackingStoreException: Couldn't get file lock.
2025-09-18 11:41:10,784 [ERROR] LogOutputStream:75 - [STDERR_REDIRECT] 
2025-09-18 11:41:40,783 [ERROR] LogOutputStream:75 - [STDERR_REDIRECT] Sep 18, 2025 11:41:40 AM java.util.prefs.FileSystemPreferences checkLockFile0ErrorCode
2025-09-18 11:41:40,783 [ERROR] LogOutputStream:75 - [STDERR_REDIRECT] WARNING: Could not lock System prefs. Unix error code 2.
2025-09-18 11:41:40,783 [ERROR] LogOutputStream:75 - [STDERR_REDIRECT] 
2025-09-18 11:41:40,784 [ERROR] LogOutputStream:75 - [STDERR_REDIRECT] Sep 18, 2025 11:41:40 AM java.util.prefs.FileSystemPreferences syncWorld
2025-09-18 11:41:40,784 [ERROR] LogOutputStream:75 - [STDERR_REDIRECT] WARNING: Couldn't flush system prefs: java.util.prefs.BackingStoreException: Couldn't get file lock.
2025-09-18 11:41:40,784 [ERROR] LogOutputStream:75 - [STDERR_REDIRECT] 
2025-09-18 11:42:10,783 [ERROR] LogOutputStream:75 - [STDERR_REDIRECT] Sep 18, 2025 11:42:10 AM java.util.prefs.FileSystemPreferences checkLockFile0ErrorCode
2025-09-18 11:42:10,783 [ERROR] LogOutputStream:75 - [STDERR_REDIRECT] WARNING: Could not lock System prefs. Unix error code 2.
2025-09-18 11:42:10,783 [ERROR] LogOutputStream:75 - [STDERR_REDIRECT] 
2025-09-18 11:42:10,784 [ERROR] LogOutputStream:75 - [STDERR_REDIRECT] Sep 18, 2025 11:42:10 AM java.util.prefs.FileSystemPreferences syncWorld
2025-09-18 11:42:10,784 [ERROR] LogOutputStream:75 - [STDERR_REDIRECT] WARNING: Couldn't flush system prefs: java.util.prefs.BackingStoreException: Couldn't get file lock.
2025-09-18 11:42:10,784 [ERROR] LogOutputStream:75 - [STDERR_REDIRECT] 
2025-09-18 11:42:40,783 [ERROR] LogOutputStream:75 - [STDERR_REDIRECT] Sep 18, 2025 11:42:40 AM java.util.prefs.FileSystemPreferences checkLockFile0ErrorCode
2025-09-18 11:42:40,783 [ERROR] LogOutputStream:75 - [STDERR_REDIRECT] WARNING: Could not lock System prefs. Unix error code 2.
2025-09-18 11:42:40,783 [ERROR] LogOutputStream:75 - [STDERR_REDIRECT] 
2025-09-18 11:42:40,783 [ERROR] LogOutputStream:75 - [STDERR_REDIRECT] Sep 18, 2025 11:42:40 AM java.util.prefs.FileSystemPreferences syncWorld
2025-09-18 11:42:40,783 [ERROR] LogOutputStream:75 - [STDERR_REDIRECT] WARNING: Couldn't flush system prefs: java.util.prefs.BackingStoreException: Couldn't get file lock.
2025-09-18 11:42:40,783 [ERROR] LogOutputStream:75 - [STDERR_REDIRECT] 
2025-09-18 11:43:10,783 [ERROR] LogOutputStream:75 - [STDERR_REDIRECT] Sep 18, 2025 11:43:10 AM java.util.prefs.FileSystemPreferences checkLockFile0ErrorCode
2025-09-18 11:43:10,783 [ERROR] LogOutputStream:75 - [STDERR_REDIRECT] WARNING: Could not lock System prefs. Unix error code 2.
2025-09-18 11:43:10,783 [ERROR] LogOutputStream:75 - [STDERR_REDIRECT] 
2025-09-18 11:43:10,783 [ERROR] LogOutputStream:75 - [STDERR_REDIRECT] Sep 18, 2025 11:43:10 AM java.util.prefs.FileSystemPreferences syncWorld
2025-09-18 11:43:10,783 [ERROR] LogOutputStream:75 - [STDERR_REDIRECT] WARNING: Couldn't flush system prefs: java.util.prefs.BackingStoreException: Couldn't get file lock.
2025-09-18 11:43:10,784 [ERROR] LogOutputStream:75 - [STDERR_REDIRECT] 
2025-09-18 11:43:40,783 [ERROR] LogOutputStream:75 - [STDERR_REDIRECT] Sep 18, 2025 11:43:40 AM java.util.prefs.FileSystemPreferences checkLockFile0ErrorCode
2025-09-18 11:43:40,783 [ERROR] LogOutputStream:75 - [STDERR_REDIRECT] WARNING: Could not lock System prefs. Unix error code 2.
2025-09-18 11:43:40,783 [ERROR] LogOutputStream:75 - [STDERR_REDIRECT] 
2025-09-18 11:43:40,784 [ERROR] LogOutputStream:75 - [STDERR_REDIRECT] Sep 18, 2025 11:43:40 AM java.util.prefs.FileSystemPreferences syncWorld
2025-09-18 11:43:40,784 [ERROR] LogOutputStream:75 - [STDERR_REDIRECT] WARNING: Couldn't flush system prefs: java.util.prefs.BackingStoreException: Couldn't get file lock.
2025-09-18 11:43:40,784 [ERROR] LogOutputStream:75 - [STDERR_REDIRECT] 
2025-09-18 11:44:10,783 [ERROR] LogOutputStream:75 - [STDERR_REDIRECT] Sep 18, 2025 11:44:10 AM java.util.prefs.FileSystemPreferences checkLockFile0ErrorCode
2025-09-18 11:44:10,784 [ERROR] LogOutputStream:75 - [STDERR_REDIRECT] WARNING: Could not lock System prefs. Unix error code 2.
2025-09-18 11:44:10,784 [ERROR] LogOutputStream:75 - [STDERR_REDIRECT] 
2025-09-18 11:44:10,784 [ERROR] LogOutputStream:75 - [STDERR_REDIRECT] Sep 18, 2025 11:44:10 AM java.util.prefs.FileSystemPreferences syncWorld
2025-09-18 11:44:10,784 [ERROR] LogOutputStream:75 - [STDERR_REDIRECT] WARNING: Couldn't flush system prefs: java.util.prefs.BackingStoreException: Couldn't get file lock.
2025-09-18 11:44:10,784 [ERROR] LogOutputStream:75 - [STDERR_REDIRECT] 
2025-09-18 11:44:40,784 [ERROR] LogOutputStream:75 - [STDERR_REDIRECT] Sep 18, 2025 11:44:40 AM java.util.prefs.FileSystemPreferences checkLockFile0ErrorCode
2025-09-18 11:44:40,784 [ERROR] LogOutputStream:75 - [STDERR_REDIRECT] WARNING: Could not lock System prefs. Unix error code 2.
2025-09-18 11:44:40,784 [ERROR] LogOutputStream:75 - [STDERR_REDIRECT] 
2025-09-18 11:44:40,784 [ERROR] LogOutputStream:75 - [STDERR_REDIRECT] Sep 18, 2025 11:44:40 AM java.util.prefs.FileSystemPreferences syncWorld
2025-09-18 11:44:40,784 [ERROR] LogOutputStream:75 - [STDERR_REDIRECT] WARNING: Couldn't flush system prefs: java.util.prefs.BackingStoreException: Couldn't get file lock.
2025-09-18 11:44:40,784 [ERROR] LogOutputStream:75 - [STDERR_REDIRECT] 
2025-09-18 11:45:10,784 [ERROR] LogOutputStream:75 - [STDERR_REDIRECT] Sep 18, 2025 11:45:10 AM java.util.prefs.FileSystemPreferences checkLockFile0ErrorCode
2025-09-18 11:45:10,784 [ERROR] LogOutputStream:75 - [STDERR_REDIRECT] WARNING: Could not lock System prefs. Unix error code 2.
2025-09-18 11:45:10,784 [ERROR] LogOutputStream:75 - [STDERR_REDIRECT] 
2025-09-18 11:45:10,784 [ERROR] LogOutputStream:75 - [STDERR_REDIRECT] Sep 18, 2025 11:45:10 AM java.util.prefs.FileSystemPreferences syncWorld
2025-09-18 11:45:10,785 [ERROR] LogOutputStream:75 - [STDERR_REDIRECT] WARNING: Couldn't flush system prefs: java.util.prefs.BackingStoreException: Couldn't get file lock.
2025-09-18 11:45:10,785 [ERROR] LogOutputStream:75 - [STDERR_REDIRECT] 
2025-09-18 11:45:40,786 [ERROR] LogOutputStream:75 - [STDERR_REDIRECT] Sep 18, 2025 11:45:40 AM java.util.prefs.FileSystemPreferences checkLockFile0ErrorCode
2025-09-18 11:45:40,786 [ERROR] LogOutputStream:75 - [STDERR_REDIRECT] WARNING: Could not lock System prefs. Unix error code 2.
2025-09-18 11:45:40,786 [ERROR] LogOutputStream:75 - [STDERR_REDIRECT] 
2025-09-18 11:45:40,786 [ERROR] LogOutputStream:75 - [STDERR_REDIRECT] Sep 18, 2025 11:45:40 AM java.util.prefs.FileSystemPreferences syncWorld
2025-09-18 11:45:40,786 [ERROR] LogOutputStream:75 - [STDERR_REDIRECT] WARNING: Couldn't flush system prefs: java.util.prefs.BackingStoreException: Couldn't get file lock.
2025-09-18 11:45:40,786 [ERROR] LogOutputStream:75 - [STDERR_REDIRECT] 
2025-09-18 11:46:10,784 [ERROR] LogOutputStream:75 - [STDERR_REDIRECT] Sep 18, 2025 11:46:10 AM java.util.prefs.FileSystemPreferences checkLockFile0ErrorCode
2025-09-18 11:46:10,784 [ERROR] LogOutputStream:75 - [STDERR_REDIRECT] WARNING: Could not lock System prefs. Unix error code 2.
2025-09-18 11:46:10,784 [ERROR] LogOutputStream:75 - [STDERR_REDIRECT] 
2025-09-18 11:46:10,785 [ERROR] LogOutputStream:75 - [STDERR_REDIRECT] Sep 18, 2025 11:46:10 AM java.util.prefs.FileSystemPreferences syncWorld
2025-09-18 11:46:10,785 [ERROR] LogOutputStream:75 - [STDERR_REDIRECT] WARNING: Couldn't flush system prefs: java.util.prefs.BackingStoreException: Couldn't get file lock.
2025-09-18 11:46:10,785 [ERROR] LogOutputStream:75 - [STDERR_REDIRECT] 
2025-09-18 11:46:40,784 [ERROR] LogOutputStream:75 - [STDERR_REDIRECT] Sep 18, 2025 11:46:40 AM java.util.prefs.FileSystemPreferences checkLockFile0ErrorCode
2025-09-18 11:46:40,784 [ERROR] LogOutputStream:75 - [STDERR_REDIRECT] WARNING: Could not lock System prefs. Unix error code 2.
2025-09-18 11:46:40,785 [ERROR] LogOutputStream:75 - [STDERR_REDIRECT] 
2025-09-18 11:46:40,785 [ERROR] LogOutputStream:75 - [STDERR_REDIRECT] Sep 18, 2025 11:46:40 AM java.util.prefs.FileSystemPreferences syncWorld
2025-09-18 11:46:40,785 [ERROR] LogOutputStream:75 - [STDERR_REDIRECT] WARNING: Couldn't flush system prefs: java.util.prefs.BackingStoreException: Couldn't get file lock.
2025-09-18 11:46:40,785 [ERROR] LogOutputStream:75 - [STDERR_REDIRECT] 
2025-09-18 11:47:10,784 [ERROR] LogOutputStream:75 - [STDERR_REDIRECT] Sep 18, 2025 11:47:10 AM java.util.prefs.FileSystemPreferences checkLockFile0ErrorCode
2025-09-18 11:47:10,784 [ERROR] LogOutputStream:75 - [STDERR_REDIRECT] WARNING: Could not lock System prefs. Unix error code 2.
2025-09-18 11:47:10,784 [ERROR] LogOutputStream:75 - [STDERR_REDIRECT] 
2025-09-18 11:47:10,784 [ERROR] LogOutputStream:75 - [STDERR_REDIRECT] Sep 18, 2025 11:47:10 AM java.util.prefs.FileSystemPreferences syncWorld
2025-09-18 11:47:10,785 [ERROR] LogOutputStream:75 - [STDERR_REDIRECT] WARNING: Couldn't flush system prefs: java.util.prefs.BackingStoreException: Couldn't get file lock.
2025-09-18 11:47:10,785 [ERROR] LogOutputStream:75 - [STDERR_REDIRECT] 
2025-09-18 11:47:40,783 [ERROR] LogOutputStream:75 - [STDERR_REDIRECT] Sep 18, 2025 11:47:40 AM java.util.prefs.FileSystemPreferences checkLockFile0ErrorCode
2025-09-18 11:47:40,784 [ERROR] LogOutputStream:75 - [STDERR_REDIRECT] WARNING: Could not lock System prefs. Unix error code 2.
2025-09-18 11:47:40,784 [ERROR] LogOutputStream:75 - [STDERR_REDIRECT] 
2025-09-18 11:47:40,784 [ERROR] LogOutputStream:75 - [STDERR_REDIRECT] Sep 18, 2025 11:47:40 AM java.util.prefs.FileSystemPreferences syncWorld
2025-09-18 11:47:40,784 [ERROR] LogOutputStream:75 - [STDERR_REDIRECT] WARNING: Couldn't flush system prefs: java.util.prefs.BackingStoreException: Couldn't get file lock.
2025-09-18 11:47:40,784 [ERROR] LogOutputStream:75 - [STDERR_REDIRECT] 
2025-09-18 11:48:10,784 [ERROR] LogOutputStream:75 - [STDERR_REDIRECT] Sep 18, 2025 11:48:10 AM java.util.prefs.FileSystemPreferences checkLockFile0ErrorCode
2025-09-18 11:48:10,784 [ERROR] LogOutputStream:75 - [STDERR_REDIRECT] WARNING: Could not lock System prefs. Unix error code 2.
2025-09-18 11:48:10,784 [ERROR] LogOutputStream:75 - [STDERR_REDIRECT] 
2025-09-18 11:48:10,785 [ERROR] LogOutputStream:75 - [STDERR_REDIRECT] Sep 18, 2025 11:48:10 AM java.util.prefs.FileSystemPreferences syncWorld
2025-09-18 11:48:10,785 [ERROR] LogOutputStream:75 - [STDERR_REDIRECT] WARNING: Couldn't flush system prefs: java.util.prefs.BackingStoreException: Couldn't get file lock.
2025-09-18 11:48:10,785 [ERROR] LogOutputStream:75 - [STDERR_REDIRECT] 
2025-09-18 11:48:40,784 [ERROR] LogOutputStream:75 - [STDERR_REDIRECT] Sep 18, 2025 11:48:40 AM java.util.prefs.FileSystemPreferences checkLockFile0ErrorCode
2025-09-18 11:48:40,784 [ERROR] LogOutputStream:75 - [STDERR_REDIRECT] WARNING: Could not lock System prefs. Unix error code 2.
2025-09-18 11:48:40,784 [ERROR] LogOutputStream:75 - [STDERR_REDIRECT] 
2025-09-18 11:48:40,784 [ERROR] LogOutputStream:75 - [STDERR_REDIRECT] Sep 18, 2025 11:48:40 AM java.util.prefs.FileSystemPreferences syncWorld
2025-09-18 11:48:40,785 [ERROR] LogOutputStream:75 - [STDERR_REDIRECT] WARNING: Couldn't flush system prefs: java.util.prefs.BackingStoreException: Couldn't get file lock.
2025-09-18 11:48:40,785 [ERROR] LogOutputStream:75 - [STDERR_REDIRECT] 
2025-09-18 11:49:10,783 [ERROR] LogOutputStream:75 - [STDERR_REDIRECT] Sep 18, 2025 11:49:10 AM java.util.prefs.FileSystemPreferences checkLockFile0ErrorCode
2025-09-18 11:49:10,784 [ERROR] LogOutputStream:75 - [STDERR_REDIRECT] WARNING: Could not lock System prefs. Unix error code 2.
2025-09-18 11:49:10,784 [ERROR] LogOutputStream:75 - [STDERR_REDIRECT] 
2025-09-18 11:49:10,784 [ERROR] LogOutputStream:75 - [STDERR_REDIRECT] Sep 18, 2025 11:49:10 AM java.util.prefs.FileSystemPreferences syncWorld
2025-09-18 11:49:10,784 [ERROR] LogOutputStream:75 - [STDERR_REDIRECT] WARNING: Couldn't flush system prefs: java.util.prefs.BackingStoreException: Couldn't get file lock.
2025-09-18 11:49:10,784 [ERROR] LogOutputStream:75 - [STDERR_REDIRECT] 
2025-09-18 11:49:40,785 [ERROR] LogOutputStream:75 - [STDERR_REDIRECT] Sep 18, 2025 11:49:40 AM java.util.prefs.FileSystemPreferences checkLockFile0ErrorCode
2025-09-18 11:49:40,785 [ERROR] LogOutputStream:75 - [STDERR_REDIRECT] WARNING: Could not lock System prefs. Unix error code 2.
2025-09-18 11:49:40,785 [ERROR] LogOutputStream:75 - [STDERR_REDIRECT] 
2025-09-18 11:49:40,785 [ERROR] LogOutputStream:75 - [STDERR_REDIRECT] Sep 18, 2025 11:49:40 AM java.util.prefs.FileSystemPreferences syncWorld
2025-09-18 11:49:40,785 [ERROR] LogOutputStream:75 - [STDERR_REDIRECT] WARNING: Couldn't flush system prefs: java.util.prefs.BackingStoreException: Couldn't get file lock.
2025-09-18 11:49:40,785 [ERROR] LogOutputStream:75 - [STDERR_REDIRECT] 
2025-09-18 11:50:10,784 [ERROR] LogOutputStream:75 - [STDERR_REDIRECT] Sep 18, 2025 11:50:10 AM java.util.prefs.FileSystemPreferences checkLockFile0ErrorCode
2025-09-18 11:50:10,785 [ERROR] LogOutputStream:75 - [STDERR_REDIRECT] WARNING: Could not lock System prefs. Unix error code 2.
2025-09-18 11:50:10,785 [ERROR] LogOutputStream:75 - [STDERR_REDIRECT] 
2025-09-18 11:50:10,785 [ERROR] LogOutputStream:75 - [STDERR_REDIRECT] Sep 18, 2025 11:50:10 AM java.util.prefs.FileSystemPreferences syncWorld
2025-09-18 11:50:10,785 [ERROR] LogOutputStream:75 - [STDERR_REDIRECT] WARNING: Couldn't flush system prefs: java.util.prefs.BackingStoreException: Couldn't get file lock.
2025-09-18 11:50:10,785 [ERROR] LogOutputStream:75 - [STDERR_REDIRECT] 
2025-09-18 11:50:40,785 [ERROR] LogOutputStream:75 - [STDERR_REDIRECT] Sep 18, 2025 11:50:40 AM java.util.prefs.FileSystemPreferences checkLockFile0ErrorCode
2025-09-18 11:50:40,785 [ERROR] LogOutputStream:75 - [STDERR_REDIRECT] WARNING: Could not lock System prefs. Unix error code 2.
2025-09-18 11:50:40,785 [ERROR] LogOutputStream:75 - [STDERR_REDIRECT] 
2025-09-18 11:50:40,786 [ERROR] LogOutputStream:75 - [STDERR_REDIRECT] Sep 18, 2025 11:50:40 AM java.util.prefs.FileSystemPreferences syncWorld
2025-09-18 11:50:40,786 [ERROR] LogOutputStream:75 - [STDERR_REDIRECT] WARNING: Couldn't flush system prefs: java.util.prefs.BackingStoreException: Couldn't get file lock.
2025-09-18 11:50:40,786 [ERROR] LogOutputStream:75 - [STDERR_REDIRECT] 
2025-09-18 11:51:10,786 [ERROR] LogOutputStream:75 - [STDERR_REDIRECT] Sep 18, 2025 11:51:10 AM java.util.prefs.FileSystemPreferences checkLockFile0ErrorCode
2025-09-18 11:51:10,786 [ERROR] LogOutputStream:75 - [STDERR_REDIRECT] WARNING: Could not lock System prefs. Unix error code 2.
2025-09-18 11:51:10,786 [ERROR] LogOutputStream:75 - [STDERR_REDIRECT] 
2025-09-18 11:51:10,787 [ERROR] LogOutputStream:75 - [STDERR_REDIRECT] Sep 18, 2025 11:51:10 AM java.util.prefs.FileSystemPreferences syncWorld
2025-09-18 11:51:10,787 [ERROR] LogOutputStream:75 - [STDERR_REDIRECT] WARNING: Couldn't flush system prefs: java.util.prefs.BackingStoreException: Couldn't get file lock.
2025-09-18 11:51:10,787 [ERROR] LogOutputStream:75 - [STDERR_REDIRECT] 
2025-09-18 11:51:40,786 [ERROR] LogOutputStream:75 - [STDERR_REDIRECT] Sep 18, 2025 11:51:40 AM java.util.prefs.FileSystemPreferences checkLockFile0ErrorCode
2025-09-18 11:51:40,786 [ERROR] LogOutputStream:75 - [STDERR_REDIRECT] WARNING: Could not lock System prefs. Unix error code 2.
2025-09-18 11:51:40,786 [ERROR] LogOutputStream:75 - [STDERR_REDIRECT] 
2025-09-18 11:51:40,786 [ERROR] LogOutputStream:75 - [STDERR_REDIRECT] Sep 18, 2025 11:51:40 AM java.util.prefs.FileSystemPreferences syncWorld
2025-09-18 11:51:40,786 [ERROR] LogOutputStream:75 - [STDERR_REDIRECT] WARNING: Couldn't flush system prefs: java.util.prefs.BackingStoreException: Couldn't get file lock.
2025-09-18 11:51:40,786 [ERROR] LogOutputStream:75 - [STDERR_REDIRECT] 
2025-09-18 11:52:10,785 [ERROR] LogOutputStream:75 - [STDERR_REDIRECT] Sep 18, 2025 11:52:10 AM java.util.prefs.FileSystemPreferences checkLockFile0ErrorCode
2025-09-18 11:52:10,785 [ERROR] LogOutputStream:75 - [STDERR_REDIRECT] WARNING: Could not lock System prefs. Unix error code 2.
2025-09-18 11:52:10,785 [ERROR] LogOutputStream:75 - [STDERR_REDIRECT] 
2025-09-18 11:52:10,786 [ERROR] LogOutputStream:75 - [STDERR_REDIRECT] Sep 18, 2025 11:52:10 AM java.util.prefs.FileSystemPreferences syncWorld
2025-09-18 11:52:10,786 [ERROR] LogOutputStream:75 - [STDERR_REDIRECT] WARNING: Couldn't flush system prefs: java.util.prefs.BackingStoreException: Couldn't get file lock.
2025-09-18 11:52:10,786 [ERROR] LogOutputStream:75 - [STDERR_REDIRECT] 
2025-09-18 11:52:40,785 [ERROR] LogOutputStream:75 - [STDERR_REDIRECT] Sep 18, 2025 11:52:40 AM java.util.prefs.FileSystemPreferences checkLockFile0ErrorCode
2025-09-18 11:52:40,785 [ERROR] LogOutputStream:75 - [STDERR_REDIRECT] WARNING: Could not lock System prefs. Unix error code 2.
2025-09-18 11:52:40,785 [ERROR] LogOutputStream:75 - [STDERR_REDIRECT] 
2025-09-18 11:52:40,786 [ERROR] LogOutputStream:75 - [STDERR_REDIRECT] Sep 18, 2025 11:52:40 AM java.util.prefs.FileSystemPreferences syncWorld
2025-09-18 11:52:40,786 [ERROR] LogOutputStream:75 - [STDERR_REDIRECT] WARNING: Couldn't flush system prefs: java.util.prefs.BackingStoreException: Couldn't get file lock.
2025-09-18 11:52:40,786 [ERROR] LogOutputStream:75 - [STDERR_REDIRECT] 
2025-09-18 11:53:10,785 [ERROR] LogOutputStream:75 - [STDERR_REDIRECT] Sep 18, 2025 11:53:10 AM java.util.prefs.FileSystemPreferences checkLockFile0ErrorCode
2025-09-18 11:53:10,785 [ERROR] LogOutputStream:75 - [STDERR_REDIRECT] WARNING: Could not lock System prefs. Unix error code 2.
2025-09-18 11:53:10,785 [ERROR] LogOutputStream:75 - [STDERR_REDIRECT] 
2025-09-18 11:53:10,786 [ERROR] LogOutputStream:75 - [STDERR_REDIRECT] Sep 18, 2025 11:53:10 AM java.util.prefs.FileSystemPreferences syncWorld
2025-09-18 11:53:10,786 [ERROR] LogOutputStream:75 - [STDERR_REDIRECT] WARNING: Couldn't flush system prefs: java.util.prefs.BackingStoreException: Couldn't get file lock.
2025-09-18 11:53:10,786 [ERROR] LogOutputStream:75 - [STDERR_REDIRECT] 
2025-09-18 11:53:26,013 [ERROR] ConfigurationRetriever:142 - IOException on connection: Connect timed out
2025-09-18 11:53:40,787 [ERROR] LogOutputStream:75 - [STDERR_REDIRECT] Sep 18, 2025 11:53:40 AM java.util.prefs.FileSystemPreferences checkLockFile0ErrorCode
2025-09-18 11:53:40,787 [ERROR] LogOutputStream:75 - [STDERR_REDIRECT] WARNING: Could not lock System prefs. Unix error code 2.
2025-09-18 11:53:40,787 [ERROR] LogOutputStream:75 - [STDERR_REDIRECT] 
2025-09-18 11:53:40,787 [ERROR] LogOutputStream:75 - [STDERR_REDIRECT] Sep 18, 2025 11:53:40 AM java.util.prefs.FileSystemPreferences syncWorld
2025-09-18 11:53:40,788 [ERROR] LogOutputStream:75 - [STDERR_REDIRECT] WARNING: Couldn't flush system prefs: java.util.prefs.BackingStoreException: Couldn't get file lock.
2025-09-18 11:53:40,788 [ERROR] LogOutputStream:75 - [STDERR_REDIRECT] 
2025-09-18 11:54:10,785 [ERROR] LogOutputStream:75 - [STDERR_REDIRECT] Sep 18, 2025 11:54:10 AM java.util.prefs.FileSystemPreferences checkLockFile0ErrorCode
2025-09-18 11:54:10,786 [ERROR] LogOutputStream:75 - [STDERR_REDIRECT] WARNING: Could not lock System prefs. Unix error code 2.
2025-09-18 11:54:10,786 [ERROR] LogOutputStream:75 - [STDERR_REDIRECT] 
2025-09-18 11:54:10,786 [ERROR] LogOutputStream:75 - [STDERR_REDIRECT] Sep 18, 2025 11:54:10 AM java.util.prefs.FileSystemPreferences syncWorld
2025-09-18 11:54:10,786 [ERROR] LogOutputStream:75 - [STDERR_REDIRECT] WARNING: Couldn't flush system prefs: java.util.prefs.BackingStoreException: Couldn't get file lock.
2025-09-18 11:54:10,786 [ERROR] LogOutputStream:75 - [STDERR_REDIRECT] 
2025-09-18 11:54:40,789 [ERROR] LogOutputStream:75 - [STDERR_REDIRECT] Sep 18, 2025 11:54:40 AM java.util.prefs.FileSystemPreferences checkLockFile0ErrorCode
2025-09-18 11:54:40,789 [ERROR] LogOutputStream:75 - [STDERR_REDIRECT] WARNING: Could not lock System prefs. Unix error code 2.
2025-09-18 11:54:40,790 [ERROR] LogOutputStream:75 - [STDERR_REDIRECT] 
2025-09-18 11:54:40,790 [ERROR] LogOutputStream:75 - [STDERR_REDIRECT] Sep 18, 2025 11:54:40 AM java.util.prefs.FileSystemPreferences syncWorld
2025-09-18 11:54:40,790 [ERROR] LogOutputStream:75 - [STDERR_REDIRECT] WARNING: Couldn't flush system prefs: java.util.prefs.BackingStoreException: Couldn't get file lock.
2025-09-18 11:54:40,790 [ERROR] LogOutputStream:75 - [STDERR_REDIRECT] 
2025-09-18 11:55:10,785 [ERROR] LogOutputStream:75 - [STDERR_REDIRECT] Sep 18, 2025 11:55:10 AM java.util.prefs.FileSystemPreferences checkLockFile0ErrorCode
2025-09-18 11:55:10,785 [ERROR] LogOutputStream:75 - [STDERR_REDIRECT] WARNING: Could not lock System prefs. Unix error code 2.
2025-09-18 11:55:10,785 [ERROR] LogOutputStream:75 - [STDERR_REDIRECT] 
2025-09-18 11:55:10,785 [ERROR] LogOutputStream:75 - [STDERR_REDIRECT] Sep 18, 2025 11:55:10 AM java.util.prefs.FileSystemPreferences syncWorld
2025-09-18 11:55:10,786 [ERROR] LogOutputStream:75 - [STDERR_REDIRECT] WARNING: Couldn't flush system prefs: java.util.prefs.BackingStoreException: Couldn't get file lock.
2025-09-18 11:55:10,786 [ERROR] LogOutputStream:75 - [STDERR_REDIRECT] 
2025-09-18 11:55:40,784 [ERROR] LogOutputStream:75 - [STDERR_REDIRECT] Sep 18, 2025 11:55:40 AM java.util.prefs.FileSystemPreferences checkLockFile0ErrorCode
2025-09-18 11:55:40,785 [ERROR] LogOutputStream:75 - [STDERR_REDIRECT] WARNING: Could not lock System prefs. Unix error code 2.
2025-09-18 11:55:40,785 [ERROR] LogOutputStream:75 - [STDERR_REDIRECT] 
2025-09-18 11:55:40,785 [ERROR] LogOutputStream:75 - [STDERR_REDIRECT] Sep 18, 2025 11:55:40 AM java.util.prefs.FileSystemPreferences syncWorld
2025-09-18 11:55:40,785 [ERROR] LogOutputStream:75 - [STDERR_REDIRECT] WARNING: Couldn't flush system prefs: java.util.prefs.BackingStoreException: Couldn't get file lock.
2025-09-18 11:55:40,785 [ERROR] LogOutputStream:75 - [STDERR_REDIRECT] 
2025-09-18 11:56:10,787 [ERROR] LogOutputStream:75 - [STDERR_REDIRECT] Sep 18, 2025 11:56:10 AM java.util.prefs.FileSystemPreferences checkLockFile0ErrorCode
2025-09-18 11:56:10,787 [ERROR] LogOutputStream:75 - [STDERR_REDIRECT] WARNING: Could not lock System prefs. Unix error code 2.
2025-09-18 11:56:10,787 [ERROR] LogOutputStream:75 - [STDERR_REDIRECT] 
2025-09-18 11:56:10,787 [ERROR] LogOutputStream:75 - [STDERR_REDIRECT] Sep 18, 2025 11:56:10 AM java.util.prefs.FileSystemPreferences syncWorld
2025-09-18 11:56:10,788 [ERROR] LogOutputStream:75 - [STDERR_REDIRECT] WARNING: Couldn't flush system prefs: java.util.prefs.BackingStoreException: Couldn't get file lock.
2025-09-18 11:56:10,788 [ERROR] LogOutputStream:75 - [STDERR_REDIRECT] 
2025-09-18 11:56:40,785 [ERROR] LogOutputStream:75 - [STDERR_REDIRECT] Sep 18, 2025 11:56:40 AM java.util.prefs.FileSystemPreferences checkLockFile0ErrorCode
2025-09-18 11:56:40,785 [ERROR] LogOutputStream:75 - [STDERR_REDIRECT] WARNING: Could not lock System prefs. Unix error code 2.
2025-09-18 11:56:40,785 [ERROR] LogOutputStream:75 - [STDERR_REDIRECT] 
2025-09-18 11:56:40,786 [ERROR] LogOutputStream:75 - [STDERR_REDIRECT] Sep 18, 2025 11:56:40 AM java.util.prefs.FileSystemPreferences syncWorld
2025-09-18 11:56:40,786 [ERROR] LogOutputStream:75 - [STDERR_REDIRECT] WARNING: Couldn't flush system prefs: java.util.prefs.BackingStoreException: Couldn't get file lock.
2025-09-18 11:56:40,786 [ERROR] LogOutputStream:75 - [STDERR_REDIRECT] 
2025-09-18 11:57:10,786 [ERROR] LogOutputStream:75 - [STDERR_REDIRECT] Sep 18, 2025 11:57:10 AM java.util.prefs.FileSystemPreferences checkLockFile0ErrorCode
2025-09-18 11:57:10,786 [ERROR] LogOutputStream:75 - [STDERR_REDIRECT] WARNING: Could not lock System prefs. Unix error code 2.
2025-09-18 11:57:10,786 [ERROR] LogOutputStream:75 - [STDERR_REDIRECT] 
2025-09-18 11:57:10,786 [ERROR] LogOutputStream:75 - [STDERR_REDIRECT] Sep 18, 2025 11:57:10 AM java.util.prefs.FileSystemPreferences syncWorld
2025-09-18 11:57:10,786 [ERROR] LogOutputStream:75 - [STDERR_REDIRECT] WARNING: Couldn't flush system prefs: java.util.prefs.BackingStoreException: Couldn't get file lock.
2025-09-18 11:57:10,787 [ERROR] LogOutputStream:75 - [STDERR_REDIRECT] 
2025-09-18 11:57:40,785 [ERROR] LogOutputStream:75 - [STDERR_REDIRECT] Sep 18, 2025 11:57:40 AM java.util.prefs.FileSystemPreferences checkLockFile0ErrorCode
2025-09-18 11:57:40,785 [ERROR] LogOutputStream:75 - [STDERR_REDIRECT] WARNING: Could not lock System prefs. Unix error code 2.
2025-09-18 11:57:40,786 [ERROR] LogOutputStream:75 - [STDERR_REDIRECT] 
2025-09-18 11:57:40,786 [ERROR] LogOutputStream:75 - [STDERR_REDIRECT] Sep 18, 2025 11:57:40 AM java.util.prefs.FileSystemPreferences syncWorld
2025-09-18 11:57:40,786 [ERROR] LogOutputStream:75 - [STDERR_REDIRECT] WARNING: Couldn't flush system prefs: java.util.prefs.BackingStoreException: Couldn't get file lock.
2025-09-18 11:57:40,786 [ERROR] LogOutputStream:75 - [STDERR_REDIRECT] 
2025-09-18 11:58:10,786 [ERROR] LogOutputStream:75 - [STDERR_REDIRECT] Sep 18, 2025 11:58:10 AM java.util.prefs.FileSystemPreferences checkLockFile0ErrorCode
2025-09-18 11:58:10,786 [ERROR] LogOutputStream:75 - [STDERR_REDIRECT] WARNING: Could not lock System prefs. Unix error code 2.
2025-09-18 11:58:10,787 [ERROR] LogOutputStream:75 - [STDERR_REDIRECT] 
2025-09-18 11:58:10,787 [ERROR] LogOutputStream:75 - [STDERR_REDIRECT] Sep 18, 2025 11:58:10 AM java.util.prefs.FileSystemPreferences syncWorld
2025-09-18 11:58:10,787 [ERROR] LogOutputStream:75 - [STDERR_REDIRECT] WARNING: Couldn't flush system prefs: java.util.prefs.BackingStoreException: Couldn't get file lock.
2025-09-18 11:58:10,787 [ERROR] LogOutputStream:75 - [STDERR_REDIRECT] 
2025-09-18 11:58:40,786 [ERROR] LogOutputStream:75 - [STDERR_REDIRECT] Sep 18, 2025 11:58:40 AM java.util.prefs.FileSystemPreferences checkLockFile0ErrorCode
2025-09-18 11:58:40,786 [ERROR] LogOutputStream:75 - [STDERR_REDIRECT] WARNING: Could not lock System prefs. Unix error code 2.
2025-09-18 11:58:40,786 [ERROR] LogOutputStream:75 - [STDERR_REDIRECT] 
2025-09-18 11:58:40,787 [ERROR] LogOutputStream:75 - [STDERR_REDIRECT] Sep 18, 2025 11:58:40 AM java.util.prefs.FileSystemPreferences syncWorld
2025-09-18 11:58:40,787 [ERROR] LogOutputStream:75 - [STDERR_REDIRECT] WARNING: Couldn't flush system prefs: java.util.prefs.BackingStoreException: Couldn't get file lock.
2025-09-18 11:58:40,787 [ERROR] LogOutputStream:75 - [STDERR_REDIRECT] 
2025-09-18 11:59:10,786 [ERROR] LogOutputStream:75 - [STDERR_REDIRECT] Sep 18, 2025 11:59:10 AM java.util.prefs.FileSystemPreferences checkLockFile0ErrorCode
2025-09-18 11:59:10,786 [ERROR] LogOutputStream:75 - [STDERR_REDIRECT] WARNING: Could not lock System prefs. Unix error code 2.
2025-09-18 11:59:10,786 [ERROR] LogOutputStream:75 - [STDERR_REDIRECT] 
2025-09-18 11:59:10,786 [ERROR] LogOutputStream:75 - [STDERR_REDIRECT] Sep 18, 2025 11:59:10 AM java.util.prefs.FileSystemPreferences syncWorld
2025-09-18 11:59:10,786 [ERROR] LogOutputStream:75 - [STDERR_REDIRECT] WARNING: Couldn't flush system prefs: java.util.prefs.BackingStoreException: Couldn't get file lock.
2025-09-18 11:59:10,786 [ERROR] LogOutputStream:75 - [STDERR_REDIRECT] 
2025-09-18 11:59:40,787 [ERROR] LogOutputStream:75 - [STDERR_REDIRECT] Sep 18, 2025 11:59:40 AM java.util.prefs.FileSystemPreferences checkLockFile0ErrorCode
2025-09-18 11:59:40,787 [ERROR] LogOutputStream:75 - [STDERR_REDIRECT] WARNING: Could not lock System prefs. Unix error code 2.
2025-09-18 11:59:40,787 [ERROR] LogOutputStream:75 - [STDERR_REDIRECT] 
2025-09-18 11:59:40,788 [ERROR] LogOutputStream:75 - [STDERR_REDIRECT] Sep 18, 2025 11:59:40 AM java.util.prefs.FileSystemPreferences syncWorld
2025-09-18 11:59:40,788 [ERROR] LogOutputStream:75 - [STDERR_REDIRECT] WARNING: Couldn't flush system prefs: java.util.prefs.BackingStoreException: Couldn't get file lock.
2025-09-18 11:59:40,788 [ERROR] LogOutputStream:75 - [STDERR_REDIRECT] 
2025-09-18 12:00:10,787 [ERROR] LogOutputStream:75 - [STDERR_REDIRECT] Sep 18, 2025 12:00:10 PM java.util.prefs.FileSystemPreferences checkLockFile0ErrorCode
2025-09-18 12:00:10,787 [ERROR] LogOutputStream:75 - [STDERR_REDIRECT] WARNING: Could not lock System prefs. Unix error code 2.
2025-09-18 12:00:10,787 [ERROR] LogOutputStream:75 - [STDERR_REDIRECT] 
2025-09-18 12:00:10,787 [ERROR] LogOutputStream:75 - [STDERR_REDIRECT] Sep 18, 2025 12:00:10 PM java.util.prefs.FileSystemPreferences syncWorld
2025-09-18 12:00:10,787 [ERROR] LogOutputStream:75 - [STDERR_REDIRECT] WARNING: Couldn't flush system prefs: java.util.prefs.BackingStoreException: Couldn't get file lock.
2025-09-18 12:00:10,787 [ERROR] LogOutputStream:75 - [STDERR_REDIRECT] 
2025-09-18 12:00:40,786 [ERROR] LogOutputStream:75 - [STDERR_REDIRECT] Sep 18, 2025 12:00:40 PM java.util.prefs.FileSystemPreferences checkLockFile0ErrorCode
2025-09-18 12:00:40,786 [ERROR] LogOutputStream:75 - [STDERR_REDIRECT] WARNING: Could not lock System prefs. Unix error code 2.
2025-09-18 12:00:40,786 [ERROR] LogOutputStream:75 - [STDERR_REDIRECT] 
2025-09-18 12:00:40,787 [ERROR] LogOutputStream:75 - [STDERR_REDIRECT] Sep 18, 2025 12:00:40 PM java.util.prefs.FileSystemPreferences syncWorld
2025-09-18 12:00:40,787 [ERROR] LogOutputStream:75 - [STDERR_REDIRECT] WARNING: Couldn't flush system prefs: java.util.prefs.BackingStoreException: Couldn't get file lock.
2025-09-18 12:00:40,787 [ERROR] LogOutputStream:75 - [STDERR_REDIRECT] 
2025-09-18 12:01:10,786 [ERROR] LogOutputStream:75 - [STDERR_REDIRECT] Sep 18, 2025 12:01:10 PM java.util.prefs.FileSystemPreferences checkLockFile0ErrorCode
2025-09-18 12:01:10,786 [ERROR] LogOutputStream:75 - [STDERR_REDIRECT] WARNING: Could not lock System prefs. Unix error code 2.
2025-09-18 12:01:10,786 [ERROR] LogOutputStream:75 - [STDERR_REDIRECT] 
2025-09-18 12:01:10,787 [ERROR] LogOutputStream:75 - [STDERR_REDIRECT] Sep 18, 2025 12:01:10 PM java.util.prefs.FileSystemPreferences syncWorld
2025-09-18 12:01:10,787 [ERROR] LogOutputStream:75 - [STDERR_REDIRECT] WARNING: Couldn't flush system prefs: java.util.prefs.BackingStoreException: Couldn't get file lock.
2025-09-18 12:01:10,787 [ERROR] LogOutputStream:75 - [STDERR_REDIRECT] 
2025-09-18 12:01:40,786 [ERROR] LogOutputStream:75 - [STDERR_REDIRECT] Sep 18, 2025 12:01:40 PM java.util.prefs.FileSystemPreferences checkLockFile0ErrorCode
2025-09-18 12:01:40,786 [ERROR] LogOutputStream:75 - [STDERR_REDIRECT] WARNING: Could not lock System prefs. Unix error code 2.
2025-09-18 12:01:40,786 [ERROR] LogOutputStream:75 - [STDERR_REDIRECT] 
2025-09-18 12:01:40,786 [ERROR] LogOutputStream:75 - [STDERR_REDIRECT] Sep 18, 2025 12:01:40 PM java.util.prefs.FileSystemPreferences syncWorld
2025-09-18 12:01:40,786 [ERROR] LogOutputStream:75 - [STDERR_REDIRECT] WARNING: Couldn't flush system prefs: java.util.prefs.BackingStoreException: Couldn't get file lock.
2025-09-18 12:01:40,786 [ERROR] LogOutputStream:75 - [STDERR_REDIRECT] 
2025-09-18 12:02:10,787 [ERROR] LogOutputStream:75 - [STDERR_REDIRECT] Sep 18, 2025 12:02:10 PM java.util.prefs.FileSystemPreferences checkLockFile0ErrorCode
2025-09-18 12:02:10,788 [ERROR] LogOutputStream:75 - [STDERR_REDIRECT] WARNING: Could not lock System prefs. Unix error code 2.
2025-09-18 12:02:10,788 [ERROR] LogOutputStream:75 - [STDERR_REDIRECT] 
2025-09-18 12:02:10,788 [ERROR] LogOutputStream:75 - [STDERR_REDIRECT] Sep 18, 2025 12:02:10 PM java.util.prefs.FileSystemPreferences syncWorld
2025-09-18 12:02:10,788 [ERROR] LogOutputStream:75 - [STDERR_REDIRECT] WARNING: Couldn't flush system prefs: java.util.prefs.BackingStoreException: Couldn't get file lock.
2025-09-18 12:02:10,788 [ERROR] LogOutputStream:75 - [STDERR_REDIRECT] 
2025-09-18 12:02:40,786 [ERROR] LogOutputStream:75 - [STDERR_REDIRECT] Sep 18, 2025 12:02:40 PM java.util.prefs.FileSystemPreferences checkLockFile0ErrorCode
2025-09-18 12:02:40,787 [ERROR] LogOutputStream:75 - [STDERR_REDIRECT] WARNING: Could not lock System prefs. Unix error code 2.
2025-09-18 12:02:40,787 [ERROR] LogOutputStream:75 - [STDERR_REDIRECT] 
2025-09-18 12:02:40,787 [ERROR] LogOutputStream:75 - [STDERR_REDIRECT] Sep 18, 2025 12:02:40 PM java.util.prefs.FileSystemPreferences syncWorld
2025-09-18 12:02:40,787 [ERROR] LogOutputStream:75 - [STDERR_REDIRECT] WARNING: Couldn't flush system prefs: java.util.prefs.BackingStoreException: Couldn't get file lock.
2025-09-18 12:02:40,787 [ERROR] LogOutputStream:75 - [STDERR_REDIRECT] 
2025-09-18 12:03:10,787 [ERROR] LogOutputStream:75 - [STDERR_REDIRECT] Sep 18, 2025 12:03:10 PM java.util.prefs.FileSystemPreferences checkLockFile0ErrorCode
2025-09-18 12:03:10,787 [ERROR] LogOutputStream:75 - [STDERR_REDIRECT] WARNING: Could not lock System prefs. Unix error code 2.
2025-09-18 12:03:10,787 [ERROR] LogOutputStream:75 - [STDERR_REDIRECT] 
2025-09-18 12:03:10,788 [ERROR] LogOutputStream:75 - [STDERR_REDIRECT] Sep 18, 2025 12:03:10 PM java.util.prefs.FileSystemPreferences syncWorld
2025-09-18 12:03:10,788 [ERROR] LogOutputStream:75 - [STDERR_REDIRECT] WARNING: Couldn't flush system prefs: java.util.prefs.BackingStoreException: Couldn't get file lock.
2025-09-18 12:03:10,788 [ERROR] LogOutputStream:75 - [STDERR_REDIRECT] 
2025-09-18 12:03:40,786 [ERROR] LogOutputStream:75 - [STDERR_REDIRECT] Sep 18, 2025 12:03:40 PM java.util.prefs.FileSystemPreferences checkLockFile0ErrorCode
2025-09-18 12:03:40,787 [ERROR] LogOutputStream:75 - [STDERR_REDIRECT] WARNING: Could not lock System prefs. Unix error code 2.
2025-09-18 12:03:40,787 [ERROR] LogOutputStream:75 - [STDERR_REDIRECT] 
2025-09-18 12:03:40,787 [ERROR] LogOutputStream:75 - [STDERR_REDIRECT] Sep 18, 2025 12:03:40 PM java.util.prefs.FileSystemPreferences syncWorld
2025-09-18 12:03:40,787 [ERROR] LogOutputStream:75 - [STDERR_REDIRECT] WARNING: Couldn't flush system prefs: java.util.prefs.BackingStoreException: Couldn't get file lock.
2025-09-18 12:03:40,787 [ERROR] LogOutputStream:75 - [STDERR_REDIRECT] 
2025-09-18 12:04:10,786 [ERROR] LogOutputStream:75 - [STDERR_REDIRECT] Sep 18, 2025 12:04:10 PM java.util.prefs.FileSystemPreferences checkLockFile0ErrorCode
2025-09-18 12:04:10,786 [ERROR] LogOutputStream:75 - [STDERR_REDIRECT] WARNING: Could not lock System prefs. Unix error code 2.
2025-09-18 12:04:10,786 [ERROR] LogOutputStream:75 - [STDERR_REDIRECT] 
2025-09-18 12:04:10,786 [ERROR] LogOutputStream:75 - [STDERR_REDIRECT] Sep 18, 2025 12:04:10 PM java.util.prefs.FileSystemPreferences syncWorld
2025-09-18 12:04:10,786 [ERROR] LogOutputStream:75 - [STDERR_REDIRECT] WARNING: Couldn't flush system prefs: java.util.prefs.BackingStoreException: Couldn't get file lock.
2025-09-18 12:04:10,787 [ERROR] LogOutputStream:75 - [STDERR_REDIRECT] 
2025-09-18 12:04:40,786 [ERROR] LogOutputStream:75 - [STDERR_REDIRECT] Sep 18, 2025 12:04:40 PM java.util.prefs.FileSystemPreferences checkLockFile0ErrorCode
2025-09-18 12:04:40,786 [ERROR] LogOutputStream:75 - [STDERR_REDIRECT] WARNING: Could not lock System prefs. Unix error code 2.
2025-09-18 12:04:40,786 [ERROR] LogOutputStream:75 - [STDERR_REDIRECT] 
2025-09-18 12:04:40,786 [ERROR] LogOutputStream:75 - [STDERR_REDIRECT] Sep 18, 2025 12:04:40 PM java.util.prefs.FileSystemPreferences syncWorld
2025-09-18 12:04:40,786 [ERROR] LogOutputStream:75 - [STDERR_REDIRECT] WARNING: Couldn't flush system prefs: java.util.prefs.BackingStoreException: Couldn't get file lock.
2025-09-18 12:04:40,786 [ERROR] LogOutputStream:75 - [STDERR_REDIRECT] 
2025-09-18 12:05:10,789 [ERROR] LogOutputStream:75 - [STDERR_REDIRECT] Sep 18, 2025 12:05:10 PM java.util.prefs.FileSystemPreferences checkLockFile0ErrorCode
2025-09-18 12:05:10,790 [ERROR] LogOutputStream:75 - [STDERR_REDIRECT] WARNING: Could not lock System prefs. Unix error code 2.
2025-09-18 12:05:10,790 [ERROR] LogOutputStream:75 - [STDERR_REDIRECT] 
2025-09-18 12:05:10,790 [ERROR] LogOutputStream:75 - [STDERR_REDIRECT] Sep 18, 2025 12:05:10 PM java.util.prefs.FileSystemPreferences syncWorld
2025-09-18 12:05:10,790 [ERROR] LogOutputStream:75 - [STDERR_REDIRECT] WARNING: Couldn't flush system prefs: java.util.prefs.BackingStoreException: Couldn't get file lock.
2025-09-18 12:05:10,790 [ERROR] LogOutputStream:75 - [STDERR_REDIRECT] 
2025-09-18 12:05:40,786 [ERROR] LogOutputStream:75 - [STDERR_REDIRECT] Sep 18, 2025 12:05:40 PM java.util.prefs.FileSystemPreferences checkLockFile0ErrorCode
2025-09-18 12:05:40,786 [ERROR] LogOutputStream:75 - [STDERR_REDIRECT] WARNING: Could not lock System prefs. Unix error code 2.
2025-09-18 12:05:40,786 [ERROR] LogOutputStream:75 - [STDERR_REDIRECT] 
2025-09-18 12:05:40,786 [ERROR] LogOutputStream:75 - [STDERR_REDIRECT] Sep 18, 2025 12:05:40 PM java.util.prefs.FileSystemPreferences syncWorld
2025-09-18 12:05:40,786 [ERROR] LogOutputStream:75 - [STDERR_REDIRECT] WARNING: Couldn't flush system prefs: java.util.prefs.BackingStoreException: Couldn't get file lock.
2025-09-18 12:05:40,787 [ERROR] LogOutputStream:75 - [STDERR_REDIRECT] 
2025-09-18 12:06:10,785 [ERROR] LogOutputStream:75 - [STDERR_REDIRECT] Sep 18, 2025 12:06:10 PM java.util.prefs.FileSystemPreferences checkLockFile0ErrorCode
2025-09-18 12:06:10,786 [ERROR] LogOutputStream:75 - [STDERR_REDIRECT] WARNING: Could not lock System prefs. Unix error code 2.
2025-09-18 12:06:10,786 [ERROR] LogOutputStream:75 - [STDERR_REDIRECT] 
2025-09-18 12:06:10,786 [ERROR] LogOutputStream:75 - [STDERR_REDIRECT] Sep 18, 2025 12:06:10 PM java.util.prefs.FileSystemPreferences syncWorld
2025-09-18 12:06:10,786 [ERROR] LogOutputStream:75 - [STDERR_REDIRECT] WARNING: Couldn't flush system prefs: java.util.prefs.BackingStoreException: Couldn't get file lock.
2025-09-18 12:06:10,786 [ERROR] LogOutputStream:75 - [STDERR_REDIRECT] 
2025-09-18 12:06:40,789 [ERROR] LogOutputStream:75 - [STDERR_REDIRECT] Sep 18, 2025 12:06:40 PM java.util.prefs.FileSystemPreferences checkLockFile0ErrorCode
2025-09-18 12:06:40,789 [ERROR] LogOutputStream:75 - [STDERR_REDIRECT] WARNING: Could not lock System prefs. Unix error code 2.
2025-09-18 12:06:40,789 [ERROR] LogOutputStream:75 - [STDERR_REDIRECT] 
2025-09-18 12:06:40,789 [ERROR] LogOutputStream:75 - [STDERR_REDIRECT] Sep 18, 2025 12:06:40 PM java.util.prefs.FileSystemPreferences syncWorld
2025-09-18 12:06:40,789 [ERROR] LogOutputStream:75 - [STDERR_REDIRECT] WARNING: Couldn't flush system prefs: java.util.prefs.BackingStoreException: Couldn't get file lock.
2025-09-18 12:06:40,790 [ERROR] LogOutputStream:75 - [STDERR_REDIRECT] 
2025-09-18 12:07:10,790 [ERROR] LogOutputStream:75 - [STDERR_REDIRECT] Sep 18, 2025 12:07:10 PM java.util.prefs.FileSystemPreferences checkLockFile0ErrorCode
2025-09-18 12:07:10,790 [ERROR] LogOutputStream:75 - [STDERR_REDIRECT] WARNING: Could not lock System prefs. Unix error code 2.
2025-09-18 12:07:10,790 [ERROR] LogOutputStream:75 - [STDERR_REDIRECT] 
2025-09-18 12:07:10,790 [ERROR] LogOutputStream:75 - [STDERR_REDIRECT] Sep 18, 2025 12:07:10 PM java.util.prefs.FileSystemPreferences syncWorld
2025-09-18 12:07:10,790 [ERROR] LogOutputStream:75 - [STDERR_REDIRECT] WARNING: Couldn't flush system prefs: java.util.prefs.BackingStoreException: Couldn't get file lock.
2025-09-18 12:07:10,790 [ERROR] LogOutputStream:75 - [STDERR_REDIRECT] 
2025-09-18 12:07:33,557 [ERROR] ConfigurationRetriever:142 - IOException on connection: Read timed out
2025-09-18 12:07:35,560 [ERROR] ConfigurationRetriever:142 - IOException on connection: Connect timed out
2025-09-18 12:07:40,789 [ERROR] LogOutputStream:75 - [STDERR_REDIRECT] Sep 18, 2025 12:07:40 PM java.util.prefs.FileSystemPreferences checkLockFile0ErrorCode
2025-09-18 12:07:40,789 [ERROR] LogOutputStream:75 - [STDERR_REDIRECT] WARNING: Could not lock System prefs. Unix error code 2.
2025-09-18 12:07:40,790 [ERROR] LogOutputStream:75 - [STDERR_REDIRECT] 
2025-09-18 12:07:40,790 [ERROR] LogOutputStream:75 - [STDERR_REDIRECT] Sep 18, 2025 12:07:40 PM java.util.prefs.FileSystemPreferences syncWorld
2025-09-18 12:07:40,790 [ERROR] LogOutputStream:75 - [STDERR_REDIRECT] WARNING: Couldn't flush system prefs: java.util.prefs.BackingStoreException: Couldn't get file lock.
2025-09-18 12:07:40,790 [ERROR] LogOutputStream:75 - [STDERR_REDIRECT] 
2025-09-18 12:08:10,817 [ERROR] LogOutputStream:75 - [STDERR_REDIRECT] Sep 18, 2025 12:08:10 PM java.util.prefs.FileSystemPreferences checkLockFile0ErrorCode
2025-09-18 12:08:10,817 [ERROR] LogOutputStream:75 - [STDERR_REDIRECT] WARNING: Could not lock System prefs. Unix error code 2.
2025-09-18 12:08:10,817 [ERROR] LogOutputStream:75 - [STDERR_REDIRECT] 
2025-09-18 12:08:10,818 [ERROR] LogOutputStream:75 - [STDERR_REDIRECT] Sep 18, 2025 12:08:10 PM java.util.prefs.FileSystemPreferences syncWorld
2025-09-18 12:08:10,818 [ERROR] LogOutputStream:75 - [STDERR_REDIRECT] WARNING: Couldn't flush system prefs: java.util.prefs.BackingStoreException: Couldn't get file lock.
2025-09-18 12:08:10,818 [ERROR] LogOutputStream:75 - [STDERR_REDIRECT] 
2025-09-18 12:08:40,787 [ERROR] LogOutputStream:75 - [STDERR_REDIRECT] Sep 18, 2025 12:08:40 PM java.util.prefs.FileSystemPreferences checkLockFile0ErrorCode
2025-09-18 12:08:40,788 [ERROR] LogOutputStream:75 - [STDERR_REDIRECT] WARNING: Could not lock System prefs. Unix error code 2.
2025-09-18 12:08:40,788 [ERROR] LogOutputStream:75 - [STDERR_REDIRECT] 
2025-09-18 12:08:40,788 [ERROR] LogOutputStream:75 - [STDERR_REDIRECT] Sep 18, 2025 12:08:40 PM java.util.prefs.FileSystemPreferences syncWorld
2025-09-18 12:08:40,788 [ERROR] LogOutputStream:75 - [STDERR_REDIRECT] WARNING: Couldn't flush system prefs: java.util.prefs.BackingStoreException: Couldn't get file lock.
2025-09-18 12:08:40,788 [ERROR] LogOutputStream:75 - [STDERR_REDIRECT] 
2025-09-18 12:09:10,786 [ERROR] LogOutputStream:75 - [STDERR_REDIRECT] Sep 18, 2025 12:09:10 PM java.util.prefs.FileSystemPreferences checkLockFile0ErrorCode
2025-09-18 12:09:10,786 [ERROR] LogOutputStream:75 - [STDERR_REDIRECT] WARNING: Could not lock System prefs. Unix error code 2.
2025-09-18 12:09:10,786 [ERROR] LogOutputStream:75 - [STDERR_REDIRECT] 
2025-09-18 12:09:10,786 [ERROR] LogOutputStream:75 - [STDERR_REDIRECT] Sep 18, 2025 12:09:10 PM java.util.prefs.FileSystemPreferences syncWorld
2025-09-18 12:09:10,786 [ERROR] LogOutputStream:75 - [STDERR_REDIRECT] WARNING: Couldn't flush system prefs: java.util.prefs.BackingStoreException: Couldn't get file lock.
2025-09-18 12:09:10,786 [ERROR] LogOutputStream:75 - [STDERR_REDIRECT] 
2025-09-18 12:09:40,786 [ERROR] LogOutputStream:75 - [STDERR_REDIRECT] Sep 18, 2025 12:09:40 PM java.util.prefs.FileSystemPreferences checkLockFile0ErrorCode
2025-09-18 12:09:40,787 [ERROR] LogOutputStream:75 - [STDERR_REDIRECT] WARNING: Could not lock System prefs. Unix error code 2.
2025-09-18 12:09:40,787 [ERROR] LogOutputStream:75 - [STDERR_REDIRECT] 
2025-09-18 12:09:40,787 [ERROR] LogOutputStream:75 - [STDERR_REDIRECT] Sep 18, 2025 12:09:40 PM java.util.prefs.FileSystemPreferences syncWorld
2025-09-18 12:09:40,787 [ERROR] LogOutputStream:75 - [STDERR_REDIRECT] WARNING: Couldn't flush system prefs: java.util.prefs.BackingStoreException: Couldn't get file lock.
2025-09-18 12:09:40,787 [ERROR] LogOutputStream:75 - [STDERR_REDIRECT] 
2025-09-18 12:10:10,788 [ERROR] LogOutputStream:75 - [STDERR_REDIRECT] Sep 18, 2025 12:10:10 PM java.util.prefs.FileSystemPreferences checkLockFile0ErrorCode
2025-09-18 12:10:10,789 [ERROR] LogOutputStream:75 - [STDERR_REDIRECT] WARNING: Could not lock System prefs. Unix error code 2.
2025-09-18 12:10:10,789 [ERROR] LogOutputStream:75 - [STDERR_REDIRECT] 
2025-09-18 12:10:10,789 [ERROR] LogOutputStream:75 - [STDERR_REDIRECT] Sep 18, 2025 12:10:10 PM java.util.prefs.FileSystemPreferences syncWorld
2025-09-18 12:10:10,789 [ERROR] LogOutputStream:75 - [STDERR_REDIRECT] WARNING: Couldn't flush system prefs: java.util.prefs.BackingStoreException: Couldn't get file lock.
2025-09-18 12:10:10,789 [ERROR] LogOutputStream:75 - [STDERR_REDIRECT] 
2025-09-18 12:10:40,789 [ERROR] LogOutputStream:75 - [STDERR_REDIRECT] Sep 18, 2025 12:10:40 PM java.util.prefs.FileSystemPreferences checkLockFile0ErrorCode
2025-09-18 12:10:40,789 [ERROR] LogOutputStream:75 - [STDERR_REDIRECT] WARNING: Could not lock System prefs. Unix error code 2.
2025-09-18 12:10:40,789 [ERROR] LogOutputStream:75 - [STDERR_REDIRECT] 
2025-09-18 12:10:40,789 [ERROR] LogOutputStream:75 - [STDERR_REDIRECT] Sep 18, 2025 12:10:40 PM java.util.prefs.FileSystemPreferences syncWorld
2025-09-18 12:10:40,789 [ERROR] LogOutputStream:75 - [STDERR_REDIRECT] WARNING: Couldn't flush system prefs: java.util.prefs.BackingStoreException: Couldn't get file lock.
2025-09-18 12:10:40,789 [ERROR] LogOutputStream:75 - [STDERR_REDIRECT] 
2025-09-18 12:11:10,789 [ERROR] LogOutputStream:75 - [STDERR_REDIRECT] Sep 18, 2025 12:11:10 PM java.util.prefs.FileSystemPreferences checkLockFile0ErrorCode
2025-09-18 12:11:10,790 [ERROR] LogOutputStream:75 - [STDERR_REDIRECT] WARNING: Could not lock System prefs. Unix error code 2.
2025-09-18 12:11:10,790 [ERROR] LogOutputStream:75 - [STDERR_REDIRECT] 
2025-09-18 12:11:10,790 [ERROR] LogOutputStream:75 - [STDERR_REDIRECT] Sep 18, 2025 12:11:10 PM java.util.prefs.FileSystemPreferences syncWorld
2025-09-18 12:11:10,790 [ERROR] LogOutputStream:75 - [STDERR_REDIRECT] WARNING: Couldn't flush system prefs: java.util.prefs.BackingStoreException: Couldn't get file lock.
2025-09-18 12:11:10,790 [ERROR] LogOutputStream:75 - [STDERR_REDIRECT] 
2025-09-18 12:11:40,786 [ERROR] LogOutputStream:75 - [STDERR_REDIRECT] Sep 18, 2025 12:11:40 PM java.util.prefs.FileSystemPreferences checkLockFile0ErrorCode
2025-09-18 12:11:40,786 [ERROR] LogOutputStream:75 - [STDERR_REDIRECT] WARNING: Could not lock System prefs. Unix error code 2.
2025-09-18 12:11:40,786 [ERROR] LogOutputStream:75 - [STDERR_REDIRECT] 
2025-09-18 12:11:40,786 [ERROR] LogOutputStream:75 - [STDERR_REDIRECT] Sep 18, 2025 12:11:40 PM java.util.prefs.FileSystemPreferences syncWorld
2025-09-18 12:11:40,786 [ERROR] LogOutputStream:75 - [STDERR_REDIRECT] WARNING: Couldn't flush system prefs: java.util.prefs.BackingStoreException: Couldn't get file lock.
2025-09-18 12:11:40,787 [ERROR] LogOutputStream:75 - [STDERR_REDIRECT] 
2025-09-18 12:12:10,786 [ERROR] LogOutputStream:75 - [STDERR_REDIRECT] Sep 18, 2025 12:12:10 PM java.util.prefs.FileSystemPreferences checkLockFile0ErrorCode
2025-09-18 12:12:10,786 [ERROR] LogOutputStream:75 - [STDERR_REDIRECT] WARNING: Could not lock System prefs. Unix error code 2.
2025-09-18 12:12:10,786 [ERROR] LogOutputStream:75 - [STDERR_REDIRECT] 
2025-09-18 12:12:10,786 [ERROR] LogOutputStream:75 - [STDERR_REDIRECT] Sep 18, 2025 12:12:10 PM java.util.prefs.FileSystemPreferences syncWorld
2025-09-18 12:12:10,786 [ERROR] LogOutputStream:75 - [STDERR_REDIRECT] WARNING: Couldn't flush system prefs: java.util.prefs.BackingStoreException: Couldn't get file lock.
2025-09-18 12:12:10,786 [ERROR] LogOutputStream:75 - [STDERR_REDIRECT] 
2025-09-18 12:12:40,786 [ERROR] LogOutputStream:75 - [STDERR_REDIRECT] Sep 18, 2025 12:12:40 PM java.util.prefs.FileSystemPreferences checkLockFile0ErrorCode
2025-09-18 12:12:40,786 [ERROR] LogOutputStream:75 - [STDERR_REDIRECT] WARNING: Could not lock System prefs. Unix error code 2.
2025-09-18 12:12:40,787 [ERROR] LogOutputStream:75 - [STDERR_REDIRECT] 
2025-09-18 12:12:40,787 [ERROR] LogOutputStream:75 - [STDERR_REDIRECT] Sep 18, 2025 12:12:40 PM java.util.prefs.FileSystemPreferences syncWorld
2025-09-18 12:12:40,787 [ERROR] LogOutputStream:75 - [STDERR_REDIRECT] WARNING: Couldn't flush system prefs: java.util.prefs.BackingStoreException: Couldn't get file lock.
2025-09-18 12:12:40,787 [ERROR] LogOutputStream:75 - [STDERR_REDIRECT] 
2025-09-18 12:13:10,786 [ERROR] LogOutputStream:75 - [STDERR_REDIRECT] Sep 18, 2025 12:13:10 PM java.util.prefs.FileSystemPreferences checkLockFile0ErrorCode
2025-09-18 12:13:10,786 [ERROR] LogOutputStream:75 - [STDERR_REDIRECT] WARNING: Could not lock System prefs. Unix error code 2.
2025-09-18 12:13:10,786 [ERROR] LogOutputStream:75 - [STDERR_REDIRECT] 
2025-09-18 12:13:10,786 [ERROR] LogOutputStream:75 - [STDERR_REDIRECT] Sep 18, 2025 12:13:10 PM java.util.prefs.FileSystemPreferences syncWorld
2025-09-18 12:13:10,786 [ERROR] LogOutputStream:75 - [STDERR_REDIRECT] WARNING: Couldn't flush system prefs: java.util.prefs.BackingStoreException: Couldn't get file lock.
2025-09-18 12:13:10,786 [ERROR] LogOutputStream:75 - [STDERR_REDIRECT] 
2025-09-18 12:13:40,787 [ERROR] LogOutputStream:75 - [STDERR_REDIRECT] Sep 18, 2025 12:13:40 PM java.util.prefs.FileSystemPreferences checkLockFile0ErrorCode
2025-09-18 12:13:40,787 [ERROR] LogOutputStream:75 - [STDERR_REDIRECT] WARNING: Could not lock System prefs. Unix error code 2.
2025-09-18 12:13:40,787 [ERROR] LogOutputStream:75 - [STDERR_REDIRECT] 
2025-09-18 12:13:40,787 [ERROR] LogOutputStream:75 - [STDERR_REDIRECT] Sep 18, 2025 12:13:40 PM java.util.prefs.FileSystemPreferences syncWorld
2025-09-18 12:13:40,787 [ERROR] LogOutputStream:75 - [STDERR_REDIRECT] WARNING: Couldn't flush system prefs: java.util.prefs.BackingStoreException: Couldn't get file lock.
2025-09-18 12:13:40,787 [ERROR] LogOutputStream:75 - [STDERR_REDIRECT] 
2025-09-18 12:14:10,787 [ERROR] LogOutputStream:75 - [STDERR_REDIRECT] Sep 18, 2025 12:14:10 PM java.util.prefs.FileSystemPreferences checkLockFile0ErrorCode
2025-09-18 12:14:10,787 [ERROR] LogOutputStream:75 - [STDERR_REDIRECT] WARNING: Could not lock System prefs. Unix error code 2.
2025-09-18 12:14:10,787 [ERROR] LogOutputStream:75 - [STDERR_REDIRECT] 
2025-09-18 12:14:10,787 [ERROR] LogOutputStream:75 - [STDERR_REDIRECT] Sep 18, 2025 12:14:10 PM java.util.prefs.FileSystemPreferences syncWorld
2025-09-18 12:14:10,787 [ERROR] LogOutputStream:75 - [STDERR_REDIRECT] WARNING: Couldn't flush system prefs: java.util.prefs.BackingStoreException: Couldn't get file lock.
2025-09-18 12:14:10,787 [ERROR] LogOutputStream:75 - [STDERR_REDIRECT] 
2025-09-18 12:14:40,787 [ERROR] LogOutputStream:75 - [STDERR_REDIRECT] Sep 18, 2025 12:14:40 PM java.util.prefs.FileSystemPreferences checkLockFile0ErrorCode
2025-09-18 12:14:40,787 [ERROR] LogOutputStream:75 - [STDERR_REDIRECT] WARNING: Could not lock System prefs. Unix error code 2.
2025-09-18 12:14:40,787 [ERROR] LogOutputStream:75 - [STDERR_REDIRECT] 
2025-09-18 12:14:40,788 [ERROR] LogOutputStream:75 - [STDERR_REDIRECT] Sep 18, 2025 12:14:40 PM java.util.prefs.FileSystemPreferences syncWorld
2025-09-18 12:14:40,788 [ERROR] LogOutputStream:75 - [STDERR_REDIRECT] WARNING: Couldn't flush system prefs: java.util.prefs.BackingStoreException: Couldn't get file lock.
2025-09-18 12:14:40,788 [ERROR] LogOutputStream:75 - [STDERR_REDIRECT] 
2025-09-18 12:15:10,787 [ERROR] LogOutputStream:75 - [STDERR_REDIRECT] Sep 18, 2025 12:15:10 PM java.util.prefs.FileSystemPreferences checkLockFile0ErrorCode
2025-09-18 12:15:10,787 [ERROR] LogOutputStream:75 - [STDERR_REDIRECT] WARNING: Could not lock System prefs. Unix error code 2.
2025-09-18 12:15:10,787 [ERROR] LogOutputStream:75 - [STDERR_REDIRECT] 
2025-09-18 12:15:10,788 [ERROR] LogOutputStream:75 - [STDERR_REDIRECT] Sep 18, 2025 12:15:10 PM java.util.prefs.FileSystemPreferences syncWorld
2025-09-18 12:15:10,788 [ERROR] LogOutputStream:75 - [STDERR_REDIRECT] WARNING: Couldn't flush system prefs: java.util.prefs.BackingStoreException: Couldn't get file lock.
2025-09-18 12:15:10,788 [ERROR] LogOutputStream:75 - [STDERR_REDIRECT] 
2025-09-18 12:15:40,787 [ERROR] LogOutputStream:75 - [STDERR_REDIRECT] Sep 18, 2025 12:15:40 PM java.util.prefs.FileSystemPreferences checkLockFile0ErrorCode
2025-09-18 12:15:40,787 [ERROR] LogOutputStream:75 - [STDERR_REDIRECT] WARNING: Could not lock System prefs. Unix error code 2.
2025-09-18 12:15:40,787 [ERROR] LogOutputStream:75 - [STDERR_REDIRECT] 
2025-09-18 12:15:40,788 [ERROR] LogOutputStream:75 - [STDERR_REDIRECT] Sep 18, 2025 12:15:40 PM java.util.prefs.FileSystemPreferences syncWorld
2025-09-18 12:15:40,788 [ERROR] LogOutputStream:75 - [STDERR_REDIRECT] WARNING: Couldn't flush system prefs: java.util.prefs.BackingStoreException: Couldn't get file lock.
2025-09-18 12:15:40,788 [ERROR] LogOutputStream:75 - [STDERR_REDIRECT] 
2025-09-18 12:16:10,788 [ERROR] LogOutputStream:75 - [STDERR_REDIRECT] Sep 18, 2025 12:16:10 PM java.util.prefs.FileSystemPreferences checkLockFile0ErrorCode
2025-09-18 12:16:10,788 [ERROR] LogOutputStream:75 - [STDERR_REDIRECT] WARNING: Could not lock System prefs. Unix error code 2.
2025-09-18 12:16:10,788 [ERROR] LogOutputStream:75 - [STDERR_REDIRECT] 
2025-09-18 12:16:10,788 [ERROR] LogOutputStream:75 - [STDERR_REDIRECT] Sep 18, 2025 12:16:10 PM java.util.prefs.FileSystemPreferences syncWorld
2025-09-18 12:16:10,788 [ERROR] LogOutputStream:75 - [STDERR_REDIRECT] WARNING: Couldn't flush system prefs: java.util.prefs.BackingStoreException: Couldn't get file lock.
2025-09-18 12:16:10,788 [ERROR] LogOutputStream:75 - [STDERR_REDIRECT] 
2025-09-18 12:16:40,788 [ERROR] LogOutputStream:75 - [STDERR_REDIRECT] Sep 18, 2025 12:16:40 PM java.util.prefs.FileSystemPreferences checkLockFile0ErrorCode
2025-09-18 12:16:40,788 [ERROR] LogOutputStream:75 - [STDERR_REDIRECT] WARNING: Could not lock System prefs. Unix error code 2.
2025-09-18 12:16:40,788 [ERROR] LogOutputStream:75 - [STDERR_REDIRECT] 
2025-09-18 12:16:40,788 [ERROR] LogOutputStream:75 - [STDERR_REDIRECT] Sep 18, 2025 12:16:40 PM java.util.prefs.FileSystemPreferences syncWorld
2025-09-18 12:16:40,788 [ERROR] LogOutputStream:75 - [STDERR_REDIRECT] WARNING: Couldn't flush system prefs: java.util.prefs.BackingStoreException: Couldn't get file lock.
2025-09-18 12:16:40,789 [ERROR] LogOutputStream:75 - [STDERR_REDIRECT] 
2025-09-18 12:17:10,787 [ERROR] LogOutputStream:75 - [STDERR_REDIRECT] Sep 18, 2025 12:17:10 PM java.util.prefs.FileSystemPreferences checkLockFile0ErrorCode
2025-09-18 12:17:10,787 [ERROR] LogOutputStream:75 - [STDERR_REDIRECT] WARNING: Could not lock System prefs. Unix error code 2.
2025-09-18 12:17:10,788 [ERROR] LogOutputStream:75 - [STDERR_REDIRECT] 
2025-09-18 12:17:10,788 [ERROR] LogOutputStream:75 - [STDERR_REDIRECT] Sep 18, 2025 12:17:10 PM java.util.prefs.FileSystemPreferences syncWorld
2025-09-18 12:17:10,788 [ERROR] LogOutputStream:75 - [STDERR_REDIRECT] WARNING: Couldn't flush system prefs: java.util.prefs.BackingStoreException: Couldn't get file lock.
2025-09-18 12:17:10,788 [ERROR] LogOutputStream:75 - [STDERR_REDIRECT] 
2025-09-18 12:17:40,788 [ERROR] LogOutputStream:75 - [STDERR_REDIRECT] Sep 18, 2025 12:17:40 PM java.util.prefs.FileSystemPreferences checkLockFile0ErrorCode
2025-09-18 12:17:40,788 [ERROR] LogOutputStream:75 - [STDERR_REDIRECT] WARNING: Could not lock System prefs. Unix error code 2.
2025-09-18 12:17:40,788 [ERROR] LogOutputStream:75 - [STDERR_REDIRECT] 
2025-09-18 12:17:40,788 [ERROR] LogOutputStream:75 - [STDERR_REDIRECT] Sep 18, 2025 12:17:40 PM java.util.prefs.FileSystemPreferences syncWorld
2025-09-18 12:17:40,789 [ERROR] LogOutputStream:75 - [STDERR_REDIRECT] WARNING: Couldn't flush system prefs: java.util.prefs.BackingStoreException: Couldn't get file lock.
2025-09-18 12:17:40,789 [ERROR] LogOutputStream:75 - [STDERR_REDIRECT] 
2025-09-18 12:18:10,788 [ERROR] LogOutputStream:75 - [STDERR_REDIRECT] Sep 18, 2025 12:18:10 PM java.util.prefs.FileSystemPreferences checkLockFile0ErrorCode
2025-09-18 12:18:10,788 [ERROR] LogOutputStream:75 - [STDERR_REDIRECT] WARNING: Could not lock System prefs. Unix error code 2.
2025-09-18 12:18:10,788 [ERROR] LogOutputStream:75 - [STDERR_REDIRECT] 
2025-09-18 12:18:10,788 [ERROR] LogOutputStream:75 - [STDERR_REDIRECT] Sep 18, 2025 12:18:10 PM java.util.prefs.FileSystemPreferences syncWorld
2025-09-18 12:18:10,788 [ERROR] LogOutputStream:75 - [STDERR_REDIRECT] WARNING: Couldn't flush system prefs: java.util.prefs.BackingStoreException: Couldn't get file lock.
2025-09-18 12:18:10,788 [ERROR] LogOutputStream:75 - [STDERR_REDIRECT] 
2025-09-18 12:18:40,788 [ERROR] LogOutputStream:75 - [STDERR_REDIRECT] Sep 18, 2025 12:18:40 PM java.util.prefs.FileSystemPreferences checkLockFile0ErrorCode
2025-09-18 12:18:40,788 [ERROR] LogOutputStream:75 - [STDERR_REDIRECT] WARNING: Could not lock System prefs. Unix error code 2.
2025-09-18 12:18:40,788 [ERROR] LogOutputStream:75 - [STDERR_REDIRECT] 
2025-09-18 12:18:40,788 [ERROR] LogOutputStream:75 - [STDERR_REDIRECT] Sep 18, 2025 12:18:40 PM java.util.prefs.FileSystemPreferences syncWorld
2025-09-18 12:18:40,788 [ERROR] LogOutputStream:75 - [STDERR_REDIRECT] WARNING: Couldn't flush system prefs: java.util.prefs.BackingStoreException: Couldn't get file lock.
2025-09-18 12:18:40,789 [ERROR] LogOutputStream:75 - [STDERR_REDIRECT] 
2025-09-18 12:19:10,787 [ERROR] LogOutputStream:75 - [STDERR_REDIRECT] Sep 18, 2025 12:19:10 PM java.util.prefs.FileSystemPreferences checkLockFile0ErrorCode
2025-09-18 12:19:10,787 [ERROR] LogOutputStream:75 - [STDERR_REDIRECT] WARNING: Could not lock System prefs. Unix error code 2.
2025-09-18 12:19:10,788 [ERROR] LogOutputStream:75 - [STDERR_REDIRECT] 
2025-09-18 12:19:10,788 [ERROR] LogOutputStream:75 - [STDERR_REDIRECT] Sep 18, 2025 12:19:10 PM java.util.prefs.FileSystemPreferences syncWorld
2025-09-18 12:19:10,788 [ERROR] LogOutputStream:75 - [STDERR_REDIRECT] WARNING: Couldn't flush system prefs: java.util.prefs.BackingStoreException: Couldn't get file lock.
2025-09-18 12:19:10,788 [ERROR] LogOutputStream:75 - [STDERR_REDIRECT] 
2025-09-18 12:19:40,788 [ERROR] LogOutputStream:75 - [STDERR_REDIRECT] Sep 18, 2025 12:19:40 PM java.util.prefs.FileSystemPreferences checkLockFile0ErrorCode
2025-09-18 12:19:40,788 [ERROR] LogOutputStream:75 - [STDERR_REDIRECT] WARNING: Could not lock System prefs. Unix error code 2.
2025-09-18 12:19:40,788 [ERROR] LogOutputStream:75 - [STDERR_REDIRECT] 
2025-09-18 12:19:40,788 [ERROR] LogOutputStream:75 - [STDERR_REDIRECT] Sep 18, 2025 12:19:40 PM java.util.prefs.FileSystemPreferences syncWorld
2025-09-18 12:19:40,788 [ERROR] LogOutputStream:75 - [STDERR_REDIRECT] WARNING: Couldn't flush system prefs: java.util.prefs.BackingStoreException: Couldn't get file lock.
2025-09-18 12:19:40,788 [ERROR] LogOutputStream:75 - [STDERR_REDIRECT] 
2025-09-18 12:20:10,788 [ERROR] LogOutputStream:75 - [STDERR_REDIRECT] Sep 18, 2025 12:20:10 PM java.util.prefs.FileSystemPreferences checkLockFile0ErrorCode
2025-09-18 12:20:10,788 [ERROR] LogOutputStream:75 - [STDERR_REDIRECT] WARNING: Could not lock System prefs. Unix error code 2.
2025-09-18 12:20:10,789 [ERROR] LogOutputStream:75 - [STDERR_REDIRECT] 
2025-09-18 12:20:10,789 [ERROR] LogOutputStream:75 - [STDERR_REDIRECT] Sep 18, 2025 12:20:10 PM java.util.prefs.FileSystemPreferences syncWorld
2025-09-18 12:20:10,789 [ERROR] LogOutputStream:75 - [STDERR_REDIRECT] WARNING: Couldn't flush system prefs: java.util.prefs.BackingStoreException: Couldn't get file lock.
2025-09-18 12:20:10,789 [ERROR] LogOutputStream:75 - [STDERR_REDIRECT] 
2025-09-18 12:20:40,788 [ERROR] LogOutputStream:75 - [STDERR_REDIRECT] Sep 18, 2025 12:20:40 PM java.util.prefs.FileSystemPreferences checkLockFile0ErrorCode
2025-09-18 12:20:40,788 [ERROR] LogOutputStream:75 - [STDERR_REDIRECT] WARNING: Could not lock System prefs. Unix error code 2.
2025-09-18 12:20:40,788 [ERROR] LogOutputStream:75 - [STDERR_REDIRECT] 
2025-09-18 12:20:40,788 [ERROR] LogOutputStream:75 - [STDERR_REDIRECT] Sep 18, 2025 12:20:40 PM java.util.prefs.FileSystemPreferences syncWorld
2025-09-18 12:20:40,788 [ERROR] LogOutputStream:75 - [STDERR_REDIRECT] WARNING: Couldn't flush system prefs: java.util.prefs.BackingStoreException: Couldn't get file lock.
2025-09-18 12:20:40,788 [ERROR] LogOutputStream:75 - [STDERR_REDIRECT] 
2025-09-18 12:21:10,788 [ERROR] LogOutputStream:75 - [STDERR_REDIRECT] Sep 18, 2025 12:21:10 PM java.util.prefs.FileSystemPreferences checkLockFile0ErrorCode
2025-09-18 12:21:10,788 [ERROR] LogOutputStream:75 - [STDERR_REDIRECT] WARNING: Could not lock System prefs. Unix error code 2.
2025-09-18 12:21:10,789 [ERROR] LogOutputStream:75 - [STDERR_REDIRECT] 
2025-09-18 12:21:10,789 [ERROR] LogOutputStream:75 - [STDERR_REDIRECT] Sep 18, 2025 12:21:10 PM java.util.prefs.FileSystemPreferences syncWorld
2025-09-18 12:21:10,789 [ERROR] LogOutputStream:75 - [STDERR_REDIRECT] WARNING: Couldn't flush system prefs: java.util.prefs.BackingStoreException: Couldn't get file lock.
2025-09-18 12:21:10,789 [ERROR] LogOutputStream:75 - [STDERR_REDIRECT] 
2025-09-18 12:21:40,788 [ERROR] LogOutputStream:75 - [STDERR_REDIRECT] Sep 18, 2025 12:21:40 PM java.util.prefs.FileSystemPreferences checkLockFile0ErrorCode
2025-09-18 12:21:40,788 [ERROR] LogOutputStream:75 - [STDERR_REDIRECT] WARNING: Could not lock System prefs. Unix error code 2.
2025-09-18 12:21:40,788 [ERROR] LogOutputStream:75 - [STDERR_REDIRECT] 
2025-09-18 12:21:40,789 [ERROR] LogOutputStream:75 - [STDERR_REDIRECT] Sep 18, 2025 12:21:40 PM java.util.prefs.FileSystemPreferences syncWorld
2025-09-18 12:21:40,789 [ERROR] LogOutputStream:75 - [STDERR_REDIRECT] WARNING: Couldn't flush system prefs: java.util.prefs.BackingStoreException: Couldn't get file lock.
2025-09-18 12:21:40,789 [ERROR] LogOutputStream:75 - [STDERR_REDIRECT] 
2025-09-18 12:22:10,787 [ERROR] LogOutputStream:75 - [STDERR_REDIRECT] Sep 18, 2025 12:22:10 PM java.util.prefs.FileSystemPreferences checkLockFile0ErrorCode
2025-09-18 12:22:10,787 [ERROR] LogOutputStream:75 - [STDERR_REDIRECT] WARNING: Could not lock System prefs. Unix error code 2.
2025-09-18 12:22:10,788 [ERROR] LogOutputStream:75 - [STDERR_REDIRECT] 
2025-09-18 12:22:10,788 [ERROR] LogOutputStream:75 - [STDERR_REDIRECT] Sep 18, 2025 12:22:10 PM java.util.prefs.FileSystemPreferences syncWorld
2025-09-18 12:22:10,788 [ERROR] LogOutputStream:75 - [STDERR_REDIRECT] WARNING: Couldn't flush system prefs: java.util.prefs.BackingStoreException: Couldn't get file lock.
2025-09-18 12:22:10,788 [ERROR] LogOutputStream:75 - [STDERR_REDIRECT] 
2025-09-18 12:22:40,788 [ERROR] LogOutputStream:75 - [STDERR_REDIRECT] Sep 18, 2025 12:22:40 PM java.util.prefs.FileSystemPreferences checkLockFile0ErrorCode
2025-09-18 12:22:40,788 [ERROR] LogOutputStream:75 - [STDERR_REDIRECT] WARNING: Could not lock System prefs. Unix error code 2.
2025-09-18 12:22:40,788 [ERROR] LogOutputStream:75 - [STDERR_REDIRECT] 
2025-09-18 12:22:40,788 [ERROR] LogOutputStream:75 - [STDERR_REDIRECT] Sep 18, 2025 12:22:40 PM java.util.prefs.FileSystemPreferences syncWorld
2025-09-18 12:22:40,788 [ERROR] LogOutputStream:75 - [STDERR_REDIRECT] WARNING: Couldn't flush system prefs: java.util.prefs.BackingStoreException: Couldn't get file lock.
2025-09-18 12:22:40,789 [ERROR] LogOutputStream:75 - [STDERR_REDIRECT] 
2025-09-18 12:23:10,788 [ERROR] LogOutputStream:75 - [STDERR_REDIRECT] Sep 18, 2025 12:23:10 PM java.util.prefs.FileSystemPreferences checkLockFile0ErrorCode
2025-09-18 12:23:10,788 [ERROR] LogOutputStream:75 - [STDERR_REDIRECT] WARNING: Could not lock System prefs. Unix error code 2.
2025-09-18 12:23:10,788 [ERROR] LogOutputStream:75 - [STDERR_REDIRECT] 
2025-09-18 12:23:10,788 [ERROR] LogOutputStream:75 - [STDERR_REDIRECT] Sep 18, 2025 12:23:10 PM java.util.prefs.FileSystemPreferences syncWorld
2025-09-18 12:23:10,788 [ERROR] LogOutputStream:75 - [STDERR_REDIRECT] WARNING: Couldn't flush system prefs: java.util.prefs.BackingStoreException: Couldn't get file lock.
2025-09-18 12:23:10,789 [ERROR] LogOutputStream:75 - [STDERR_REDIRECT] 
2025-09-18 12:23:40,787 [ERROR] LogOutputStream:75 - [STDERR_REDIRECT] Sep 18, 2025 12:23:40 PM java.util.prefs.FileSystemPreferences checkLockFile0ErrorCode
2025-09-18 12:23:40,787 [ERROR] LogOutputStream:75 - [STDERR_REDIRECT] WARNING: Could not lock System prefs. Unix error code 2.
2025-09-18 12:23:40,788 [ERROR] LogOutputStream:75 - [STDERR_REDIRECT] 
2025-09-18 12:23:40,788 [ERROR] LogOutputStream:75 - [STDERR_REDIRECT] Sep 18, 2025 12:23:40 PM java.util.prefs.FileSystemPreferences syncWorld
2025-09-18 12:23:40,788 [ERROR] LogOutputStream:75 - [STDERR_REDIRECT] WARNING: Couldn't flush system prefs: java.util.prefs.BackingStoreException: Couldn't get file lock.
2025-09-18 12:23:40,788 [ERROR] LogOutputStream:75 - [STDERR_REDIRECT] 
2025-09-18 12:24:10,787 [ERROR] LogOutputStream:75 - [STDERR_REDIRECT] Sep 18, 2025 12:24:10 PM java.util.prefs.FileSystemPreferences checkLockFile0ErrorCode
2025-09-18 12:24:10,788 [ERROR] LogOutputStream:75 - [STDERR_REDIRECT] WARNING: Could not lock System prefs. Unix error code 2.
2025-09-18 12:24:10,788 [ERROR] LogOutputStream:75 - [STDERR_REDIRECT] 
2025-09-18 12:24:10,788 [ERROR] LogOutputStream:75 - [STDERR_REDIRECT] Sep 18, 2025 12:24:10 PM java.util.prefs.FileSystemPreferences syncWorld
2025-09-18 12:24:10,788 [ERROR] LogOutputStream:75 - [STDERR_REDIRECT] WARNING: Couldn't flush system prefs: java.util.prefs.BackingStoreException: Couldn't get file lock.
2025-09-18 12:24:10,788 [ERROR] LogOutputStream:75 - [STDERR_REDIRECT] 
2025-09-18 12:24:40,788 [ERROR] LogOutputStream:75 - [STDERR_REDIRECT] Sep 18, 2025 12:24:40 PM java.util.prefs.FileSystemPreferences checkLockFile0ErrorCode
2025-09-18 12:24:40,788 [ERROR] LogOutputStream:75 - [STDERR_REDIRECT] WARNING: Could not lock System prefs. Unix error code 2.
2025-09-18 12:24:40,788 [ERROR] LogOutputStream:75 - [STDERR_REDIRECT] 
2025-09-18 12:24:40,788 [ERROR] LogOutputStream:75 - [STDERR_REDIRECT] Sep 18, 2025 12:24:40 PM java.util.prefs.FileSystemPreferences syncWorld
2025-09-18 12:24:40,788 [ERROR] LogOutputStream:75 - [STDERR_REDIRECT] WARNING: Couldn't flush system prefs: java.util.prefs.BackingStoreException: Couldn't get file lock.
2025-09-18 12:24:40,788 [ERROR] LogOutputStream:75 - [STDERR_REDIRECT] 
2025-09-18 12:25:10,789 [ERROR] LogOutputStream:75 - [STDERR_REDIRECT] Sep 18, 2025 12:25:10 PM java.util.prefs.FileSystemPreferences checkLockFile0ErrorCode
2025-09-18 12:25:10,790 [ERROR] LogOutputStream:75 - [STDERR_REDIRECT] WARNING: Could not lock System prefs. Unix error code 2.
2025-09-18 12:25:10,790 [ERROR] LogOutputStream:75 - [STDERR_REDIRECT] 
2025-09-18 12:25:10,790 [ERROR] LogOutputStream:75 - [STDERR_REDIRECT] Sep 18, 2025 12:25:10 PM java.util.prefs.FileSystemPreferences syncWorld
2025-09-18 12:25:10,790 [ERROR] LogOutputStream:75 - [STDERR_REDIRECT] WARNING: Couldn't flush system prefs: java.util.prefs.BackingStoreException: Couldn't get file lock.
2025-09-18 12:25:10,790 [ERROR] LogOutputStream:75 - [STDERR_REDIRECT] 
2025-09-18 12:25:40,788 [ERROR] LogOutputStream:75 - [STDERR_REDIRECT] Sep 18, 2025 12:25:40 PM java.util.prefs.FileSystemPreferences checkLockFile0ErrorCode
2025-09-18 12:25:40,788 [ERROR] LogOutputStream:75 - [STDERR_REDIRECT] WARNING: Could not lock System prefs. Unix error code 2.
2025-09-18 12:25:40,789 [ERROR] LogOutputStream:75 - [STDERR_REDIRECT] 
2025-09-18 12:25:40,789 [ERROR] LogOutputStream:75 - [STDERR_REDIRECT] Sep 18, 2025 12:25:40 PM java.util.prefs.FileSystemPreferences syncWorld
2025-09-18 12:25:40,789 [ERROR] LogOutputStream:75 - [STDERR_REDIRECT] WARNING: Couldn't flush system prefs: java.util.prefs.BackingStoreException: Couldn't get file lock.
2025-09-18 12:25:40,789 [ERROR] LogOutputStream:75 - [STDERR_REDIRECT] 
2025-09-18 12:26:10,788 [ERROR] LogOutputStream:75 - [STDERR_REDIRECT] Sep 18, 2025 12:26:10 PM java.util.prefs.FileSystemPreferences checkLockFile0ErrorCode
2025-09-18 12:26:10,788 [ERROR] LogOutputStream:75 - [STDERR_REDIRECT] WARNING: Could not lock System prefs. Unix error code 2.
2025-09-18 12:26:10,788 [ERROR] LogOutputStream:75 - [STDERR_REDIRECT] 
2025-09-18 12:26:10,788 [ERROR] LogOutputStream:75 - [STDERR_REDIRECT] Sep 18, 2025 12:26:10 PM java.util.prefs.FileSystemPreferences syncWorld
2025-09-18 12:26:10,788 [ERROR] LogOutputStream:75 - [STDERR_REDIRECT] WARNING: Couldn't flush system prefs: java.util.prefs.BackingStoreException: Couldn't get file lock.
2025-09-18 12:26:10,788 [ERROR] LogOutputStream:75 - [STDERR_REDIRECT] 
2025-09-18 12:26:40,800 [ERROR] LogOutputStream:75 - [STDERR_REDIRECT] Sep 18, 2025 12:26:40 PM java.util.prefs.FileSystemPreferences checkLockFile0ErrorCode
2025-09-18 12:26:40,800 [ERROR] LogOutputStream:75 - [STDERR_REDIRECT] WARNING: Could not lock System prefs. Unix error code 2.
2025-09-18 12:26:40,800 [ERROR] LogOutputStream:75 - [STDERR_REDIRECT] 
2025-09-18 12:26:40,800 [ERROR] LogOutputStream:75 - [STDERR_REDIRECT] Sep 18, 2025 12:26:40 PM java.util.prefs.FileSystemPreferences syncWorld
2025-09-18 12:26:40,800 [ERROR] LogOutputStream:75 - [STDERR_REDIRECT] WARNING: Couldn't flush system prefs: java.util.prefs.BackingStoreException: Couldn't get file lock.
2025-09-18 12:26:40,800 [ERROR] LogOutputStream:75 - [STDERR_REDIRECT] 
2025-09-18 12:27:10,790 [ERROR] LogOutputStream:75 - [STDERR_REDIRECT] Sep 18, 2025 12:27:10 PM java.util.prefs.FileSystemPreferences checkLockFile0ErrorCode
2025-09-18 12:27:10,790 [ERROR] LogOutputStream:75 - [STDERR_REDIRECT] WARNING: Could not lock System prefs. Unix error code 2.
2025-09-18 12:27:10,791 [ERROR] LogOutputStream:75 - [STDERR_REDIRECT] 
2025-09-18 12:27:10,791 [ERROR] LogOutputStream:75 - [STDERR_REDIRECT] Sep 18, 2025 12:27:10 PM java.util.prefs.FileSystemPreferences syncWorld
2025-09-18 12:27:10,791 [ERROR] LogOutputStream:75 - [STDERR_REDIRECT] WARNING: Couldn't flush system prefs: java.util.prefs.BackingStoreException: Couldn't get file lock.
2025-09-18 12:27:10,791 [ERROR] LogOutputStream:75 - [STDERR_REDIRECT] 
2025-09-18 12:27:40,790 [ERROR] LogOutputStream:75 - [STDERR_REDIRECT] Sep 18, 2025 12:27:40 PM java.util.prefs.FileSystemPreferences checkLockFile0ErrorCode
2025-09-18 12:27:40,790 [ERROR] LogOutputStream:75 - [STDERR_REDIRECT] WARNING: Could not lock System prefs. Unix error code 2.
2025-09-18 12:27:40,790 [ERROR] LogOutputStream:75 - [STDERR_REDIRECT] 
2025-09-18 12:27:40,791 [ERROR] LogOutputStream:75 - [STDERR_REDIRECT] Sep 18, 2025 12:27:40 PM java.util.prefs.FileSystemPreferences syncWorld
2025-09-18 12:27:40,791 [ERROR] LogOutputStream:75 - [STDERR_REDIRECT] WARNING: Couldn't flush system prefs: java.util.prefs.BackingStoreException: Couldn't get file lock.
2025-09-18 12:27:40,791 [ERROR] LogOutputStream:75 - [STDERR_REDIRECT] 
2025-09-18 12:28:10,796 [ERROR] LogOutputStream:75 - [STDERR_REDIRECT] Sep 18, 2025 12:28:10 PM java.util.prefs.FileSystemPreferences checkLockFile0ErrorCode
2025-09-18 12:28:10,796 [ERROR] LogOutputStream:75 - [STDERR_REDIRECT] WARNING: Could not lock System prefs. Unix error code 2.
2025-09-18 12:28:10,796 [ERROR] LogOutputStream:75 - [STDERR_REDIRECT] 
2025-09-18 12:28:10,796 [ERROR] LogOutputStream:75 - [STDERR_REDIRECT] Sep 18, 2025 12:28:10 PM java.util.prefs.FileSystemPreferences syncWorld
2025-09-18 12:28:10,797 [ERROR] LogOutputStream:75 - [STDERR_REDIRECT] WARNING: Couldn't flush system prefs: java.util.prefs.BackingStoreException: Couldn't get file lock.
2025-09-18 12:28:10,797 [ERROR] LogOutputStream:75 - [STDERR_REDIRECT] 
2025-09-18 12:28:40,789 [ERROR] LogOutputStream:75 - [STDERR_REDIRECT] Sep 18, 2025 12:28:40 PM java.util.prefs.FileSystemPreferences checkLockFile0ErrorCode
2025-09-18 12:28:40,789 [ERROR] LogOutputStream:75 - [STDERR_REDIRECT] WARNING: Could not lock System prefs. Unix error code 2.
2025-09-18 12:28:40,790 [ERROR] LogOutputStream:75 - [STDERR_REDIRECT] 
2025-09-18 12:28:40,790 [ERROR] LogOutputStream:75 - [STDERR_REDIRECT] Sep 18, 2025 12:28:40 PM java.util.prefs.FileSystemPreferences syncWorld
2025-09-18 12:28:40,790 [ERROR] LogOutputStream:75 - [STDERR_REDIRECT] WARNING: Couldn't flush system prefs: java.util.prefs.BackingStoreException: Couldn't get file lock.
2025-09-18 12:28:40,790 [ERROR] LogOutputStream:75 - [STDERR_REDIRECT] 
2025-09-18 12:29:10,790 [ERROR] LogOutputStream:75 - [STDERR_REDIRECT] Sep 18, 2025 12:29:10 PM java.util.prefs.FileSystemPreferences checkLockFile0ErrorCode
2025-09-18 12:29:10,790 [ERROR] LogOutputStream:75 - [STDERR_REDIRECT] WARNING: Could not lock System prefs. Unix error code 2.
2025-09-18 12:29:10,790 [ERROR] LogOutputStream:75 - [STDERR_REDIRECT] 
2025-09-18 12:29:10,790 [ERROR] LogOutputStream:75 - [STDERR_REDIRECT] Sep 18, 2025 12:29:10 PM java.util.prefs.FileSystemPreferences syncWorld
2025-09-18 12:29:10,790 [ERROR] LogOutputStream:75 - [STDERR_REDIRECT] WARNING: Couldn't flush system prefs: java.util.prefs.BackingStoreException: Couldn't get file lock.
2025-09-18 12:29:10,790 [ERROR] LogOutputStream:75 - [STDERR_REDIRECT] 
2025-09-18 12:29:40,790 [ERROR] LogOutputStream:75 - [STDERR_REDIRECT] Sep 18, 2025 12:29:40 PM java.util.prefs.FileSystemPreferences checkLockFile0ErrorCode
2025-09-18 12:29:40,790 [ERROR] LogOutputStream:75 - [STDERR_REDIRECT] WARNING: Could not lock System prefs. Unix error code 2.
2025-09-18 12:29:40,790 [ERROR] LogOutputStream:75 - [STDERR_REDIRECT] 
2025-09-18 12:29:40,791 [ERROR] LogOutputStream:75 - [STDERR_REDIRECT] Sep 18, 2025 12:29:40 PM java.util.prefs.FileSystemPreferences syncWorld
2025-09-18 12:29:40,791 [ERROR] LogOutputStream:75 - [STDERR_REDIRECT] WARNING: Couldn't flush system prefs: java.util.prefs.BackingStoreException: Couldn't get file lock.
2025-09-18 12:29:40,791 [ERROR] LogOutputStream:75 - [STDERR_REDIRECT] 
2025-09-18 12:30:10,791 [ERROR] LogOutputStream:75 - [STDERR_REDIRECT] Sep 18, 2025 12:30:10 PM java.util.prefs.FileSystemPreferences checkLockFile0ErrorCode
2025-09-18 12:30:10,791 [ERROR] LogOutputStream:75 - [STDERR_REDIRECT] WARNING: Could not lock System prefs. Unix error code 2.
2025-09-18 12:30:10,791 [ERROR] LogOutputStream:75 - [STDERR_REDIRECT] 
2025-09-18 12:30:10,791 [ERROR] LogOutputStream:75 - [STDERR_REDIRECT] Sep 18, 2025 12:30:10 PM java.util.prefs.FileSystemPreferences syncWorld
2025-09-18 12:30:10,791 [ERROR] LogOutputStream:75 - [STDERR_REDIRECT] WARNING: Couldn't flush system prefs: java.util.prefs.BackingStoreException: Couldn't get file lock.
2025-09-18 12:30:10,791 [ERROR] LogOutputStream:75 - [STDERR_REDIRECT] 
2025-09-18 12:30:40,803 [ERROR] LogOutputStream:75 - [STDERR_REDIRECT] Sep 18, 2025 12:30:40 PM java.util.prefs.FileSystemPreferences checkLockFile0ErrorCode
2025-09-18 12:30:40,803 [ERROR] LogOutputStream:75 - [STDERR_REDIRECT] WARNING: Could not lock System prefs. Unix error code 2.
2025-09-18 12:30:40,803 [ERROR] LogOutputStream:75 - [STDERR_REDIRECT] 
2025-09-18 12:30:40,803 [ERROR] LogOutputStream:75 - [STDERR_REDIRECT] Sep 18, 2025 12:30:40 PM java.util.prefs.FileSystemPreferences syncWorld
2025-09-18 12:30:40,803 [ERROR] LogOutputStream:75 - [STDERR_REDIRECT] WARNING: Couldn't flush system prefs: java.util.prefs.BackingStoreException: Couldn't get file lock.
2025-09-18 12:30:40,804 [ERROR] LogOutputStream:75 - [STDERR_REDIRECT] 
2025-09-18 12:31:10,794 [ERROR] LogOutputStream:75 - [STDERR_REDIRECT] Sep 18, 2025 12:31:10 PM java.util.prefs.FileSystemPreferences checkLockFile0ErrorCode
2025-09-18 12:31:10,795 [ERROR] LogOutputStream:75 - [STDERR_REDIRECT] WARNING: Could not lock System prefs. Unix error code 2.
2025-09-18 12:31:10,795 [ERROR] LogOutputStream:75 - [STDERR_REDIRECT] 
2025-09-18 12:31:10,795 [ERROR] LogOutputStream:75 - [STDERR_REDIRECT] Sep 18, 2025 12:31:10 PM java.util.prefs.FileSystemPreferences syncWorld
2025-09-18 12:31:10,795 [ERROR] LogOutputStream:75 - [STDERR_REDIRECT] WARNING: Couldn't flush system prefs: java.util.prefs.BackingStoreException: Couldn't get file lock.
2025-09-18 12:31:10,795 [ERROR] LogOutputStream:75 - [STDERR_REDIRECT] 
2025-09-18 12:31:40,791 [ERROR] LogOutputStream:75 - [STDERR_REDIRECT] Sep 18, 2025 12:31:40 PM java.util.prefs.FileSystemPreferences checkLockFile0ErrorCode
2025-09-18 12:31:40,791 [ERROR] LogOutputStream:75 - [STDERR_REDIRECT] WARNING: Could not lock System prefs. Unix error code 2.
2025-09-18 12:31:40,791 [ERROR] LogOutputStream:75 - [STDERR_REDIRECT] 
2025-09-18 12:31:40,791 [ERROR] LogOutputStream:75 - [STDERR_REDIRECT] Sep 18, 2025 12:31:40 PM java.util.prefs.FileSystemPreferences syncWorld
2025-09-18 12:31:40,792 [ERROR] LogOutputStream:75 - [STDERR_REDIRECT] WARNING: Couldn't flush system prefs: java.util.prefs.BackingStoreException: Couldn't get file lock.
2025-09-18 12:31:40,792 [ERROR] LogOutputStream:75 - [STDERR_REDIRECT] 
2025-09-18 12:32:10,791 [ERROR] LogOutputStream:75 - [STDERR_REDIRECT] Sep 18, 2025 12:32:10 PM java.util.prefs.FileSystemPreferences checkLockFile0ErrorCode
2025-09-18 12:32:10,792 [ERROR] LogOutputStream:75 - [STDERR_REDIRECT] WARNING: Could not lock System prefs. Unix error code 2.
2025-09-18 12:32:10,792 [ERROR] LogOutputStream:75 - [STDERR_REDIRECT] 
2025-09-18 12:32:10,792 [ERROR] LogOutputStream:75 - [STDERR_REDIRECT] Sep 18, 2025 12:32:10 PM java.util.prefs.FileSystemPreferences syncWorld
2025-09-18 12:32:10,792 [ERROR] LogOutputStream:75 - [STDERR_REDIRECT] WARNING: Couldn't flush system prefs: java.util.prefs.BackingStoreException: Couldn't get file lock.
2025-09-18 12:32:10,792 [ERROR] LogOutputStream:75 - [STDERR_REDIRECT] 
2025-09-18 12:32:40,792 [ERROR] LogOutputStream:75 - [STDERR_REDIRECT] Sep 18, 2025 12:32:40 PM java.util.prefs.FileSystemPreferences checkLockFile0ErrorCode
2025-09-18 12:32:40,792 [ERROR] LogOutputStream:75 - [STDERR_REDIRECT] WARNING: Could not lock System prefs. Unix error code 2.
2025-09-18 12:32:40,792 [ERROR] LogOutputStream:75 - [STDERR_REDIRECT] 
2025-09-18 12:32:40,792 [ERROR] LogOutputStream:75 - [STDERR_REDIRECT] Sep 18, 2025 12:32:40 PM java.util.prefs.FileSystemPreferences syncWorld
2025-09-18 12:32:40,793 [ERROR] LogOutputStream:75 - [STDERR_REDIRECT] WARNING: Couldn't flush system prefs: java.util.prefs.BackingStoreException: Couldn't get file lock.
2025-09-18 12:32:40,793 [ERROR] LogOutputStream:75 - [STDERR_REDIRECT] 
2025-09-18 12:33:10,793 [ERROR] LogOutputStream:75 - [STDERR_REDIRECT] Sep 18, 2025 12:33:10 PM java.util.prefs.FileSystemPreferences checkLockFile0ErrorCode
2025-09-18 12:33:10,793 [ERROR] LogOutputStream:75 - [STDERR_REDIRECT] WARNING: Could not lock System prefs. Unix error code 2.
2025-09-18 12:33:10,793 [ERROR] LogOutputStream:75 - [STDERR_REDIRECT] 
2025-09-18 12:33:10,793 [ERROR] LogOutputStream:75 - [STDERR_REDIRECT] Sep 18, 2025 12:33:10 PM java.util.prefs.FileSystemPreferences syncWorld
2025-09-18 12:33:10,793 [ERROR] LogOutputStream:75 - [STDERR_REDIRECT] WARNING: Couldn't flush system prefs: java.util.prefs.BackingStoreException: Couldn't get file lock.
2025-09-18 12:33:10,793 [ERROR] LogOutputStream:75 - [STDERR_REDIRECT] 
2025-09-18 12:33:40,793 [ERROR] LogOutputStream:75 - [STDERR_REDIRECT] Sep 18, 2025 12:33:40 PM java.util.prefs.FileSystemPreferences checkLockFile0ErrorCode
2025-09-18 12:33:40,793 [ERROR] LogOutputStream:75 - [STDERR_REDIRECT] WARNING: Could not lock System prefs. Unix error code 2.
2025-09-18 12:33:40,793 [ERROR] LogOutputStream:75 - [STDERR_REDIRECT] 
2025-09-18 12:33:40,794 [ERROR] LogOutputStream:75 - [STDERR_REDIRECT] Sep 18, 2025 12:33:40 PM java.util.prefs.FileSystemPreferences syncWorld
2025-09-18 12:33:40,794 [ERROR] LogOutputStream:75 - [STDERR_REDIRECT] WARNING: Couldn't flush system prefs: java.util.prefs.BackingStoreException: Couldn't get file lock.
2025-09-18 12:33:40,794 [ERROR] LogOutputStream:75 - [STDERR_REDIRECT] 
2025-09-18 12:34:10,793 [ERROR] LogOutputStream:75 - [STDERR_REDIRECT] Sep 18, 2025 12:34:10 PM java.util.prefs.FileSystemPreferences checkLockFile0ErrorCode
2025-09-18 12:34:10,793 [ERROR] LogOutputStream:75 - [STDERR_REDIRECT] WARNING: Could not lock System prefs. Unix error code 2.
2025-09-18 12:34:10,793 [ERROR] LogOutputStream:75 - [STDERR_REDIRECT] 
2025-09-18 12:34:10,793 [ERROR] LogOutputStream:75 - [STDERR_REDIRECT] Sep 18, 2025 12:34:10 PM java.util.prefs.FileSystemPreferences syncWorld
2025-09-18 12:34:10,794 [ERROR] LogOutputStream:75 - [STDERR_REDIRECT] WARNING: Couldn't flush system prefs: java.util.prefs.BackingStoreException: Couldn't get file lock.
2025-09-18 12:34:10,794 [ERROR] LogOutputStream:75 - [STDERR_REDIRECT] 
2025-09-18 12:34:40,798 [ERROR] LogOutputStream:75 - [STDERR_REDIRECT] Sep 18, 2025 12:34:40 PM java.util.prefs.FileSystemPreferences checkLockFile0ErrorCode
2025-09-18 12:34:40,799 [ERROR] LogOutputStream:75 - [STDERR_REDIRECT] WARNING: Could not lock System prefs. Unix error code 2.
2025-09-18 12:34:40,799 [ERROR] LogOutputStream:75 - [STDERR_REDIRECT] 
2025-09-18 12:34:40,799 [ERROR] LogOutputStream:75 - [STDERR_REDIRECT] Sep 18, 2025 12:34:40 PM java.util.prefs.FileSystemPreferences syncWorld
2025-09-18 12:34:40,799 [ERROR] LogOutputStream:75 - [STDERR_REDIRECT] WARNING: Couldn't flush system prefs: java.util.prefs.BackingStoreException: Couldn't get file lock.
2025-09-18 12:34:40,799 [ERROR] LogOutputStream:75 - [STDERR_REDIRECT] 
2025-09-18 12:35:10,794 [ERROR] LogOutputStream:75 - [STDERR_REDIRECT] Sep 18, 2025 12:35:10 PM java.util.prefs.FileSystemPreferences checkLockFile0ErrorCode
2025-09-18 12:35:10,795 [ERROR] LogOutputStream:75 - [STDERR_REDIRECT] WARNING: Could not lock System prefs. Unix error code 2.
2025-09-18 12:35:10,795 [ERROR] LogOutputStream:75 - [STDERR_REDIRECT] 
2025-09-18 12:35:10,795 [ERROR] LogOutputStream:75 - [STDERR_REDIRECT] Sep 18, 2025 12:35:10 PM java.util.prefs.FileSystemPreferences syncWorld
2025-09-18 12:35:10,795 [ERROR] LogOutputStream:75 - [STDERR_REDIRECT] WARNING: Couldn't flush system prefs: java.util.prefs.BackingStoreException: Couldn't get file lock.
2025-09-18 12:35:10,795 [ERROR] LogOutputStream:75 - [STDERR_REDIRECT] 
2025-09-18 12:35:40,794 [ERROR] LogOutputStream:75 - [STDERR_REDIRECT] Sep 18, 2025 12:35:40 PM java.util.prefs.FileSystemPreferences checkLockFile0ErrorCode
2025-09-18 12:35:40,794 [ERROR] LogOutputStream:75 - [STDERR_REDIRECT] WARNING: Could not lock System prefs. Unix error code 2.
2025-09-18 12:35:40,795 [ERROR] LogOutputStream:75 - [STDERR_REDIRECT] 
2025-09-18 12:35:40,795 [ERROR] LogOutputStream:75 - [STDERR_REDIRECT] Sep 18, 2025 12:35:40 PM java.util.prefs.FileSystemPreferences syncWorld
2025-09-18 12:35:40,795 [ERROR] LogOutputStream:75 - [STDERR_REDIRECT] WARNING: Couldn't flush system prefs: java.util.prefs.BackingStoreException: Couldn't get file lock.
2025-09-18 12:35:40,795 [ERROR] LogOutputStream:75 - [STDERR_REDIRECT] 
2025-09-18 12:36:10,793 [ERROR] LogOutputStream:75 - [STDERR_REDIRECT] Sep 18, 2025 12:36:10 PM java.util.prefs.FileSystemPreferences checkLockFile0ErrorCode
2025-09-18 12:36:10,793 [ERROR] LogOutputStream:75 - [STDERR_REDIRECT] WARNING: Could not lock System prefs. Unix error code 2.
2025-09-18 12:36:10,794 [ERROR] LogOutputStream:75 - [STDERR_REDIRECT] 
2025-09-18 12:36:10,794 [ERROR] LogOutputStream:75 - [STDERR_REDIRECT] Sep 18, 2025 12:36:10 PM java.util.prefs.FileSystemPreferences syncWorld
2025-09-18 12:36:10,794 [ERROR] LogOutputStream:75 - [STDERR_REDIRECT] WARNING: Couldn't flush system prefs: java.util.prefs.BackingStoreException: Couldn't get file lock.
2025-09-18 12:36:10,794 [ERROR] LogOutputStream:75 - [STDERR_REDIRECT] 
2025-09-18 12:36:40,794 [ERROR] LogOutputStream:75 - [STDERR_REDIRECT] Sep 18, 2025 12:36:40 PM java.util.prefs.FileSystemPreferences checkLockFile0ErrorCode
2025-09-18 12:36:40,794 [ERROR] LogOutputStream:75 - [STDERR_REDIRECT] WARNING: Could not lock System prefs. Unix error code 2.
2025-09-18 12:36:40,794 [ERROR] LogOutputStream:75 - [STDERR_REDIRECT] 
2025-09-18 12:36:40,794 [ERROR] LogOutputStream:75 - [STDERR_REDIRECT] Sep 18, 2025 12:36:40 PM java.util.prefs.FileSystemPreferences syncWorld
2025-09-18 12:36:40,795 [ERROR] LogOutputStream:75 - [STDERR_REDIRECT] WARNING: Couldn't flush system prefs: java.util.prefs.BackingStoreException: Couldn't get file lock.
2025-09-18 12:36:40,795 [ERROR] LogOutputStream:75 - [STDERR_REDIRECT] 
2025-09-18 12:37:10,794 [ERROR] LogOutputStream:75 - [STDERR_REDIRECT] Sep 18, 2025 12:37:10 PM java.util.prefs.FileSystemPreferences checkLockFile0ErrorCode
2025-09-18 12:37:10,795 [ERROR] LogOutputStream:75 - [STDERR_REDIRECT] WARNING: Could not lock System prefs. Unix error code 2.
2025-09-18 12:37:10,795 [ERROR] LogOutputStream:75 - [STDERR_REDIRECT] 
2025-09-18 12:37:10,795 [ERROR] LogOutputStream:75 - [STDERR_REDIRECT] Sep 18, 2025 12:37:10 PM java.util.prefs.FileSystemPreferences syncWorld
2025-09-18 12:37:10,795 [ERROR] LogOutputStream:75 - [STDERR_REDIRECT] WARNING: Couldn't flush system prefs: java.util.prefs.BackingStoreException: Couldn't get file lock.
2025-09-18 12:37:10,795 [ERROR] LogOutputStream:75 - [STDERR_REDIRECT] 
2025-09-18 12:37:40,796 [ERROR] LogOutputStream:75 - [STDERR_REDIRECT] Sep 18, 2025 12:37:40 PM java.util.prefs.FileSystemPreferences checkLockFile0ErrorCode
2025-09-18 12:37:40,797 [ERROR] LogOutputStream:75 - [STDERR_REDIRECT] WARNING: Could not lock System prefs. Unix error code 2.
2025-09-18 12:37:40,797 [ERROR] LogOutputStream:75 - [STDERR_REDIRECT] 
2025-09-18 12:37:40,797 [ERROR] LogOutputStream:75 - [STDERR_REDIRECT] Sep 18, 2025 12:37:40 PM java.util.prefs.FileSystemPreferences syncWorld
2025-09-18 12:37:40,797 [ERROR] LogOutputStream:75 - [STDERR_REDIRECT] WARNING: Couldn't flush system prefs: java.util.prefs.BackingStoreException: Couldn't get file lock.
2025-09-18 12:37:40,797 [ERROR] LogOutputStream:75 - [STDERR_REDIRECT] 
2025-09-18 12:38:10,795 [ERROR] LogOutputStream:75 - [STDERR_REDIRECT] Sep 18, 2025 12:38:10 PM java.util.prefs.FileSystemPreferences checkLockFile0ErrorCode
2025-09-18 12:38:10,795 [ERROR] LogOutputStream:75 - [STDERR_REDIRECT] WARNING: Could not lock System prefs. Unix error code 2.
2025-09-18 12:38:10,795 [ERROR] LogOutputStream:75 - [STDERR_REDIRECT] 
2025-09-18 12:38:10,795 [ERROR] LogOutputStream:75 - [STDERR_REDIRECT] Sep 18, 2025 12:38:10 PM java.util.prefs.FileSystemPreferences syncWorld
2025-09-18 12:38:10,795 [ERROR] LogOutputStream:75 - [STDERR_REDIRECT] WARNING: Couldn't flush system prefs: java.util.prefs.BackingStoreException: Couldn't get file lock.
2025-09-18 12:38:10,795 [ERROR] LogOutputStream:75 - [STDERR_REDIRECT] 
2025-09-18 12:38:40,796 [ERROR] LogOutputStream:75 - [STDERR_REDIRECT] Sep 18, 2025 12:38:40 PM java.util.prefs.FileSystemPreferences checkLockFile0ErrorCode
2025-09-18 12:38:40,796 [ERROR] LogOutputStream:75 - [STDERR_REDIRECT] WARNING: Could not lock System prefs. Unix error code 2.
2025-09-18 12:38:40,796 [ERROR] LogOutputStream:75 - [STDERR_REDIRECT] 
2025-09-18 12:38:40,796 [ERROR] LogOutputStream:75 - [STDERR_REDIRECT] Sep 18, 2025 12:38:40 PM java.util.prefs.FileSystemPreferences syncWorld
2025-09-18 12:38:40,796 [ERROR] LogOutputStream:75 - [STDERR_REDIRECT] WARNING: Couldn't flush system prefs: java.util.prefs.BackingStoreException: Couldn't get file lock.
2025-09-18 12:38:40,796 [ERROR] LogOutputStream:75 - [STDERR_REDIRECT] 
2025-09-18 12:39:10,794 [ERROR] LogOutputStream:75 - [STDERR_REDIRECT] Sep 18, 2025 12:39:10 PM java.util.prefs.FileSystemPreferences checkLockFile0ErrorCode
2025-09-18 12:39:10,794 [ERROR] LogOutputStream:75 - [STDERR_REDIRECT] WARNING: Could not lock System prefs. Unix error code 2.
2025-09-18 12:39:10,794 [ERROR] LogOutputStream:75 - [STDERR_REDIRECT] 
2025-09-18 12:39:10,794 [ERROR] LogOutputStream:75 - [STDERR_REDIRECT] Sep 18, 2025 12:39:10 PM java.util.prefs.FileSystemPreferences syncWorld
2025-09-18 12:39:10,795 [ERROR] LogOutputStream:75 - [STDERR_REDIRECT] WARNING: Couldn't flush system prefs: java.util.prefs.BackingStoreException: Couldn't get file lock.
2025-09-18 12:39:10,795 [ERROR] LogOutputStream:75 - [STDERR_REDIRECT] 
2025-09-18 12:39:40,794 [ERROR] LogOutputStream:75 - [STDERR_REDIRECT] Sep 18, 2025 12:39:40 PM java.util.prefs.FileSystemPreferences checkLockFile0ErrorCode
2025-09-18 12:39:40,794 [ERROR] LogOutputStream:75 - [STDERR_REDIRECT] WARNING: Could not lock System prefs. Unix error code 2.
2025-09-18 12:39:40,794 [ERROR] LogOutputStream:75 - [STDERR_REDIRECT] 
2025-09-18 12:39:40,794 [ERROR] LogOutputStream:75 - [STDERR_REDIRECT] Sep 18, 2025 12:39:40 PM java.util.prefs.FileSystemPreferences syncWorld
2025-09-18 12:39:40,795 [ERROR] LogOutputStream:75 - [STDERR_REDIRECT] WARNING: Couldn't flush system prefs: java.util.prefs.BackingStoreException: Couldn't get file lock.
2025-09-18 12:39:40,795 [ERROR] LogOutputStream:75 - [STDERR_REDIRECT] 
2025-09-18 12:40:10,793 [ERROR] LogOutputStream:75 - [STDERR_REDIRECT] Sep 18, 2025 12:40:10 PM java.util.prefs.FileSystemPreferences checkLockFile0ErrorCode
2025-09-18 12:40:10,793 [ERROR] LogOutputStream:75 - [STDERR_REDIRECT] WARNING: Could not lock System prefs. Unix error code 2.
2025-09-18 12:40:10,794 [ERROR] LogOutputStream:75 - [STDERR_REDIRECT] 
2025-09-18 12:40:10,794 [ERROR] LogOutputStream:75 - [STDERR_REDIRECT] Sep 18, 2025 12:40:10 PM java.util.prefs.FileSystemPreferences syncWorld
2025-09-18 12:40:10,794 [ERROR] LogOutputStream:75 - [STDERR_REDIRECT] WARNING: Couldn't flush system prefs: java.util.prefs.BackingStoreException: Couldn't get file lock.
2025-09-18 12:40:10,794 [ERROR] LogOutputStream:75 - [STDERR_REDIRECT] 
2025-09-18 12:40:40,794 [ERROR] LogOutputStream:75 - [STDERR_REDIRECT] Sep 18, 2025 12:40:40 PM java.util.prefs.FileSystemPreferences checkLockFile0ErrorCode
2025-09-18 12:40:40,794 [ERROR] LogOutputStream:75 - [STDERR_REDIRECT] WARNING: Could not lock System prefs. Unix error code 2.
2025-09-18 12:40:40,794 [ERROR] LogOutputStream:75 - [STDERR_REDIRECT] 
2025-09-18 12:40:40,794 [ERROR] LogOutputStream:75 - [STDERR_REDIRECT] Sep 18, 2025 12:40:40 PM java.util.prefs.FileSystemPreferences syncWorld
2025-09-18 12:40:40,795 [ERROR] LogOutputStream:75 - [STDERR_REDIRECT] WARNING: Couldn't flush system prefs: java.util.prefs.BackingStoreException: Couldn't get file lock.
2025-09-18 12:40:40,795 [ERROR] LogOutputStream:75 - [STDERR_REDIRECT] 
2025-09-18 12:41:10,793 [ERROR] LogOutputStream:75 - [STDERR_REDIRECT] Sep 18, 2025 12:41:10 PM java.util.prefs.FileSystemPreferences checkLockFile0ErrorCode
2025-09-18 12:41:10,794 [ERROR] LogOutputStream:75 - [STDERR_REDIRECT] WARNING: Could not lock System prefs. Unix error code 2.
2025-09-18 12:41:10,794 [ERROR] LogOutputStream:75 - [STDERR_REDIRECT] 
2025-09-18 12:41:10,794 [ERROR] LogOutputStream:75 - [STDERR_REDIRECT] Sep 18, 2025 12:41:10 PM java.util.prefs.FileSystemPreferences syncWorld
2025-09-18 12:41:10,794 [ERROR] LogOutputStream:75 - [STDERR_REDIRECT] WARNING: Couldn't flush system prefs: java.util.prefs.BackingStoreException: Couldn't get file lock.
2025-09-18 12:41:10,794 [ERROR] LogOutputStream:75 - [STDERR_REDIRECT] 
2025-09-18 12:41:40,794 [ERROR] LogOutputStream:75 - [STDERR_REDIRECT] Sep 18, 2025 12:41:40 PM java.util.prefs.FileSystemPreferences checkLockFile0ErrorCode
2025-09-18 12:41:40,794 [ERROR] LogOutputStream:75 - [STDERR_REDIRECT] WARNING: Could not lock System prefs. Unix error code 2.
2025-09-18 12:41:40,794 [ERROR] LogOutputStream:75 - [STDERR_REDIRECT] 
2025-09-18 12:41:40,794 [ERROR] LogOutputStream:75 - [STDERR_REDIRECT] Sep 18, 2025 12:41:40 PM java.util.prefs.FileSystemPreferences syncWorld
2025-09-18 12:41:40,795 [ERROR] LogOutputStream:75 - [STDERR_REDIRECT] WARNING: Couldn't flush system prefs: java.util.prefs.BackingStoreException: Couldn't get file lock.
2025-09-18 12:41:40,795 [ERROR] LogOutputStream:75 - [STDERR_REDIRECT] 
2025-09-18 12:42:10,793 [ERROR] LogOutputStream:75 - [STDERR_REDIRECT] Sep 18, 2025 12:42:10 PM java.util.prefs.FileSystemPreferences checkLockFile0ErrorCode
2025-09-18 12:42:10,793 [ERROR] LogOutputStream:75 - [STDERR_REDIRECT] WARNING: Could not lock System prefs. Unix error code 2.
2025-09-18 12:42:10,793 [ERROR] LogOutputStream:75 - [STDERR_REDIRECT] 
2025-09-18 12:42:10,794 [ERROR] LogOutputStream:75 - [STDERR_REDIRECT] Sep 18, 2025 12:42:10 PM java.util.prefs.FileSystemPreferences syncWorld
2025-09-18 12:42:10,794 [ERROR] LogOutputStream:75 - [STDERR_REDIRECT] WARNING: Couldn't flush system prefs: java.util.prefs.BackingStoreException: Couldn't get file lock.
2025-09-18 12:42:10,794 [ERROR] LogOutputStream:75 - [STDERR_REDIRECT] 
2025-09-18 12:42:40,794 [ERROR] LogOutputStream:75 - [STDERR_REDIRECT] Sep 18, 2025 12:42:40 PM java.util.prefs.FileSystemPreferences checkLockFile0ErrorCode
2025-09-18 12:42:40,795 [ERROR] LogOutputStream:75 - [STDERR_REDIRECT] WARNING: Could not lock System prefs. Unix error code 2.
2025-09-18 12:42:40,795 [ERROR] LogOutputStream:75 - [STDERR_REDIRECT] 
2025-09-18 12:42:40,795 [ERROR] LogOutputStream:75 - [STDERR_REDIRECT] Sep 18, 2025 12:42:40 PM java.util.prefs.FileSystemPreferences syncWorld
2025-09-18 12:42:40,795 [ERROR] LogOutputStream:75 - [STDERR_REDIRECT] WARNING: Couldn't flush system prefs: java.util.prefs.BackingStoreException: Couldn't get file lock.
2025-09-18 12:42:40,795 [ERROR] LogOutputStream:75 - [STDERR_REDIRECT] 
2025-09-18 12:43:10,794 [ERROR] LogOutputStream:75 - [STDERR_REDIRECT] Sep 18, 2025 12:43:10 PM java.util.prefs.FileSystemPreferences checkLockFile0ErrorCode
2025-09-18 12:43:10,794 [ERROR] LogOutputStream:75 - [STDERR_REDIRECT] WARNING: Could not lock System prefs. Unix error code 2.
2025-09-18 12:43:10,794 [ERROR] LogOutputStream:75 - [STDERR_REDIRECT] 
2025-09-18 12:43:10,795 [ERROR] LogOutputStream:75 - [STDERR_REDIRECT] Sep 18, 2025 12:43:10 PM java.util.prefs.FileSystemPreferences syncWorld
2025-09-18 12:43:10,795 [ERROR] LogOutputStream:75 - [STDERR_REDIRECT] WARNING: Couldn't flush system prefs: java.util.prefs.BackingStoreException: Couldn't get file lock.
2025-09-18 12:43:10,795 [ERROR] LogOutputStream:75 - [STDERR_REDIRECT] 
2025-09-18 12:43:40,794 [ERROR] LogOutputStream:75 - [STDERR_REDIRECT] Sep 18, 2025 12:43:40 PM java.util.prefs.FileSystemPreferences checkLockFile0ErrorCode
2025-09-18 12:43:40,794 [ERROR] LogOutputStream:75 - [STDERR_REDIRECT] WARNING: Could not lock System prefs. Unix error code 2.
2025-09-18 12:43:40,794 [ERROR] LogOutputStream:75 - [STDERR_REDIRECT] 
2025-09-18 12:43:40,794 [ERROR] LogOutputStream:75 - [STDERR_REDIRECT] Sep 18, 2025 12:43:40 PM java.util.prefs.FileSystemPreferences syncWorld
2025-09-18 12:43:40,794 [ERROR] LogOutputStream:75 - [STDERR_REDIRECT] WARNING: Couldn't flush system prefs: java.util.prefs.BackingStoreException: Couldn't get file lock.
2025-09-18 12:43:40,794 [ERROR] LogOutputStream:75 - [STDERR_REDIRECT] 
2025-09-18 12:44:10,795 [ERROR] LogOutputStream:75 - [STDERR_REDIRECT] Sep 18, 2025 12:44:10 PM java.util.prefs.FileSystemPreferences checkLockFile0ErrorCode
2025-09-18 12:44:10,795 [ERROR] LogOutputStream:75 - [STDERR_REDIRECT] WARNING: Could not lock System prefs. Unix error code 2.
2025-09-18 12:44:10,795 [ERROR] LogOutputStream:75 - [STDERR_REDIRECT] 
2025-09-18 12:44:10,796 [ERROR] LogOutputStream:75 - [STDERR_REDIRECT] Sep 18, 2025 12:44:10 PM java.util.prefs.FileSystemPreferences syncWorld
2025-09-18 12:44:10,796 [ERROR] LogOutputStream:75 - [STDERR_REDIRECT] WARNING: Couldn't flush system prefs: java.util.prefs.BackingStoreException: Couldn't get file lock.
2025-09-18 12:44:10,796 [ERROR] LogOutputStream:75 - [STDERR_REDIRECT] 
2025-09-18 12:44:40,795 [ERROR] LogOutputStream:75 - [STDERR_REDIRECT] Sep 18, 2025 12:44:40 PM java.util.prefs.FileSystemPreferences checkLockFile0ErrorCode
2025-09-18 12:44:40,795 [ERROR] LogOutputStream:75 - [STDERR_REDIRECT] WARNING: Could not lock System prefs. Unix error code 2.
2025-09-18 12:44:40,795 [ERROR] LogOutputStream:75 - [STDERR_REDIRECT] 
2025-09-18 12:44:40,795 [ERROR] LogOutputStream:75 - [STDERR_REDIRECT] Sep 18, 2025 12:44:40 PM java.util.prefs.FileSystemPreferences syncWorld
2025-09-18 12:44:40,796 [ERROR] LogOutputStream:75 - [STDERR_REDIRECT] WARNING: Couldn't flush system prefs: java.util.prefs.BackingStoreException: Couldn't get file lock.
2025-09-18 12:44:40,796 [ERROR] LogOutputStream:75 - [STDERR_REDIRECT] 
2025-09-18 12:45:10,795 [ERROR] LogOutputStream:75 - [STDERR_REDIRECT] Sep 18, 2025 12:45:10 PM java.util.prefs.FileSystemPreferences checkLockFile0ErrorCode
2025-09-18 12:45:10,795 [ERROR] LogOutputStream:75 - [STDERR_REDIRECT] WARNING: Could not lock System prefs. Unix error code 2.
2025-09-18 12:45:10,795 [ERROR] LogOutputStream:75 - [STDERR_REDIRECT] 
2025-09-18 12:45:10,795 [ERROR] LogOutputStream:75 - [STDERR_REDIRECT] Sep 18, 2025 12:45:10 PM java.util.prefs.FileSystemPreferences syncWorld
2025-09-18 12:45:10,795 [ERROR] LogOutputStream:75 - [STDERR_REDIRECT] WARNING: Couldn't flush system prefs: java.util.prefs.BackingStoreException: Couldn't get file lock.
2025-09-18 12:45:10,795 [ERROR] LogOutputStream:75 - [STDERR_REDIRECT] 
2025-09-18 12:45:40,795 [ERROR] LogOutputStream:75 - [STDERR_REDIRECT] Sep 18, 2025 12:45:40 PM java.util.prefs.FileSystemPreferences checkLockFile0ErrorCode
2025-09-18 12:45:40,795 [ERROR] LogOutputStream:75 - [STDERR_REDIRECT] WARNING: Could not lock System prefs. Unix error code 2.
2025-09-18 12:45:40,795 [ERROR] LogOutputStream:75 - [STDERR_REDIRECT] 
2025-09-18 12:45:40,796 [ERROR] LogOutputStream:75 - [STDERR_REDIRECT] Sep 18, 2025 12:45:40 PM java.util.prefs.FileSystemPreferences syncWorld
2025-09-18 12:45:40,796 [ERROR] LogOutputStream:75 - [STDERR_REDIRECT] WARNING: Couldn't flush system prefs: java.util.prefs.BackingStoreException: Couldn't get file lock.
2025-09-18 12:45:40,796 [ERROR] LogOutputStream:75 - [STDERR_REDIRECT] 
2025-09-18 12:46:10,796 [ERROR] LogOutputStream:75 - [STDERR_REDIRECT] Sep 18, 2025 12:46:10 PM java.util.prefs.FileSystemPreferences checkLockFile0ErrorCode
2025-09-18 12:46:10,796 [ERROR] LogOutputStream:75 - [STDERR_REDIRECT] WARNING: Could not lock System prefs. Unix error code 2.
2025-09-18 12:46:10,796 [ERROR] LogOutputStream:75 - [STDERR_REDIRECT] 
2025-09-18 12:46:10,796 [ERROR] LogOutputStream:75 - [STDERR_REDIRECT] Sep 18, 2025 12:46:10 PM java.util.prefs.FileSystemPreferences syncWorld
2025-09-18 12:46:10,796 [ERROR] LogOutputStream:75 - [STDERR_REDIRECT] WARNING: Couldn't flush system prefs: java.util.prefs.BackingStoreException: Couldn't get file lock.
2025-09-18 12:46:10,796 [ERROR] LogOutputStream:75 - [STDERR_REDIRECT] 
2025-09-18 12:46:40,796 [ERROR] LogOutputStream:75 - [STDERR_REDIRECT] Sep 18, 2025 12:46:40 PM java.util.prefs.FileSystemPreferences checkLockFile0ErrorCode
2025-09-18 12:46:40,796 [ERROR] LogOutputStream:75 - [STDERR_REDIRECT] WARNING: Could not lock System prefs. Unix error code 2.
2025-09-18 12:46:40,796 [ERROR] LogOutputStream:75 - [STDERR_REDIRECT] 
2025-09-18 12:46:40,797 [ERROR] LogOutputStream:75 - [STDERR_REDIRECT] Sep 18, 2025 12:46:40 PM java.util.prefs.FileSystemPreferences syncWorld
2025-09-18 12:46:40,797 [ERROR] LogOutputStream:75 - [STDERR_REDIRECT] WARNING: Couldn't flush system prefs: java.util.prefs.BackingStoreException: Couldn't get file lock.
2025-09-18 12:46:40,797 [ERROR] LogOutputStream:75 - [STDERR_REDIRECT] 
2025-09-18 12:47:10,796 [ERROR] LogOutputStream:75 - [STDERR_REDIRECT] Sep 18, 2025 12:47:10 PM java.util.prefs.FileSystemPreferences checkLockFile0ErrorCode
2025-09-18 12:47:10,796 [ERROR] LogOutputStream:75 - [STDERR_REDIRECT] WARNING: Could not lock System prefs. Unix error code 2.
2025-09-18 12:47:10,796 [ERROR] LogOutputStream:75 - [STDERR_REDIRECT] 
2025-09-18 12:47:10,796 [ERROR] LogOutputStream:75 - [STDERR_REDIRECT] Sep 18, 2025 12:47:10 PM java.util.prefs.FileSystemPreferences syncWorld
2025-09-18 12:47:10,796 [ERROR] LogOutputStream:75 - [STDERR_REDIRECT] WARNING: Couldn't flush system prefs: java.util.prefs.BackingStoreException: Couldn't get file lock.
2025-09-18 12:47:10,796 [ERROR] LogOutputStream:75 - [STDERR_REDIRECT] 
2025-09-18 12:47:40,796 [ERROR] LogOutputStream:75 - [STDERR_REDIRECT] Sep 18, 2025 12:47:40 PM java.util.prefs.FileSystemPreferences checkLockFile0ErrorCode
2025-09-18 12:47:40,796 [ERROR] LogOutputStream:75 - [STDERR_REDIRECT] WARNING: Could not lock System prefs. Unix error code 2.
2025-09-18 12:47:40,796 [ERROR] LogOutputStream:75 - [STDERR_REDIRECT] 
2025-09-18 12:47:40,796 [ERROR] LogOutputStream:75 - [STDERR_REDIRECT] Sep 18, 2025 12:47:40 PM java.util.prefs.FileSystemPreferences syncWorld
2025-09-18 12:47:40,796 [ERROR] LogOutputStream:75 - [STDERR_REDIRECT] WARNING: Couldn't flush system prefs: java.util.prefs.BackingStoreException: Couldn't get file lock.
2025-09-18 12:47:40,797 [ERROR] LogOutputStream:75 - [STDERR_REDIRECT] 
2025-09-18 12:48:10,796 [ERROR] LogOutputStream:75 - [STDERR_REDIRECT] Sep 18, 2025 12:48:10 PM java.util.prefs.FileSystemPreferences checkLockFile0ErrorCode
2025-09-18 12:48:10,796 [ERROR] LogOutputStream:75 - [STDERR_REDIRECT] WARNING: Could not lock System prefs. Unix error code 2.
2025-09-18 12:48:10,796 [ERROR] LogOutputStream:75 - [STDERR_REDIRECT] 
2025-09-18 12:48:10,796 [ERROR] LogOutputStream:75 - [STDERR_REDIRECT] Sep 18, 2025 12:48:10 PM java.util.prefs.FileSystemPreferences syncWorld
2025-09-18 12:48:10,796 [ERROR] LogOutputStream:75 - [STDERR_REDIRECT] WARNING: Couldn't flush system prefs: java.util.prefs.BackingStoreException: Couldn't get file lock.
2025-09-18 12:48:10,796 [ERROR] LogOutputStream:75 - [STDERR_REDIRECT] 
2025-09-18 12:48:40,796 [ERROR] LogOutputStream:75 - [STDERR_REDIRECT] Sep 18, 2025 12:48:40 PM java.util.prefs.FileSystemPreferences checkLockFile0ErrorCode
2025-09-18 12:48:40,796 [ERROR] LogOutputStream:75 - [STDERR_REDIRECT] WARNING: Could not lock System prefs. Unix error code 2.
2025-09-18 12:48:40,796 [ERROR] LogOutputStream:75 - [STDERR_REDIRECT] 
2025-09-18 12:48:40,796 [ERROR] LogOutputStream:75 - [STDERR_REDIRECT] Sep 18, 2025 12:48:40 PM java.util.prefs.FileSystemPreferences syncWorld
2025-09-18 12:48:40,797 [ERROR] LogOutputStream:75 - [STDERR_REDIRECT] WARNING: Couldn't flush system prefs: java.util.prefs.BackingStoreException: Couldn't get file lock.
2025-09-18 12:48:40,797 [ERROR] LogOutputStream:75 - [STDERR_REDIRECT] 
2025-09-18 12:49:10,796 [ERROR] LogOutputStream:75 - [STDERR_REDIRECT] Sep 18, 2025 12:49:10 PM java.util.prefs.FileSystemPreferences checkLockFile0ErrorCode
2025-09-18 12:49:10,796 [ERROR] LogOutputStream:75 - [STDERR_REDIRECT] WARNING: Could not lock System prefs. Unix error code 2.
2025-09-18 12:49:10,796 [ERROR] LogOutputStream:75 - [STDERR_REDIRECT] 
2025-09-18 12:49:10,797 [ERROR] LogOutputStream:75 - [STDERR_REDIRECT] Sep 18, 2025 12:49:10 PM java.util.prefs.FileSystemPreferences syncWorld
2025-09-18 12:49:10,797 [ERROR] LogOutputStream:75 - [STDERR_REDIRECT] WARNING: Couldn't flush system prefs: java.util.prefs.BackingStoreException: Couldn't get file lock.
2025-09-18 12:49:10,797 [ERROR] LogOutputStream:75 - [STDERR_REDIRECT] 
2025-09-18 12:49:40,797 [ERROR] LogOutputStream:75 - [STDERR_REDIRECT] Sep 18, 2025 12:49:40 PM java.util.prefs.FileSystemPreferences checkLockFile0ErrorCode
2025-09-18 12:49:40,797 [ERROR] LogOutputStream:75 - [STDERR_REDIRECT] WARNING: Could not lock System prefs. Unix error code 2.
2025-09-18 12:49:40,797 [ERROR] LogOutputStream:75 - [STDERR_REDIRECT] 
2025-09-18 12:49:40,797 [ERROR] LogOutputStream:75 - [STDERR_REDIRECT] Sep 18, 2025 12:49:40 PM java.util.prefs.FileSystemPreferences syncWorld
2025-09-18 12:49:40,797 [ERROR] LogOutputStream:75 - [STDERR_REDIRECT] WARNING: Couldn't flush system prefs: java.util.prefs.BackingStoreException: Couldn't get file lock.
2025-09-18 12:49:40,797 [ERROR] LogOutputStream:75 - [STDERR_REDIRECT] 
2025-09-18 12:50:10,797 [ERROR] LogOutputStream:75 - [STDERR_REDIRECT] Sep 18, 2025 12:50:10 PM java.util.prefs.FileSystemPreferences checkLockFile0ErrorCode
2025-09-18 12:50:10,797 [ERROR] LogOutputStream:75 - [STDERR_REDIRECT] WARNING: Could not lock System prefs. Unix error code 2.
2025-09-18 12:50:10,797 [ERROR] LogOutputStream:75 - [STDERR_REDIRECT] 
2025-09-18 12:50:10,798 [ERROR] LogOutputStream:75 - [STDERR_REDIRECT] Sep 18, 2025 12:50:10 PM java.util.prefs.FileSystemPreferences syncWorld
2025-09-18 12:50:10,798 [ERROR] LogOutputStream:75 - [STDERR_REDIRECT] WARNING: Couldn't flush system prefs: java.util.prefs.BackingStoreException: Couldn't get file lock.
2025-09-18 12:50:10,798 [ERROR] LogOutputStream:75 - [STDERR_REDIRECT] 
2025-09-18 12:50:40,798 [ERROR] LogOutputStream:75 - [STDERR_REDIRECT] Sep 18, 2025 12:50:40 PM java.util.prefs.FileSystemPreferences checkLockFile0ErrorCode
2025-09-18 12:50:40,798 [ERROR] LogOutputStream:75 - [STDERR_REDIRECT] WARNING: Could not lock System prefs. Unix error code 2.
2025-09-18 12:50:40,798 [ERROR] LogOutputStream:75 - [STDERR_REDIRECT] 
2025-09-18 12:50:40,798 [ERROR] LogOutputStream:75 - [STDERR_REDIRECT] Sep 18, 2025 12:50:40 PM java.util.prefs.FileSystemPreferences syncWorld
2025-09-18 12:50:40,798 [ERROR] LogOutputStream:75 - [STDERR_REDIRECT] WARNING: Couldn't flush system prefs: java.util.prefs.BackingStoreException: Couldn't get file lock.
2025-09-18 12:50:40,798 [ERROR] LogOutputStream:75 - [STDERR_REDIRECT] 
2025-09-18 12:51:10,797 [ERROR] LogOutputStream:75 - [STDERR_REDIRECT] Sep 18, 2025 12:51:10 PM java.util.prefs.FileSystemPreferences checkLockFile0ErrorCode
2025-09-18 12:51:10,797 [ERROR] LogOutputStream:75 - [STDERR_REDIRECT] WARNING: Could not lock System prefs. Unix error code 2.
2025-09-18 12:51:10,798 [ERROR] LogOutputStream:75 - [STDERR_REDIRECT] 
2025-09-18 12:51:10,798 [ERROR] LogOutputStream:75 - [STDERR_REDIRECT] Sep 18, 2025 12:51:10 PM java.util.prefs.FileSystemPreferences syncWorld
2025-09-18 12:51:10,798 [ERROR] LogOutputStream:75 - [STDERR_REDIRECT] WARNING: Couldn't flush system prefs: java.util.prefs.BackingStoreException: Couldn't get file lock.
2025-09-18 12:51:10,798 [ERROR] LogOutputStream:75 - [STDERR_REDIRECT] 
2025-09-18 12:51:40,798 [ERROR] LogOutputStream:75 - [STDERR_REDIRECT] Sep 18, 2025 12:51:40 PM java.util.prefs.FileSystemPreferences checkLockFile0ErrorCode
2025-09-18 12:51:40,798 [ERROR] LogOutputStream:75 - [STDERR_REDIRECT] WARNING: Could not lock System prefs. Unix error code 2.
2025-09-18 12:51:40,798 [ERROR] LogOutputStream:75 - [STDERR_REDIRECT] 
2025-09-18 12:51:40,798 [ERROR] LogOutputStream:75 - [STDERR_REDIRECT] Sep 18, 2025 12:51:40 PM java.util.prefs.FileSystemPreferences syncWorld
2025-09-18 12:51:40,798 [ERROR] LogOutputStream:75 - [STDERR_REDIRECT] WARNING: Couldn't flush system prefs: java.util.prefs.BackingStoreException: Couldn't get file lock.
2025-09-18 12:51:40,798 [ERROR] LogOutputStream:75 - [STDERR_REDIRECT] 
2025-09-18 12:52:10,799 [ERROR] LogOutputStream:75 - [STDERR_REDIRECT] Sep 18, 2025 12:52:10 PM java.util.prefs.FileSystemPreferences checkLockFile0ErrorCode
2025-09-18 12:52:10,799 [ERROR] LogOutputStream:75 - [STDERR_REDIRECT] WARNING: Could not lock System prefs. Unix error code 2.
2025-09-18 12:52:10,799 [ERROR] LogOutputStream:75 - [STDERR_REDIRECT] 
2025-09-18 12:52:10,799 [ERROR] LogOutputStream:75 - [STDERR_REDIRECT] Sep 18, 2025 12:52:10 PM java.util.prefs.FileSystemPreferences syncWorld
2025-09-18 12:52:10,799 [ERROR] LogOutputStream:75 - [STDERR_REDIRECT] WARNING: Couldn't flush system prefs: java.util.prefs.BackingStoreException: Couldn't get file lock.
2025-09-18 12:52:10,799 [ERROR] LogOutputStream:75 - [STDERR_REDIRECT] 
2025-09-18 12:52:40,799 [ERROR] LogOutputStream:75 - [STDERR_REDIRECT] Sep 18, 2025 12:52:40 PM java.util.prefs.FileSystemPreferences checkLockFile0ErrorCode
2025-09-18 12:52:40,799 [ERROR] LogOutputStream:75 - [STDERR_REDIRECT] WARNING: Could not lock System prefs. Unix error code 2.
2025-09-18 12:52:40,799 [ERROR] LogOutputStream:75 - [STDERR_REDIRECT] 
2025-09-18 12:52:40,799 [ERROR] LogOutputStream:75 - [STDERR_REDIRECT] Sep 18, 2025 12:52:40 PM java.util.prefs.FileSystemPreferences syncWorld
2025-09-18 12:52:40,800 [ERROR] LogOutputStream:75 - [STDERR_REDIRECT] WARNING: Couldn't flush system prefs: java.util.prefs.BackingStoreException: Couldn't get file lock.
2025-09-18 12:52:40,800 [ERROR] LogOutputStream:75 - [STDERR_REDIRECT] 
2025-09-18 12:53:10,798 [ERROR] LogOutputStream:75 - [STDERR_REDIRECT] Sep 18, 2025 12:53:10 PM java.util.prefs.FileSystemPreferences checkLockFile0ErrorCode
2025-09-18 12:53:10,799 [ERROR] LogOutputStream:75 - [STDERR_REDIRECT] WARNING: Could not lock System prefs. Unix error code 2.
2025-09-18 12:53:10,799 [ERROR] LogOutputStream:75 - [STDERR_REDIRECT] 
2025-09-18 12:53:10,799 [ERROR] LogOutputStream:75 - [STDERR_REDIRECT] Sep 18, 2025 12:53:10 PM java.util.prefs.FileSystemPreferences syncWorld
2025-09-18 12:53:10,799 [ERROR] LogOutputStream:75 - [STDERR_REDIRECT] WARNING: Couldn't flush system prefs: java.util.prefs.BackingStoreException: Couldn't get file lock.
2025-09-18 12:53:10,799 [ERROR] LogOutputStream:75 - [STDERR_REDIRECT] 
2025-09-18 12:53:40,799 [ERROR] LogOutputStream:75 - [STDERR_REDIRECT] Sep 18, 2025 12:53:40 PM java.util.prefs.FileSystemPreferences checkLockFile0ErrorCode
2025-09-18 12:53:40,800 [ERROR] LogOutputStream:75 - [STDERR_REDIRECT] WARNING: Could not lock System prefs. Unix error code 2.
2025-09-18 12:53:40,800 [ERROR] LogOutputStream:75 - [STDERR_REDIRECT] 
2025-09-18 12:53:40,800 [ERROR] LogOutputStream:75 - [STDERR_REDIRECT] Sep 18, 2025 12:53:40 PM java.util.prefs.FileSystemPreferences syncWorld
2025-09-18 12:53:40,800 [ERROR] LogOutputStream:75 - [STDERR_REDIRECT] WARNING: Couldn't flush system prefs: java.util.prefs.BackingStoreException: Couldn't get file lock.
2025-09-18 12:53:40,800 [ERROR] LogOutputStream:75 - [STDERR_REDIRECT] 
2025-09-18 12:54:10,799 [ERROR] LogOutputStream:75 - [STDERR_REDIRECT] Sep 18, 2025 12:54:10 PM java.util.prefs.FileSystemPreferences checkLockFile0ErrorCode
2025-09-18 12:54:10,800 [ERROR] LogOutputStream:75 - [STDERR_REDIRECT] WARNING: Could not lock System prefs. Unix error code 2.
2025-09-18 12:54:10,800 [ERROR] LogOutputStream:75 - [STDERR_REDIRECT] 
2025-09-18 12:54:10,800 [ERROR] LogOutputStream:75 - [STDERR_REDIRECT] Sep 18, 2025 12:54:10 PM java.util.prefs.FileSystemPreferences syncWorld
2025-09-18 12:54:10,800 [ERROR] LogOutputStream:75 - [STDERR_REDIRECT] WARNING: Couldn't flush system prefs: java.util.prefs.BackingStoreException: Couldn't get file lock.
2025-09-18 12:54:10,800 [ERROR] LogOutputStream:75 - [STDERR_REDIRECT] 
2025-09-18 12:54:40,799 [ERROR] LogOutputStream:75 - [STDERR_REDIRECT] Sep 18, 2025 12:54:40 PM java.util.prefs.FileSystemPreferences checkLockFile0ErrorCode
2025-09-18 12:54:40,800 [ERROR] LogOutputStream:75 - [STDERR_REDIRECT] WARNING: Could not lock System prefs. Unix error code 2.
2025-09-18 12:54:40,800 [ERROR] LogOutputStream:75 - [STDERR_REDIRECT] 
2025-09-18 12:54:40,800 [ERROR] LogOutputStream:75 - [STDERR_REDIRECT] Sep 18, 2025 12:54:40 PM java.util.prefs.FileSystemPreferences syncWorld
2025-09-18 12:54:40,800 [ERROR] LogOutputStream:75 - [STDERR_REDIRECT] WARNING: Couldn't flush system prefs: java.util.prefs.BackingStoreException: Couldn't get file lock.
2025-09-18 12:54:40,800 [ERROR] LogOutputStream:75 - [STDERR_REDIRECT] 
2025-09-18 12:55:10,799 [ERROR] LogOutputStream:75 - [STDERR_REDIRECT] Sep 18, 2025 12:55:10 PM java.util.prefs.FileSystemPreferences checkLockFile0ErrorCode
2025-09-18 12:55:10,800 [ERROR] LogOutputStream:75 - [STDERR_REDIRECT] WARNING: Could not lock System prefs. Unix error code 2.
2025-09-18 12:55:10,800 [ERROR] LogOutputStream:75 - [STDERR_REDIRECT] 
2025-09-18 12:55:10,800 [ERROR] LogOutputStream:75 - [STDERR_REDIRECT] Sep 18, 2025 12:55:10 PM java.util.prefs.FileSystemPreferences syncWorld
2025-09-18 12:55:10,800 [ERROR] LogOutputStream:75 - [STDERR_REDIRECT] WARNING: Couldn't flush system prefs: java.util.prefs.BackingStoreException: Couldn't get file lock.
2025-09-18 12:55:10,800 [ERROR] LogOutputStream:75 - [STDERR_REDIRECT] 
2025-09-18 12:55:40,799 [ERROR] LogOutputStream:75 - [STDERR_REDIRECT] Sep 18, 2025 12:55:40 PM java.util.prefs.FileSystemPreferences checkLockFile0ErrorCode
2025-09-18 12:55:40,799 [ERROR] LogOutputStream:75 - [STDERR_REDIRECT] WARNING: Could not lock System prefs. Unix error code 2.
2025-09-18 12:55:40,799 [ERROR] LogOutputStream:75 - [STDERR_REDIRECT] 
2025-09-18 12:55:40,799 [ERROR] LogOutputStream:75 - [STDERR_REDIRECT] Sep 18, 2025 12:55:40 PM java.util.prefs.FileSystemPreferences syncWorld
2025-09-18 12:55:40,799 [ERROR] LogOutputStream:75 - [STDERR_REDIRECT] WARNING: Couldn't flush system prefs: java.util.prefs.BackingStoreException: Couldn't get file lock.
2025-09-18 12:55:40,799 [ERROR] LogOutputStream:75 - [STDERR_REDIRECT] 
2025-09-18 12:56:10,799 [ERROR] LogOutputStream:75 - [STDERR_REDIRECT] Sep 18, 2025 12:56:10 PM java.util.prefs.FileSystemPreferences checkLockFile0ErrorCode
2025-09-18 12:56:10,799 [ERROR] LogOutputStream:75 - [STDERR_REDIRECT] WARNING: Could not lock System prefs. Unix error code 2.
2025-09-18 12:56:10,799 [ERROR] LogOutputStream:75 - [STDERR_REDIRECT] 
2025-09-18 12:56:10,800 [ERROR] LogOutputStream:75 - [STDERR_REDIRECT] Sep 18, 2025 12:56:10 PM java.util.prefs.FileSystemPreferences syncWorld
2025-09-18 12:56:10,800 [ERROR] LogOutputStream:75 - [STDERR_REDIRECT] WARNING: Couldn't flush system prefs: java.util.prefs.BackingStoreException: Couldn't get file lock.
2025-09-18 12:56:10,800 [ERROR] LogOutputStream:75 - [STDERR_REDIRECT] 
2025-09-18 12:56:40,799 [ERROR] LogOutputStream:75 - [STDERR_REDIRECT] Sep 18, 2025 12:56:40 PM java.util.prefs.FileSystemPreferences checkLockFile0ErrorCode
2025-09-18 12:56:40,799 [ERROR] LogOutputStream:75 - [STDERR_REDIRECT] WARNING: Could not lock System prefs. Unix error code 2.
2025-09-18 12:56:40,799 [ERROR] LogOutputStream:75 - [STDERR_REDIRECT] 
2025-09-18 12:56:40,800 [ERROR] LogOutputStream:75 - [STDERR_REDIRECT] Sep 18, 2025 12:56:40 PM java.util.prefs.FileSystemPreferences syncWorld
2025-09-18 12:56:40,800 [ERROR] LogOutputStream:75 - [STDERR_REDIRECT] WARNING: Couldn't flush system prefs: java.util.prefs.BackingStoreException: Couldn't get file lock.
2025-09-18 12:56:40,800 [ERROR] LogOutputStream:75 - [STDERR_REDIRECT] 
2025-09-18 12:57:10,801 [ERROR] LogOutputStream:75 - [STDERR_REDIRECT] Sep 18, 2025 12:57:10 PM java.util.prefs.FileSystemPreferences checkLockFile0ErrorCode
2025-09-18 12:57:10,801 [ERROR] LogOutputStream:75 - [STDERR_REDIRECT] WARNING: Could not lock System prefs. Unix error code 2.
2025-09-18 12:57:10,801 [ERROR] LogOutputStream:75 - [STDERR_REDIRECT] 
2025-09-18 12:57:10,802 [ERROR] LogOutputStream:75 - [STDERR_REDIRECT] Sep 18, 2025 12:57:10 PM java.util.prefs.FileSystemPreferences syncWorld
2025-09-18 12:57:10,802 [ERROR] LogOutputStream:75 - [STDERR_REDIRECT] WARNING: Couldn't flush system prefs: java.util.prefs.BackingStoreException: Couldn't get file lock.
2025-09-18 12:57:10,802 [ERROR] LogOutputStream:75 - [STDERR_REDIRECT] 
2025-09-18 12:57:40,802 [ERROR] LogOutputStream:75 - [STDERR_REDIRECT] Sep 18, 2025 12:57:40 PM java.util.prefs.FileSystemPreferences checkLockFile0ErrorCode
2025-09-18 12:57:40,802 [ERROR] LogOutputStream:75 - [STDERR_REDIRECT] WARNING: Could not lock System prefs. Unix error code 2.
2025-09-18 12:57:40,802 [ERROR] LogOutputStream:75 - [STDERR_REDIRECT] 
2025-09-18 12:57:40,802 [ERROR] LogOutputStream:75 - [STDERR_REDIRECT] Sep 18, 2025 12:57:40 PM java.util.prefs.FileSystemPreferences syncWorld
2025-09-18 12:57:40,802 [ERROR] LogOutputStream:75 - [STDERR_REDIRECT] WARNING: Couldn't flush system prefs: java.util.prefs.BackingStoreException: Couldn't get file lock.
2025-09-18 12:57:40,802 [ERROR] LogOutputStream:75 - [STDERR_REDIRECT] 
2025-09-18 12:58:10,802 [ERROR] LogOutputStream:75 - [STDERR_REDIRECT] Sep 18, 2025 12:58:10 PM java.util.prefs.FileSystemPreferences checkLockFile0ErrorCode
2025-09-18 12:58:10,803 [ERROR] LogOutputStream:75 - [STDERR_REDIRECT] WARNING: Could not lock System prefs. Unix error code 2.
2025-09-18 12:58:10,803 [ERROR] LogOutputStream:75 - [STDERR_REDIRECT] 
2025-09-18 12:58:10,803 [ERROR] LogOutputStream:75 - [STDERR_REDIRECT] Sep 18, 2025 12:58:10 PM java.util.prefs.FileSystemPreferences syncWorld
2025-09-18 12:58:10,803 [ERROR] LogOutputStream:75 - [STDERR_REDIRECT] WARNING: Couldn't flush system prefs: java.util.prefs.BackingStoreException: Couldn't get file lock.
2025-09-18 12:58:10,803 [ERROR] LogOutputStream:75 - [STDERR_REDIRECT] 
2025-09-18 12:58:40,800 [ERROR] LogOutputStream:75 - [STDERR_REDIRECT] Sep 18, 2025 12:58:40 PM java.util.prefs.FileSystemPreferences checkLockFile0ErrorCode
2025-09-18 12:58:40,800 [ERROR] LogOutputStream:75 - [STDERR_REDIRECT] WARNING: Could not lock System prefs. Unix error code 2.
2025-09-18 12:58:40,800 [ERROR] LogOutputStream:75 - [STDERR_REDIRECT] 
2025-09-18 12:58:40,800 [ERROR] LogOutputStream:75 - [STDERR_REDIRECT] Sep 18, 2025 12:58:40 PM java.util.prefs.FileSystemPreferences syncWorld
2025-09-18 12:58:40,800 [ERROR] LogOutputStream:75 - [STDERR_REDIRECT] WARNING: Couldn't flush system prefs: java.util.prefs.BackingStoreException: Couldn't get file lock.
2025-09-18 12:58:40,800 [ERROR] LogOutputStream:75 - [STDERR_REDIRECT] 
2025-09-18 12:59:10,800 [ERROR] LogOutputStream:75 - [STDERR_REDIRECT] Sep 18, 2025 12:59:10 PM java.util.prefs.FileSystemPreferences checkLockFile0ErrorCode
2025-09-18 12:59:10,800 [ERROR] LogOutputStream:75 - [STDERR_REDIRECT] WARNING: Could not lock System prefs. Unix error code 2.
2025-09-18 12:59:10,800 [ERROR] LogOutputStream:75 - [STDERR_REDIRECT] 
2025-09-18 12:59:10,801 [ERROR] LogOutputStream:75 - [STDERR_REDIRECT] Sep 18, 2025 12:59:10 PM java.util.prefs.FileSystemPreferences syncWorld
2025-09-18 12:59:10,801 [ERROR] LogOutputStream:75 - [STDERR_REDIRECT] WARNING: Couldn't flush system prefs: java.util.prefs.BackingStoreException: Couldn't get file lock.
2025-09-18 12:59:10,801 [ERROR] LogOutputStream:75 - [STDERR_REDIRECT] 
2025-09-18 12:59:40,799 [ERROR] LogOutputStream:75 - [STDERR_REDIRECT] Sep 18, 2025 12:59:40 PM java.util.prefs.FileSystemPreferences checkLockFile0ErrorCode
2025-09-18 12:59:40,799 [ERROR] LogOutputStream:75 - [STDERR_REDIRECT] WARNING: Could not lock System prefs. Unix error code 2.
2025-09-18 12:59:40,799 [ERROR] LogOutputStream:75 - [STDERR_REDIRECT] 
2025-09-18 12:59:40,800 [ERROR] LogOutputStream:75 - [STDERR_REDIRECT] Sep 18, 2025 12:59:40 PM java.util.prefs.FileSystemPreferences syncWorld
2025-09-18 12:59:40,800 [ERROR] LogOutputStream:75 - [STDERR_REDIRECT] WARNING: Couldn't flush system prefs: java.util.prefs.BackingStoreException: Couldn't get file lock.
2025-09-18 12:59:40,800 [ERROR] LogOutputStream:75 - [STDERR_REDIRECT] 
2025-09-18 13:00:10,799 [ERROR] LogOutputStream:75 - [STDERR_REDIRECT] Sep 18, 2025 1:00:10 PM java.util.prefs.FileSystemPreferences checkLockFile0ErrorCode
2025-09-18 13:00:10,800 [ERROR] LogOutputStream:75 - [STDERR_REDIRECT] WARNING: Could not lock System prefs. Unix error code 2.
2025-09-18 13:00:10,800 [ERROR] LogOutputStream:75 - [STDERR_REDIRECT] 
2025-09-18 13:00:10,800 [ERROR] LogOutputStream:75 - [STDERR_REDIRECT] Sep 18, 2025 1:00:10 PM java.util.prefs.FileSystemPreferences syncWorld
2025-09-18 13:00:10,800 [ERROR] LogOutputStream:75 - [STDERR_REDIRECT] WARNING: Couldn't flush system prefs: java.util.prefs.BackingStoreException: Couldn't get file lock.
2025-09-18 13:00:10,800 [ERROR] LogOutputStream:75 - [STDERR_REDIRECT] 
2025-09-18 13:00:40,800 [ERROR] LogOutputStream:75 - [STDERR_REDIRECT] Sep 18, 2025 1:00:40 PM java.util.prefs.FileSystemPreferences checkLockFile0ErrorCode
2025-09-18 13:00:40,800 [ERROR] LogOutputStream:75 - [STDERR_REDIRECT] WARNING: Could not lock System prefs. Unix error code 2.
2025-09-18 13:00:40,800 [ERROR] LogOutputStream:75 - [STDERR_REDIRECT] 
2025-09-18 13:00:40,800 [ERROR] LogOutputStream:75 - [STDERR_REDIRECT] Sep 18, 2025 1:00:40 PM java.util.prefs.FileSystemPreferences syncWorld
2025-09-18 13:00:40,800 [ERROR] LogOutputStream:75 - [STDERR_REDIRECT] WARNING: Couldn't flush system prefs: java.util.prefs.BackingStoreException: Couldn't get file lock.
2025-09-18 13:00:40,800 [ERROR] LogOutputStream:75 - [STDERR_REDIRECT] 
2025-09-18 13:01:10,800 [ERROR] LogOutputStream:75 - [STDERR_REDIRECT] Sep 18, 2025 1:01:10 PM java.util.prefs.FileSystemPreferences checkLockFile0ErrorCode
2025-09-18 13:01:10,800 [ERROR] LogOutputStream:75 - [STDERR_REDIRECT] WARNING: Could not lock System prefs. Unix error code 2.
2025-09-18 13:01:10,800 [ERROR] LogOutputStream:75 - [STDERR_REDIRECT] 
2025-09-18 13:01:10,800 [ERROR] LogOutputStream:75 - [STDERR_REDIRECT] Sep 18, 2025 1:01:10 PM java.util.prefs.FileSystemPreferences syncWorld
2025-09-18 13:01:10,800 [ERROR] LogOutputStream:75 - [STDERR_REDIRECT] WARNING: Couldn't flush system prefs: java.util.prefs.BackingStoreException: Couldn't get file lock.
2025-09-18 13:01:10,800 [ERROR] LogOutputStream:75 - [STDERR_REDIRECT] 
2025-09-18 13:01:40,799 [ERROR] LogOutputStream:75 - [STDERR_REDIRECT] Sep 18, 2025 1:01:40 PM java.util.prefs.FileSystemPreferences checkLockFile0ErrorCode
2025-09-18 13:01:40,799 [ERROR] LogOutputStream:75 - [STDERR_REDIRECT] WARNING: Could not lock System prefs. Unix error code 2.
2025-09-18 13:01:40,799 [ERROR] LogOutputStream:75 - [STDERR_REDIRECT] 
2025-09-18 13:01:40,800 [ERROR] LogOutputStream:75 - [STDERR_REDIRECT] Sep 18, 2025 1:01:40 PM java.util.prefs.FileSystemPreferences syncWorld
2025-09-18 13:01:40,800 [ERROR] LogOutputStream:75 - [STDERR_REDIRECT] WARNING: Couldn't flush system prefs: java.util.prefs.BackingStoreException: Couldn't get file lock.
2025-09-18 13:01:40,800 [ERROR] LogOutputStream:75 - [STDERR_REDIRECT] 
2025-09-18 13:02:10,800 [ERROR] LogOutputStream:75 - [STDERR_REDIRECT] Sep 18, 2025 1:02:10 PM java.util.prefs.FileSystemPreferences checkLockFile0ErrorCode
2025-09-18 13:02:10,800 [ERROR] LogOutputStream:75 - [STDERR_REDIRECT] WARNING: Could not lock System prefs. Unix error code 2.
2025-09-18 13:02:10,800 [ERROR] LogOutputStream:75 - [STDERR_REDIRECT] 
2025-09-18 13:02:10,801 [ERROR] LogOutputStream:75 - [STDERR_REDIRECT] Sep 18, 2025 1:02:10 PM java.util.prefs.FileSystemPreferences syncWorld
2025-09-18 13:02:10,801 [ERROR] LogOutputStream:75 - [STDERR_REDIRECT] WARNING: Couldn't flush system prefs: java.util.prefs.BackingStoreException: Couldn't get file lock.
2025-09-18 13:02:10,801 [ERROR] LogOutputStream:75 - [STDERR_REDIRECT] 
2025-09-18 13:02:40,799 [ERROR] LogOutputStream:75 - [STDERR_REDIRECT] Sep 18, 2025 1:02:40 PM java.util.prefs.FileSystemPreferences checkLockFile0ErrorCode
2025-09-18 13:02:40,800 [ERROR] LogOutputStream:75 - [STDERR_REDIRECT] WARNING: Could not lock System prefs. Unix error code 2.
2025-09-18 13:02:40,800 [ERROR] LogOutputStream:75 - [STDERR_REDIRECT] 
2025-09-18 13:02:40,800 [ERROR] LogOutputStream:75 - [STDERR_REDIRECT] Sep 18, 2025 1:02:40 PM java.util.prefs.FileSystemPreferences syncWorld
2025-09-18 13:02:40,800 [ERROR] LogOutputStream:75 - [STDERR_REDIRECT] WARNING: Couldn't flush system prefs: java.util.prefs.BackingStoreException: Couldn't get file lock.
2025-09-18 13:02:40,800 [ERROR] LogOutputStream:75 - [STDERR_REDIRECT] 
2025-09-18 13:03:10,800 [ERROR] LogOutputStream:75 - [STDERR_REDIRECT] Sep 18, 2025 1:03:10 PM java.util.prefs.FileSystemPreferences checkLockFile0ErrorCode
2025-09-18 13:03:10,800 [ERROR] LogOutputStream:75 - [STDERR_REDIRECT] WARNING: Could not lock System prefs. Unix error code 2.
2025-09-18 13:03:10,801 [ERROR] LogOutputStream:75 - [STDERR_REDIRECT] 
2025-09-18 13:03:10,801 [ERROR] LogOutputStream:75 - [STDERR_REDIRECT] Sep 18, 2025 1:03:10 PM java.util.prefs.FileSystemPreferences syncWorld
2025-09-18 13:03:10,801 [ERROR] LogOutputStream:75 - [STDERR_REDIRECT] WARNING: Couldn't flush system prefs: java.util.prefs.BackingStoreException: Couldn't get file lock.
2025-09-18 13:03:10,801 [ERROR] LogOutputStream:75 - [STDERR_REDIRECT] 
2025-09-18 13:03:40,800 [ERROR] LogOutputStream:75 - [STDERR_REDIRECT] Sep 18, 2025 1:03:40 PM java.util.prefs.FileSystemPreferences checkLockFile0ErrorCode
2025-09-18 13:03:40,801 [ERROR] LogOutputStream:75 - [STDERR_REDIRECT] WARNING: Could not lock System prefs. Unix error code 2.
2025-09-18 13:03:40,801 [ERROR] LogOutputStream:75 - [STDERR_REDIRECT] 
2025-09-18 13:03:40,801 [ERROR] LogOutputStream:75 - [STDERR_REDIRECT] Sep 18, 2025 1:03:40 PM java.util.prefs.FileSystemPreferences syncWorld
2025-09-18 13:03:40,801 [ERROR] LogOutputStream:75 - [STDERR_REDIRECT] WARNING: Couldn't flush system prefs: java.util.prefs.BackingStoreException: Couldn't get file lock.
2025-09-18 13:03:40,801 [ERROR] LogOutputStream:75 - [STDERR_REDIRECT] 
2025-09-18 13:04:10,800 [ERROR] LogOutputStream:75 - [STDERR_REDIRECT] Sep 18, 2025 1:04:10 PM java.util.prefs.FileSystemPreferences checkLockFile0ErrorCode
2025-09-18 13:04:10,800 [ERROR] LogOutputStream:75 - [STDERR_REDIRECT] WARNING: Could not lock System prefs. Unix error code 2.
2025-09-18 13:04:10,800 [ERROR] LogOutputStream:75 - [STDERR_REDIRECT] 
2025-09-18 13:04:10,800 [ERROR] LogOutputStream:75 - [STDERR_REDIRECT] Sep 18, 2025 1:04:10 PM java.util.prefs.FileSystemPreferences syncWorld
2025-09-18 13:04:10,800 [ERROR] LogOutputStream:75 - [STDERR_REDIRECT] WARNING: Couldn't flush system prefs: java.util.prefs.BackingStoreException: Couldn't get file lock.
2025-09-18 13:04:10,800 [ERROR] LogOutputStream:75 - [STDERR_REDIRECT] 
2025-09-18 13:04:40,800 [ERROR] LogOutputStream:75 - [STDERR_REDIRECT] Sep 18, 2025 1:04:40 PM java.util.prefs.FileSystemPreferences checkLockFile0ErrorCode
2025-09-18 13:04:40,800 [ERROR] LogOutputStream:75 - [STDERR_REDIRECT] WARNING: Could not lock System prefs. Unix error code 2.
2025-09-18 13:04:40,800 [ERROR] LogOutputStream:75 - [STDERR_REDIRECT] 
2025-09-18 13:04:40,800 [ERROR] LogOutputStream:75 - [STDERR_REDIRECT] Sep 18, 2025 1:04:40 PM java.util.prefs.FileSystemPreferences syncWorld
2025-09-18 13:04:40,800 [ERROR] LogOutputStream:75 - [STDERR_REDIRECT] WARNING: Couldn't flush system prefs: java.util.prefs.BackingStoreException: Couldn't get file lock.
2025-09-18 13:04:40,801 [ERROR] LogOutputStream:75 - [STDERR_REDIRECT] 
2025-09-18 13:05:10,800 [ERROR] LogOutputStream:75 - [STDERR_REDIRECT] Sep 18, 2025 1:05:10 PM java.util.prefs.FileSystemPreferences checkLockFile0ErrorCode
2025-09-18 13:05:10,800 [ERROR] LogOutputStream:75 - [STDERR_REDIRECT] WARNING: Could not lock System prefs. Unix error code 2.
2025-09-18 13:05:10,800 [ERROR] LogOutputStream:75 - [STDERR_REDIRECT] 
2025-09-18 13:05:10,800 [ERROR] LogOutputStream:75 - [STDERR_REDIRECT] Sep 18, 2025 1:05:10 PM java.util.prefs.FileSystemPreferences syncWorld
2025-09-18 13:05:10,800 [ERROR] LogOutputStream:75 - [STDERR_REDIRECT] WARNING: Couldn't flush system prefs: java.util.prefs.BackingStoreException: Couldn't get file lock.
2025-09-18 13:05:10,800 [ERROR] LogOutputStream:75 - [STDERR_REDIRECT] 
2025-09-18 13:05:40,800 [ERROR] LogOutputStream:75 - [STDERR_REDIRECT] Sep 18, 2025 1:05:40 PM java.util.prefs.FileSystemPreferences checkLockFile0ErrorCode
2025-09-18 13:05:40,800 [ERROR] LogOutputStream:75 - [STDERR_REDIRECT] WARNING: Could not lock System prefs. Unix error code 2.
2025-09-18 13:05:40,800 [ERROR] LogOutputStream:75 - [STDERR_REDIRECT] 
2025-09-18 13:05:40,800 [ERROR] LogOutputStream:75 - [STDERR_REDIRECT] Sep 18, 2025 1:05:40 PM java.util.prefs.FileSystemPreferences syncWorld
2025-09-18 13:05:40,800 [ERROR] LogOutputStream:75 - [STDERR_REDIRECT] WARNING: Couldn't flush system prefs: java.util.prefs.BackingStoreException: Couldn't get file lock.
2025-09-18 13:05:40,800 [ERROR] LogOutputStream:75 - [STDERR_REDIRECT] 
2025-09-18 13:06:10,802 [ERROR] LogOutputStream:75 - [STDERR_REDIRECT] Sep 18, 2025 1:06:10 PM java.util.prefs.FileSystemPreferences checkLockFile0ErrorCode
2025-09-18 13:06:10,802 [ERROR] LogOutputStream:75 - [STDERR_REDIRECT] WARNING: Could not lock System prefs. Unix error code 2.
2025-09-18 13:06:10,802 [ERROR] LogOutputStream:75 - [STDERR_REDIRECT] 
2025-09-18 13:06:10,802 [ERROR] LogOutputStream:75 - [STDERR_REDIRECT] Sep 18, 2025 1:06:10 PM java.util.prefs.FileSystemPreferences syncWorld
2025-09-18 13:06:10,803 [ERROR] LogOutputStream:75 - [STDERR_REDIRECT] WARNING: Couldn't flush system prefs: java.util.prefs.BackingStoreException: Couldn't get file lock.
2025-09-18 13:06:10,803 [ERROR] LogOutputStream:75 - [STDERR_REDIRECT] 
2025-09-18 13:06:40,800 [ERROR] LogOutputStream:75 - [STDERR_REDIRECT] Sep 18, 2025 1:06:40 PM java.util.prefs.FileSystemPreferences checkLockFile0ErrorCode
2025-09-18 13:06:40,801 [ERROR] LogOutputStream:75 - [STDERR_REDIRECT] WARNING: Could not lock System prefs. Unix error code 2.
2025-09-18 13:06:40,801 [ERROR] LogOutputStream:75 - [STDERR_REDIRECT] 
2025-09-18 13:06:40,801 [ERROR] LogOutputStream:75 - [STDERR_REDIRECT] Sep 18, 2025 1:06:40 PM java.util.prefs.FileSystemPreferences syncWorld
2025-09-18 13:06:40,801 [ERROR] LogOutputStream:75 - [STDERR_REDIRECT] WARNING: Couldn't flush system prefs: java.util.prefs.BackingStoreException: Couldn't get file lock.
2025-09-18 13:06:40,801 [ERROR] LogOutputStream:75 - [STDERR_REDIRECT] 
2025-09-18 13:07:10,801 [ERROR] LogOutputStream:75 - [STDERR_REDIRECT] Sep 18, 2025 1:07:10 PM java.util.prefs.FileSystemPreferences checkLockFile0ErrorCode
2025-09-18 13:07:10,802 [ERROR] LogOutputStream:75 - [STDERR_REDIRECT] WARNING: Could not lock System prefs. Unix error code 2.
2025-09-18 13:07:10,802 [ERROR] LogOutputStream:75 - [STDERR_REDIRECT] 
2025-09-18 13:07:10,802 [ERROR] LogOutputStream:75 - [STDERR_REDIRECT] Sep 18, 2025 1:07:10 PM java.util.prefs.FileSystemPreferences syncWorld
2025-09-18 13:07:10,802 [ERROR] LogOutputStream:75 - [STDERR_REDIRECT] WARNING: Couldn't flush system prefs: java.util.prefs.BackingStoreException: Couldn't get file lock.
2025-09-18 13:07:10,802 [ERROR] LogOutputStream:75 - [STDERR_REDIRECT] 
2025-09-18 13:07:40,800 [ERROR] LogOutputStream:75 - [STDERR_REDIRECT] Sep 18, 2025 1:07:40 PM java.util.prefs.FileSystemPreferences checkLockFile0ErrorCode
2025-09-18 13:07:40,801 [ERROR] LogOutputStream:75 - [STDERR_REDIRECT] WARNING: Could not lock System prefs. Unix error code 2.
2025-09-18 13:07:40,801 [ERROR] LogOutputStream:75 - [STDERR_REDIRECT] 
2025-09-18 13:07:40,801 [ERROR] LogOutputStream:75 - [STDERR_REDIRECT] Sep 18, 2025 1:07:40 PM java.util.prefs.FileSystemPreferences syncWorld
2025-09-18 13:07:40,801 [ERROR] LogOutputStream:75 - [STDERR_REDIRECT] WARNING: Couldn't flush system prefs: java.util.prefs.BackingStoreException: Couldn't get file lock.
2025-09-18 13:07:40,801 [ERROR] LogOutputStream:75 - [STDERR_REDIRECT] 
2025-09-18 13:08:10,801 [ERROR] LogOutputStream:75 - [STDERR_REDIRECT] Sep 18, 2025 1:08:10 PM java.util.prefs.FileSystemPreferences checkLockFile0ErrorCode
2025-09-18 13:08:10,801 [ERROR] LogOutputStream:75 - [STDERR_REDIRECT] WARNING: Could not lock System prefs. Unix error code 2.
2025-09-18 13:08:10,801 [ERROR] LogOutputStream:75 - [STDERR_REDIRECT] 
2025-09-18 13:08:10,801 [ERROR] LogOutputStream:75 - [STDERR_REDIRECT] Sep 18, 2025 1:08:10 PM java.util.prefs.FileSystemPreferences syncWorld
2025-09-18 13:08:10,801 [ERROR] LogOutputStream:75 - [STDERR_REDIRECT] WARNING: Couldn't flush system prefs: java.util.prefs.BackingStoreException: Couldn't get file lock.
2025-09-18 13:08:10,801 [ERROR] LogOutputStream:75 - [STDERR_REDIRECT] 
2025-09-18 13:08:40,801 [ERROR] LogOutputStream:75 - [STDERR_REDIRECT] Sep 18, 2025 1:08:40 PM java.util.prefs.FileSystemPreferences checkLockFile0ErrorCode
2025-09-18 13:08:40,802 [ERROR] LogOutputStream:75 - [STDERR_REDIRECT] WARNING: Could not lock System prefs. Unix error code 2.
2025-09-18 13:08:40,802 [ERROR] LogOutputStream:75 - [STDERR_REDIRECT] 
2025-09-18 13:08:40,802 [ERROR] LogOutputStream:75 - [STDERR_REDIRECT] Sep 18, 2025 1:08:40 PM java.util.prefs.FileSystemPreferences syncWorld
2025-09-18 13:08:40,802 [ERROR] LogOutputStream:75 - [STDERR_REDIRECT] WARNING: Couldn't flush system prefs: java.util.prefs.BackingStoreException: Couldn't get file lock.
2025-09-18 13:08:40,802 [ERROR] LogOutputStream:75 - [STDERR_REDIRECT] 
2025-09-18 13:09:10,801 [ERROR] LogOutputStream:75 - [STDERR_REDIRECT] Sep 18, 2025 1:09:10 PM java.util.prefs.FileSystemPreferences checkLockFile0ErrorCode
2025-09-18 13:09:10,801 [ERROR] LogOutputStream:75 - [STDERR_REDIRECT] WARNING: Could not lock System prefs. Unix error code 2.
2025-09-18 13:09:10,801 [ERROR] LogOutputStream:75 - [STDERR_REDIRECT] 
2025-09-18 13:09:10,801 [ERROR] LogOutputStream:75 - [STDERR_REDIRECT] Sep 18, 2025 1:09:10 PM java.util.prefs.FileSystemPreferences syncWorld
2025-09-18 13:09:10,802 [ERROR] LogOutputStream:75 - [STDERR_REDIRECT] WARNING: Couldn't flush system prefs: java.util.prefs.BackingStoreException: Couldn't get file lock.
2025-09-18 13:09:10,802 [ERROR] LogOutputStream:75 - [STDERR_REDIRECT] 
2025-09-18 13:09:40,801 [ERROR] LogOutputStream:75 - [STDERR_REDIRECT] Sep 18, 2025 1:09:40 PM java.util.prefs.FileSystemPreferences checkLockFile0ErrorCode
2025-09-18 13:09:40,801 [ERROR] LogOutputStream:75 - [STDERR_REDIRECT] WARNING: Could not lock System prefs. Unix error code 2.
2025-09-18 13:09:40,801 [ERROR] LogOutputStream:75 - [STDERR_REDIRECT] 
2025-09-18 13:09:40,801 [ERROR] LogOutputStream:75 - [STDERR_REDIRECT] Sep 18, 2025 1:09:40 PM java.util.prefs.FileSystemPreferences syncWorld
2025-09-18 13:09:40,801 [ERROR] LogOutputStream:75 - [STDERR_REDIRECT] WARNING: Couldn't flush system prefs: java.util.prefs.BackingStoreException: Couldn't get file lock.
2025-09-18 13:09:40,801 [ERROR] LogOutputStream:75 - [STDERR_REDIRECT] 
2025-09-18 13:10:10,801 [ERROR] LogOutputStream:75 - [STDERR_REDIRECT] Sep 18, 2025 1:10:10 PM java.util.prefs.FileSystemPreferences checkLockFile0ErrorCode
2025-09-18 13:10:10,801 [ERROR] LogOutputStream:75 - [STDERR_REDIRECT] WARNING: Could not lock System prefs. Unix error code 2.
2025-09-18 13:10:10,801 [ERROR] LogOutputStream:75 - [STDERR_REDIRECT] 
2025-09-18 13:10:10,801 [ERROR] LogOutputStream:75 - [STDERR_REDIRECT] Sep 18, 2025 1:10:10 PM java.util.prefs.FileSystemPreferences syncWorld
2025-09-18 13:10:10,801 [ERROR] LogOutputStream:75 - [STDERR_REDIRECT] WARNING: Couldn't flush system prefs: java.util.prefs.BackingStoreException: Couldn't get file lock.
2025-09-18 13:10:10,802 [ERROR] LogOutputStream:75 - [STDERR_REDIRECT] 
2025-09-18 13:10:40,804 [ERROR] LogOutputStream:75 - [STDERR_REDIRECT] Sep 18, 2025 1:10:40 PM java.util.prefs.FileSystemPreferences checkLockFile0ErrorCode
2025-09-18 13:10:40,804 [ERROR] LogOutputStream:75 - [STDERR_REDIRECT] WARNING: Could not lock System prefs. Unix error code 2.
2025-09-18 13:10:40,805 [ERROR] LogOutputStream:75 - [STDERR_REDIRECT] 
2025-09-18 13:10:40,805 [ERROR] LogOutputStream:75 - [STDERR_REDIRECT] Sep 18, 2025 1:10:40 PM java.util.prefs.FileSystemPreferences syncWorld
2025-09-18 13:10:40,805 [ERROR] LogOutputStream:75 - [STDERR_REDIRECT] WARNING: Couldn't flush system prefs: java.util.prefs.BackingStoreException: Couldn't get file lock.
2025-09-18 13:10:40,805 [ERROR] LogOutputStream:75 - [STDERR_REDIRECT] 
2025-09-18 13:11:10,806 [ERROR] LogOutputStream:75 - [STDERR_REDIRECT] Sep 18, 2025 1:11:10 PM java.util.prefs.FileSystemPreferences checkLockFile0ErrorCode
2025-09-18 13:11:10,806 [ERROR] LogOutputStream:75 - [STDERR_REDIRECT] WARNING: Could not lock System prefs. Unix error code 2.
2025-09-18 13:11:10,806 [ERROR] LogOutputStream:75 - [STDERR_REDIRECT] 
2025-09-18 13:11:10,807 [ERROR] LogOutputStream:75 - [STDERR_REDIRECT] Sep 18, 2025 1:11:10 PM java.util.prefs.FileSystemPreferences syncWorld
2025-09-18 13:11:10,807 [ERROR] LogOutputStream:75 - [STDERR_REDIRECT] WARNING: Couldn't flush system prefs: java.util.prefs.BackingStoreException: Couldn't get file lock.
2025-09-18 13:11:10,807 [ERROR] LogOutputStream:75 - [STDERR_REDIRECT] 
2025-09-18 13:11:40,804 [ERROR] LogOutputStream:75 - [STDERR_REDIRECT] Sep 18, 2025 1:11:40 PM java.util.prefs.FileSystemPreferences checkLockFile0ErrorCode
2025-09-18 13:11:40,804 [ERROR] LogOutputStream:75 - [STDERR_REDIRECT] WARNING: Could not lock System prefs. Unix error code 2.
2025-09-18 13:11:40,804 [ERROR] LogOutputStream:75 - [STDERR_REDIRECT] 
2025-09-18 13:11:40,805 [ERROR] LogOutputStream:75 - [STDERR_REDIRECT] Sep 18, 2025 1:11:40 PM java.util.prefs.FileSystemPreferences syncWorld
2025-09-18 13:11:40,805 [ERROR] LogOutputStream:75 - [STDERR_REDIRECT] WARNING: Couldn't flush system prefs: java.util.prefs.BackingStoreException: Couldn't get file lock.
2025-09-18 13:11:40,805 [ERROR] LogOutputStream:75 - [STDERR_REDIRECT] 
2025-09-18 13:12:10,801 [ERROR] LogOutputStream:75 - [STDERR_REDIRECT] Sep 18, 2025 1:12:10 PM java.util.prefs.FileSystemPreferences checkLockFile0ErrorCode
2025-09-18 13:12:10,801 [ERROR] LogOutputStream:75 - [STDERR_REDIRECT] WARNING: Could not lock System prefs. Unix error code 2.
2025-09-18 13:12:10,801 [ERROR] LogOutputStream:75 - [STDERR_REDIRECT] 
2025-09-18 13:12:10,802 [ERROR] LogOutputStream:75 - [STDERR_REDIRECT] Sep 18, 2025 1:12:10 PM java.util.prefs.FileSystemPreferences syncWorld
2025-09-18 13:12:10,802 [ERROR] LogOutputStream:75 - [STDERR_REDIRECT] WARNING: Couldn't flush system prefs: java.util.prefs.BackingStoreException: Couldn't get file lock.
2025-09-18 13:12:10,802 [ERROR] LogOutputStream:75 - [STDERR_REDIRECT] 
2025-09-18 13:12:40,803 [ERROR] LogOutputStream:75 - [STDERR_REDIRECT] Sep 18, 2025 1:12:40 PM java.util.prefs.FileSystemPreferences checkLockFile0ErrorCode
2025-09-18 13:12:40,803 [ERROR] LogOutputStream:75 - [STDERR_REDIRECT] WARNING: Could not lock System prefs. Unix error code 2.
2025-09-18 13:12:40,803 [ERROR] LogOutputStream:75 - [STDERR_REDIRECT] 
2025-09-18 13:12:40,803 [ERROR] LogOutputStream:75 - [STDERR_REDIRECT] Sep 18, 2025 1:12:40 PM java.util.prefs.FileSystemPreferences syncWorld
2025-09-18 13:12:40,803 [ERROR] LogOutputStream:75 - [STDERR_REDIRECT] WARNING: Couldn't flush system prefs: java.util.prefs.BackingStoreException: Couldn't get file lock.
2025-09-18 13:12:40,803 [ERROR] LogOutputStream:75 - [STDERR_REDIRECT] 
2025-09-18 13:13:10,801 [ERROR] LogOutputStream:75 - [STDERR_REDIRECT] Sep 18, 2025 1:13:10 PM java.util.prefs.FileSystemPreferences checkLockFile0ErrorCode
2025-09-18 13:13:10,801 [ERROR] LogOutputStream:75 - [STDERR_REDIRECT] WARNING: Could not lock System prefs. Unix error code 2.
2025-09-18 13:13:10,801 [ERROR] LogOutputStream:75 - [STDERR_REDIRECT] 
2025-09-18 13:13:10,801 [ERROR] LogOutputStream:75 - [STDERR_REDIRECT] Sep 18, 2025 1:13:10 PM java.util.prefs.FileSystemPreferences syncWorld
2025-09-18 13:13:10,801 [ERROR] LogOutputStream:75 - [STDERR_REDIRECT] WARNING: Couldn't flush system prefs: java.util.prefs.BackingStoreException: Couldn't get file lock.
2025-09-18 13:13:10,801 [ERROR] LogOutputStream:75 - [STDERR_REDIRECT] 
2025-09-18 13:13:40,801 [ERROR] LogOutputStream:75 - [STDERR_REDIRECT] Sep 18, 2025 1:13:40 PM java.util.prefs.FileSystemPreferences checkLockFile0ErrorCode
2025-09-18 13:13:40,802 [ERROR] LogOutputStream:75 - [STDERR_REDIRECT] WARNING: Could not lock System prefs. Unix error code 2.
2025-09-18 13:13:40,802 [ERROR] LogOutputStream:75 - [STDERR_REDIRECT] 
2025-09-18 13:13:40,802 [ERROR] LogOutputStream:75 - [STDERR_REDIRECT] Sep 18, 2025 1:13:40 PM java.util.prefs.FileSystemPreferences syncWorld
2025-09-18 13:13:40,802 [ERROR] LogOutputStream:75 - [STDERR_REDIRECT] WARNING: Couldn't flush system prefs: java.util.prefs.BackingStoreException: Couldn't get file lock.
2025-09-18 13:13:40,802 [ERROR] LogOutputStream:75 - [STDERR_REDIRECT] 
2025-09-18 13:14:10,801 [ERROR] LogOutputStream:75 - [STDERR_REDIRECT] Sep 18, 2025 1:14:10 PM java.util.prefs.FileSystemPreferences checkLockFile0ErrorCode
2025-09-18 13:14:10,802 [ERROR] LogOutputStream:75 - [STDERR_REDIRECT] WARNING: Could not lock System prefs. Unix error code 2.
2025-09-18 13:14:10,802 [ERROR] LogOutputStream:75 - [STDERR_REDIRECT] 
2025-09-18 13:14:10,802 [ERROR] LogOutputStream:75 - [STDERR_REDIRECT] Sep 18, 2025 1:14:10 PM java.util.prefs.FileSystemPreferences syncWorld
2025-09-18 13:14:10,802 [ERROR] LogOutputStream:75 - [STDERR_REDIRECT] WARNING: Couldn't flush system prefs: java.util.prefs.BackingStoreException: Couldn't get file lock.
2025-09-18 13:14:10,802 [ERROR] LogOutputStream:75 - [STDERR_REDIRECT] 
2025-09-18 13:14:40,803 [ERROR] LogOutputStream:75 - [STDERR_REDIRECT] Sep 18, 2025 1:14:40 PM java.util.prefs.FileSystemPreferences checkLockFile0ErrorCode
2025-09-18 13:14:40,803 [ERROR] LogOutputStream:75 - [STDERR_REDIRECT] WARNING: Could not lock System prefs. Unix error code 2.
2025-09-18 13:14:40,803 [ERROR] LogOutputStream:75 - [STDERR_REDIRECT] 
2025-09-18 13:14:40,803 [ERROR] LogOutputStream:75 - [STDERR_REDIRECT] Sep 18, 2025 1:14:40 PM java.util.prefs.FileSystemPreferences syncWorld
2025-09-18 13:14:40,803 [ERROR] LogOutputStream:75 - [STDERR_REDIRECT] WARNING: Couldn't flush system prefs: java.util.prefs.BackingStoreException: Couldn't get file lock.
2025-09-18 13:14:40,803 [ERROR] LogOutputStream:75 - [STDERR_REDIRECT] 
2025-09-18 13:15:10,802 [ERROR] LogOutputStream:75 - [STDERR_REDIRECT] Sep 18, 2025 1:15:10 PM java.util.prefs.FileSystemPreferences checkLockFile0ErrorCode
2025-09-18 13:15:10,802 [ERROR] LogOutputStream:75 - [STDERR_REDIRECT] WARNING: Could not lock System prefs. Unix error code 2.
2025-09-18 13:15:10,802 [ERROR] LogOutputStream:75 - [STDERR_REDIRECT] 
2025-09-18 13:15:10,803 [ERROR] LogOutputStream:75 - [STDERR_REDIRECT] Sep 18, 2025 1:15:10 PM java.util.prefs.FileSystemPreferences syncWorld
2025-09-18 13:15:10,803 [ERROR] LogOutputStream:75 - [STDERR_REDIRECT] WARNING: Couldn't flush system prefs: java.util.prefs.BackingStoreException: Couldn't get file lock.
2025-09-18 13:15:10,803 [ERROR] LogOutputStream:75 - [STDERR_REDIRECT] 
2025-09-18 13:15:40,801 [ERROR] LogOutputStream:75 - [STDERR_REDIRECT] Sep 18, 2025 1:15:40 PM java.util.prefs.FileSystemPreferences checkLockFile0ErrorCode
2025-09-18 13:15:40,802 [ERROR] LogOutputStream:75 - [STDERR_REDIRECT] WARNING: Could not lock System prefs. Unix error code 2.
2025-09-18 13:15:40,802 [ERROR] LogOutputStream:75 - [STDERR_REDIRECT] 
2025-09-18 13:15:40,802 [ERROR] LogOutputStream:75 - [STDERR_REDIRECT] Sep 18, 2025 1:15:40 PM java.util.prefs.FileSystemPreferences syncWorld
2025-09-18 13:15:40,802 [ERROR] LogOutputStream:75 - [STDERR_REDIRECT] WARNING: Couldn't flush system prefs: java.util.prefs.BackingStoreException: Couldn't get file lock.
2025-09-18 13:15:40,802 [ERROR] LogOutputStream:75 - [STDERR_REDIRECT] 
2025-09-18 13:16:10,806 [ERROR] LogOutputStream:75 - [STDERR_REDIRECT] Sep 18, 2025 1:16:10 PM java.util.prefs.FileSystemPreferences checkLockFile0ErrorCode
2025-09-18 13:16:10,806 [ERROR] LogOutputStream:75 - [STDERR_REDIRECT] WARNING: Could not lock System prefs. Unix error code 2.
2025-09-18 13:16:10,806 [ERROR] LogOutputStream:75 - [STDERR_REDIRECT] 
2025-09-18 13:16:10,806 [ERROR] LogOutputStream:75 - [STDERR_REDIRECT] Sep 18, 2025 1:16:10 PM java.util.prefs.FileSystemPreferences syncWorld
2025-09-18 13:16:10,806 [ERROR] LogOutputStream:75 - [STDERR_REDIRECT] WARNING: Couldn't flush system prefs: java.util.prefs.BackingStoreException: Couldn't get file lock.
2025-09-18 13:16:10,806 [ERROR] LogOutputStream:75 - [STDERR_REDIRECT] 
2025-09-18 13:16:40,802 [ERROR] LogOutputStream:75 - [STDERR_REDIRECT] Sep 18, 2025 1:16:40 PM java.util.prefs.FileSystemPreferences checkLockFile0ErrorCode
2025-09-18 13:16:40,802 [ERROR] LogOutputStream:75 - [STDERR_REDIRECT] WARNING: Could not lock System prefs. Unix error code 2.
2025-09-18 13:16:40,802 [ERROR] LogOutputStream:75 - [STDERR_REDIRECT] 
2025-09-18 13:16:40,802 [ERROR] LogOutputStream:75 - [STDERR_REDIRECT] Sep 18, 2025 1:16:40 PM java.util.prefs.FileSystemPreferences syncWorld
2025-09-18 13:16:40,802 [ERROR] LogOutputStream:75 - [STDERR_REDIRECT] WARNING: Couldn't flush system prefs: java.util.prefs.BackingStoreException: Couldn't get file lock.
2025-09-18 13:16:40,802 [ERROR] LogOutputStream:75 - [STDERR_REDIRECT] 
2025-09-18 13:17:10,804 [ERROR] LogOutputStream:75 - [STDERR_REDIRECT] Sep 18, 2025 1:17:10 PM java.util.prefs.FileSystemPreferences checkLockFile0ErrorCode
2025-09-18 13:17:10,804 [ERROR] LogOutputStream:75 - [STDERR_REDIRECT] WARNING: Could not lock System prefs. Unix error code 2.
2025-09-18 13:17:10,804 [ERROR] LogOutputStream:75 - [STDERR_REDIRECT] 
2025-09-18 13:17:10,804 [ERROR] LogOutputStream:75 - [STDERR_REDIRECT] Sep 18, 2025 1:17:10 PM java.util.prefs.FileSystemPreferences syncWorld
2025-09-18 13:17:10,804 [ERROR] LogOutputStream:75 - [STDERR_REDIRECT] WARNING: Couldn't flush system prefs: java.util.prefs.BackingStoreException: Couldn't get file lock.
2025-09-18 13:17:10,804 [ERROR] LogOutputStream:75 - [STDERR_REDIRECT] 
2025-09-18 13:17:40,802 [ERROR] LogOutputStream:75 - [STDERR_REDIRECT] Sep 18, 2025 1:17:40 PM java.util.prefs.FileSystemPreferences checkLockFile0ErrorCode
2025-09-18 13:17:40,802 [ERROR] LogOutputStream:75 - [STDERR_REDIRECT] WARNING: Could not lock System prefs. Unix error code 2.
2025-09-18 13:17:40,802 [ERROR] LogOutputStream:75 - [STDERR_REDIRECT] 
2025-09-18 13:17:40,802 [ERROR] LogOutputStream:75 - [STDERR_REDIRECT] Sep 18, 2025 1:17:40 PM java.util.prefs.FileSystemPreferences syncWorld
2025-09-18 13:17:40,803 [ERROR] LogOutputStream:75 - [STDERR_REDIRECT] WARNING: Couldn't flush system prefs: java.util.prefs.BackingStoreException: Couldn't get file lock.
2025-09-18 13:17:40,803 [ERROR] LogOutputStream:75 - [STDERR_REDIRECT] 
2025-09-18 13:18:10,802 [ERROR] LogOutputStream:75 - [STDERR_REDIRECT] Sep 18, 2025 1:18:10 PM java.util.prefs.FileSystemPreferences checkLockFile0ErrorCode
2025-09-18 13:18:10,802 [ERROR] LogOutputStream:75 - [STDERR_REDIRECT] WARNING: Could not lock System prefs. Unix error code 2.
2025-09-18 13:18:10,803 [ERROR] LogOutputStream:75 - [STDERR_REDIRECT] 
2025-09-18 13:18:10,803 [ERROR] LogOutputStream:75 - [STDERR_REDIRECT] Sep 18, 2025 1:18:10 PM java.util.prefs.FileSystemPreferences syncWorld
2025-09-18 13:18:10,803 [ERROR] LogOutputStream:75 - [STDERR_REDIRECT] WARNING: Couldn't flush system prefs: java.util.prefs.BackingStoreException: Couldn't get file lock.
2025-09-18 13:18:10,803 [ERROR] LogOutputStream:75 - [STDERR_REDIRECT] 
2025-09-18 13:18:40,802 [ERROR] LogOutputStream:75 - [STDERR_REDIRECT] Sep 18, 2025 1:18:40 PM java.util.prefs.FileSystemPreferences checkLockFile0ErrorCode
2025-09-18 13:18:40,802 [ERROR] LogOutputStream:75 - [STDERR_REDIRECT] WARNING: Could not lock System prefs. Unix error code 2.
2025-09-18 13:18:40,802 [ERROR] LogOutputStream:75 - [STDERR_REDIRECT] 
2025-09-18 13:18:40,802 [ERROR] LogOutputStream:75 - [STDERR_REDIRECT] Sep 18, 2025 1:18:40 PM java.util.prefs.FileSystemPreferences syncWorld
2025-09-18 13:18:40,802 [ERROR] LogOutputStream:75 - [STDERR_REDIRECT] WARNING: Couldn't flush system prefs: java.util.prefs.BackingStoreException: Couldn't get file lock.
2025-09-18 13:18:40,802 [ERROR] LogOutputStream:75 - [STDERR_REDIRECT] 
2025-09-18 13:19:10,802 [ERROR] LogOutputStream:75 - [STDERR_REDIRECT] Sep 18, 2025 1:19:10 PM java.util.prefs.FileSystemPreferences checkLockFile0ErrorCode
2025-09-18 13:19:10,802 [ERROR] LogOutputStream:75 - [STDERR_REDIRECT] WARNING: Could not lock System prefs. Unix error code 2.
2025-09-18 13:19:10,802 [ERROR] LogOutputStream:75 - [STDERR_REDIRECT] 
2025-09-18 13:19:10,802 [ERROR] LogOutputStream:75 - [STDERR_REDIRECT] Sep 18, 2025 1:19:10 PM java.util.prefs.FileSystemPreferences syncWorld
2025-09-18 13:19:10,802 [ERROR] LogOutputStream:75 - [STDERR_REDIRECT] WARNING: Couldn't flush system prefs: java.util.prefs.BackingStoreException: Couldn't get file lock.
2025-09-18 13:19:10,802 [ERROR] LogOutputStream:75 - [STDERR_REDIRECT] 
2025-09-18 13:19:40,806 [ERROR] LogOutputStream:75 - [STDERR_REDIRECT] Sep 18, 2025 1:19:40 PM java.util.prefs.FileSystemPreferences checkLockFile0ErrorCode
2025-09-18 13:19:40,806 [ERROR] LogOutputStream:75 - [STDERR_REDIRECT] WARNING: Could not lock System prefs. Unix error code 2.
2025-09-18 13:19:40,806 [ERROR] LogOutputStream:75 - [STDERR_REDIRECT] 
2025-09-18 13:19:40,806 [ERROR] LogOutputStream:75 - [STDERR_REDIRECT] Sep 18, 2025 1:19:40 PM java.util.prefs.FileSystemPreferences syncWorld
2025-09-18 13:19:40,806 [ERROR] LogOutputStream:75 - [STDERR_REDIRECT] WARNING: Couldn't flush system prefs: java.util.prefs.BackingStoreException: Couldn't get file lock.
2025-09-18 13:19:40,807 [ERROR] LogOutputStream:75 - [STDERR_REDIRECT] 
2025-09-18 13:20:10,805 [ERROR] LogOutputStream:75 - [STDERR_REDIRECT] Sep 18, 2025 1:20:10 PM java.util.prefs.FileSystemPreferences checkLockFile0ErrorCode
2025-09-18 13:20:10,805 [ERROR] LogOutputStream:75 - [STDERR_REDIRECT] WARNING: Could not lock System prefs. Unix error code 2.
2025-09-18 13:20:10,805 [ERROR] LogOutputStream:75 - [STDERR_REDIRECT] 
2025-09-18 13:20:10,805 [ERROR] LogOutputStream:75 - [STDERR_REDIRECT] Sep 18, 2025 1:20:10 PM java.util.prefs.FileSystemPreferences syncWorld
2025-09-18 13:20:10,805 [ERROR] LogOutputStream:75 - [STDERR_REDIRECT] WARNING: Couldn't flush system prefs: java.util.prefs.BackingStoreException: Couldn't get file lock.
2025-09-18 13:20:10,805 [ERROR] LogOutputStream:75 - [STDERR_REDIRECT] 
2025-09-18 13:20:40,804 [ERROR] LogOutputStream:75 - [STDERR_REDIRECT] Sep 18, 2025 1:20:40 PM java.util.prefs.FileSystemPreferences checkLockFile0ErrorCode
2025-09-18 13:20:40,804 [ERROR] LogOutputStream:75 - [STDERR_REDIRECT] WARNING: Could not lock System prefs. Unix error code 2.
2025-09-18 13:20:40,804 [ERROR] LogOutputStream:75 - [STDERR_REDIRECT] 
2025-09-18 13:20:40,804 [ERROR] LogOutputStream:75 - [STDERR_REDIRECT] Sep 18, 2025 1:20:40 PM java.util.prefs.FileSystemPreferences syncWorld
2025-09-18 13:20:40,804 [ERROR] LogOutputStream:75 - [STDERR_REDIRECT] WARNING: Couldn't flush system prefs: java.util.prefs.BackingStoreException: Couldn't get file lock.
2025-09-18 13:20:40,804 [ERROR] LogOutputStream:75 - [STDERR_REDIRECT] 
2025-09-18 13:21:10,803 [ERROR] LogOutputStream:75 - [STDERR_REDIRECT] Sep 18, 2025 1:21:10 PM java.util.prefs.FileSystemPreferences checkLockFile0ErrorCode
2025-09-18 13:21:10,803 [ERROR] LogOutputStream:75 - [STDERR_REDIRECT] WARNING: Could not lock System prefs. Unix error code 2.
2025-09-18 13:21:10,803 [ERROR] LogOutputStream:75 - [STDERR_REDIRECT] 
2025-09-18 13:21:10,803 [ERROR] LogOutputStream:75 - [STDERR_REDIRECT] Sep 18, 2025 1:21:10 PM java.util.prefs.FileSystemPreferences syncWorld
2025-09-18 13:21:10,803 [ERROR] LogOutputStream:75 - [STDERR_REDIRECT] WARNING: Couldn't flush system prefs: java.util.prefs.BackingStoreException: Couldn't get file lock.
2025-09-18 13:21:10,803 [ERROR] LogOutputStream:75 - [STDERR_REDIRECT] 
2025-09-18 13:21:40,803 [ERROR] LogOutputStream:75 - [STDERR_REDIRECT] Sep 18, 2025 1:21:40 PM java.util.prefs.FileSystemPreferences checkLockFile0ErrorCode
2025-09-18 13:21:40,803 [ERROR] LogOutputStream:75 - [STDERR_REDIRECT] WARNING: Could not lock System prefs. Unix error code 2.
2025-09-18 13:21:40,803 [ERROR] LogOutputStream:75 - [STDERR_REDIRECT] 
2025-09-18 13:21:40,803 [ERROR] LogOutputStream:75 - [STDERR_REDIRECT] Sep 18, 2025 1:21:40 PM java.util.prefs.FileSystemPreferences syncWorld
2025-09-18 13:21:40,803 [ERROR] LogOutputStream:75 - [STDERR_REDIRECT] WARNING: Couldn't flush system prefs: java.util.prefs.BackingStoreException: Couldn't get file lock.
2025-09-18 13:21:40,803 [ERROR] LogOutputStream:75 - [STDERR_REDIRECT] 
2025-09-18 13:22:10,803 [ERROR] LogOutputStream:75 - [STDERR_REDIRECT] Sep 18, 2025 1:22:10 PM java.util.prefs.FileSystemPreferences checkLockFile0ErrorCode
2025-09-18 13:22:10,804 [ERROR] LogOutputStream:75 - [STDERR_REDIRECT] WARNING: Could not lock System prefs. Unix error code 2.
2025-09-18 13:22:10,804 [ERROR] LogOutputStream:75 - [STDERR_REDIRECT] 
2025-09-18 13:22:10,804 [ERROR] LogOutputStream:75 - [STDERR_REDIRECT] Sep 18, 2025 1:22:10 PM java.util.prefs.FileSystemPreferences syncWorld
2025-09-18 13:22:10,804 [ERROR] LogOutputStream:75 - [STDERR_REDIRECT] WARNING: Couldn't flush system prefs: java.util.prefs.BackingStoreException: Couldn't get file lock.
2025-09-18 13:22:10,804 [ERROR] LogOutputStream:75 - [STDERR_REDIRECT] 
2025-09-18 13:22:40,804 [ERROR] LogOutputStream:75 - [STDERR_REDIRECT] Sep 18, 2025 1:22:40 PM java.util.prefs.FileSystemPreferences checkLockFile0ErrorCode
2025-09-18 13:22:40,804 [ERROR] LogOutputStream:75 - [STDERR_REDIRECT] WARNING: Could not lock System prefs. Unix error code 2.
2025-09-18 13:22:40,804 [ERROR] LogOutputStream:75 - [STDERR_REDIRECT] 
2025-09-18 13:22:40,804 [ERROR] LogOutputStream:75 - [STDERR_REDIRECT] Sep 18, 2025 1:22:40 PM java.util.prefs.FileSystemPreferences syncWorld
2025-09-18 13:22:40,804 [ERROR] LogOutputStream:75 - [STDERR_REDIRECT] WARNING: Couldn't flush system prefs: java.util.prefs.BackingStoreException: Couldn't get file lock.
2025-09-18 13:22:40,804 [ERROR] LogOutputStream:75 - [STDERR_REDIRECT] 
2025-09-18 13:23:10,803 [ERROR] LogOutputStream:75 - [STDERR_REDIRECT] Sep 18, 2025 1:23:10 PM java.util.prefs.FileSystemPreferences checkLockFile0ErrorCode
2025-09-18 13:23:10,804 [ERROR] LogOutputStream:75 - [STDERR_REDIRECT] WARNING: Could not lock System prefs. Unix error code 2.
2025-09-18 13:23:10,804 [ERROR] LogOutputStream:75 - [STDERR_REDIRECT] 
2025-09-18 13:23:10,804 [ERROR] LogOutputStream:75 - [STDERR_REDIRECT] Sep 18, 2025 1:23:10 PM java.util.prefs.FileSystemPreferences syncWorld
2025-09-18 13:23:10,804 [ERROR] LogOutputStream:75 - [STDERR_REDIRECT] WARNING: Couldn't flush system prefs: java.util.prefs.BackingStoreException: Couldn't get file lock.
2025-09-18 13:23:10,804 [ERROR] LogOutputStream:75 - [STDERR_REDIRECT] 
2025-09-18 13:23:40,804 [ERROR] LogOutputStream:75 - [STDERR_REDIRECT] Sep 18, 2025 1:23:40 PM java.util.prefs.FileSystemPreferences checkLockFile0ErrorCode
2025-09-18 13:23:40,804 [ERROR] LogOutputStream:75 - [STDERR_REDIRECT] WARNING: Could not lock System prefs. Unix error code 2.
2025-09-18 13:23:40,804 [ERROR] LogOutputStream:75 - [STDERR_REDIRECT] 
2025-09-18 13:23:40,804 [ERROR] LogOutputStream:75 - [STDERR_REDIRECT] Sep 18, 2025 1:23:40 PM java.util.prefs.FileSystemPreferences syncWorld
2025-09-18 13:23:40,804 [ERROR] LogOutputStream:75 - [STDERR_REDIRECT] WARNING: Couldn't flush system prefs: java.util.prefs.BackingStoreException: Couldn't get file lock.
2025-09-18 13:23:40,804 [ERROR] LogOutputStream:75 - [STDERR_REDIRECT] 
2025-09-18 13:24:10,803 [ERROR] LogOutputStream:75 - [STDERR_REDIRECT] Sep 18, 2025 1:24:10 PM java.util.prefs.FileSystemPreferences checkLockFile0ErrorCode
2025-09-18 13:24:10,804 [ERROR] LogOutputStream:75 - [STDERR_REDIRECT] WARNING: Could not lock System prefs. Unix error code 2.
2025-09-18 13:24:10,804 [ERROR] LogOutputStream:75 - [STDERR_REDIRECT] 
2025-09-18 13:24:10,804 [ERROR] LogOutputStream:75 - [STDERR_REDIRECT] Sep 18, 2025 1:24:10 PM java.util.prefs.FileSystemPreferences syncWorld
2025-09-18 13:24:10,804 [ERROR] LogOutputStream:75 - [STDERR_REDIRECT] WARNING: Couldn't flush system prefs: java.util.prefs.BackingStoreException: Couldn't get file lock.
2025-09-18 13:24:10,804 [ERROR] LogOutputStream:75 - [STDERR_REDIRECT] 
2025-09-18 13:24:40,805 [ERROR] LogOutputStream:75 - [STDERR_REDIRECT] Sep 18, 2025 1:24:40 PM java.util.prefs.FileSystemPreferences checkLockFile0ErrorCode
2025-09-18 13:24:40,805 [ERROR] LogOutputStream:75 - [STDERR_REDIRECT] WARNING: Could not lock System prefs. Unix error code 2.
2025-09-18 13:24:40,805 [ERROR] LogOutputStream:75 - [STDERR_REDIRECT] 
2025-09-18 13:24:40,805 [ERROR] LogOutputStream:75 - [STDERR_REDIRECT] Sep 18, 2025 1:24:40 PM java.util.prefs.FileSystemPreferences syncWorld
2025-09-18 13:24:40,805 [ERROR] LogOutputStream:75 - [STDERR_REDIRECT] WARNING: Couldn't flush system prefs: java.util.prefs.BackingStoreException: Couldn't get file lock.
2025-09-18 13:24:40,805 [ERROR] LogOutputStream:75 - [STDERR_REDIRECT] 
2025-09-18 13:25:10,807 [ERROR] LogOutputStream:75 - [STDERR_REDIRECT] Sep 18, 2025 1:25:10 PM java.util.prefs.FileSystemPreferences checkLockFile0ErrorCode
2025-09-18 13:25:10,808 [ERROR] LogOutputStream:75 - [STDERR_REDIRECT] WARNING: Could not lock System prefs. Unix error code 2.
2025-09-18 13:25:10,808 [ERROR] LogOutputStream:75 - [STDERR_REDIRECT] 
2025-09-18 13:25:10,808 [ERROR] LogOutputStream:75 - [STDERR_REDIRECT] Sep 18, 2025 1:25:10 PM java.util.prefs.FileSystemPreferences syncWorld
2025-09-18 13:25:10,808 [ERROR] LogOutputStream:75 - [STDERR_REDIRECT] WARNING: Couldn't flush system prefs: java.util.prefs.BackingStoreException: Couldn't get file lock.
2025-09-18 13:25:10,808 [ERROR] LogOutputStream:75 - [STDERR_REDIRECT] 
2025-09-18 13:25:40,806 [ERROR] LogOutputStream:75 - [STDERR_REDIRECT] Sep 18, 2025 1:25:40 PM java.util.prefs.FileSystemPreferences checkLockFile0ErrorCode
2025-09-18 13:25:40,806 [ERROR] LogOutputStream:75 - [STDERR_REDIRECT] WARNING: Could not lock System prefs. Unix error code 2.
2025-09-18 13:25:40,806 [ERROR] LogOutputStream:75 - [STDERR_REDIRECT] 
2025-09-18 13:25:40,806 [ERROR] LogOutputStream:75 - [STDERR_REDIRECT] Sep 18, 2025 1:25:40 PM java.util.prefs.FileSystemPreferences syncWorld
2025-09-18 13:25:40,806 [ERROR] LogOutputStream:75 - [STDERR_REDIRECT] WARNING: Couldn't flush system prefs: java.util.prefs.BackingStoreException: Couldn't get file lock.
2025-09-18 13:25:40,806 [ERROR] LogOutputStream:75 - [STDERR_REDIRECT] 
2025-09-18 13:26:10,804 [ERROR] LogOutputStream:75 - [STDERR_REDIRECT] Sep 18, 2025 1:26:10 PM java.util.prefs.FileSystemPreferences checkLockFile0ErrorCode
2025-09-18 13:26:10,804 [ERROR] LogOutputStream:75 - [STDERR_REDIRECT] WARNING: Could not lock System prefs. Unix error code 2.
2025-09-18 13:26:10,804 [ERROR] LogOutputStream:75 - [STDERR_REDIRECT] 
2025-09-18 13:26:10,804 [ERROR] LogOutputStream:75 - [STDERR_REDIRECT] Sep 18, 2025 1:26:10 PM java.util.prefs.FileSystemPreferences syncWorld
2025-09-18 13:26:10,804 [ERROR] LogOutputStream:75 - [STDERR_REDIRECT] WARNING: Couldn't flush system prefs: java.util.prefs.BackingStoreException: Couldn't get file lock.
2025-09-18 13:26:10,804 [ERROR] LogOutputStream:75 - [STDERR_REDIRECT] 
2025-09-18 13:26:40,803 [ERROR] LogOutputStream:75 - [STDERR_REDIRECT] Sep 18, 2025 1:26:40 PM java.util.prefs.FileSystemPreferences checkLockFile0ErrorCode
2025-09-18 13:26:40,803 [ERROR] LogOutputStream:75 - [STDERR_REDIRECT] WARNING: Could not lock System prefs. Unix error code 2.
2025-09-18 13:26:40,803 [ERROR] LogOutputStream:75 - [STDERR_REDIRECT] 
2025-09-18 13:26:40,804 [ERROR] LogOutputStream:75 - [STDERR_REDIRECT] Sep 18, 2025 1:26:40 PM java.util.prefs.FileSystemPreferences syncWorld
2025-09-18 13:26:40,804 [ERROR] LogOutputStream:75 - [STDERR_REDIRECT] WARNING: Couldn't flush system prefs: java.util.prefs.BackingStoreException: Couldn't get file lock.
2025-09-18 13:26:40,804 [ERROR] LogOutputStream:75 - [STDERR_REDIRECT] 
2025-09-18 13:27:10,804 [ERROR] LogOutputStream:75 - [STDERR_REDIRECT] Sep 18, 2025 1:27:10 PM java.util.prefs.FileSystemPreferences checkLockFile0ErrorCode
2025-09-18 13:27:10,804 [ERROR] LogOutputStream:75 - [STDERR_REDIRECT] WARNING: Could not lock System prefs. Unix error code 2.
2025-09-18 13:27:10,804 [ERROR] LogOutputStream:75 - [STDERR_REDIRECT] 
2025-09-18 13:27:10,805 [ERROR] LogOutputStream:75 - [STDERR_REDIRECT] Sep 18, 2025 1:27:10 PM java.util.prefs.FileSystemPreferences syncWorld
2025-09-18 13:27:10,805 [ERROR] LogOutputStream:75 - [STDERR_REDIRECT] WARNING: Couldn't flush system prefs: java.util.prefs.BackingStoreException: Couldn't get file lock.
2025-09-18 13:27:10,805 [ERROR] LogOutputStream:75 - [STDERR_REDIRECT] 
2025-09-18 13:27:40,804 [ERROR] LogOutputStream:75 - [STDERR_REDIRECT] Sep 18, 2025 1:27:40 PM java.util.prefs.FileSystemPreferences checkLockFile0ErrorCode
2025-09-18 13:27:40,804 [ERROR] LogOutputStream:75 - [STDERR_REDIRECT] WARNING: Could not lock System prefs. Unix error code 2.
2025-09-18 13:27:40,804 [ERROR] LogOutputStream:75 - [STDERR_REDIRECT] 
2025-09-18 13:27:40,804 [ERROR] LogOutputStream:75 - [STDERR_REDIRECT] Sep 18, 2025 1:27:40 PM java.util.prefs.FileSystemPreferences syncWorld
2025-09-18 13:27:40,805 [ERROR] LogOutputStream:75 - [STDERR_REDIRECT] WARNING: Couldn't flush system prefs: java.util.prefs.BackingStoreException: Couldn't get file lock.
2025-09-18 13:27:40,805 [ERROR] LogOutputStream:75 - [STDERR_REDIRECT] 
2025-09-18 13:28:10,803 [ERROR] LogOutputStream:75 - [STDERR_REDIRECT] Sep 18, 2025 1:28:10 PM java.util.prefs.FileSystemPreferences checkLockFile0ErrorCode
2025-09-18 13:28:10,804 [ERROR] LogOutputStream:75 - [STDERR_REDIRECT] WARNING: Could not lock System prefs. Unix error code 2.
2025-09-18 13:28:10,804 [ERROR] LogOutputStream:75 - [STDERR_REDIRECT] 
2025-09-18 13:28:10,804 [ERROR] LogOutputStream:75 - [STDERR_REDIRECT] Sep 18, 2025 1:28:10 PM java.util.prefs.FileSystemPreferences syncWorld
2025-09-18 13:28:10,804 [ERROR] LogOutputStream:75 - [STDERR_REDIRECT] WARNING: Couldn't flush system prefs: java.util.prefs.BackingStoreException: Couldn't get file lock.
2025-09-18 13:28:10,804 [ERROR] LogOutputStream:75 - [STDERR_REDIRECT] 
2025-09-18 13:28:40,804 [ERROR] LogOutputStream:75 - [STDERR_REDIRECT] Sep 18, 2025 1:28:40 PM java.util.prefs.FileSystemPreferences checkLockFile0ErrorCode
2025-09-18 13:28:40,804 [ERROR] LogOutputStream:75 - [STDERR_REDIRECT] WARNING: Could not lock System prefs. Unix error code 2.
2025-09-18 13:28:40,804 [ERROR] LogOutputStream:75 - [STDERR_REDIRECT] 
2025-09-18 13:28:40,804 [ERROR] LogOutputStream:75 - [STDERR_REDIRECT] Sep 18, 2025 1:28:40 PM java.util.prefs.FileSystemPreferences syncWorld
2025-09-18 13:28:40,804 [ERROR] LogOutputStream:75 - [STDERR_REDIRECT] WARNING: Couldn't flush system prefs: java.util.prefs.BackingStoreException: Couldn't get file lock.
2025-09-18 13:28:40,804 [ERROR] LogOutputStream:75 - [STDERR_REDIRECT] 
2025-09-18 13:29:10,804 [ERROR] LogOutputStream:75 - [STDERR_REDIRECT] Sep 18, 2025 1:29:10 PM java.util.prefs.FileSystemPreferences checkLockFile0ErrorCode
2025-09-18 13:29:10,804 [ERROR] LogOutputStream:75 - [STDERR_REDIRECT] WARNING: Could not lock System prefs. Unix error code 2.
2025-09-18 13:29:10,804 [ERROR] LogOutputStream:75 - [STDERR_REDIRECT] 
2025-09-18 13:29:10,805 [ERROR] LogOutputStream:75 - [STDERR_REDIRECT] Sep 18, 2025 1:29:10 PM java.util.prefs.FileSystemPreferences syncWorld
2025-09-18 13:29:10,805 [ERROR] LogOutputStream:75 - [STDERR_REDIRECT] WARNING: Couldn't flush system prefs: java.util.prefs.BackingStoreException: Couldn't get file lock.
2025-09-18 13:29:10,805 [ERROR] LogOutputStream:75 - [STDERR_REDIRECT] 
2025-09-18 13:29:40,804 [ERROR] LogOutputStream:75 - [STDERR_REDIRECT] Sep 18, 2025 1:29:40 PM java.util.prefs.FileSystemPreferences checkLockFile0ErrorCode
2025-09-18 13:29:40,805 [ERROR] LogOutputStream:75 - [STDERR_REDIRECT] WARNING: Could not lock System prefs. Unix error code 2.
2025-09-18 13:29:40,805 [ERROR] LogOutputStream:75 - [STDERR_REDIRECT] 
2025-09-18 13:29:40,805 [ERROR] LogOutputStream:75 - [STDERR_REDIRECT] Sep 18, 2025 1:29:40 PM java.util.prefs.FileSystemPreferences syncWorld
2025-09-18 13:29:40,805 [ERROR] LogOutputStream:75 - [STDERR_REDIRECT] WARNING: Couldn't flush system prefs: java.util.prefs.BackingStoreException: Couldn't get file lock.
2025-09-18 13:29:40,805 [ERROR] LogOutputStream:75 - [STDERR_REDIRECT] 
2025-09-18 13:30:10,805 [ERROR] LogOutputStream:75 - [STDERR_REDIRECT] Sep 18, 2025 1:30:10 PM java.util.prefs.FileSystemPreferences checkLockFile0ErrorCode
2025-09-18 13:30:10,805 [ERROR] LogOutputStream:75 - [STDERR_REDIRECT] WARNING: Could not lock System prefs. Unix error code 2.
2025-09-18 13:30:10,805 [ERROR] LogOutputStream:75 - [STDERR_REDIRECT] 
2025-09-18 13:30:10,805 [ERROR] LogOutputStream:75 - [STDERR_REDIRECT] Sep 18, 2025 1:30:10 PM java.util.prefs.FileSystemPreferences syncWorld
2025-09-18 13:30:10,806 [ERROR] LogOutputStream:75 - [STDERR_REDIRECT] WARNING: Couldn't flush system prefs: java.util.prefs.BackingStoreException: Couldn't get file lock.
2025-09-18 13:30:10,806 [ERROR] LogOutputStream:75 - [STDERR_REDIRECT] 
2025-09-18 13:30:40,806 [ERROR] LogOutputStream:75 - [STDERR_REDIRECT] Sep 18, 2025 1:30:40 PM java.util.prefs.FileSystemPreferences checkLockFile0ErrorCode
2025-09-18 13:30:40,807 [ERROR] LogOutputStream:75 - [STDERR_REDIRECT] WARNING: Could not lock System prefs. Unix error code 2.
2025-09-18 13:30:40,807 [ERROR] LogOutputStream:75 - [STDERR_REDIRECT] 
2025-09-18 13:30:40,807 [ERROR] LogOutputStream:75 - [STDERR_REDIRECT] Sep 18, 2025 1:30:40 PM java.util.prefs.FileSystemPreferences syncWorld
2025-09-18 13:30:40,807 [ERROR] LogOutputStream:75 - [STDERR_REDIRECT] WARNING: Couldn't flush system prefs: java.util.prefs.BackingStoreException: Couldn't get file lock.
2025-09-18 13:30:40,807 [ERROR] LogOutputStream:75 - [STDERR_REDIRECT] 
2025-09-18 13:31:10,805 [ERROR] LogOutputStream:75 - [STDERR_REDIRECT] Sep 18, 2025 1:31:10 PM java.util.prefs.FileSystemPreferences checkLockFile0ErrorCode
2025-09-18 13:31:10,805 [ERROR] LogOutputStream:75 - [STDERR_REDIRECT] WARNING: Could not lock System prefs. Unix error code 2.
2025-09-18 13:31:10,805 [ERROR] LogOutputStream:75 - [STDERR_REDIRECT] 
2025-09-18 13:31:10,805 [ERROR] LogOutputStream:75 - [STDERR_REDIRECT] Sep 18, 2025 1:31:10 PM java.util.prefs.FileSystemPreferences syncWorld
2025-09-18 13:31:10,805 [ERROR] LogOutputStream:75 - [STDERR_REDIRECT] WARNING: Couldn't flush system prefs: java.util.prefs.BackingStoreException: Couldn't get file lock.
2025-09-18 13:31:10,806 [ERROR] LogOutputStream:75 - [STDERR_REDIRECT] 
2025-09-18 13:31:40,807 [ERROR] LogOutputStream:75 - [STDERR_REDIRECT] Sep 18, 2025 1:31:40 PM java.util.prefs.FileSystemPreferences checkLockFile0ErrorCode
2025-09-18 13:31:40,807 [ERROR] LogOutputStream:75 - [STDERR_REDIRECT] WARNING: Could not lock System prefs. Unix error code 2.
2025-09-18 13:31:40,807 [ERROR] LogOutputStream:75 - [STDERR_REDIRECT] 
2025-09-18 13:31:40,807 [ERROR] LogOutputStream:75 - [STDERR_REDIRECT] Sep 18, 2025 1:31:40 PM java.util.prefs.FileSystemPreferences syncWorld
2025-09-18 13:31:40,807 [ERROR] LogOutputStream:75 - [STDERR_REDIRECT] WARNING: Couldn't flush system prefs: java.util.prefs.BackingStoreException: Couldn't get file lock.
2025-09-18 13:31:40,807 [ERROR] LogOutputStream:75 - [STDERR_REDIRECT] 
2025-09-18 13:32:10,805 [ERROR] LogOutputStream:75 - [STDERR_REDIRECT] Sep 18, 2025 1:32:10 PM java.util.prefs.FileSystemPreferences checkLockFile0ErrorCode
2025-09-18 13:32:10,805 [ERROR] LogOutputStream:75 - [STDERR_REDIRECT] WARNING: Could not lock System prefs. Unix error code 2.
2025-09-18 13:32:10,806 [ERROR] LogOutputStream:75 - [STDERR_REDIRECT] 
2025-09-18 13:32:10,806 [ERROR] LogOutputStream:75 - [STDERR_REDIRECT] Sep 18, 2025 1:32:10 PM java.util.prefs.FileSystemPreferences syncWorld
2025-09-18 13:32:10,806 [ERROR] LogOutputStream:75 - [STDERR_REDIRECT] WARNING: Couldn't flush system prefs: java.util.prefs.BackingStoreException: Couldn't get file lock.
2025-09-18 13:32:10,806 [ERROR] LogOutputStream:75 - [STDERR_REDIRECT] 
2025-09-18 13:32:40,805 [ERROR] LogOutputStream:75 - [STDERR_REDIRECT] Sep 18, 2025 1:32:40 PM java.util.prefs.FileSystemPreferences checkLockFile0ErrorCode
2025-09-18 13:32:40,806 [ERROR] LogOutputStream:75 - [STDERR_REDIRECT] WARNING: Could not lock System prefs. Unix error code 2.
2025-09-18 13:32:40,806 [ERROR] LogOutputStream:75 - [STDERR_REDIRECT] 
2025-09-18 13:32:40,806 [ERROR] LogOutputStream:75 - [STDERR_REDIRECT] Sep 18, 2025 1:32:40 PM java.util.prefs.FileSystemPreferences syncWorld
2025-09-18 13:32:40,806 [ERROR] LogOutputStream:75 - [STDERR_REDIRECT] WARNING: Couldn't flush system prefs: java.util.prefs.BackingStoreException: Couldn't get file lock.
2025-09-18 13:32:40,806 [ERROR] LogOutputStream:75 - [STDERR_REDIRECT] 
2025-09-18 13:33:10,805 [ERROR] LogOutputStream:75 - [STDERR_REDIRECT] Sep 18, 2025 1:33:10 PM java.util.prefs.FileSystemPreferences checkLockFile0ErrorCode
2025-09-18 13:33:10,805 [ERROR] LogOutputStream:75 - [STDERR_REDIRECT] WARNING: Could not lock System prefs. Unix error code 2.
2025-09-18 13:33:10,805 [ERROR] LogOutputStream:75 - [STDERR_REDIRECT] 
2025-09-18 13:33:10,805 [ERROR] LogOutputStream:75 - [STDERR_REDIRECT] Sep 18, 2025 1:33:10 PM java.util.prefs.FileSystemPreferences syncWorld
2025-09-18 13:33:10,805 [ERROR] LogOutputStream:75 - [STDERR_REDIRECT] WARNING: Couldn't flush system prefs: java.util.prefs.BackingStoreException: Couldn't get file lock.
2025-09-18 13:33:10,806 [ERROR] LogOutputStream:75 - [STDERR_REDIRECT] 
2025-09-18 13:33:40,805 [ERROR] LogOutputStream:75 - [STDERR_REDIRECT] Sep 18, 2025 1:33:40 PM java.util.prefs.FileSystemPreferences checkLockFile0ErrorCode
2025-09-18 13:33:40,805 [ERROR] LogOutputStream:75 - [STDERR_REDIRECT] WARNING: Could not lock System prefs. Unix error code 2.
2025-09-18 13:33:40,806 [ERROR] LogOutputStream:75 - [STDERR_REDIRECT] 
2025-09-18 13:33:40,806 [ERROR] LogOutputStream:75 - [STDERR_REDIRECT] Sep 18, 2025 1:33:40 PM java.util.prefs.FileSystemPreferences syncWorld
2025-09-18 13:33:40,806 [ERROR] LogOutputStream:75 - [STDERR_REDIRECT] WARNING: Couldn't flush system prefs: java.util.prefs.BackingStoreException: Couldn't get file lock.
2025-09-18 13:33:40,806 [ERROR] LogOutputStream:75 - [STDERR_REDIRECT] 
2025-09-18 13:43:00,101 [INFO] WebApp:194 - Connection lost
2025-09-18 13:43:05,119 [INFO] WebApp:191 - Connection restablished
2025-09-18 13:43:06,805 [ERROR] LogOutputStream:75 - [STDERR_REDIRECT] Sep 18, 2025 1:43:06 PM java.util.prefs.FileSystemPreferences checkLockFile0ErrorCode
2025-09-18 13:43:06,805 [ERROR] LogOutputStream:75 - [STDERR_REDIRECT] WARNING: Could not lock System prefs. Unix error code 2.
2025-09-18 13:43:06,805 [ERROR] LogOutputStream:75 - [STDERR_REDIRECT] 
2025-09-18 13:43:06,805 [ERROR] LogOutputStream:75 - [STDERR_REDIRECT] Sep 18, 2025 1:43:06 PM java.util.prefs.FileSystemPreferences syncWorld
2025-09-18 13:43:06,805 [ERROR] LogOutputStream:75 - [STDERR_REDIRECT] WARNING: Couldn't flush system prefs: java.util.prefs.BackingStoreException: Couldn't get file lock.
2025-09-18 13:43:06,806 [ERROR] LogOutputStream:75 - [STDERR_REDIRECT] 
2025-09-18 13:43:07,167 [INFO] WebApp:194 - Connection lost
2025-09-18 13:43:07,422 [INFO] WebApp:191 - Connection restablished
2025-09-18 13:43:36,805 [ERROR] LogOutputStream:75 - [STDERR_REDIRECT] Sep 18, 2025 1:43:36 PM java.util.prefs.FileSystemPreferences checkLockFile0ErrorCode
2025-09-18 13:43:36,805 [ERROR] LogOutputStream:75 - [STDERR_REDIRECT] WARNING: Could not lock System prefs. Unix error code 2.
2025-09-18 13:43:36,805 [ERROR] LogOutputStream:75 - [STDERR_REDIRECT] 
2025-09-18 13:43:36,805 [ERROR] LogOutputStream:75 - [STDERR_REDIRECT] Sep 18, 2025 1:43:36 PM java.util.prefs.FileSystemPreferences syncWorld
2025-09-18 13:43:36,805 [ERROR] LogOutputStream:75 - [STDERR_REDIRECT] WARNING: Couldn't flush system prefs: java.util.prefs.BackingStoreException: Couldn't get file lock.
2025-09-18 13:43:36,805 [ERROR] LogOutputStream:75 - [STDERR_REDIRECT] 
2025-09-18 13:44:06,806 [ERROR] LogOutputStream:75 - [STDERR_REDIRECT] Sep 18, 2025 1:44:06 PM java.util.prefs.FileSystemPreferences checkLockFile0ErrorCode
2025-09-18 13:44:06,806 [ERROR] LogOutputStream:75 - [STDERR_REDIRECT] WARNING: Could not lock System prefs. Unix error code 2.
2025-09-18 13:44:06,806 [ERROR] LogOutputStream:75 - [STDERR_REDIRECT] 
2025-09-18 13:44:06,806 [ERROR] LogOutputStream:75 - [STDERR_REDIRECT] Sep 18, 2025 1:44:06 PM java.util.prefs.FileSystemPreferences syncWorld
2025-09-18 13:44:06,806 [ERROR] LogOutputStream:75 - [STDERR_REDIRECT] WARNING: Couldn't flush system prefs: java.util.prefs.BackingStoreException: Couldn't get file lock.
2025-09-18 13:44:06,806 [ERROR] LogOutputStream:75 - [STDERR_REDIRECT] 
2025-09-18 13:44:36,807 [ERROR] LogOutputStream:75 - [STDERR_REDIRECT] Sep 18, 2025 1:44:36 PM java.util.prefs.FileSystemPreferences checkLockFile0ErrorCode
2025-09-18 13:44:36,807 [ERROR] LogOutputStream:75 - [STDERR_REDIRECT] WARNING: Could not lock System prefs. Unix error code 2.
2025-09-18 13:44:36,807 [ERROR] LogOutputStream:75 - [STDERR_REDIRECT] 
2025-09-18 13:44:36,808 [ERROR] LogOutputStream:75 - [STDERR_REDIRECT] Sep 18, 2025 1:44:36 PM java.util.prefs.FileSystemPreferences syncWorld
2025-09-18 13:44:36,808 [ERROR] LogOutputStream:75 - [STDERR_REDIRECT] WARNING: Couldn't flush system prefs: java.util.prefs.BackingStoreException: Couldn't get file lock.
2025-09-18 13:44:36,808 [ERROR] LogOutputStream:75 - [STDERR_REDIRECT] 
2025-09-18 13:45:06,807 [ERROR] LogOutputStream:75 - [STDERR_REDIRECT] Sep 18, 2025 1:45:06 PM java.util.prefs.FileSystemPreferences checkLockFile0ErrorCode
2025-09-18 13:45:06,807 [ERROR] LogOutputStream:75 - [STDERR_REDIRECT] WARNING: Could not lock System prefs. Unix error code 2.
2025-09-18 13:45:06,807 [ERROR] LogOutputStream:75 - [STDERR_REDIRECT] 
2025-09-18 13:45:06,808 [ERROR] LogOutputStream:75 - [STDERR_REDIRECT] Sep 18, 2025 1:45:06 PM java.util.prefs.FileSystemPreferences syncWorld
2025-09-18 13:45:06,808 [ERROR] LogOutputStream:75 - [STDERR_REDIRECT] WARNING: Couldn't flush system prefs: java.util.prefs.BackingStoreException: Couldn't get file lock.
2025-09-18 13:45:06,808 [ERROR] LogOutputStream:75 - [STDERR_REDIRECT] 
2025-09-18 13:45:36,807 [ERROR] LogOutputStream:75 - [STDERR_REDIRECT] Sep 18, 2025 1:45:36 PM java.util.prefs.FileSystemPreferences checkLockFile0ErrorCode
2025-09-18 13:45:36,807 [ERROR] LogOutputStream:75 - [STDERR_REDIRECT] WARNING: Could not lock System prefs. Unix error code 2.
2025-09-18 13:45:36,807 [ERROR] LogOutputStream:75 - [STDERR_REDIRECT] 
2025-09-18 13:45:36,808 [ERROR] LogOutputStream:75 - [STDERR_REDIRECT] Sep 18, 2025 1:45:36 PM java.util.prefs.FileSystemPreferences syncWorld
2025-09-18 13:45:36,808 [ERROR] LogOutputStream:75 - [STDERR_REDIRECT] WARNING: Couldn't flush system prefs: java.util.prefs.BackingStoreException: Couldn't get file lock.
2025-09-18 13:45:36,808 [ERROR] LogOutputStream:75 - [STDERR_REDIRECT] 
2025-09-18 13:46:06,807 [ERROR] LogOutputStream:75 - [STDERR_REDIRECT] Sep 18, 2025 1:46:06 PM java.util.prefs.FileSystemPreferences checkLockFile0ErrorCode
2025-09-18 13:46:06,807 [ERROR] LogOutputStream:75 - [STDERR_REDIRECT] WARNING: Could not lock System prefs. Unix error code 2.
2025-09-18 13:46:06,807 [ERROR] LogOutputStream:75 - [STDERR_REDIRECT] 
2025-09-18 13:46:06,807 [ERROR] LogOutputStream:75 - [STDERR_REDIRECT] Sep 18, 2025 1:46:06 PM java.util.prefs.FileSystemPreferences syncWorld
2025-09-18 13:46:06,807 [ERROR] LogOutputStream:75 - [STDERR_REDIRECT] WARNING: Couldn't flush system prefs: java.util.prefs.BackingStoreException: Couldn't get file lock.
2025-09-18 13:46:06,807 [ERROR] LogOutputStream:75 - [STDERR_REDIRECT] 
2025-09-18 13:46:36,808 [ERROR] LogOutputStream:75 - [STDERR_REDIRECT] Sep 18, 2025 1:46:36 PM java.util.prefs.FileSystemPreferences checkLockFile0ErrorCode
2025-09-18 13:46:36,808 [ERROR] LogOutputStream:75 - [STDERR_REDIRECT] WARNING: Could not lock System prefs. Unix error code 2.
2025-09-18 13:46:36,808 [ERROR] LogOutputStream:75 - [STDERR_REDIRECT] 
2025-09-18 13:46:36,808 [ERROR] LogOutputStream:75 - [STDERR_REDIRECT] Sep 18, 2025 1:46:36 PM java.util.prefs.FileSystemPreferences syncWorld
2025-09-18 13:46:36,808 [ERROR] LogOutputStream:75 - [STDERR_REDIRECT] WARNING: Couldn't flush system prefs: java.util.prefs.BackingStoreException: Couldn't get file lock.
2025-09-18 13:46:36,808 [ERROR] LogOutputStream:75 - [STDERR_REDIRECT] 
2025-09-18 13:47:06,809 [ERROR] LogOutputStream:75 - [STDERR_REDIRECT] Sep 18, 2025 1:47:06 PM java.util.prefs.FileSystemPreferences checkLockFile0ErrorCode
2025-09-18 13:47:06,809 [ERROR] LogOutputStream:75 - [STDERR_REDIRECT] WARNING: Could not lock System prefs. Unix error code 2.
2025-09-18 13:47:06,809 [ERROR] LogOutputStream:75 - [STDERR_REDIRECT] 
2025-09-18 13:47:06,809 [ERROR] LogOutputStream:75 - [STDERR_REDIRECT] Sep 18, 2025 1:47:06 PM java.util.prefs.FileSystemPreferences syncWorld
2025-09-18 13:47:06,809 [ERROR] LogOutputStream:75 - [STDERR_REDIRECT] WARNING: Couldn't flush system prefs: java.util.prefs.BackingStoreException: Couldn't get file lock.
2025-09-18 13:47:06,809 [ERROR] LogOutputStream:75 - [STDERR_REDIRECT] 
2025-09-18 13:47:36,809 [ERROR] LogOutputStream:75 - [STDERR_REDIRECT] Sep 18, 2025 1:47:36 PM java.util.prefs.FileSystemPreferences checkLockFile0ErrorCode
2025-09-18 13:47:36,809 [ERROR] LogOutputStream:75 - [STDERR_REDIRECT] WARNING: Could not lock System prefs. Unix error code 2.
2025-09-18 13:47:36,810 [ERROR] LogOutputStream:75 - [STDERR_REDIRECT] 
2025-09-18 13:47:36,810 [ERROR] LogOutputStream:75 - [STDERR_REDIRECT] Sep 18, 2025 1:47:36 PM java.util.prefs.FileSystemPreferences syncWorld
2025-09-18 13:47:36,810 [ERROR] LogOutputStream:75 - [STDERR_REDIRECT] WARNING: Couldn't flush system prefs: java.util.prefs.BackingStoreException: Couldn't get file lock.
2025-09-18 13:47:36,810 [ERROR] LogOutputStream:75 - [STDERR_REDIRECT] 
2025-09-18 13:48:06,810 [ERROR] LogOutputStream:75 - [STDERR_REDIRECT] Sep 18, 2025 1:48:06 PM java.util.prefs.FileSystemPreferences checkLockFile0ErrorCode
2025-09-18 13:48:06,811 [ERROR] LogOutputStream:75 - [STDERR_REDIRECT] WARNING: Could not lock System prefs. Unix error code 2.
2025-09-18 13:48:06,811 [ERROR] LogOutputStream:75 - [STDERR_REDIRECT] 
2025-09-18 13:48:06,811 [ERROR] LogOutputStream:75 - [STDERR_REDIRECT] Sep 18, 2025 1:48:06 PM java.util.prefs.FileSystemPreferences syncWorld
2025-09-18 13:48:06,811 [ERROR] LogOutputStream:75 - [STDERR_REDIRECT] WARNING: Couldn't flush system prefs: java.util.prefs.BackingStoreException: Couldn't get file lock.
2025-09-18 13:48:06,811 [ERROR] LogOutputStream:75 - [STDERR_REDIRECT] 
2025-09-18 13:48:36,809 [ERROR] LogOutputStream:75 - [STDERR_REDIRECT] Sep 18, 2025 1:48:36 PM java.util.prefs.FileSystemPreferences checkLockFile0ErrorCode
2025-09-18 13:48:36,809 [ERROR] LogOutputStream:75 - [STDERR_REDIRECT] WARNING: Could not lock System prefs. Unix error code 2.
2025-09-18 13:48:36,810 [ERROR] LogOutputStream:75 - [STDERR_REDIRECT] 
2025-09-18 13:48:36,810 [ERROR] LogOutputStream:75 - [STDERR_REDIRECT] Sep 18, 2025 1:48:36 PM java.util.prefs.FileSystemPreferences syncWorld
2025-09-18 13:48:36,810 [ERROR] LogOutputStream:75 - [STDERR_REDIRECT] WARNING: Couldn't flush system prefs: java.util.prefs.BackingStoreException: Couldn't get file lock.
2025-09-18 13:48:36,810 [ERROR] LogOutputStream:75 - [STDERR_REDIRECT] 
2025-09-18 13:49:06,810 [ERROR] LogOutputStream:75 - [STDERR_REDIRECT] Sep 18, 2025 1:49:06 PM java.util.prefs.FileSystemPreferences checkLockFile0ErrorCode
2025-09-18 13:49:06,810 [ERROR] LogOutputStream:75 - [STDERR_REDIRECT] WARNING: Could not lock System prefs. Unix error code 2.
2025-09-18 13:49:06,810 [ERROR] LogOutputStream:75 - [STDERR_REDIRECT] 
2025-09-18 13:49:06,810 [ERROR] LogOutputStream:75 - [STDERR_REDIRECT] Sep 18, 2025 1:49:06 PM java.util.prefs.FileSystemPreferences syncWorld
2025-09-18 13:49:06,810 [ERROR] LogOutputStream:75 - [STDERR_REDIRECT] WARNING: Couldn't flush system prefs: java.util.prefs.BackingStoreException: Couldn't get file lock.
2025-09-18 13:49:06,810 [ERROR] LogOutputStream:75 - [STDERR_REDIRECT] 
2025-09-18 13:49:36,810 [ERROR] LogOutputStream:75 - [STDERR_REDIRECT] Sep 18, 2025 1:49:36 PM java.util.prefs.FileSystemPreferences checkLockFile0ErrorCode
2025-09-18 13:49:36,810 [ERROR] LogOutputStream:75 - [STDERR_REDIRECT] WARNING: Could not lock System prefs. Unix error code 2.
2025-09-18 13:49:36,810 [ERROR] LogOutputStream:75 - [STDERR_REDIRECT] 
2025-09-18 13:49:36,810 [ERROR] LogOutputStream:75 - [STDERR_REDIRECT] Sep 18, 2025 1:49:36 PM java.util.prefs.FileSystemPreferences syncWorld
2025-09-18 13:49:36,810 [ERROR] LogOutputStream:75 - [STDERR_REDIRECT] WARNING: Couldn't flush system prefs: java.util.prefs.BackingStoreException: Couldn't get file lock.
2025-09-18 13:49:36,810 [ERROR] LogOutputStream:75 - [STDERR_REDIRECT] 
2025-09-18 13:50:06,809 [ERROR] LogOutputStream:75 - [STDERR_REDIRECT] Sep 18, 2025 1:50:06 PM java.util.prefs.FileSystemPreferences checkLockFile0ErrorCode
2025-09-18 13:50:06,809 [ERROR] LogOutputStream:75 - [STDERR_REDIRECT] WARNING: Could not lock System prefs. Unix error code 2.
2025-09-18 13:50:06,810 [ERROR] LogOutputStream:75 - [STDERR_REDIRECT] 
2025-09-18 13:50:06,810 [ERROR] LogOutputStream:75 - [STDERR_REDIRECT] Sep 18, 2025 1:50:06 PM java.util.prefs.FileSystemPreferences syncWorld
2025-09-18 13:50:06,810 [ERROR] LogOutputStream:75 - [STDERR_REDIRECT] WARNING: Couldn't flush system prefs: java.util.prefs.BackingStoreException: Couldn't get file lock.
2025-09-18 13:50:06,810 [ERROR] LogOutputStream:75 - [STDERR_REDIRECT] 
2025-09-18 13:50:36,809 [ERROR] LogOutputStream:75 - [STDERR_REDIRECT] Sep 18, 2025 1:50:36 PM java.util.prefs.FileSystemPreferences checkLockFile0ErrorCode
2025-09-18 13:50:36,809 [ERROR] LogOutputStream:75 - [STDERR_REDIRECT] WARNING: Could not lock System prefs. Unix error code 2.
2025-09-18 13:50:36,810 [ERROR] LogOutputStream:75 - [STDERR_REDIRECT] 
2025-09-18 13:50:36,810 [ERROR] LogOutputStream:75 - [STDERR_REDIRECT] Sep 18, 2025 1:50:36 PM java.util.prefs.FileSystemPreferences syncWorld
2025-09-18 13:50:36,810 [ERROR] LogOutputStream:75 - [STDERR_REDIRECT] WARNING: Couldn't flush system prefs: java.util.prefs.BackingStoreException: Couldn't get file lock.
2025-09-18 13:50:36,810 [ERROR] LogOutputStream:75 - [STDERR_REDIRECT] 
2025-09-18 13:51:06,810 [ERROR] LogOutputStream:75 - [STDERR_REDIRECT] Sep 18, 2025 1:51:06 PM java.util.prefs.FileSystemPreferences checkLockFile0ErrorCode
2025-09-18 13:51:06,810 [ERROR] LogOutputStream:75 - [STDERR_REDIRECT] WARNING: Could not lock System prefs. Unix error code 2.
2025-09-18 13:51:06,810 [ERROR] LogOutputStream:75 - [STDERR_REDIRECT] 
2025-09-18 13:51:06,810 [ERROR] LogOutputStream:75 - [STDERR_REDIRECT] Sep 18, 2025 1:51:06 PM java.util.prefs.FileSystemPreferences syncWorld
2025-09-18 13:51:06,810 [ERROR] LogOutputStream:75 - [STDERR_REDIRECT] WARNING: Couldn't flush system prefs: java.util.prefs.BackingStoreException: Couldn't get file lock.
2025-09-18 13:51:06,810 [ERROR] LogOutputStream:75 - [STDERR_REDIRECT] 
2025-09-18 13:51:36,812 [ERROR] LogOutputStream:75 - [STDERR_REDIRECT] Sep 18, 2025 1:51:36 PM java.util.prefs.FileSystemPreferences checkLockFile0ErrorCode
2025-09-18 13:51:36,812 [ERROR] LogOutputStream:75 - [STDERR_REDIRECT] WARNING: Could not lock System prefs. Unix error code 2.
2025-09-18 13:51:36,812 [ERROR] LogOutputStream:75 - [STDERR_REDIRECT] 
2025-09-18 13:51:36,812 [ERROR] LogOutputStream:75 - [STDERR_REDIRECT] Sep 18, 2025 1:51:36 PM java.util.prefs.FileSystemPreferences syncWorld
2025-09-18 13:51:36,812 [ERROR] LogOutputStream:75 - [STDERR_REDIRECT] WARNING: Couldn't flush system prefs: java.util.prefs.BackingStoreException: Couldn't get file lock.
2025-09-18 13:51:36,812 [ERROR] LogOutputStream:75 - [STDERR_REDIRECT] 
2025-09-18 13:52:06,812 [ERROR] LogOutputStream:75 - [STDERR_REDIRECT] Sep 18, 2025 1:52:06 PM java.util.prefs.FileSystemPreferences checkLockFile0ErrorCode
2025-09-18 13:52:06,812 [ERROR] LogOutputStream:75 - [STDERR_REDIRECT] WARNING: Could not lock System prefs. Unix error code 2.
2025-09-18 13:52:06,812 [ERROR] LogOutputStream:75 - [STDERR_REDIRECT] 
2025-09-18 13:52:06,812 [ERROR] LogOutputStream:75 - [STDERR_REDIRECT] Sep 18, 2025 1:52:06 PM java.util.prefs.FileSystemPreferences syncWorld
2025-09-18 13:52:06,812 [ERROR] LogOutputStream:75 - [STDERR_REDIRECT] WARNING: Couldn't flush system prefs: java.util.prefs.BackingStoreException: Couldn't get file lock.
2025-09-18 13:52:06,812 [ERROR] LogOutputStream:75 - [STDERR_REDIRECT] 
2025-09-18 13:52:36,810 [ERROR] LogOutputStream:75 - [STDERR_REDIRECT] Sep 18, 2025 1:52:36 PM java.util.prefs.FileSystemPreferences checkLockFile0ErrorCode
2025-09-18 13:52:36,810 [ERROR] LogOutputStream:75 - [STDERR_REDIRECT] WARNING: Could not lock System prefs. Unix error code 2.
2025-09-18 13:52:36,810 [ERROR] LogOutputStream:75 - [STDERR_REDIRECT] 
2025-09-18 13:52:36,810 [ERROR] LogOutputStream:75 - [STDERR_REDIRECT] Sep 18, 2025 1:52:36 PM java.util.prefs.FileSystemPreferences syncWorld
2025-09-18 13:52:36,810 [ERROR] LogOutputStream:75 - [STDERR_REDIRECT] WARNING: Couldn't flush system prefs: java.util.prefs.BackingStoreException: Couldn't get file lock.
2025-09-18 13:52:36,810 [ERROR] LogOutputStream:75 - [STDERR_REDIRECT] 
2025-09-18 13:53:06,809 [ERROR] LogOutputStream:75 - [STDERR_REDIRECT] Sep 18, 2025 1:53:06 PM java.util.prefs.FileSystemPreferences checkLockFile0ErrorCode
2025-09-18 13:53:06,809 [ERROR] LogOutputStream:75 - [STDERR_REDIRECT] WARNING: Could not lock System prefs. Unix error code 2.
2025-09-18 13:53:06,809 [ERROR] LogOutputStream:75 - [STDERR_REDIRECT] 
2025-09-18 13:53:06,809 [ERROR] LogOutputStream:75 - [STDERR_REDIRECT] Sep 18, 2025 1:53:06 PM java.util.prefs.FileSystemPreferences syncWorld
2025-09-18 13:53:06,810 [ERROR] LogOutputStream:75 - [STDERR_REDIRECT] WARNING: Couldn't flush system prefs: java.util.prefs.BackingStoreException: Couldn't get file lock.
2025-09-18 13:53:06,810 [ERROR] LogOutputStream:75 - [STDERR_REDIRECT] 
2025-09-18 13:53:36,811 [ERROR] LogOutputStream:75 - [STDERR_REDIRECT] Sep 18, 2025 1:53:36 PM java.util.prefs.FileSystemPreferences checkLockFile0ErrorCode
2025-09-18 13:53:36,811 [ERROR] LogOutputStream:75 - [STDERR_REDIRECT] WARNING: Could not lock System prefs. Unix error code 2.
2025-09-18 13:53:36,811 [ERROR] LogOutputStream:75 - [STDERR_REDIRECT] 
2025-09-18 13:53:36,811 [ERROR] LogOutputStream:75 - [STDERR_REDIRECT] Sep 18, 2025 1:53:36 PM java.util.prefs.FileSystemPreferences syncWorld
2025-09-18 13:53:36,811 [ERROR] LogOutputStream:75 - [STDERR_REDIRECT] WARNING: Couldn't flush system prefs: java.util.prefs.BackingStoreException: Couldn't get file lock.
2025-09-18 13:53:36,811 [ERROR] LogOutputStream:75 - [STDERR_REDIRECT] 
2025-09-18 13:54:06,811 [ERROR] LogOutputStream:75 - [STDERR_REDIRECT] Sep 18, 2025 1:54:06 PM java.util.prefs.FileSystemPreferences checkLockFile0ErrorCode
2025-09-18 13:54:06,812 [ERROR] LogOutputStream:75 - [STDERR_REDIRECT] WARNING: Could not lock System prefs. Unix error code 2.
2025-09-18 13:54:06,812 [ERROR] LogOutputStream:75 - [STDERR_REDIRECT] 
2025-09-18 13:54:06,812 [ERROR] LogOutputStream:75 - [STDERR_REDIRECT] Sep 18, 2025 1:54:06 PM java.util.prefs.FileSystemPreferences syncWorld
2025-09-18 13:54:06,812 [ERROR] LogOutputStream:75 - [STDERR_REDIRECT] WARNING: Couldn't flush system prefs: java.util.prefs.BackingStoreException: Couldn't get file lock.
2025-09-18 13:54:06,812 [ERROR] LogOutputStream:75 - [STDERR_REDIRECT] 
2025-09-18 13:54:36,809 [ERROR] LogOutputStream:75 - [STDERR_REDIRECT] Sep 18, 2025 1:54:36 PM java.util.prefs.FileSystemPreferences checkLockFile0ErrorCode
2025-09-18 13:54:36,809 [ERROR] LogOutputStream:75 - [STDERR_REDIRECT] WARNING: Could not lock System prefs. Unix error code 2.
2025-09-18 13:54:36,810 [ERROR] LogOutputStream:75 - [STDERR_REDIRECT] 
2025-09-18 13:54:36,810 [ERROR] LogOutputStream:75 - [STDERR_REDIRECT] Sep 18, 2025 1:54:36 PM java.util.prefs.FileSystemPreferences syncWorld
2025-09-18 13:54:36,810 [ERROR] LogOutputStream:75 - [STDERR_REDIRECT] WARNING: Couldn't flush system prefs: java.util.prefs.BackingStoreException: Couldn't get file lock.
2025-09-18 13:54:36,810 [ERROR] LogOutputStream:75 - [STDERR_REDIRECT] 
2025-09-18 13:55:06,809 [ERROR] LogOutputStream:75 - [STDERR_REDIRECT] Sep 18, 2025 1:55:06 PM java.util.prefs.FileSystemPreferences checkLockFile0ErrorCode
2025-09-18 13:55:06,809 [ERROR] LogOutputStream:75 - [STDERR_REDIRECT] WARNING: Could not lock System prefs. Unix error code 2.
2025-09-18 13:55:06,809 [ERROR] LogOutputStream:75 - [STDERR_REDIRECT] 
2025-09-18 13:55:06,809 [ERROR] LogOutputStream:75 - [STDERR_REDIRECT] Sep 18, 2025 1:55:06 PM java.util.prefs.FileSystemPreferences syncWorld
2025-09-18 13:55:06,809 [ERROR] LogOutputStream:75 - [STDERR_REDIRECT] WARNING: Couldn't flush system prefs: java.util.prefs.BackingStoreException: Couldn't get file lock.
2025-09-18 13:55:06,809 [ERROR] LogOutputStream:75 - [STDERR_REDIRECT] 
2025-09-18 13:55:36,810 [ERROR] LogOutputStream:75 - [STDERR_REDIRECT] Sep 18, 2025 1:55:36 PM java.util.prefs.FileSystemPreferences checkLockFile0ErrorCode
2025-09-18 13:55:36,810 [ERROR] LogOutputStream:75 - [STDERR_REDIRECT] WARNING: Could not lock System prefs. Unix error code 2.
2025-09-18 13:55:36,810 [ERROR] LogOutputStream:75 - [STDERR_REDIRECT] 
2025-09-18 13:55:36,810 [ERROR] LogOutputStream:75 - [STDERR_REDIRECT] Sep 18, 2025 1:55:36 PM java.util.prefs.FileSystemPreferences syncWorld
2025-09-18 13:55:36,810 [ERROR] LogOutputStream:75 - [STDERR_REDIRECT] WARNING: Couldn't flush system prefs: java.util.prefs.BackingStoreException: Couldn't get file lock.
2025-09-18 13:55:36,810 [ERROR] LogOutputStream:75 - [STDERR_REDIRECT] 
2025-09-18 13:56:06,811 [ERROR] LogOutputStream:75 - [STDERR_REDIRECT] Sep 18, 2025 1:56:06 PM java.util.prefs.FileSystemPreferences checkLockFile0ErrorCode
2025-09-18 13:56:06,811 [ERROR] LogOutputStream:75 - [STDERR_REDIRECT] WARNING: Could not lock System prefs. Unix error code 2.
2025-09-18 13:56:06,811 [ERROR] LogOutputStream:75 - [STDERR_REDIRECT] 
2025-09-18 13:56:06,811 [ERROR] LogOutputStream:75 - [STDERR_REDIRECT] Sep 18, 2025 1:56:06 PM java.util.prefs.FileSystemPreferences syncWorld
2025-09-18 13:56:06,812 [ERROR] LogOutputStream:75 - [STDERR_REDIRECT] WARNING: Couldn't flush system prefs: java.util.prefs.BackingStoreException: Couldn't get file lock.
2025-09-18 13:56:06,812 [ERROR] LogOutputStream:75 - [STDERR_REDIRECT] 
2025-09-18 13:56:36,810 [ERROR] LogOutputStream:75 - [STDERR_REDIRECT] Sep 18, 2025 1:56:36 PM java.util.prefs.FileSystemPreferences checkLockFile0ErrorCode
2025-09-18 13:56:36,810 [ERROR] LogOutputStream:75 - [STDERR_REDIRECT] WARNING: Could not lock System prefs. Unix error code 2.
2025-09-18 13:56:36,810 [ERROR] LogOutputStream:75 - [STDERR_REDIRECT] 
2025-09-18 13:56:36,810 [ERROR] LogOutputStream:75 - [STDERR_REDIRECT] Sep 18, 2025 1:56:36 PM java.util.prefs.FileSystemPreferences syncWorld
2025-09-18 13:56:36,810 [ERROR] LogOutputStream:75 - [STDERR_REDIRECT] WARNING: Couldn't flush system prefs: java.util.prefs.BackingStoreException: Couldn't get file lock.
2025-09-18 13:56:36,810 [ERROR] LogOutputStream:75 - [STDERR_REDIRECT] 
2025-09-18 13:57:06,810 [ERROR] LogOutputStream:75 - [STDERR_REDIRECT] Sep 18, 2025 1:57:06 PM java.util.prefs.FileSystemPreferences checkLockFile0ErrorCode
2025-09-18 13:57:06,811 [ERROR] LogOutputStream:75 - [STDERR_REDIRECT] WARNING: Could not lock System prefs. Unix error code 2.
2025-09-18 13:57:06,811 [ERROR] LogOutputStream:75 - [STDERR_REDIRECT] 
2025-09-18 13:57:06,811 [ERROR] LogOutputStream:75 - [STDERR_REDIRECT] Sep 18, 2025 1:57:06 PM java.util.prefs.FileSystemPreferences syncWorld
2025-09-18 13:57:06,811 [ERROR] LogOutputStream:75 - [STDERR_REDIRECT] WARNING: Couldn't flush system prefs: java.util.prefs.BackingStoreException: Couldn't get file lock.
2025-09-18 13:57:06,811 [ERROR] LogOutputStream:75 - [STDERR_REDIRECT] 
2025-09-18 13:57:36,810 [ERROR] LogOutputStream:75 - [STDERR_REDIRECT] Sep 18, 2025 1:57:36 PM java.util.prefs.FileSystemPreferences checkLockFile0ErrorCode
2025-09-18 13:57:36,810 [ERROR] LogOutputStream:75 - [STDERR_REDIRECT] WARNING: Could not lock System prefs. Unix error code 2.
2025-09-18 13:57:36,810 [ERROR] LogOutputStream:75 - [STDERR_REDIRECT] 
2025-09-18 13:57:36,810 [ERROR] LogOutputStream:75 - [STDERR_REDIRECT] Sep 18, 2025 1:57:36 PM java.util.prefs.FileSystemPreferences syncWorld
2025-09-18 13:57:36,810 [ERROR] LogOutputStream:75 - [STDERR_REDIRECT] WARNING: Couldn't flush system prefs: java.util.prefs.BackingStoreException: Couldn't get file lock.
2025-09-18 13:57:36,811 [ERROR] LogOutputStream:75 - [STDERR_REDIRECT] 
2025-09-18 13:58:06,810 [ERROR] LogOutputStream:75 - [STDERR_REDIRECT] Sep 18, 2025 1:58:06 PM java.util.prefs.FileSystemPreferences checkLockFile0ErrorCode
2025-09-18 13:58:06,810 [ERROR] LogOutputStream:75 - [STDERR_REDIRECT] WARNING: Could not lock System prefs. Unix error code 2.
2025-09-18 13:58:06,810 [ERROR] LogOutputStream:75 - [STDERR_REDIRECT] 
2025-09-18 13:58:06,810 [ERROR] LogOutputStream:75 - [STDERR_REDIRECT] Sep 18, 2025 1:58:06 PM java.util.prefs.FileSystemPreferences syncWorld
2025-09-18 13:58:06,810 [ERROR] LogOutputStream:75 - [STDERR_REDIRECT] WARNING: Couldn't flush system prefs: java.util.prefs.BackingStoreException: Couldn't get file lock.
2025-09-18 13:58:06,810 [ERROR] LogOutputStream:75 - [STDERR_REDIRECT] 
2025-09-18 13:58:36,810 [ERROR] LogOutputStream:75 - [STDERR_REDIRECT] Sep 18, 2025 1:58:36 PM java.util.prefs.FileSystemPreferences checkLockFile0ErrorCode
2025-09-18 13:58:36,811 [ERROR] LogOutputStream:75 - [STDERR_REDIRECT] WARNING: Could not lock System prefs. Unix error code 2.
2025-09-18 13:58:36,811 [ERROR] LogOutputStream:75 - [STDERR_REDIRECT] 
2025-09-18 13:58:36,811 [ERROR] LogOutputStream:75 - [STDERR_REDIRECT] Sep 18, 2025 1:58:36 PM java.util.prefs.FileSystemPreferences syncWorld
2025-09-18 13:58:36,811 [ERROR] LogOutputStream:75 - [STDERR_REDIRECT] WARNING: Couldn't flush system prefs: java.util.prefs.BackingStoreException: Couldn't get file lock.
2025-09-18 13:58:36,811 [ERROR] LogOutputStream:75 - [STDERR_REDIRECT] 
2025-09-18 13:59:06,810 [ERROR] LogOutputStream:75 - [STDERR_REDIRECT] Sep 18, 2025 1:59:06 PM java.util.prefs.FileSystemPreferences checkLockFile0ErrorCode
2025-09-18 13:59:06,810 [ERROR] LogOutputStream:75 - [STDERR_REDIRECT] WARNING: Could not lock System prefs. Unix error code 2.
2025-09-18 13:59:06,810 [ERROR] LogOutputStream:75 - [STDERR_REDIRECT] 
2025-09-18 13:59:06,810 [ERROR] LogOutputStream:75 - [STDERR_REDIRECT] Sep 18, 2025 1:59:06 PM java.util.prefs.FileSystemPreferences syncWorld
2025-09-18 13:59:06,811 [ERROR] LogOutputStream:75 - [STDERR_REDIRECT] WARNING: Couldn't flush system prefs: java.util.prefs.BackingStoreException: Couldn't get file lock.
2025-09-18 13:59:06,811 [ERROR] LogOutputStream:75 - [STDERR_REDIRECT] 
2025-09-18 13:59:36,810 [ERROR] LogOutputStream:75 - [STDERR_REDIRECT] Sep 18, 2025 1:59:36 PM java.util.prefs.FileSystemPreferences checkLockFile0ErrorCode
2025-09-18 13:59:36,810 [ERROR] LogOutputStream:75 - [STDERR_REDIRECT] WARNING: Could not lock System prefs. Unix error code 2.
2025-09-18 13:59:36,811 [ERROR] LogOutputStream:75 - [STDERR_REDIRECT] 
2025-09-18 13:59:36,811 [ERROR] LogOutputStream:75 - [STDERR_REDIRECT] Sep 18, 2025 1:59:36 PM java.util.prefs.FileSystemPreferences syncWorld
2025-09-18 13:59:36,811 [ERROR] LogOutputStream:75 - [STDERR_REDIRECT] WARNING: Couldn't flush system prefs: java.util.prefs.BackingStoreException: Couldn't get file lock.
2025-09-18 13:59:36,811 [ERROR] LogOutputStream:75 - [STDERR_REDIRECT] 
2025-09-18 14:00:06,810 [ERROR] LogOutputStream:75 - [STDERR_REDIRECT] Sep 18, 2025 2:00:06 PM java.util.prefs.FileSystemPreferences checkLockFile0ErrorCode
2025-09-18 14:00:06,810 [ERROR] LogOutputStream:75 - [STDERR_REDIRECT] WARNING: Could not lock System prefs. Unix error code 2.
2025-09-18 14:00:06,810 [ERROR] LogOutputStream:75 - [STDERR_REDIRECT] 
2025-09-18 14:00:06,810 [ERROR] LogOutputStream:75 - [STDERR_REDIRECT] Sep 18, 2025 2:00:06 PM java.util.prefs.FileSystemPreferences syncWorld
2025-09-18 14:00:06,810 [ERROR] LogOutputStream:75 - [STDERR_REDIRECT] WARNING: Couldn't flush system prefs: java.util.prefs.BackingStoreException: Couldn't get file lock.
2025-09-18 14:00:06,810 [ERROR] LogOutputStream:75 - [STDERR_REDIRECT] 
2025-09-18 14:00:36,812 [ERROR] LogOutputStream:75 - [STDERR_REDIRECT] Sep 18, 2025 2:00:36 PM java.util.prefs.FileSystemPreferences checkLockFile0ErrorCode
2025-09-18 14:00:36,812 [ERROR] LogOutputStream:75 - [STDERR_REDIRECT] WARNING: Could not lock System prefs. Unix error code 2.
2025-09-18 14:00:36,812 [ERROR] LogOutputStream:75 - [STDERR_REDIRECT] 
2025-09-18 14:00:36,812 [ERROR] LogOutputStream:75 - [STDERR_REDIRECT] Sep 18, 2025 2:00:36 PM java.util.prefs.FileSystemPreferences syncWorld
2025-09-18 14:00:36,821 [ERROR] LogOutputStream:75 - [STDERR_REDIRECT] WARNING: Couldn't flush system prefs: java.util.prefs.BackingStoreException: Couldn't get file lock.
2025-09-18 14:00:36,821 [ERROR] LogOutputStream:75 - [STDERR_REDIRECT] 
2025-09-18 14:01:06,813 [ERROR] LogOutputStream:75 - [STDERR_REDIRECT] Sep 18, 2025 2:01:06 PM java.util.prefs.FileSystemPreferences checkLockFile0ErrorCode
2025-09-18 14:01:06,813 [ERROR] LogOutputStream:75 - [STDERR_REDIRECT] WARNING: Could not lock System prefs. Unix error code 2.
2025-09-18 14:01:06,813 [ERROR] LogOutputStream:75 - [STDERR_REDIRECT] 
2025-09-18 14:01:06,813 [ERROR] LogOutputStream:75 - [STDERR_REDIRECT] Sep 18, 2025 2:01:06 PM java.util.prefs.FileSystemPreferences syncWorld
2025-09-18 14:01:06,813 [ERROR] LogOutputStream:75 - [STDERR_REDIRECT] WARNING: Couldn't flush system prefs: java.util.prefs.BackingStoreException: Couldn't get file lock.
2025-09-18 14:01:06,813 [ERROR] LogOutputStream:75 - [STDERR_REDIRECT] 
2025-09-18 14:01:36,811 [ERROR] LogOutputStream:75 - [STDERR_REDIRECT] Sep 18, 2025 2:01:36 PM java.util.prefs.FileSystemPreferences checkLockFile0ErrorCode
2025-09-18 14:01:36,811 [ERROR] LogOutputStream:75 - [STDERR_REDIRECT] WARNING: Could not lock System prefs. Unix error code 2.
2025-09-18 14:01:36,811 [ERROR] LogOutputStream:75 - [STDERR_REDIRECT] 
2025-09-18 14:01:36,811 [ERROR] LogOutputStream:75 - [STDERR_REDIRECT] Sep 18, 2025 2:01:36 PM java.util.prefs.FileSystemPreferences syncWorld
2025-09-18 14:01:36,811 [ERROR] LogOutputStream:75 - [STDERR_REDIRECT] WARNING: Couldn't flush system prefs: java.util.prefs.BackingStoreException: Couldn't get file lock.
2025-09-18 14:01:36,811 [ERROR] LogOutputStream:75 - [STDERR_REDIRECT] 
2025-09-18 14:02:06,812 [ERROR] LogOutputStream:75 - [STDERR_REDIRECT] Sep 18, 2025 2:02:06 PM java.util.prefs.FileSystemPreferences checkLockFile0ErrorCode
2025-09-18 14:02:06,812 [ERROR] LogOutputStream:75 - [STDERR_REDIRECT] WARNING: Could not lock System prefs. Unix error code 2.
2025-09-18 14:02:06,812 [ERROR] LogOutputStream:75 - [STDERR_REDIRECT] 
2025-09-18 14:02:06,812 [ERROR] LogOutputStream:75 - [STDERR_REDIRECT] Sep 18, 2025 2:02:06 PM java.util.prefs.FileSystemPreferences syncWorld
2025-09-18 14:02:06,812 [ERROR] LogOutputStream:75 - [STDERR_REDIRECT] WARNING: Couldn't flush system prefs: java.util.prefs.BackingStoreException: Couldn't get file lock.
2025-09-18 14:02:06,812 [ERROR] LogOutputStream:75 - [STDERR_REDIRECT] 
2025-09-18 14:02:36,814 [ERROR] LogOutputStream:75 - [STDERR_REDIRECT] Sep 18, 2025 2:02:36 PM java.util.prefs.FileSystemPreferences checkLockFile0ErrorCode
2025-09-18 14:02:36,815 [ERROR] LogOutputStream:75 - [STDERR_REDIRECT] WARNING: Could not lock System prefs. Unix error code 2.
2025-09-18 14:02:36,815 [ERROR] LogOutputStream:75 - [STDERR_REDIRECT] 
2025-09-18 14:02:36,815 [ERROR] LogOutputStream:75 - [STDERR_REDIRECT] Sep 18, 2025 2:02:36 PM java.util.prefs.FileSystemPreferences syncWorld
2025-09-18 14:02:36,815 [ERROR] LogOutputStream:75 - [STDERR_REDIRECT] WARNING: Couldn't flush system prefs: java.util.prefs.BackingStoreException: Couldn't get file lock.
2025-09-18 14:02:36,815 [ERROR] LogOutputStream:75 - [STDERR_REDIRECT] 
2025-09-18 14:03:06,813 [ERROR] LogOutputStream:75 - [STDERR_REDIRECT] Sep 18, 2025 2:03:06 PM java.util.prefs.FileSystemPreferences checkLockFile0ErrorCode
2025-09-18 14:03:06,813 [ERROR] LogOutputStream:75 - [STDERR_REDIRECT] WARNING: Could not lock System prefs. Unix error code 2.
2025-09-18 14:03:06,813 [ERROR] LogOutputStream:75 - [STDERR_REDIRECT] 
2025-09-18 14:03:06,814 [ERROR] LogOutputStream:75 - [STDERR_REDIRECT] Sep 18, 2025 2:03:06 PM java.util.prefs.FileSystemPreferences syncWorld
2025-09-18 14:03:06,814 [ERROR] LogOutputStream:75 - [STDERR_REDIRECT] WARNING: Couldn't flush system prefs: java.util.prefs.BackingStoreException: Couldn't get file lock.
2025-09-18 14:03:06,814 [ERROR] LogOutputStream:75 - [STDERR_REDIRECT] 
2025-09-18 14:03:36,811 [ERROR] LogOutputStream:75 - [STDERR_REDIRECT] Sep 18, 2025 2:03:36 PM java.util.prefs.FileSystemPreferences checkLockFile0ErrorCode
2025-09-18 14:03:36,811 [ERROR] LogOutputStream:75 - [STDERR_REDIRECT] WARNING: Could not lock System prefs. Unix error code 2.
2025-09-18 14:03:36,811 [ERROR] LogOutputStream:75 - [STDERR_REDIRECT] 
2025-09-18 14:03:36,811 [ERROR] LogOutputStream:75 - [STDERR_REDIRECT] Sep 18, 2025 2:03:36 PM java.util.prefs.FileSystemPreferences syncWorld
2025-09-18 14:03:36,811 [ERROR] LogOutputStream:75 - [STDERR_REDIRECT] WARNING: Couldn't flush system prefs: java.util.prefs.BackingStoreException: Couldn't get file lock.
2025-09-18 14:03:36,811 [ERROR] LogOutputStream:75 - [STDERR_REDIRECT] 
2025-09-18 14:04:06,811 [ERROR] LogOutputStream:75 - [STDERR_REDIRECT] Sep 18, 2025 2:04:06 PM java.util.prefs.FileSystemPreferences checkLockFile0ErrorCode
2025-09-18 14:04:06,811 [ERROR] LogOutputStream:75 - [STDERR_REDIRECT] WARNING: Could not lock System prefs. Unix error code 2.
2025-09-18 14:04:06,811 [ERROR] LogOutputStream:75 - [STDERR_REDIRECT] 
2025-09-18 14:04:06,811 [ERROR] LogOutputStream:75 - [STDERR_REDIRECT] Sep 18, 2025 2:04:06 PM java.util.prefs.FileSystemPreferences syncWorld
2025-09-18 14:04:06,811 [ERROR] LogOutputStream:75 - [STDERR_REDIRECT] WARNING: Couldn't flush system prefs: java.util.prefs.BackingStoreException: Couldn't get file lock.
2025-09-18 14:04:06,811 [ERROR] LogOutputStream:75 - [STDERR_REDIRECT] 
2025-09-18 14:04:36,812 [ERROR] LogOutputStream:75 - [STDERR_REDIRECT] Sep 18, 2025 2:04:36 PM java.util.prefs.FileSystemPreferences checkLockFile0ErrorCode
2025-09-18 14:04:36,812 [ERROR] LogOutputStream:75 - [STDERR_REDIRECT] WARNING: Could not lock System prefs. Unix error code 2.
2025-09-18 14:04:36,812 [ERROR] LogOutputStream:75 - [STDERR_REDIRECT] 
2025-09-18 14:04:36,812 [ERROR] LogOutputStream:75 - [STDERR_REDIRECT] Sep 18, 2025 2:04:36 PM java.util.prefs.FileSystemPreferences syncWorld
2025-09-18 14:04:36,812 [ERROR] LogOutputStream:75 - [STDERR_REDIRECT] WARNING: Couldn't flush system prefs: java.util.prefs.BackingStoreException: Couldn't get file lock.
2025-09-18 14:04:36,812 [ERROR] LogOutputStream:75 - [STDERR_REDIRECT] 
2025-09-18 14:05:06,811 [ERROR] LogOutputStream:75 - [STDERR_REDIRECT] Sep 18, 2025 2:05:06 PM java.util.prefs.FileSystemPreferences checkLockFile0ErrorCode
2025-09-18 14:05:06,812 [ERROR] LogOutputStream:75 - [STDERR_REDIRECT] WARNING: Could not lock System prefs. Unix error code 2.
2025-09-18 14:05:06,812 [ERROR] LogOutputStream:75 - [STDERR_REDIRECT] 
2025-09-18 14:05:06,812 [ERROR] LogOutputStream:75 - [STDERR_REDIRECT] Sep 18, 2025 2:05:06 PM java.util.prefs.FileSystemPreferences syncWorld
2025-09-18 14:05:06,812 [ERROR] LogOutputStream:75 - [STDERR_REDIRECT] WARNING: Couldn't flush system prefs: java.util.prefs.BackingStoreException: Couldn't get file lock.
2025-09-18 14:05:06,812 [ERROR] LogOutputStream:75 - [STDERR_REDIRECT] 
2025-09-18 14:05:36,811 [ERROR] LogOutputStream:75 - [STDERR_REDIRECT] Sep 18, 2025 2:05:36 PM java.util.prefs.FileSystemPreferences checkLockFile0ErrorCode
2025-09-18 14:05:36,811 [ERROR] LogOutputStream:75 - [STDERR_REDIRECT] WARNING: Could not lock System prefs. Unix error code 2.
2025-09-18 14:05:36,811 [ERROR] LogOutputStream:75 - [STDERR_REDIRECT] 
2025-09-18 14:05:36,812 [ERROR] LogOutputStream:75 - [STDERR_REDIRECT] Sep 18, 2025 2:05:36 PM java.util.prefs.FileSystemPreferences syncWorld
2025-09-18 14:05:36,812 [ERROR] LogOutputStream:75 - [STDERR_REDIRECT] WARNING: Couldn't flush system prefs: java.util.prefs.BackingStoreException: Couldn't get file lock.
2025-09-18 14:05:36,812 [ERROR] LogOutputStream:75 - [STDERR_REDIRECT] 
2025-09-18 14:06:06,811 [ERROR] LogOutputStream:75 - [STDERR_REDIRECT] Sep 18, 2025 2:06:06 PM java.util.prefs.FileSystemPreferences checkLockFile0ErrorCode
2025-09-18 14:06:06,811 [ERROR] LogOutputStream:75 - [STDERR_REDIRECT] WARNING: Could not lock System prefs. Unix error code 2.
2025-09-18 14:06:06,811 [ERROR] LogOutputStream:75 - [STDERR_REDIRECT] 
2025-09-18 14:06:06,811 [ERROR] LogOutputStream:75 - [STDERR_REDIRECT] Sep 18, 2025 2:06:06 PM java.util.prefs.FileSystemPreferences syncWorld
2025-09-18 14:06:06,811 [ERROR] LogOutputStream:75 - [STDERR_REDIRECT] WARNING: Couldn't flush system prefs: java.util.prefs.BackingStoreException: Couldn't get file lock.
2025-09-18 14:06:06,812 [ERROR] LogOutputStream:75 - [STDERR_REDIRECT] 
2025-09-18 14:06:36,811 [ERROR] LogOutputStream:75 - [STDERR_REDIRECT] Sep 18, 2025 2:06:36 PM java.util.prefs.FileSystemPreferences checkLockFile0ErrorCode
2025-09-18 14:06:36,811 [ERROR] LogOutputStream:75 - [STDERR_REDIRECT] WARNING: Could not lock System prefs. Unix error code 2.
2025-09-18 14:06:36,811 [ERROR] LogOutputStream:75 - [STDERR_REDIRECT] 
2025-09-18 14:06:36,811 [ERROR] LogOutputStream:75 - [STDERR_REDIRECT] Sep 18, 2025 2:06:36 PM java.util.prefs.FileSystemPreferences syncWorld
2025-09-18 14:06:36,811 [ERROR] LogOutputStream:75 - [STDERR_REDIRECT] WARNING: Couldn't flush system prefs: java.util.prefs.BackingStoreException: Couldn't get file lock.
2025-09-18 14:06:36,811 [ERROR] LogOutputStream:75 - [STDERR_REDIRECT] 
2025-09-18 14:07:06,814 [ERROR] LogOutputStream:75 - [STDERR_REDIRECT] Sep 18, 2025 2:07:06 PM java.util.prefs.FileSystemPreferences checkLockFile0ErrorCode
2025-09-18 14:07:06,814 [ERROR] LogOutputStream:75 - [STDERR_REDIRECT] WARNING: Could not lock System prefs. Unix error code 2.
2025-09-18 14:07:06,814 [ERROR] LogOutputStream:75 - [STDERR_REDIRECT] 
2025-09-18 14:07:06,814 [ERROR] LogOutputStream:75 - [STDERR_REDIRECT] Sep 18, 2025 2:07:06 PM java.util.prefs.FileSystemPreferences syncWorld
2025-09-18 14:07:06,814 [ERROR] LogOutputStream:75 - [STDERR_REDIRECT] WARNING: Couldn't flush system prefs: java.util.prefs.BackingStoreException: Couldn't get file lock.
2025-09-18 14:07:06,814 [ERROR] LogOutputStream:75 - [STDERR_REDIRECT] 
2025-09-18 14:07:36,811 [ERROR] LogOutputStream:75 - [STDERR_REDIRECT] Sep 18, 2025 2:07:36 PM java.util.prefs.FileSystemPreferences checkLockFile0ErrorCode
2025-09-18 14:07:36,812 [ERROR] LogOutputStream:75 - [STDERR_REDIRECT] WARNING: Could not lock System prefs. Unix error code 2.
2025-09-18 14:07:36,812 [ERROR] LogOutputStream:75 - [STDERR_REDIRECT] 
2025-09-18 14:07:36,812 [ERROR] LogOutputStream:75 - [STDERR_REDIRECT] Sep 18, 2025 2:07:36 PM java.util.prefs.FileSystemPreferences syncWorld
2025-09-18 14:07:36,812 [ERROR] LogOutputStream:75 - [STDERR_REDIRECT] WARNING: Couldn't flush system prefs: java.util.prefs.BackingStoreException: Couldn't get file lock.
2025-09-18 14:07:36,812 [ERROR] LogOutputStream:75 - [STDERR_REDIRECT] 
2025-09-18 14:08:06,811 [ERROR] LogOutputStream:75 - [STDERR_REDIRECT] Sep 18, 2025 2:08:06 PM java.util.prefs.FileSystemPreferences checkLockFile0ErrorCode
2025-09-18 14:08:06,812 [ERROR] LogOutputStream:75 - [STDERR_REDIRECT] WARNING: Could not lock System prefs. Unix error code 2.
2025-09-18 14:08:06,812 [ERROR] LogOutputStream:75 - [STDERR_REDIRECT] 
2025-09-18 14:08:06,812 [ERROR] LogOutputStream:75 - [STDERR_REDIRECT] Sep 18, 2025 2:08:06 PM java.util.prefs.FileSystemPreferences syncWorld
2025-09-18 14:08:06,812 [ERROR] LogOutputStream:75 - [STDERR_REDIRECT] WARNING: Couldn't flush system prefs: java.util.prefs.BackingStoreException: Couldn't get file lock.
2025-09-18 14:08:06,812 [ERROR] LogOutputStream:75 - [STDERR_REDIRECT] 
2025-09-18 14:08:36,811 [ERROR] LogOutputStream:75 - [STDERR_REDIRECT] Sep 18, 2025 2:08:36 PM java.util.prefs.FileSystemPreferences checkLockFile0ErrorCode
2025-09-18 14:08:36,811 [ERROR] LogOutputStream:75 - [STDERR_REDIRECT] WARNING: Could not lock System prefs. Unix error code 2.
2025-09-18 14:08:36,811 [ERROR] LogOutputStream:75 - [STDERR_REDIRECT] 
2025-09-18 14:08:36,811 [ERROR] LogOutputStream:75 - [STDERR_REDIRECT] Sep 18, 2025 2:08:36 PM java.util.prefs.FileSystemPreferences syncWorld
2025-09-18 14:08:36,811 [ERROR] LogOutputStream:75 - [STDERR_REDIRECT] WARNING: Couldn't flush system prefs: java.util.prefs.BackingStoreException: Couldn't get file lock.
2025-09-18 14:08:36,811 [ERROR] LogOutputStream:75 - [STDERR_REDIRECT] 
2025-09-18 14:09:06,812 [ERROR] LogOutputStream:75 - [STDERR_REDIRECT] Sep 18, 2025 2:09:06 PM java.util.prefs.FileSystemPreferences checkLockFile0ErrorCode
2025-09-18 14:09:06,812 [ERROR] LogOutputStream:75 - [STDERR_REDIRECT] WARNING: Could not lock System prefs. Unix error code 2.
2025-09-18 14:09:06,812 [ERROR] LogOutputStream:75 - [STDERR_REDIRECT] 
2025-09-18 14:09:06,812 [ERROR] LogOutputStream:75 - [STDERR_REDIRECT] Sep 18, 2025 2:09:06 PM java.util.prefs.FileSystemPreferences syncWorld
2025-09-18 14:09:06,812 [ERROR] LogOutputStream:75 - [STDERR_REDIRECT] WARNING: Couldn't flush system prefs: java.util.prefs.BackingStoreException: Couldn't get file lock.
2025-09-18 14:09:06,812 [ERROR] LogOutputStream:75 - [STDERR_REDIRECT] 
2025-09-18 14:09:36,812 [ERROR] LogOutputStream:75 - [STDERR_REDIRECT] Sep 18, 2025 2:09:36 PM java.util.prefs.FileSystemPreferences checkLockFile0ErrorCode
2025-09-18 14:09:36,812 [ERROR] LogOutputStream:75 - [STDERR_REDIRECT] WARNING: Could not lock System prefs. Unix error code 2.
2025-09-18 14:09:36,813 [ERROR] LogOutputStream:75 - [STDERR_REDIRECT] 
2025-09-18 14:09:36,813 [ERROR] LogOutputStream:75 - [STDERR_REDIRECT] Sep 18, 2025 2:09:36 PM java.util.prefs.FileSystemPreferences syncWorld
2025-09-18 14:09:36,813 [ERROR] LogOutputStream:75 - [STDERR_REDIRECT] WARNING: Couldn't flush system prefs: java.util.prefs.BackingStoreException: Couldn't get file lock.
2025-09-18 14:09:36,813 [ERROR] LogOutputStream:75 - [STDERR_REDIRECT] 
2025-09-18 14:10:06,813 [ERROR] LogOutputStream:75 - [STDERR_REDIRECT] Sep 18, 2025 2:10:06 PM java.util.prefs.FileSystemPreferences checkLockFile0ErrorCode
2025-09-18 14:10:06,813 [ERROR] LogOutputStream:75 - [STDERR_REDIRECT] WARNING: Could not lock System prefs. Unix error code 2.
2025-09-18 14:10:06,813 [ERROR] LogOutputStream:75 - [STDERR_REDIRECT] 
2025-09-18 14:10:06,814 [ERROR] LogOutputStream:75 - [STDERR_REDIRECT] Sep 18, 2025 2:10:06 PM java.util.prefs.FileSystemPreferences syncWorld
2025-09-18 14:10:06,814 [ERROR] LogOutputStream:75 - [STDERR_REDIRECT] WARNING: Couldn't flush system prefs: java.util.prefs.BackingStoreException: Couldn't get file lock.
2025-09-18 14:10:06,814 [ERROR] LogOutputStream:75 - [STDERR_REDIRECT] 
2025-09-18 14:10:36,812 [ERROR] LogOutputStream:75 - [STDERR_REDIRECT] Sep 18, 2025 2:10:36 PM java.util.prefs.FileSystemPreferences checkLockFile0ErrorCode
2025-09-18 14:10:36,813 [ERROR] LogOutputStream:75 - [STDERR_REDIRECT] WARNING: Could not lock System prefs. Unix error code 2.
2025-09-18 14:10:36,813 [ERROR] LogOutputStream:75 - [STDERR_REDIRECT] 
2025-09-18 14:10:36,813 [ERROR] LogOutputStream:75 - [STDERR_REDIRECT] Sep 18, 2025 2:10:36 PM java.util.prefs.FileSystemPreferences syncWorld
2025-09-18 14:10:36,813 [ERROR] LogOutputStream:75 - [STDERR_REDIRECT] WARNING: Couldn't flush system prefs: java.util.prefs.BackingStoreException: Couldn't get file lock.
2025-09-18 14:10:36,813 [ERROR] LogOutputStream:75 - [STDERR_REDIRECT] 
2025-09-18 14:11:06,814 [ERROR] LogOutputStream:75 - [STDERR_REDIRECT] Sep 18, 2025 2:11:06 PM java.util.prefs.FileSystemPreferences checkLockFile0ErrorCode
2025-09-18 14:11:06,814 [ERROR] LogOutputStream:75 - [STDERR_REDIRECT] WARNING: Could not lock System prefs. Unix error code 2.
2025-09-18 14:11:06,814 [ERROR] LogOutputStream:75 - [STDERR_REDIRECT] 
2025-09-18 14:11:06,814 [ERROR] LogOutputStream:75 - [STDERR_REDIRECT] Sep 18, 2025 2:11:06 PM java.util.prefs.FileSystemPreferences syncWorld
2025-09-18 14:11:06,814 [ERROR] LogOutputStream:75 - [STDERR_REDIRECT] WARNING: Couldn't flush system prefs: java.util.prefs.BackingStoreException: Couldn't get file lock.
2025-09-18 14:11:06,814 [ERROR] LogOutputStream:75 - [STDERR_REDIRECT] 
2025-09-18 14:11:36,813 [ERROR] LogOutputStream:75 - [STDERR_REDIRECT] Sep 18, 2025 2:11:36 PM java.util.prefs.FileSystemPreferences checkLockFile0ErrorCode
2025-09-18 14:11:36,813 [ERROR] LogOutputStream:75 - [STDERR_REDIRECT] WARNING: Could not lock System prefs. Unix error code 2.
2025-09-18 14:11:36,813 [ERROR] LogOutputStream:75 - [STDERR_REDIRECT] 
2025-09-18 14:11:36,813 [ERROR] LogOutputStream:75 - [STDERR_REDIRECT] Sep 18, 2025 2:11:36 PM java.util.prefs.FileSystemPreferences syncWorld
2025-09-18 14:11:36,813 [ERROR] LogOutputStream:75 - [STDERR_REDIRECT] WARNING: Couldn't flush system prefs: java.util.prefs.BackingStoreException: Couldn't get file lock.
2025-09-18 14:11:36,813 [ERROR] LogOutputStream:75 - [STDERR_REDIRECT] 
2025-09-18 14:12:06,813 [ERROR] LogOutputStream:75 - [STDERR_REDIRECT] Sep 18, 2025 2:12:06 PM java.util.prefs.FileSystemPreferences checkLockFile0ErrorCode
2025-09-18 14:12:06,813 [ERROR] LogOutputStream:75 - [STDERR_REDIRECT] WARNING: Could not lock System prefs. Unix error code 2.
2025-09-18 14:12:06,813 [ERROR] LogOutputStream:75 - [STDERR_REDIRECT] 
2025-09-18 14:12:06,813 [ERROR] LogOutputStream:75 - [STDERR_REDIRECT] Sep 18, 2025 2:12:06 PM java.util.prefs.FileSystemPreferences syncWorld
2025-09-18 14:12:06,813 [ERROR] LogOutputStream:75 - [STDERR_REDIRECT] WARNING: Couldn't flush system prefs: java.util.prefs.BackingStoreException: Couldn't get file lock.
2025-09-18 14:12:06,813 [ERROR] LogOutputStream:75 - [STDERR_REDIRECT] 
2025-09-18 14:12:36,814 [ERROR] LogOutputStream:75 - [STDERR_REDIRECT] Sep 18, 2025 2:12:36 PM java.util.prefs.FileSystemPreferences checkLockFile0ErrorCode
2025-09-18 14:12:36,814 [ERROR] LogOutputStream:75 - [STDERR_REDIRECT] WARNING: Could not lock System prefs. Unix error code 2.
2025-09-18 14:12:36,814 [ERROR] LogOutputStream:75 - [STDERR_REDIRECT] 
2025-09-18 14:12:36,814 [ERROR] LogOutputStream:75 - [STDERR_REDIRECT] Sep 18, 2025 2:12:36 PM java.util.prefs.FileSystemPreferences syncWorld
2025-09-18 14:12:36,814 [ERROR] LogOutputStream:75 - [STDERR_REDIRECT] WARNING: Couldn't flush system prefs: java.util.prefs.BackingStoreException: Couldn't get file lock.
2025-09-18 14:12:36,814 [ERROR] LogOutputStream:75 - [STDERR_REDIRECT] 
2025-09-18 14:13:06,813 [ERROR] LogOutputStream:75 - [STDERR_REDIRECT] Sep 18, 2025 2:13:06 PM java.util.prefs.FileSystemPreferences checkLockFile0ErrorCode
2025-09-18 14:13:06,813 [ERROR] LogOutputStream:75 - [STDERR_REDIRECT] WARNING: Could not lock System prefs. Unix error code 2.
2025-09-18 14:13:06,813 [ERROR] LogOutputStream:75 - [STDERR_REDIRECT] 
2025-09-18 14:13:06,813 [ERROR] LogOutputStream:75 - [STDERR_REDIRECT] Sep 18, 2025 2:13:06 PM java.util.prefs.FileSystemPreferences syncWorld
2025-09-18 14:13:06,814 [ERROR] LogOutputStream:75 - [STDERR_REDIRECT] WARNING: Couldn't flush system prefs: java.util.prefs.BackingStoreException: Couldn't get file lock.
2025-09-18 14:13:06,814 [ERROR] LogOutputStream:75 - [STDERR_REDIRECT] 
2025-09-18 14:13:36,813 [ERROR] LogOutputStream:75 - [STDERR_REDIRECT] Sep 18, 2025 2:13:36 PM java.util.prefs.FileSystemPreferences checkLockFile0ErrorCode
2025-09-18 14:13:36,813 [ERROR] LogOutputStream:75 - [STDERR_REDIRECT] WARNING: Could not lock System prefs. Unix error code 2.
2025-09-18 14:13:36,813 [ERROR] LogOutputStream:75 - [STDERR_REDIRECT] 
2025-09-18 14:13:36,813 [ERROR] LogOutputStream:75 - [STDERR_REDIRECT] Sep 18, 2025 2:13:36 PM java.util.prefs.FileSystemPreferences syncWorld
2025-09-18 14:13:36,813 [ERROR] LogOutputStream:75 - [STDERR_REDIRECT] WARNING: Couldn't flush system prefs: java.util.prefs.BackingStoreException: Couldn't get file lock.
2025-09-18 14:13:36,814 [ERROR] LogOutputStream:75 - [STDERR_REDIRECT] 
2025-09-18 14:14:06,813 [ERROR] LogOutputStream:75 - [STDERR_REDIRECT] Sep 18, 2025 2:14:06 PM java.util.prefs.FileSystemPreferences checkLockFile0ErrorCode
2025-09-18 14:14:06,813 [ERROR] LogOutputStream:75 - [STDERR_REDIRECT] WARNING: Could not lock System prefs. Unix error code 2.
2025-09-18 14:14:06,813 [ERROR] LogOutputStream:75 - [STDERR_REDIRECT] 
2025-09-18 14:14:06,813 [ERROR] LogOutputStream:75 - [STDERR_REDIRECT] Sep 18, 2025 2:14:06 PM java.util.prefs.FileSystemPreferences syncWorld
2025-09-18 14:14:06,813 [ERROR] LogOutputStream:75 - [STDERR_REDIRECT] WARNING: Couldn't flush system prefs: java.util.prefs.BackingStoreException: Couldn't get file lock.
2025-09-18 14:14:06,813 [ERROR] LogOutputStream:75 - [STDERR_REDIRECT] 
2025-09-18 14:14:36,813 [ERROR] LogOutputStream:75 - [STDERR_REDIRECT] Sep 18, 2025 2:14:36 PM java.util.prefs.FileSystemPreferences checkLockFile0ErrorCode
2025-09-18 14:14:36,813 [ERROR] LogOutputStream:75 - [STDERR_REDIRECT] WARNING: Could not lock System prefs. Unix error code 2.
2025-09-18 14:14:36,813 [ERROR] LogOutputStream:75 - [STDERR_REDIRECT] 
2025-09-18 14:14:36,813 [ERROR] LogOutputStream:75 - [STDERR_REDIRECT] Sep 18, 2025 2:14:36 PM java.util.prefs.FileSystemPreferences syncWorld
2025-09-18 14:14:36,813 [ERROR] LogOutputStream:75 - [STDERR_REDIRECT] WARNING: Couldn't flush system prefs: java.util.prefs.BackingStoreException: Couldn't get file lock.
2025-09-18 14:14:36,813 [ERROR] LogOutputStream:75 - [STDERR_REDIRECT] 
2025-09-18 14:15:06,814 [ERROR] LogOutputStream:75 - [STDERR_REDIRECT] Sep 18, 2025 2:15:06 PM java.util.prefs.FileSystemPreferences checkLockFile0ErrorCode
2025-09-18 14:15:06,814 [ERROR] LogOutputStream:75 - [STDERR_REDIRECT] WARNING: Could not lock System prefs. Unix error code 2.
2025-09-18 14:15:06,814 [ERROR] LogOutputStream:75 - [STDERR_REDIRECT] 
2025-09-18 14:15:06,814 [ERROR] LogOutputStream:75 - [STDERR_REDIRECT] Sep 18, 2025 2:15:06 PM java.util.prefs.FileSystemPreferences syncWorld
2025-09-18 14:15:06,814 [ERROR] LogOutputStream:75 - [STDERR_REDIRECT] WARNING: Couldn't flush system prefs: java.util.prefs.BackingStoreException: Couldn't get file lock.
2025-09-18 14:15:06,814 [ERROR] LogOutputStream:75 - [STDERR_REDIRECT] 
2025-09-18 14:15:36,813 [ERROR] LogOutputStream:75 - [STDERR_REDIRECT] Sep 18, 2025 2:15:36 PM java.util.prefs.FileSystemPreferences checkLockFile0ErrorCode
2025-09-18 14:15:36,813 [ERROR] LogOutputStream:75 - [STDERR_REDIRECT] WARNING: Could not lock System prefs. Unix error code 2.
2025-09-18 14:15:36,813 [ERROR] LogOutputStream:75 - [STDERR_REDIRECT] 
2025-09-18 14:15:36,814 [ERROR] LogOutputStream:75 - [STDERR_REDIRECT] Sep 18, 2025 2:15:36 PM java.util.prefs.FileSystemPreferences syncWorld
2025-09-18 14:15:36,814 [ERROR] LogOutputStream:75 - [STDERR_REDIRECT] WARNING: Couldn't flush system prefs: java.util.prefs.BackingStoreException: Couldn't get file lock.
2025-09-18 14:15:36,814 [ERROR] LogOutputStream:75 - [STDERR_REDIRECT] 
2025-09-18 14:16:06,813 [ERROR] LogOutputStream:75 - [STDERR_REDIRECT] Sep 18, 2025 2:16:06 PM java.util.prefs.FileSystemPreferences checkLockFile0ErrorCode
2025-09-18 14:16:06,813 [ERROR] LogOutputStream:75 - [STDERR_REDIRECT] WARNING: Could not lock System prefs. Unix error code 2.
2025-09-18 14:16:06,813 [ERROR] LogOutputStream:75 - [STDERR_REDIRECT] 
2025-09-18 14:16:06,813 [ERROR] LogOutputStream:75 - [STDERR_REDIRECT] Sep 18, 2025 2:16:06 PM java.util.prefs.FileSystemPreferences syncWorld
2025-09-18 14:16:06,814 [ERROR] LogOutputStream:75 - [STDERR_REDIRECT] WARNING: Couldn't flush system prefs: java.util.prefs.BackingStoreException: Couldn't get file lock.
2025-09-18 14:16:06,814 [ERROR] LogOutputStream:75 - [STDERR_REDIRECT] 
2025-09-18 14:16:36,813 [ERROR] LogOutputStream:75 - [STDERR_REDIRECT] Sep 18, 2025 2:16:36 PM java.util.prefs.FileSystemPreferences checkLockFile0ErrorCode
2025-09-18 14:16:36,813 [ERROR] LogOutputStream:75 - [STDERR_REDIRECT] WARNING: Could not lock System prefs. Unix error code 2.
2025-09-18 14:16:36,813 [ERROR] LogOutputStream:75 - [STDERR_REDIRECT] 
2025-09-18 14:16:36,814 [ERROR] LogOutputStream:75 - [STDERR_REDIRECT] Sep 18, 2025 2:16:36 PM java.util.prefs.FileSystemPreferences syncWorld
2025-09-18 14:16:36,814 [ERROR] LogOutputStream:75 - [STDERR_REDIRECT] WARNING: Couldn't flush system prefs: java.util.prefs.BackingStoreException: Couldn't get file lock.
2025-09-18 14:16:36,814 [ERROR] LogOutputStream:75 - [STDERR_REDIRECT] 
2025-09-18 14:17:06,813 [ERROR] LogOutputStream:75 - [STDERR_REDIRECT] Sep 18, 2025 2:17:06 PM java.util.prefs.FileSystemPreferences checkLockFile0ErrorCode
2025-09-18 14:17:06,813 [ERROR] LogOutputStream:75 - [STDERR_REDIRECT] WARNING: Could not lock System prefs. Unix error code 2.
2025-09-18 14:17:06,813 [ERROR] LogOutputStream:75 - [STDERR_REDIRECT] 
2025-09-18 14:17:06,813 [ERROR] LogOutputStream:75 - [STDERR_REDIRECT] Sep 18, 2025 2:17:06 PM java.util.prefs.FileSystemPreferences syncWorld
2025-09-18 14:17:06,813 [ERROR] LogOutputStream:75 - [STDERR_REDIRECT] WARNING: Couldn't flush system prefs: java.util.prefs.BackingStoreException: Couldn't get file lock.
2025-09-18 14:17:06,814 [ERROR] LogOutputStream:75 - [STDERR_REDIRECT] 
2025-09-18 14:17:36,813 [ERROR] LogOutputStream:75 - [STDERR_REDIRECT] Sep 18, 2025 2:17:36 PM java.util.prefs.FileSystemPreferences checkLockFile0ErrorCode
2025-09-18 14:17:36,813 [ERROR] LogOutputStream:75 - [STDERR_REDIRECT] WARNING: Could not lock System prefs. Unix error code 2.
2025-09-18 14:17:36,813 [ERROR] LogOutputStream:75 - [STDERR_REDIRECT] 
2025-09-18 14:17:36,813 [ERROR] LogOutputStream:75 - [STDERR_REDIRECT] Sep 18, 2025 2:17:36 PM java.util.prefs.FileSystemPreferences syncWorld
2025-09-18 14:17:36,813 [ERROR] LogOutputStream:75 - [STDERR_REDIRECT] WARNING: Couldn't flush system prefs: java.util.prefs.BackingStoreException: Couldn't get file lock.
2025-09-18 14:17:36,813 [ERROR] LogOutputStream:75 - [STDERR_REDIRECT] 
2025-09-18 14:18:06,814 [ERROR] LogOutputStream:75 - [STDERR_REDIRECT] Sep 18, 2025 2:18:06 PM java.util.prefs.FileSystemPreferences checkLockFile0ErrorCode
2025-09-18 14:18:06,814 [ERROR] LogOutputStream:75 - [STDERR_REDIRECT] WARNING: Could not lock System prefs. Unix error code 2.
2025-09-18 14:18:06,814 [ERROR] LogOutputStream:75 - [STDERR_REDIRECT] 
2025-09-18 14:18:06,814 [ERROR] LogOutputStream:75 - [STDERR_REDIRECT] Sep 18, 2025 2:18:06 PM java.util.prefs.FileSystemPreferences syncWorld
2025-09-18 14:18:06,814 [ERROR] LogOutputStream:75 - [STDERR_REDIRECT] WARNING: Couldn't flush system prefs: java.util.prefs.BackingStoreException: Couldn't get file lock.
2025-09-18 14:18:06,814 [ERROR] LogOutputStream:75 - [STDERR_REDIRECT] 
2025-09-18 14:18:36,813 [ERROR] LogOutputStream:75 - [STDERR_REDIRECT] Sep 18, 2025 2:18:36 PM java.util.prefs.FileSystemPreferences checkLockFile0ErrorCode
2025-09-18 14:18:36,813 [ERROR] LogOutputStream:75 - [STDERR_REDIRECT] WARNING: Could not lock System prefs. Unix error code 2.
2025-09-18 14:18:36,814 [ERROR] LogOutputStream:75 - [STDERR_REDIRECT] 
2025-09-18 14:18:36,814 [ERROR] LogOutputStream:75 - [STDERR_REDIRECT] Sep 18, 2025 2:18:36 PM java.util.prefs.FileSystemPreferences syncWorld
2025-09-18 14:18:36,814 [ERROR] LogOutputStream:75 - [STDERR_REDIRECT] WARNING: Couldn't flush system prefs: java.util.prefs.BackingStoreException: Couldn't get file lock.
2025-09-18 14:18:36,814 [ERROR] LogOutputStream:75 - [STDERR_REDIRECT] 
2025-09-18 14:19:06,814 [ERROR] LogOutputStream:75 - [STDERR_REDIRECT] Sep 18, 2025 2:19:06 PM java.util.prefs.FileSystemPreferences checkLockFile0ErrorCode
2025-09-18 14:19:06,814 [ERROR] LogOutputStream:75 - [STDERR_REDIRECT] WARNING: Could not lock System prefs. Unix error code 2.
2025-09-18 14:19:06,814 [ERROR] LogOutputStream:75 - [STDERR_REDIRECT] 
2025-09-18 14:19:06,814 [ERROR] LogOutputStream:75 - [STDERR_REDIRECT] Sep 18, 2025 2:19:06 PM java.util.prefs.FileSystemPreferences syncWorld
2025-09-18 14:19:06,814 [ERROR] LogOutputStream:75 - [STDERR_REDIRECT] WARNING: Couldn't flush system prefs: java.util.prefs.BackingStoreException: Couldn't get file lock.
2025-09-18 14:19:06,814 [ERROR] LogOutputStream:75 - [STDERR_REDIRECT] 
2025-09-18 14:19:36,813 [ERROR] LogOutputStream:75 - [STDERR_REDIRECT] Sep 18, 2025 2:19:36 PM java.util.prefs.FileSystemPreferences checkLockFile0ErrorCode
2025-09-18 14:19:36,813 [ERROR] LogOutputStream:75 - [STDERR_REDIRECT] WARNING: Could not lock System prefs. Unix error code 2.
2025-09-18 14:19:36,813 [ERROR] LogOutputStream:75 - [STDERR_REDIRECT] 
2025-09-18 14:19:36,813 [ERROR] LogOutputStream:75 - [STDERR_REDIRECT] Sep 18, 2025 2:19:36 PM java.util.prefs.FileSystemPreferences syncWorld
2025-09-18 14:19:36,813 [ERROR] LogOutputStream:75 - [STDERR_REDIRECT] WARNING: Couldn't flush system prefs: java.util.prefs.BackingStoreException: Couldn't get file lock.
2025-09-18 14:19:36,813 [ERROR] LogOutputStream:75 - [STDERR_REDIRECT] 
2025-09-18 14:20:06,814 [ERROR] LogOutputStream:75 - [STDERR_REDIRECT] Sep 18, 2025 2:20:06 PM java.util.prefs.FileSystemPreferences checkLockFile0ErrorCode
2025-09-18 14:20:06,814 [ERROR] LogOutputStream:75 - [STDERR_REDIRECT] WARNING: Could not lock System prefs. Unix error code 2.
2025-09-18 14:20:06,814 [ERROR] LogOutputStream:75 - [STDERR_REDIRECT] 
2025-09-18 14:20:06,814 [ERROR] LogOutputStream:75 - [STDERR_REDIRECT] Sep 18, 2025 2:20:06 PM java.util.prefs.FileSystemPreferences syncWorld
2025-09-18 14:20:06,814 [ERROR] LogOutputStream:75 - [STDERR_REDIRECT] WARNING: Couldn't flush system prefs: java.util.prefs.BackingStoreException: Couldn't get file lock.
2025-09-18 14:20:06,814 [ERROR] LogOutputStream:75 - [STDERR_REDIRECT] 
2025-09-18 14:20:36,815 [ERROR] LogOutputStream:75 - [STDERR_REDIRECT] Sep 18, 2025 2:20:36 PM java.util.prefs.FileSystemPreferences checkLockFile0ErrorCode
2025-09-18 14:20:36,815 [ERROR] LogOutputStream:75 - [STDERR_REDIRECT] WARNING: Could not lock System prefs. Unix error code 2.
2025-09-18 14:20:36,815 [ERROR] LogOutputStream:75 - [STDERR_REDIRECT] 
2025-09-18 14:20:36,815 [ERROR] LogOutputStream:75 - [STDERR_REDIRECT] Sep 18, 2025 2:20:36 PM java.util.prefs.FileSystemPreferences syncWorld
2025-09-18 14:20:36,815 [ERROR] LogOutputStream:75 - [STDERR_REDIRECT] WARNING: Couldn't flush system prefs: java.util.prefs.BackingStoreException: Couldn't get file lock.
2025-09-18 14:20:36,815 [ERROR] LogOutputStream:75 - [STDERR_REDIRECT] 
2025-09-18 14:21:06,815 [ERROR] LogOutputStream:75 - [STDERR_REDIRECT] Sep 18, 2025 2:21:06 PM java.util.prefs.FileSystemPreferences checkLockFile0ErrorCode
2025-09-18 14:21:06,815 [ERROR] LogOutputStream:75 - [STDERR_REDIRECT] WARNING: Could not lock System prefs. Unix error code 2.
2025-09-18 14:21:06,815 [ERROR] LogOutputStream:75 - [STDERR_REDIRECT] 
2025-09-18 14:21:06,815 [ERROR] LogOutputStream:75 - [STDERR_REDIRECT] Sep 18, 2025 2:21:06 PM java.util.prefs.FileSystemPreferences syncWorld
2025-09-18 14:21:06,815 [ERROR] LogOutputStream:75 - [STDERR_REDIRECT] WARNING: Couldn't flush system prefs: java.util.prefs.BackingStoreException: Couldn't get file lock.
2025-09-18 14:21:06,815 [ERROR] LogOutputStream:75 - [STDERR_REDIRECT] 
2025-09-18 14:21:36,814 [ERROR] LogOutputStream:75 - [STDERR_REDIRECT] Sep 18, 2025 2:21:36 PM java.util.prefs.FileSystemPreferences checkLockFile0ErrorCode
2025-09-18 14:21:36,814 [ERROR] LogOutputStream:75 - [STDERR_REDIRECT] WARNING: Could not lock System prefs. Unix error code 2.
2025-09-18 14:21:36,814 [ERROR] LogOutputStream:75 - [STDERR_REDIRECT] 
2025-09-18 14:21:36,815 [ERROR] LogOutputStream:75 - [STDERR_REDIRECT] Sep 18, 2025 2:21:36 PM java.util.prefs.FileSystemPreferences syncWorld
2025-09-18 14:21:36,815 [ERROR] LogOutputStream:75 - [STDERR_REDIRECT] WARNING: Couldn't flush system prefs: java.util.prefs.BackingStoreException: Couldn't get file lock.
2025-09-18 14:21:36,815 [ERROR] LogOutputStream:75 - [STDERR_REDIRECT] 
2025-09-18 14:22:06,814 [ERROR] LogOutputStream:75 - [STDERR_REDIRECT] Sep 18, 2025 2:22:06 PM java.util.prefs.FileSystemPreferences checkLockFile0ErrorCode
2025-09-18 14:22:06,814 [ERROR] LogOutputStream:75 - [STDERR_REDIRECT] WARNING: Could not lock System prefs. Unix error code 2.
2025-09-18 14:22:06,814 [ERROR] LogOutputStream:75 - [STDERR_REDIRECT] 
2025-09-18 14:22:06,814 [ERROR] LogOutputStream:75 - [STDERR_REDIRECT] Sep 18, 2025 2:22:06 PM java.util.prefs.FileSystemPreferences syncWorld
2025-09-18 14:22:06,814 [ERROR] LogOutputStream:75 - [STDERR_REDIRECT] WARNING: Couldn't flush system prefs: java.util.prefs.BackingStoreException: Couldn't get file lock.
2025-09-18 14:22:06,814 [ERROR] LogOutputStream:75 - [STDERR_REDIRECT] 
2025-09-18 14:22:36,814 [ERROR] LogOutputStream:75 - [STDERR_REDIRECT] Sep 18, 2025 2:22:36 PM java.util.prefs.FileSystemPreferences checkLockFile0ErrorCode
2025-09-18 14:22:36,814 [ERROR] LogOutputStream:75 - [STDERR_REDIRECT] WARNING: Could not lock System prefs. Unix error code 2.
2025-09-18 14:22:36,815 [ERROR] LogOutputStream:75 - [STDERR_REDIRECT] 
2025-09-18 14:22:36,815 [ERROR] LogOutputStream:75 - [STDERR_REDIRECT] Sep 18, 2025 2:22:36 PM java.util.prefs.FileSystemPreferences syncWorld
2025-09-18 14:22:36,815 [ERROR] LogOutputStream:75 - [STDERR_REDIRECT] WARNING: Couldn't flush system prefs: java.util.prefs.BackingStoreException: Couldn't get file lock.
2025-09-18 14:22:36,815 [ERROR] LogOutputStream:75 - [STDERR_REDIRECT] 
2025-09-18 14:23:06,814 [ERROR] LogOutputStream:75 - [STDERR_REDIRECT] Sep 18, 2025 2:23:06 PM java.util.prefs.FileSystemPreferences checkLockFile0ErrorCode
2025-09-18 14:23:06,814 [ERROR] LogOutputStream:75 - [STDERR_REDIRECT] WARNING: Could not lock System prefs. Unix error code 2.
2025-09-18 14:23:06,814 [ERROR] LogOutputStream:75 - [STDERR_REDIRECT] 
2025-09-18 14:23:06,814 [ERROR] LogOutputStream:75 - [STDERR_REDIRECT] Sep 18, 2025 2:23:06 PM java.util.prefs.FileSystemPreferences syncWorld
2025-09-18 14:23:06,814 [ERROR] LogOutputStream:75 - [STDERR_REDIRECT] WARNING: Couldn't flush system prefs: java.util.prefs.BackingStoreException: Couldn't get file lock.
2025-09-18 14:23:06,814 [ERROR] LogOutputStream:75 - [STDERR_REDIRECT] 
2025-09-18 14:23:36,815 [ERROR] LogOutputStream:75 - [STDERR_REDIRECT] Sep 18, 2025 2:23:36 PM java.util.prefs.FileSystemPreferences checkLockFile0ErrorCode
2025-09-18 14:23:36,815 [ERROR] LogOutputStream:75 - [STDERR_REDIRECT] WARNING: Could not lock System prefs. Unix error code 2.
2025-09-18 14:23:36,815 [ERROR] LogOutputStream:75 - [STDERR_REDIRECT] 
2025-09-18 14:23:36,815 [ERROR] LogOutputStream:75 - [STDERR_REDIRECT] Sep 18, 2025 2:23:36 PM java.util.prefs.FileSystemPreferences syncWorld
2025-09-18 14:23:36,815 [ERROR] LogOutputStream:75 - [STDERR_REDIRECT] WARNING: Couldn't flush system prefs: java.util.prefs.BackingStoreException: Couldn't get file lock.
2025-09-18 14:23:36,815 [ERROR] LogOutputStream:75 - [STDERR_REDIRECT] 
2025-09-18 14:24:06,815 [ERROR] LogOutputStream:75 - [STDERR_REDIRECT] Sep 18, 2025 2:24:06 PM java.util.prefs.FileSystemPreferences checkLockFile0ErrorCode
2025-09-18 14:24:06,815 [ERROR] LogOutputStream:75 - [STDERR_REDIRECT] WARNING: Could not lock System prefs. Unix error code 2.
2025-09-18 14:24:06,815 [ERROR] LogOutputStream:75 - [STDERR_REDIRECT] 
2025-09-18 14:24:06,815 [ERROR] LogOutputStream:75 - [STDERR_REDIRECT] Sep 18, 2025 2:24:06 PM java.util.prefs.FileSystemPreferences syncWorld
2025-09-18 14:24:06,815 [ERROR] LogOutputStream:75 - [STDERR_REDIRECT] WARNING: Couldn't flush system prefs: java.util.prefs.BackingStoreException: Couldn't get file lock.
2025-09-18 14:24:06,815 [ERROR] LogOutputStream:75 - [STDERR_REDIRECT] 
2025-09-18 14:24:36,815 [ERROR] LogOutputStream:75 - [STDERR_REDIRECT] Sep 18, 2025 2:24:36 PM java.util.prefs.FileSystemPreferences checkLockFile0ErrorCode
2025-09-18 14:24:36,816 [ERROR] LogOutputStream:75 - [STDERR_REDIRECT] WARNING: Could not lock System prefs. Unix error code 2.
2025-09-18 14:24:36,816 [ERROR] LogOutputStream:75 - [STDERR_REDIRECT] 
2025-09-18 14:24:36,816 [ERROR] LogOutputStream:75 - [STDERR_REDIRECT] Sep 18, 2025 2:24:36 PM java.util.prefs.FileSystemPreferences syncWorld
2025-09-18 14:24:36,816 [ERROR] LogOutputStream:75 - [STDERR_REDIRECT] WARNING: Couldn't flush system prefs: java.util.prefs.BackingStoreException: Couldn't get file lock.
2025-09-18 14:24:36,816 [ERROR] LogOutputStream:75 - [STDERR_REDIRECT] 
2025-09-18 14:25:06,815 [ERROR] LogOutputStream:75 - [STDERR_REDIRECT] Sep 18, 2025 2:25:06 PM java.util.prefs.FileSystemPreferences checkLockFile0ErrorCode
2025-09-18 14:25:06,815 [ERROR] LogOutputStream:75 - [STDERR_REDIRECT] WARNING: Could not lock System prefs. Unix error code 2.
2025-09-18 14:25:06,815 [ERROR] LogOutputStream:75 - [STDERR_REDIRECT] 
2025-09-18 14:25:06,815 [ERROR] LogOutputStream:75 - [STDERR_REDIRECT] Sep 18, 2025 2:25:06 PM java.util.prefs.FileSystemPreferences syncWorld
2025-09-18 14:25:06,815 [ERROR] LogOutputStream:75 - [STDERR_REDIRECT] WARNING: Couldn't flush system prefs: java.util.prefs.BackingStoreException: Couldn't get file lock.
2025-09-18 14:25:06,815 [ERROR] LogOutputStream:75 - [STDERR_REDIRECT] 
2025-09-18 14:25:36,816 [ERROR] LogOutputStream:75 - [STDERR_REDIRECT] Sep 18, 2025 2:25:36 PM java.util.prefs.FileSystemPreferences checkLockFile0ErrorCode
2025-09-18 14:25:36,816 [ERROR] LogOutputStream:75 - [STDERR_REDIRECT] WARNING: Could not lock System prefs. Unix error code 2.
2025-09-18 14:25:36,816 [ERROR] LogOutputStream:75 - [STDERR_REDIRECT] 
2025-09-18 14:25:36,816 [ERROR] LogOutputStream:75 - [STDERR_REDIRECT] Sep 18, 2025 2:25:36 PM java.util.prefs.FileSystemPreferences syncWorld
2025-09-18 14:25:36,816 [ERROR] LogOutputStream:75 - [STDERR_REDIRECT] WARNING: Couldn't flush system prefs: java.util.prefs.BackingStoreException: Couldn't get file lock.
2025-09-18 14:25:36,816 [ERROR] LogOutputStream:75 - [STDERR_REDIRECT] 
2025-09-18 14:26:06,817 [ERROR] LogOutputStream:75 - [STDERR_REDIRECT] Sep 18, 2025 2:26:06 PM java.util.prefs.FileSystemPreferences checkLockFile0ErrorCode
2025-09-18 14:26:06,817 [ERROR] LogOutputStream:75 - [STDERR_REDIRECT] WARNING: Could not lock System prefs. Unix error code 2.
2025-09-18 14:26:06,817 [ERROR] LogOutputStream:75 - [STDERR_REDIRECT] 
2025-09-18 14:26:06,817 [ERROR] LogOutputStream:75 - [STDERR_REDIRECT] Sep 18, 2025 2:26:06 PM java.util.prefs.FileSystemPreferences syncWorld
2025-09-18 14:26:06,817 [ERROR] LogOutputStream:75 - [STDERR_REDIRECT] WARNING: Couldn't flush system prefs: java.util.prefs.BackingStoreException: Couldn't get file lock.
2025-09-18 14:26:06,817 [ERROR] LogOutputStream:75 - [STDERR_REDIRECT] 
