2025-09-10 10:03:12,874 [INFO] Activator:176 - 


2025-09-10 10:03:12,877 [INFO] Activator:177 - !SESSION log4j initialized
2025-09-10 10:03:27,857 [INFO] Activator:176 - 


2025-09-10 10:03:27,859 [INFO] Activator:177 - !SESSION log4j initialized
2025-09-10 10:03:29,449 [INFO] LogOutputStream:77 - [STDOUT_REDIRECT] 
2025-09-10 10:03:31,521 [INFO] ApplicationProperties:184 - Using Application install path: /opt/st/stm32cubeide_1.19.0/plugins/com.st.stm32cube.common.mx_6.15.0.202507011659
2025-09-10 10:03:31,534 [INFO] DbMcusXml:78 - Set database path to: /opt/st/stm32cubeide_1.19.0/plugins/com.st.stm32cube.common.mx_6.15.0.202507011659//db//mcu/
2025-09-10 10:03:31,534 [INFO] ApiDb:274 - Set plugin database path to: /opt/st/stm32cubeide_1.19.0/plugins/com.st.stm32cube.common.mx_6.15.0.202507011659//db//plugins/boardmanager/
2025-09-10 10:03:31,534 [WARN] ApiDb:259 - Overriding images path with different value:  => /opt/st/stm32cubeide_1.19.0/plugins/com.st.stm32cube.common.mx_6.15.0.202507011659//db//plugins/mcufinder/images/
2025-09-10 10:03:31,538 [INFO] ApiDb:250 - Set database path to: /home/matijak/.stmcufinder/plugins/mcufinder//mcu/
2025-09-10 10:03:31,538 [INFO] DbMcusAds:125 - Set database path to: /home/matijak/.stmcufinder/plugins/mcufinder//mcu/
2025-09-10 10:03:31,539 [INFO] CrossReferenceDbSqlite:203 - Set database path to: /home/matijak/.stmcufinder/plugins/mcufinder//mcu/cs/
2025-09-10 10:03:31,611 [INFO] RulesReader:64 - Compatibility file has been processed (317 Rules)
2025-09-10 10:03:31,673 [INFO] DbMcusXml:78 - Set database path to: /opt/st/stm32cubeide_1.19.0/plugins/com.st.stm32cube.common.mx_6.15.0.202507011659//db//mcu/
2025-09-10 10:03:31,673 [INFO] ApiDb:274 - Set plugin database path to: /opt/st/stm32cubeide_1.19.0/plugins/com.st.stm32cube.common.mx_6.15.0.202507011659//db//plugins/boardmanager/
2025-09-10 10:03:31,673 [INFO] ApiDb:261 - Set plugin images path to: /opt/st/stm32cubeide_1.19.0/plugins/com.st.stm32cube.common.mx_6.15.0.202507011659//db//plugins/mcufinder/images/
2025-09-10 10:03:31,673 [WARN] DbFile:41 - Overriding database path with different value: /home/matijak/.stmcufinder/plugins/mcufinder/ => /home/matijak/.stmcufinder/plugins/mcufinder
2025-09-10 10:03:31,673 [INFO] ApiDb:250 - Set database path to: /home/matijak/.stmcufinder/plugins/mcufinder//mcu/
2025-09-10 10:03:31,674 [WARN] DbFile:41 - Overriding database path with different value: /home/matijak/.stmcufinder/plugins/mcufinder/ => /home/matijak/.stmcufinder/plugins/mcufinder
2025-09-10 10:03:31,674 [INFO] DbMcusAds:125 - Set database path to: /home/matijak/.stmcufinder/plugins/mcufinder//mcu/
2025-09-10 10:03:31,674 [WARN] DbFile:41 - Overriding database path with different value: /home/matijak/.stmcufinder/plugins/mcufinder/ => /home/matijak/.stmcufinder/plugins/mcufinder
2025-09-10 10:03:31,674 [WARN] DbFile:41 - Overriding database path with different value: /home/matijak/.stmcufinder/plugins/mcufinder/ => /home/matijak/.stmcufinder/plugins/mcufinder
2025-09-10 10:03:31,674 [INFO] CrossReferenceDbSqlite:203 - Set database path to: /home/matijak/.stmcufinder/plugins/mcufinder//mcu/cs/
2025-09-10 10:03:31,728 [INFO] MainPanel:274 - HeapMemory: 268435456
2025-09-10 10:03:31,838 [INFO] DbMcusXml:78 - Set database path to: /opt/st/stm32cubeide_1.19.0/plugins/com.st.stm32cube.common.mx_6.15.0.202507011659//db//mcu/
2025-09-10 10:03:31,839 [INFO] ApiDb:274 - Set plugin database path to: /opt/st/stm32cubeide_1.19.0/plugins/com.st.stm32cube.common.mx_6.15.0.202507011659//db//plugins/boardmanager/
2025-09-10 10:03:31,839 [INFO] ApiDb:261 - Set plugin images path to: /opt/st/stm32cubeide_1.19.0/plugins/com.st.stm32cube.common.mx_6.15.0.202507011659//db//plugins/mcufinder/images/
2025-09-10 10:03:31,839 [WARN] DbFile:41 - Overriding database path with different value: /home/matijak/.stmcufinder/plugins/mcufinder/ => /home/matijak/.stmcufinder/plugins/mcufinder
2025-09-10 10:03:31,839 [INFO] ApiDb:250 - Set database path to: /home/matijak/.stmcufinder/plugins/mcufinder//mcu/
2025-09-10 10:03:31,839 [WARN] DbFile:41 - Overriding database path with different value: /home/matijak/.stmcufinder/plugins/mcufinder/ => /home/matijak/.stmcufinder/plugins/mcufinder
2025-09-10 10:03:31,840 [INFO] DbMcusAds:125 - Set database path to: /home/matijak/.stmcufinder/plugins/mcufinder//mcu/
2025-09-10 10:03:31,840 [WARN] DbFile:41 - Overriding database path with different value: /home/matijak/.stmcufinder/plugins/mcufinder/ => /home/matijak/.stmcufinder/plugins/mcufinder
2025-09-10 10:03:31,840 [WARN] DbFile:41 - Overriding database path with different value: /home/matijak/.stmcufinder/plugins/mcufinder/ => /home/matijak/.stmcufinder/plugins/mcufinder
2025-09-10 10:03:31,840 [INFO] CrossReferenceDbSqlite:203 - Set database path to: /home/matijak/.stmcufinder/plugins/mcufinder//mcu/cs/
2025-09-10 10:03:31,854 [INFO] ApplicationProperties:184 - Using Application install path: /opt/st/stm32cubeide_1.19.0/plugins/com.st.stm32cube.common.mx_6.15.0.202507011659
2025-09-10 10:03:31,855 [INFO] PluginManage:196 - Search for loadable plugins [exclusion list=, ]
2025-09-10 10:03:31,856 [INFO] PluginManage:310 - Check plugin analytics
2025-09-10 10:03:31,964 [INFO] AnalyticsPlugin:253 - Accepted Software Licenses: 
2025-09-10 10:03:31,964 [INFO] AnalyticsPlugin:255 - Accepted CMSIS Pack Licenses: 
2025-09-10 10:03:31,964 [INFO] AnalyticsPlugin:257 - Accepted Firmware Licenses: FW.L4.1.18.0,FW.G4.1.6.0
2025-09-10 10:03:31,966 [INFO] PluginManage:359 - Loaded plugin analytics (category:tool,tabindex:-1)
2025-09-10 10:03:31,966 [INFO] PluginManage:310 - Check plugin cadmodel
2025-09-10 10:03:31,970 [INFO] CADModel:105 - Init CAD model plugin
2025-09-10 10:03:31,970 [INFO] PluginManage:359 - Loaded plugin cadmodel (category:power,tabindex:5)
2025-09-10 10:03:31,970 [INFO] PluginManage:310 - Check plugin clock
2025-09-10 10:03:31,977 [INFO] PluginManage:359 - Loaded plugin clock (category:base,tabindex:2)
2025-09-10 10:03:31,977 [INFO] PluginManage:310 - Check plugin ddr
2025-09-10 10:03:31,979 [INFO] PluginManage:359 - Loaded plugin ddr (category:tool,tabindex:6)
2025-09-10 10:03:31,979 [INFO] PluginManage:310 - Check plugin filemanager
2025-09-10 10:03:32,113 [INFO] PluginManage:359 - Loaded plugin filemanager (category:base,tabindex:10)
2025-09-10 10:03:32,113 [INFO] PluginManage:310 - Check plugin ipmanager
2025-09-10 10:03:32,118 [INFO] PluginManage:359 - Loaded plugin ipmanager (category:base,tabindex:5)
2025-09-10 10:03:32,118 [INFO] PluginManage:310 - Check plugin lpbam
2025-09-10 10:03:32,130 [INFO] PluginManage:359 - Loaded plugin lpbam (category:base,tabindex:0)
2025-09-10 10:03:32,130 [INFO] PluginManage:310 - Check plugin memorymap
2025-09-10 10:03:32,138 [INFO] PluginManage:359 - Loaded plugin memorymap (category:base,tabindex:4)
2025-09-10 10:03:32,139 [INFO] PluginManage:310 - Check plugin pinoutandconfiguration
2025-09-10 10:03:32,147 [INFO] PluginManage:359 - Loaded plugin pinoutandconfiguration (category:base,tabindex:1)
2025-09-10 10:03:32,147 [INFO] PluginManage:310 - Check plugin pinoutconfig
2025-09-10 10:03:32,207 [WARN] SupportedApi:132 - Cannot load RTOS API schema: s4s-elt-must-match.1: The content of 'definitions' must match (annotation?, (simpleType | complexType)?, (unique | key | keyref)*)). A problem was found starting at: attribute.
2025-09-10 10:03:32,288 [INFO] PluginManage:359 - Loaded plugin pinoutconfig (category:base,tabindex:0)
2025-09-10 10:03:32,288 [INFO] PluginManage:310 - Check plugin power
2025-09-10 10:03:32,297 [INFO] PluginManage:359 - Loaded plugin power (category:power,tabindex:4)
2025-09-10 10:03:32,297 [INFO] PluginManage:310 - Check plugin projectmanager
2025-09-10 10:03:32,309 [INFO] PluginManage:359 - Loaded plugin projectmanager (category:projectmanager,tabindex:4)
2025-09-10 10:03:32,309 [INFO] PluginManage:310 - Check plugin rif
2025-09-10 10:03:32,316 [INFO] PluginManage:359 - Loaded plugin rif (category:base,tabindex:3)
2025-09-10 10:03:32,316 [INFO] PluginManage:310 - Check plugin thirdparty
2025-09-10 10:03:32,398 [INFO] PluginManage:359 - Loaded plugin thirdparty (category:base,tabindex:-1)
2025-09-10 10:03:32,399 [INFO] PluginManage:310 - Check plugin tools
2025-09-10 10:03:32,399 [WARN] IntegrityCheckThread:84 - waiting for thirdparty lock release [integrity check]
2025-09-10 10:03:32,399 [INFO] IntegrityCheckThread:86 - entering critical section [integrity check]
2025-09-10 10:03:32,399 [INFO] ThirdPartyUpdaterWithRetryManager:70 - Updater plugin not ready yet. [1/15]
2025-09-10 10:03:32,400 [INFO] PluginManage:359 - Loaded plugin tools (category:base,tabindex:7)
2025-09-10 10:03:32,400 [INFO] PluginManage:310 - Check plugin tutovideos
2025-09-10 10:03:32,519 [INFO] PluginManage:359 - Loaded plugin tutovideos (category:base,tabindex:-1)
2025-09-10 10:03:32,520 [INFO] PluginManage:310 - Check plugin updater
2025-09-10 10:03:32,539 [INFO] PluginManage:359 - Loaded plugin updater (category:base,tabindex:12)
2025-09-10 10:03:32,539 [INFO] PluginManage:310 - Check plugin userauth
2025-09-10 10:03:32,543 [INFO] UserAuth:118 - Init User Auth plugin
2025-09-10 10:03:32,543 [INFO] PluginManage:359 - Loaded plugin userauth (category:base,tabindex:14)
2025-09-10 10:03:32,544 [INFO] PluginManage:283 - PluginManage : Loaded plugins [18]
2025-09-10 10:03:32,669 [INFO] PinOutPanel:1589 - setPackage(No Configuration,No Configuration)
2025-09-10 10:03:32,710 [INFO] CADModel:165 - CPN selected for project level
2025-09-10 10:03:32,711 [INFO] CADModel:114 - Register for checkConnection events
2025-09-10 10:03:32,719 [INFO] IPUIPlugin:80 - create IPUIPlugin
2025-09-10 10:03:32,719 [INFO] PluginManager:220 - loadIPPluginJar : add adc
2025-09-10 10:03:32,720 [INFO] IPUIPlugin:80 - create IPUIPlugin
2025-09-10 10:03:32,720 [INFO] PluginManager:220 - loadIPPluginJar : add aes
2025-09-10 10:03:32,721 [INFO] IPUIPlugin:80 - create IPUIPlugin
2025-09-10 10:03:32,721 [INFO] PluginManager:220 - loadIPPluginJar : add can
2025-09-10 10:03:32,722 [INFO] IPUIPlugin:80 - create IPUIPlugin
2025-09-10 10:03:32,722 [INFO] PluginManager:220 - loadIPPluginJar : add comp
2025-09-10 10:03:32,724 [INFO] IPUIPlugin:80 - create IPUIPlugin
2025-09-10 10:03:32,724 [INFO] PluginManager:220 - loadIPPluginJar : add cryp
2025-09-10 10:03:32,725 [INFO] IPUIPlugin:80 - create IPUIPlugin
2025-09-10 10:03:32,725 [INFO] PluginManager:220 - loadIPPluginJar : add ddr_ctrl_phy
2025-09-10 10:03:32,727 [INFO] IPUIPlugin:80 - create IPUIPlugin
2025-09-10 10:03:32,727 [INFO] PluginManager:220 - loadIPPluginJar : add dfsdm
2025-09-10 10:03:32,730 [INFO] IPUIPlugin:80 - create IPUIPlugin
2025-09-10 10:03:32,731 [INFO] PluginManager:220 - loadIPPluginJar : add dma
2025-09-10 10:03:32,732 [INFO] IPUIPlugin:80 - create IPUIPlugin
2025-09-10 10:03:32,732 [INFO] PluginManager:220 - loadIPPluginJar : add dma3
2025-09-10 10:03:32,733 [INFO] IPUIPlugin:80 - create IPUIPlugin
2025-09-10 10:03:32,733 [INFO] PluginManager:220 - loadIPPluginJar : add extmemmanager
2025-09-10 10:03:32,734 [INFO] IPUIPlugin:80 - create IPUIPlugin
2025-09-10 10:03:32,734 [INFO] PluginManager:220 - loadIPPluginJar : add fatfs
2025-09-10 10:03:32,737 [INFO] IPUIPlugin:80 - create IPUIPlugin
2025-09-10 10:03:32,737 [INFO] PluginManager:220 - loadIPPluginJar : add fmc
2025-09-10 10:03:32,741 [INFO] IPUIPlugin:80 - create IPUIPlugin
2025-09-10 10:03:32,741 [INFO] PluginManager:220 - loadIPPluginJar : add freertos
2025-09-10 10:03:32,742 [INFO] IPUIPlugin:80 - create IPUIPlugin
2025-09-10 10:03:32,742 [INFO] PluginManager:220 - loadIPPluginJar : add genericplugin
2025-09-10 10:03:32,743 [INFO] IPUIPlugin:80 - create IPUIPlugin
2025-09-10 10:03:32,743 [INFO] PluginManager:220 - loadIPPluginJar : add gfxmmu
2025-09-10 10:03:32,746 [INFO] IPUIPlugin:80 - create IPUIPlugin
2025-09-10 10:03:32,746 [INFO] PluginManager:220 - loadIPPluginJar : add gic
2025-09-10 10:03:32,748 [INFO] IPUIPlugin:80 - create IPUIPlugin
2025-09-10 10:03:32,749 [INFO] PluginManager:220 - loadIPPluginJar : add gpio
2025-09-10 10:03:32,750 [INFO] IPUIPlugin:80 - create IPUIPlugin
2025-09-10 10:03:32,750 [INFO] PluginManager:220 - loadIPPluginJar : add gtzc
2025-09-10 10:03:32,752 [INFO] IPUIPlugin:80 - create IPUIPlugin
2025-09-10 10:03:32,752 [INFO] PluginManager:220 - loadIPPluginJar : add hash
2025-09-10 10:03:32,753 [INFO] IPUIPlugin:80 - create IPUIPlugin
2025-09-10 10:03:32,753 [INFO] PluginManager:220 - loadIPPluginJar : add i2c
2025-09-10 10:03:32,754 [INFO] IPUIPlugin:80 - create IPUIPlugin
2025-09-10 10:03:32,754 [INFO] PluginManager:220 - loadIPPluginJar : add i2s
2025-09-10 10:03:32,756 [INFO] IPUIPlugin:80 - create IPUIPlugin
2025-09-10 10:03:32,756 [INFO] PluginManager:220 - loadIPPluginJar : add i3c
2025-09-10 10:03:32,758 [INFO] IPUIPlugin:80 - create IPUIPlugin
2025-09-10 10:03:32,758 [INFO] PluginManager:220 - loadIPPluginJar : add ipddr
2025-09-10 10:03:32,762 [INFO] IPUIPlugin:80 - create IPUIPlugin
2025-09-10 10:03:32,762 [INFO] PluginManager:220 - loadIPPluginJar : add linkedlist
2025-09-10 10:03:32,763 [INFO] IPUIPlugin:80 - create IPUIPlugin
2025-09-10 10:03:32,763 [INFO] PluginManager:220 - loadIPPluginJar : add lorawan
2025-09-10 10:03:32,764 [INFO] IPUIPlugin:80 - create IPUIPlugin
2025-09-10 10:03:32,764 [INFO] PluginManager:220 - loadIPPluginJar : add ltdc
2025-09-10 10:03:32,767 [INFO] IPUIPlugin:80 - create IPUIPlugin
2025-09-10 10:03:32,767 [INFO] PluginManager:220 - loadIPPluginJar : add mdma
2025-09-10 10:03:32,769 [INFO] IPUIPlugin:80 - create IPUIPlugin
2025-09-10 10:03:32,769 [INFO] PluginManager:220 - loadIPPluginJar : add nvic
2025-09-10 10:03:32,771 [INFO] IPUIPlugin:80 - create IPUIPlugin
2025-09-10 10:03:32,772 [INFO] PluginManager:220 - loadIPPluginJar : add opamp
2025-09-10 10:03:32,773 [INFO] IPUIPlugin:80 - create IPUIPlugin
2025-09-10 10:03:32,773 [INFO] PluginManager:220 - loadIPPluginJar : add openamp
2025-09-10 10:03:32,775 [INFO] IPUIPlugin:80 - create IPUIPlugin
2025-09-10 10:03:32,775 [INFO] PluginManager:220 - loadIPPluginJar : add pdm2pcm
2025-09-10 10:03:32,779 [INFO] IPUIPlugin:80 - create IPUIPlugin
2025-09-10 10:03:32,780 [INFO] PluginManager:220 - loadIPPluginJar : add plateformsettings
2025-09-10 10:03:32,781 [INFO] IPUIPlugin:80 - create IPUIPlugin
2025-09-10 10:03:32,781 [INFO] PluginManager:220 - loadIPPluginJar : add quadspi
2025-09-10 10:03:32,782 [INFO] IPUIPlugin:80 - create IPUIPlugin
2025-09-10 10:03:32,782 [INFO] PluginManager:220 - loadIPPluginJar : add radio
2025-09-10 10:03:32,784 [INFO] IPUIPlugin:80 - create IPUIPlugin
2025-09-10 10:03:32,784 [INFO] PluginManager:220 - loadIPPluginJar : add resmgrutility
2025-09-10 10:03:32,786 [INFO] IPUIPlugin:80 - create IPUIPlugin
2025-09-10 10:03:32,786 [INFO] PluginManager:220 - loadIPPluginJar : add sai
2025-09-10 10:03:32,788 [INFO] IPUIPlugin:80 - create IPUIPlugin
2025-09-10 10:03:32,788 [INFO] PluginManager:220 - loadIPPluginJar : add spi
2025-09-10 10:03:32,792 [INFO] IPUIPlugin:80 - create IPUIPlugin
2025-09-10 10:03:32,792 [INFO] PluginManager:220 - loadIPPluginJar : add stm32_wpan
2025-09-10 10:03:32,793 [INFO] IPUIPlugin:80 - create IPUIPlugin
2025-09-10 10:03:32,793 [INFO] PluginManager:220 - loadIPPluginJar : add tim
2025-09-10 10:03:32,795 [INFO] IPUIPlugin:80 - create IPUIPlugin
2025-09-10 10:03:32,795 [INFO] PluginManager:220 - loadIPPluginJar : add touchsensing
2025-09-10 10:03:32,796 [INFO] IPUIPlugin:80 - create IPUIPlugin
2025-09-10 10:03:32,796 [INFO] PluginManager:220 - loadIPPluginJar : add tracer_emb
2025-09-10 10:03:32,797 [INFO] IPUIPlugin:80 - create IPUIPlugin
2025-09-10 10:03:32,797 [INFO] PluginManager:220 - loadIPPluginJar : add ts
2025-09-10 10:03:32,798 [INFO] IPUIPlugin:80 - create IPUIPlugin
2025-09-10 10:03:32,798 [INFO] PluginManager:220 - loadIPPluginJar : add tsc
2025-09-10 10:03:32,799 [INFO] IPUIPlugin:80 - create IPUIPlugin
2025-09-10 10:03:32,799 [INFO] PluginManager:220 - loadIPPluginJar : add ucpd
2025-09-10 10:03:32,800 [INFO] IPUIPlugin:80 - create IPUIPlugin
2025-09-10 10:03:32,801 [INFO] PluginManager:220 - loadIPPluginJar : add usart
2025-09-10 10:03:32,802 [INFO] IPUIPlugin:80 - create IPUIPlugin
2025-09-10 10:03:32,802 [INFO] PluginManager:220 - loadIPPluginJar : add usbx
2025-09-10 10:03:32,893 [FATAL] Updater:351 - Updater called before beeing initialized
2025-09-10 10:03:32,912 [INFO] RulesReader:64 - Compatibility file has been processed (317 Rules)
2025-09-10 10:03:32,922 [INFO] RulesReader:64 - Compatibility file has been processed (317 Rules)
2025-09-10 10:03:32,928 [INFO] CADModel:165 - CPN selected for project level
2025-09-10 10:03:32,928 [INFO] CADModel:114 - Register for checkConnection events
2025-09-10 10:03:32,928 [FATAL] Updater:351 - Updater called before beeing initialized
2025-09-10 10:03:32,928 [ERROR] CADModel:125 - Updater not yet initialized, retry later 
2025-09-10 10:03:33,014 [FATAL] Updater:351 - Updater called before beeing initialized
2025-09-10 10:03:33,015 [INFO] CADModel:165 - CPN selected for project level
2025-09-10 10:03:33,015 [INFO] CADModel:114 - Register for checkConnection events
2025-09-10 10:03:33,015 [FATAL] Updater:351 - Updater called before beeing initialized
2025-09-10 10:03:33,015 [ERROR] CADModel:125 - Updater not yet initialized, retry later 
2025-09-10 10:03:33,018 [FATAL] Updater:351 - Updater called before beeing initialized
2025-09-10 10:03:33,080 [FATAL] Updater:351 - Updater called before beeing initialized
2025-09-10 10:03:33,082 [INFO] DbMcusAds:53 - JSON generation date=Tue Jul 08 10:14:23 CEST 2025 (1751962463582)
2025-09-10 10:03:33,082 [FATAL] Updater:351 - Updater called before beeing initialized
2025-09-10 10:03:33,106 [WARN] DetailPanel:346 - Failed to get advertising image, set to default
2025-09-10 10:03:33,152 [FATAL] Updater:351 - Updater called before beeing initialized
2025-09-10 10:03:33,154 [FATAL] Updater:351 - Updater called before beeing initialized
2025-09-10 10:03:33,154 [FATAL] Updater:351 - Updater called before beeing initialized
2025-09-10 10:03:33,154 [WARN] DetailPanel:346 - Failed to get advertising image, set to default
2025-09-10 10:03:33,155 [FATAL] Updater:351 - Updater called before beeing initialized
2025-09-10 10:03:33,175 [ERROR] Updater:1198 - MainUpdater not yet initialized. External WinMGr cannot be set.
2025-09-10 10:03:33,177 [INFO] Updater:1134 - Updater Version found : 6.15.0
2025-09-10 10:03:33,187 [INFO] ApplicationProperties:184 - Using Application install path: /opt/st/stm32cubeide_1.19.0/plugins/com.st.stm32cube.common.mx_6.15.0.202507011659
2025-09-10 10:03:33,194 [ERROR] LogOutputStream:75 - [STDERR_REDIRECT] Sep 10, 2025 10:03:33 AM java.util.prefs.FileSystemPreferences$2 run
2025-09-10 10:03:33,195 [ERROR] LogOutputStream:75 - [STDERR_REDIRECT] WARNING: Could not create system preferences directory. System preferences are unusable.
2025-09-10 10:03:33,195 [ERROR] LogOutputStream:75 - [STDERR_REDIRECT] 
2025-09-10 10:03:33,630 [INFO] McuFinderGlobals:63 - Set McuFinder mode to 2 (CubeIDE integrated)
2025-09-10 10:03:33,652 [INFO] MainUpdater:2872 - connection check result : 10
2025-09-10 10:03:33,653 [INFO] MainUpdater:289 - Updater Check For Update Now.
2025-09-10 10:03:33,653 [INFO] MicroXplorer:498 - Change Database Version : DB.6.0.150
2025-09-10 10:03:33,656 [INFO] McuFinderGlobals:63 - Set McuFinder mode to 2 (CubeIDE integrated)
2025-09-10 10:03:33,657 [INFO] UserAuth:487 - Internet connection configuration mode: 1
2025-09-10 10:03:33,672 [INFO] JxBrowserEngine:152 - Initiate JxBrowser Engine with user profile folder
2025-09-10 10:03:33,832 [INFO] CheckServerUpdateThread:120 - End of CheckServer Thread
2025-09-10 10:03:33,858 [INFO] MainUpdater:2872 - connection check result : 10
2025-09-10 10:03:34,161 [INFO] ApiDb:581 - Connected to CubeFinder SQLite database (/home/matijak/.stmcufinder/plugins/mcufinder/mcu/cube-finder-db.db)
2025-09-10 10:03:34,216 [INFO] ApiDb:668 - CubeFinder database Data Model version=2.1
2025-09-10 10:03:34,216 [INFO] ApiDb:669 - CubeFinder database Configuration version=3.0.39
2025-09-10 10:03:34,217 [INFO] ApiDb:670 - CubeFinder database generation date=2025-07-24 (1753349077)
2025-09-10 10:03:34,217 [INFO] ApiDb:671 - CubeFinder database FW Pack versions=[FP-ATR-ASTRA1_V2.0.0, FP-SNS-FLIGHT1_V5.1.0, FP-SNS-MOTENV1_V5.0.0, FP-SNS-MOTENVWB1_V1.4.0, FP-SNS-SMARTAG2_V1.2.0, FP-SNS-STBOX1_V2.0.0, STM32Cube_FW_C0_V1.4.0, STM32Cube_FW_F4_V1.28.2, STM32Cube_FW_F7_V1.17.3, STM32Cube_FW_G0_V1.6.2, STM32Cube_FW_G4_V1.6.1, STM32Cube_FW_H5_V1.5.0, STM32Cube_FW_H7RS_V1.2.0, STM32Cube_FW_H7_V1.12.1, STM32Cube_FW_L0_V1.12.2, STM32Cube_FW_L4_V1.18.1, STM32Cube_FW_L5_V1.5.1, STM32Cube_FW_N6_V1.2.0, STM32Cube_FW_U0_V1.3.0, STM32Cube_FW_U3_V1.2.0, STM32Cube_FW_U5_V1.8.0, STM32Cube_FW_WB0_V1.3.0, STM32Cube_FW_WBA_V1.7.0, STM32Cube_FW_WB_V1.23.0, STM32Cube_FW_WL3_V1.2.0, STM32Cube_FW_WL_V1.3.1, X-CUBE-ALGOBUILD_V1.4.0, X-CUBE-ALS_V1.0.2, X-CUBE-AZRTOS-F4_V1.1.0, X-CUBE-AZRTOS-F7_V1.1.0, X-CUBE-AZRTOS-G0_V1.1.0, X-CUBE-AZRTOS-G4_V2.0.0, X-CUBE-AZRTOS-H7RS_V1.1.0, X-CUBE-AZRTOS-H7_V3.4.0, X-CUBE-AZRTOS-L4_V2.0.0, X-CUBE-AZRTOS-L5_V2.0.0, X-CUBE-AZRTOS-WB_V2.0.0, X-CUBE-AZRTOS-WL_V2.0.0, X-CUBE-BLE1_V7.1.0, X-CUBE-BLE2_V3.3.0, X-CUBE-BLEMGR_V4.1.0, X-CUBE-EEPRMA1_V5.2.0, X-CUBE-FREERTOS_V1.3.1, X-CUBE-GNSS1_V6.0.0, X-CUBE-MEMS1_V11.3.0, X-CUBE-NFC4_V3.0.0, X-CUBE-NFC7_V2.0.0, X-CUBE-SFXS2LP1_V4.0.0, X-CUBE-ST67W61_V1.0.0, X-CUBE-SUBG2_V5.0.0, X-CUBE-TOF1_V3.4.3]
2025-09-10 10:03:34,507 [INFO] WebApp:169 - Instantiating new browser for Auth
2025-09-10 10:03:35,024 [INFO] WebApp:463 - Apply proxy settings
2025-09-10 10:03:35,024 [INFO] WebApp:548 - Chromium requires no authentication
2025-09-10 10:03:35,031 [INFO] WebApp:491 - Direct internet connection detected
2025-09-10 10:03:35,044 [INFO] WebApp:900 - Register for checkConnection events
2025-09-10 10:03:35,044 [INFO] WebApp:463 - Apply proxy settings
2025-09-10 10:03:35,044 [INFO] WebApp:548 - Chromium requires no authentication
2025-09-10 10:03:35,044 [INFO] WebApp:491 - Direct internet connection detected
2025-09-10 10:03:35,131 [INFO] WebApp:225 - Starting web application
2025-09-10 10:03:35,132 [INFO] WebApp:593 - Web application path used /opt/st/stm32cubeide_1.19.0/plugins/com.st.stm32cube.common.mx_6.15.0.202507011659/db/plugins/mcufinder/reactClient1/index.html
2025-09-10 10:03:35,207 [INFO] UserAuth:487 - Internet connection configuration mode: 1
2025-09-10 10:03:35,516 [WARN] PackLoader:240 - Cannot read IP mode file for STMicroelectronics.FP-SNS-MOTENVWB1.1.4.0
2025-09-10 10:03:35,524 [WARN] PackLoader:240 - Cannot read IP mode file for STMicroelectronics.FP-ATR-ASTRA1.2.0.2
2025-09-10 10:03:35,532 [WARN] PackLoader:240 - Cannot read IP mode file for STMicroelectronics.X-CUBE-SMBUS.2.1.0
2025-09-10 10:03:35,536 [WARN] PackLoader:240 - Cannot read IP mode file for STMicroelectronics.X-CUBE-ST60.1.0.0
2025-09-10 10:03:35,565 [WARN] PackLoader:240 - Cannot read IP mode file for STMicroelectronics.X-CUBE-AZRTOS-F7.1.1.0
2025-09-10 10:03:35,579 [WARN] PackLoader:240 - Cannot read IP mode file for WES.I-CUBE-Cesium.1.4.0
2025-09-10 10:03:35,605 [WARN] PackLoader:240 - Cannot read IP mode file for Infineon.AIROC-Wi-Fi-Bluetooth-STM32.1.7.1
2025-09-10 10:03:35,643 [WARN] PackLoader:240 - Cannot read IP mode file for STMicroelectronics.X-CUBE-AZRTOS-H7.3.4.0
2025-09-10 10:03:35,644 [INFO] WebApp:191 - Connection restablished
2025-09-10 10:03:35,673 [WARN] PackLoader:240 - Cannot read IP mode file for STMicroelectronics.X-CUBE-DISPLAY.3.0.0
2025-09-10 10:03:35,694 [WARN] PackLoader:240 - Cannot read IP mode file for STMicroelectronics.X-CUBE-NFC10.1.0.0
2025-09-10 10:03:35,704 [WARN] PackLoader:240 - Cannot read IP mode file for emotas.I-CUBE-CANOPEN.1.3.0
2025-09-10 10:03:35,714 [WARN] PackLoader:240 - Cannot read IP mode file for STMicroelectronics.FP-SNS-STBOX1.2.1.0
2025-09-10 10:03:35,744 [WARN] PackLoader:240 - Cannot read IP mode file for STMicroelectronics.FP-SNS-SMARTAG2.1.2.0
2025-09-10 10:03:35,749 [WARN] PackLoader:240 - Cannot read IP mode file for STMicroelectronics.FP-SNS-FLIGHT1.5.1.0
2025-09-10 10:03:35,762 [INFO] LogOutputStream:77 - [STDOUT_REDIRECT] 1 : Invalid condition id : UX_CORESTACK_Condition cause : null
2025-09-10 10:03:35,763 [INFO] LogOutputStream:77 - [STDOUT_REDIRECT] 1 : Invalid condition id : UX_CORESTACK_Condition cause : null
2025-09-10 10:03:35,765 [INFO] LogOutputStream:77 - [STDOUT_REDIRECT] 1 : Invalid condition id : UX_CORESTACK_Condition cause : null
2025-09-10 10:03:35,766 [INFO] LogOutputStream:77 - [STDOUT_REDIRECT] 1 : Invalid condition id : UX_CORESTACK_Condition cause : null
2025-09-10 10:03:35,768 [INFO] LogOutputStream:77 - [STDOUT_REDIRECT] 1 : Invalid condition id : UX_CORESTACK_Condition cause : null
2025-09-10 10:03:35,773 [WARN] PackLoader:240 - Cannot read IP mode file for STMicroelectronics.X-CUBE-AZRTOS-WL.2.0.0
2025-09-10 10:03:35,781 [WARN] PackLoader:240 - Cannot read IP mode file for STMicroelectronics.FP-SNS-MOTENV1.5.0.0
2025-09-10 10:03:35,792 [WARN] PackLoader:240 - Cannot read IP mode file for STMicroelectronics.X-CUBE-BLE2.3.3.0
2025-09-10 10:03:35,800 [WARN] PackLoader:240 - Cannot read IP mode file for STMicroelectronics.X-CUBE-NFC9.1.0.0
2025-09-10 10:03:35,807 [WARN] PackLoader:240 - Cannot read IP mode file for wolfSSL.I-CUBE-wolfSSL.5.8.2
2025-09-10 10:03:35,813 [WARN] PackLoader:240 - Cannot read IP mode file for STMicroelectronics.X-CUBE-BLE1.7.1.0
2025-09-10 10:03:35,818 [WARN] PackLoader:240 - Cannot read IP mode file for wolfSSL.I-CUBE-wolfMQTT.1.19.2
2025-09-10 10:03:35,823 [WARN] PackLoader:240 - Cannot read IP mode file for STMicroelectronics.X-CUBE-EEPRMA1.5.2.0
2025-09-10 10:03:35,845 [WARN] PackLoader:240 - Cannot read IP mode file for STMicroelectronics.X-CUBE-AZRTOS-G0.1.1.0
2025-09-10 10:03:35,853 [WARN] PackLoader:240 - Cannot read IP mode file for STMicroelectronics.X-CUBE-SAFEA1.1.2.2
2025-09-10 10:03:35,860 [WARN] PackLoader:240 - Cannot read IP mode file for STMicroelectronics.X-CUBE-NFC4.3.0.0
2025-09-10 10:03:35,870 [WARN] PackLoader:240 - Cannot read IP mode file for EmbeddedOffice.I-CUBE-FS-RTOS.1.0.1
2025-09-10 10:03:35,876 [WARN] PackLoader:240 - Cannot read IP mode file for STMicroelectronics.X-CUBE-WB05N.2.0.0
2025-09-10 10:03:35,881 [WARN] PackLoader:240 - Cannot read IP mode file for wolfSSL.I-CUBE-wolfTPM.3.8.0
2025-09-10 10:03:35,887 [WARN] PackLoader:240 - Cannot read IP mode file for STMicroelectronics.X-CUBE-TCPP.4.2.0
2025-09-10 10:03:35,894 [WARN] PackLoader:240 - Cannot read IP mode file for RealThread.X-CUBE-RT-Thread_Nano.4.1.1
2025-09-10 10:03:35,898 [WARN] PackLoader:240 - Cannot read IP mode file for STMicroelectronics.FP-ATR-SIGFOX1.3.2.0
2025-09-10 10:03:35,904 [WARN] PackLoader:240 - Cannot read IP mode file for ITTIA_DB.I-CUBE-ITTIADB.8.9.0
2025-09-10 10:03:35,910 [WARN] PackLoader:240 - Cannot read IP mode file for STMicroelectronics.X-CUBE-ST67W61.1.0.0
2025-09-10 10:03:35,916 [WARN] PackLoader:240 - Cannot read IP mode file for STMicroelectronics.X-CUBE-AI.10.2.0
2025-09-10 10:03:35,953 [WARN] PackLoader:240 - Cannot read IP mode file for SEGGER.I-CUBE-embOS.1.3.1
2025-09-10 10:03:35,999 [WARN] PackLoader:240 - Cannot read IP mode file for STMicroelectronics.X-CUBE-ALGOBUILD.1.4.0
2025-09-10 10:03:36,043 [WARN] PackLoader:240 - Cannot read IP mode file for STMicroelectronics.X-CUBE-MEMS1.11.3.0
2025-09-10 10:03:36,160 [WARN] PackLoader:240 - Cannot read IP mode file for STMicroelectronics.X-CUBE-PM33A1.1.0.0
2025-09-10 10:03:36,171 [WARN] PackLoader:240 - Cannot read IP mode file for STMicroelectronics.X-CUBE-AZRTOS-F4.1.1.0
2025-09-10 10:03:36,176 [WARN] PackLoader:240 - Cannot read IP mode file for Avnet-IotConnect.X-CUBE-IoTC-DA16k-PMOD.1.0.0
2025-09-10 10:03:36,179 [WARN] PackLoader:240 - Cannot read IP mode file for STMicroelectronics.X-CUBE-ISPU.2.1.0
2025-09-10 10:03:36,184 [WARN] PackLoader:240 - Cannot read IP mode file for STMicroelectronics.X-CUBE-NFC12.1.0.0
2025-09-10 10:03:36,198 [WARN] PackLoader:240 - Cannot read IP mode file for STMicroelectronics.X-CUBE-AZRTOS-L5.2.0.0
2025-09-10 10:03:36,206 [WARN] PackLoader:240 - Cannot read IP mode file for STMicroelectronics.X-CUBE-NFC6.3.1.0
2025-09-10 10:03:36,213 [WARN] PackLoader:240 - Cannot read IP mode file for STMicroelectronics.X-CUBE-FREERTOS.1.3.1
2025-09-10 10:03:36,218 [WARN] PackLoader:240 - Cannot read IP mode file for STMicroelectronics.FP-SNS-STAIOTCFT.1.0.0
2025-09-10 10:03:36,222 [WARN] PackLoader:240 - Cannot read IP mode file for STMicroelectronics.X-CUBE-DPower.1.3.0
2025-09-10 10:03:36,239 [WARN] ConditionMgr:438 - getConditionDescription Invalid condition id : LAN8742 Phy interface Condition cause : null
2025-09-10 10:03:36,239 [WARN] PackLoader:240 - Cannot read IP mode file for STMicroelectronics.X-CUBE-AZRTOS-L4.2.0.0
2025-09-10 10:03:36,240 [WARN] ConditionMgr:1044 - genDependencies : Invalid condition id : LAN8742 Phy interface Condition cause : null
2025-09-10 10:03:36,241 [WARN] ConditionMgr:1044 - genDependencies : Invalid condition id : LAN8742 Phy interface Condition cause : null
2025-09-10 10:03:36,241 [WARN] ConditionMgr:1044 - genDependencies : Invalid condition id : LAN8742 Phy interface Condition cause : null
2025-09-10 10:03:36,249 [WARN] PackLoader:240 - Cannot read IP mode file for STMicroelectronics.X-CUBE-SFXS2LP1.4.0.0
2025-09-10 10:03:36,262 [WARN] PackLoader:240 - Cannot read IP mode file for STMicroelectronics.X-CUBE-BLEMGR.4.1.0
2025-09-10 10:03:36,273 [WARN] ConditionMgr:438 - getConditionDescription Invalid condition id : UX DEVICE CLASS RTOS Condition cause : null
2025-09-10 10:03:36,274 [WARN] ConditionMgr:438 - getConditionDescription Invalid condition id : UX DEVICE CLASS RTOS Condition cause : null
2025-09-10 10:03:36,275 [WARN] PackLoader:240 - Cannot read IP mode file for STMicroelectronics.X-CUBE-AZRTOS-WB.2.0.0
2025-09-10 10:03:36,276 [WARN] ConditionMgr:1044 - genDependencies : Invalid condition id : UX DEVICE CLASS RTOS Condition cause : null
2025-09-10 10:03:36,276 [WARN] ConditionMgr:1044 - genDependencies : Invalid condition id : UX DEVICE CLASS RTOS Condition cause : null
2025-09-10 10:03:36,277 [WARN] ConditionMgr:1044 - genDependencies : Invalid condition id : UX DEVICE CLASS RTOS Condition cause : null
2025-09-10 10:03:36,277 [WARN] ConditionMgr:1044 - genDependencies : Invalid condition id : UX DEVICE CLASS RTOS Condition cause : null
2025-09-10 10:03:36,277 [WARN] ConditionMgr:1044 - genDependencies : Invalid condition id : UX DEVICE CLASS RTOS Condition cause : null
2025-09-10 10:03:36,294 [WARN] PackLoader:240 - Cannot read IP mode file for STMicroelectronics.X-CUBE-GNSS1.7.0.1
2025-09-10 10:03:36,303 [WARN] PackLoader:240 - Cannot read IP mode file for STMicroelectronics.X-CUBE-TOUCHGFX.4.25.0
2025-09-10 10:03:36,308 [WARN] ConditionMgr:438 - getConditionDescription Invalid condition id : Cortex-A Device cause : null
2025-09-10 10:03:36,325 [WARN] ConditionMgr:1044 - genDependencies : Invalid condition id : Cortex-A Device cause : null
2025-09-10 10:03:36,325 [WARN] ConditionMgr:1044 - genDependencies : Invalid condition id : Cortex-A Device cause : null
2025-09-10 10:03:36,325 [WARN] ConditionMgr:1044 - genDependencies : Invalid condition id : Cortex-A Device cause : null
2025-09-10 10:03:36,343 [WARN] PackLoader:240 - Cannot read IP mode file for STMicroelectronics.X-CUBE-SUBG2.5.0.0
2025-09-10 10:03:36,383 [WARN] PackLoader:240 - Cannot read IP mode file for STMicroelectronics.X-CUBE-AZRTOS-H7RS.1.1.0
2025-09-10 10:03:36,392 [WARN] PackLoader:240 - Cannot read IP mode file for Cesanta.I-CUBE-Mongoose.7.13.0
2025-09-10 10:03:36,408 [WARN] PackLoader:240 - Cannot read IP mode file for STMicroelectronics.X-CUBE-AZRTOS-G4.2.0.0
2025-09-10 10:03:36,416 [WARN] PackLoader:240 - Cannot read IP mode file for wolfSSL.I-CUBE-wolfSSH.1.4.20
2025-09-10 10:03:36,421 [WARN] PackLoader:240 - Cannot read IP mode file for STMicroelectronics.X-CUBE-NFC7.2.0.0
2025-09-10 10:03:36,438 [WARN] PackLoader:240 - Cannot read IP mode file for STMicroelectronics.X-CUBE-IPS.3.1.0
2025-09-10 10:03:36,451 [WARN] PackLoader:240 - Cannot read IP mode file for STMicroelectronics.X-CUBE-ALS.1.0.2
2025-09-10 10:03:36,458 [WARN] PackLoader:240 - Cannot read IP mode file for STMicroelectronics.X-CUBE-STSE01.1.0.0
2025-09-10 10:03:36,471 [WARN] PackLoader:240 - Cannot read IP mode file for STMicroelectronics.X-CUBE-TOF1.3.4.3
2025-09-10 10:03:36,484 [INFO] ThirdParty:978 - Integrity check success = true
2025-09-10 10:03:36,484 [INFO] IntegrityCheckThread:100 - exiting critical section [integrity check]
2025-09-10 10:03:36,485 [INFO] IntegrityCheckThread:103 - End integrity checks thread
2025-09-10 10:03:36,692 [INFO] ApiDb:240 - Found 880 in-development CPN: [B-G473E-ZEST1S, B-WB1M-WPAN1, B-WBA5M-WPAN, B-WL5M-SUBG1, NUCLEO-C031C6, NUCLEO-C051C8, NUCLEO-C071RB, NUCLEO-C092RC, NUCLEO-H503RB, NUCLEO-H533RE, NUCLEO-H563ZI, NUCLEO-H7S3L8, NUCLEO-N657X0-Q, NUCLEO-U031R8, NUCLEO-U083RC, NUCLEO-U385RG-Q, NUCLEO-U545RE-Q, NUCLEO-U5A5ZJ-Q, NUCLEO-WB05KZ, NUCLEO-WB07CC, NUCLEO-WB09KE, NUCLEO-WBA52CG, NUCLEO-WBA55CG, NUCLEO-WL33CC1, NUCLEO-WL33CC2, STEVAL-PROTEUS1, STEVAL-SMARTAG2, STEVAL-STWINBX1, STM320518-EVAL, STM32C0116-DK, STM32C011D6Y3TR, STM32C011D6Y6TR, STM32C011F4P3, STM32C011F4P6, STM32C011F4U3, STM32C011F4U6TR, STM32C011F6P3, STM32C011F6P6, STM32C011F6U3, STM32C011F6U6TR, STM32C011J4M3, STM32C011J4M6, STM32C011J6M3, STM32C011J6M6, STM32C0316-DK, STM32C031C4T3, STM32C031C4T6, STM32C031C4U3, STM32C031C4U6, STM32C031C6T3, STM32C031C6T6, STM32C031C6U3, STM32C031C6U6, STM32C031F4P3, STM32C031F4P6, STM32C031F6P3, STM32C031F6P6, STM32C031G4U3, STM32C031G4U6, STM32C031G6U3, STM32C031G6U6, STM32C031K4T3, STM32C031K4T6, STM32C031K4U3, STM32C031K4U6, STM32C031K6T3, STM32C031K6T6, STM32C031K6U3, STM32C031K6U6, STM32C051C6T6, STM32C051C6U6, STM32C051C8T6, STM32C051C8U6, STM32C051D8Y6TR, STM32C051F6P6, STM32C051F8P6, STM32C051G6U6, STM32C051G8U6, STM32C051K6T6, STM32C051K6U6, STM32C051K8T6, STM32C071C8T6, STM32C071C8T6N, STM32C071C8U6, STM32C071C8U6N, STM32C071CBT6, STM32C071CBT6N, STM32C071CBU6, STM32C071CBU6N, STM32C071F8P6, STM32C071F8P6N, STM32C071FBP6, STM32C071FBP6N, STM32C071FBY6TR, STM32C071G8U6, STM32C071G8U6N, STM32C071GBU6, STM32C071GBU6N, STM32C071K8T6, STM32C071K8T6N, STM32C071K8U6, STM32C071K8U6N, STM32C071KBT6, STM32C071KBT6N, STM32C071KBU6, STM32C071KBU6N, STM32C071R8T6, STM32C071R8T6N, STM32C071RBI6N, STM32C071RBT6, STM32C071RBT6N, STM32C091CBT6, STM32C091CBU6, STM32C091CCT6, STM32C091CCU6, STM32C091ECY6TR, STM32C091FBP6, STM32C091FCP6, STM32C091GBU6, STM32C091GCU6, STM32C091KBT6, STM32C091KBU6, STM32C091KCT6, STM32C091KCU6, STM32C091RBT6, STM32C091RCI6, STM32C091RCT6, STM32C092CBT6, STM32C092CBU6, STM32C092CCT6, STM32C092CCU6, STM32C092ECY6TR, STM32C092FBP6, STM32C092FCP6, STM32C092GBU6, STM32C092GCU6, STM32C092KBT6, STM32C092KBU6, STM32C092KCT6, STM32C092KCU6, STM32C092RBT6, STM32C092RCI6, STM32C092RCT6, STM32G071K8TXN, STM32G071K8UXN, STM32G081GBU6N, STM32G081KBT6N, STM32G081KBUXN, STM32G0B1CCT6N, STM32G0B1KCT6, STM32G0B1NEY6TR, STM32G0B1RCT6N, STM32G0C1CCT6, STM32G0C1CCT6N, STM32G0C1CCU6N, STM32G0C1CET6N, STM32G0C1CEU6N, STM32G0C1KCT6, STM32G0C1NEY6TR, STM32G0C1RCI6N, STM32G0C1RCT6N, STM32G0C1REI6N, STM32G0C1RET6N, STM32G0C1VCI6, STM32G0C1VEI6, STM32G411C6T3, STM32G411C6T6, STM32G411C6U3, STM32G411C6U6, STM32G411C8T3, STM32G411C8T6, STM32G411C8U3, STM32G411C8U6, STM32G411CBT3, STM32G411CBT6, STM32G411CBU3, STM32G411CBU6, STM32G411K6T3, STM32G411K6T6, STM32G411K6U3, STM32G411K6U6, STM32G411K8T3, STM32G411K8T6, STM32G411K8U3, STM32G411K8U6, STM32G411KBT3, STM32G411KBT6, STM32G411KBU3, STM32G411KBU6, STM32G411M6T3, STM32G411M6T6, STM32G411M8T3, STM32G411M8T6, STM32G411MBT3, STM32G411MBT6, STM32G411R6T3, STM32G411R6T6, STM32G411R8T3, STM32G411R8T6, STM32G411RBT3, STM32G411RBT6, STM32G414CBT3, STM32G414CBT6, STM32G414CBU3, STM32G414CBU6, STM32G414CCT3, STM32G414CCT6, STM32G414CCU3, STM32G414CCU6, STM32G414MBT3, STM32G414MBT6, STM32G414MCT3, STM32G414MCT6, STM32G414RBT3, STM32G414RBT6, STM32G414RCT3, STM32G414RCT6, STM32G414VBT3, STM32G414VBT6, STM32G414VCT3, STM32G414VCT6, STM32G431CBT3Z, STM32G431RBT3Z, STM32G471CCT6, STM32G471CCU6, STM32G471CET3, STM32G471CET6, STM32G471CEU3, STM32G471CEU6, STM32G471MCT6, STM32G471MET3, STM32G471MET6, STM32G471MEY6TR, STM32G471QCT6, STM32G471QET3, STM32G471RCT6, STM32G471RET3, STM32G471RET6, STM32G471VCH6, STM32G471VCI6, STM32G471VCT6, STM32G471VEH3, STM32G471VEH6, STM32G471VEI3, STM32G471VEI6, STM32G471VET3, STM32G471VET6, STM32G473QET3Z, STM32G473RET3Z, STM32G474CCT6, STM32G491RET3Z, STM32H503CBT6, STM32H503CBU6, STM32H503EBY6TR, STM32H503KBU6, STM32H503RBT6, STM32H523CCT6, STM32H523CCU6, STM32H523CET6, STM32H523CEU6, STM32H523HEY6TR, STM32H523RCT6, STM32H523RET6, STM32H523VCI6, STM32H523VCT6, STM32H523VEI6, STM32H523VET6, STM32H523ZCJ6, STM32H523ZCT6, STM32H523ZEJ6, STM32H523ZET6, STM32H533CET6, STM32H533CEU6, STM32H533HEY6TR, STM32H533RET6, STM32H533VEI6, STM32H533VET6, STM32H533ZEJ6, STM32H533ZET6, STM32H562AGI6, STM32H562AII6, STM32H562IGK6, STM32H562IGT6, STM32H562IIK6, STM32H562IIT6, STM32H562RGT6, STM32H562RGV6, STM32H562RIT6, STM32H562RIV6, STM32H562VGT6, STM32H562VIT6, STM32H562ZGT6, STM32H562ZIT6, STM32H563AGI6, STM32H563AII3Q, STM32H563AII6, STM32H563IGK6, STM32H563IGT6, STM32H563IIK3Q, STM32H563IIK6, STM32H563IIT3Q, STM32H563IIT6, STM32H563MIY3QTR, STM32H563RGT6, STM32H563RGV6, STM32H563RIT6, STM32H563RIV6, STM32H563VGT6, STM32H563VIT3Q, STM32H563VIT6, STM32H563ZGT6, STM32H563ZIT3Q, STM32H563ZIT6, STM32H573AII3Q, STM32H573AII6, STM32H573I-DK, STM32H573IIK3Q, STM32H573IIK6, STM32H573IIT3Q, STM32H573IIT6, STM32H573MIY3QTR, STM32H573RIT6, STM32H573RIV6, STM32H573VIT3Q, STM32H573VIT6, STM32H573ZIT3Q, STM32H573ZIT6, STM32H7R3A8I6, STM32H7R3I8K6, STM32H7R3I8T6, STM32H7R3L8H6, STM32H7R3L8H6H, STM32H7R3R8V6, STM32H7R3V8H6, STM32H7R3V8T6, STM32H7R3V8Y6TR, STM32H7R3Z8J6, STM32H7R3Z8T6, STM32H7R7A8I6, STM32H7R7I8K6, STM32H7R7I8T6, STM32H7R7L8H6, STM32H7R7L8H6H, STM32H7R7Z8J6, STM32H7S3A8I6, STM32H7S3I8K6, STM32H7S3I8T6, STM32H7S3L8H6, STM32H7S3L8H6H, STM32H7S3R8V6, STM32H7S3V8H6, STM32H7S3V8T6, STM32H7S3V8Y6TR, STM32H7S3Z8J6, STM32H7S3Z8T6, STM32H7S78-DK, STM32H7S7A8I6, STM32H7S7I8K6, STM32H7S7I8T6, STM32H7S7L8H6, STM32H7S7L8H6H, STM32H7S7Z8J6, STM32L4R5QGI6STR, STM32MP131AAE3, STM32MP131AAF3, STM32MP131AAG3, STM32MP131CAE3, STM32MP131CAF3, STM32MP131CAG3, STM32MP131DAE7, STM32MP131DAF7, STM32MP131DAG7, STM32MP131FAE7, STM32MP131FAF7, STM32MP131FAG7, STM32MP133AAE3, STM32MP133AAF3, STM32MP133AAG3, STM32MP133CAE3, STM32MP133CAF3, STM32MP133CAG3, STM32MP133DAE7, STM32MP133DAF7, STM32MP133DAG7, STM32MP133FAE7, STM32MP133FAF7, STM32MP133FAG7, STM32MP135AAE3, STM32MP135AAF3, STM32MP135AAG3, STM32MP135CAE3, STM32MP135CAF3, STM32MP135CAG3, STM32MP135DAE7, STM32MP135DAF7, STM32MP135DAG7, STM32MP135F-DK, STM32MP135FAE7, STM32MP135FAF7, STM32MP135FAF7T, STM32MP135FAF7U, STM32MP135FAG7, STM32MP211AAL3, STM32MP211AAM3, STM32MP211AAN3, STM32MP211AAO3, STM32MP211CAL3, STM32MP211CAM3, STM32MP211CAN3, STM32MP211CAO3, STM32MP211DAL3, STM32MP211DAM3, STM32MP211DAN3, STM32MP211DAO3, STM32MP211FAL3, STM32MP211FAM3, STM32MP211FAN3, STM32MP211FAO3, STM32MP213AAL3, STM32MP213AAM3, STM32MP213AAN3, STM32MP213AAO3, STM32MP213CAL3, STM32MP213CAM3, STM32MP213CAN3, STM32MP213CAO3, STM32MP213DAL3, STM32MP213DAM3, STM32MP213DAN3, STM32MP213DAO3, STM32MP213FAL3, STM32MP213FAM3, STM32MP213FAN3, STM32MP213FAO3, STM32MP215AAL3, STM32MP215AAM3, STM32MP215AAN3, STM32MP215AAO3, STM32MP215CAL3, STM32MP215CAM3, STM32MP215CAN3, STM32MP215CAO3, STM32MP215DAL3, STM32MP215DAM3, STM32MP215DAN3, STM32MP215DAO3, STM32MP215F-DK, STM32MP215FAL3, STM32MP215FAM3, STM32MP215FAN3, STM32MP215FAO3, STM32MP231AAJ3, STM32MP231AAK3, STM32MP231AAL3, STM32MP231CAJ3, STM32MP231CAK3, STM32MP231CAL3, STM32MP231DAJ3, STM32MP231DAK3, STM32MP231DAL3, STM32MP231FAJ3, STM32MP231FAK3, STM32MP231FAL3, STM32MP233AAJ3, STM32MP233AAK3, STM32MP233AAL3, STM32MP233CAJ3, STM32MP233CAK3, STM32MP233CAL3, STM32MP233DAJ3, STM32MP233DAK3, STM32MP233DAL3, STM32MP233FAJ3, STM32MP233FAK3, STM32MP233FAL3, STM32MP235AAJ3, STM32MP235AAK3, STM32MP235AAL3, STM32MP235CAJ3, STM32MP235CAK3, STM32MP235CAL3, STM32MP235DAJ3, STM32MP235DAK3, STM32MP235DAL3, STM32MP235FAJ3, STM32MP235FAK3, STM32MP235FAL3, STM32MP251AAI3, STM32MP251AAK3, STM32MP251AAL3, STM32MP251CAI3, STM32MP251CAK3, STM32MP251CAL3, STM32MP251DAI3, STM32MP251DAK3, STM32MP251DAL3, STM32MP251FAI3, STM32MP251FAK3, STM32MP251FAL3, STM32MP253AAI3, STM32MP253AAK3, STM32MP253AAL3, STM32MP253CAI3, STM32MP253CAK3, STM32MP253CAL3, STM32MP253DAI3, STM32MP253DAK3, STM32MP253DAL3, STM32MP253FAI3, STM32MP253FAK3, STM32MP253FAL3, STM32MP255AAI3, STM32MP255AAK3, STM32MP255AAL3, STM32MP255CAI3, STM32MP255CAK3, STM32MP255CAL3, STM32MP255DAI3, STM32MP255DAK3, STM32MP255DAL3, STM32MP255FAI3, STM32MP255FAK3, STM32MP255FAL3, STM32MP257AAI3, STM32MP257AAK3, STM32MP257AAL3, STM32MP257CAI3, STM32MP257CAK3, STM32MP257CAL3, STM32MP257DAI3, STM32MP257DAK3, STM32MP257DAL3, STM32MP257F-DK, STM32MP257F-EV1, STM32MP257FAI3, STM32MP257FAK3, STM32MP257FAL3, STM32N645A0H3Q, STM32N645B0H3Q, STM32N645I0H3Q, STM32N645L0H3Q, STM32N645X0H3Q, STM32N645Z0H3Q, STM32N647A0H3Q, STM32N647B0H3Q, STM32N647I0H3Q, STM32N647L0H3Q, STM32N647X0H3Q, STM32N647Z0H3Q, STM32N655A0H3Q, STM32N655B0H3Q, STM32N655I0H3Q, STM32N655L0H3Q, STM32N655X0H3Q, STM32N655Z0H3Q, STM32N6570-DK, STM32N657A0H3Q, STM32N657B0H3Q, STM32N657I0H3Q, STM32N657L0H3Q, STM32N657X0H3Q, STM32N657Z0H3Q, STM32U031C6T6, STM32U031C6U6, STM32U031C8T6, STM32U031C8U6, STM32U031F4P6, STM32U031F6P6, STM32U031F8P6, STM32U031G6Y6TR, STM32U031G8Y6TR, STM32U031K4U6, STM32U031K6U6, STM32U031K8U6, STM32U031R6I6, STM32U031R6T6, STM32U031R8I6, STM32U031R8T6, STM32U073C8T6, STM32U073C8U6, STM32U073CBT6, STM32U073CBU6, STM32U073CCT6, STM32U073CCU6, STM32U073H8Y6TR, STM32U073HBY6TR, STM32U073HCY6TR, STM32U073K8U6, STM32U073KBU6, STM32U073KCU6, STM32U073M8I6, STM32U073M8T6, STM32U073MBI6, STM32U073MBT6, STM32U073MCI6, STM32U073MCT6, STM32U073R8I6, STM32U073R8T6, STM32U073RBI6, STM32U073RBT6, STM32U073RCI6, STM32U073RCT6, STM32U083C-DK, STM32U083CCT6, STM32U083CCU6, STM32U083HCY6TR, STM32U083KCU6, STM32U083MCI6, STM32U083MCT6, STM32U083RCI6, STM32U083RCT6, STM32U375CET6, STM32U375CET6Q, STM32U375CEU6, STM32U375CEU6Q, STM32U375CEY6QTR, STM32U375CGT6, STM32U375CGT6Q, STM32U375CGU6, STM32U375CGU6Q, STM32U375CGY6QTR, STM32U375KEU6, STM32U375KGU6, STM32U375REI6, STM32U375REI6Q, STM32U375RET6, STM32U375RET6Q, STM32U375REY6GTR, STM32U375REY6QTR, STM32U375RGI6, STM32U375RGI6Q, STM32U375RGT6, STM32U375RGT6Q, STM32U375RGY6GTR, STM32U375RGY6QTR, STM32U375VEI6, STM32U375VEI6Q, STM32U375VET6, STM32U375VET6Q, STM32U375VGI6, STM32U375VGI6Q, STM32U375VGT6, STM32U375VGT6Q, STM32U385CGT6, STM32U385CGT6Q, STM32U385CGU6, STM32U385CGU6Q, STM32U385CGY6QTR, STM32U385KGU6, STM32U385RGI6, STM32U385RGI6Q, STM32U385RGT6, STM32U385RGT6Q, STM32U385RGY6GTR, STM32U385RGY6QTR, STM32U385VGI6, STM32U385VGI6Q, STM32U385VGT6, STM32U385VGT6Q, STM32U535CBT6, STM32U535CBT6Q, STM32U535CBU6, STM32U535CBU6Q, STM32U535CCT6, STM32U535CCT6Q, STM32U535CCU6, STM32U535CCU6Q, STM32U535CET6, STM32U535CET6Q, STM32U535CEU6, STM32U535CEU6Q, STM32U535JEY6QTR, STM32U535NCY6QTR, STM32U535NEY6QTR, STM32U535RBI6, STM32U535RBI6Q, STM32U535RBT6, STM32U535RBT6Q, STM32U535RCI6, STM32U535RCI6Q, STM32U535RCT6, STM32U535RCT6Q, STM32U535REI6, STM32U535REI6Q, STM32U535RET6, STM32U535RET6Q, STM32U535VCI6, STM32U535VCI6Q, STM32U535VCT6, STM32U535VCT6Q, STM32U535VEI6, STM32U535VEI6Q, STM32U535VET6, STM32U535VET6Q, STM32U545CET6, STM32U545CET6Q, STM32U545CEU6, STM32U545CEU6Q, STM32U545JEY6QTR, STM32U545NEY6QTR, STM32U545REI6, STM32U545REI6Q, STM32U545RET6, STM32U545RET6Q, STM32U545VEI6, STM32U545VEI6Q, STM32U545VET6, STM32U545VET6Q, STM32U595AIH6, STM32U595AIH6Q, STM32U595AJH6, STM32U595AJH6Q, STM32U595QII6, STM32U595QII6Q, STM32U595QJI6, STM32U595QJI6Q, STM32U595RIT6, STM32U595RIT6Q, STM32U595RJT6, STM32U595RJT6Q, STM32U595VIT6, STM32U595VIT6Q, STM32U595VJT6, STM32U595VJT6Q, STM32U595ZIT6, STM32U595ZIT6Q, STM32U595ZIY6QTR, STM32U595ZJT6, STM32U595ZJT6Q, STM32U595ZJY6QTR, STM32U599BJY6QTR, STM32U599NIH6Q, STM32U599NJH6Q, STM32U599VIT6Q, STM32U599VJT6, STM32U599VJT6Q, STM32U599ZIT6Q, STM32U599ZIY6QTR, STM32U599ZJT6Q, STM32U599ZJY6QTR, STM32U5A5AJH6, STM32U5A5AJH6Q, STM32U5A5QII3Q , STM32U5A5QJI6, STM32U5A5QJI6Q, STM32U5A5RJT6, STM32U5A5RJT6Q, STM32U5A5VJT6, STM32U5A5VJT6Q, STM32U5A5ZJT6, STM32U5A5ZJT6Q, STM32U5A5ZJY6QTR, STM32U5A9BJY6QTR, STM32U5A9J-DK, STM32U5A9NJH6Q, STM32U5A9VJT6Q, STM32U5A9ZJT6Q, STM32U5A9ZJY6QTR, STM32U5F7VIT6, STM32U5F7VIT6Q, STM32U5F7VJT6, STM32U5F7VJT6Q, STM32U5F9BJY6QTR, STM32U5F9NJH6Q, STM32U5F9VIT6Q, STM32U5F9VJT6Q, STM32U5F9ZIJ6QTR, STM32U5F9ZIT6Q, STM32U5F9ZJJ6QTR, STM32U5F9ZJT6Q, STM32U5G7VJT6, STM32U5G7VJT6Q, STM32U5G9BJY6QTR, STM32U5G9J-DK1, STM32U5G9J-DK2, STM32U5G9NJH6Q, STM32U5G9VJT6Q, STM32U5G9ZJJ6QTR, STM32U5G9ZJT6Q, STM32WB05KZV6TR, STM32WB05KZV7TR, STM32WB05TZF6TR, STM32WB05TZF7TR, STM32WB06CCF6TR, STM32WB06CCF7TR, STM32WB06CCV6TR, STM32WB06CCV7TR, STM32WB06KCV6TR, STM32WB06KCV7TR, STM32WB07CCF6TR, STM32WB07CCF7TR, STM32WB07CCV6TR, STM32WB07CCV7TR, STM32WB07KCV6TR, STM32WB07KCV7TR, STM32WB09KEV6TR, STM32WB09KEV7TR, STM32WB09TEF6TR, STM32WB09TEF7TR, STM32WB1MMCH6, STM32WBA50KGU6, STM32WBA50KGU6TR, STM32WBA52CEU6, STM32WBA52CEU6TR, STM32WBA52CEU7, STM32WBA52CEU7TR, STM32WBA52CGU6, STM32WBA52CGU6TR, STM32WBA52CGU6U, STM32WBA52CGU7, STM32WBA52CGU7TR, STM32WBA52KEU6, STM32WBA52KEU6TR, STM32WBA52KGU6, STM32WBA52KGU6TR, STM32WBA54CEU6, STM32WBA54CEU6TR, STM32WBA54CEU7, STM32WBA54CEU7TR, STM32WBA54CGU6, STM32WBA54CGU6TR, STM32WBA54CGU7, STM32WBA54CGU7TR, STM32WBA54KEU6, STM32WBA54KEU6TR, STM32WBA54KEU7, STM32WBA54KEU7TR, STM32WBA54KGU6, STM32WBA54KGU6TR, STM32WBA54KGU7, STM32WBA54KGU7TR, STM32WBA55CEU6, STM32WBA55CEU6TR, STM32WBA55CEU7, STM32WBA55CEU7TR, STM32WBA55CGU6, STM32WBA55CGU6TR, STM32WBA55CGU6U, STM32WBA55CGU7, STM32WBA55CGU7TR, STM32WBA55G-DK1, STM32WBA55HEF6, STM32WBA55HEF7, STM32WBA55HGF6, STM32WBA55HGF7, STM32WBA55UEI6, STM32WBA55UEI6TR, STM32WBA55UEI7, STM32WBA55UEI7TR, STM32WBA55UGI6, STM32WBA55UGI6TR, STM32WBA55UGI7, STM32WBA55UGI7TR, STM32WBA5MMGH6TR, STM32WBA62MGF6, STM32WBA62MIF6, STM32WBA65MGF7, STM32WBA65MIF6, STM32WBA65MIF7, STM32WL30K8V6, STM32WL30KBV6, STM32WL31C8V6, STM32WL31CBV6, STM32WL31K8V6, STM32WL31KBV6, STM32WL33C8V6, STM32WL33C8V6X, STM32WL33CBV6, STM32WL33CBV6X, STM32WL33CCV6, STM32WL33CCV6A, STM32WL33CCV6X, STM32WL33K8V7, STM32WL33K8V7X, STM32WL33KBV7 , STM32WL33KBV7X, STM32WL33KCV7, STM32WL33KCV7X, STM32WL5MOCH6, STM32WL5MOCH6TR]
2025-09-10 10:03:36,698 [INFO] DbMcus:218 - Found 4801 MCUs, 4801 are supported
2025-09-10 10:03:36,699 [INFO] ApiDb:423 - Load user favorites file /home/matijak/.stm32cubeide/favorites.mcus.txt: 0 item(s)
2025-09-10 10:03:36,699 [INFO] ApiDb:427 - User favorites MCUs=[]
2025-09-10 10:03:36,699 [INFO] DbMcus:224 - Set 0 / 0 favorites MCUs
2025-09-10 10:03:36,984 [INFO] ApiDb:668 - CubeFinder database Data Model version=2.1
2025-09-10 10:03:36,984 [INFO] ApiDb:669 - CubeFinder database Configuration version=3.0.39
2025-09-10 10:03:36,985 [INFO] ApiDb:670 - CubeFinder database generation date=2025-07-24 (1753349077)
2025-09-10 10:03:36,985 [INFO] ApiDb:671 - CubeFinder database FW Pack versions=[FP-ATR-ASTRA1_V2.0.0, FP-SNS-FLIGHT1_V5.1.0, FP-SNS-MOTENV1_V5.0.0, FP-SNS-MOTENVWB1_V1.4.0, FP-SNS-SMARTAG2_V1.2.0, FP-SNS-STBOX1_V2.0.0, STM32Cube_FW_C0_V1.4.0, STM32Cube_FW_F4_V1.28.2, STM32Cube_FW_F7_V1.17.3, STM32Cube_FW_G0_V1.6.2, STM32Cube_FW_G4_V1.6.1, STM32Cube_FW_H5_V1.5.0, STM32Cube_FW_H7RS_V1.2.0, STM32Cube_FW_H7_V1.12.1, STM32Cube_FW_L0_V1.12.2, STM32Cube_FW_L4_V1.18.1, STM32Cube_FW_L5_V1.5.1, STM32Cube_FW_N6_V1.2.0, STM32Cube_FW_U0_V1.3.0, STM32Cube_FW_U3_V1.2.0, STM32Cube_FW_U5_V1.8.0, STM32Cube_FW_WB0_V1.3.0, STM32Cube_FW_WBA_V1.7.0, STM32Cube_FW_WB_V1.23.0, STM32Cube_FW_WL3_V1.2.0, STM32Cube_FW_WL_V1.3.1, X-CUBE-ALGOBUILD_V1.4.0, X-CUBE-ALS_V1.0.2, X-CUBE-AZRTOS-F4_V1.1.0, X-CUBE-AZRTOS-F7_V1.1.0, X-CUBE-AZRTOS-G0_V1.1.0, X-CUBE-AZRTOS-G4_V2.0.0, X-CUBE-AZRTOS-H7RS_V1.1.0, X-CUBE-AZRTOS-H7_V3.4.0, X-CUBE-AZRTOS-L4_V2.0.0, X-CUBE-AZRTOS-L5_V2.0.0, X-CUBE-AZRTOS-WB_V2.0.0, X-CUBE-AZRTOS-WL_V2.0.0, X-CUBE-BLE1_V7.1.0, X-CUBE-BLE2_V3.3.0, X-CUBE-BLEMGR_V4.1.0, X-CUBE-EEPRMA1_V5.2.0, X-CUBE-FREERTOS_V1.3.1, X-CUBE-GNSS1_V6.0.0, X-CUBE-MEMS1_V11.3.0, X-CUBE-NFC4_V3.0.0, X-CUBE-NFC7_V2.0.0, X-CUBE-SFXS2LP1_V4.0.0, X-CUBE-ST67W61_V1.0.0, X-CUBE-SUBG2_V5.0.0, X-CUBE-TOF1_V3.4.3]
2025-09-10 10:03:37,025 [INFO] DbBoardsSqlite:226 - include board P-NUCLEO-WB55-NUCLEO as a kit item of type 'Nucleo-64'
2025-09-10 10:03:37,025 [INFO] DbBoardsSqlite:226 - include board P-NUCLEO-WB55-USBDONGLE as a kit item of type 'Nucleo USB Dongle'
2025-09-10 10:03:37,025 [INFO] DbBoardsSqlite:226 - include board STEVAL-IDP005V1 as a kit item of type 'Evaluation Board'
2025-09-10 10:03:37,026 [INFO] DbBoardsSqlite:226 - include board STEVAL-IDP005V2 as a kit item of type 'Evaluation Board'
2025-09-10 10:03:37,064 [INFO] ApiDb:240 - Found 880 in-development CPN: [B-G473E-ZEST1S, B-WB1M-WPAN1, B-WBA5M-WPAN, B-WL5M-SUBG1, NUCLEO-C031C6, NUCLEO-C051C8, NUCLEO-C071RB, NUCLEO-C092RC, NUCLEO-H503RB, NUCLEO-H533RE, NUCLEO-H563ZI, NUCLEO-H7S3L8, NUCLEO-N657X0-Q, NUCLEO-U031R8, NUCLEO-U083RC, NUCLEO-U385RG-Q, NUCLEO-U545RE-Q, NUCLEO-U5A5ZJ-Q, NUCLEO-WB05KZ, NUCLEO-WB07CC, NUCLEO-WB09KE, NUCLEO-WBA52CG, NUCLEO-WBA55CG, NUCLEO-WL33CC1, NUCLEO-WL33CC2, STEVAL-PROTEUS1, STEVAL-SMARTAG2, STEVAL-STWINBX1, STM320518-EVAL, STM32C0116-DK, STM32C011D6Y3TR, STM32C011D6Y6TR, STM32C011F4P3, STM32C011F4P6, STM32C011F4U3, STM32C011F4U6TR, STM32C011F6P3, STM32C011F6P6, STM32C011F6U3, STM32C011F6U6TR, STM32C011J4M3, STM32C011J4M6, STM32C011J6M3, STM32C011J6M6, STM32C0316-DK, STM32C031C4T3, STM32C031C4T6, STM32C031C4U3, STM32C031C4U6, STM32C031C6T3, STM32C031C6T6, STM32C031C6U3, STM32C031C6U6, STM32C031F4P3, STM32C031F4P6, STM32C031F6P3, STM32C031F6P6, STM32C031G4U3, STM32C031G4U6, STM32C031G6U3, STM32C031G6U6, STM32C031K4T3, STM32C031K4T6, STM32C031K4U3, STM32C031K4U6, STM32C031K6T3, STM32C031K6T6, STM32C031K6U3, STM32C031K6U6, STM32C051C6T6, STM32C051C6U6, STM32C051C8T6, STM32C051C8U6, STM32C051D8Y6TR, STM32C051F6P6, STM32C051F8P6, STM32C051G6U6, STM32C051G8U6, STM32C051K6T6, STM32C051K6U6, STM32C051K8T6, STM32C071C8T6, STM32C071C8T6N, STM32C071C8U6, STM32C071C8U6N, STM32C071CBT6, STM32C071CBT6N, STM32C071CBU6, STM32C071CBU6N, STM32C071F8P6, STM32C071F8P6N, STM32C071FBP6, STM32C071FBP6N, STM32C071FBY6TR, STM32C071G8U6, STM32C071G8U6N, STM32C071GBU6, STM32C071GBU6N, STM32C071K8T6, STM32C071K8T6N, STM32C071K8U6, STM32C071K8U6N, STM32C071KBT6, STM32C071KBT6N, STM32C071KBU6, STM32C071KBU6N, STM32C071R8T6, STM32C071R8T6N, STM32C071RBI6N, STM32C071RBT6, STM32C071RBT6N, STM32C091CBT6, STM32C091CBU6, STM32C091CCT6, STM32C091CCU6, STM32C091ECY6TR, STM32C091FBP6, STM32C091FCP6, STM32C091GBU6, STM32C091GCU6, STM32C091KBT6, STM32C091KBU6, STM32C091KCT6, STM32C091KCU6, STM32C091RBT6, STM32C091RCI6, STM32C091RCT6, STM32C092CBT6, STM32C092CBU6, STM32C092CCT6, STM32C092CCU6, STM32C092ECY6TR, STM32C092FBP6, STM32C092FCP6, STM32C092GBU6, STM32C092GCU6, STM32C092KBT6, STM32C092KBU6, STM32C092KCT6, STM32C092KCU6, STM32C092RBT6, STM32C092RCI6, STM32C092RCT6, STM32G071K8TXN, STM32G071K8UXN, STM32G081GBU6N, STM32G081KBT6N, STM32G081KBUXN, STM32G0B1CCT6N, STM32G0B1KCT6, STM32G0B1NEY6TR, STM32G0B1RCT6N, STM32G0C1CCT6, STM32G0C1CCT6N, STM32G0C1CCU6N, STM32G0C1CET6N, STM32G0C1CEU6N, STM32G0C1KCT6, STM32G0C1NEY6TR, STM32G0C1RCI6N, STM32G0C1RCT6N, STM32G0C1REI6N, STM32G0C1RET6N, STM32G0C1VCI6, STM32G0C1VEI6, STM32G411C6T3, STM32G411C6T6, STM32G411C6U3, STM32G411C6U6, STM32G411C8T3, STM32G411C8T6, STM32G411C8U3, STM32G411C8U6, STM32G411CBT3, STM32G411CBT6, STM32G411CBU3, STM32G411CBU6, STM32G411K6T3, STM32G411K6T6, STM32G411K6U3, STM32G411K6U6, STM32G411K8T3, STM32G411K8T6, STM32G411K8U3, STM32G411K8U6, STM32G411KBT3, STM32G411KBT6, STM32G411KBU3, STM32G411KBU6, STM32G411M6T3, STM32G411M6T6, STM32G411M8T3, STM32G411M8T6, STM32G411MBT3, STM32G411MBT6, STM32G411R6T3, STM32G411R6T6, STM32G411R8T3, STM32G411R8T6, STM32G411RBT3, STM32G411RBT6, STM32G414CBT3, STM32G414CBT6, STM32G414CBU3, STM32G414CBU6, STM32G414CCT3, STM32G414CCT6, STM32G414CCU3, STM32G414CCU6, STM32G414MBT3, STM32G414MBT6, STM32G414MCT3, STM32G414MCT6, STM32G414RBT3, STM32G414RBT6, STM32G414RCT3, STM32G414RCT6, STM32G414VBT3, STM32G414VBT6, STM32G414VCT3, STM32G414VCT6, STM32G431CBT3Z, STM32G431RBT3Z, STM32G471CCT6, STM32G471CCU6, STM32G471CET3, STM32G471CET6, STM32G471CEU3, STM32G471CEU6, STM32G471MCT6, STM32G471MET3, STM32G471MET6, STM32G471MEY6TR, STM32G471QCT6, STM32G471QET3, STM32G471RCT6, STM32G471RET3, STM32G471RET6, STM32G471VCH6, STM32G471VCI6, STM32G471VCT6, STM32G471VEH3, STM32G471VEH6, STM32G471VEI3, STM32G471VEI6, STM32G471VET3, STM32G471VET6, STM32G473QET3Z, STM32G473RET3Z, STM32G474CCT6, STM32G491RET3Z, STM32H503CBT6, STM32H503CBU6, STM32H503EBY6TR, STM32H503KBU6, STM32H503RBT6, STM32H523CCT6, STM32H523CCU6, STM32H523CET6, STM32H523CEU6, STM32H523HEY6TR, STM32H523RCT6, STM32H523RET6, STM32H523VCI6, STM32H523VCT6, STM32H523VEI6, STM32H523VET6, STM32H523ZCJ6, STM32H523ZCT6, STM32H523ZEJ6, STM32H523ZET6, STM32H533CET6, STM32H533CEU6, STM32H533HEY6TR, STM32H533RET6, STM32H533VEI6, STM32H533VET6, STM32H533ZEJ6, STM32H533ZET6, STM32H562AGI6, STM32H562AII6, STM32H562IGK6, STM32H562IGT6, STM32H562IIK6, STM32H562IIT6, STM32H562RGT6, STM32H562RGV6, STM32H562RIT6, STM32H562RIV6, STM32H562VGT6, STM32H562VIT6, STM32H562ZGT6, STM32H562ZIT6, STM32H563AGI6, STM32H563AII3Q, STM32H563AII6, STM32H563IGK6, STM32H563IGT6, STM32H563IIK3Q, STM32H563IIK6, STM32H563IIT3Q, STM32H563IIT6, STM32H563MIY3QTR, STM32H563RGT6, STM32H563RGV6, STM32H563RIT6, STM32H563RIV6, STM32H563VGT6, STM32H563VIT3Q, STM32H563VIT6, STM32H563ZGT6, STM32H563ZIT3Q, STM32H563ZIT6, STM32H573AII3Q, STM32H573AII6, STM32H573I-DK, STM32H573IIK3Q, STM32H573IIK6, STM32H573IIT3Q, STM32H573IIT6, STM32H573MIY3QTR, STM32H573RIT6, STM32H573RIV6, STM32H573VIT3Q, STM32H573VIT6, STM32H573ZIT3Q, STM32H573ZIT6, STM32H7R3A8I6, STM32H7R3I8K6, STM32H7R3I8T6, STM32H7R3L8H6, STM32H7R3L8H6H, STM32H7R3R8V6, STM32H7R3V8H6, STM32H7R3V8T6, STM32H7R3V8Y6TR, STM32H7R3Z8J6, STM32H7R3Z8T6, STM32H7R7A8I6, STM32H7R7I8K6, STM32H7R7I8T6, STM32H7R7L8H6, STM32H7R7L8H6H, STM32H7R7Z8J6, STM32H7S3A8I6, STM32H7S3I8K6, STM32H7S3I8T6, STM32H7S3L8H6, STM32H7S3L8H6H, STM32H7S3R8V6, STM32H7S3V8H6, STM32H7S3V8T6, STM32H7S3V8Y6TR, STM32H7S3Z8J6, STM32H7S3Z8T6, STM32H7S78-DK, STM32H7S7A8I6, STM32H7S7I8K6, STM32H7S7I8T6, STM32H7S7L8H6, STM32H7S7L8H6H, STM32H7S7Z8J6, STM32L4R5QGI6STR, STM32MP131AAE3, STM32MP131AAF3, STM32MP131AAG3, STM32MP131CAE3, STM32MP131CAF3, STM32MP131CAG3, STM32MP131DAE7, STM32MP131DAF7, STM32MP131DAG7, STM32MP131FAE7, STM32MP131FAF7, STM32MP131FAG7, STM32MP133AAE3, STM32MP133AAF3, STM32MP133AAG3, STM32MP133CAE3, STM32MP133CAF3, STM32MP133CAG3, STM32MP133DAE7, STM32MP133DAF7, STM32MP133DAG7, STM32MP133FAE7, STM32MP133FAF7, STM32MP133FAG7, STM32MP135AAE3, STM32MP135AAF3, STM32MP135AAG3, STM32MP135CAE3, STM32MP135CAF3, STM32MP135CAG3, STM32MP135DAE7, STM32MP135DAF7, STM32MP135DAG7, STM32MP135F-DK, STM32MP135FAE7, STM32MP135FAF7, STM32MP135FAF7T, STM32MP135FAF7U, STM32MP135FAG7, STM32MP211AAL3, STM32MP211AAM3, STM32MP211AAN3, STM32MP211AAO3, STM32MP211CAL3, STM32MP211CAM3, STM32MP211CAN3, STM32MP211CAO3, STM32MP211DAL3, STM32MP211DAM3, STM32MP211DAN3, STM32MP211DAO3, STM32MP211FAL3, STM32MP211FAM3, STM32MP211FAN3, STM32MP211FAO3, STM32MP213AAL3, STM32MP213AAM3, STM32MP213AAN3, STM32MP213AAO3, STM32MP213CAL3, STM32MP213CAM3, STM32MP213CAN3, STM32MP213CAO3, STM32MP213DAL3, STM32MP213DAM3, STM32MP213DAN3, STM32MP213DAO3, STM32MP213FAL3, STM32MP213FAM3, STM32MP213FAN3, STM32MP213FAO3, STM32MP215AAL3, STM32MP215AAM3, STM32MP215AAN3, STM32MP215AAO3, STM32MP215CAL3, STM32MP215CAM3, STM32MP215CAN3, STM32MP215CAO3, STM32MP215DAL3, STM32MP215DAM3, STM32MP215DAN3, STM32MP215DAO3, STM32MP215F-DK, STM32MP215FAL3, STM32MP215FAM3, STM32MP215FAN3, STM32MP215FAO3, STM32MP231AAJ3, STM32MP231AAK3, STM32MP231AAL3, STM32MP231CAJ3, STM32MP231CAK3, STM32MP231CAL3, STM32MP231DAJ3, STM32MP231DAK3, STM32MP231DAL3, STM32MP231FAJ3, STM32MP231FAK3, STM32MP231FAL3, STM32MP233AAJ3, STM32MP233AAK3, STM32MP233AAL3, STM32MP233CAJ3, STM32MP233CAK3, STM32MP233CAL3, STM32MP233DAJ3, STM32MP233DAK3, STM32MP233DAL3, STM32MP233FAJ3, STM32MP233FAK3, STM32MP233FAL3, STM32MP235AAJ3, STM32MP235AAK3, STM32MP235AAL3, STM32MP235CAJ3, STM32MP235CAK3, STM32MP235CAL3, STM32MP235DAJ3, STM32MP235DAK3, STM32MP235DAL3, STM32MP235FAJ3, STM32MP235FAK3, STM32MP235FAL3, STM32MP251AAI3, STM32MP251AAK3, STM32MP251AAL3, STM32MP251CAI3, STM32MP251CAK3, STM32MP251CAL3, STM32MP251DAI3, STM32MP251DAK3, STM32MP251DAL3, STM32MP251FAI3, STM32MP251FAK3, STM32MP251FAL3, STM32MP253AAI3, STM32MP253AAK3, STM32MP253AAL3, STM32MP253CAI3, STM32MP253CAK3, STM32MP253CAL3, STM32MP253DAI3, STM32MP253DAK3, STM32MP253DAL3, STM32MP253FAI3, STM32MP253FAK3, STM32MP253FAL3, STM32MP255AAI3, STM32MP255AAK3, STM32MP255AAL3, STM32MP255CAI3, STM32MP255CAK3, STM32MP255CAL3, STM32MP255DAI3, STM32MP255DAK3, STM32MP255DAL3, STM32MP255FAI3, STM32MP255FAK3, STM32MP255FAL3, STM32MP257AAI3, STM32MP257AAK3, STM32MP257AAL3, STM32MP257CAI3, STM32MP257CAK3, STM32MP257CAL3, STM32MP257DAI3, STM32MP257DAK3, STM32MP257DAL3, STM32MP257F-DK, STM32MP257F-EV1, STM32MP257FAI3, STM32MP257FAK3, STM32MP257FAL3, STM32N645A0H3Q, STM32N645B0H3Q, STM32N645I0H3Q, STM32N645L0H3Q, STM32N645X0H3Q, STM32N645Z0H3Q, STM32N647A0H3Q, STM32N647B0H3Q, STM32N647I0H3Q, STM32N647L0H3Q, STM32N647X0H3Q, STM32N647Z0H3Q, STM32N655A0H3Q, STM32N655B0H3Q, STM32N655I0H3Q, STM32N655L0H3Q, STM32N655X0H3Q, STM32N655Z0H3Q, STM32N6570-DK, STM32N657A0H3Q, STM32N657B0H3Q, STM32N657I0H3Q, STM32N657L0H3Q, STM32N657X0H3Q, STM32N657Z0H3Q, STM32U031C6T6, STM32U031C6U6, STM32U031C8T6, STM32U031C8U6, STM32U031F4P6, STM32U031F6P6, STM32U031F8P6, STM32U031G6Y6TR, STM32U031G8Y6TR, STM32U031K4U6, STM32U031K6U6, STM32U031K8U6, STM32U031R6I6, STM32U031R6T6, STM32U031R8I6, STM32U031R8T6, STM32U073C8T6, STM32U073C8U6, STM32U073CBT6, STM32U073CBU6, STM32U073CCT6, STM32U073CCU6, STM32U073H8Y6TR, STM32U073HBY6TR, STM32U073HCY6TR, STM32U073K8U6, STM32U073KBU6, STM32U073KCU6, STM32U073M8I6, STM32U073M8T6, STM32U073MBI6, STM32U073MBT6, STM32U073MCI6, STM32U073MCT6, STM32U073R8I6, STM32U073R8T6, STM32U073RBI6, STM32U073RBT6, STM32U073RCI6, STM32U073RCT6, STM32U083C-DK, STM32U083CCT6, STM32U083CCU6, STM32U083HCY6TR, STM32U083KCU6, STM32U083MCI6, STM32U083MCT6, STM32U083RCI6, STM32U083RCT6, STM32U375CET6, STM32U375CET6Q, STM32U375CEU6, STM32U375CEU6Q, STM32U375CEY6QTR, STM32U375CGT6, STM32U375CGT6Q, STM32U375CGU6, STM32U375CGU6Q, STM32U375CGY6QTR, STM32U375KEU6, STM32U375KGU6, STM32U375REI6, STM32U375REI6Q, STM32U375RET6, STM32U375RET6Q, STM32U375REY6GTR, STM32U375REY6QTR, STM32U375RGI6, STM32U375RGI6Q, STM32U375RGT6, STM32U375RGT6Q, STM32U375RGY6GTR, STM32U375RGY6QTR, STM32U375VEI6, STM32U375VEI6Q, STM32U375VET6, STM32U375VET6Q, STM32U375VGI6, STM32U375VGI6Q, STM32U375VGT6, STM32U375VGT6Q, STM32U385CGT6, STM32U385CGT6Q, STM32U385CGU6, STM32U385CGU6Q, STM32U385CGY6QTR, STM32U385KGU6, STM32U385RGI6, STM32U385RGI6Q, STM32U385RGT6, STM32U385RGT6Q, STM32U385RGY6GTR, STM32U385RGY6QTR, STM32U385VGI6, STM32U385VGI6Q, STM32U385VGT6, STM32U385VGT6Q, STM32U535CBT6, STM32U535CBT6Q, STM32U535CBU6, STM32U535CBU6Q, STM32U535CCT6, STM32U535CCT6Q, STM32U535CCU6, STM32U535CCU6Q, STM32U535CET6, STM32U535CET6Q, STM32U535CEU6, STM32U535CEU6Q, STM32U535JEY6QTR, STM32U535NCY6QTR, STM32U535NEY6QTR, STM32U535RBI6, STM32U535RBI6Q, STM32U535RBT6, STM32U535RBT6Q, STM32U535RCI6, STM32U535RCI6Q, STM32U535RCT6, STM32U535RCT6Q, STM32U535REI6, STM32U535REI6Q, STM32U535RET6, STM32U535RET6Q, STM32U535VCI6, STM32U535VCI6Q, STM32U535VCT6, STM32U535VCT6Q, STM32U535VEI6, STM32U535VEI6Q, STM32U535VET6, STM32U535VET6Q, STM32U545CET6, STM32U545CET6Q, STM32U545CEU6, STM32U545CEU6Q, STM32U545JEY6QTR, STM32U545NEY6QTR, STM32U545REI6, STM32U545REI6Q, STM32U545RET6, STM32U545RET6Q, STM32U545VEI6, STM32U545VEI6Q, STM32U545VET6, STM32U545VET6Q, STM32U595AIH6, STM32U595AIH6Q, STM32U595AJH6, STM32U595AJH6Q, STM32U595QII6, STM32U595QII6Q, STM32U595QJI6, STM32U595QJI6Q, STM32U595RIT6, STM32U595RIT6Q, STM32U595RJT6, STM32U595RJT6Q, STM32U595VIT6, STM32U595VIT6Q, STM32U595VJT6, STM32U595VJT6Q, STM32U595ZIT6, STM32U595ZIT6Q, STM32U595ZIY6QTR, STM32U595ZJT6, STM32U595ZJT6Q, STM32U595ZJY6QTR, STM32U599BJY6QTR, STM32U599NIH6Q, STM32U599NJH6Q, STM32U599VIT6Q, STM32U599VJT6, STM32U599VJT6Q, STM32U599ZIT6Q, STM32U599ZIY6QTR, STM32U599ZJT6Q, STM32U599ZJY6QTR, STM32U5A5AJH6, STM32U5A5AJH6Q, STM32U5A5QII3Q , STM32U5A5QJI6, STM32U5A5QJI6Q, STM32U5A5RJT6, STM32U5A5RJT6Q, STM32U5A5VJT6, STM32U5A5VJT6Q, STM32U5A5ZJT6, STM32U5A5ZJT6Q, STM32U5A5ZJY6QTR, STM32U5A9BJY6QTR, STM32U5A9J-DK, STM32U5A9NJH6Q, STM32U5A9VJT6Q, STM32U5A9ZJT6Q, STM32U5A9ZJY6QTR, STM32U5F7VIT6, STM32U5F7VIT6Q, STM32U5F7VJT6, STM32U5F7VJT6Q, STM32U5F9BJY6QTR, STM32U5F9NJH6Q, STM32U5F9VIT6Q, STM32U5F9VJT6Q, STM32U5F9ZIJ6QTR, STM32U5F9ZIT6Q, STM32U5F9ZJJ6QTR, STM32U5F9ZJT6Q, STM32U5G7VJT6, STM32U5G7VJT6Q, STM32U5G9BJY6QTR, STM32U5G9J-DK1, STM32U5G9J-DK2, STM32U5G9NJH6Q, STM32U5G9VJT6Q, STM32U5G9ZJJ6QTR, STM32U5G9ZJT6Q, STM32WB05KZV6TR, STM32WB05KZV7TR, STM32WB05TZF6TR, STM32WB05TZF7TR, STM32WB06CCF6TR, STM32WB06CCF7TR, STM32WB06CCV6TR, STM32WB06CCV7TR, STM32WB06KCV6TR, STM32WB06KCV7TR, STM32WB07CCF6TR, STM32WB07CCF7TR, STM32WB07CCV6TR, STM32WB07CCV7TR, STM32WB07KCV6TR, STM32WB07KCV7TR, STM32WB09KEV6TR, STM32WB09KEV7TR, STM32WB09TEF6TR, STM32WB09TEF7TR, STM32WB1MMCH6, STM32WBA50KGU6, STM32WBA50KGU6TR, STM32WBA52CEU6, STM32WBA52CEU6TR, STM32WBA52CEU7, STM32WBA52CEU7TR, STM32WBA52CGU6, STM32WBA52CGU6TR, STM32WBA52CGU6U, STM32WBA52CGU7, STM32WBA52CGU7TR, STM32WBA52KEU6, STM32WBA52KEU6TR, STM32WBA52KGU6, STM32WBA52KGU6TR, STM32WBA54CEU6, STM32WBA54CEU6TR, STM32WBA54CEU7, STM32WBA54CEU7TR, STM32WBA54CGU6, STM32WBA54CGU6TR, STM32WBA54CGU7, STM32WBA54CGU7TR, STM32WBA54KEU6, STM32WBA54KEU6TR, STM32WBA54KEU7, STM32WBA54KEU7TR, STM32WBA54KGU6, STM32WBA54KGU6TR, STM32WBA54KGU7, STM32WBA54KGU7TR, STM32WBA55CEU6, STM32WBA55CEU6TR, STM32WBA55CEU7, STM32WBA55CEU7TR, STM32WBA55CGU6, STM32WBA55CGU6TR, STM32WBA55CGU6U, STM32WBA55CGU7, STM32WBA55CGU7TR, STM32WBA55G-DK1, STM32WBA55HEF6, STM32WBA55HEF7, STM32WBA55HGF6, STM32WBA55HGF7, STM32WBA55UEI6, STM32WBA55UEI6TR, STM32WBA55UEI7, STM32WBA55UEI7TR, STM32WBA55UGI6, STM32WBA55UGI6TR, STM32WBA55UGI7, STM32WBA55UGI7TR, STM32WBA5MMGH6TR, STM32WBA62MGF6, STM32WBA62MIF6, STM32WBA65MGF7, STM32WBA65MIF6, STM32WBA65MIF7, STM32WL30K8V6, STM32WL30KBV6, STM32WL31C8V6, STM32WL31CBV6, STM32WL31K8V6, STM32WL31KBV6, STM32WL33C8V6, STM32WL33C8V6X, STM32WL33CBV6, STM32WL33CBV6X, STM32WL33CCV6, STM32WL33CCV6A, STM32WL33CCV6X, STM32WL33K8V7, STM32WL33K8V7X, STM32WL33KBV7 , STM32WL33KBV7X, STM32WL33KCV7, STM32WL33KCV7X, STM32WL5MOCH6, STM32WL5MOCH6TR]
2025-09-10 10:03:37,157 [INFO] BoardInfo:889 - No configuration file found for board P-NUCLEO-WB55
2025-09-10 10:03:37,158 [INFO] DbBoards:161 - Kit is not supported: P-NUCLEO-WB55
2025-09-10 10:03:37,160 [INFO] BoardInfo:889 - No configuration file found for board STEVAL-BFA001V1B
2025-09-10 10:03:37,161 [INFO] DbBoards:161 - Kit is not supported: STEVAL-BFA001V1B
2025-09-10 10:03:37,161 [INFO] BoardInfo:889 - No configuration file found for board STEVAL-BFA001V2B
2025-09-10 10:03:37,161 [INFO] DbBoards:161 - Kit is not supported: STEVAL-BFA001V2B
2025-09-10 10:03:37,251 [INFO] DbBoards:168 - Found 212 boards, 209 are supported
2025-09-10 10:03:37,251 [INFO] DbBoards:169 - Found 212 boards, 43 of them is supported for  Bsp
2025-09-10 10:03:37,255 [INFO] ApiDb:423 - Load user favorites file /home/matijak/.stm32cubeide/favorites.boards.txt: 1 item(s)
2025-09-10 10:03:37,255 [INFO] ApiDb:427 - User favorites Boards=[B-L475E-IOT01A1]
2025-09-10 10:03:37,255 [INFO] DbBoards:198 - Set 1 / 1 favorites Boards
2025-09-10 10:03:37,256 [INFO] McuFinderGlobals:76 - Set McuFinderConnectedMode to true
2025-09-10 10:03:37,269 [INFO] MultiScanPanel:200 - Auto-refresh data requested => check proxy status ongoing
2025-09-10 10:03:37,271 [INFO] FinderPluginLoader:96 - Searching for filters in installed packs
2025-09-10 10:03:38,363 [INFO] LoadUrlFilesThread:185 - End of LoadServerUrlFiles without Thread
2025-09-10 10:03:38,446 [INFO] DetailPanel:341 - Set advertising image to /home/matijak/STM32Cube/Repository//en.2400x1350px.jpeg
2025-09-10 10:03:48,948 [INFO] MultiScanPanel:200 - Auto-refresh data requested => check proxy status ongoing
2025-09-10 10:03:49,073 [INFO] LoadUrlFilesThread:185 - End of LoadServerUrlFiles without Thread
2025-09-10 10:03:49,074 [INFO] DetailPanel:341 - Set advertising image to /home/matijak/STM32Cube/Repository//en.2400x1350px.jpeg
2025-09-10 10:03:49,087 [INFO] DbBoards:642 - Loading board mini-images...
2025-09-10 10:03:50,762 [ERROR] DbBoards:659 - Image file not found for board STM32MP215F-DK: /home/matijak/.stmcufinder/plugins/mcufinder//mcu//boards_images/STM32MP215F-DK.jpg
2025-09-10 10:03:50,853 [INFO] DbBoards:665 - Loaded 211 board mini-images
2025-09-10 10:04:01,138 [ERROR] LogOutputStream:75 - [STDERR_REDIRECT] Sep 10, 2025 10:04:01 AM java.util.prefs.FileSystemPreferences checkLockFile0ErrorCode
2025-09-10 10:04:01,139 [ERROR] LogOutputStream:75 - [STDERR_REDIRECT] WARNING: Could not lock System prefs. Unix error code 2.
2025-09-10 10:04:01,139 [ERROR] LogOutputStream:75 - [STDERR_REDIRECT] 
2025-09-10 10:04:01,140 [ERROR] LogOutputStream:75 - [STDERR_REDIRECT] Sep 10, 2025 10:04:01 AM java.util.prefs.FileSystemPreferences syncWorld
2025-09-10 10:04:01,141 [ERROR] LogOutputStream:75 - [STDERR_REDIRECT] WARNING: Couldn't flush system prefs: java.util.prefs.BackingStoreException: Couldn't get file lock.
2025-09-10 10:04:01,141 [ERROR] LogOutputStream:75 - [STDERR_REDIRECT] 
2025-09-10 10:04:13,248 [INFO] BoardAction:75 - Docs & Resources
2025-09-10 10:04:20,924 [INFO] ServerAccessManage:452 - Complete download http(s) 200
2025-09-10 10:04:20,925 [INFO] ServerAccessManage:509 - Download File 18821.zip
2025-09-10 10:04:21,256 [INFO] FileExtend:248 - Unzip File : 18821.zip
2025-09-10 10:04:21,256 [INFO] FileExtend:263 - Standard Zip Deflate
2025-09-10 10:04:21,390 [INFO] LoadUrlFilesThread:156 - End of LoadUrlFiles Thread
2025-09-10 10:04:21,395 [INFO] GuiUtils:266 - Cannot open the file :/home/matijak/STM32Cube/Repository///18821.zip using Desktop.
2025-09-10 10:04:22,912 [INFO] ServerAccessManage:452 - Complete download http(s) 200
2025-09-10 10:04:22,913 [INFO] ServerAccessManage:509 - Download File 18821.zip
2025-09-10 10:04:23,084 [INFO] FileExtend:248 - Unzip File : 18821.zip
2025-09-10 10:04:23,085 [INFO] FileExtend:263 - Standard Zip Deflate
2025-09-10 10:04:23,221 [INFO] LoadUrlFilesThread:156 - End of LoadUrlFiles Thread
2025-09-10 10:04:23,226 [INFO] GuiUtils:266 - Cannot open the file :/home/matijak/STM32Cube/Repository///18821.zip using Desktop.
2025-09-10 10:04:31,130 [ERROR] LogOutputStream:75 - [STDERR_REDIRECT] Sep 10, 2025 10:04:31 AM java.util.prefs.FileSystemPreferences checkLockFile0ErrorCode
2025-09-10 10:04:31,131 [ERROR] LogOutputStream:75 - [STDERR_REDIRECT] WARNING: Could not lock System prefs. Unix error code 2.
2025-09-10 10:04:31,131 [ERROR] LogOutputStream:75 - [STDERR_REDIRECT] 
2025-09-10 10:04:31,132 [ERROR] LogOutputStream:75 - [STDERR_REDIRECT] Sep 10, 2025 10:04:31 AM java.util.prefs.FileSystemPreferences syncWorld
2025-09-10 10:04:31,133 [ERROR] LogOutputStream:75 - [STDERR_REDIRECT] WARNING: Couldn't flush system prefs: java.util.prefs.BackingStoreException: Couldn't get file lock.
2025-09-10 10:04:31,133 [ERROR] LogOutputStream:75 - [STDERR_REDIRECT] 
2025-09-10 10:05:01,131 [ERROR] LogOutputStream:75 - [STDERR_REDIRECT] Sep 10, 2025 10:05:01 AM java.util.prefs.FileSystemPreferences checkLockFile0ErrorCode
2025-09-10 10:05:01,132 [ERROR] LogOutputStream:75 - [STDERR_REDIRECT] WARNING: Could not lock System prefs. Unix error code 2.
2025-09-10 10:05:01,132 [ERROR] LogOutputStream:75 - [STDERR_REDIRECT] 
2025-09-10 10:05:01,133 [ERROR] LogOutputStream:75 - [STDERR_REDIRECT] Sep 10, 2025 10:05:01 AM java.util.prefs.FileSystemPreferences syncWorld
2025-09-10 10:05:01,134 [ERROR] LogOutputStream:75 - [STDERR_REDIRECT] WARNING: Couldn't flush system prefs: java.util.prefs.BackingStoreException: Couldn't get file lock.
2025-09-10 10:05:01,135 [ERROR] LogOutputStream:75 - [STDERR_REDIRECT] 
2025-09-10 10:05:31,129 [ERROR] LogOutputStream:75 - [STDERR_REDIRECT] Sep 10, 2025 10:05:31 AM java.util.prefs.FileSystemPreferences checkLockFile0ErrorCode
2025-09-10 10:05:31,130 [ERROR] LogOutputStream:75 - [STDERR_REDIRECT] WARNING: Could not lock System prefs. Unix error code 2.
2025-09-10 10:05:31,130 [ERROR] LogOutputStream:75 - [STDERR_REDIRECT] 
2025-09-10 10:05:31,131 [ERROR] LogOutputStream:75 - [STDERR_REDIRECT] Sep 10, 2025 10:05:31 AM java.util.prefs.FileSystemPreferences syncWorld
2025-09-10 10:05:31,132 [ERROR] LogOutputStream:75 - [STDERR_REDIRECT] WARNING: Couldn't flush system prefs: java.util.prefs.BackingStoreException: Couldn't get file lock.
2025-09-10 10:05:31,132 [ERROR] LogOutputStream:75 - [STDERR_REDIRECT] 
2025-09-10 10:06:01,130 [ERROR] LogOutputStream:75 - [STDERR_REDIRECT] Sep 10, 2025 10:06:01 AM java.util.prefs.FileSystemPreferences checkLockFile0ErrorCode
2025-09-10 10:06:01,131 [ERROR] LogOutputStream:75 - [STDERR_REDIRECT] WARNING: Could not lock System prefs. Unix error code 2.
2025-09-10 10:06:01,131 [ERROR] LogOutputStream:75 - [STDERR_REDIRECT] 
2025-09-10 10:06:01,133 [ERROR] LogOutputStream:75 - [STDERR_REDIRECT] Sep 10, 2025 10:06:01 AM java.util.prefs.FileSystemPreferences syncWorld
2025-09-10 10:06:01,134 [ERROR] LogOutputStream:75 - [STDERR_REDIRECT] WARNING: Couldn't flush system prefs: java.util.prefs.BackingStoreException: Couldn't get file lock.
2025-09-10 10:06:01,134 [ERROR] LogOutputStream:75 - [STDERR_REDIRECT] 
2025-09-10 10:06:31,130 [ERROR] LogOutputStream:75 - [STDERR_REDIRECT] Sep 10, 2025 10:06:31 AM java.util.prefs.FileSystemPreferences checkLockFile0ErrorCode
2025-09-10 10:06:31,131 [ERROR] LogOutputStream:75 - [STDERR_REDIRECT] WARNING: Could not lock System prefs. Unix error code 2.
2025-09-10 10:06:31,131 [ERROR] LogOutputStream:75 - [STDERR_REDIRECT] 
2025-09-10 10:06:31,133 [ERROR] LogOutputStream:75 - [STDERR_REDIRECT] Sep 10, 2025 10:06:31 AM java.util.prefs.FileSystemPreferences syncWorld
2025-09-10 10:06:31,134 [ERROR] LogOutputStream:75 - [STDERR_REDIRECT] WARNING: Couldn't flush system prefs: java.util.prefs.BackingStoreException: Couldn't get file lock.
2025-09-10 10:06:31,134 [ERROR] LogOutputStream:75 - [STDERR_REDIRECT] 
2025-09-10 10:07:01,130 [ERROR] LogOutputStream:75 - [STDERR_REDIRECT] Sep 10, 2025 10:07:01 AM java.util.prefs.FileSystemPreferences checkLockFile0ErrorCode
2025-09-10 10:07:01,131 [ERROR] LogOutputStream:75 - [STDERR_REDIRECT] WARNING: Could not lock System prefs. Unix error code 2.
2025-09-10 10:07:01,132 [ERROR] LogOutputStream:75 - [STDERR_REDIRECT] 
2025-09-10 10:07:01,133 [ERROR] LogOutputStream:75 - [STDERR_REDIRECT] Sep 10, 2025 10:07:01 AM java.util.prefs.FileSystemPreferences syncWorld
2025-09-10 10:07:01,134 [ERROR] LogOutputStream:75 - [STDERR_REDIRECT] WARNING: Couldn't flush system prefs: java.util.prefs.BackingStoreException: Couldn't get file lock.
2025-09-10 10:07:01,134 [ERROR] LogOutputStream:75 - [STDERR_REDIRECT] 
2025-09-10 10:07:31,130 [ERROR] LogOutputStream:75 - [STDERR_REDIRECT] Sep 10, 2025 10:07:31 AM java.util.prefs.FileSystemPreferences checkLockFile0ErrorCode
2025-09-10 10:07:31,132 [ERROR] LogOutputStream:75 - [STDERR_REDIRECT] WARNING: Could not lock System prefs. Unix error code 2.
2025-09-10 10:07:31,132 [ERROR] LogOutputStream:75 - [STDERR_REDIRECT] 
2025-09-10 10:07:31,133 [ERROR] LogOutputStream:75 - [STDERR_REDIRECT] Sep 10, 2025 10:07:31 AM java.util.prefs.FileSystemPreferences syncWorld
2025-09-10 10:07:31,134 [ERROR] LogOutputStream:75 - [STDERR_REDIRECT] WARNING: Couldn't flush system prefs: java.util.prefs.BackingStoreException: Couldn't get file lock.
2025-09-10 10:07:31,134 [ERROR] LogOutputStream:75 - [STDERR_REDIRECT] 
2025-09-10 10:08:01,131 [ERROR] LogOutputStream:75 - [STDERR_REDIRECT] Sep 10, 2025 10:08:01 AM java.util.prefs.FileSystemPreferences checkLockFile0ErrorCode
2025-09-10 10:08:01,132 [ERROR] LogOutputStream:75 - [STDERR_REDIRECT] WARNING: Could not lock System prefs. Unix error code 2.
2025-09-10 10:08:01,132 [ERROR] LogOutputStream:75 - [STDERR_REDIRECT] 
2025-09-10 10:08:01,133 [ERROR] LogOutputStream:75 - [STDERR_REDIRECT] Sep 10, 2025 10:08:01 AM java.util.prefs.FileSystemPreferences syncWorld
2025-09-10 10:08:01,135 [ERROR] LogOutputStream:75 - [STDERR_REDIRECT] WARNING: Couldn't flush system prefs: java.util.prefs.BackingStoreException: Couldn't get file lock.
2025-09-10 10:08:01,135 [ERROR] LogOutputStream:75 - [STDERR_REDIRECT] 
2025-09-10 10:08:31,132 [ERROR] LogOutputStream:75 - [STDERR_REDIRECT] Sep 10, 2025 10:08:31 AM java.util.prefs.FileSystemPreferences checkLockFile0ErrorCode
2025-09-10 10:08:31,133 [ERROR] LogOutputStream:75 - [STDERR_REDIRECT] WARNING: Could not lock System prefs. Unix error code 2.
2025-09-10 10:08:31,133 [ERROR] LogOutputStream:75 - [STDERR_REDIRECT] 
2025-09-10 10:08:31,134 [ERROR] LogOutputStream:75 - [STDERR_REDIRECT] Sep 10, 2025 10:08:31 AM java.util.prefs.FileSystemPreferences syncWorld
2025-09-10 10:08:31,135 [ERROR] LogOutputStream:75 - [STDERR_REDIRECT] WARNING: Couldn't flush system prefs: java.util.prefs.BackingStoreException: Couldn't get file lock.
2025-09-10 10:08:31,136 [ERROR] LogOutputStream:75 - [STDERR_REDIRECT] 
2025-09-10 10:09:01,131 [ERROR] LogOutputStream:75 - [STDERR_REDIRECT] Sep 10, 2025 10:09:01 AM java.util.prefs.FileSystemPreferences checkLockFile0ErrorCode
2025-09-10 10:09:01,132 [ERROR] LogOutputStream:75 - [STDERR_REDIRECT] WARNING: Could not lock System prefs. Unix error code 2.
2025-09-10 10:09:01,132 [ERROR] LogOutputStream:75 - [STDERR_REDIRECT] 
2025-09-10 10:09:01,133 [ERROR] LogOutputStream:75 - [STDERR_REDIRECT] Sep 10, 2025 10:09:01 AM java.util.prefs.FileSystemPreferences syncWorld
2025-09-10 10:09:01,135 [ERROR] LogOutputStream:75 - [STDERR_REDIRECT] WARNING: Couldn't flush system prefs: java.util.prefs.BackingStoreException: Couldn't get file lock.
2025-09-10 10:09:01,135 [ERROR] LogOutputStream:75 - [STDERR_REDIRECT] 
2025-09-10 10:09:31,132 [ERROR] LogOutputStream:75 - [STDERR_REDIRECT] Sep 10, 2025 10:09:31 AM java.util.prefs.FileSystemPreferences checkLockFile0ErrorCode
2025-09-10 10:09:31,132 [ERROR] LogOutputStream:75 - [STDERR_REDIRECT] WARNING: Could not lock System prefs. Unix error code 2.
2025-09-10 10:09:31,133 [ERROR] LogOutputStream:75 - [STDERR_REDIRECT] 
2025-09-10 10:09:31,134 [ERROR] LogOutputStream:75 - [STDERR_REDIRECT] Sep 10, 2025 10:09:31 AM java.util.prefs.FileSystemPreferences syncWorld
2025-09-10 10:09:31,135 [ERROR] LogOutputStream:75 - [STDERR_REDIRECT] WARNING: Couldn't flush system prefs: java.util.prefs.BackingStoreException: Couldn't get file lock.
2025-09-10 10:09:31,135 [ERROR] LogOutputStream:75 - [STDERR_REDIRECT] 
2025-09-10 10:10:01,132 [ERROR] LogOutputStream:75 - [STDERR_REDIRECT] Sep 10, 2025 10:10:01 AM java.util.prefs.FileSystemPreferences checkLockFile0ErrorCode
2025-09-10 10:10:01,133 [ERROR] LogOutputStream:75 - [STDERR_REDIRECT] WARNING: Could not lock System prefs. Unix error code 2.
2025-09-10 10:10:01,133 [ERROR] LogOutputStream:75 - [STDERR_REDIRECT] 
2025-09-10 10:10:01,134 [ERROR] LogOutputStream:75 - [STDERR_REDIRECT] Sep 10, 2025 10:10:01 AM java.util.prefs.FileSystemPreferences syncWorld
2025-09-10 10:10:01,135 [ERROR] LogOutputStream:75 - [STDERR_REDIRECT] WARNING: Couldn't flush system prefs: java.util.prefs.BackingStoreException: Couldn't get file lock.
2025-09-10 10:10:01,135 [ERROR] LogOutputStream:75 - [STDERR_REDIRECT] 
2025-09-10 10:10:31,133 [ERROR] LogOutputStream:75 - [STDERR_REDIRECT] Sep 10, 2025 10:10:31 AM java.util.prefs.FileSystemPreferences checkLockFile0ErrorCode
2025-09-10 10:10:31,134 [ERROR] LogOutputStream:75 - [STDERR_REDIRECT] WARNING: Could not lock System prefs. Unix error code 2.
2025-09-10 10:10:31,134 [ERROR] LogOutputStream:75 - [STDERR_REDIRECT] 
2025-09-10 10:10:31,135 [ERROR] LogOutputStream:75 - [STDERR_REDIRECT] Sep 10, 2025 10:10:31 AM java.util.prefs.FileSystemPreferences syncWorld
2025-09-10 10:10:31,136 [ERROR] LogOutputStream:75 - [STDERR_REDIRECT] WARNING: Couldn't flush system prefs: java.util.prefs.BackingStoreException: Couldn't get file lock.
2025-09-10 10:10:31,136 [ERROR] LogOutputStream:75 - [STDERR_REDIRECT] 
2025-09-10 10:11:01,133 [ERROR] LogOutputStream:75 - [STDERR_REDIRECT] Sep 10, 2025 10:11:01 AM java.util.prefs.FileSystemPreferences checkLockFile0ErrorCode
2025-09-10 10:11:01,134 [ERROR] LogOutputStream:75 - [STDERR_REDIRECT] WARNING: Could not lock System prefs. Unix error code 2.
2025-09-10 10:11:01,134 [ERROR] LogOutputStream:75 - [STDERR_REDIRECT] 
2025-09-10 10:11:01,135 [ERROR] LogOutputStream:75 - [STDERR_REDIRECT] Sep 10, 2025 10:11:01 AM java.util.prefs.FileSystemPreferences syncWorld
2025-09-10 10:11:01,136 [ERROR] LogOutputStream:75 - [STDERR_REDIRECT] WARNING: Couldn't flush system prefs: java.util.prefs.BackingStoreException: Couldn't get file lock.
2025-09-10 10:11:01,136 [ERROR] LogOutputStream:75 - [STDERR_REDIRECT] 
2025-09-10 10:11:31,133 [ERROR] LogOutputStream:75 - [STDERR_REDIRECT] Sep 10, 2025 10:11:31 AM java.util.prefs.FileSystemPreferences checkLockFile0ErrorCode
2025-09-10 10:11:31,134 [ERROR] LogOutputStream:75 - [STDERR_REDIRECT] WARNING: Could not lock System prefs. Unix error code 2.
2025-09-10 10:11:31,134 [ERROR] LogOutputStream:75 - [STDERR_REDIRECT] 
2025-09-10 10:11:31,135 [ERROR] LogOutputStream:75 - [STDERR_REDIRECT] Sep 10, 2025 10:11:31 AM java.util.prefs.FileSystemPreferences syncWorld
2025-09-10 10:11:31,136 [ERROR] LogOutputStream:75 - [STDERR_REDIRECT] WARNING: Couldn't flush system prefs: java.util.prefs.BackingStoreException: Couldn't get file lock.
2025-09-10 10:11:31,136 [ERROR] LogOutputStream:75 - [STDERR_REDIRECT] 
2025-09-10 10:12:01,133 [ERROR] LogOutputStream:75 - [STDERR_REDIRECT] Sep 10, 2025 10:12:01 AM java.util.prefs.FileSystemPreferences checkLockFile0ErrorCode
2025-09-10 10:12:01,134 [ERROR] LogOutputStream:75 - [STDERR_REDIRECT] WARNING: Could not lock System prefs. Unix error code 2.
2025-09-10 10:12:01,134 [ERROR] LogOutputStream:75 - [STDERR_REDIRECT] 
2025-09-10 10:12:01,135 [ERROR] LogOutputStream:75 - [STDERR_REDIRECT] Sep 10, 2025 10:12:01 AM java.util.prefs.FileSystemPreferences syncWorld
2025-09-10 10:12:01,136 [ERROR] LogOutputStream:75 - [STDERR_REDIRECT] WARNING: Couldn't flush system prefs: java.util.prefs.BackingStoreException: Couldn't get file lock.
2025-09-10 10:12:01,136 [ERROR] LogOutputStream:75 - [STDERR_REDIRECT] 
2025-09-10 10:12:31,133 [ERROR] LogOutputStream:75 - [STDERR_REDIRECT] Sep 10, 2025 10:12:31 AM java.util.prefs.FileSystemPreferences checkLockFile0ErrorCode
2025-09-10 10:12:31,134 [ERROR] LogOutputStream:75 - [STDERR_REDIRECT] WARNING: Could not lock System prefs. Unix error code 2.
2025-09-10 10:12:31,134 [ERROR] LogOutputStream:75 - [STDERR_REDIRECT] 
2025-09-10 10:12:31,135 [ERROR] LogOutputStream:75 - [STDERR_REDIRECT] Sep 10, 2025 10:12:31 AM java.util.prefs.FileSystemPreferences syncWorld
2025-09-10 10:12:31,136 [ERROR] LogOutputStream:75 - [STDERR_REDIRECT] WARNING: Couldn't flush system prefs: java.util.prefs.BackingStoreException: Couldn't get file lock.
2025-09-10 10:12:31,136 [ERROR] LogOutputStream:75 - [STDERR_REDIRECT] 
2025-09-10 10:13:01,134 [ERROR] LogOutputStream:75 - [STDERR_REDIRECT] Sep 10, 2025 10:13:01 AM java.util.prefs.FileSystemPreferences checkLockFile0ErrorCode
2025-09-10 10:13:01,134 [ERROR] LogOutputStream:75 - [STDERR_REDIRECT] WARNING: Could not lock System prefs. Unix error code 2.
2025-09-10 10:13:01,134 [ERROR] LogOutputStream:75 - [STDERR_REDIRECT] 
2025-09-10 10:13:01,135 [ERROR] LogOutputStream:75 - [STDERR_REDIRECT] Sep 10, 2025 10:13:01 AM java.util.prefs.FileSystemPreferences syncWorld
2025-09-10 10:13:01,136 [ERROR] LogOutputStream:75 - [STDERR_REDIRECT] WARNING: Couldn't flush system prefs: java.util.prefs.BackingStoreException: Couldn't get file lock.
2025-09-10 10:13:01,137 [ERROR] LogOutputStream:75 - [STDERR_REDIRECT] 
2025-09-10 10:13:31,134 [ERROR] LogOutputStream:75 - [STDERR_REDIRECT] Sep 10, 2025 10:13:31 AM java.util.prefs.FileSystemPreferences checkLockFile0ErrorCode
2025-09-10 10:13:31,134 [ERROR] LogOutputStream:75 - [STDERR_REDIRECT] WARNING: Could not lock System prefs. Unix error code 2.
2025-09-10 10:13:31,135 [ERROR] LogOutputStream:75 - [STDERR_REDIRECT] 
2025-09-10 10:13:31,136 [ERROR] LogOutputStream:75 - [STDERR_REDIRECT] Sep 10, 2025 10:13:31 AM java.util.prefs.FileSystemPreferences syncWorld
2025-09-10 10:13:31,136 [ERROR] LogOutputStream:75 - [STDERR_REDIRECT] WARNING: Couldn't flush system prefs: java.util.prefs.BackingStoreException: Couldn't get file lock.
2025-09-10 10:13:31,137 [ERROR] LogOutputStream:75 - [STDERR_REDIRECT] 
2025-09-10 10:14:01,134 [ERROR] LogOutputStream:75 - [STDERR_REDIRECT] Sep 10, 2025 10:14:01 AM java.util.prefs.FileSystemPreferences checkLockFile0ErrorCode
2025-09-10 10:14:01,135 [ERROR] LogOutputStream:75 - [STDERR_REDIRECT] WARNING: Could not lock System prefs. Unix error code 2.
2025-09-10 10:14:01,135 [ERROR] LogOutputStream:75 - [STDERR_REDIRECT] 
2025-09-10 10:14:01,136 [ERROR] LogOutputStream:75 - [STDERR_REDIRECT] Sep 10, 2025 10:14:01 AM java.util.prefs.FileSystemPreferences syncWorld
2025-09-10 10:14:01,136 [ERROR] LogOutputStream:75 - [STDERR_REDIRECT] WARNING: Couldn't flush system prefs: java.util.prefs.BackingStoreException: Couldn't get file lock.
2025-09-10 10:14:01,137 [ERROR] LogOutputStream:75 - [STDERR_REDIRECT] 
2025-09-10 10:14:31,134 [ERROR] LogOutputStream:75 - [STDERR_REDIRECT] Sep 10, 2025 10:14:31 AM java.util.prefs.FileSystemPreferences checkLockFile0ErrorCode
2025-09-10 10:14:31,135 [ERROR] LogOutputStream:75 - [STDERR_REDIRECT] WARNING: Could not lock System prefs. Unix error code 2.
2025-09-10 10:14:31,135 [ERROR] LogOutputStream:75 - [STDERR_REDIRECT] 
2025-09-10 10:14:31,136 [ERROR] LogOutputStream:75 - [STDERR_REDIRECT] Sep 10, 2025 10:14:31 AM java.util.prefs.FileSystemPreferences syncWorld
2025-09-10 10:14:31,137 [ERROR] LogOutputStream:75 - [STDERR_REDIRECT] WARNING: Couldn't flush system prefs: java.util.prefs.BackingStoreException: Couldn't get file lock.
2025-09-10 10:14:31,137 [ERROR] LogOutputStream:75 - [STDERR_REDIRECT] 
2025-09-10 10:15:01,134 [ERROR] LogOutputStream:75 - [STDERR_REDIRECT] Sep 10, 2025 10:15:01 AM java.util.prefs.FileSystemPreferences checkLockFile0ErrorCode
2025-09-10 10:15:01,135 [ERROR] LogOutputStream:75 - [STDERR_REDIRECT] WARNING: Could not lock System prefs. Unix error code 2.
2025-09-10 10:15:01,135 [ERROR] LogOutputStream:75 - [STDERR_REDIRECT] 
2025-09-10 10:15:01,136 [ERROR] LogOutputStream:75 - [STDERR_REDIRECT] Sep 10, 2025 10:15:01 AM java.util.prefs.FileSystemPreferences syncWorld
2025-09-10 10:15:01,137 [ERROR] LogOutputStream:75 - [STDERR_REDIRECT] WARNING: Couldn't flush system prefs: java.util.prefs.BackingStoreException: Couldn't get file lock.
2025-09-10 10:15:01,137 [ERROR] LogOutputStream:75 - [STDERR_REDIRECT] 
2025-09-10 10:15:31,135 [ERROR] LogOutputStream:75 - [STDERR_REDIRECT] Sep 10, 2025 10:15:31 AM java.util.prefs.FileSystemPreferences checkLockFile0ErrorCode
2025-09-10 10:15:31,136 [ERROR] LogOutputStream:75 - [STDERR_REDIRECT] WARNING: Could not lock System prefs. Unix error code 2.
2025-09-10 10:15:31,136 [ERROR] LogOutputStream:75 - [STDERR_REDIRECT] 
2025-09-10 10:15:31,137 [ERROR] LogOutputStream:75 - [STDERR_REDIRECT] Sep 10, 2025 10:15:31 AM java.util.prefs.FileSystemPreferences syncWorld
2025-09-10 10:15:31,138 [ERROR] LogOutputStream:75 - [STDERR_REDIRECT] WARNING: Couldn't flush system prefs: java.util.prefs.BackingStoreException: Couldn't get file lock.
2025-09-10 10:15:31,138 [ERROR] LogOutputStream:75 - [STDERR_REDIRECT] 
2025-09-10 10:16:01,134 [ERROR] LogOutputStream:75 - [STDERR_REDIRECT] Sep 10, 2025 10:16:01 AM java.util.prefs.FileSystemPreferences checkLockFile0ErrorCode
2025-09-10 10:16:01,135 [ERROR] LogOutputStream:75 - [STDERR_REDIRECT] WARNING: Could not lock System prefs. Unix error code 2.
2025-09-10 10:16:01,135 [ERROR] LogOutputStream:75 - [STDERR_REDIRECT] 
2025-09-10 10:16:01,136 [ERROR] LogOutputStream:75 - [STDERR_REDIRECT] Sep 10, 2025 10:16:01 AM java.util.prefs.FileSystemPreferences syncWorld
2025-09-10 10:16:01,137 [ERROR] LogOutputStream:75 - [STDERR_REDIRECT] WARNING: Couldn't flush system prefs: java.util.prefs.BackingStoreException: Couldn't get file lock.
2025-09-10 10:16:01,137 [ERROR] LogOutputStream:75 - [STDERR_REDIRECT] 
2025-09-10 10:16:31,135 [ERROR] LogOutputStream:75 - [STDERR_REDIRECT] Sep 10, 2025 10:16:31 AM java.util.prefs.FileSystemPreferences checkLockFile0ErrorCode
2025-09-10 10:16:31,136 [ERROR] LogOutputStream:75 - [STDERR_REDIRECT] WARNING: Could not lock System prefs. Unix error code 2.
2025-09-10 10:16:31,136 [ERROR] LogOutputStream:75 - [STDERR_REDIRECT] 
2025-09-10 10:16:31,137 [ERROR] LogOutputStream:75 - [STDERR_REDIRECT] Sep 10, 2025 10:16:31 AM java.util.prefs.FileSystemPreferences syncWorld
2025-09-10 10:16:31,137 [ERROR] LogOutputStream:75 - [STDERR_REDIRECT] WARNING: Couldn't flush system prefs: java.util.prefs.BackingStoreException: Couldn't get file lock.
2025-09-10 10:16:31,138 [ERROR] LogOutputStream:75 - [STDERR_REDIRECT] 
2025-09-10 10:17:01,135 [ERROR] LogOutputStream:75 - [STDERR_REDIRECT] Sep 10, 2025 10:17:01 AM java.util.prefs.FileSystemPreferences checkLockFile0ErrorCode
2025-09-10 10:17:01,136 [ERROR] LogOutputStream:75 - [STDERR_REDIRECT] WARNING: Could not lock System prefs. Unix error code 2.
2025-09-10 10:17:01,136 [ERROR] LogOutputStream:75 - [STDERR_REDIRECT] 
2025-09-10 10:17:01,137 [ERROR] LogOutputStream:75 - [STDERR_REDIRECT] Sep 10, 2025 10:17:01 AM java.util.prefs.FileSystemPreferences syncWorld
2025-09-10 10:17:01,138 [ERROR] LogOutputStream:75 - [STDERR_REDIRECT] WARNING: Couldn't flush system prefs: java.util.prefs.BackingStoreException: Couldn't get file lock.
2025-09-10 10:17:01,138 [ERROR] LogOutputStream:75 - [STDERR_REDIRECT] 
2025-09-10 10:17:31,135 [ERROR] LogOutputStream:75 - [STDERR_REDIRECT] Sep 10, 2025 10:17:31 AM java.util.prefs.FileSystemPreferences checkLockFile0ErrorCode
2025-09-10 10:17:31,136 [ERROR] LogOutputStream:75 - [STDERR_REDIRECT] WARNING: Could not lock System prefs. Unix error code 2.
2025-09-10 10:17:31,136 [ERROR] LogOutputStream:75 - [STDERR_REDIRECT] 
2025-09-10 10:17:31,137 [ERROR] LogOutputStream:75 - [STDERR_REDIRECT] Sep 10, 2025 10:17:31 AM java.util.prefs.FileSystemPreferences syncWorld
2025-09-10 10:17:31,137 [ERROR] LogOutputStream:75 - [STDERR_REDIRECT] WARNING: Couldn't flush system prefs: java.util.prefs.BackingStoreException: Couldn't get file lock.
2025-09-10 10:17:31,138 [ERROR] LogOutputStream:75 - [STDERR_REDIRECT] 
2025-09-10 10:18:01,134 [ERROR] LogOutputStream:75 - [STDERR_REDIRECT] Sep 10, 2025 10:18:01 AM java.util.prefs.FileSystemPreferences checkLockFile0ErrorCode
2025-09-10 10:18:01,135 [ERROR] LogOutputStream:75 - [STDERR_REDIRECT] WARNING: Could not lock System prefs. Unix error code 2.
2025-09-10 10:18:01,135 [ERROR] LogOutputStream:75 - [STDERR_REDIRECT] 
2025-09-10 10:18:01,136 [ERROR] LogOutputStream:75 - [STDERR_REDIRECT] Sep 10, 2025 10:18:01 AM java.util.prefs.FileSystemPreferences syncWorld
2025-09-10 10:18:01,137 [ERROR] LogOutputStream:75 - [STDERR_REDIRECT] WARNING: Couldn't flush system prefs: java.util.prefs.BackingStoreException: Couldn't get file lock.
2025-09-10 10:18:01,137 [ERROR] LogOutputStream:75 - [STDERR_REDIRECT] 
2025-09-10 10:18:31,135 [ERROR] LogOutputStream:75 - [STDERR_REDIRECT] Sep 10, 2025 10:18:31 AM java.util.prefs.FileSystemPreferences checkLockFile0ErrorCode
2025-09-10 10:18:31,136 [ERROR] LogOutputStream:75 - [STDERR_REDIRECT] WARNING: Could not lock System prefs. Unix error code 2.
2025-09-10 10:18:31,137 [ERROR] LogOutputStream:75 - [STDERR_REDIRECT] 
2025-09-10 10:18:31,138 [ERROR] LogOutputStream:75 - [STDERR_REDIRECT] Sep 10, 2025 10:18:31 AM java.util.prefs.FileSystemPreferences syncWorld
2025-09-10 10:18:31,139 [ERROR] LogOutputStream:75 - [STDERR_REDIRECT] WARNING: Couldn't flush system prefs: java.util.prefs.BackingStoreException: Couldn't get file lock.
2025-09-10 10:18:31,139 [ERROR] LogOutputStream:75 - [STDERR_REDIRECT] 
2025-09-10 10:19:01,135 [ERROR] LogOutputStream:75 - [STDERR_REDIRECT] Sep 10, 2025 10:19:01 AM java.util.prefs.FileSystemPreferences checkLockFile0ErrorCode
2025-09-10 10:19:01,136 [ERROR] LogOutputStream:75 - [STDERR_REDIRECT] WARNING: Could not lock System prefs. Unix error code 2.
2025-09-10 10:19:01,136 [ERROR] LogOutputStream:75 - [STDERR_REDIRECT] 
2025-09-10 10:19:01,137 [ERROR] LogOutputStream:75 - [STDERR_REDIRECT] Sep 10, 2025 10:19:01 AM java.util.prefs.FileSystemPreferences syncWorld
2025-09-10 10:19:01,138 [ERROR] LogOutputStream:75 - [STDERR_REDIRECT] WARNING: Couldn't flush system prefs: java.util.prefs.BackingStoreException: Couldn't get file lock.
2025-09-10 10:19:01,138 [ERROR] LogOutputStream:75 - [STDERR_REDIRECT] 
2025-09-10 10:19:31,135 [ERROR] LogOutputStream:75 - [STDERR_REDIRECT] Sep 10, 2025 10:19:31 AM java.util.prefs.FileSystemPreferences checkLockFile0ErrorCode
2025-09-10 10:19:31,135 [ERROR] LogOutputStream:75 - [STDERR_REDIRECT] WARNING: Could not lock System prefs. Unix error code 2.
2025-09-10 10:19:31,136 [ERROR] LogOutputStream:75 - [STDERR_REDIRECT] 
2025-09-10 10:19:31,136 [ERROR] LogOutputStream:75 - [STDERR_REDIRECT] Sep 10, 2025 10:19:31 AM java.util.prefs.FileSystemPreferences syncWorld
2025-09-10 10:19:31,137 [ERROR] LogOutputStream:75 - [STDERR_REDIRECT] WARNING: Couldn't flush system prefs: java.util.prefs.BackingStoreException: Couldn't get file lock.
2025-09-10 10:19:31,137 [ERROR] LogOutputStream:75 - [STDERR_REDIRECT] 
2025-09-10 10:20:01,135 [ERROR] LogOutputStream:75 - [STDERR_REDIRECT] Sep 10, 2025 10:20:01 AM java.util.prefs.FileSystemPreferences checkLockFile0ErrorCode
2025-09-10 10:20:01,136 [ERROR] LogOutputStream:75 - [STDERR_REDIRECT] WARNING: Could not lock System prefs. Unix error code 2.
2025-09-10 10:20:01,136 [ERROR] LogOutputStream:75 - [STDERR_REDIRECT] 
2025-09-10 10:20:01,137 [ERROR] LogOutputStream:75 - [STDERR_REDIRECT] Sep 10, 2025 10:20:01 AM java.util.prefs.FileSystemPreferences syncWorld
2025-09-10 10:20:01,138 [ERROR] LogOutputStream:75 - [STDERR_REDIRECT] WARNING: Couldn't flush system prefs: java.util.prefs.BackingStoreException: Couldn't get file lock.
2025-09-10 10:20:01,138 [ERROR] LogOutputStream:75 - [STDERR_REDIRECT] 
2025-09-10 10:20:31,135 [ERROR] LogOutputStream:75 - [STDERR_REDIRECT] Sep 10, 2025 10:20:31 AM java.util.prefs.FileSystemPreferences checkLockFile0ErrorCode
2025-09-10 10:20:31,136 [ERROR] LogOutputStream:75 - [STDERR_REDIRECT] WARNING: Could not lock System prefs. Unix error code 2.
2025-09-10 10:20:31,136 [ERROR] LogOutputStream:75 - [STDERR_REDIRECT] 
2025-09-10 10:20:31,138 [ERROR] LogOutputStream:75 - [STDERR_REDIRECT] Sep 10, 2025 10:20:31 AM java.util.prefs.FileSystemPreferences syncWorld
2025-09-10 10:20:31,139 [ERROR] LogOutputStream:75 - [STDERR_REDIRECT] WARNING: Couldn't flush system prefs: java.util.prefs.BackingStoreException: Couldn't get file lock.
2025-09-10 10:20:31,139 [ERROR] LogOutputStream:75 - [STDERR_REDIRECT] 
2025-09-10 10:21:01,136 [ERROR] LogOutputStream:75 - [STDERR_REDIRECT] Sep 10, 2025 10:21:01 AM java.util.prefs.FileSystemPreferences checkLockFile0ErrorCode
2025-09-10 10:21:01,137 [ERROR] LogOutputStream:75 - [STDERR_REDIRECT] WARNING: Could not lock System prefs. Unix error code 2.
2025-09-10 10:21:01,137 [ERROR] LogOutputStream:75 - [STDERR_REDIRECT] 
2025-09-10 10:21:01,139 [ERROR] LogOutputStream:75 - [STDERR_REDIRECT] Sep 10, 2025 10:21:01 AM java.util.prefs.FileSystemPreferences syncWorld
2025-09-10 10:21:01,140 [ERROR] LogOutputStream:75 - [STDERR_REDIRECT] WARNING: Couldn't flush system prefs: java.util.prefs.BackingStoreException: Couldn't get file lock.
2025-09-10 10:21:01,140 [ERROR] LogOutputStream:75 - [STDERR_REDIRECT] 
2025-09-10 10:21:31,135 [ERROR] LogOutputStream:75 - [STDERR_REDIRECT] Sep 10, 2025 10:21:31 AM java.util.prefs.FileSystemPreferences checkLockFile0ErrorCode
2025-09-10 10:21:31,136 [ERROR] LogOutputStream:75 - [STDERR_REDIRECT] WARNING: Could not lock System prefs. Unix error code 2.
2025-09-10 10:21:31,136 [ERROR] LogOutputStream:75 - [STDERR_REDIRECT] 
2025-09-10 10:21:31,136 [ERROR] LogOutputStream:75 - [STDERR_REDIRECT] Sep 10, 2025 10:21:31 AM java.util.prefs.FileSystemPreferences syncWorld
2025-09-10 10:21:31,137 [ERROR] LogOutputStream:75 - [STDERR_REDIRECT] WARNING: Couldn't flush system prefs: java.util.prefs.BackingStoreException: Couldn't get file lock.
2025-09-10 10:21:31,137 [ERROR] LogOutputStream:75 - [STDERR_REDIRECT] 
2025-09-10 10:22:01,136 [ERROR] LogOutputStream:75 - [STDERR_REDIRECT] Sep 10, 2025 10:22:01 AM java.util.prefs.FileSystemPreferences checkLockFile0ErrorCode
2025-09-10 10:22:01,136 [ERROR] LogOutputStream:75 - [STDERR_REDIRECT] WARNING: Could not lock System prefs. Unix error code 2.
2025-09-10 10:22:01,136 [ERROR] LogOutputStream:75 - [STDERR_REDIRECT] 
2025-09-10 10:22:01,137 [ERROR] LogOutputStream:75 - [STDERR_REDIRECT] Sep 10, 2025 10:22:01 AM java.util.prefs.FileSystemPreferences syncWorld
2025-09-10 10:22:01,138 [ERROR] LogOutputStream:75 - [STDERR_REDIRECT] WARNING: Couldn't flush system prefs: java.util.prefs.BackingStoreException: Couldn't get file lock.
2025-09-10 10:22:01,138 [ERROR] LogOutputStream:75 - [STDERR_REDIRECT] 
2025-09-10 10:22:31,136 [ERROR] LogOutputStream:75 - [STDERR_REDIRECT] Sep 10, 2025 10:22:31 AM java.util.prefs.FileSystemPreferences checkLockFile0ErrorCode
2025-09-10 10:22:31,137 [ERROR] LogOutputStream:75 - [STDERR_REDIRECT] WARNING: Could not lock System prefs. Unix error code 2.
2025-09-10 10:22:31,137 [ERROR] LogOutputStream:75 - [STDERR_REDIRECT] 
2025-09-10 10:22:31,138 [ERROR] LogOutputStream:75 - [STDERR_REDIRECT] Sep 10, 2025 10:22:31 AM java.util.prefs.FileSystemPreferences syncWorld
2025-09-10 10:22:31,139 [ERROR] LogOutputStream:75 - [STDERR_REDIRECT] WARNING: Couldn't flush system prefs: java.util.prefs.BackingStoreException: Couldn't get file lock.
2025-09-10 10:22:31,139 [ERROR] LogOutputStream:75 - [STDERR_REDIRECT] 
2025-09-10 10:23:01,136 [ERROR] LogOutputStream:75 - [STDERR_REDIRECT] Sep 10, 2025 10:23:01 AM java.util.prefs.FileSystemPreferences checkLockFile0ErrorCode
2025-09-10 10:23:01,137 [ERROR] LogOutputStream:75 - [STDERR_REDIRECT] WARNING: Could not lock System prefs. Unix error code 2.
2025-09-10 10:23:01,137 [ERROR] LogOutputStream:75 - [STDERR_REDIRECT] 
2025-09-10 10:23:01,138 [ERROR] LogOutputStream:75 - [STDERR_REDIRECT] Sep 10, 2025 10:23:01 AM java.util.prefs.FileSystemPreferences syncWorld
2025-09-10 10:23:01,138 [ERROR] LogOutputStream:75 - [STDERR_REDIRECT] WARNING: Couldn't flush system prefs: java.util.prefs.BackingStoreException: Couldn't get file lock.
2025-09-10 10:23:01,139 [ERROR] LogOutputStream:75 - [STDERR_REDIRECT] 
2025-09-10 10:23:31,136 [ERROR] LogOutputStream:75 - [STDERR_REDIRECT] Sep 10, 2025 10:23:31 AM java.util.prefs.FileSystemPreferences checkLockFile0ErrorCode
2025-09-10 10:23:31,136 [ERROR] LogOutputStream:75 - [STDERR_REDIRECT] WARNING: Could not lock System prefs. Unix error code 2.
2025-09-10 10:23:31,137 [ERROR] LogOutputStream:75 - [STDERR_REDIRECT] 
2025-09-10 10:23:31,137 [ERROR] LogOutputStream:75 - [STDERR_REDIRECT] Sep 10, 2025 10:23:31 AM java.util.prefs.FileSystemPreferences syncWorld
2025-09-10 10:23:31,138 [ERROR] LogOutputStream:75 - [STDERR_REDIRECT] WARNING: Couldn't flush system prefs: java.util.prefs.BackingStoreException: Couldn't get file lock.
2025-09-10 10:23:31,138 [ERROR] LogOutputStream:75 - [STDERR_REDIRECT] 
2025-09-10 10:24:01,137 [ERROR] LogOutputStream:75 - [STDERR_REDIRECT] Sep 10, 2025 10:24:01 AM java.util.prefs.FileSystemPreferences checkLockFile0ErrorCode
2025-09-10 10:24:01,137 [ERROR] LogOutputStream:75 - [STDERR_REDIRECT] WARNING: Could not lock System prefs. Unix error code 2.
2025-09-10 10:24:01,138 [ERROR] LogOutputStream:75 - [STDERR_REDIRECT] 
2025-09-10 10:24:01,138 [ERROR] LogOutputStream:75 - [STDERR_REDIRECT] Sep 10, 2025 10:24:01 AM java.util.prefs.FileSystemPreferences syncWorld
2025-09-10 10:24:01,139 [ERROR] LogOutputStream:75 - [STDERR_REDIRECT] WARNING: Couldn't flush system prefs: java.util.prefs.BackingStoreException: Couldn't get file lock.
2025-09-10 10:24:01,139 [ERROR] LogOutputStream:75 - [STDERR_REDIRECT] 
2025-09-10 10:24:31,137 [ERROR] LogOutputStream:75 - [STDERR_REDIRECT] Sep 10, 2025 10:24:31 AM java.util.prefs.FileSystemPreferences checkLockFile0ErrorCode
2025-09-10 10:24:31,138 [ERROR] LogOutputStream:75 - [STDERR_REDIRECT] WARNING: Could not lock System prefs. Unix error code 2.
2025-09-10 10:24:31,138 [ERROR] LogOutputStream:75 - [STDERR_REDIRECT] 
2025-09-10 10:24:31,139 [ERROR] LogOutputStream:75 - [STDERR_REDIRECT] Sep 10, 2025 10:24:31 AM java.util.prefs.FileSystemPreferences syncWorld
2025-09-10 10:24:31,140 [ERROR] LogOutputStream:75 - [STDERR_REDIRECT] WARNING: Couldn't flush system prefs: java.util.prefs.BackingStoreException: Couldn't get file lock.
2025-09-10 10:24:31,140 [ERROR] LogOutputStream:75 - [STDERR_REDIRECT] 
2025-09-10 10:25:01,138 [ERROR] LogOutputStream:75 - [STDERR_REDIRECT] Sep 10, 2025 10:25:01 AM java.util.prefs.FileSystemPreferences checkLockFile0ErrorCode
2025-09-10 10:25:01,139 [ERROR] LogOutputStream:75 - [STDERR_REDIRECT] WARNING: Could not lock System prefs. Unix error code 2.
2025-09-10 10:25:01,139 [ERROR] LogOutputStream:75 - [STDERR_REDIRECT] 
2025-09-10 10:25:01,140 [ERROR] LogOutputStream:75 - [STDERR_REDIRECT] Sep 10, 2025 10:25:01 AM java.util.prefs.FileSystemPreferences syncWorld
2025-09-10 10:25:01,141 [ERROR] LogOutputStream:75 - [STDERR_REDIRECT] WARNING: Couldn't flush system prefs: java.util.prefs.BackingStoreException: Couldn't get file lock.
2025-09-10 10:25:01,141 [ERROR] LogOutputStream:75 - [STDERR_REDIRECT] 
2025-09-10 10:25:31,137 [ERROR] LogOutputStream:75 - [STDERR_REDIRECT] Sep 10, 2025 10:25:31 AM java.util.prefs.FileSystemPreferences checkLockFile0ErrorCode
2025-09-10 10:25:31,138 [ERROR] LogOutputStream:75 - [STDERR_REDIRECT] WARNING: Could not lock System prefs. Unix error code 2.
2025-09-10 10:25:31,138 [ERROR] LogOutputStream:75 - [STDERR_REDIRECT] 
2025-09-10 10:25:31,139 [ERROR] LogOutputStream:75 - [STDERR_REDIRECT] Sep 10, 2025 10:25:31 AM java.util.prefs.FileSystemPreferences syncWorld
2025-09-10 10:25:31,140 [ERROR] LogOutputStream:75 - [STDERR_REDIRECT] WARNING: Couldn't flush system prefs: java.util.prefs.BackingStoreException: Couldn't get file lock.
2025-09-10 10:25:31,140 [ERROR] LogOutputStream:75 - [STDERR_REDIRECT] 
2025-09-10 10:26:01,137 [ERROR] LogOutputStream:75 - [STDERR_REDIRECT] Sep 10, 2025 10:26:01 AM java.util.prefs.FileSystemPreferences checkLockFile0ErrorCode
2025-09-10 10:26:01,138 [ERROR] LogOutputStream:75 - [STDERR_REDIRECT] WARNING: Could not lock System prefs. Unix error code 2.
2025-09-10 10:26:01,138 [ERROR] LogOutputStream:75 - [STDERR_REDIRECT] 
2025-09-10 10:26:01,139 [ERROR] LogOutputStream:75 - [STDERR_REDIRECT] Sep 10, 2025 10:26:01 AM java.util.prefs.FileSystemPreferences syncWorld
2025-09-10 10:26:01,140 [ERROR] LogOutputStream:75 - [STDERR_REDIRECT] WARNING: Couldn't flush system prefs: java.util.prefs.BackingStoreException: Couldn't get file lock.
2025-09-10 10:26:01,141 [ERROR] LogOutputStream:75 - [STDERR_REDIRECT] 
2025-09-10 10:26:31,136 [ERROR] LogOutputStream:75 - [STDERR_REDIRECT] Sep 10, 2025 10:26:31 AM java.util.prefs.FileSystemPreferences checkLockFile0ErrorCode
2025-09-10 10:26:31,137 [ERROR] LogOutputStream:75 - [STDERR_REDIRECT] WARNING: Could not lock System prefs. Unix error code 2.
2025-09-10 10:26:31,137 [ERROR] LogOutputStream:75 - [STDERR_REDIRECT] 
2025-09-10 10:26:31,138 [ERROR] LogOutputStream:75 - [STDERR_REDIRECT] Sep 10, 2025 10:26:31 AM java.util.prefs.FileSystemPreferences syncWorld
2025-09-10 10:26:31,139 [ERROR] LogOutputStream:75 - [STDERR_REDIRECT] WARNING: Couldn't flush system prefs: java.util.prefs.BackingStoreException: Couldn't get file lock.
2025-09-10 10:26:31,139 [ERROR] LogOutputStream:75 - [STDERR_REDIRECT] 
2025-09-10 10:27:01,137 [ERROR] LogOutputStream:75 - [STDERR_REDIRECT] Sep 10, 2025 10:27:01 AM java.util.prefs.FileSystemPreferences checkLockFile0ErrorCode
2025-09-10 10:27:01,138 [ERROR] LogOutputStream:75 - [STDERR_REDIRECT] WARNING: Could not lock System prefs. Unix error code 2.
2025-09-10 10:27:01,138 [ERROR] LogOutputStream:75 - [STDERR_REDIRECT] 
2025-09-10 10:27:01,139 [ERROR] LogOutputStream:75 - [STDERR_REDIRECT] Sep 10, 2025 10:27:01 AM java.util.prefs.FileSystemPreferences syncWorld
2025-09-10 10:27:01,140 [ERROR] LogOutputStream:75 - [STDERR_REDIRECT] WARNING: Couldn't flush system prefs: java.util.prefs.BackingStoreException: Couldn't get file lock.
2025-09-10 10:27:01,140 [ERROR] LogOutputStream:75 - [STDERR_REDIRECT] 
2025-09-10 10:27:31,137 [ERROR] LogOutputStream:75 - [STDERR_REDIRECT] Sep 10, 2025 10:27:31 AM java.util.prefs.FileSystemPreferences checkLockFile0ErrorCode
2025-09-10 10:27:31,138 [ERROR] LogOutputStream:75 - [STDERR_REDIRECT] WARNING: Could not lock System prefs. Unix error code 2.
2025-09-10 10:27:31,138 [ERROR] LogOutputStream:75 - [STDERR_REDIRECT] 
2025-09-10 10:27:31,138 [ERROR] LogOutputStream:75 - [STDERR_REDIRECT] Sep 10, 2025 10:27:31 AM java.util.prefs.FileSystemPreferences syncWorld
2025-09-10 10:27:31,139 [ERROR] LogOutputStream:75 - [STDERR_REDIRECT] WARNING: Couldn't flush system prefs: java.util.prefs.BackingStoreException: Couldn't get file lock.
2025-09-10 10:27:31,139 [ERROR] LogOutputStream:75 - [STDERR_REDIRECT] 
2025-09-10 10:27:46,542 [INFO] McuFinderGlobals:76 - Set McuFinderConnectedMode to true
2025-09-10 10:27:47,050 [INFO] ApiDb:448 - Save user favorites file /home/matijak/.stm32cubeide/favorites.mcus.txt: 0 item(s)
2025-09-10 10:27:47,050 [INFO] ApiDb:452 - User favorites MCUs=[]
2025-09-10 10:27:47,052 [INFO] ApiDb:448 - Save user favorites file /home/matijak/.stm32cubeide/favorites.boards.txt: 1 item(s)
2025-09-10 10:27:47,052 [INFO] ApiDb:452 - User favorites Boards=[B-L475E-IOT01A1]
2025-09-10 10:27:47,169 [INFO] McuFinderGlobals:76 - Set McuFinderConnectedMode to true
2025-09-10 10:27:47,294 [INFO] ApiDb:448 - Save user favorites file /home/matijak/.stm32cubeide/favorites.mcus.txt: 0 item(s)
2025-09-10 10:27:47,295 [INFO] ApiDb:452 - User favorites MCUs=[]
2025-09-10 10:27:47,295 [INFO] ApiDb:448 - Save user favorites file /home/matijak/.stm32cubeide/favorites.boards.txt: 1 item(s)
2025-09-10 10:27:47,296 [INFO] ApiDb:452 - User favorites Boards=[B-L475E-IOT01A1]
2025-09-10 10:28:01,143 [ERROR] LogOutputStream:75 - [STDERR_REDIRECT] Sep 10, 2025 10:28:01 AM java.util.prefs.FileSystemPreferences checkLockFile0ErrorCode
2025-09-10 10:28:01,143 [ERROR] LogOutputStream:75 - [STDERR_REDIRECT] WARNING: Could not lock System prefs. Unix error code 2.
2025-09-10 10:28:01,144 [ERROR] LogOutputStream:75 - [STDERR_REDIRECT] 
2025-09-10 10:28:01,144 [ERROR] LogOutputStream:75 - [STDERR_REDIRECT] Sep 10, 2025 10:28:01 AM java.util.prefs.FileSystemPreferences syncWorld
2025-09-10 10:28:01,145 [ERROR] LogOutputStream:75 - [STDERR_REDIRECT] WARNING: Couldn't flush system prefs: java.util.prefs.BackingStoreException: Couldn't get file lock.
2025-09-10 10:28:01,145 [ERROR] LogOutputStream:75 - [STDERR_REDIRECT] 
2025-09-10 10:28:31,139 [ERROR] LogOutputStream:75 - [STDERR_REDIRECT] Sep 10, 2025 10:28:31 AM java.util.prefs.FileSystemPreferences checkLockFile0ErrorCode
2025-09-10 10:28:31,140 [ERROR] LogOutputStream:75 - [STDERR_REDIRECT] WARNING: Could not lock System prefs. Unix error code 2.
2025-09-10 10:28:31,140 [ERROR] LogOutputStream:75 - [STDERR_REDIRECT] 
2025-09-10 10:28:31,141 [ERROR] LogOutputStream:75 - [STDERR_REDIRECT] Sep 10, 2025 10:28:31 AM java.util.prefs.FileSystemPreferences syncWorld
2025-09-10 10:28:31,142 [ERROR] LogOutputStream:75 - [STDERR_REDIRECT] WARNING: Couldn't flush system prefs: java.util.prefs.BackingStoreException: Couldn't get file lock.
2025-09-10 10:28:31,142 [ERROR] LogOutputStream:75 - [STDERR_REDIRECT] 
2025-09-10 10:29:01,139 [ERROR] LogOutputStream:75 - [STDERR_REDIRECT] Sep 10, 2025 10:29:01 AM java.util.prefs.FileSystemPreferences checkLockFile0ErrorCode
2025-09-10 10:29:01,139 [ERROR] LogOutputStream:75 - [STDERR_REDIRECT] WARNING: Could not lock System prefs. Unix error code 2.
2025-09-10 10:29:01,140 [ERROR] LogOutputStream:75 - [STDERR_REDIRECT] 
2025-09-10 10:29:01,140 [ERROR] LogOutputStream:75 - [STDERR_REDIRECT] Sep 10, 2025 10:29:01 AM java.util.prefs.FileSystemPreferences syncWorld
2025-09-10 10:29:01,141 [ERROR] LogOutputStream:75 - [STDERR_REDIRECT] WARNING: Couldn't flush system prefs: java.util.prefs.BackingStoreException: Couldn't get file lock.
2025-09-10 10:29:01,141 [ERROR] LogOutputStream:75 - [STDERR_REDIRECT] 
2025-09-10 10:29:31,138 [ERROR] LogOutputStream:75 - [STDERR_REDIRECT] Sep 10, 2025 10:29:31 AM java.util.prefs.FileSystemPreferences checkLockFile0ErrorCode
2025-09-10 10:29:31,139 [ERROR] LogOutputStream:75 - [STDERR_REDIRECT] WARNING: Could not lock System prefs. Unix error code 2.
2025-09-10 10:29:31,139 [ERROR] LogOutputStream:75 - [STDERR_REDIRECT] 
2025-09-10 10:29:31,140 [ERROR] LogOutputStream:75 - [STDERR_REDIRECT] Sep 10, 2025 10:29:31 AM java.util.prefs.FileSystemPreferences syncWorld
2025-09-10 10:29:31,141 [ERROR] LogOutputStream:75 - [STDERR_REDIRECT] WARNING: Couldn't flush system prefs: java.util.prefs.BackingStoreException: Couldn't get file lock.
2025-09-10 10:29:31,141 [ERROR] LogOutputStream:75 - [STDERR_REDIRECT] 
2025-09-10 10:30:01,139 [ERROR] LogOutputStream:75 - [STDERR_REDIRECT] Sep 10, 2025 10:30:01 AM java.util.prefs.FileSystemPreferences checkLockFile0ErrorCode
2025-09-10 10:30:01,140 [ERROR] LogOutputStream:75 - [STDERR_REDIRECT] WARNING: Could not lock System prefs. Unix error code 2.
2025-09-10 10:30:01,140 [ERROR] LogOutputStream:75 - [STDERR_REDIRECT] 
2025-09-10 10:30:01,141 [ERROR] LogOutputStream:75 - [STDERR_REDIRECT] Sep 10, 2025 10:30:01 AM java.util.prefs.FileSystemPreferences syncWorld
2025-09-10 10:30:01,142 [ERROR] LogOutputStream:75 - [STDERR_REDIRECT] WARNING: Couldn't flush system prefs: java.util.prefs.BackingStoreException: Couldn't get file lock.
2025-09-10 10:30:01,142 [ERROR] LogOutputStream:75 - [STDERR_REDIRECT] 
2025-09-10 10:30:31,140 [ERROR] LogOutputStream:75 - [STDERR_REDIRECT] Sep 10, 2025 10:30:31 AM java.util.prefs.FileSystemPreferences checkLockFile0ErrorCode
2025-09-10 10:30:31,140 [ERROR] LogOutputStream:75 - [STDERR_REDIRECT] WARNING: Could not lock System prefs. Unix error code 2.
2025-09-10 10:30:31,140 [ERROR] LogOutputStream:75 - [STDERR_REDIRECT] 
2025-09-10 10:30:31,141 [ERROR] LogOutputStream:75 - [STDERR_REDIRECT] Sep 10, 2025 10:30:31 AM java.util.prefs.FileSystemPreferences syncWorld
2025-09-10 10:30:31,142 [ERROR] LogOutputStream:75 - [STDERR_REDIRECT] WARNING: Couldn't flush system prefs: java.util.prefs.BackingStoreException: Couldn't get file lock.
2025-09-10 10:30:31,142 [ERROR] LogOutputStream:75 - [STDERR_REDIRECT] 
2025-09-10 10:31:01,139 [ERROR] LogOutputStream:75 - [STDERR_REDIRECT] Sep 10, 2025 10:31:01 AM java.util.prefs.FileSystemPreferences checkLockFile0ErrorCode
2025-09-10 10:31:01,140 [ERROR] LogOutputStream:75 - [STDERR_REDIRECT] WARNING: Could not lock System prefs. Unix error code 2.
2025-09-10 10:31:01,140 [ERROR] LogOutputStream:75 - [STDERR_REDIRECT] 
2025-09-10 10:31:01,141 [ERROR] LogOutputStream:75 - [STDERR_REDIRECT] Sep 10, 2025 10:31:01 AM java.util.prefs.FileSystemPreferences syncWorld
2025-09-10 10:31:01,142 [ERROR] LogOutputStream:75 - [STDERR_REDIRECT] WARNING: Couldn't flush system prefs: java.util.prefs.BackingStoreException: Couldn't get file lock.
2025-09-10 10:31:01,142 [ERROR] LogOutputStream:75 - [STDERR_REDIRECT] 
2025-09-10 10:31:31,139 [ERROR] LogOutputStream:75 - [STDERR_REDIRECT] Sep 10, 2025 10:31:31 AM java.util.prefs.FileSystemPreferences checkLockFile0ErrorCode
2025-09-10 10:31:31,140 [ERROR] LogOutputStream:75 - [STDERR_REDIRECT] WARNING: Could not lock System prefs. Unix error code 2.
2025-09-10 10:31:31,140 [ERROR] LogOutputStream:75 - [STDERR_REDIRECT] 
2025-09-10 10:31:31,141 [ERROR] LogOutputStream:75 - [STDERR_REDIRECT] Sep 10, 2025 10:31:31 AM java.util.prefs.FileSystemPreferences syncWorld
2025-09-10 10:31:31,142 [ERROR] LogOutputStream:75 - [STDERR_REDIRECT] WARNING: Couldn't flush system prefs: java.util.prefs.BackingStoreException: Couldn't get file lock.
2025-09-10 10:31:31,142 [ERROR] LogOutputStream:75 - [STDERR_REDIRECT] 
2025-09-10 10:32:01,140 [ERROR] LogOutputStream:75 - [STDERR_REDIRECT] Sep 10, 2025 10:32:01 AM java.util.prefs.FileSystemPreferences checkLockFile0ErrorCode
2025-09-10 10:32:01,141 [ERROR] LogOutputStream:75 - [STDERR_REDIRECT] WARNING: Could not lock System prefs. Unix error code 2.
2025-09-10 10:32:01,141 [ERROR] LogOutputStream:75 - [STDERR_REDIRECT] 
2025-09-10 10:32:01,142 [ERROR] LogOutputStream:75 - [STDERR_REDIRECT] Sep 10, 2025 10:32:01 AM java.util.prefs.FileSystemPreferences syncWorld
2025-09-10 10:32:01,143 [ERROR] LogOutputStream:75 - [STDERR_REDIRECT] WARNING: Couldn't flush system prefs: java.util.prefs.BackingStoreException: Couldn't get file lock.
2025-09-10 10:32:01,143 [ERROR] LogOutputStream:75 - [STDERR_REDIRECT] 
2025-09-10 10:32:31,139 [ERROR] LogOutputStream:75 - [STDERR_REDIRECT] Sep 10, 2025 10:32:31 AM java.util.prefs.FileSystemPreferences checkLockFile0ErrorCode
2025-09-10 10:32:31,140 [ERROR] LogOutputStream:75 - [STDERR_REDIRECT] WARNING: Could not lock System prefs. Unix error code 2.
2025-09-10 10:32:31,140 [ERROR] LogOutputStream:75 - [STDERR_REDIRECT] 
2025-09-10 10:32:31,141 [ERROR] LogOutputStream:75 - [STDERR_REDIRECT] Sep 10, 2025 10:32:31 AM java.util.prefs.FileSystemPreferences syncWorld
2025-09-10 10:32:31,142 [ERROR] LogOutputStream:75 - [STDERR_REDIRECT] WARNING: Couldn't flush system prefs: java.util.prefs.BackingStoreException: Couldn't get file lock.
2025-09-10 10:32:31,142 [ERROR] LogOutputStream:75 - [STDERR_REDIRECT] 
2025-09-10 10:33:01,138 [ERROR] LogOutputStream:75 - [STDERR_REDIRECT] Sep 10, 2025 10:33:01 AM java.util.prefs.FileSystemPreferences checkLockFile0ErrorCode
2025-09-10 10:33:01,138 [ERROR] LogOutputStream:75 - [STDERR_REDIRECT] WARNING: Could not lock System prefs. Unix error code 2.
2025-09-10 10:33:01,138 [ERROR] LogOutputStream:75 - [STDERR_REDIRECT] 
2025-09-10 10:33:01,139 [ERROR] LogOutputStream:75 - [STDERR_REDIRECT] Sep 10, 2025 10:33:01 AM java.util.prefs.FileSystemPreferences syncWorld
2025-09-10 10:33:01,139 [ERROR] LogOutputStream:75 - [STDERR_REDIRECT] WARNING: Couldn't flush system prefs: java.util.prefs.BackingStoreException: Couldn't get file lock.
2025-09-10 10:33:01,139 [ERROR] LogOutputStream:75 - [STDERR_REDIRECT] 
2025-09-10 10:33:31,140 [ERROR] LogOutputStream:75 - [STDERR_REDIRECT] Sep 10, 2025 10:33:31 AM java.util.prefs.FileSystemPreferences checkLockFile0ErrorCode
2025-09-10 10:33:31,140 [ERROR] LogOutputStream:75 - [STDERR_REDIRECT] WARNING: Could not lock System prefs. Unix error code 2.
2025-09-10 10:33:31,141 [ERROR] LogOutputStream:75 - [STDERR_REDIRECT] 
2025-09-10 10:33:31,141 [ERROR] LogOutputStream:75 - [STDERR_REDIRECT] Sep 10, 2025 10:33:31 AM java.util.prefs.FileSystemPreferences syncWorld
2025-09-10 10:33:31,143 [ERROR] LogOutputStream:75 - [STDERR_REDIRECT] WARNING: Couldn't flush system prefs: java.util.prefs.BackingStoreException: Couldn't get file lock.
2025-09-10 10:33:31,143 [ERROR] LogOutputStream:75 - [STDERR_REDIRECT] 
2025-09-10 10:34:01,140 [ERROR] LogOutputStream:75 - [STDERR_REDIRECT] Sep 10, 2025 10:34:01 AM java.util.prefs.FileSystemPreferences checkLockFile0ErrorCode
2025-09-10 10:34:01,141 [ERROR] LogOutputStream:75 - [STDERR_REDIRECT] WARNING: Could not lock System prefs. Unix error code 2.
2025-09-10 10:34:01,141 [ERROR] LogOutputStream:75 - [STDERR_REDIRECT] 
2025-09-10 10:34:01,142 [ERROR] LogOutputStream:75 - [STDERR_REDIRECT] Sep 10, 2025 10:34:01 AM java.util.prefs.FileSystemPreferences syncWorld
2025-09-10 10:34:01,143 [ERROR] LogOutputStream:75 - [STDERR_REDIRECT] WARNING: Couldn't flush system prefs: java.util.prefs.BackingStoreException: Couldn't get file lock.
2025-09-10 10:34:01,144 [ERROR] LogOutputStream:75 - [STDERR_REDIRECT] 
2025-09-10 10:34:31,140 [ERROR] LogOutputStream:75 - [STDERR_REDIRECT] Sep 10, 2025 10:34:31 AM java.util.prefs.FileSystemPreferences checkLockFile0ErrorCode
2025-09-10 10:34:31,140 [ERROR] LogOutputStream:75 - [STDERR_REDIRECT] WARNING: Could not lock System prefs. Unix error code 2.
2025-09-10 10:34:31,141 [ERROR] LogOutputStream:75 - [STDERR_REDIRECT] 
2025-09-10 10:34:31,141 [ERROR] LogOutputStream:75 - [STDERR_REDIRECT] Sep 10, 2025 10:34:31 AM java.util.prefs.FileSystemPreferences syncWorld
2025-09-10 10:34:31,142 [ERROR] LogOutputStream:75 - [STDERR_REDIRECT] WARNING: Couldn't flush system prefs: java.util.prefs.BackingStoreException: Couldn't get file lock.
2025-09-10 10:34:31,143 [ERROR] LogOutputStream:75 - [STDERR_REDIRECT] 
2025-09-10 10:35:01,140 [ERROR] LogOutputStream:75 - [STDERR_REDIRECT] Sep 10, 2025 10:35:01 AM java.util.prefs.FileSystemPreferences checkLockFile0ErrorCode
2025-09-10 10:35:01,141 [ERROR] LogOutputStream:75 - [STDERR_REDIRECT] WARNING: Could not lock System prefs. Unix error code 2.
2025-09-10 10:35:01,141 [ERROR] LogOutputStream:75 - [STDERR_REDIRECT] 
2025-09-10 10:35:01,142 [ERROR] LogOutputStream:75 - [STDERR_REDIRECT] Sep 10, 2025 10:35:01 AM java.util.prefs.FileSystemPreferences syncWorld
2025-09-10 10:35:01,143 [ERROR] LogOutputStream:75 - [STDERR_REDIRECT] WARNING: Couldn't flush system prefs: java.util.prefs.BackingStoreException: Couldn't get file lock.
2025-09-10 10:35:01,143 [ERROR] LogOutputStream:75 - [STDERR_REDIRECT] 
2025-09-10 10:35:31,141 [ERROR] LogOutputStream:75 - [STDERR_REDIRECT] Sep 10, 2025 10:35:31 AM java.util.prefs.FileSystemPreferences checkLockFile0ErrorCode
2025-09-10 10:35:31,141 [ERROR] LogOutputStream:75 - [STDERR_REDIRECT] WARNING: Could not lock System prefs. Unix error code 2.
2025-09-10 10:35:31,141 [ERROR] LogOutputStream:75 - [STDERR_REDIRECT] 
2025-09-10 10:35:31,142 [ERROR] LogOutputStream:75 - [STDERR_REDIRECT] Sep 10, 2025 10:35:31 AM java.util.prefs.FileSystemPreferences syncWorld
2025-09-10 10:35:31,143 [ERROR] LogOutputStream:75 - [STDERR_REDIRECT] WARNING: Couldn't flush system prefs: java.util.prefs.BackingStoreException: Couldn't get file lock.
2025-09-10 10:35:31,143 [ERROR] LogOutputStream:75 - [STDERR_REDIRECT] 
2025-09-10 10:36:01,140 [ERROR] LogOutputStream:75 - [STDERR_REDIRECT] Sep 10, 2025 10:36:01 AM java.util.prefs.FileSystemPreferences checkLockFile0ErrorCode
2025-09-10 10:36:01,141 [ERROR] LogOutputStream:75 - [STDERR_REDIRECT] WARNING: Could not lock System prefs. Unix error code 2.
2025-09-10 10:36:01,141 [ERROR] LogOutputStream:75 - [STDERR_REDIRECT] 
2025-09-10 10:36:01,142 [ERROR] LogOutputStream:75 - [STDERR_REDIRECT] Sep 10, 2025 10:36:01 AM java.util.prefs.FileSystemPreferences syncWorld
2025-09-10 10:36:01,143 [ERROR] LogOutputStream:75 - [STDERR_REDIRECT] WARNING: Couldn't flush system prefs: java.util.prefs.BackingStoreException: Couldn't get file lock.
2025-09-10 10:36:01,143 [ERROR] LogOutputStream:75 - [STDERR_REDIRECT] 
2025-09-10 10:36:31,140 [ERROR] LogOutputStream:75 - [STDERR_REDIRECT] Sep 10, 2025 10:36:31 AM java.util.prefs.FileSystemPreferences checkLockFile0ErrorCode
2025-09-10 10:36:31,141 [ERROR] LogOutputStream:75 - [STDERR_REDIRECT] WARNING: Could not lock System prefs. Unix error code 2.
2025-09-10 10:36:31,141 [ERROR] LogOutputStream:75 - [STDERR_REDIRECT] 
2025-09-10 10:36:31,141 [ERROR] LogOutputStream:75 - [STDERR_REDIRECT] Sep 10, 2025 10:36:31 AM java.util.prefs.FileSystemPreferences syncWorld
2025-09-10 10:36:31,142 [ERROR] LogOutputStream:75 - [STDERR_REDIRECT] WARNING: Couldn't flush system prefs: java.util.prefs.BackingStoreException: Couldn't get file lock.
2025-09-10 10:36:31,142 [ERROR] LogOutputStream:75 - [STDERR_REDIRECT] 
2025-09-10 10:37:01,140 [ERROR] LogOutputStream:75 - [STDERR_REDIRECT] Sep 10, 2025 10:37:01 AM java.util.prefs.FileSystemPreferences checkLockFile0ErrorCode
2025-09-10 10:37:01,141 [ERROR] LogOutputStream:75 - [STDERR_REDIRECT] WARNING: Could not lock System prefs. Unix error code 2.
2025-09-10 10:37:01,141 [ERROR] LogOutputStream:75 - [STDERR_REDIRECT] 
2025-09-10 10:37:01,142 [ERROR] LogOutputStream:75 - [STDERR_REDIRECT] Sep 10, 2025 10:37:01 AM java.util.prefs.FileSystemPreferences syncWorld
2025-09-10 10:37:01,143 [ERROR] LogOutputStream:75 - [STDERR_REDIRECT] WARNING: Couldn't flush system prefs: java.util.prefs.BackingStoreException: Couldn't get file lock.
2025-09-10 10:37:01,143 [ERROR] LogOutputStream:75 - [STDERR_REDIRECT] 
2025-09-10 10:37:31,141 [ERROR] LogOutputStream:75 - [STDERR_REDIRECT] Sep 10, 2025 10:37:31 AM java.util.prefs.FileSystemPreferences checkLockFile0ErrorCode
2025-09-10 10:37:31,142 [ERROR] LogOutputStream:75 - [STDERR_REDIRECT] WARNING: Could not lock System prefs. Unix error code 2.
2025-09-10 10:37:31,142 [ERROR] LogOutputStream:75 - [STDERR_REDIRECT] 
2025-09-10 10:37:31,143 [ERROR] LogOutputStream:75 - [STDERR_REDIRECT] Sep 10, 2025 10:37:31 AM java.util.prefs.FileSystemPreferences syncWorld
2025-09-10 10:37:31,143 [ERROR] LogOutputStream:75 - [STDERR_REDIRECT] WARNING: Couldn't flush system prefs: java.util.prefs.BackingStoreException: Couldn't get file lock.
2025-09-10 10:37:31,144 [ERROR] LogOutputStream:75 - [STDERR_REDIRECT] 
2025-09-10 10:38:01,141 [ERROR] LogOutputStream:75 - [STDERR_REDIRECT] Sep 10, 2025 10:38:01 AM java.util.prefs.FileSystemPreferences checkLockFile0ErrorCode
2025-09-10 10:38:01,142 [ERROR] LogOutputStream:75 - [STDERR_REDIRECT] WARNING: Could not lock System prefs. Unix error code 2.
2025-09-10 10:38:01,142 [ERROR] LogOutputStream:75 - [STDERR_REDIRECT] 
2025-09-10 10:38:01,143 [ERROR] LogOutputStream:75 - [STDERR_REDIRECT] Sep 10, 2025 10:38:01 AM java.util.prefs.FileSystemPreferences syncWorld
2025-09-10 10:38:01,143 [ERROR] LogOutputStream:75 - [STDERR_REDIRECT] WARNING: Couldn't flush system prefs: java.util.prefs.BackingStoreException: Couldn't get file lock.
2025-09-10 10:38:01,143 [ERROR] LogOutputStream:75 - [STDERR_REDIRECT] 
2025-09-10 10:38:31,141 [ERROR] LogOutputStream:75 - [STDERR_REDIRECT] Sep 10, 2025 10:38:31 AM java.util.prefs.FileSystemPreferences checkLockFile0ErrorCode
2025-09-10 10:38:31,142 [ERROR] LogOutputStream:75 - [STDERR_REDIRECT] WARNING: Could not lock System prefs. Unix error code 2.
2025-09-10 10:38:31,142 [ERROR] LogOutputStream:75 - [STDERR_REDIRECT] 
2025-09-10 10:38:31,143 [ERROR] LogOutputStream:75 - [STDERR_REDIRECT] Sep 10, 2025 10:38:31 AM java.util.prefs.FileSystemPreferences syncWorld
2025-09-10 10:38:31,144 [ERROR] LogOutputStream:75 - [STDERR_REDIRECT] WARNING: Couldn't flush system prefs: java.util.prefs.BackingStoreException: Couldn't get file lock.
2025-09-10 10:38:31,144 [ERROR] LogOutputStream:75 - [STDERR_REDIRECT] 
2025-09-10 10:39:01,141 [ERROR] LogOutputStream:75 - [STDERR_REDIRECT] Sep 10, 2025 10:39:01 AM java.util.prefs.FileSystemPreferences checkLockFile0ErrorCode
2025-09-10 10:39:01,142 [ERROR] LogOutputStream:75 - [STDERR_REDIRECT] WARNING: Could not lock System prefs. Unix error code 2.
2025-09-10 10:39:01,142 [ERROR] LogOutputStream:75 - [STDERR_REDIRECT] 
2025-09-10 10:39:01,143 [ERROR] LogOutputStream:75 - [STDERR_REDIRECT] Sep 10, 2025 10:39:01 AM java.util.prefs.FileSystemPreferences syncWorld
2025-09-10 10:39:01,144 [ERROR] LogOutputStream:75 - [STDERR_REDIRECT] WARNING: Couldn't flush system prefs: java.util.prefs.BackingStoreException: Couldn't get file lock.
2025-09-10 10:39:01,144 [ERROR] LogOutputStream:75 - [STDERR_REDIRECT] 
2025-09-10 10:39:31,141 [ERROR] LogOutputStream:75 - [STDERR_REDIRECT] Sep 10, 2025 10:39:31 AM java.util.prefs.FileSystemPreferences checkLockFile0ErrorCode
2025-09-10 10:39:31,142 [ERROR] LogOutputStream:75 - [STDERR_REDIRECT] WARNING: Could not lock System prefs. Unix error code 2.
2025-09-10 10:39:31,142 [ERROR] LogOutputStream:75 - [STDERR_REDIRECT] 
2025-09-10 10:39:31,143 [ERROR] LogOutputStream:75 - [STDERR_REDIRECT] Sep 10, 2025 10:39:31 AM java.util.prefs.FileSystemPreferences syncWorld
2025-09-10 10:39:31,143 [ERROR] LogOutputStream:75 - [STDERR_REDIRECT] WARNING: Couldn't flush system prefs: java.util.prefs.BackingStoreException: Couldn't get file lock.
2025-09-10 10:39:31,144 [ERROR] LogOutputStream:75 - [STDERR_REDIRECT] 
2025-09-10 10:40:01,141 [ERROR] LogOutputStream:75 - [STDERR_REDIRECT] Sep 10, 2025 10:40:01 AM java.util.prefs.FileSystemPreferences checkLockFile0ErrorCode
2025-09-10 10:40:01,141 [ERROR] LogOutputStream:75 - [STDERR_REDIRECT] WARNING: Could not lock System prefs. Unix error code 2.
2025-09-10 10:40:01,141 [ERROR] LogOutputStream:75 - [STDERR_REDIRECT] 
2025-09-10 10:40:01,142 [ERROR] LogOutputStream:75 - [STDERR_REDIRECT] Sep 10, 2025 10:40:01 AM java.util.prefs.FileSystemPreferences syncWorld
2025-09-10 10:40:01,143 [ERROR] LogOutputStream:75 - [STDERR_REDIRECT] WARNING: Couldn't flush system prefs: java.util.prefs.BackingStoreException: Couldn't get file lock.
2025-09-10 10:40:01,143 [ERROR] LogOutputStream:75 - [STDERR_REDIRECT] 
2025-09-10 10:40:31,141 [ERROR] LogOutputStream:75 - [STDERR_REDIRECT] Sep 10, 2025 10:40:31 AM java.util.prefs.FileSystemPreferences checkLockFile0ErrorCode
2025-09-10 10:40:31,142 [ERROR] LogOutputStream:75 - [STDERR_REDIRECT] WARNING: Could not lock System prefs. Unix error code 2.
2025-09-10 10:40:31,142 [ERROR] LogOutputStream:75 - [STDERR_REDIRECT] 
2025-09-10 10:40:31,143 [ERROR] LogOutputStream:75 - [STDERR_REDIRECT] Sep 10, 2025 10:40:31 AM java.util.prefs.FileSystemPreferences syncWorld
2025-09-10 10:40:31,144 [ERROR] LogOutputStream:75 - [STDERR_REDIRECT] WARNING: Couldn't flush system prefs: java.util.prefs.BackingStoreException: Couldn't get file lock.
2025-09-10 10:40:31,144 [ERROR] LogOutputStream:75 - [STDERR_REDIRECT] 
2025-09-10 10:41:01,141 [ERROR] LogOutputStream:75 - [STDERR_REDIRECT] Sep 10, 2025 10:41:01 AM java.util.prefs.FileSystemPreferences checkLockFile0ErrorCode
2025-09-10 10:41:01,141 [ERROR] LogOutputStream:75 - [STDERR_REDIRECT] WARNING: Could not lock System prefs. Unix error code 2.
2025-09-10 10:41:01,141 [ERROR] LogOutputStream:75 - [STDERR_REDIRECT] 
2025-09-10 10:41:01,142 [ERROR] LogOutputStream:75 - [STDERR_REDIRECT] Sep 10, 2025 10:41:01 AM java.util.prefs.FileSystemPreferences syncWorld
2025-09-10 10:41:01,143 [ERROR] LogOutputStream:75 - [STDERR_REDIRECT] WARNING: Couldn't flush system prefs: java.util.prefs.BackingStoreException: Couldn't get file lock.
2025-09-10 10:41:01,143 [ERROR] LogOutputStream:75 - [STDERR_REDIRECT] 
2025-09-10 10:41:31,140 [ERROR] LogOutputStream:75 - [STDERR_REDIRECT] Sep 10, 2025 10:41:31 AM java.util.prefs.FileSystemPreferences checkLockFile0ErrorCode
2025-09-10 10:41:31,140 [ERROR] LogOutputStream:75 - [STDERR_REDIRECT] WARNING: Could not lock System prefs. Unix error code 2.
2025-09-10 10:41:31,140 [ERROR] LogOutputStream:75 - [STDERR_REDIRECT] 
2025-09-10 10:41:31,141 [ERROR] LogOutputStream:75 - [STDERR_REDIRECT] Sep 10, 2025 10:41:31 AM java.util.prefs.FileSystemPreferences syncWorld
2025-09-10 10:41:31,141 [ERROR] LogOutputStream:75 - [STDERR_REDIRECT] WARNING: Couldn't flush system prefs: java.util.prefs.BackingStoreException: Couldn't get file lock.
2025-09-10 10:41:31,141 [ERROR] LogOutputStream:75 - [STDERR_REDIRECT] 
2025-09-10 10:42:01,141 [ERROR] LogOutputStream:75 - [STDERR_REDIRECT] Sep 10, 2025 10:42:01 AM java.util.prefs.FileSystemPreferences checkLockFile0ErrorCode
2025-09-10 10:42:01,141 [ERROR] LogOutputStream:75 - [STDERR_REDIRECT] WARNING: Could not lock System prefs. Unix error code 2.
2025-09-10 10:42:01,141 [ERROR] LogOutputStream:75 - [STDERR_REDIRECT] 
2025-09-10 10:42:01,142 [ERROR] LogOutputStream:75 - [STDERR_REDIRECT] Sep 10, 2025 10:42:01 AM java.util.prefs.FileSystemPreferences syncWorld
2025-09-10 10:42:01,142 [ERROR] LogOutputStream:75 - [STDERR_REDIRECT] WARNING: Couldn't flush system prefs: java.util.prefs.BackingStoreException: Couldn't get file lock.
2025-09-10 10:42:01,142 [ERROR] LogOutputStream:75 - [STDERR_REDIRECT] 
2025-09-10 10:42:31,141 [ERROR] LogOutputStream:75 - [STDERR_REDIRECT] Sep 10, 2025 10:42:31 AM java.util.prefs.FileSystemPreferences checkLockFile0ErrorCode
2025-09-10 10:42:31,141 [ERROR] LogOutputStream:75 - [STDERR_REDIRECT] WARNING: Could not lock System prefs. Unix error code 2.
2025-09-10 10:42:31,141 [ERROR] LogOutputStream:75 - [STDERR_REDIRECT] 
2025-09-10 10:42:31,142 [ERROR] LogOutputStream:75 - [STDERR_REDIRECT] Sep 10, 2025 10:42:31 AM java.util.prefs.FileSystemPreferences syncWorld
2025-09-10 10:42:31,142 [ERROR] LogOutputStream:75 - [STDERR_REDIRECT] WARNING: Couldn't flush system prefs: java.util.prefs.BackingStoreException: Couldn't get file lock.
2025-09-10 10:42:31,143 [ERROR] LogOutputStream:75 - [STDERR_REDIRECT] 
2025-09-10 10:43:01,141 [ERROR] LogOutputStream:75 - [STDERR_REDIRECT] Sep 10, 2025 10:43:01 AM java.util.prefs.FileSystemPreferences checkLockFile0ErrorCode
2025-09-10 10:43:01,142 [ERROR] LogOutputStream:75 - [STDERR_REDIRECT] WARNING: Could not lock System prefs. Unix error code 2.
2025-09-10 10:43:01,142 [ERROR] LogOutputStream:75 - [STDERR_REDIRECT] 
2025-09-10 10:43:01,142 [ERROR] LogOutputStream:75 - [STDERR_REDIRECT] Sep 10, 2025 10:43:01 AM java.util.prefs.FileSystemPreferences syncWorld
2025-09-10 10:43:01,143 [ERROR] LogOutputStream:75 - [STDERR_REDIRECT] WARNING: Couldn't flush system prefs: java.util.prefs.BackingStoreException: Couldn't get file lock.
2025-09-10 10:43:01,143 [ERROR] LogOutputStream:75 - [STDERR_REDIRECT] 
2025-09-10 10:43:31,142 [ERROR] LogOutputStream:75 - [STDERR_REDIRECT] Sep 10, 2025 10:43:31 AM java.util.prefs.FileSystemPreferences checkLockFile0ErrorCode
2025-09-10 10:43:31,143 [ERROR] LogOutputStream:75 - [STDERR_REDIRECT] WARNING: Could not lock System prefs. Unix error code 2.
2025-09-10 10:43:31,143 [ERROR] LogOutputStream:75 - [STDERR_REDIRECT] 
2025-09-10 10:43:31,143 [ERROR] LogOutputStream:75 - [STDERR_REDIRECT] Sep 10, 2025 10:43:31 AM java.util.prefs.FileSystemPreferences syncWorld
2025-09-10 10:43:31,144 [ERROR] LogOutputStream:75 - [STDERR_REDIRECT] WARNING: Couldn't flush system prefs: java.util.prefs.BackingStoreException: Couldn't get file lock.
2025-09-10 10:43:31,144 [ERROR] LogOutputStream:75 - [STDERR_REDIRECT] 
2025-09-10 10:44:01,141 [ERROR] LogOutputStream:75 - [STDERR_REDIRECT] Sep 10, 2025 10:44:01 AM java.util.prefs.FileSystemPreferences checkLockFile0ErrorCode
2025-09-10 10:44:01,142 [ERROR] LogOutputStream:75 - [STDERR_REDIRECT] WARNING: Could not lock System prefs. Unix error code 2.
2025-09-10 10:44:01,142 [ERROR] LogOutputStream:75 - [STDERR_REDIRECT] 
2025-09-10 10:44:01,143 [ERROR] LogOutputStream:75 - [STDERR_REDIRECT] Sep 10, 2025 10:44:01 AM java.util.prefs.FileSystemPreferences syncWorld
2025-09-10 10:44:01,143 [ERROR] LogOutputStream:75 - [STDERR_REDIRECT] WARNING: Couldn't flush system prefs: java.util.prefs.BackingStoreException: Couldn't get file lock.
2025-09-10 10:44:01,143 [ERROR] LogOutputStream:75 - [STDERR_REDIRECT] 
2025-09-10 10:44:31,142 [ERROR] LogOutputStream:75 - [STDERR_REDIRECT] Sep 10, 2025 10:44:31 AM java.util.prefs.FileSystemPreferences checkLockFile0ErrorCode
2025-09-10 10:44:31,142 [ERROR] LogOutputStream:75 - [STDERR_REDIRECT] WARNING: Could not lock System prefs. Unix error code 2.
2025-09-10 10:44:31,142 [ERROR] LogOutputStream:75 - [STDERR_REDIRECT] 
2025-09-10 10:44:31,143 [ERROR] LogOutputStream:75 - [STDERR_REDIRECT] Sep 10, 2025 10:44:31 AM java.util.prefs.FileSystemPreferences syncWorld
2025-09-10 10:44:31,143 [ERROR] LogOutputStream:75 - [STDERR_REDIRECT] WARNING: Couldn't flush system prefs: java.util.prefs.BackingStoreException: Couldn't get file lock.
2025-09-10 10:44:31,143 [ERROR] LogOutputStream:75 - [STDERR_REDIRECT] 
2025-09-10 10:45:01,142 [ERROR] LogOutputStream:75 - [STDERR_REDIRECT] Sep 10, 2025 10:45:01 AM java.util.prefs.FileSystemPreferences checkLockFile0ErrorCode
2025-09-10 10:45:01,143 [ERROR] LogOutputStream:75 - [STDERR_REDIRECT] WARNING: Could not lock System prefs. Unix error code 2.
2025-09-10 10:45:01,143 [ERROR] LogOutputStream:75 - [STDERR_REDIRECT] 
2025-09-10 10:45:01,144 [ERROR] LogOutputStream:75 - [STDERR_REDIRECT] Sep 10, 2025 10:45:01 AM java.util.prefs.FileSystemPreferences syncWorld
2025-09-10 10:45:01,144 [ERROR] LogOutputStream:75 - [STDERR_REDIRECT] WARNING: Couldn't flush system prefs: java.util.prefs.BackingStoreException: Couldn't get file lock.
2025-09-10 10:45:01,144 [ERROR] LogOutputStream:75 - [STDERR_REDIRECT] 
2025-09-10 10:45:31,144 [ERROR] LogOutputStream:75 - [STDERR_REDIRECT] Sep 10, 2025 10:45:31 AM java.util.prefs.FileSystemPreferences checkLockFile0ErrorCode
2025-09-10 10:45:31,144 [ERROR] LogOutputStream:75 - [STDERR_REDIRECT] WARNING: Could not lock System prefs. Unix error code 2.
2025-09-10 10:45:31,145 [ERROR] LogOutputStream:75 - [STDERR_REDIRECT] 
2025-09-10 10:45:31,146 [ERROR] LogOutputStream:75 - [STDERR_REDIRECT] Sep 10, 2025 10:45:31 AM java.util.prefs.FileSystemPreferences syncWorld
2025-09-10 10:45:31,146 [ERROR] LogOutputStream:75 - [STDERR_REDIRECT] WARNING: Couldn't flush system prefs: java.util.prefs.BackingStoreException: Couldn't get file lock.
2025-09-10 10:45:31,146 [ERROR] LogOutputStream:75 - [STDERR_REDIRECT] 
2025-09-10 10:46:01,141 [ERROR] LogOutputStream:75 - [STDERR_REDIRECT] Sep 10, 2025 10:46:01 AM java.util.prefs.FileSystemPreferences checkLockFile0ErrorCode
2025-09-10 10:46:01,142 [ERROR] LogOutputStream:75 - [STDERR_REDIRECT] WARNING: Could not lock System prefs. Unix error code 2.
2025-09-10 10:46:01,142 [ERROR] LogOutputStream:75 - [STDERR_REDIRECT] 
2025-09-10 10:46:01,142 [ERROR] LogOutputStream:75 - [STDERR_REDIRECT] Sep 10, 2025 10:46:01 AM java.util.prefs.FileSystemPreferences syncWorld
2025-09-10 10:46:01,143 [ERROR] LogOutputStream:75 - [STDERR_REDIRECT] WARNING: Couldn't flush system prefs: java.util.prefs.BackingStoreException: Couldn't get file lock.
2025-09-10 10:46:01,143 [ERROR] LogOutputStream:75 - [STDERR_REDIRECT] 
2025-09-10 10:46:31,142 [ERROR] LogOutputStream:75 - [STDERR_REDIRECT] Sep 10, 2025 10:46:31 AM java.util.prefs.FileSystemPreferences checkLockFile0ErrorCode
2025-09-10 10:46:31,143 [ERROR] LogOutputStream:75 - [STDERR_REDIRECT] WARNING: Could not lock System prefs. Unix error code 2.
2025-09-10 10:46:31,143 [ERROR] LogOutputStream:75 - [STDERR_REDIRECT] 
2025-09-10 10:46:31,143 [ERROR] LogOutputStream:75 - [STDERR_REDIRECT] Sep 10, 2025 10:46:31 AM java.util.prefs.FileSystemPreferences syncWorld
2025-09-10 10:46:31,144 [ERROR] LogOutputStream:75 - [STDERR_REDIRECT] WARNING: Couldn't flush system prefs: java.util.prefs.BackingStoreException: Couldn't get file lock.
2025-09-10 10:46:31,144 [ERROR] LogOutputStream:75 - [STDERR_REDIRECT] 
2025-09-10 10:47:01,142 [ERROR] LogOutputStream:75 - [STDERR_REDIRECT] Sep 10, 2025 10:47:01 AM java.util.prefs.FileSystemPreferences checkLockFile0ErrorCode
2025-09-10 10:47:01,143 [ERROR] LogOutputStream:75 - [STDERR_REDIRECT] WARNING: Could not lock System prefs. Unix error code 2.
2025-09-10 10:47:01,143 [ERROR] LogOutputStream:75 - [STDERR_REDIRECT] 
2025-09-10 10:47:01,143 [ERROR] LogOutputStream:75 - [STDERR_REDIRECT] Sep 10, 2025 10:47:01 AM java.util.prefs.FileSystemPreferences syncWorld
2025-09-10 10:47:01,143 [ERROR] LogOutputStream:75 - [STDERR_REDIRECT] WARNING: Couldn't flush system prefs: java.util.prefs.BackingStoreException: Couldn't get file lock.
2025-09-10 10:47:01,143 [ERROR] LogOutputStream:75 - [STDERR_REDIRECT] 
2025-09-10 10:47:31,143 [ERROR] LogOutputStream:75 - [STDERR_REDIRECT] Sep 10, 2025 10:47:31 AM java.util.prefs.FileSystemPreferences checkLockFile0ErrorCode
2025-09-10 10:47:31,144 [ERROR] LogOutputStream:75 - [STDERR_REDIRECT] WARNING: Could not lock System prefs. Unix error code 2.
2025-09-10 10:47:31,144 [ERROR] LogOutputStream:75 - [STDERR_REDIRECT] 
2025-09-10 10:47:31,144 [ERROR] LogOutputStream:75 - [STDERR_REDIRECT] Sep 10, 2025 10:47:31 AM java.util.prefs.FileSystemPreferences syncWorld
2025-09-10 10:47:31,145 [ERROR] LogOutputStream:75 - [STDERR_REDIRECT] WARNING: Couldn't flush system prefs: java.util.prefs.BackingStoreException: Couldn't get file lock.
2025-09-10 10:47:31,145 [ERROR] LogOutputStream:75 - [STDERR_REDIRECT] 
2025-09-10 10:48:01,143 [ERROR] LogOutputStream:75 - [STDERR_REDIRECT] Sep 10, 2025 10:48:01 AM java.util.prefs.FileSystemPreferences checkLockFile0ErrorCode
2025-09-10 10:48:01,143 [ERROR] LogOutputStream:75 - [STDERR_REDIRECT] WARNING: Could not lock System prefs. Unix error code 2.
2025-09-10 10:48:01,143 [ERROR] LogOutputStream:75 - [STDERR_REDIRECT] 
2025-09-10 10:48:01,144 [ERROR] LogOutputStream:75 - [STDERR_REDIRECT] Sep 10, 2025 10:48:01 AM java.util.prefs.FileSystemPreferences syncWorld
2025-09-10 10:48:01,144 [ERROR] LogOutputStream:75 - [STDERR_REDIRECT] WARNING: Couldn't flush system prefs: java.util.prefs.BackingStoreException: Couldn't get file lock.
2025-09-10 10:48:01,145 [ERROR] LogOutputStream:75 - [STDERR_REDIRECT] 
2025-09-10 10:48:31,142 [ERROR] LogOutputStream:75 - [STDERR_REDIRECT] Sep 10, 2025 10:48:31 AM java.util.prefs.FileSystemPreferences checkLockFile0ErrorCode
2025-09-10 10:48:31,142 [ERROR] LogOutputStream:75 - [STDERR_REDIRECT] WARNING: Could not lock System prefs. Unix error code 2.
2025-09-10 10:48:31,142 [ERROR] LogOutputStream:75 - [STDERR_REDIRECT] 
2025-09-10 10:48:31,143 [ERROR] LogOutputStream:75 - [STDERR_REDIRECT] Sep 10, 2025 10:48:31 AM java.util.prefs.FileSystemPreferences syncWorld
2025-09-10 10:48:31,143 [ERROR] LogOutputStream:75 - [STDERR_REDIRECT] WARNING: Couldn't flush system prefs: java.util.prefs.BackingStoreException: Couldn't get file lock.
2025-09-10 10:48:31,144 [ERROR] LogOutputStream:75 - [STDERR_REDIRECT] 
2025-09-10 10:49:01,142 [ERROR] LogOutputStream:75 - [STDERR_REDIRECT] Sep 10, 2025 10:49:01 AM java.util.prefs.FileSystemPreferences checkLockFile0ErrorCode
2025-09-10 10:49:01,143 [ERROR] LogOutputStream:75 - [STDERR_REDIRECT] WARNING: Could not lock System prefs. Unix error code 2.
2025-09-10 10:49:01,143 [ERROR] LogOutputStream:75 - [STDERR_REDIRECT] 
2025-09-10 10:49:01,143 [ERROR] LogOutputStream:75 - [STDERR_REDIRECT] Sep 10, 2025 10:49:01 AM java.util.prefs.FileSystemPreferences syncWorld
2025-09-10 10:49:01,144 [ERROR] LogOutputStream:75 - [STDERR_REDIRECT] WARNING: Couldn't flush system prefs: java.util.prefs.BackingStoreException: Couldn't get file lock.
2025-09-10 10:49:01,144 [ERROR] LogOutputStream:75 - [STDERR_REDIRECT] 
2025-09-10 10:49:31,143 [ERROR] LogOutputStream:75 - [STDERR_REDIRECT] Sep 10, 2025 10:49:31 AM java.util.prefs.FileSystemPreferences checkLockFile0ErrorCode
2025-09-10 10:49:31,143 [ERROR] LogOutputStream:75 - [STDERR_REDIRECT] WARNING: Could not lock System prefs. Unix error code 2.
2025-09-10 10:49:31,143 [ERROR] LogOutputStream:75 - [STDERR_REDIRECT] 
2025-09-10 10:49:31,144 [ERROR] LogOutputStream:75 - [STDERR_REDIRECT] Sep 10, 2025 10:49:31 AM java.util.prefs.FileSystemPreferences syncWorld
2025-09-10 10:49:31,145 [ERROR] LogOutputStream:75 - [STDERR_REDIRECT] WARNING: Couldn't flush system prefs: java.util.prefs.BackingStoreException: Couldn't get file lock.
2025-09-10 10:49:31,145 [ERROR] LogOutputStream:75 - [STDERR_REDIRECT] 
2025-09-10 10:50:01,143 [ERROR] LogOutputStream:75 - [STDERR_REDIRECT] Sep 10, 2025 10:50:01 AM java.util.prefs.FileSystemPreferences checkLockFile0ErrorCode
2025-09-10 10:50:01,143 [ERROR] LogOutputStream:75 - [STDERR_REDIRECT] WARNING: Could not lock System prefs. Unix error code 2.
2025-09-10 10:50:01,143 [ERROR] LogOutputStream:75 - [STDERR_REDIRECT] 
2025-09-10 10:50:01,144 [ERROR] LogOutputStream:75 - [STDERR_REDIRECT] Sep 10, 2025 10:50:01 AM java.util.prefs.FileSystemPreferences syncWorld
2025-09-10 10:50:01,144 [ERROR] LogOutputStream:75 - [STDERR_REDIRECT] WARNING: Couldn't flush system prefs: java.util.prefs.BackingStoreException: Couldn't get file lock.
2025-09-10 10:50:01,144 [ERROR] LogOutputStream:75 - [STDERR_REDIRECT] 
2025-09-10 10:50:31,142 [ERROR] LogOutputStream:75 - [STDERR_REDIRECT] Sep 10, 2025 10:50:31 AM java.util.prefs.FileSystemPreferences checkLockFile0ErrorCode
2025-09-10 10:50:31,143 [ERROR] LogOutputStream:75 - [STDERR_REDIRECT] WARNING: Could not lock System prefs. Unix error code 2.
2025-09-10 10:50:31,143 [ERROR] LogOutputStream:75 - [STDERR_REDIRECT] 
2025-09-10 10:50:31,144 [ERROR] LogOutputStream:75 - [STDERR_REDIRECT] Sep 10, 2025 10:50:31 AM java.util.prefs.FileSystemPreferences syncWorld
2025-09-10 10:50:31,144 [ERROR] LogOutputStream:75 - [STDERR_REDIRECT] WARNING: Couldn't flush system prefs: java.util.prefs.BackingStoreException: Couldn't get file lock.
2025-09-10 10:50:31,144 [ERROR] LogOutputStream:75 - [STDERR_REDIRECT] 
2025-09-10 10:51:01,143 [ERROR] LogOutputStream:75 - [STDERR_REDIRECT] Sep 10, 2025 10:51:01 AM java.util.prefs.FileSystemPreferences checkLockFile0ErrorCode
2025-09-10 10:51:01,143 [ERROR] LogOutputStream:75 - [STDERR_REDIRECT] WARNING: Could not lock System prefs. Unix error code 2.
2025-09-10 10:51:01,143 [ERROR] LogOutputStream:75 - [STDERR_REDIRECT] 
2025-09-10 10:51:01,144 [ERROR] LogOutputStream:75 - [STDERR_REDIRECT] Sep 10, 2025 10:51:01 AM java.util.prefs.FileSystemPreferences syncWorld
2025-09-10 10:51:01,144 [ERROR] LogOutputStream:75 - [STDERR_REDIRECT] WARNING: Couldn't flush system prefs: java.util.prefs.BackingStoreException: Couldn't get file lock.
2025-09-10 10:51:01,144 [ERROR] LogOutputStream:75 - [STDERR_REDIRECT] 
2025-09-10 10:51:31,143 [ERROR] LogOutputStream:75 - [STDERR_REDIRECT] Sep 10, 2025 10:51:31 AM java.util.prefs.FileSystemPreferences checkLockFile0ErrorCode
2025-09-10 10:51:31,144 [ERROR] LogOutputStream:75 - [STDERR_REDIRECT] WARNING: Could not lock System prefs. Unix error code 2.
2025-09-10 10:51:31,144 [ERROR] LogOutputStream:75 - [STDERR_REDIRECT] 
2025-09-10 10:51:31,144 [ERROR] LogOutputStream:75 - [STDERR_REDIRECT] Sep 10, 2025 10:51:31 AM java.util.prefs.FileSystemPreferences syncWorld
2025-09-10 10:51:31,145 [ERROR] LogOutputStream:75 - [STDERR_REDIRECT] WARNING: Couldn't flush system prefs: java.util.prefs.BackingStoreException: Couldn't get file lock.
2025-09-10 10:51:31,145 [ERROR] LogOutputStream:75 - [STDERR_REDIRECT] 
2025-09-10 10:52:01,144 [ERROR] LogOutputStream:75 - [STDERR_REDIRECT] Sep 10, 2025 10:52:01 AM java.util.prefs.FileSystemPreferences checkLockFile0ErrorCode
2025-09-10 10:52:01,145 [ERROR] LogOutputStream:75 - [STDERR_REDIRECT] WARNING: Could not lock System prefs. Unix error code 2.
2025-09-10 10:52:01,145 [ERROR] LogOutputStream:75 - [STDERR_REDIRECT] 
2025-09-10 10:52:01,146 [ERROR] LogOutputStream:75 - [STDERR_REDIRECT] Sep 10, 2025 10:52:01 AM java.util.prefs.FileSystemPreferences syncWorld
2025-09-10 10:52:01,147 [ERROR] LogOutputStream:75 - [STDERR_REDIRECT] WARNING: Couldn't flush system prefs: java.util.prefs.BackingStoreException: Couldn't get file lock.
2025-09-10 10:52:01,148 [ERROR] LogOutputStream:75 - [STDERR_REDIRECT] 
2025-09-10 10:52:31,143 [ERROR] LogOutputStream:75 - [STDERR_REDIRECT] Sep 10, 2025 10:52:31 AM java.util.prefs.FileSystemPreferences checkLockFile0ErrorCode
2025-09-10 10:52:31,144 [ERROR] LogOutputStream:75 - [STDERR_REDIRECT] WARNING: Could not lock System prefs. Unix error code 2.
2025-09-10 10:52:31,144 [ERROR] LogOutputStream:75 - [STDERR_REDIRECT] 
2025-09-10 10:52:31,145 [ERROR] LogOutputStream:75 - [STDERR_REDIRECT] Sep 10, 2025 10:52:31 AM java.util.prefs.FileSystemPreferences syncWorld
2025-09-10 10:52:31,145 [ERROR] LogOutputStream:75 - [STDERR_REDIRECT] WARNING: Couldn't flush system prefs: java.util.prefs.BackingStoreException: Couldn't get file lock.
2025-09-10 10:52:31,145 [ERROR] LogOutputStream:75 - [STDERR_REDIRECT] 
2025-09-10 10:53:01,144 [ERROR] LogOutputStream:75 - [STDERR_REDIRECT] Sep 10, 2025 10:53:01 AM java.util.prefs.FileSystemPreferences checkLockFile0ErrorCode
2025-09-10 10:53:01,145 [ERROR] LogOutputStream:75 - [STDERR_REDIRECT] WARNING: Could not lock System prefs. Unix error code 2.
2025-09-10 10:53:01,145 [ERROR] LogOutputStream:75 - [STDERR_REDIRECT] 
2025-09-10 10:53:01,145 [ERROR] LogOutputStream:75 - [STDERR_REDIRECT] Sep 10, 2025 10:53:01 AM java.util.prefs.FileSystemPreferences syncWorld
2025-09-10 10:53:01,146 [ERROR] LogOutputStream:75 - [STDERR_REDIRECT] WARNING: Couldn't flush system prefs: java.util.prefs.BackingStoreException: Couldn't get file lock.
2025-09-10 10:53:01,146 [ERROR] LogOutputStream:75 - [STDERR_REDIRECT] 
2025-09-10 10:53:31,144 [ERROR] LogOutputStream:75 - [STDERR_REDIRECT] Sep 10, 2025 10:53:31 AM java.util.prefs.FileSystemPreferences checkLockFile0ErrorCode
2025-09-10 10:53:31,145 [ERROR] LogOutputStream:75 - [STDERR_REDIRECT] WARNING: Could not lock System prefs. Unix error code 2.
2025-09-10 10:53:31,145 [ERROR] LogOutputStream:75 - [STDERR_REDIRECT] 
2025-09-10 10:53:31,146 [ERROR] LogOutputStream:75 - [STDERR_REDIRECT] Sep 10, 2025 10:53:31 AM java.util.prefs.FileSystemPreferences syncWorld
2025-09-10 10:53:31,146 [ERROR] LogOutputStream:75 - [STDERR_REDIRECT] WARNING: Couldn't flush system prefs: java.util.prefs.BackingStoreException: Couldn't get file lock.
2025-09-10 10:53:31,146 [ERROR] LogOutputStream:75 - [STDERR_REDIRECT] 
2025-09-10 10:54:01,146 [ERROR] LogOutputStream:75 - [STDERR_REDIRECT] Sep 10, 2025 10:54:01 AM java.util.prefs.FileSystemPreferences checkLockFile0ErrorCode
2025-09-10 10:54:01,147 [ERROR] LogOutputStream:75 - [STDERR_REDIRECT] WARNING: Could not lock System prefs. Unix error code 2.
2025-09-10 10:54:01,147 [ERROR] LogOutputStream:75 - [STDERR_REDIRECT] 
2025-09-10 10:54:01,147 [ERROR] LogOutputStream:75 - [STDERR_REDIRECT] Sep 10, 2025 10:54:01 AM java.util.prefs.FileSystemPreferences syncWorld
2025-09-10 10:54:01,148 [ERROR] LogOutputStream:75 - [STDERR_REDIRECT] WARNING: Couldn't flush system prefs: java.util.prefs.BackingStoreException: Couldn't get file lock.
2025-09-10 10:54:01,148 [ERROR] LogOutputStream:75 - [STDERR_REDIRECT] 
2025-09-10 10:54:31,145 [ERROR] LogOutputStream:75 - [STDERR_REDIRECT] Sep 10, 2025 10:54:31 AM java.util.prefs.FileSystemPreferences checkLockFile0ErrorCode
2025-09-10 10:54:31,145 [ERROR] LogOutputStream:75 - [STDERR_REDIRECT] WARNING: Could not lock System prefs. Unix error code 2.
2025-09-10 10:54:31,145 [ERROR] LogOutputStream:75 - [STDERR_REDIRECT] 
2025-09-10 10:54:31,146 [ERROR] LogOutputStream:75 - [STDERR_REDIRECT] Sep 10, 2025 10:54:31 AM java.util.prefs.FileSystemPreferences syncWorld
2025-09-10 10:54:31,146 [ERROR] LogOutputStream:75 - [STDERR_REDIRECT] WARNING: Couldn't flush system prefs: java.util.prefs.BackingStoreException: Couldn't get file lock.
2025-09-10 10:54:31,146 [ERROR] LogOutputStream:75 - [STDERR_REDIRECT] 
2025-09-10 10:55:01,145 [ERROR] LogOutputStream:75 - [STDERR_REDIRECT] Sep 10, 2025 10:55:01 AM java.util.prefs.FileSystemPreferences checkLockFile0ErrorCode
2025-09-10 10:55:01,146 [ERROR] LogOutputStream:75 - [STDERR_REDIRECT] WARNING: Could not lock System prefs. Unix error code 2.
2025-09-10 10:55:01,146 [ERROR] LogOutputStream:75 - [STDERR_REDIRECT] 
2025-09-10 10:55:01,147 [ERROR] LogOutputStream:75 - [STDERR_REDIRECT] Sep 10, 2025 10:55:01 AM java.util.prefs.FileSystemPreferences syncWorld
2025-09-10 10:55:01,147 [ERROR] LogOutputStream:75 - [STDERR_REDIRECT] WARNING: Couldn't flush system prefs: java.util.prefs.BackingStoreException: Couldn't get file lock.
2025-09-10 10:55:01,147 [ERROR] LogOutputStream:75 - [STDERR_REDIRECT] 
2025-09-10 10:55:31,145 [ERROR] LogOutputStream:75 - [STDERR_REDIRECT] Sep 10, 2025 10:55:31 AM java.util.prefs.FileSystemPreferences checkLockFile0ErrorCode
2025-09-10 10:55:31,146 [ERROR] LogOutputStream:75 - [STDERR_REDIRECT] WARNING: Could not lock System prefs. Unix error code 2.
2025-09-10 10:55:31,146 [ERROR] LogOutputStream:75 - [STDERR_REDIRECT] 
2025-09-10 10:55:31,146 [ERROR] LogOutputStream:75 - [STDERR_REDIRECT] Sep 10, 2025 10:55:31 AM java.util.prefs.FileSystemPreferences syncWorld
2025-09-10 10:55:31,147 [ERROR] LogOutputStream:75 - [STDERR_REDIRECT] WARNING: Couldn't flush system prefs: java.util.prefs.BackingStoreException: Couldn't get file lock.
2025-09-10 10:55:31,147 [ERROR] LogOutputStream:75 - [STDERR_REDIRECT] 
2025-09-10 10:56:01,144 [ERROR] LogOutputStream:75 - [STDERR_REDIRECT] Sep 10, 2025 10:56:01 AM java.util.prefs.FileSystemPreferences checkLockFile0ErrorCode
2025-09-10 10:56:01,145 [ERROR] LogOutputStream:75 - [STDERR_REDIRECT] WARNING: Could not lock System prefs. Unix error code 2.
2025-09-10 10:56:01,145 [ERROR] LogOutputStream:75 - [STDERR_REDIRECT] 
2025-09-10 10:56:01,145 [ERROR] LogOutputStream:75 - [STDERR_REDIRECT] Sep 10, 2025 10:56:01 AM java.util.prefs.FileSystemPreferences syncWorld
2025-09-10 10:56:01,146 [ERROR] LogOutputStream:75 - [STDERR_REDIRECT] WARNING: Couldn't flush system prefs: java.util.prefs.BackingStoreException: Couldn't get file lock.
2025-09-10 10:56:01,146 [ERROR] LogOutputStream:75 - [STDERR_REDIRECT] 
2025-09-10 10:56:31,144 [ERROR] LogOutputStream:75 - [STDERR_REDIRECT] Sep 10, 2025 10:56:31 AM java.util.prefs.FileSystemPreferences checkLockFile0ErrorCode
2025-09-10 10:56:31,144 [ERROR] LogOutputStream:75 - [STDERR_REDIRECT] WARNING: Could not lock System prefs. Unix error code 2.
2025-09-10 10:56:31,144 [ERROR] LogOutputStream:75 - [STDERR_REDIRECT] 
2025-09-10 10:56:31,145 [ERROR] LogOutputStream:75 - [STDERR_REDIRECT] Sep 10, 2025 10:56:31 AM java.util.prefs.FileSystemPreferences syncWorld
2025-09-10 10:56:31,145 [ERROR] LogOutputStream:75 - [STDERR_REDIRECT] WARNING: Couldn't flush system prefs: java.util.prefs.BackingStoreException: Couldn't get file lock.
2025-09-10 10:56:31,145 [ERROR] LogOutputStream:75 - [STDERR_REDIRECT] 
2025-09-10 10:57:01,145 [ERROR] LogOutputStream:75 - [STDERR_REDIRECT] Sep 10, 2025 10:57:01 AM java.util.prefs.FileSystemPreferences checkLockFile0ErrorCode
2025-09-10 10:57:01,145 [ERROR] LogOutputStream:75 - [STDERR_REDIRECT] WARNING: Could not lock System prefs. Unix error code 2.
2025-09-10 10:57:01,145 [ERROR] LogOutputStream:75 - [STDERR_REDIRECT] 
2025-09-10 10:57:01,146 [ERROR] LogOutputStream:75 - [STDERR_REDIRECT] Sep 10, 2025 10:57:01 AM java.util.prefs.FileSystemPreferences syncWorld
2025-09-10 10:57:01,146 [ERROR] LogOutputStream:75 - [STDERR_REDIRECT] WARNING: Couldn't flush system prefs: java.util.prefs.BackingStoreException: Couldn't get file lock.
2025-09-10 10:57:01,146 [ERROR] LogOutputStream:75 - [STDERR_REDIRECT] 
2025-09-10 10:57:31,145 [ERROR] LogOutputStream:75 - [STDERR_REDIRECT] Sep 10, 2025 10:57:31 AM java.util.prefs.FileSystemPreferences checkLockFile0ErrorCode
2025-09-10 10:57:31,145 [ERROR] LogOutputStream:75 - [STDERR_REDIRECT] WARNING: Could not lock System prefs. Unix error code 2.
2025-09-10 10:57:31,145 [ERROR] LogOutputStream:75 - [STDERR_REDIRECT] 
2025-09-10 10:57:31,146 [ERROR] LogOutputStream:75 - [STDERR_REDIRECT] Sep 10, 2025 10:57:31 AM java.util.prefs.FileSystemPreferences syncWorld
2025-09-10 10:57:31,146 [ERROR] LogOutputStream:75 - [STDERR_REDIRECT] WARNING: Couldn't flush system prefs: java.util.prefs.BackingStoreException: Couldn't get file lock.
2025-09-10 10:57:31,146 [ERROR] LogOutputStream:75 - [STDERR_REDIRECT] 
2025-09-10 10:58:01,143 [ERROR] LogOutputStream:75 - [STDERR_REDIRECT] Sep 10, 2025 10:58:01 AM java.util.prefs.FileSystemPreferences checkLockFile0ErrorCode
2025-09-10 10:58:01,144 [ERROR] LogOutputStream:75 - [STDERR_REDIRECT] WARNING: Could not lock System prefs. Unix error code 2.
2025-09-10 10:58:01,144 [ERROR] LogOutputStream:75 - [STDERR_REDIRECT] 
2025-09-10 10:58:01,144 [ERROR] LogOutputStream:75 - [STDERR_REDIRECT] Sep 10, 2025 10:58:01 AM java.util.prefs.FileSystemPreferences syncWorld
2025-09-10 10:58:01,144 [ERROR] LogOutputStream:75 - [STDERR_REDIRECT] WARNING: Couldn't flush system prefs: java.util.prefs.BackingStoreException: Couldn't get file lock.
2025-09-10 10:58:01,144 [ERROR] LogOutputStream:75 - [STDERR_REDIRECT] 
2025-09-10 10:58:31,144 [ERROR] LogOutputStream:75 - [STDERR_REDIRECT] Sep 10, 2025 10:58:31 AM java.util.prefs.FileSystemPreferences checkLockFile0ErrorCode
2025-09-10 10:58:31,145 [ERROR] LogOutputStream:75 - [STDERR_REDIRECT] WARNING: Could not lock System prefs. Unix error code 2.
2025-09-10 10:58:31,145 [ERROR] LogOutputStream:75 - [STDERR_REDIRECT] 
2025-09-10 10:58:31,145 [ERROR] LogOutputStream:75 - [STDERR_REDIRECT] Sep 10, 2025 10:58:31 AM java.util.prefs.FileSystemPreferences syncWorld
2025-09-10 10:58:31,145 [ERROR] LogOutputStream:75 - [STDERR_REDIRECT] WARNING: Couldn't flush system prefs: java.util.prefs.BackingStoreException: Couldn't get file lock.
2025-09-10 10:58:31,145 [ERROR] LogOutputStream:75 - [STDERR_REDIRECT] 
2025-09-10 10:59:01,145 [ERROR] LogOutputStream:75 - [STDERR_REDIRECT] Sep 10, 2025 10:59:01 AM java.util.prefs.FileSystemPreferences checkLockFile0ErrorCode
2025-09-10 10:59:01,146 [ERROR] LogOutputStream:75 - [STDERR_REDIRECT] WARNING: Could not lock System prefs. Unix error code 2.
2025-09-10 10:59:01,146 [ERROR] LogOutputStream:75 - [STDERR_REDIRECT] 
2025-09-10 10:59:01,146 [ERROR] LogOutputStream:75 - [STDERR_REDIRECT] Sep 10, 2025 10:59:01 AM java.util.prefs.FileSystemPreferences syncWorld
2025-09-10 10:59:01,147 [ERROR] LogOutputStream:75 - [STDERR_REDIRECT] WARNING: Couldn't flush system prefs: java.util.prefs.BackingStoreException: Couldn't get file lock.
2025-09-10 10:59:01,147 [ERROR] LogOutputStream:75 - [STDERR_REDIRECT] 
2025-09-10 10:59:31,146 [ERROR] LogOutputStream:75 - [STDERR_REDIRECT] Sep 10, 2025 10:59:31 AM java.util.prefs.FileSystemPreferences checkLockFile0ErrorCode
2025-09-10 10:59:31,146 [ERROR] LogOutputStream:75 - [STDERR_REDIRECT] WARNING: Could not lock System prefs. Unix error code 2.
2025-09-10 10:59:31,146 [ERROR] LogOutputStream:75 - [STDERR_REDIRECT] 
2025-09-10 10:59:31,147 [ERROR] LogOutputStream:75 - [STDERR_REDIRECT] Sep 10, 2025 10:59:31 AM java.util.prefs.FileSystemPreferences syncWorld
2025-09-10 10:59:31,147 [ERROR] LogOutputStream:75 - [STDERR_REDIRECT] WARNING: Couldn't flush system prefs: java.util.prefs.BackingStoreException: Couldn't get file lock.
2025-09-10 10:59:31,147 [ERROR] LogOutputStream:75 - [STDERR_REDIRECT] 
2025-09-10 11:00:01,146 [ERROR] LogOutputStream:75 - [STDERR_REDIRECT] Sep 10, 2025 11:00:01 AM java.util.prefs.FileSystemPreferences checkLockFile0ErrorCode
2025-09-10 11:00:01,146 [ERROR] LogOutputStream:75 - [STDERR_REDIRECT] WARNING: Could not lock System prefs. Unix error code 2.
2025-09-10 11:00:01,146 [ERROR] LogOutputStream:75 - [STDERR_REDIRECT] 
2025-09-10 11:00:01,148 [ERROR] LogOutputStream:75 - [STDERR_REDIRECT] Sep 10, 2025 11:00:01 AM java.util.prefs.FileSystemPreferences syncWorld
2025-09-10 11:00:01,148 [ERROR] LogOutputStream:75 - [STDERR_REDIRECT] WARNING: Couldn't flush system prefs: java.util.prefs.BackingStoreException: Couldn't get file lock.
2025-09-10 11:00:01,148 [ERROR] LogOutputStream:75 - [STDERR_REDIRECT] 
2025-09-10 11:00:31,147 [ERROR] LogOutputStream:75 - [STDERR_REDIRECT] Sep 10, 2025 11:00:31 AM java.util.prefs.FileSystemPreferences checkLockFile0ErrorCode
2025-09-10 11:00:31,147 [ERROR] LogOutputStream:75 - [STDERR_REDIRECT] WARNING: Could not lock System prefs. Unix error code 2.
2025-09-10 11:00:31,147 [ERROR] LogOutputStream:75 - [STDERR_REDIRECT] 
2025-09-10 11:00:31,148 [ERROR] LogOutputStream:75 - [STDERR_REDIRECT] Sep 10, 2025 11:00:31 AM java.util.prefs.FileSystemPreferences syncWorld
2025-09-10 11:00:31,148 [ERROR] LogOutputStream:75 - [STDERR_REDIRECT] WARNING: Couldn't flush system prefs: java.util.prefs.BackingStoreException: Couldn't get file lock.
2025-09-10 11:00:31,148 [ERROR] LogOutputStream:75 - [STDERR_REDIRECT] 
2025-09-10 11:01:01,145 [ERROR] LogOutputStream:75 - [STDERR_REDIRECT] Sep 10, 2025 11:01:01 AM java.util.prefs.FileSystemPreferences checkLockFile0ErrorCode
2025-09-10 11:01:01,146 [ERROR] LogOutputStream:75 - [STDERR_REDIRECT] WARNING: Could not lock System prefs. Unix error code 2.
2025-09-10 11:01:01,146 [ERROR] LogOutputStream:75 - [STDERR_REDIRECT] 
2025-09-10 11:01:01,146 [ERROR] LogOutputStream:75 - [STDERR_REDIRECT] Sep 10, 2025 11:01:01 AM java.util.prefs.FileSystemPreferences syncWorld
2025-09-10 11:01:01,147 [ERROR] LogOutputStream:75 - [STDERR_REDIRECT] WARNING: Couldn't flush system prefs: java.util.prefs.BackingStoreException: Couldn't get file lock.
2025-09-10 11:01:01,147 [ERROR] LogOutputStream:75 - [STDERR_REDIRECT] 
2025-09-10 11:01:31,146 [ERROR] LogOutputStream:75 - [STDERR_REDIRECT] Sep 10, 2025 11:01:31 AM java.util.prefs.FileSystemPreferences checkLockFile0ErrorCode
2025-09-10 11:01:31,147 [ERROR] LogOutputStream:75 - [STDERR_REDIRECT] WARNING: Could not lock System prefs. Unix error code 2.
2025-09-10 11:01:31,147 [ERROR] LogOutputStream:75 - [STDERR_REDIRECT] 
2025-09-10 11:01:31,147 [ERROR] LogOutputStream:75 - [STDERR_REDIRECT] Sep 10, 2025 11:01:31 AM java.util.prefs.FileSystemPreferences syncWorld
2025-09-10 11:01:31,148 [ERROR] LogOutputStream:75 - [STDERR_REDIRECT] WARNING: Couldn't flush system prefs: java.util.prefs.BackingStoreException: Couldn't get file lock.
2025-09-10 11:01:31,148 [ERROR] LogOutputStream:75 - [STDERR_REDIRECT] 
2025-09-10 11:02:01,147 [ERROR] LogOutputStream:75 - [STDERR_REDIRECT] Sep 10, 2025 11:02:01 AM java.util.prefs.FileSystemPreferences checkLockFile0ErrorCode
2025-09-10 11:02:01,147 [ERROR] LogOutputStream:75 - [STDERR_REDIRECT] WARNING: Could not lock System prefs. Unix error code 2.
2025-09-10 11:02:01,147 [ERROR] LogOutputStream:75 - [STDERR_REDIRECT] 
2025-09-10 11:02:01,148 [ERROR] LogOutputStream:75 - [STDERR_REDIRECT] Sep 10, 2025 11:02:01 AM java.util.prefs.FileSystemPreferences syncWorld
2025-09-10 11:02:01,148 [ERROR] LogOutputStream:75 - [STDERR_REDIRECT] WARNING: Couldn't flush system prefs: java.util.prefs.BackingStoreException: Couldn't get file lock.
2025-09-10 11:02:01,148 [ERROR] LogOutputStream:75 - [STDERR_REDIRECT] 
2025-09-10 11:02:31,146 [ERROR] LogOutputStream:75 - [STDERR_REDIRECT] Sep 10, 2025 11:02:31 AM java.util.prefs.FileSystemPreferences checkLockFile0ErrorCode
2025-09-10 11:02:31,146 [ERROR] LogOutputStream:75 - [STDERR_REDIRECT] WARNING: Could not lock System prefs. Unix error code 2.
2025-09-10 11:02:31,146 [ERROR] LogOutputStream:75 - [STDERR_REDIRECT] 
2025-09-10 11:02:31,147 [ERROR] LogOutputStream:75 - [STDERR_REDIRECT] Sep 10, 2025 11:02:31 AM java.util.prefs.FileSystemPreferences syncWorld
2025-09-10 11:02:31,147 [ERROR] LogOutputStream:75 - [STDERR_REDIRECT] WARNING: Couldn't flush system prefs: java.util.prefs.BackingStoreException: Couldn't get file lock.
2025-09-10 11:02:31,147 [ERROR] LogOutputStream:75 - [STDERR_REDIRECT] 
2025-09-10 11:03:01,147 [ERROR] LogOutputStream:75 - [STDERR_REDIRECT] Sep 10, 2025 11:03:01 AM java.util.prefs.FileSystemPreferences checkLockFile0ErrorCode
2025-09-10 11:03:01,147 [ERROR] LogOutputStream:75 - [STDERR_REDIRECT] WARNING: Could not lock System prefs. Unix error code 2.
2025-09-10 11:03:01,147 [ERROR] LogOutputStream:75 - [STDERR_REDIRECT] 
2025-09-10 11:03:01,147 [ERROR] LogOutputStream:75 - [STDERR_REDIRECT] Sep 10, 2025 11:03:01 AM java.util.prefs.FileSystemPreferences syncWorld
2025-09-10 11:03:01,148 [ERROR] LogOutputStream:75 - [STDERR_REDIRECT] WARNING: Couldn't flush system prefs: java.util.prefs.BackingStoreException: Couldn't get file lock.
2025-09-10 11:03:01,148 [ERROR] LogOutputStream:75 - [STDERR_REDIRECT] 
2025-09-10 11:03:31,147 [ERROR] LogOutputStream:75 - [STDERR_REDIRECT] Sep 10, 2025 11:03:31 AM java.util.prefs.FileSystemPreferences checkLockFile0ErrorCode
2025-09-10 11:03:31,147 [ERROR] LogOutputStream:75 - [STDERR_REDIRECT] WARNING: Could not lock System prefs. Unix error code 2.
2025-09-10 11:03:31,147 [ERROR] LogOutputStream:75 - [STDERR_REDIRECT] 
2025-09-10 11:03:31,148 [ERROR] LogOutputStream:75 - [STDERR_REDIRECT] Sep 10, 2025 11:03:31 AM java.util.prefs.FileSystemPreferences syncWorld
2025-09-10 11:03:31,148 [ERROR] LogOutputStream:75 - [STDERR_REDIRECT] WARNING: Couldn't flush system prefs: java.util.prefs.BackingStoreException: Couldn't get file lock.
2025-09-10 11:03:31,148 [ERROR] LogOutputStream:75 - [STDERR_REDIRECT] 
2025-09-10 11:04:01,147 [ERROR] LogOutputStream:75 - [STDERR_REDIRECT] Sep 10, 2025 11:04:01 AM java.util.prefs.FileSystemPreferences checkLockFile0ErrorCode
2025-09-10 11:04:01,147 [ERROR] LogOutputStream:75 - [STDERR_REDIRECT] WARNING: Could not lock System prefs. Unix error code 2.
2025-09-10 11:04:01,148 [ERROR] LogOutputStream:75 - [STDERR_REDIRECT] 
2025-09-10 11:04:01,148 [ERROR] LogOutputStream:75 - [STDERR_REDIRECT] Sep 10, 2025 11:04:01 AM java.util.prefs.FileSystemPreferences syncWorld
2025-09-10 11:04:01,149 [ERROR] LogOutputStream:75 - [STDERR_REDIRECT] WARNING: Couldn't flush system prefs: java.util.prefs.BackingStoreException: Couldn't get file lock.
2025-09-10 11:04:01,149 [ERROR] LogOutputStream:75 - [STDERR_REDIRECT] 
2025-09-10 11:04:31,147 [ERROR] LogOutputStream:75 - [STDERR_REDIRECT] Sep 10, 2025 11:04:31 AM java.util.prefs.FileSystemPreferences checkLockFile0ErrorCode
2025-09-10 11:04:31,147 [ERROR] LogOutputStream:75 - [STDERR_REDIRECT] WARNING: Could not lock System prefs. Unix error code 2.
2025-09-10 11:04:31,148 [ERROR] LogOutputStream:75 - [STDERR_REDIRECT] 
2025-09-10 11:04:31,148 [ERROR] LogOutputStream:75 - [STDERR_REDIRECT] Sep 10, 2025 11:04:31 AM java.util.prefs.FileSystemPreferences syncWorld
2025-09-10 11:04:31,149 [ERROR] LogOutputStream:75 - [STDERR_REDIRECT] WARNING: Couldn't flush system prefs: java.util.prefs.BackingStoreException: Couldn't get file lock.
2025-09-10 11:04:31,149 [ERROR] LogOutputStream:75 - [STDERR_REDIRECT] 
2025-09-10 11:05:01,147 [ERROR] LogOutputStream:75 - [STDERR_REDIRECT] Sep 10, 2025 11:05:01 AM java.util.prefs.FileSystemPreferences checkLockFile0ErrorCode
2025-09-10 11:05:01,148 [ERROR] LogOutputStream:75 - [STDERR_REDIRECT] WARNING: Could not lock System prefs. Unix error code 2.
2025-09-10 11:05:01,148 [ERROR] LogOutputStream:75 - [STDERR_REDIRECT] 
2025-09-10 11:05:01,148 [ERROR] LogOutputStream:75 - [STDERR_REDIRECT] Sep 10, 2025 11:05:01 AM java.util.prefs.FileSystemPreferences syncWorld
2025-09-10 11:05:01,149 [ERROR] LogOutputStream:75 - [STDERR_REDIRECT] WARNING: Couldn't flush system prefs: java.util.prefs.BackingStoreException: Couldn't get file lock.
2025-09-10 11:05:01,149 [ERROR] LogOutputStream:75 - [STDERR_REDIRECT] 
2025-09-10 11:05:31,147 [ERROR] LogOutputStream:75 - [STDERR_REDIRECT] Sep 10, 2025 11:05:31 AM java.util.prefs.FileSystemPreferences checkLockFile0ErrorCode
2025-09-10 11:05:31,147 [ERROR] LogOutputStream:75 - [STDERR_REDIRECT] WARNING: Could not lock System prefs. Unix error code 2.
2025-09-10 11:05:31,147 [ERROR] LogOutputStream:75 - [STDERR_REDIRECT] 
2025-09-10 11:05:31,148 [ERROR] LogOutputStream:75 - [STDERR_REDIRECT] Sep 10, 2025 11:05:31 AM java.util.prefs.FileSystemPreferences syncWorld
2025-09-10 11:05:31,149 [ERROR] LogOutputStream:75 - [STDERR_REDIRECT] WARNING: Couldn't flush system prefs: java.util.prefs.BackingStoreException: Couldn't get file lock.
2025-09-10 11:05:31,149 [ERROR] LogOutputStream:75 - [STDERR_REDIRECT] 
2025-09-10 11:06:01,147 [ERROR] LogOutputStream:75 - [STDERR_REDIRECT] Sep 10, 2025 11:06:01 AM java.util.prefs.FileSystemPreferences checkLockFile0ErrorCode
2025-09-10 11:06:01,147 [ERROR] LogOutputStream:75 - [STDERR_REDIRECT] WARNING: Could not lock System prefs. Unix error code 2.
2025-09-10 11:06:01,148 [ERROR] LogOutputStream:75 - [STDERR_REDIRECT] 
2025-09-10 11:06:01,148 [ERROR] LogOutputStream:75 - [STDERR_REDIRECT] Sep 10, 2025 11:06:01 AM java.util.prefs.FileSystemPreferences syncWorld
2025-09-10 11:06:01,149 [ERROR] LogOutputStream:75 - [STDERR_REDIRECT] WARNING: Couldn't flush system prefs: java.util.prefs.BackingStoreException: Couldn't get file lock.
2025-09-10 11:06:01,149 [ERROR] LogOutputStream:75 - [STDERR_REDIRECT] 
2025-09-10 11:06:31,148 [ERROR] LogOutputStream:75 - [STDERR_REDIRECT] Sep 10, 2025 11:06:31 AM java.util.prefs.FileSystemPreferences checkLockFile0ErrorCode
2025-09-10 11:06:31,148 [ERROR] LogOutputStream:75 - [STDERR_REDIRECT] WARNING: Could not lock System prefs. Unix error code 2.
2025-09-10 11:06:31,149 [ERROR] LogOutputStream:75 - [STDERR_REDIRECT] 
2025-09-10 11:06:31,149 [ERROR] LogOutputStream:75 - [STDERR_REDIRECT] Sep 10, 2025 11:06:31 AM java.util.prefs.FileSystemPreferences syncWorld
2025-09-10 11:06:31,150 [ERROR] LogOutputStream:75 - [STDERR_REDIRECT] WARNING: Couldn't flush system prefs: java.util.prefs.BackingStoreException: Couldn't get file lock.
2025-09-10 11:06:31,150 [ERROR] LogOutputStream:75 - [STDERR_REDIRECT] 
2025-09-10 11:07:01,147 [ERROR] LogOutputStream:75 - [STDERR_REDIRECT] Sep 10, 2025 11:07:01 AM java.util.prefs.FileSystemPreferences checkLockFile0ErrorCode
2025-09-10 11:07:01,147 [ERROR] LogOutputStream:75 - [STDERR_REDIRECT] WARNING: Could not lock System prefs. Unix error code 2.
2025-09-10 11:07:01,147 [ERROR] LogOutputStream:75 - [STDERR_REDIRECT] 
2025-09-10 11:07:01,147 [ERROR] LogOutputStream:75 - [STDERR_REDIRECT] Sep 10, 2025 11:07:01 AM java.util.prefs.FileSystemPreferences syncWorld
2025-09-10 11:07:01,148 [ERROR] LogOutputStream:75 - [STDERR_REDIRECT] WARNING: Couldn't flush system prefs: java.util.prefs.BackingStoreException: Couldn't get file lock.
2025-09-10 11:07:01,148 [ERROR] LogOutputStream:75 - [STDERR_REDIRECT] 
2025-09-10 11:07:31,147 [ERROR] LogOutputStream:75 - [STDERR_REDIRECT] Sep 10, 2025 11:07:31 AM java.util.prefs.FileSystemPreferences checkLockFile0ErrorCode
2025-09-10 11:07:31,147 [ERROR] LogOutputStream:75 - [STDERR_REDIRECT] WARNING: Could not lock System prefs. Unix error code 2.
2025-09-10 11:07:31,147 [ERROR] LogOutputStream:75 - [STDERR_REDIRECT] 
2025-09-10 11:07:31,148 [ERROR] LogOutputStream:75 - [STDERR_REDIRECT] Sep 10, 2025 11:07:31 AM java.util.prefs.FileSystemPreferences syncWorld
2025-09-10 11:07:31,148 [ERROR] LogOutputStream:75 - [STDERR_REDIRECT] WARNING: Couldn't flush system prefs: java.util.prefs.BackingStoreException: Couldn't get file lock.
2025-09-10 11:07:31,149 [ERROR] LogOutputStream:75 - [STDERR_REDIRECT] 
2025-09-10 11:08:01,147 [ERROR] LogOutputStream:75 - [STDERR_REDIRECT] Sep 10, 2025 11:08:01 AM java.util.prefs.FileSystemPreferences checkLockFile0ErrorCode
2025-09-10 11:08:01,147 [ERROR] LogOutputStream:75 - [STDERR_REDIRECT] WARNING: Could not lock System prefs. Unix error code 2.
2025-09-10 11:08:01,147 [ERROR] LogOutputStream:75 - [STDERR_REDIRECT] 
2025-09-10 11:08:01,148 [ERROR] LogOutputStream:75 - [STDERR_REDIRECT] Sep 10, 2025 11:08:01 AM java.util.prefs.FileSystemPreferences syncWorld
2025-09-10 11:08:01,148 [ERROR] LogOutputStream:75 - [STDERR_REDIRECT] WARNING: Couldn't flush system prefs: java.util.prefs.BackingStoreException: Couldn't get file lock.
2025-09-10 11:08:01,149 [ERROR] LogOutputStream:75 - [STDERR_REDIRECT] 
2025-09-10 11:08:31,147 [ERROR] LogOutputStream:75 - [STDERR_REDIRECT] Sep 10, 2025 11:08:31 AM java.util.prefs.FileSystemPreferences checkLockFile0ErrorCode
2025-09-10 11:08:31,148 [ERROR] LogOutputStream:75 - [STDERR_REDIRECT] WARNING: Could not lock System prefs. Unix error code 2.
2025-09-10 11:08:31,148 [ERROR] LogOutputStream:75 - [STDERR_REDIRECT] 
2025-09-10 11:08:31,148 [ERROR] LogOutputStream:75 - [STDERR_REDIRECT] Sep 10, 2025 11:08:31 AM java.util.prefs.FileSystemPreferences syncWorld
2025-09-10 11:08:31,149 [ERROR] LogOutputStream:75 - [STDERR_REDIRECT] WARNING: Couldn't flush system prefs: java.util.prefs.BackingStoreException: Couldn't get file lock.
2025-09-10 11:08:31,149 [ERROR] LogOutputStream:75 - [STDERR_REDIRECT] 
2025-09-10 11:09:01,147 [ERROR] LogOutputStream:75 - [STDERR_REDIRECT] Sep 10, 2025 11:09:01 AM java.util.prefs.FileSystemPreferences checkLockFile0ErrorCode
2025-09-10 11:09:01,148 [ERROR] LogOutputStream:75 - [STDERR_REDIRECT] WARNING: Could not lock System prefs. Unix error code 2.
2025-09-10 11:09:01,148 [ERROR] LogOutputStream:75 - [STDERR_REDIRECT] 
2025-09-10 11:09:01,148 [ERROR] LogOutputStream:75 - [STDERR_REDIRECT] Sep 10, 2025 11:09:01 AM java.util.prefs.FileSystemPreferences syncWorld
2025-09-10 11:09:01,149 [ERROR] LogOutputStream:75 - [STDERR_REDIRECT] WARNING: Couldn't flush system prefs: java.util.prefs.BackingStoreException: Couldn't get file lock.
2025-09-10 11:09:01,149 [ERROR] LogOutputStream:75 - [STDERR_REDIRECT] 
2025-09-10 11:09:31,148 [ERROR] LogOutputStream:75 - [STDERR_REDIRECT] Sep 10, 2025 11:09:31 AM java.util.prefs.FileSystemPreferences checkLockFile0ErrorCode
2025-09-10 11:09:31,148 [ERROR] LogOutputStream:75 - [STDERR_REDIRECT] WARNING: Could not lock System prefs. Unix error code 2.
2025-09-10 11:09:31,148 [ERROR] LogOutputStream:75 - [STDERR_REDIRECT] 
2025-09-10 11:09:31,148 [ERROR] LogOutputStream:75 - [STDERR_REDIRECT] Sep 10, 2025 11:09:31 AM java.util.prefs.FileSystemPreferences syncWorld
2025-09-10 11:09:31,149 [ERROR] LogOutputStream:75 - [STDERR_REDIRECT] WARNING: Couldn't flush system prefs: java.util.prefs.BackingStoreException: Couldn't get file lock.
2025-09-10 11:09:31,149 [ERROR] LogOutputStream:75 - [STDERR_REDIRECT] 
2025-09-10 11:10:01,147 [ERROR] LogOutputStream:75 - [STDERR_REDIRECT] Sep 10, 2025 11:10:01 AM java.util.prefs.FileSystemPreferences checkLockFile0ErrorCode
2025-09-10 11:10:01,148 [ERROR] LogOutputStream:75 - [STDERR_REDIRECT] WARNING: Could not lock System prefs. Unix error code 2.
2025-09-10 11:10:01,148 [ERROR] LogOutputStream:75 - [STDERR_REDIRECT] 
2025-09-10 11:10:01,149 [ERROR] LogOutputStream:75 - [STDERR_REDIRECT] Sep 10, 2025 11:10:01 AM java.util.prefs.FileSystemPreferences syncWorld
2025-09-10 11:10:01,149 [ERROR] LogOutputStream:75 - [STDERR_REDIRECT] WARNING: Couldn't flush system prefs: java.util.prefs.BackingStoreException: Couldn't get file lock.
2025-09-10 11:10:01,149 [ERROR] LogOutputStream:75 - [STDERR_REDIRECT] 
2025-09-10 11:10:31,148 [ERROR] LogOutputStream:75 - [STDERR_REDIRECT] Sep 10, 2025 11:10:31 AM java.util.prefs.FileSystemPreferences checkLockFile0ErrorCode
2025-09-10 11:10:31,149 [ERROR] LogOutputStream:75 - [STDERR_REDIRECT] WARNING: Could not lock System prefs. Unix error code 2.
2025-09-10 11:10:31,149 [ERROR] LogOutputStream:75 - [STDERR_REDIRECT] 
2025-09-10 11:10:31,149 [ERROR] LogOutputStream:75 - [STDERR_REDIRECT] Sep 10, 2025 11:10:31 AM java.util.prefs.FileSystemPreferences syncWorld
2025-09-10 11:10:31,150 [ERROR] LogOutputStream:75 - [STDERR_REDIRECT] WARNING: Couldn't flush system prefs: java.util.prefs.BackingStoreException: Couldn't get file lock.
2025-09-10 11:10:31,150 [ERROR] LogOutputStream:75 - [STDERR_REDIRECT] 
2025-09-10 11:11:01,148 [ERROR] LogOutputStream:75 - [STDERR_REDIRECT] Sep 10, 2025 11:11:01 AM java.util.prefs.FileSystemPreferences checkLockFile0ErrorCode
2025-09-10 11:11:01,149 [ERROR] LogOutputStream:75 - [STDERR_REDIRECT] WARNING: Could not lock System prefs. Unix error code 2.
2025-09-10 11:11:01,149 [ERROR] LogOutputStream:75 - [STDERR_REDIRECT] 
2025-09-10 11:11:01,149 [ERROR] LogOutputStream:75 - [STDERR_REDIRECT] Sep 10, 2025 11:11:01 AM java.util.prefs.FileSystemPreferences syncWorld
2025-09-10 11:11:01,150 [ERROR] LogOutputStream:75 - [STDERR_REDIRECT] WARNING: Couldn't flush system prefs: java.util.prefs.BackingStoreException: Couldn't get file lock.
2025-09-10 11:11:01,150 [ERROR] LogOutputStream:75 - [STDERR_REDIRECT] 
2025-09-10 11:11:31,149 [ERROR] LogOutputStream:75 - [STDERR_REDIRECT] Sep 10, 2025 11:11:31 AM java.util.prefs.FileSystemPreferences checkLockFile0ErrorCode
2025-09-10 11:11:31,149 [ERROR] LogOutputStream:75 - [STDERR_REDIRECT] WARNING: Could not lock System prefs. Unix error code 2.
2025-09-10 11:11:31,149 [ERROR] LogOutputStream:75 - [STDERR_REDIRECT] 
2025-09-10 11:11:31,150 [ERROR] LogOutputStream:75 - [STDERR_REDIRECT] Sep 10, 2025 11:11:31 AM java.util.prefs.FileSystemPreferences syncWorld
2025-09-10 11:11:31,150 [ERROR] LogOutputStream:75 - [STDERR_REDIRECT] WARNING: Couldn't flush system prefs: java.util.prefs.BackingStoreException: Couldn't get file lock.
2025-09-10 11:11:31,150 [ERROR] LogOutputStream:75 - [STDERR_REDIRECT] 
2025-09-10 11:12:01,149 [ERROR] LogOutputStream:75 - [STDERR_REDIRECT] Sep 10, 2025 11:12:01 AM java.util.prefs.FileSystemPreferences checkLockFile0ErrorCode
2025-09-10 11:12:01,149 [ERROR] LogOutputStream:75 - [STDERR_REDIRECT] WARNING: Could not lock System prefs. Unix error code 2.
2025-09-10 11:12:01,149 [ERROR] LogOutputStream:75 - [STDERR_REDIRECT] 
2025-09-10 11:12:01,150 [ERROR] LogOutputStream:75 - [STDERR_REDIRECT] Sep 10, 2025 11:12:01 AM java.util.prefs.FileSystemPreferences syncWorld
2025-09-10 11:12:01,150 [ERROR] LogOutputStream:75 - [STDERR_REDIRECT] WARNING: Couldn't flush system prefs: java.util.prefs.BackingStoreException: Couldn't get file lock.
2025-09-10 11:12:01,150 [ERROR] LogOutputStream:75 - [STDERR_REDIRECT] 
2025-09-10 11:12:31,149 [ERROR] LogOutputStream:75 - [STDERR_REDIRECT] Sep 10, 2025 11:12:31 AM java.util.prefs.FileSystemPreferences checkLockFile0ErrorCode
2025-09-10 11:12:31,149 [ERROR] LogOutputStream:75 - [STDERR_REDIRECT] WARNING: Could not lock System prefs. Unix error code 2.
2025-09-10 11:12:31,149 [ERROR] LogOutputStream:75 - [STDERR_REDIRECT] 
2025-09-10 11:12:31,150 [ERROR] LogOutputStream:75 - [STDERR_REDIRECT] Sep 10, 2025 11:12:31 AM java.util.prefs.FileSystemPreferences syncWorld
2025-09-10 11:12:31,150 [ERROR] LogOutputStream:75 - [STDERR_REDIRECT] WARNING: Couldn't flush system prefs: java.util.prefs.BackingStoreException: Couldn't get file lock.
2025-09-10 11:12:31,150 [ERROR] LogOutputStream:75 - [STDERR_REDIRECT] 
2025-09-10 11:13:01,149 [ERROR] LogOutputStream:75 - [STDERR_REDIRECT] Sep 10, 2025 11:13:01 AM java.util.prefs.FileSystemPreferences checkLockFile0ErrorCode
2025-09-10 11:13:01,149 [ERROR] LogOutputStream:75 - [STDERR_REDIRECT] WARNING: Could not lock System prefs. Unix error code 2.
2025-09-10 11:13:01,149 [ERROR] LogOutputStream:75 - [STDERR_REDIRECT] 
2025-09-10 11:13:01,150 [ERROR] LogOutputStream:75 - [STDERR_REDIRECT] Sep 10, 2025 11:13:01 AM java.util.prefs.FileSystemPreferences syncWorld
2025-09-10 11:13:01,150 [ERROR] LogOutputStream:75 - [STDERR_REDIRECT] WARNING: Couldn't flush system prefs: java.util.prefs.BackingStoreException: Couldn't get file lock.
2025-09-10 11:13:01,150 [ERROR] LogOutputStream:75 - [STDERR_REDIRECT] 
2025-09-10 11:13:31,149 [ERROR] LogOutputStream:75 - [STDERR_REDIRECT] Sep 10, 2025 11:13:31 AM java.util.prefs.FileSystemPreferences checkLockFile0ErrorCode
2025-09-10 11:13:31,150 [ERROR] LogOutputStream:75 - [STDERR_REDIRECT] WARNING: Could not lock System prefs. Unix error code 2.
2025-09-10 11:13:31,150 [ERROR] LogOutputStream:75 - [STDERR_REDIRECT] 
2025-09-10 11:13:31,150 [ERROR] LogOutputStream:75 - [STDERR_REDIRECT] Sep 10, 2025 11:13:31 AM java.util.prefs.FileSystemPreferences syncWorld
2025-09-10 11:13:31,151 [ERROR] LogOutputStream:75 - [STDERR_REDIRECT] WARNING: Couldn't flush system prefs: java.util.prefs.BackingStoreException: Couldn't get file lock.
2025-09-10 11:13:31,151 [ERROR] LogOutputStream:75 - [STDERR_REDIRECT] 
2025-09-10 11:14:01,148 [ERROR] LogOutputStream:75 - [STDERR_REDIRECT] Sep 10, 2025 11:14:01 AM java.util.prefs.FileSystemPreferences checkLockFile0ErrorCode
2025-09-10 11:14:01,149 [ERROR] LogOutputStream:75 - [STDERR_REDIRECT] WARNING: Could not lock System prefs. Unix error code 2.
2025-09-10 11:14:01,149 [ERROR] LogOutputStream:75 - [STDERR_REDIRECT] 
2025-09-10 11:14:01,149 [ERROR] LogOutputStream:75 - [STDERR_REDIRECT] Sep 10, 2025 11:14:01 AM java.util.prefs.FileSystemPreferences syncWorld
2025-09-10 11:14:01,150 [ERROR] LogOutputStream:75 - [STDERR_REDIRECT] WARNING: Couldn't flush system prefs: java.util.prefs.BackingStoreException: Couldn't get file lock.
2025-09-10 11:14:01,150 [ERROR] LogOutputStream:75 - [STDERR_REDIRECT] 
2025-09-10 11:14:31,149 [ERROR] LogOutputStream:75 - [STDERR_REDIRECT] Sep 10, 2025 11:14:31 AM java.util.prefs.FileSystemPreferences checkLockFile0ErrorCode
2025-09-10 11:14:31,149 [ERROR] LogOutputStream:75 - [STDERR_REDIRECT] WARNING: Could not lock System prefs. Unix error code 2.
2025-09-10 11:14:31,149 [ERROR] LogOutputStream:75 - [STDERR_REDIRECT] 
2025-09-10 11:14:31,150 [ERROR] LogOutputStream:75 - [STDERR_REDIRECT] Sep 10, 2025 11:14:31 AM java.util.prefs.FileSystemPreferences syncWorld
2025-09-10 11:14:31,150 [ERROR] LogOutputStream:75 - [STDERR_REDIRECT] WARNING: Couldn't flush system prefs: java.util.prefs.BackingStoreException: Couldn't get file lock.
2025-09-10 11:14:31,150 [ERROR] LogOutputStream:75 - [STDERR_REDIRECT] 
2025-09-10 11:15:01,149 [ERROR] LogOutputStream:75 - [STDERR_REDIRECT] Sep 10, 2025 11:15:01 AM java.util.prefs.FileSystemPreferences checkLockFile0ErrorCode
2025-09-10 11:15:01,149 [ERROR] LogOutputStream:75 - [STDERR_REDIRECT] WARNING: Could not lock System prefs. Unix error code 2.
2025-09-10 11:15:01,149 [ERROR] LogOutputStream:75 - [STDERR_REDIRECT] 
2025-09-10 11:15:01,150 [ERROR] LogOutputStream:75 - [STDERR_REDIRECT] Sep 10, 2025 11:15:01 AM java.util.prefs.FileSystemPreferences syncWorld
2025-09-10 11:15:01,151 [ERROR] LogOutputStream:75 - [STDERR_REDIRECT] WARNING: Couldn't flush system prefs: java.util.prefs.BackingStoreException: Couldn't get file lock.
2025-09-10 11:15:01,151 [ERROR] LogOutputStream:75 - [STDERR_REDIRECT] 
2025-09-10 11:15:31,149 [ERROR] LogOutputStream:75 - [STDERR_REDIRECT] Sep 10, 2025 11:15:31 AM java.util.prefs.FileSystemPreferences checkLockFile0ErrorCode
2025-09-10 11:15:31,149 [ERROR] LogOutputStream:75 - [STDERR_REDIRECT] WARNING: Could not lock System prefs. Unix error code 2.
2025-09-10 11:15:31,149 [ERROR] LogOutputStream:75 - [STDERR_REDIRECT] 
2025-09-10 11:15:31,150 [ERROR] LogOutputStream:75 - [STDERR_REDIRECT] Sep 10, 2025 11:15:31 AM java.util.prefs.FileSystemPreferences syncWorld
2025-09-10 11:15:31,150 [ERROR] LogOutputStream:75 - [STDERR_REDIRECT] WARNING: Couldn't flush system prefs: java.util.prefs.BackingStoreException: Couldn't get file lock.
2025-09-10 11:15:31,150 [ERROR] LogOutputStream:75 - [STDERR_REDIRECT] 
2025-09-10 11:16:01,149 [ERROR] LogOutputStream:75 - [STDERR_REDIRECT] Sep 10, 2025 11:16:01 AM java.util.prefs.FileSystemPreferences checkLockFile0ErrorCode
2025-09-10 11:16:01,149 [ERROR] LogOutputStream:75 - [STDERR_REDIRECT] WARNING: Could not lock System prefs. Unix error code 2.
2025-09-10 11:16:01,150 [ERROR] LogOutputStream:75 - [STDERR_REDIRECT] 
2025-09-10 11:16:01,150 [ERROR] LogOutputStream:75 - [STDERR_REDIRECT] Sep 10, 2025 11:16:01 AM java.util.prefs.FileSystemPreferences syncWorld
2025-09-10 11:16:01,151 [ERROR] LogOutputStream:75 - [STDERR_REDIRECT] WARNING: Couldn't flush system prefs: java.util.prefs.BackingStoreException: Couldn't get file lock.
2025-09-10 11:16:01,151 [ERROR] LogOutputStream:75 - [STDERR_REDIRECT] 
2025-09-10 11:16:31,149 [ERROR] LogOutputStream:75 - [STDERR_REDIRECT] Sep 10, 2025 11:16:31 AM java.util.prefs.FileSystemPreferences checkLockFile0ErrorCode
2025-09-10 11:16:31,150 [ERROR] LogOutputStream:75 - [STDERR_REDIRECT] WARNING: Could not lock System prefs. Unix error code 2.
2025-09-10 11:16:31,150 [ERROR] LogOutputStream:75 - [STDERR_REDIRECT] 
2025-09-10 11:16:31,150 [ERROR] LogOutputStream:75 - [STDERR_REDIRECT] Sep 10, 2025 11:16:31 AM java.util.prefs.FileSystemPreferences syncWorld
2025-09-10 11:16:31,151 [ERROR] LogOutputStream:75 - [STDERR_REDIRECT] WARNING: Couldn't flush system prefs: java.util.prefs.BackingStoreException: Couldn't get file lock.
2025-09-10 11:16:31,151 [ERROR] LogOutputStream:75 - [STDERR_REDIRECT] 
2025-09-10 11:17:01,150 [ERROR] LogOutputStream:75 - [STDERR_REDIRECT] Sep 10, 2025 11:17:01 AM java.util.prefs.FileSystemPreferences checkLockFile0ErrorCode
2025-09-10 11:17:01,151 [ERROR] LogOutputStream:75 - [STDERR_REDIRECT] WARNING: Could not lock System prefs. Unix error code 2.
2025-09-10 11:17:01,151 [ERROR] LogOutputStream:75 - [STDERR_REDIRECT] 
2025-09-10 11:17:01,151 [ERROR] LogOutputStream:75 - [STDERR_REDIRECT] Sep 10, 2025 11:17:01 AM java.util.prefs.FileSystemPreferences syncWorld
2025-09-10 11:17:01,152 [ERROR] LogOutputStream:75 - [STDERR_REDIRECT] WARNING: Couldn't flush system prefs: java.util.prefs.BackingStoreException: Couldn't get file lock.
2025-09-10 11:17:01,152 [ERROR] LogOutputStream:75 - [STDERR_REDIRECT] 
2025-09-10 11:17:31,149 [ERROR] LogOutputStream:75 - [STDERR_REDIRECT] Sep 10, 2025 11:17:31 AM java.util.prefs.FileSystemPreferences checkLockFile0ErrorCode
2025-09-10 11:17:31,149 [ERROR] LogOutputStream:75 - [STDERR_REDIRECT] WARNING: Could not lock System prefs. Unix error code 2.
2025-09-10 11:17:31,149 [ERROR] LogOutputStream:75 - [STDERR_REDIRECT] 
2025-09-10 11:17:31,150 [ERROR] LogOutputStream:75 - [STDERR_REDIRECT] Sep 10, 2025 11:17:31 AM java.util.prefs.FileSystemPreferences syncWorld
2025-09-10 11:17:31,150 [ERROR] LogOutputStream:75 - [STDERR_REDIRECT] WARNING: Couldn't flush system prefs: java.util.prefs.BackingStoreException: Couldn't get file lock.
2025-09-10 11:17:31,151 [ERROR] LogOutputStream:75 - [STDERR_REDIRECT] 
2025-09-10 11:18:01,150 [ERROR] LogOutputStream:75 - [STDERR_REDIRECT] Sep 10, 2025 11:18:01 AM java.util.prefs.FileSystemPreferences checkLockFile0ErrorCode
2025-09-10 11:18:01,151 [ERROR] LogOutputStream:75 - [STDERR_REDIRECT] WARNING: Could not lock System prefs. Unix error code 2.
2025-09-10 11:18:01,151 [ERROR] LogOutputStream:75 - [STDERR_REDIRECT] 
2025-09-10 11:18:01,151 [ERROR] LogOutputStream:75 - [STDERR_REDIRECT] Sep 10, 2025 11:18:01 AM java.util.prefs.FileSystemPreferences syncWorld
2025-09-10 11:18:01,152 [ERROR] LogOutputStream:75 - [STDERR_REDIRECT] WARNING: Couldn't flush system prefs: java.util.prefs.BackingStoreException: Couldn't get file lock.
2025-09-10 11:18:01,152 [ERROR] LogOutputStream:75 - [STDERR_REDIRECT] 
2025-09-10 11:18:31,149 [ERROR] LogOutputStream:75 - [STDERR_REDIRECT] Sep 10, 2025 11:18:31 AM java.util.prefs.FileSystemPreferences checkLockFile0ErrorCode
2025-09-10 11:18:31,149 [ERROR] LogOutputStream:75 - [STDERR_REDIRECT] WARNING: Could not lock System prefs. Unix error code 2.
2025-09-10 11:18:31,150 [ERROR] LogOutputStream:75 - [STDERR_REDIRECT] 
2025-09-10 11:18:31,150 [ERROR] LogOutputStream:75 - [STDERR_REDIRECT] Sep 10, 2025 11:18:31 AM java.util.prefs.FileSystemPreferences syncWorld
2025-09-10 11:18:31,151 [ERROR] LogOutputStream:75 - [STDERR_REDIRECT] WARNING: Couldn't flush system prefs: java.util.prefs.BackingStoreException: Couldn't get file lock.
2025-09-10 11:18:31,151 [ERROR] LogOutputStream:75 - [STDERR_REDIRECT] 
2025-09-10 11:19:01,149 [ERROR] LogOutputStream:75 - [STDERR_REDIRECT] Sep 10, 2025 11:19:01 AM java.util.prefs.FileSystemPreferences checkLockFile0ErrorCode
2025-09-10 11:19:01,149 [ERROR] LogOutputStream:75 - [STDERR_REDIRECT] WARNING: Could not lock System prefs. Unix error code 2.
2025-09-10 11:19:01,149 [ERROR] LogOutputStream:75 - [STDERR_REDIRECT] 
2025-09-10 11:19:01,150 [ERROR] LogOutputStream:75 - [STDERR_REDIRECT] Sep 10, 2025 11:19:01 AM java.util.prefs.FileSystemPreferences syncWorld
2025-09-10 11:19:01,150 [ERROR] LogOutputStream:75 - [STDERR_REDIRECT] WARNING: Couldn't flush system prefs: java.util.prefs.BackingStoreException: Couldn't get file lock.
2025-09-10 11:19:01,150 [ERROR] LogOutputStream:75 - [STDERR_REDIRECT] 
2025-09-10 11:19:31,149 [ERROR] LogOutputStream:75 - [STDERR_REDIRECT] Sep 10, 2025 11:19:31 AM java.util.prefs.FileSystemPreferences checkLockFile0ErrorCode
2025-09-10 11:19:31,149 [ERROR] LogOutputStream:75 - [STDERR_REDIRECT] WARNING: Could not lock System prefs. Unix error code 2.
2025-09-10 11:19:31,149 [ERROR] LogOutputStream:75 - [STDERR_REDIRECT] 
2025-09-10 11:19:31,150 [ERROR] LogOutputStream:75 - [STDERR_REDIRECT] Sep 10, 2025 11:19:31 AM java.util.prefs.FileSystemPreferences syncWorld
2025-09-10 11:19:31,150 [ERROR] LogOutputStream:75 - [STDERR_REDIRECT] WARNING: Couldn't flush system prefs: java.util.prefs.BackingStoreException: Couldn't get file lock.
2025-09-10 11:19:31,150 [ERROR] LogOutputStream:75 - [STDERR_REDIRECT] 
2025-09-10 11:20:01,149 [ERROR] LogOutputStream:75 - [STDERR_REDIRECT] Sep 10, 2025 11:20:01 AM java.util.prefs.FileSystemPreferences checkLockFile0ErrorCode
2025-09-10 11:20:01,150 [ERROR] LogOutputStream:75 - [STDERR_REDIRECT] WARNING: Could not lock System prefs. Unix error code 2.
2025-09-10 11:20:01,150 [ERROR] LogOutputStream:75 - [STDERR_REDIRECT] 
2025-09-10 11:20:01,150 [ERROR] LogOutputStream:75 - [STDERR_REDIRECT] Sep 10, 2025 11:20:01 AM java.util.prefs.FileSystemPreferences syncWorld
2025-09-10 11:20:01,151 [ERROR] LogOutputStream:75 - [STDERR_REDIRECT] WARNING: Couldn't flush system prefs: java.util.prefs.BackingStoreException: Couldn't get file lock.
2025-09-10 11:20:01,151 [ERROR] LogOutputStream:75 - [STDERR_REDIRECT] 
2025-09-10 11:20:31,149 [ERROR] LogOutputStream:75 - [STDERR_REDIRECT] Sep 10, 2025 11:20:31 AM java.util.prefs.FileSystemPreferences checkLockFile0ErrorCode
2025-09-10 11:20:31,149 [ERROR] LogOutputStream:75 - [STDERR_REDIRECT] WARNING: Could not lock System prefs. Unix error code 2.
2025-09-10 11:20:31,149 [ERROR] LogOutputStream:75 - [STDERR_REDIRECT] 
2025-09-10 11:20:31,150 [ERROR] LogOutputStream:75 - [STDERR_REDIRECT] Sep 10, 2025 11:20:31 AM java.util.prefs.FileSystemPreferences syncWorld
2025-09-10 11:20:31,150 [ERROR] LogOutputStream:75 - [STDERR_REDIRECT] WARNING: Couldn't flush system prefs: java.util.prefs.BackingStoreException: Couldn't get file lock.
2025-09-10 11:20:31,151 [ERROR] LogOutputStream:75 - [STDERR_REDIRECT] 
2025-09-10 11:21:01,149 [ERROR] LogOutputStream:75 - [STDERR_REDIRECT] Sep 10, 2025 11:21:01 AM java.util.prefs.FileSystemPreferences checkLockFile0ErrorCode
2025-09-10 11:21:01,150 [ERROR] LogOutputStream:75 - [STDERR_REDIRECT] WARNING: Could not lock System prefs. Unix error code 2.
2025-09-10 11:21:01,150 [ERROR] LogOutputStream:75 - [STDERR_REDIRECT] 
2025-09-10 11:21:01,150 [ERROR] LogOutputStream:75 - [STDERR_REDIRECT] Sep 10, 2025 11:21:01 AM java.util.prefs.FileSystemPreferences syncWorld
2025-09-10 11:21:01,151 [ERROR] LogOutputStream:75 - [STDERR_REDIRECT] WARNING: Couldn't flush system prefs: java.util.prefs.BackingStoreException: Couldn't get file lock.
2025-09-10 11:21:01,151 [ERROR] LogOutputStream:75 - [STDERR_REDIRECT] 
2025-09-10 11:21:31,149 [ERROR] LogOutputStream:75 - [STDERR_REDIRECT] Sep 10, 2025 11:21:31 AM java.util.prefs.FileSystemPreferences checkLockFile0ErrorCode
2025-09-10 11:21:31,150 [ERROR] LogOutputStream:75 - [STDERR_REDIRECT] WARNING: Could not lock System prefs. Unix error code 2.
2025-09-10 11:21:31,150 [ERROR] LogOutputStream:75 - [STDERR_REDIRECT] 
2025-09-10 11:21:31,150 [ERROR] LogOutputStream:75 - [STDERR_REDIRECT] Sep 10, 2025 11:21:31 AM java.util.prefs.FileSystemPreferences syncWorld
2025-09-10 11:21:31,151 [ERROR] LogOutputStream:75 - [STDERR_REDIRECT] WARNING: Couldn't flush system prefs: java.util.prefs.BackingStoreException: Couldn't get file lock.
2025-09-10 11:21:31,151 [ERROR] LogOutputStream:75 - [STDERR_REDIRECT] 
2025-09-10 11:22:01,150 [ERROR] LogOutputStream:75 - [STDERR_REDIRECT] Sep 10, 2025 11:22:01 AM java.util.prefs.FileSystemPreferences checkLockFile0ErrorCode
2025-09-10 11:22:01,150 [ERROR] LogOutputStream:75 - [STDERR_REDIRECT] WARNING: Could not lock System prefs. Unix error code 2.
2025-09-10 11:22:01,150 [ERROR] LogOutputStream:75 - [STDERR_REDIRECT] 
2025-09-10 11:22:01,151 [ERROR] LogOutputStream:75 - [STDERR_REDIRECT] Sep 10, 2025 11:22:01 AM java.util.prefs.FileSystemPreferences syncWorld
2025-09-10 11:22:01,152 [ERROR] LogOutputStream:75 - [STDERR_REDIRECT] WARNING: Couldn't flush system prefs: java.util.prefs.BackingStoreException: Couldn't get file lock.
2025-09-10 11:22:01,152 [ERROR] LogOutputStream:75 - [STDERR_REDIRECT] 
2025-09-10 11:22:31,149 [ERROR] LogOutputStream:75 - [STDERR_REDIRECT] Sep 10, 2025 11:22:31 AM java.util.prefs.FileSystemPreferences checkLockFile0ErrorCode
2025-09-10 11:22:31,149 [ERROR] LogOutputStream:75 - [STDERR_REDIRECT] WARNING: Could not lock System prefs. Unix error code 2.
2025-09-10 11:22:31,150 [ERROR] LogOutputStream:75 - [STDERR_REDIRECT] 
2025-09-10 11:22:31,150 [ERROR] LogOutputStream:75 - [STDERR_REDIRECT] Sep 10, 2025 11:22:31 AM java.util.prefs.FileSystemPreferences syncWorld
2025-09-10 11:22:31,151 [ERROR] LogOutputStream:75 - [STDERR_REDIRECT] WARNING: Couldn't flush system prefs: java.util.prefs.BackingStoreException: Couldn't get file lock.
2025-09-10 11:22:31,151 [ERROR] LogOutputStream:75 - [STDERR_REDIRECT] 
2025-09-10 11:23:01,149 [ERROR] LogOutputStream:75 - [STDERR_REDIRECT] Sep 10, 2025 11:23:01 AM java.util.prefs.FileSystemPreferences checkLockFile0ErrorCode
2025-09-10 11:23:01,150 [ERROR] LogOutputStream:75 - [STDERR_REDIRECT] WARNING: Could not lock System prefs. Unix error code 2.
2025-09-10 11:23:01,150 [ERROR] LogOutputStream:75 - [STDERR_REDIRECT] 
2025-09-10 11:23:01,150 [ERROR] LogOutputStream:75 - [STDERR_REDIRECT] Sep 10, 2025 11:23:01 AM java.util.prefs.FileSystemPreferences syncWorld
2025-09-10 11:23:01,151 [ERROR] LogOutputStream:75 - [STDERR_REDIRECT] WARNING: Couldn't flush system prefs: java.util.prefs.BackingStoreException: Couldn't get file lock.
2025-09-10 11:23:01,151 [ERROR] LogOutputStream:75 - [STDERR_REDIRECT] 
2025-09-10 11:23:31,150 [ERROR] LogOutputStream:75 - [STDERR_REDIRECT] Sep 10, 2025 11:23:31 AM java.util.prefs.FileSystemPreferences checkLockFile0ErrorCode
2025-09-10 11:23:31,151 [ERROR] LogOutputStream:75 - [STDERR_REDIRECT] WARNING: Could not lock System prefs. Unix error code 2.
2025-09-10 11:23:31,151 [ERROR] LogOutputStream:75 - [STDERR_REDIRECT] 
2025-09-10 11:23:31,151 [ERROR] LogOutputStream:75 - [STDERR_REDIRECT] Sep 10, 2025 11:23:31 AM java.util.prefs.FileSystemPreferences syncWorld
2025-09-10 11:23:31,152 [ERROR] LogOutputStream:75 - [STDERR_REDIRECT] WARNING: Couldn't flush system prefs: java.util.prefs.BackingStoreException: Couldn't get file lock.
2025-09-10 11:23:31,152 [ERROR] LogOutputStream:75 - [STDERR_REDIRECT] 
2025-09-10 11:24:01,149 [ERROR] LogOutputStream:75 - [STDERR_REDIRECT] Sep 10, 2025 11:24:01 AM java.util.prefs.FileSystemPreferences checkLockFile0ErrorCode
2025-09-10 11:24:01,150 [ERROR] LogOutputStream:75 - [STDERR_REDIRECT] WARNING: Could not lock System prefs. Unix error code 2.
2025-09-10 11:24:01,150 [ERROR] LogOutputStream:75 - [STDERR_REDIRECT] 
2025-09-10 11:24:01,150 [ERROR] LogOutputStream:75 - [STDERR_REDIRECT] Sep 10, 2025 11:24:01 AM java.util.prefs.FileSystemPreferences syncWorld
2025-09-10 11:24:01,151 [ERROR] LogOutputStream:75 - [STDERR_REDIRECT] WARNING: Couldn't flush system prefs: java.util.prefs.BackingStoreException: Couldn't get file lock.
2025-09-10 11:24:01,151 [ERROR] LogOutputStream:75 - [STDERR_REDIRECT] 
2025-09-10 11:24:31,150 [ERROR] LogOutputStream:75 - [STDERR_REDIRECT] Sep 10, 2025 11:24:31 AM java.util.prefs.FileSystemPreferences checkLockFile0ErrorCode
2025-09-10 11:24:31,151 [ERROR] LogOutputStream:75 - [STDERR_REDIRECT] WARNING: Could not lock System prefs. Unix error code 2.
2025-09-10 11:24:31,151 [ERROR] LogOutputStream:75 - [STDERR_REDIRECT] 
2025-09-10 11:24:31,151 [ERROR] LogOutputStream:75 - [STDERR_REDIRECT] Sep 10, 2025 11:24:31 AM java.util.prefs.FileSystemPreferences syncWorld
2025-09-10 11:24:31,152 [ERROR] LogOutputStream:75 - [STDERR_REDIRECT] WARNING: Couldn't flush system prefs: java.util.prefs.BackingStoreException: Couldn't get file lock.
2025-09-10 11:24:31,152 [ERROR] LogOutputStream:75 - [STDERR_REDIRECT] 
2025-09-10 11:25:01,150 [ERROR] LogOutputStream:75 - [STDERR_REDIRECT] Sep 10, 2025 11:25:01 AM java.util.prefs.FileSystemPreferences checkLockFile0ErrorCode
2025-09-10 11:25:01,150 [ERROR] LogOutputStream:75 - [STDERR_REDIRECT] WARNING: Could not lock System prefs. Unix error code 2.
2025-09-10 11:25:01,150 [ERROR] LogOutputStream:75 - [STDERR_REDIRECT] 
2025-09-10 11:25:01,150 [ERROR] LogOutputStream:75 - [STDERR_REDIRECT] Sep 10, 2025 11:25:01 AM java.util.prefs.FileSystemPreferences syncWorld
2025-09-10 11:25:01,151 [ERROR] LogOutputStream:75 - [STDERR_REDIRECT] WARNING: Couldn't flush system prefs: java.util.prefs.BackingStoreException: Couldn't get file lock.
2025-09-10 11:25:01,151 [ERROR] LogOutputStream:75 - [STDERR_REDIRECT] 
2025-09-10 11:25:31,150 [ERROR] LogOutputStream:75 - [STDERR_REDIRECT] Sep 10, 2025 11:25:31 AM java.util.prefs.FileSystemPreferences checkLockFile0ErrorCode
2025-09-10 11:25:31,150 [ERROR] LogOutputStream:75 - [STDERR_REDIRECT] WARNING: Could not lock System prefs. Unix error code 2.
2025-09-10 11:25:31,150 [ERROR] LogOutputStream:75 - [STDERR_REDIRECT] 
2025-09-10 11:25:31,151 [ERROR] LogOutputStream:75 - [STDERR_REDIRECT] Sep 10, 2025 11:25:31 AM java.util.prefs.FileSystemPreferences syncWorld
2025-09-10 11:25:31,151 [ERROR] LogOutputStream:75 - [STDERR_REDIRECT] WARNING: Couldn't flush system prefs: java.util.prefs.BackingStoreException: Couldn't get file lock.
2025-09-10 11:25:31,151 [ERROR] LogOutputStream:75 - [STDERR_REDIRECT] 
2025-09-10 11:26:01,150 [ERROR] LogOutputStream:75 - [STDERR_REDIRECT] Sep 10, 2025 11:26:01 AM java.util.prefs.FileSystemPreferences checkLockFile0ErrorCode
2025-09-10 11:26:01,151 [ERROR] LogOutputStream:75 - [STDERR_REDIRECT] WARNING: Could not lock System prefs. Unix error code 2.
2025-09-10 11:26:01,151 [ERROR] LogOutputStream:75 - [STDERR_REDIRECT] 
2025-09-10 11:26:01,152 [ERROR] LogOutputStream:75 - [STDERR_REDIRECT] Sep 10, 2025 11:26:01 AM java.util.prefs.FileSystemPreferences syncWorld
2025-09-10 11:26:01,153 [ERROR] LogOutputStream:75 - [STDERR_REDIRECT] WARNING: Couldn't flush system prefs: java.util.prefs.BackingStoreException: Couldn't get file lock.
2025-09-10 11:26:01,153 [ERROR] LogOutputStream:75 - [STDERR_REDIRECT] 
2025-09-10 11:26:31,150 [ERROR] LogOutputStream:75 - [STDERR_REDIRECT] Sep 10, 2025 11:26:31 AM java.util.prefs.FileSystemPreferences checkLockFile0ErrorCode
2025-09-10 11:26:31,150 [ERROR] LogOutputStream:75 - [STDERR_REDIRECT] WARNING: Could not lock System prefs. Unix error code 2.
2025-09-10 11:26:31,150 [ERROR] LogOutputStream:75 - [STDERR_REDIRECT] 
2025-09-10 11:26:31,151 [ERROR] LogOutputStream:75 - [STDERR_REDIRECT] Sep 10, 2025 11:26:31 AM java.util.prefs.FileSystemPreferences syncWorld
2025-09-10 11:26:31,152 [ERROR] LogOutputStream:75 - [STDERR_REDIRECT] WARNING: Couldn't flush system prefs: java.util.prefs.BackingStoreException: Couldn't get file lock.
2025-09-10 11:26:31,152 [ERROR] LogOutputStream:75 - [STDERR_REDIRECT] 
2025-09-10 11:27:01,149 [ERROR] LogOutputStream:75 - [STDERR_REDIRECT] Sep 10, 2025 11:27:01 AM java.util.prefs.FileSystemPreferences checkLockFile0ErrorCode
2025-09-10 11:27:01,150 [ERROR] LogOutputStream:75 - [STDERR_REDIRECT] WARNING: Could not lock System prefs. Unix error code 2.
2025-09-10 11:27:01,150 [ERROR] LogOutputStream:75 - [STDERR_REDIRECT] 
2025-09-10 11:27:01,150 [ERROR] LogOutputStream:75 - [STDERR_REDIRECT] Sep 10, 2025 11:27:01 AM java.util.prefs.FileSystemPreferences syncWorld
2025-09-10 11:27:01,151 [ERROR] LogOutputStream:75 - [STDERR_REDIRECT] WARNING: Couldn't flush system prefs: java.util.prefs.BackingStoreException: Couldn't get file lock.
2025-09-10 11:27:01,151 [ERROR] LogOutputStream:75 - [STDERR_REDIRECT] 
2025-09-10 11:27:31,150 [ERROR] LogOutputStream:75 - [STDERR_REDIRECT] Sep 10, 2025 11:27:31 AM java.util.prefs.FileSystemPreferences checkLockFile0ErrorCode
2025-09-10 11:27:31,150 [ERROR] LogOutputStream:75 - [STDERR_REDIRECT] WARNING: Could not lock System prefs. Unix error code 2.
2025-09-10 11:27:31,150 [ERROR] LogOutputStream:75 - [STDERR_REDIRECT] 
2025-09-10 11:27:31,151 [ERROR] LogOutputStream:75 - [STDERR_REDIRECT] Sep 10, 2025 11:27:31 AM java.util.prefs.FileSystemPreferences syncWorld
2025-09-10 11:27:31,151 [ERROR] LogOutputStream:75 - [STDERR_REDIRECT] WARNING: Couldn't flush system prefs: java.util.prefs.BackingStoreException: Couldn't get file lock.
2025-09-10 11:27:31,151 [ERROR] LogOutputStream:75 - [STDERR_REDIRECT] 
2025-09-10 11:28:01,149 [ERROR] LogOutputStream:75 - [STDERR_REDIRECT] Sep 10, 2025 11:28:01 AM java.util.prefs.FileSystemPreferences checkLockFile0ErrorCode
2025-09-10 11:28:01,150 [ERROR] LogOutputStream:75 - [STDERR_REDIRECT] WARNING: Could not lock System prefs. Unix error code 2.
2025-09-10 11:28:01,150 [ERROR] LogOutputStream:75 - [STDERR_REDIRECT] 
2025-09-10 11:28:01,150 [ERROR] LogOutputStream:75 - [STDERR_REDIRECT] Sep 10, 2025 11:28:01 AM java.util.prefs.FileSystemPreferences syncWorld
2025-09-10 11:28:01,151 [ERROR] LogOutputStream:75 - [STDERR_REDIRECT] WARNING: Couldn't flush system prefs: java.util.prefs.BackingStoreException: Couldn't get file lock.
2025-09-10 11:28:01,151 [ERROR] LogOutputStream:75 - [STDERR_REDIRECT] 
2025-09-10 11:28:31,151 [ERROR] LogOutputStream:75 - [STDERR_REDIRECT] Sep 10, 2025 11:28:31 AM java.util.prefs.FileSystemPreferences checkLockFile0ErrorCode
2025-09-10 11:28:31,152 [ERROR] LogOutputStream:75 - [STDERR_REDIRECT] WARNING: Could not lock System prefs. Unix error code 2.
2025-09-10 11:28:31,152 [ERROR] LogOutputStream:75 - [STDERR_REDIRECT] 
2025-09-10 11:28:31,153 [ERROR] LogOutputStream:75 - [STDERR_REDIRECT] Sep 10, 2025 11:28:31 AM java.util.prefs.FileSystemPreferences syncWorld
2025-09-10 11:28:31,153 [ERROR] LogOutputStream:75 - [STDERR_REDIRECT] WARNING: Couldn't flush system prefs: java.util.prefs.BackingStoreException: Couldn't get file lock.
2025-09-10 11:28:31,153 [ERROR] LogOutputStream:75 - [STDERR_REDIRECT] 
2025-09-10 11:29:01,151 [ERROR] LogOutputStream:75 - [STDERR_REDIRECT] Sep 10, 2025 11:29:01 AM java.util.prefs.FileSystemPreferences checkLockFile0ErrorCode
2025-09-10 11:29:01,152 [ERROR] LogOutputStream:75 - [STDERR_REDIRECT] WARNING: Could not lock System prefs. Unix error code 2.
2025-09-10 11:29:01,152 [ERROR] LogOutputStream:75 - [STDERR_REDIRECT] 
2025-09-10 11:29:01,152 [ERROR] LogOutputStream:75 - [STDERR_REDIRECT] Sep 10, 2025 11:29:01 AM java.util.prefs.FileSystemPreferences syncWorld
2025-09-10 11:29:01,153 [ERROR] LogOutputStream:75 - [STDERR_REDIRECT] WARNING: Couldn't flush system prefs: java.util.prefs.BackingStoreException: Couldn't get file lock.
2025-09-10 11:29:01,153 [ERROR] LogOutputStream:75 - [STDERR_REDIRECT] 
2025-09-10 11:29:31,150 [ERROR] LogOutputStream:75 - [STDERR_REDIRECT] Sep 10, 2025 11:29:31 AM java.util.prefs.FileSystemPreferences checkLockFile0ErrorCode
2025-09-10 11:29:31,151 [ERROR] LogOutputStream:75 - [STDERR_REDIRECT] WARNING: Could not lock System prefs. Unix error code 2.
2025-09-10 11:29:31,151 [ERROR] LogOutputStream:75 - [STDERR_REDIRECT] 
2025-09-10 11:29:31,151 [ERROR] LogOutputStream:75 - [STDERR_REDIRECT] Sep 10, 2025 11:29:31 AM java.util.prefs.FileSystemPreferences syncWorld
2025-09-10 11:29:31,152 [ERROR] LogOutputStream:75 - [STDERR_REDIRECT] WARNING: Couldn't flush system prefs: java.util.prefs.BackingStoreException: Couldn't get file lock.
2025-09-10 11:29:31,152 [ERROR] LogOutputStream:75 - [STDERR_REDIRECT] 
2025-09-10 11:30:01,151 [ERROR] LogOutputStream:75 - [STDERR_REDIRECT] Sep 10, 2025 11:30:01 AM java.util.prefs.FileSystemPreferences checkLockFile0ErrorCode
2025-09-10 11:30:01,152 [ERROR] LogOutputStream:75 - [STDERR_REDIRECT] WARNING: Could not lock System prefs. Unix error code 2.
2025-09-10 11:30:01,152 [ERROR] LogOutputStream:75 - [STDERR_REDIRECT] 
2025-09-10 11:30:01,152 [ERROR] LogOutputStream:75 - [STDERR_REDIRECT] Sep 10, 2025 11:30:01 AM java.util.prefs.FileSystemPreferences syncWorld
2025-09-10 11:30:01,153 [ERROR] LogOutputStream:75 - [STDERR_REDIRECT] WARNING: Couldn't flush system prefs: java.util.prefs.BackingStoreException: Couldn't get file lock.
2025-09-10 11:30:01,153 [ERROR] LogOutputStream:75 - [STDERR_REDIRECT] 
2025-09-10 11:30:31,151 [ERROR] LogOutputStream:75 - [STDERR_REDIRECT] Sep 10, 2025 11:30:31 AM java.util.prefs.FileSystemPreferences checkLockFile0ErrorCode
2025-09-10 11:30:31,151 [ERROR] LogOutputStream:75 - [STDERR_REDIRECT] WARNING: Could not lock System prefs. Unix error code 2.
2025-09-10 11:30:31,151 [ERROR] LogOutputStream:75 - [STDERR_REDIRECT] 
2025-09-10 11:30:31,152 [ERROR] LogOutputStream:75 - [STDERR_REDIRECT] Sep 10, 2025 11:30:31 AM java.util.prefs.FileSystemPreferences syncWorld
2025-09-10 11:30:31,152 [ERROR] LogOutputStream:75 - [STDERR_REDIRECT] WARNING: Couldn't flush system prefs: java.util.prefs.BackingStoreException: Couldn't get file lock.
2025-09-10 11:30:31,152 [ERROR] LogOutputStream:75 - [STDERR_REDIRECT] 
2025-09-10 11:31:01,151 [ERROR] LogOutputStream:75 - [STDERR_REDIRECT] Sep 10, 2025 11:31:01 AM java.util.prefs.FileSystemPreferences checkLockFile0ErrorCode
2025-09-10 11:31:01,151 [ERROR] LogOutputStream:75 - [STDERR_REDIRECT] WARNING: Could not lock System prefs. Unix error code 2.
2025-09-10 11:31:01,151 [ERROR] LogOutputStream:75 - [STDERR_REDIRECT] 
2025-09-10 11:31:01,152 [ERROR] LogOutputStream:75 - [STDERR_REDIRECT] Sep 10, 2025 11:31:01 AM java.util.prefs.FileSystemPreferences syncWorld
2025-09-10 11:31:01,153 [ERROR] LogOutputStream:75 - [STDERR_REDIRECT] WARNING: Couldn't flush system prefs: java.util.prefs.BackingStoreException: Couldn't get file lock.
2025-09-10 11:31:01,153 [ERROR] LogOutputStream:75 - [STDERR_REDIRECT] 
2025-09-10 11:31:31,152 [ERROR] LogOutputStream:75 - [STDERR_REDIRECT] Sep 10, 2025 11:31:31 AM java.util.prefs.FileSystemPreferences checkLockFile0ErrorCode
2025-09-10 11:31:31,153 [ERROR] LogOutputStream:75 - [STDERR_REDIRECT] WARNING: Could not lock System prefs. Unix error code 2.
2025-09-10 11:31:31,153 [ERROR] LogOutputStream:75 - [STDERR_REDIRECT] 
2025-09-10 11:31:31,154 [ERROR] LogOutputStream:75 - [STDERR_REDIRECT] Sep 10, 2025 11:31:31 AM java.util.prefs.FileSystemPreferences syncWorld
2025-09-10 11:31:31,155 [ERROR] LogOutputStream:75 - [STDERR_REDIRECT] WARNING: Couldn't flush system prefs: java.util.prefs.BackingStoreException: Couldn't get file lock.
2025-09-10 11:31:31,155 [ERROR] LogOutputStream:75 - [STDERR_REDIRECT] 
2025-09-10 11:32:01,151 [ERROR] LogOutputStream:75 - [STDERR_REDIRECT] Sep 10, 2025 11:32:01 AM java.util.prefs.FileSystemPreferences checkLockFile0ErrorCode
2025-09-10 11:32:01,152 [ERROR] LogOutputStream:75 - [STDERR_REDIRECT] WARNING: Could not lock System prefs. Unix error code 2.
2025-09-10 11:32:01,152 [ERROR] LogOutputStream:75 - [STDERR_REDIRECT] 
2025-09-10 11:32:01,153 [ERROR] LogOutputStream:75 - [STDERR_REDIRECT] Sep 10, 2025 11:32:01 AM java.util.prefs.FileSystemPreferences syncWorld
2025-09-10 11:32:01,153 [ERROR] LogOutputStream:75 - [STDERR_REDIRECT] WARNING: Couldn't flush system prefs: java.util.prefs.BackingStoreException: Couldn't get file lock.
2025-09-10 11:32:01,153 [ERROR] LogOutputStream:75 - [STDERR_REDIRECT] 
2025-09-10 11:32:31,152 [ERROR] LogOutputStream:75 - [STDERR_REDIRECT] Sep 10, 2025 11:32:31 AM java.util.prefs.FileSystemPreferences checkLockFile0ErrorCode
2025-09-10 11:32:31,152 [ERROR] LogOutputStream:75 - [STDERR_REDIRECT] WARNING: Could not lock System prefs. Unix error code 2.
2025-09-10 11:32:31,152 [ERROR] LogOutputStream:75 - [STDERR_REDIRECT] 
2025-09-10 11:32:31,153 [ERROR] LogOutputStream:75 - [STDERR_REDIRECT] Sep 10, 2025 11:32:31 AM java.util.prefs.FileSystemPreferences syncWorld
2025-09-10 11:32:31,153 [ERROR] LogOutputStream:75 - [STDERR_REDIRECT] WARNING: Couldn't flush system prefs: java.util.prefs.BackingStoreException: Couldn't get file lock.
2025-09-10 11:32:31,154 [ERROR] LogOutputStream:75 - [STDERR_REDIRECT] 
2025-09-10 11:33:01,151 [ERROR] LogOutputStream:75 - [STDERR_REDIRECT] Sep 10, 2025 11:33:01 AM java.util.prefs.FileSystemPreferences checkLockFile0ErrorCode
2025-09-10 11:33:01,151 [ERROR] LogOutputStream:75 - [STDERR_REDIRECT] WARNING: Could not lock System prefs. Unix error code 2.
2025-09-10 11:33:01,151 [ERROR] LogOutputStream:75 - [STDERR_REDIRECT] 
2025-09-10 11:33:01,152 [ERROR] LogOutputStream:75 - [STDERR_REDIRECT] Sep 10, 2025 11:33:01 AM java.util.prefs.FileSystemPreferences syncWorld
2025-09-10 11:33:01,153 [ERROR] LogOutputStream:75 - [STDERR_REDIRECT] WARNING: Couldn't flush system prefs: java.util.prefs.BackingStoreException: Couldn't get file lock.
2025-09-10 11:33:01,153 [ERROR] LogOutputStream:75 - [STDERR_REDIRECT] 
2025-09-10 11:33:31,152 [ERROR] LogOutputStream:75 - [STDERR_REDIRECT] Sep 10, 2025 11:33:31 AM java.util.prefs.FileSystemPreferences checkLockFile0ErrorCode
2025-09-10 11:33:31,152 [ERROR] LogOutputStream:75 - [STDERR_REDIRECT] WARNING: Could not lock System prefs. Unix error code 2.
2025-09-10 11:33:31,152 [ERROR] LogOutputStream:75 - [STDERR_REDIRECT] 
2025-09-10 11:33:31,153 [ERROR] LogOutputStream:75 - [STDERR_REDIRECT] Sep 10, 2025 11:33:31 AM java.util.prefs.FileSystemPreferences syncWorld
2025-09-10 11:33:31,153 [ERROR] LogOutputStream:75 - [STDERR_REDIRECT] WARNING: Couldn't flush system prefs: java.util.prefs.BackingStoreException: Couldn't get file lock.
2025-09-10 11:33:31,153 [ERROR] LogOutputStream:75 - [STDERR_REDIRECT] 
2025-09-10 11:34:01,151 [ERROR] LogOutputStream:75 - [STDERR_REDIRECT] Sep 10, 2025 11:34:01 AM java.util.prefs.FileSystemPreferences checkLockFile0ErrorCode
2025-09-10 11:34:01,152 [ERROR] LogOutputStream:75 - [STDERR_REDIRECT] WARNING: Could not lock System prefs. Unix error code 2.
2025-09-10 11:34:01,152 [ERROR] LogOutputStream:75 - [STDERR_REDIRECT] 
2025-09-10 11:34:01,152 [ERROR] LogOutputStream:75 - [STDERR_REDIRECT] Sep 10, 2025 11:34:01 AM java.util.prefs.FileSystemPreferences syncWorld
2025-09-10 11:34:01,153 [ERROR] LogOutputStream:75 - [STDERR_REDIRECT] WARNING: Couldn't flush system prefs: java.util.prefs.BackingStoreException: Couldn't get file lock.
2025-09-10 11:34:01,153 [ERROR] LogOutputStream:75 - [STDERR_REDIRECT] 
2025-09-10 11:34:31,152 [ERROR] LogOutputStream:75 - [STDERR_REDIRECT] Sep 10, 2025 11:34:31 AM java.util.prefs.FileSystemPreferences checkLockFile0ErrorCode
2025-09-10 11:34:31,152 [ERROR] LogOutputStream:75 - [STDERR_REDIRECT] WARNING: Could not lock System prefs. Unix error code 2.
2025-09-10 11:34:31,152 [ERROR] LogOutputStream:75 - [STDERR_REDIRECT] 
2025-09-10 11:34:31,153 [ERROR] LogOutputStream:75 - [STDERR_REDIRECT] Sep 10, 2025 11:34:31 AM java.util.prefs.FileSystemPreferences syncWorld
2025-09-10 11:34:31,153 [ERROR] LogOutputStream:75 - [STDERR_REDIRECT] WARNING: Couldn't flush system prefs: java.util.prefs.BackingStoreException: Couldn't get file lock.
2025-09-10 11:34:31,153 [ERROR] LogOutputStream:75 - [STDERR_REDIRECT] 
2025-09-10 11:35:01,151 [ERROR] LogOutputStream:75 - [STDERR_REDIRECT] Sep 10, 2025 11:35:01 AM java.util.prefs.FileSystemPreferences checkLockFile0ErrorCode
2025-09-10 11:35:01,151 [ERROR] LogOutputStream:75 - [STDERR_REDIRECT] WARNING: Could not lock System prefs. Unix error code 2.
2025-09-10 11:35:01,151 [ERROR] LogOutputStream:75 - [STDERR_REDIRECT] 
2025-09-10 11:35:01,152 [ERROR] LogOutputStream:75 - [STDERR_REDIRECT] Sep 10, 2025 11:35:01 AM java.util.prefs.FileSystemPreferences syncWorld
2025-09-10 11:35:01,152 [ERROR] LogOutputStream:75 - [STDERR_REDIRECT] WARNING: Couldn't flush system prefs: java.util.prefs.BackingStoreException: Couldn't get file lock.
2025-09-10 11:35:01,152 [ERROR] LogOutputStream:75 - [STDERR_REDIRECT] 
2025-09-10 11:35:31,152 [ERROR] LogOutputStream:75 - [STDERR_REDIRECT] Sep 10, 2025 11:35:31 AM java.util.prefs.FileSystemPreferences checkLockFile0ErrorCode
2025-09-10 11:35:31,152 [ERROR] LogOutputStream:75 - [STDERR_REDIRECT] WARNING: Could not lock System prefs. Unix error code 2.
2025-09-10 11:35:31,152 [ERROR] LogOutputStream:75 - [STDERR_REDIRECT] 
2025-09-10 11:35:31,153 [ERROR] LogOutputStream:75 - [STDERR_REDIRECT] Sep 10, 2025 11:35:31 AM java.util.prefs.FileSystemPreferences syncWorld
2025-09-10 11:35:31,153 [ERROR] LogOutputStream:75 - [STDERR_REDIRECT] WARNING: Couldn't flush system prefs: java.util.prefs.BackingStoreException: Couldn't get file lock.
2025-09-10 11:35:31,153 [ERROR] LogOutputStream:75 - [STDERR_REDIRECT] 
2025-09-10 11:36:01,151 [ERROR] LogOutputStream:75 - [STDERR_REDIRECT] Sep 10, 2025 11:36:01 AM java.util.prefs.FileSystemPreferences checkLockFile0ErrorCode
2025-09-10 11:36:01,152 [ERROR] LogOutputStream:75 - [STDERR_REDIRECT] WARNING: Could not lock System prefs. Unix error code 2.
2025-09-10 11:36:01,152 [ERROR] LogOutputStream:75 - [STDERR_REDIRECT] 
2025-09-10 11:36:01,152 [ERROR] LogOutputStream:75 - [STDERR_REDIRECT] Sep 10, 2025 11:36:01 AM java.util.prefs.FileSystemPreferences syncWorld
2025-09-10 11:36:01,153 [ERROR] LogOutputStream:75 - [STDERR_REDIRECT] WARNING: Couldn't flush system prefs: java.util.prefs.BackingStoreException: Couldn't get file lock.
2025-09-10 11:36:01,153 [ERROR] LogOutputStream:75 - [STDERR_REDIRECT] 
2025-09-10 11:36:31,152 [ERROR] LogOutputStream:75 - [STDERR_REDIRECT] Sep 10, 2025 11:36:31 AM java.util.prefs.FileSystemPreferences checkLockFile0ErrorCode
2025-09-10 11:36:31,152 [ERROR] LogOutputStream:75 - [STDERR_REDIRECT] WARNING: Could not lock System prefs. Unix error code 2.
2025-09-10 11:36:31,152 [ERROR] LogOutputStream:75 - [STDERR_REDIRECT] 
2025-09-10 11:36:31,153 [ERROR] LogOutputStream:75 - [STDERR_REDIRECT] Sep 10, 2025 11:36:31 AM java.util.prefs.FileSystemPreferences syncWorld
2025-09-10 11:36:31,153 [ERROR] LogOutputStream:75 - [STDERR_REDIRECT] WARNING: Couldn't flush system prefs: java.util.prefs.BackingStoreException: Couldn't get file lock.
2025-09-10 11:36:31,153 [ERROR] LogOutputStream:75 - [STDERR_REDIRECT] 
2025-09-10 11:37:01,152 [ERROR] LogOutputStream:75 - [STDERR_REDIRECT] Sep 10, 2025 11:37:01 AM java.util.prefs.FileSystemPreferences checkLockFile0ErrorCode
2025-09-10 11:37:01,152 [ERROR] LogOutputStream:75 - [STDERR_REDIRECT] WARNING: Could not lock System prefs. Unix error code 2.
2025-09-10 11:37:01,152 [ERROR] LogOutputStream:75 - [STDERR_REDIRECT] 
2025-09-10 11:37:01,153 [ERROR] LogOutputStream:75 - [STDERR_REDIRECT] Sep 10, 2025 11:37:01 AM java.util.prefs.FileSystemPreferences syncWorld
2025-09-10 11:37:01,153 [ERROR] LogOutputStream:75 - [STDERR_REDIRECT] WARNING: Couldn't flush system prefs: java.util.prefs.BackingStoreException: Couldn't get file lock.
2025-09-10 11:37:01,153 [ERROR] LogOutputStream:75 - [STDERR_REDIRECT] 
2025-09-10 11:37:31,151 [ERROR] LogOutputStream:75 - [STDERR_REDIRECT] Sep 10, 2025 11:37:31 AM java.util.prefs.FileSystemPreferences checkLockFile0ErrorCode
2025-09-10 11:37:31,152 [ERROR] LogOutputStream:75 - [STDERR_REDIRECT] WARNING: Could not lock System prefs. Unix error code 2.
2025-09-10 11:37:31,152 [ERROR] LogOutputStream:75 - [STDERR_REDIRECT] 
2025-09-10 11:37:31,152 [ERROR] LogOutputStream:75 - [STDERR_REDIRECT] Sep 10, 2025 11:37:31 AM java.util.prefs.FileSystemPreferences syncWorld
2025-09-10 11:37:31,153 [ERROR] LogOutputStream:75 - [STDERR_REDIRECT] WARNING: Couldn't flush system prefs: java.util.prefs.BackingStoreException: Couldn't get file lock.
2025-09-10 11:37:31,153 [ERROR] LogOutputStream:75 - [STDERR_REDIRECT] 
2025-09-10 11:38:01,152 [ERROR] LogOutputStream:75 - [STDERR_REDIRECT] Sep 10, 2025 11:38:01 AM java.util.prefs.FileSystemPreferences checkLockFile0ErrorCode
2025-09-10 11:38:01,153 [ERROR] LogOutputStream:75 - [STDERR_REDIRECT] WARNING: Could not lock System prefs. Unix error code 2.
2025-09-10 11:38:01,153 [ERROR] LogOutputStream:75 - [STDERR_REDIRECT] 
2025-09-10 11:38:01,153 [ERROR] LogOutputStream:75 - [STDERR_REDIRECT] Sep 10, 2025 11:38:01 AM java.util.prefs.FileSystemPreferences syncWorld
2025-09-10 11:38:01,154 [ERROR] LogOutputStream:75 - [STDERR_REDIRECT] WARNING: Couldn't flush system prefs: java.util.prefs.BackingStoreException: Couldn't get file lock.
2025-09-10 11:38:01,154 [ERROR] LogOutputStream:75 - [STDERR_REDIRECT] 
2025-09-10 11:38:31,157 [ERROR] LogOutputStream:75 - [STDERR_REDIRECT] Sep 10, 2025 11:38:31 AM java.util.prefs.FileSystemPreferences checkLockFile0ErrorCode
2025-09-10 11:38:31,157 [ERROR] LogOutputStream:75 - [STDERR_REDIRECT] WARNING: Could not lock System prefs. Unix error code 2.
2025-09-10 11:38:31,157 [ERROR] LogOutputStream:75 - [STDERR_REDIRECT] 
2025-09-10 11:38:31,158 [ERROR] LogOutputStream:75 - [STDERR_REDIRECT] Sep 10, 2025 11:38:31 AM java.util.prefs.FileSystemPreferences syncWorld
2025-09-10 11:38:31,159 [ERROR] LogOutputStream:75 - [STDERR_REDIRECT] WARNING: Couldn't flush system prefs: java.util.prefs.BackingStoreException: Couldn't get file lock.
2025-09-10 11:38:31,159 [ERROR] LogOutputStream:75 - [STDERR_REDIRECT] 
2025-09-10 11:39:01,152 [ERROR] LogOutputStream:75 - [STDERR_REDIRECT] Sep 10, 2025 11:39:01 AM java.util.prefs.FileSystemPreferences checkLockFile0ErrorCode
2025-09-10 11:39:01,153 [ERROR] LogOutputStream:75 - [STDERR_REDIRECT] WARNING: Could not lock System prefs. Unix error code 2.
2025-09-10 11:39:01,153 [ERROR] LogOutputStream:75 - [STDERR_REDIRECT] 
2025-09-10 11:39:01,153 [ERROR] LogOutputStream:75 - [STDERR_REDIRECT] Sep 10, 2025 11:39:01 AM java.util.prefs.FileSystemPreferences syncWorld
2025-09-10 11:39:01,154 [ERROR] LogOutputStream:75 - [STDERR_REDIRECT] WARNING: Couldn't flush system prefs: java.util.prefs.BackingStoreException: Couldn't get file lock.
2025-09-10 11:39:01,154 [ERROR] LogOutputStream:75 - [STDERR_REDIRECT] 
2025-09-10 11:39:31,152 [ERROR] LogOutputStream:75 - [STDERR_REDIRECT] Sep 10, 2025 11:39:31 AM java.util.prefs.FileSystemPreferences checkLockFile0ErrorCode
2025-09-10 11:39:31,153 [ERROR] LogOutputStream:75 - [STDERR_REDIRECT] WARNING: Could not lock System prefs. Unix error code 2.
2025-09-10 11:39:31,153 [ERROR] LogOutputStream:75 - [STDERR_REDIRECT] 
2025-09-10 11:39:31,154 [ERROR] LogOutputStream:75 - [STDERR_REDIRECT] Sep 10, 2025 11:39:31 AM java.util.prefs.FileSystemPreferences syncWorld
2025-09-10 11:39:31,154 [ERROR] LogOutputStream:75 - [STDERR_REDIRECT] WARNING: Couldn't flush system prefs: java.util.prefs.BackingStoreException: Couldn't get file lock.
2025-09-10 11:39:31,154 [ERROR] LogOutputStream:75 - [STDERR_REDIRECT] 
2025-09-10 11:40:01,153 [ERROR] LogOutputStream:75 - [STDERR_REDIRECT] Sep 10, 2025 11:40:01 AM java.util.prefs.FileSystemPreferences checkLockFile0ErrorCode
2025-09-10 11:40:01,154 [ERROR] LogOutputStream:75 - [STDERR_REDIRECT] WARNING: Could not lock System prefs. Unix error code 2.
2025-09-10 11:40:01,154 [ERROR] LogOutputStream:75 - [STDERR_REDIRECT] 
2025-09-10 11:40:01,154 [ERROR] LogOutputStream:75 - [STDERR_REDIRECT] Sep 10, 2025 11:40:01 AM java.util.prefs.FileSystemPreferences syncWorld
2025-09-10 11:40:01,155 [ERROR] LogOutputStream:75 - [STDERR_REDIRECT] WARNING: Couldn't flush system prefs: java.util.prefs.BackingStoreException: Couldn't get file lock.
2025-09-10 11:40:01,155 [ERROR] LogOutputStream:75 - [STDERR_REDIRECT] 
2025-09-10 11:40:31,152 [ERROR] LogOutputStream:75 - [STDERR_REDIRECT] Sep 10, 2025 11:40:31 AM java.util.prefs.FileSystemPreferences checkLockFile0ErrorCode
2025-09-10 11:40:31,152 [ERROR] LogOutputStream:75 - [STDERR_REDIRECT] WARNING: Could not lock System prefs. Unix error code 2.
2025-09-10 11:40:31,152 [ERROR] LogOutputStream:75 - [STDERR_REDIRECT] 
2025-09-10 11:40:31,153 [ERROR] LogOutputStream:75 - [STDERR_REDIRECT] Sep 10, 2025 11:40:31 AM java.util.prefs.FileSystemPreferences syncWorld
2025-09-10 11:40:31,153 [ERROR] LogOutputStream:75 - [STDERR_REDIRECT] WARNING: Couldn't flush system prefs: java.util.prefs.BackingStoreException: Couldn't get file lock.
2025-09-10 11:40:31,153 [ERROR] LogOutputStream:75 - [STDERR_REDIRECT] 
2025-09-10 11:41:01,153 [ERROR] LogOutputStream:75 - [STDERR_REDIRECT] Sep 10, 2025 11:41:01 AM java.util.prefs.FileSystemPreferences checkLockFile0ErrorCode
2025-09-10 11:41:01,154 [ERROR] LogOutputStream:75 - [STDERR_REDIRECT] WARNING: Could not lock System prefs. Unix error code 2.
2025-09-10 11:41:01,154 [ERROR] LogOutputStream:75 - [STDERR_REDIRECT] 
2025-09-10 11:41:01,154 [ERROR] LogOutputStream:75 - [STDERR_REDIRECT] Sep 10, 2025 11:41:01 AM java.util.prefs.FileSystemPreferences syncWorld
2025-09-10 11:41:01,155 [ERROR] LogOutputStream:75 - [STDERR_REDIRECT] WARNING: Couldn't flush system prefs: java.util.prefs.BackingStoreException: Couldn't get file lock.
2025-09-10 11:41:01,155 [ERROR] LogOutputStream:75 - [STDERR_REDIRECT] 
2025-09-10 11:41:31,153 [ERROR] LogOutputStream:75 - [STDERR_REDIRECT] Sep 10, 2025 11:41:31 AM java.util.prefs.FileSystemPreferences checkLockFile0ErrorCode
2025-09-10 11:41:31,154 [ERROR] LogOutputStream:75 - [STDERR_REDIRECT] WARNING: Could not lock System prefs. Unix error code 2.
2025-09-10 11:41:31,154 [ERROR] LogOutputStream:75 - [STDERR_REDIRECT] 
2025-09-10 11:41:31,154 [ERROR] LogOutputStream:75 - [STDERR_REDIRECT] Sep 10, 2025 11:41:31 AM java.util.prefs.FileSystemPreferences syncWorld
2025-09-10 11:41:31,155 [ERROR] LogOutputStream:75 - [STDERR_REDIRECT] WARNING: Couldn't flush system prefs: java.util.prefs.BackingStoreException: Couldn't get file lock.
2025-09-10 11:41:31,155 [ERROR] LogOutputStream:75 - [STDERR_REDIRECT] 
2025-09-10 11:42:01,153 [ERROR] LogOutputStream:75 - [STDERR_REDIRECT] Sep 10, 2025 11:42:01 AM java.util.prefs.FileSystemPreferences checkLockFile0ErrorCode
2025-09-10 11:42:01,154 [ERROR] LogOutputStream:75 - [STDERR_REDIRECT] WARNING: Could not lock System prefs. Unix error code 2.
2025-09-10 11:42:01,154 [ERROR] LogOutputStream:75 - [STDERR_REDIRECT] 
2025-09-10 11:42:01,155 [ERROR] LogOutputStream:75 - [STDERR_REDIRECT] Sep 10, 2025 11:42:01 AM java.util.prefs.FileSystemPreferences syncWorld
2025-09-10 11:42:01,155 [ERROR] LogOutputStream:75 - [STDERR_REDIRECT] WARNING: Couldn't flush system prefs: java.util.prefs.BackingStoreException: Couldn't get file lock.
2025-09-10 11:42:01,155 [ERROR] LogOutputStream:75 - [STDERR_REDIRECT] 
2025-09-10 11:42:31,154 [ERROR] LogOutputStream:75 - [STDERR_REDIRECT] Sep 10, 2025 11:42:31 AM java.util.prefs.FileSystemPreferences checkLockFile0ErrorCode
2025-09-10 11:42:31,155 [ERROR] LogOutputStream:75 - [STDERR_REDIRECT] WARNING: Could not lock System prefs. Unix error code 2.
2025-09-10 11:42:31,155 [ERROR] LogOutputStream:75 - [STDERR_REDIRECT] 
2025-09-10 11:42:31,155 [ERROR] LogOutputStream:75 - [STDERR_REDIRECT] Sep 10, 2025 11:42:31 AM java.util.prefs.FileSystemPreferences syncWorld
2025-09-10 11:42:31,155 [ERROR] LogOutputStream:75 - [STDERR_REDIRECT] WARNING: Couldn't flush system prefs: java.util.prefs.BackingStoreException: Couldn't get file lock.
2025-09-10 11:42:31,155 [ERROR] LogOutputStream:75 - [STDERR_REDIRECT] 
2025-09-10 11:43:01,154 [ERROR] LogOutputStream:75 - [STDERR_REDIRECT] Sep 10, 2025 11:43:01 AM java.util.prefs.FileSystemPreferences checkLockFile0ErrorCode
2025-09-10 11:43:01,155 [ERROR] LogOutputStream:75 - [STDERR_REDIRECT] WARNING: Could not lock System prefs. Unix error code 2.
2025-09-10 11:43:01,155 [ERROR] LogOutputStream:75 - [STDERR_REDIRECT] 
2025-09-10 11:43:01,155 [ERROR] LogOutputStream:75 - [STDERR_REDIRECT] Sep 10, 2025 11:43:01 AM java.util.prefs.FileSystemPreferences syncWorld
2025-09-10 11:43:01,156 [ERROR] LogOutputStream:75 - [STDERR_REDIRECT] WARNING: Couldn't flush system prefs: java.util.prefs.BackingStoreException: Couldn't get file lock.
2025-09-10 11:43:01,156 [ERROR] LogOutputStream:75 - [STDERR_REDIRECT] 
2025-09-10 11:43:31,153 [ERROR] LogOutputStream:75 - [STDERR_REDIRECT] Sep 10, 2025 11:43:31 AM java.util.prefs.FileSystemPreferences checkLockFile0ErrorCode
2025-09-10 11:43:31,154 [ERROR] LogOutputStream:75 - [STDERR_REDIRECT] WARNING: Could not lock System prefs. Unix error code 2.
2025-09-10 11:43:31,154 [ERROR] LogOutputStream:75 - [STDERR_REDIRECT] 
2025-09-10 11:43:31,155 [ERROR] LogOutputStream:75 - [STDERR_REDIRECT] Sep 10, 2025 11:43:31 AM java.util.prefs.FileSystemPreferences syncWorld
2025-09-10 11:43:31,155 [ERROR] LogOutputStream:75 - [STDERR_REDIRECT] WARNING: Couldn't flush system prefs: java.util.prefs.BackingStoreException: Couldn't get file lock.
2025-09-10 11:43:31,155 [ERROR] LogOutputStream:75 - [STDERR_REDIRECT] 
2025-09-10 11:44:01,153 [ERROR] LogOutputStream:75 - [STDERR_REDIRECT] Sep 10, 2025 11:44:01 AM java.util.prefs.FileSystemPreferences checkLockFile0ErrorCode
2025-09-10 11:44:01,154 [ERROR] LogOutputStream:75 - [STDERR_REDIRECT] WARNING: Could not lock System prefs. Unix error code 2.
2025-09-10 11:44:01,154 [ERROR] LogOutputStream:75 - [STDERR_REDIRECT] 
2025-09-10 11:44:01,154 [ERROR] LogOutputStream:75 - [STDERR_REDIRECT] Sep 10, 2025 11:44:01 AM java.util.prefs.FileSystemPreferences syncWorld
2025-09-10 11:44:01,155 [ERROR] LogOutputStream:75 - [STDERR_REDIRECT] WARNING: Couldn't flush system prefs: java.util.prefs.BackingStoreException: Couldn't get file lock.
2025-09-10 11:44:01,155 [ERROR] LogOutputStream:75 - [STDERR_REDIRECT] 
2025-09-10 11:44:31,153 [ERROR] LogOutputStream:75 - [STDERR_REDIRECT] Sep 10, 2025 11:44:31 AM java.util.prefs.FileSystemPreferences checkLockFile0ErrorCode
2025-09-10 11:44:31,154 [ERROR] LogOutputStream:75 - [STDERR_REDIRECT] WARNING: Could not lock System prefs. Unix error code 2.
2025-09-10 11:44:31,154 [ERROR] LogOutputStream:75 - [STDERR_REDIRECT] 
2025-09-10 11:44:31,154 [ERROR] LogOutputStream:75 - [STDERR_REDIRECT] Sep 10, 2025 11:44:31 AM java.util.prefs.FileSystemPreferences syncWorld
2025-09-10 11:44:31,155 [ERROR] LogOutputStream:75 - [STDERR_REDIRECT] WARNING: Couldn't flush system prefs: java.util.prefs.BackingStoreException: Couldn't get file lock.
2025-09-10 11:44:31,155 [ERROR] LogOutputStream:75 - [STDERR_REDIRECT] 
2025-09-10 11:45:01,153 [ERROR] LogOutputStream:75 - [STDERR_REDIRECT] Sep 10, 2025 11:45:01 AM java.util.prefs.FileSystemPreferences checkLockFile0ErrorCode
2025-09-10 11:45:01,154 [ERROR] LogOutputStream:75 - [STDERR_REDIRECT] WARNING: Could not lock System prefs. Unix error code 2.
2025-09-10 11:45:01,154 [ERROR] LogOutputStream:75 - [STDERR_REDIRECT] 
2025-09-10 11:45:01,154 [ERROR] LogOutputStream:75 - [STDERR_REDIRECT] Sep 10, 2025 11:45:01 AM java.util.prefs.FileSystemPreferences syncWorld
2025-09-10 11:45:01,155 [ERROR] LogOutputStream:75 - [STDERR_REDIRECT] WARNING: Couldn't flush system prefs: java.util.prefs.BackingStoreException: Couldn't get file lock.
2025-09-10 11:45:01,155 [ERROR] LogOutputStream:75 - [STDERR_REDIRECT] 
2025-09-10 11:45:31,154 [ERROR] LogOutputStream:75 - [STDERR_REDIRECT] Sep 10, 2025 11:45:31 AM java.util.prefs.FileSystemPreferences checkLockFile0ErrorCode
2025-09-10 11:45:31,154 [ERROR] LogOutputStream:75 - [STDERR_REDIRECT] WARNING: Could not lock System prefs. Unix error code 2.
2025-09-10 11:45:31,154 [ERROR] LogOutputStream:75 - [STDERR_REDIRECT] 
2025-09-10 11:45:31,155 [ERROR] LogOutputStream:75 - [STDERR_REDIRECT] Sep 10, 2025 11:45:31 AM java.util.prefs.FileSystemPreferences syncWorld
2025-09-10 11:45:31,155 [ERROR] LogOutputStream:75 - [STDERR_REDIRECT] WARNING: Couldn't flush system prefs: java.util.prefs.BackingStoreException: Couldn't get file lock.
2025-09-10 11:45:31,155 [ERROR] LogOutputStream:75 - [STDERR_REDIRECT] 
2025-09-10 11:46:01,153 [ERROR] LogOutputStream:75 - [STDERR_REDIRECT] Sep 10, 2025 11:46:01 AM java.util.prefs.FileSystemPreferences checkLockFile0ErrorCode
2025-09-10 11:46:01,154 [ERROR] LogOutputStream:75 - [STDERR_REDIRECT] WARNING: Could not lock System prefs. Unix error code 2.
2025-09-10 11:46:01,154 [ERROR] LogOutputStream:75 - [STDERR_REDIRECT] 
2025-09-10 11:46:01,154 [ERROR] LogOutputStream:75 - [STDERR_REDIRECT] Sep 10, 2025 11:46:01 AM java.util.prefs.FileSystemPreferences syncWorld
2025-09-10 11:46:01,155 [ERROR] LogOutputStream:75 - [STDERR_REDIRECT] WARNING: Couldn't flush system prefs: java.util.prefs.BackingStoreException: Couldn't get file lock.
2025-09-10 11:46:01,155 [ERROR] LogOutputStream:75 - [STDERR_REDIRECT] 
2025-09-10 11:46:31,154 [ERROR] LogOutputStream:75 - [STDERR_REDIRECT] Sep 10, 2025 11:46:31 AM java.util.prefs.FileSystemPreferences checkLockFile0ErrorCode
2025-09-10 11:46:31,155 [ERROR] LogOutputStream:75 - [STDERR_REDIRECT] WARNING: Could not lock System prefs. Unix error code 2.
2025-09-10 11:46:31,155 [ERROR] LogOutputStream:75 - [STDERR_REDIRECT] 
2025-09-10 11:46:31,155 [ERROR] LogOutputStream:75 - [STDERR_REDIRECT] Sep 10, 2025 11:46:31 AM java.util.prefs.FileSystemPreferences syncWorld
2025-09-10 11:46:31,156 [ERROR] LogOutputStream:75 - [STDERR_REDIRECT] WARNING: Couldn't flush system prefs: java.util.prefs.BackingStoreException: Couldn't get file lock.
2025-09-10 11:46:31,156 [ERROR] LogOutputStream:75 - [STDERR_REDIRECT] 
2025-09-10 11:47:01,153 [ERROR] LogOutputStream:75 - [STDERR_REDIRECT] Sep 10, 2025 11:47:01 AM java.util.prefs.FileSystemPreferences checkLockFile0ErrorCode
2025-09-10 11:47:01,153 [ERROR] LogOutputStream:75 - [STDERR_REDIRECT] WARNING: Could not lock System prefs. Unix error code 2.
2025-09-10 11:47:01,153 [ERROR] LogOutputStream:75 - [STDERR_REDIRECT] 
2025-09-10 11:47:01,153 [ERROR] LogOutputStream:75 - [STDERR_REDIRECT] Sep 10, 2025 11:47:01 AM java.util.prefs.FileSystemPreferences syncWorld
2025-09-10 11:47:01,154 [ERROR] LogOutputStream:75 - [STDERR_REDIRECT] WARNING: Couldn't flush system prefs: java.util.prefs.BackingStoreException: Couldn't get file lock.
2025-09-10 11:47:01,154 [ERROR] LogOutputStream:75 - [STDERR_REDIRECT] 
2025-09-10 11:47:31,153 [ERROR] LogOutputStream:75 - [STDERR_REDIRECT] Sep 10, 2025 11:47:31 AM java.util.prefs.FileSystemPreferences checkLockFile0ErrorCode
2025-09-10 11:47:31,154 [ERROR] LogOutputStream:75 - [STDERR_REDIRECT] WARNING: Could not lock System prefs. Unix error code 2.
2025-09-10 11:47:31,154 [ERROR] LogOutputStream:75 - [STDERR_REDIRECT] 
2025-09-10 11:47:31,155 [ERROR] LogOutputStream:75 - [STDERR_REDIRECT] Sep 10, 2025 11:47:31 AM java.util.prefs.FileSystemPreferences syncWorld
2025-09-10 11:47:31,155 [ERROR] LogOutputStream:75 - [STDERR_REDIRECT] WARNING: Couldn't flush system prefs: java.util.prefs.BackingStoreException: Couldn't get file lock.
2025-09-10 11:47:31,155 [ERROR] LogOutputStream:75 - [STDERR_REDIRECT] 
2025-09-10 11:48:01,153 [ERROR] LogOutputStream:75 - [STDERR_REDIRECT] Sep 10, 2025 11:48:01 AM java.util.prefs.FileSystemPreferences checkLockFile0ErrorCode
2025-09-10 11:48:01,154 [ERROR] LogOutputStream:75 - [STDERR_REDIRECT] WARNING: Could not lock System prefs. Unix error code 2.
2025-09-10 11:48:01,154 [ERROR] LogOutputStream:75 - [STDERR_REDIRECT] 
2025-09-10 11:48:01,154 [ERROR] LogOutputStream:75 - [STDERR_REDIRECT] Sep 10, 2025 11:48:01 AM java.util.prefs.FileSystemPreferences syncWorld
2025-09-10 11:48:01,155 [ERROR] LogOutputStream:75 - [STDERR_REDIRECT] WARNING: Couldn't flush system prefs: java.util.prefs.BackingStoreException: Couldn't get file lock.
2025-09-10 11:48:01,155 [ERROR] LogOutputStream:75 - [STDERR_REDIRECT] 
2025-09-10 11:48:31,153 [ERROR] LogOutputStream:75 - [STDERR_REDIRECT] Sep 10, 2025 11:48:31 AM java.util.prefs.FileSystemPreferences checkLockFile0ErrorCode
2025-09-10 11:48:31,154 [ERROR] LogOutputStream:75 - [STDERR_REDIRECT] WARNING: Could not lock System prefs. Unix error code 2.
2025-09-10 11:48:31,154 [ERROR] LogOutputStream:75 - [STDERR_REDIRECT] 
2025-09-10 11:48:31,154 [ERROR] LogOutputStream:75 - [STDERR_REDIRECT] Sep 10, 2025 11:48:31 AM java.util.prefs.FileSystemPreferences syncWorld
2025-09-10 11:48:31,155 [ERROR] LogOutputStream:75 - [STDERR_REDIRECT] WARNING: Couldn't flush system prefs: java.util.prefs.BackingStoreException: Couldn't get file lock.
2025-09-10 11:48:31,155 [ERROR] LogOutputStream:75 - [STDERR_REDIRECT] 
2025-09-10 11:49:01,153 [ERROR] LogOutputStream:75 - [STDERR_REDIRECT] Sep 10, 2025 11:49:01 AM java.util.prefs.FileSystemPreferences checkLockFile0ErrorCode
2025-09-10 11:49:01,154 [ERROR] LogOutputStream:75 - [STDERR_REDIRECT] WARNING: Could not lock System prefs. Unix error code 2.
2025-09-10 11:49:01,154 [ERROR] LogOutputStream:75 - [STDERR_REDIRECT] 
2025-09-10 11:49:01,154 [ERROR] LogOutputStream:75 - [STDERR_REDIRECT] Sep 10, 2025 11:49:01 AM java.util.prefs.FileSystemPreferences syncWorld
2025-09-10 11:49:01,155 [ERROR] LogOutputStream:75 - [STDERR_REDIRECT] WARNING: Couldn't flush system prefs: java.util.prefs.BackingStoreException: Couldn't get file lock.
2025-09-10 11:49:01,155 [ERROR] LogOutputStream:75 - [STDERR_REDIRECT] 
2025-09-10 11:49:31,153 [ERROR] LogOutputStream:75 - [STDERR_REDIRECT] Sep 10, 2025 11:49:31 AM java.util.prefs.FileSystemPreferences checkLockFile0ErrorCode
2025-09-10 11:49:31,154 [ERROR] LogOutputStream:75 - [STDERR_REDIRECT] WARNING: Could not lock System prefs. Unix error code 2.
2025-09-10 11:49:31,154 [ERROR] LogOutputStream:75 - [STDERR_REDIRECT] 
2025-09-10 11:49:31,155 [ERROR] LogOutputStream:75 - [STDERR_REDIRECT] Sep 10, 2025 11:49:31 AM java.util.prefs.FileSystemPreferences syncWorld
2025-09-10 11:49:31,155 [ERROR] LogOutputStream:75 - [STDERR_REDIRECT] WARNING: Couldn't flush system prefs: java.util.prefs.BackingStoreException: Couldn't get file lock.
2025-09-10 11:49:31,156 [ERROR] LogOutputStream:75 - [STDERR_REDIRECT] 
2025-09-10 11:50:01,153 [ERROR] LogOutputStream:75 - [STDERR_REDIRECT] Sep 10, 2025 11:50:01 AM java.util.prefs.FileSystemPreferences checkLockFile0ErrorCode
2025-09-10 11:50:01,153 [ERROR] LogOutputStream:75 - [STDERR_REDIRECT] WARNING: Could not lock System prefs. Unix error code 2.
2025-09-10 11:50:01,153 [ERROR] LogOutputStream:75 - [STDERR_REDIRECT] 
2025-09-10 11:50:01,154 [ERROR] LogOutputStream:75 - [STDERR_REDIRECT] Sep 10, 2025 11:50:01 AM java.util.prefs.FileSystemPreferences syncWorld
2025-09-10 11:50:01,154 [ERROR] LogOutputStream:75 - [STDERR_REDIRECT] WARNING: Couldn't flush system prefs: java.util.prefs.BackingStoreException: Couldn't get file lock.
2025-09-10 11:50:01,154 [ERROR] LogOutputStream:75 - [STDERR_REDIRECT] 
2025-09-10 11:50:31,154 [ERROR] LogOutputStream:75 - [STDERR_REDIRECT] Sep 10, 2025 11:50:31 AM java.util.prefs.FileSystemPreferences checkLockFile0ErrorCode
2025-09-10 11:50:31,155 [ERROR] LogOutputStream:75 - [STDERR_REDIRECT] WARNING: Could not lock System prefs. Unix error code 2.
2025-09-10 11:50:31,155 [ERROR] LogOutputStream:75 - [STDERR_REDIRECT] 
2025-09-10 11:50:31,155 [ERROR] LogOutputStream:75 - [STDERR_REDIRECT] Sep 10, 2025 11:50:31 AM java.util.prefs.FileSystemPreferences syncWorld
2025-09-10 11:50:31,156 [ERROR] LogOutputStream:75 - [STDERR_REDIRECT] WARNING: Couldn't flush system prefs: java.util.prefs.BackingStoreException: Couldn't get file lock.
2025-09-10 11:50:31,156 [ERROR] LogOutputStream:75 - [STDERR_REDIRECT] 
2025-09-10 11:51:01,154 [ERROR] LogOutputStream:75 - [STDERR_REDIRECT] Sep 10, 2025 11:51:01 AM java.util.prefs.FileSystemPreferences checkLockFile0ErrorCode
2025-09-10 11:51:01,155 [ERROR] LogOutputStream:75 - [STDERR_REDIRECT] WARNING: Could not lock System prefs. Unix error code 2.
2025-09-10 11:51:01,155 [ERROR] LogOutputStream:75 - [STDERR_REDIRECT] 
2025-09-10 11:51:01,156 [ERROR] LogOutputStream:75 - [STDERR_REDIRECT] Sep 10, 2025 11:51:01 AM java.util.prefs.FileSystemPreferences syncWorld
2025-09-10 11:51:01,156 [ERROR] LogOutputStream:75 - [STDERR_REDIRECT] WARNING: Couldn't flush system prefs: java.util.prefs.BackingStoreException: Couldn't get file lock.
2025-09-10 11:51:01,156 [ERROR] LogOutputStream:75 - [STDERR_REDIRECT] 
2025-09-10 11:51:31,155 [ERROR] LogOutputStream:75 - [STDERR_REDIRECT] Sep 10, 2025 11:51:31 AM java.util.prefs.FileSystemPreferences checkLockFile0ErrorCode
2025-09-10 11:51:31,155 [ERROR] LogOutputStream:75 - [STDERR_REDIRECT] WARNING: Could not lock System prefs. Unix error code 2.
2025-09-10 11:51:31,155 [ERROR] LogOutputStream:75 - [STDERR_REDIRECT] 
2025-09-10 11:51:31,156 [ERROR] LogOutputStream:75 - [STDERR_REDIRECT] Sep 10, 2025 11:51:31 AM java.util.prefs.FileSystemPreferences syncWorld
2025-09-10 11:51:31,156 [ERROR] LogOutputStream:75 - [STDERR_REDIRECT] WARNING: Couldn't flush system prefs: java.util.prefs.BackingStoreException: Couldn't get file lock.
2025-09-10 11:51:31,156 [ERROR] LogOutputStream:75 - [STDERR_REDIRECT] 
2025-09-10 11:52:01,155 [ERROR] LogOutputStream:75 - [STDERR_REDIRECT] Sep 10, 2025 11:52:01 AM java.util.prefs.FileSystemPreferences checkLockFile0ErrorCode
2025-09-10 11:52:01,155 [ERROR] LogOutputStream:75 - [STDERR_REDIRECT] WARNING: Could not lock System prefs. Unix error code 2.
2025-09-10 11:52:01,156 [ERROR] LogOutputStream:75 - [STDERR_REDIRECT] 
2025-09-10 11:52:01,156 [ERROR] LogOutputStream:75 - [STDERR_REDIRECT] Sep 10, 2025 11:52:01 AM java.util.prefs.FileSystemPreferences syncWorld
2025-09-10 11:52:01,157 [ERROR] LogOutputStream:75 - [STDERR_REDIRECT] WARNING: Couldn't flush system prefs: java.util.prefs.BackingStoreException: Couldn't get file lock.
2025-09-10 11:52:01,157 [ERROR] LogOutputStream:75 - [STDERR_REDIRECT] 
2025-09-10 11:52:31,154 [ERROR] LogOutputStream:75 - [STDERR_REDIRECT] Sep 10, 2025 11:52:31 AM java.util.prefs.FileSystemPreferences checkLockFile0ErrorCode
2025-09-10 11:52:31,155 [ERROR] LogOutputStream:75 - [STDERR_REDIRECT] WARNING: Could not lock System prefs. Unix error code 2.
2025-09-10 11:52:31,155 [ERROR] LogOutputStream:75 - [STDERR_REDIRECT] 
2025-09-10 11:52:31,155 [ERROR] LogOutputStream:75 - [STDERR_REDIRECT] Sep 10, 2025 11:52:31 AM java.util.prefs.FileSystemPreferences syncWorld
2025-09-10 11:52:31,156 [ERROR] LogOutputStream:75 - [STDERR_REDIRECT] WARNING: Couldn't flush system prefs: java.util.prefs.BackingStoreException: Couldn't get file lock.
2025-09-10 11:52:31,156 [ERROR] LogOutputStream:75 - [STDERR_REDIRECT] 
2025-09-10 11:53:01,155 [ERROR] LogOutputStream:75 - [STDERR_REDIRECT] Sep 10, 2025 11:53:01 AM java.util.prefs.FileSystemPreferences checkLockFile0ErrorCode
2025-09-10 11:53:01,155 [ERROR] LogOutputStream:75 - [STDERR_REDIRECT] WARNING: Could not lock System prefs. Unix error code 2.
2025-09-10 11:53:01,155 [ERROR] LogOutputStream:75 - [STDERR_REDIRECT] 
2025-09-10 11:53:01,156 [ERROR] LogOutputStream:75 - [STDERR_REDIRECT] Sep 10, 2025 11:53:01 AM java.util.prefs.FileSystemPreferences syncWorld
2025-09-10 11:53:01,156 [ERROR] LogOutputStream:75 - [STDERR_REDIRECT] WARNING: Couldn't flush system prefs: java.util.prefs.BackingStoreException: Couldn't get file lock.
2025-09-10 11:53:01,156 [ERROR] LogOutputStream:75 - [STDERR_REDIRECT] 
2025-09-10 11:53:31,154 [ERROR] LogOutputStream:75 - [STDERR_REDIRECT] Sep 10, 2025 11:53:31 AM java.util.prefs.FileSystemPreferences checkLockFile0ErrorCode
2025-09-10 11:53:31,155 [ERROR] LogOutputStream:75 - [STDERR_REDIRECT] WARNING: Could not lock System prefs. Unix error code 2.
2025-09-10 11:53:31,155 [ERROR] LogOutputStream:75 - [STDERR_REDIRECT] 
2025-09-10 11:53:31,156 [ERROR] LogOutputStream:75 - [STDERR_REDIRECT] Sep 10, 2025 11:53:31 AM java.util.prefs.FileSystemPreferences syncWorld
2025-09-10 11:53:31,156 [ERROR] LogOutputStream:75 - [STDERR_REDIRECT] WARNING: Couldn't flush system prefs: java.util.prefs.BackingStoreException: Couldn't get file lock.
2025-09-10 11:53:31,156 [ERROR] LogOutputStream:75 - [STDERR_REDIRECT] 
2025-09-10 11:54:01,154 [ERROR] LogOutputStream:75 - [STDERR_REDIRECT] Sep 10, 2025 11:54:01 AM java.util.prefs.FileSystemPreferences checkLockFile0ErrorCode
2025-09-10 11:54:01,154 [ERROR] LogOutputStream:75 - [STDERR_REDIRECT] WARNING: Could not lock System prefs. Unix error code 2.
2025-09-10 11:54:01,155 [ERROR] LogOutputStream:75 - [STDERR_REDIRECT] 
2025-09-10 11:54:01,155 [ERROR] LogOutputStream:75 - [STDERR_REDIRECT] Sep 10, 2025 11:54:01 AM java.util.prefs.FileSystemPreferences syncWorld
2025-09-10 11:54:01,156 [ERROR] LogOutputStream:75 - [STDERR_REDIRECT] WARNING: Couldn't flush system prefs: java.util.prefs.BackingStoreException: Couldn't get file lock.
2025-09-10 11:54:01,156 [ERROR] LogOutputStream:75 - [STDERR_REDIRECT] 
2025-09-10 11:54:31,154 [ERROR] LogOutputStream:75 - [STDERR_REDIRECT] Sep 10, 2025 11:54:31 AM java.util.prefs.FileSystemPreferences checkLockFile0ErrorCode
2025-09-10 11:54:31,155 [ERROR] LogOutputStream:75 - [STDERR_REDIRECT] WARNING: Could not lock System prefs. Unix error code 2.
2025-09-10 11:54:31,155 [ERROR] LogOutputStream:75 - [STDERR_REDIRECT] 
2025-09-10 11:54:31,156 [ERROR] LogOutputStream:75 - [STDERR_REDIRECT] Sep 10, 2025 11:54:31 AM java.util.prefs.FileSystemPreferences syncWorld
2025-09-10 11:54:31,156 [ERROR] LogOutputStream:75 - [STDERR_REDIRECT] WARNING: Couldn't flush system prefs: java.util.prefs.BackingStoreException: Couldn't get file lock.
2025-09-10 11:54:31,156 [ERROR] LogOutputStream:75 - [STDERR_REDIRECT] 
2025-09-10 11:55:01,155 [ERROR] LogOutputStream:75 - [STDERR_REDIRECT] Sep 10, 2025 11:55:01 AM java.util.prefs.FileSystemPreferences checkLockFile0ErrorCode
2025-09-10 11:55:01,155 [ERROR] LogOutputStream:75 - [STDERR_REDIRECT] WARNING: Could not lock System prefs. Unix error code 2.
2025-09-10 11:55:01,155 [ERROR] LogOutputStream:75 - [STDERR_REDIRECT] 
2025-09-10 11:55:01,156 [ERROR] LogOutputStream:75 - [STDERR_REDIRECT] Sep 10, 2025 11:55:01 AM java.util.prefs.FileSystemPreferences syncWorld
2025-09-10 11:55:01,156 [ERROR] LogOutputStream:75 - [STDERR_REDIRECT] WARNING: Couldn't flush system prefs: java.util.prefs.BackingStoreException: Couldn't get file lock.
2025-09-10 11:55:01,156 [ERROR] LogOutputStream:75 - [STDERR_REDIRECT] 
2025-09-10 11:55:31,155 [ERROR] LogOutputStream:75 - [STDERR_REDIRECT] Sep 10, 2025 11:55:31 AM java.util.prefs.FileSystemPreferences checkLockFile0ErrorCode
2025-09-10 11:55:31,156 [ERROR] LogOutputStream:75 - [STDERR_REDIRECT] WARNING: Could not lock System prefs. Unix error code 2.
2025-09-10 11:55:31,156 [ERROR] LogOutputStream:75 - [STDERR_REDIRECT] 
2025-09-10 11:55:31,156 [ERROR] LogOutputStream:75 - [STDERR_REDIRECT] Sep 10, 2025 11:55:31 AM java.util.prefs.FileSystemPreferences syncWorld
2025-09-10 11:55:31,157 [ERROR] LogOutputStream:75 - [STDERR_REDIRECT] WARNING: Couldn't flush system prefs: java.util.prefs.BackingStoreException: Couldn't get file lock.
2025-09-10 11:55:31,157 [ERROR] LogOutputStream:75 - [STDERR_REDIRECT] 
2025-09-10 11:56:01,154 [ERROR] LogOutputStream:75 - [STDERR_REDIRECT] Sep 10, 2025 11:56:01 AM java.util.prefs.FileSystemPreferences checkLockFile0ErrorCode
2025-09-10 11:56:01,155 [ERROR] LogOutputStream:75 - [STDERR_REDIRECT] WARNING: Could not lock System prefs. Unix error code 2.
2025-09-10 11:56:01,155 [ERROR] LogOutputStream:75 - [STDERR_REDIRECT] 
2025-09-10 11:56:01,155 [ERROR] LogOutputStream:75 - [STDERR_REDIRECT] Sep 10, 2025 11:56:01 AM java.util.prefs.FileSystemPreferences syncWorld
2025-09-10 11:56:01,156 [ERROR] LogOutputStream:75 - [STDERR_REDIRECT] WARNING: Couldn't flush system prefs: java.util.prefs.BackingStoreException: Couldn't get file lock.
2025-09-10 11:56:01,156 [ERROR] LogOutputStream:75 - [STDERR_REDIRECT] 
2025-09-10 11:56:31,155 [ERROR] LogOutputStream:75 - [STDERR_REDIRECT] Sep 10, 2025 11:56:31 AM java.util.prefs.FileSystemPreferences checkLockFile0ErrorCode
2025-09-10 11:56:31,156 [ERROR] LogOutputStream:75 - [STDERR_REDIRECT] WARNING: Could not lock System prefs. Unix error code 2.
2025-09-10 11:56:31,156 [ERROR] LogOutputStream:75 - [STDERR_REDIRECT] 
2025-09-10 11:56:31,156 [ERROR] LogOutputStream:75 - [STDERR_REDIRECT] Sep 10, 2025 11:56:31 AM java.util.prefs.FileSystemPreferences syncWorld
2025-09-10 11:56:31,157 [ERROR] LogOutputStream:75 - [STDERR_REDIRECT] WARNING: Couldn't flush system prefs: java.util.prefs.BackingStoreException: Couldn't get file lock.
2025-09-10 11:56:31,157 [ERROR] LogOutputStream:75 - [STDERR_REDIRECT] 
2025-09-10 11:57:01,154 [ERROR] LogOutputStream:75 - [STDERR_REDIRECT] Sep 10, 2025 11:57:01 AM java.util.prefs.FileSystemPreferences checkLockFile0ErrorCode
2025-09-10 11:57:01,155 [ERROR] LogOutputStream:75 - [STDERR_REDIRECT] WARNING: Could not lock System prefs. Unix error code 2.
2025-09-10 11:57:01,155 [ERROR] LogOutputStream:75 - [STDERR_REDIRECT] 
2025-09-10 11:57:01,155 [ERROR] LogOutputStream:75 - [STDERR_REDIRECT] Sep 10, 2025 11:57:01 AM java.util.prefs.FileSystemPreferences syncWorld
2025-09-10 11:57:01,156 [ERROR] LogOutputStream:75 - [STDERR_REDIRECT] WARNING: Couldn't flush system prefs: java.util.prefs.BackingStoreException: Couldn't get file lock.
2025-09-10 11:57:01,156 [ERROR] LogOutputStream:75 - [STDERR_REDIRECT] 
2025-09-10 11:57:31,154 [ERROR] LogOutputStream:75 - [STDERR_REDIRECT] Sep 10, 2025 11:57:31 AM java.util.prefs.FileSystemPreferences checkLockFile0ErrorCode
2025-09-10 11:57:31,155 [ERROR] LogOutputStream:75 - [STDERR_REDIRECT] WARNING: Could not lock System prefs. Unix error code 2.
2025-09-10 11:57:31,155 [ERROR] LogOutputStream:75 - [STDERR_REDIRECT] 
2025-09-10 11:57:31,155 [ERROR] LogOutputStream:75 - [STDERR_REDIRECT] Sep 10, 2025 11:57:31 AM java.util.prefs.FileSystemPreferences syncWorld
2025-09-10 11:57:31,156 [ERROR] LogOutputStream:75 - [STDERR_REDIRECT] WARNING: Couldn't flush system prefs: java.util.prefs.BackingStoreException: Couldn't get file lock.
2025-09-10 11:57:31,156 [ERROR] LogOutputStream:75 - [STDERR_REDIRECT] 
2025-09-10 11:58:01,154 [ERROR] LogOutputStream:75 - [STDERR_REDIRECT] Sep 10, 2025 11:58:01 AM java.util.prefs.FileSystemPreferences checkLockFile0ErrorCode
2025-09-10 11:58:01,155 [ERROR] LogOutputStream:75 - [STDERR_REDIRECT] WARNING: Could not lock System prefs. Unix error code 2.
2025-09-10 11:58:01,155 [ERROR] LogOutputStream:75 - [STDERR_REDIRECT] 
2025-09-10 11:58:01,155 [ERROR] LogOutputStream:75 - [STDERR_REDIRECT] Sep 10, 2025 11:58:01 AM java.util.prefs.FileSystemPreferences syncWorld
2025-09-10 11:58:01,156 [ERROR] LogOutputStream:75 - [STDERR_REDIRECT] WARNING: Couldn't flush system prefs: java.util.prefs.BackingStoreException: Couldn't get file lock.
2025-09-10 11:58:01,156 [ERROR] LogOutputStream:75 - [STDERR_REDIRECT] 
2025-09-10 11:58:31,155 [ERROR] LogOutputStream:75 - [STDERR_REDIRECT] Sep 10, 2025 11:58:31 AM java.util.prefs.FileSystemPreferences checkLockFile0ErrorCode
2025-09-10 11:58:31,156 [ERROR] LogOutputStream:75 - [STDERR_REDIRECT] WARNING: Could not lock System prefs. Unix error code 2.
2025-09-10 11:58:31,156 [ERROR] LogOutputStream:75 - [STDERR_REDIRECT] 
2025-09-10 11:58:31,157 [ERROR] LogOutputStream:75 - [STDERR_REDIRECT] Sep 10, 2025 11:58:31 AM java.util.prefs.FileSystemPreferences syncWorld
2025-09-10 11:58:31,158 [ERROR] LogOutputStream:75 - [STDERR_REDIRECT] WARNING: Couldn't flush system prefs: java.util.prefs.BackingStoreException: Couldn't get file lock.
2025-09-10 11:58:31,158 [ERROR] LogOutputStream:75 - [STDERR_REDIRECT] 
2025-09-10 11:59:01,154 [ERROR] LogOutputStream:75 - [STDERR_REDIRECT] Sep 10, 2025 11:59:01 AM java.util.prefs.FileSystemPreferences checkLockFile0ErrorCode
2025-09-10 11:59:01,154 [ERROR] LogOutputStream:75 - [STDERR_REDIRECT] WARNING: Could not lock System prefs. Unix error code 2.
2025-09-10 11:59:01,154 [ERROR] LogOutputStream:75 - [STDERR_REDIRECT] 
2025-09-10 11:59:01,155 [ERROR] LogOutputStream:75 - [STDERR_REDIRECT] Sep 10, 2025 11:59:01 AM java.util.prefs.FileSystemPreferences syncWorld
2025-09-10 11:59:01,155 [ERROR] LogOutputStream:75 - [STDERR_REDIRECT] WARNING: Couldn't flush system prefs: java.util.prefs.BackingStoreException: Couldn't get file lock.
2025-09-10 11:59:01,155 [ERROR] LogOutputStream:75 - [STDERR_REDIRECT] 
2025-09-10 11:59:31,155 [ERROR] LogOutputStream:75 - [STDERR_REDIRECT] Sep 10, 2025 11:59:31 AM java.util.prefs.FileSystemPreferences checkLockFile0ErrorCode
2025-09-10 11:59:31,155 [ERROR] LogOutputStream:75 - [STDERR_REDIRECT] WARNING: Could not lock System prefs. Unix error code 2.
2025-09-10 11:59:31,156 [ERROR] LogOutputStream:75 - [STDERR_REDIRECT] 
2025-09-10 11:59:31,156 [ERROR] LogOutputStream:75 - [STDERR_REDIRECT] Sep 10, 2025 11:59:31 AM java.util.prefs.FileSystemPreferences syncWorld
2025-09-10 11:59:31,157 [ERROR] LogOutputStream:75 - [STDERR_REDIRECT] WARNING: Couldn't flush system prefs: java.util.prefs.BackingStoreException: Couldn't get file lock.
2025-09-10 11:59:31,157 [ERROR] LogOutputStream:75 - [STDERR_REDIRECT] 
2025-09-10 12:00:01,155 [ERROR] LogOutputStream:75 - [STDERR_REDIRECT] Sep 10, 2025 12:00:01 PM java.util.prefs.FileSystemPreferences checkLockFile0ErrorCode
2025-09-10 12:00:01,156 [ERROR] LogOutputStream:75 - [STDERR_REDIRECT] WARNING: Could not lock System prefs. Unix error code 2.
2025-09-10 12:00:01,156 [ERROR] LogOutputStream:75 - [STDERR_REDIRECT] 
2025-09-10 12:00:01,156 [ERROR] LogOutputStream:75 - [STDERR_REDIRECT] Sep 10, 2025 12:00:01 PM java.util.prefs.FileSystemPreferences syncWorld
2025-09-10 12:00:01,157 [ERROR] LogOutputStream:75 - [STDERR_REDIRECT] WARNING: Couldn't flush system prefs: java.util.prefs.BackingStoreException: Couldn't get file lock.
2025-09-10 12:00:01,157 [ERROR] LogOutputStream:75 - [STDERR_REDIRECT] 
2025-09-10 12:00:31,155 [ERROR] LogOutputStream:75 - [STDERR_REDIRECT] Sep 10, 2025 12:00:31 PM java.util.prefs.FileSystemPreferences checkLockFile0ErrorCode
2025-09-10 12:00:31,156 [ERROR] LogOutputStream:75 - [STDERR_REDIRECT] WARNING: Could not lock System prefs. Unix error code 2.
2025-09-10 12:00:31,156 [ERROR] LogOutputStream:75 - [STDERR_REDIRECT] 
2025-09-10 12:00:31,156 [ERROR] LogOutputStream:75 - [STDERR_REDIRECT] Sep 10, 2025 12:00:31 PM java.util.prefs.FileSystemPreferences syncWorld
2025-09-10 12:00:31,157 [ERROR] LogOutputStream:75 - [STDERR_REDIRECT] WARNING: Couldn't flush system prefs: java.util.prefs.BackingStoreException: Couldn't get file lock.
2025-09-10 12:00:31,157 [ERROR] LogOutputStream:75 - [STDERR_REDIRECT] 
2025-09-10 12:01:01,155 [ERROR] LogOutputStream:75 - [STDERR_REDIRECT] Sep 10, 2025 12:01:01 PM java.util.prefs.FileSystemPreferences checkLockFile0ErrorCode
2025-09-10 12:01:01,156 [ERROR] LogOutputStream:75 - [STDERR_REDIRECT] WARNING: Could not lock System prefs. Unix error code 2.
2025-09-10 12:01:01,156 [ERROR] LogOutputStream:75 - [STDERR_REDIRECT] 
2025-09-10 12:01:01,157 [ERROR] LogOutputStream:75 - [STDERR_REDIRECT] Sep 10, 2025 12:01:01 PM java.util.prefs.FileSystemPreferences syncWorld
2025-09-10 12:01:01,157 [ERROR] LogOutputStream:75 - [STDERR_REDIRECT] WARNING: Couldn't flush system prefs: java.util.prefs.BackingStoreException: Couldn't get file lock.
2025-09-10 12:01:01,157 [ERROR] LogOutputStream:75 - [STDERR_REDIRECT] 
2025-09-10 12:01:31,155 [ERROR] LogOutputStream:75 - [STDERR_REDIRECT] Sep 10, 2025 12:01:31 PM java.util.prefs.FileSystemPreferences checkLockFile0ErrorCode
2025-09-10 12:01:31,156 [ERROR] LogOutputStream:75 - [STDERR_REDIRECT] WARNING: Could not lock System prefs. Unix error code 2.
2025-09-10 12:01:31,156 [ERROR] LogOutputStream:75 - [STDERR_REDIRECT] 
2025-09-10 12:01:31,156 [ERROR] LogOutputStream:75 - [STDERR_REDIRECT] Sep 10, 2025 12:01:31 PM java.util.prefs.FileSystemPreferences syncWorld
2025-09-10 12:01:31,157 [ERROR] LogOutputStream:75 - [STDERR_REDIRECT] WARNING: Couldn't flush system prefs: java.util.prefs.BackingStoreException: Couldn't get file lock.
2025-09-10 12:01:31,157 [ERROR] LogOutputStream:75 - [STDERR_REDIRECT] 
2025-09-10 12:02:01,156 [ERROR] LogOutputStream:75 - [STDERR_REDIRECT] Sep 10, 2025 12:02:01 PM java.util.prefs.FileSystemPreferences checkLockFile0ErrorCode
2025-09-10 12:02:01,157 [ERROR] LogOutputStream:75 - [STDERR_REDIRECT] WARNING: Could not lock System prefs. Unix error code 2.
2025-09-10 12:02:01,157 [ERROR] LogOutputStream:75 - [STDERR_REDIRECT] 
2025-09-10 12:02:01,157 [ERROR] LogOutputStream:75 - [STDERR_REDIRECT] Sep 10, 2025 12:02:01 PM java.util.prefs.FileSystemPreferences syncWorld
2025-09-10 12:02:01,158 [ERROR] LogOutputStream:75 - [STDERR_REDIRECT] WARNING: Couldn't flush system prefs: java.util.prefs.BackingStoreException: Couldn't get file lock.
2025-09-10 12:02:01,158 [ERROR] LogOutputStream:75 - [STDERR_REDIRECT] 
2025-09-10 12:02:31,156 [ERROR] LogOutputStream:75 - [STDERR_REDIRECT] Sep 10, 2025 12:02:31 PM java.util.prefs.FileSystemPreferences checkLockFile0ErrorCode
2025-09-10 12:02:31,156 [ERROR] LogOutputStream:75 - [STDERR_REDIRECT] WARNING: Could not lock System prefs. Unix error code 2.
2025-09-10 12:02:31,156 [ERROR] LogOutputStream:75 - [STDERR_REDIRECT] 
2025-09-10 12:02:31,157 [ERROR] LogOutputStream:75 - [STDERR_REDIRECT] Sep 10, 2025 12:02:31 PM java.util.prefs.FileSystemPreferences syncWorld
2025-09-10 12:02:31,158 [ERROR] LogOutputStream:75 - [STDERR_REDIRECT] WARNING: Couldn't flush system prefs: java.util.prefs.BackingStoreException: Couldn't get file lock.
2025-09-10 12:02:31,158 [ERROR] LogOutputStream:75 - [STDERR_REDIRECT] 
2025-09-10 12:03:01,155 [ERROR] LogOutputStream:75 - [STDERR_REDIRECT] Sep 10, 2025 12:03:01 PM java.util.prefs.FileSystemPreferences checkLockFile0ErrorCode
2025-09-10 12:03:01,155 [ERROR] LogOutputStream:75 - [STDERR_REDIRECT] WARNING: Could not lock System prefs. Unix error code 2.
2025-09-10 12:03:01,155 [ERROR] LogOutputStream:75 - [STDERR_REDIRECT] 
2025-09-10 12:03:01,156 [ERROR] LogOutputStream:75 - [STDERR_REDIRECT] Sep 10, 2025 12:03:01 PM java.util.prefs.FileSystemPreferences syncWorld
2025-09-10 12:03:01,156 [ERROR] LogOutputStream:75 - [STDERR_REDIRECT] WARNING: Couldn't flush system prefs: java.util.prefs.BackingStoreException: Couldn't get file lock.
2025-09-10 12:03:01,156 [ERROR] LogOutputStream:75 - [STDERR_REDIRECT] 
2025-09-10 12:03:31,156 [ERROR] LogOutputStream:75 - [STDERR_REDIRECT] Sep 10, 2025 12:03:31 PM java.util.prefs.FileSystemPreferences checkLockFile0ErrorCode
2025-09-10 12:03:31,156 [ERROR] LogOutputStream:75 - [STDERR_REDIRECT] WARNING: Could not lock System prefs. Unix error code 2.
2025-09-10 12:03:31,156 [ERROR] LogOutputStream:75 - [STDERR_REDIRECT] 
2025-09-10 12:03:31,157 [ERROR] LogOutputStream:75 - [STDERR_REDIRECT] Sep 10, 2025 12:03:31 PM java.util.prefs.FileSystemPreferences syncWorld
2025-09-10 12:03:31,157 [ERROR] LogOutputStream:75 - [STDERR_REDIRECT] WARNING: Couldn't flush system prefs: java.util.prefs.BackingStoreException: Couldn't get file lock.
2025-09-10 12:03:31,157 [ERROR] LogOutputStream:75 - [STDERR_REDIRECT] 
2025-09-10 12:04:01,155 [ERROR] LogOutputStream:75 - [STDERR_REDIRECT] Sep 10, 2025 12:04:01 PM java.util.prefs.FileSystemPreferences checkLockFile0ErrorCode
2025-09-10 12:04:01,156 [ERROR] LogOutputStream:75 - [STDERR_REDIRECT] WARNING: Could not lock System prefs. Unix error code 2.
2025-09-10 12:04:01,156 [ERROR] LogOutputStream:75 - [STDERR_REDIRECT] 
2025-09-10 12:04:01,156 [ERROR] LogOutputStream:75 - [STDERR_REDIRECT] Sep 10, 2025 12:04:01 PM java.util.prefs.FileSystemPreferences syncWorld
2025-09-10 12:04:01,157 [ERROR] LogOutputStream:75 - [STDERR_REDIRECT] WARNING: Couldn't flush system prefs: java.util.prefs.BackingStoreException: Couldn't get file lock.
2025-09-10 12:04:01,157 [ERROR] LogOutputStream:75 - [STDERR_REDIRECT] 
2025-09-10 12:04:31,155 [ERROR] LogOutputStream:75 - [STDERR_REDIRECT] Sep 10, 2025 12:04:31 PM java.util.prefs.FileSystemPreferences checkLockFile0ErrorCode
2025-09-10 12:04:31,156 [ERROR] LogOutputStream:75 - [STDERR_REDIRECT] WARNING: Could not lock System prefs. Unix error code 2.
2025-09-10 12:04:31,156 [ERROR] LogOutputStream:75 - [STDERR_REDIRECT] 
2025-09-10 12:04:31,157 [ERROR] LogOutputStream:75 - [STDERR_REDIRECT] Sep 10, 2025 12:04:31 PM java.util.prefs.FileSystemPreferences syncWorld
2025-09-10 12:04:31,157 [ERROR] LogOutputStream:75 - [STDERR_REDIRECT] WARNING: Couldn't flush system prefs: java.util.prefs.BackingStoreException: Couldn't get file lock.
2025-09-10 12:04:31,157 [ERROR] LogOutputStream:75 - [STDERR_REDIRECT] 
2025-09-10 12:05:01,156 [ERROR] LogOutputStream:75 - [STDERR_REDIRECT] Sep 10, 2025 12:05:01 PM java.util.prefs.FileSystemPreferences checkLockFile0ErrorCode
2025-09-10 12:05:01,156 [ERROR] LogOutputStream:75 - [STDERR_REDIRECT] WARNING: Could not lock System prefs. Unix error code 2.
2025-09-10 12:05:01,156 [ERROR] LogOutputStream:75 - [STDERR_REDIRECT] 
2025-09-10 12:05:01,157 [ERROR] LogOutputStream:75 - [STDERR_REDIRECT] Sep 10, 2025 12:05:01 PM java.util.prefs.FileSystemPreferences syncWorld
2025-09-10 12:05:01,157 [ERROR] LogOutputStream:75 - [STDERR_REDIRECT] WARNING: Couldn't flush system prefs: java.util.prefs.BackingStoreException: Couldn't get file lock.
2025-09-10 12:05:01,157 [ERROR] LogOutputStream:75 - [STDERR_REDIRECT] 
2025-09-10 12:05:31,156 [ERROR] LogOutputStream:75 - [STDERR_REDIRECT] Sep 10, 2025 12:05:31 PM java.util.prefs.FileSystemPreferences checkLockFile0ErrorCode
2025-09-10 12:05:31,156 [ERROR] LogOutputStream:75 - [STDERR_REDIRECT] WARNING: Could not lock System prefs. Unix error code 2.
2025-09-10 12:05:31,157 [ERROR] LogOutputStream:75 - [STDERR_REDIRECT] 
2025-09-10 12:05:31,157 [ERROR] LogOutputStream:75 - [STDERR_REDIRECT] Sep 10, 2025 12:05:31 PM java.util.prefs.FileSystemPreferences syncWorld
2025-09-10 12:05:31,158 [ERROR] LogOutputStream:75 - [STDERR_REDIRECT] WARNING: Couldn't flush system prefs: java.util.prefs.BackingStoreException: Couldn't get file lock.
2025-09-10 12:05:31,158 [ERROR] LogOutputStream:75 - [STDERR_REDIRECT] 
2025-09-10 12:06:01,155 [ERROR] LogOutputStream:75 - [STDERR_REDIRECT] Sep 10, 2025 12:06:01 PM java.util.prefs.FileSystemPreferences checkLockFile0ErrorCode
2025-09-10 12:06:01,156 [ERROR] LogOutputStream:75 - [STDERR_REDIRECT] WARNING: Could not lock System prefs. Unix error code 2.
2025-09-10 12:06:01,156 [ERROR] LogOutputStream:75 - [STDERR_REDIRECT] 
2025-09-10 12:06:01,157 [ERROR] LogOutputStream:75 - [STDERR_REDIRECT] Sep 10, 2025 12:06:01 PM java.util.prefs.FileSystemPreferences syncWorld
2025-09-10 12:06:01,157 [ERROR] LogOutputStream:75 - [STDERR_REDIRECT] WARNING: Couldn't flush system prefs: java.util.prefs.BackingStoreException: Couldn't get file lock.
2025-09-10 12:06:01,157 [ERROR] LogOutputStream:75 - [STDERR_REDIRECT] 
2025-09-10 12:14:08,277 [INFO] WebApp:194 - Connection lost
2025-09-10 12:14:15,141 [ERROR] LogOutputStream:75 - [STDERR_REDIRECT] Sep 10, 2025 12:14:15 PM java.util.prefs.FileSystemPreferences checkLockFile0ErrorCode
2025-09-10 12:14:15,141 [ERROR] LogOutputStream:75 - [STDERR_REDIRECT] WARNING: Could not lock System prefs. Unix error code 2.
2025-09-10 12:14:15,141 [ERROR] LogOutputStream:75 - [STDERR_REDIRECT] 
2025-09-10 12:14:15,141 [ERROR] LogOutputStream:75 - [STDERR_REDIRECT] Sep 10, 2025 12:14:15 PM java.util.prefs.FileSystemPreferences syncWorld
2025-09-10 12:14:15,142 [ERROR] LogOutputStream:75 - [STDERR_REDIRECT] WARNING: Couldn't flush system prefs: java.util.prefs.BackingStoreException: Couldn't get file lock.
2025-09-10 12:14:15,142 [ERROR] LogOutputStream:75 - [STDERR_REDIRECT] 
2025-09-10 12:14:19,580 [INFO] WebApp:191 - Connection restablished
2025-09-10 12:14:45,140 [ERROR] LogOutputStream:75 - [STDERR_REDIRECT] Sep 10, 2025 12:14:45 PM java.util.prefs.FileSystemPreferences checkLockFile0ErrorCode
2025-09-10 12:14:45,141 [ERROR] LogOutputStream:75 - [STDERR_REDIRECT] WARNING: Could not lock System prefs. Unix error code 2.
2025-09-10 12:14:45,141 [ERROR] LogOutputStream:75 - [STDERR_REDIRECT] 
2025-09-10 12:14:45,141 [ERROR] LogOutputStream:75 - [STDERR_REDIRECT] Sep 10, 2025 12:14:45 PM java.util.prefs.FileSystemPreferences syncWorld
2025-09-10 12:14:45,142 [ERROR] LogOutputStream:75 - [STDERR_REDIRECT] WARNING: Couldn't flush system prefs: java.util.prefs.BackingStoreException: Couldn't get file lock.
2025-09-10 12:14:45,142 [ERROR] LogOutputStream:75 - [STDERR_REDIRECT] 
2025-09-10 12:15:15,140 [ERROR] LogOutputStream:75 - [STDERR_REDIRECT] Sep 10, 2025 12:15:15 PM java.util.prefs.FileSystemPreferences checkLockFile0ErrorCode
2025-09-10 12:15:15,140 [ERROR] LogOutputStream:75 - [STDERR_REDIRECT] WARNING: Could not lock System prefs. Unix error code 2.
2025-09-10 12:15:15,140 [ERROR] LogOutputStream:75 - [STDERR_REDIRECT] 
2025-09-10 12:15:15,141 [ERROR] LogOutputStream:75 - [STDERR_REDIRECT] Sep 10, 2025 12:15:15 PM java.util.prefs.FileSystemPreferences syncWorld
2025-09-10 12:15:15,141 [ERROR] LogOutputStream:75 - [STDERR_REDIRECT] WARNING: Couldn't flush system prefs: java.util.prefs.BackingStoreException: Couldn't get file lock.
2025-09-10 12:15:15,141 [ERROR] LogOutputStream:75 - [STDERR_REDIRECT] 
2025-09-10 12:15:45,140 [ERROR] LogOutputStream:75 - [STDERR_REDIRECT] Sep 10, 2025 12:15:45 PM java.util.prefs.FileSystemPreferences checkLockFile0ErrorCode
2025-09-10 12:15:45,141 [ERROR] LogOutputStream:75 - [STDERR_REDIRECT] WARNING: Could not lock System prefs. Unix error code 2.
2025-09-10 12:15:45,141 [ERROR] LogOutputStream:75 - [STDERR_REDIRECT] 
2025-09-10 12:15:45,141 [ERROR] LogOutputStream:75 - [STDERR_REDIRECT] Sep 10, 2025 12:15:45 PM java.util.prefs.FileSystemPreferences syncWorld
2025-09-10 12:15:45,142 [ERROR] LogOutputStream:75 - [STDERR_REDIRECT] WARNING: Couldn't flush system prefs: java.util.prefs.BackingStoreException: Couldn't get file lock.
2025-09-10 12:15:45,142 [ERROR] LogOutputStream:75 - [STDERR_REDIRECT] 
2025-09-10 12:16:15,141 [ERROR] LogOutputStream:75 - [STDERR_REDIRECT] Sep 10, 2025 12:16:15 PM java.util.prefs.FileSystemPreferences checkLockFile0ErrorCode
2025-09-10 12:16:15,142 [ERROR] LogOutputStream:75 - [STDERR_REDIRECT] WARNING: Could not lock System prefs. Unix error code 2.
2025-09-10 12:16:15,142 [ERROR] LogOutputStream:75 - [STDERR_REDIRECT] 
2025-09-10 12:16:15,142 [ERROR] LogOutputStream:75 - [STDERR_REDIRECT] Sep 10, 2025 12:16:15 PM java.util.prefs.FileSystemPreferences syncWorld
2025-09-10 12:16:15,143 [ERROR] LogOutputStream:75 - [STDERR_REDIRECT] WARNING: Couldn't flush system prefs: java.util.prefs.BackingStoreException: Couldn't get file lock.
2025-09-10 12:16:15,143 [ERROR] LogOutputStream:75 - [STDERR_REDIRECT] 
2025-09-10 12:16:45,141 [ERROR] LogOutputStream:75 - [STDERR_REDIRECT] Sep 10, 2025 12:16:45 PM java.util.prefs.FileSystemPreferences checkLockFile0ErrorCode
2025-09-10 12:16:45,142 [ERROR] LogOutputStream:75 - [STDERR_REDIRECT] WARNING: Could not lock System prefs. Unix error code 2.
2025-09-10 12:16:45,142 [ERROR] LogOutputStream:75 - [STDERR_REDIRECT] 
2025-09-10 12:16:45,142 [ERROR] LogOutputStream:75 - [STDERR_REDIRECT] Sep 10, 2025 12:16:45 PM java.util.prefs.FileSystemPreferences syncWorld
2025-09-10 12:16:45,143 [ERROR] LogOutputStream:75 - [STDERR_REDIRECT] WARNING: Couldn't flush system prefs: java.util.prefs.BackingStoreException: Couldn't get file lock.
2025-09-10 12:16:45,143 [ERROR] LogOutputStream:75 - [STDERR_REDIRECT] 
2025-09-10 12:17:15,141 [ERROR] LogOutputStream:75 - [STDERR_REDIRECT] Sep 10, 2025 12:17:15 PM java.util.prefs.FileSystemPreferences checkLockFile0ErrorCode
2025-09-10 12:17:15,142 [ERROR] LogOutputStream:75 - [STDERR_REDIRECT] WARNING: Could not lock System prefs. Unix error code 2.
2025-09-10 12:17:15,142 [ERROR] LogOutputStream:75 - [STDERR_REDIRECT] 
2025-09-10 12:17:15,142 [ERROR] LogOutputStream:75 - [STDERR_REDIRECT] Sep 10, 2025 12:17:15 PM java.util.prefs.FileSystemPreferences syncWorld
2025-09-10 12:17:15,143 [ERROR] LogOutputStream:75 - [STDERR_REDIRECT] WARNING: Couldn't flush system prefs: java.util.prefs.BackingStoreException: Couldn't get file lock.
2025-09-10 12:17:15,143 [ERROR] LogOutputStream:75 - [STDERR_REDIRECT] 
2025-09-10 12:17:45,142 [ERROR] LogOutputStream:75 - [STDERR_REDIRECT] Sep 10, 2025 12:17:45 PM java.util.prefs.FileSystemPreferences checkLockFile0ErrorCode
2025-09-10 12:17:45,142 [ERROR] LogOutputStream:75 - [STDERR_REDIRECT] WARNING: Could not lock System prefs. Unix error code 2.
2025-09-10 12:17:45,142 [ERROR] LogOutputStream:75 - [STDERR_REDIRECT] 
2025-09-10 12:17:45,143 [ERROR] LogOutputStream:75 - [STDERR_REDIRECT] Sep 10, 2025 12:17:45 PM java.util.prefs.FileSystemPreferences syncWorld
2025-09-10 12:17:45,143 [ERROR] LogOutputStream:75 - [STDERR_REDIRECT] WARNING: Couldn't flush system prefs: java.util.prefs.BackingStoreException: Couldn't get file lock.
2025-09-10 12:17:45,143 [ERROR] LogOutputStream:75 - [STDERR_REDIRECT] 
2025-09-10 12:18:15,142 [ERROR] LogOutputStream:75 - [STDERR_REDIRECT] Sep 10, 2025 12:18:15 PM java.util.prefs.FileSystemPreferences checkLockFile0ErrorCode
2025-09-10 12:18:15,142 [ERROR] LogOutputStream:75 - [STDERR_REDIRECT] WARNING: Could not lock System prefs. Unix error code 2.
2025-09-10 12:18:15,142 [ERROR] LogOutputStream:75 - [STDERR_REDIRECT] 
2025-09-10 12:18:15,143 [ERROR] LogOutputStream:75 - [STDERR_REDIRECT] Sep 10, 2025 12:18:15 PM java.util.prefs.FileSystemPreferences syncWorld
2025-09-10 12:18:15,143 [ERROR] LogOutputStream:75 - [STDERR_REDIRECT] WARNING: Couldn't flush system prefs: java.util.prefs.BackingStoreException: Couldn't get file lock.
2025-09-10 12:18:15,143 [ERROR] LogOutputStream:75 - [STDERR_REDIRECT] 
2025-09-10 12:18:45,142 [ERROR] LogOutputStream:75 - [STDERR_REDIRECT] Sep 10, 2025 12:18:45 PM java.util.prefs.FileSystemPreferences checkLockFile0ErrorCode
2025-09-10 12:18:45,142 [ERROR] LogOutputStream:75 - [STDERR_REDIRECT] WARNING: Could not lock System prefs. Unix error code 2.
2025-09-10 12:18:45,142 [ERROR] LogOutputStream:75 - [STDERR_REDIRECT] 
2025-09-10 12:18:45,143 [ERROR] LogOutputStream:75 - [STDERR_REDIRECT] Sep 10, 2025 12:18:45 PM java.util.prefs.FileSystemPreferences syncWorld
2025-09-10 12:18:45,143 [ERROR] LogOutputStream:75 - [STDERR_REDIRECT] WARNING: Couldn't flush system prefs: java.util.prefs.BackingStoreException: Couldn't get file lock.
2025-09-10 12:18:45,143 [ERROR] LogOutputStream:75 - [STDERR_REDIRECT] 
2025-09-10 12:19:15,141 [ERROR] LogOutputStream:75 - [STDERR_REDIRECT] Sep 10, 2025 12:19:15 PM java.util.prefs.FileSystemPreferences checkLockFile0ErrorCode
2025-09-10 12:19:15,142 [ERROR] LogOutputStream:75 - [STDERR_REDIRECT] WARNING: Could not lock System prefs. Unix error code 2.
2025-09-10 12:19:15,142 [ERROR] LogOutputStream:75 - [STDERR_REDIRECT] 
2025-09-10 12:19:15,143 [ERROR] LogOutputStream:75 - [STDERR_REDIRECT] Sep 10, 2025 12:19:15 PM java.util.prefs.FileSystemPreferences syncWorld
2025-09-10 12:19:15,143 [ERROR] LogOutputStream:75 - [STDERR_REDIRECT] WARNING: Couldn't flush system prefs: java.util.prefs.BackingStoreException: Couldn't get file lock.
2025-09-10 12:19:15,143 [ERROR] LogOutputStream:75 - [STDERR_REDIRECT] 
2025-09-10 12:19:45,143 [ERROR] LogOutputStream:75 - [STDERR_REDIRECT] Sep 10, 2025 12:19:45 PM java.util.prefs.FileSystemPreferences checkLockFile0ErrorCode
2025-09-10 12:19:45,144 [ERROR] LogOutputStream:75 - [STDERR_REDIRECT] WARNING: Could not lock System prefs. Unix error code 2.
2025-09-10 12:19:45,144 [ERROR] LogOutputStream:75 - [STDERR_REDIRECT] 
2025-09-10 12:19:45,144 [ERROR] LogOutputStream:75 - [STDERR_REDIRECT] Sep 10, 2025 12:19:45 PM java.util.prefs.FileSystemPreferences syncWorld
2025-09-10 12:19:45,145 [ERROR] LogOutputStream:75 - [STDERR_REDIRECT] WARNING: Couldn't flush system prefs: java.util.prefs.BackingStoreException: Couldn't get file lock.
2025-09-10 12:19:45,145 [ERROR] LogOutputStream:75 - [STDERR_REDIRECT] 
2025-09-10 12:20:15,142 [ERROR] LogOutputStream:75 - [STDERR_REDIRECT] Sep 10, 2025 12:20:15 PM java.util.prefs.FileSystemPreferences checkLockFile0ErrorCode
2025-09-10 12:20:15,142 [ERROR] LogOutputStream:75 - [STDERR_REDIRECT] WARNING: Could not lock System prefs. Unix error code 2.
2025-09-10 12:20:15,142 [ERROR] LogOutputStream:75 - [STDERR_REDIRECT] 
2025-09-10 12:20:15,143 [ERROR] LogOutputStream:75 - [STDERR_REDIRECT] Sep 10, 2025 12:20:15 PM java.util.prefs.FileSystemPreferences syncWorld
2025-09-10 12:20:15,143 [ERROR] LogOutputStream:75 - [STDERR_REDIRECT] WARNING: Couldn't flush system prefs: java.util.prefs.BackingStoreException: Couldn't get file lock.
2025-09-10 12:20:15,143 [ERROR] LogOutputStream:75 - [STDERR_REDIRECT] 
2025-09-10 12:20:45,143 [ERROR] LogOutputStream:75 - [STDERR_REDIRECT] Sep 10, 2025 12:20:45 PM java.util.prefs.FileSystemPreferences checkLockFile0ErrorCode
2025-09-10 12:20:45,143 [ERROR] LogOutputStream:75 - [STDERR_REDIRECT] WARNING: Could not lock System prefs. Unix error code 2.
2025-09-10 12:20:45,143 [ERROR] LogOutputStream:75 - [STDERR_REDIRECT] 
2025-09-10 12:20:45,144 [ERROR] LogOutputStream:75 - [STDERR_REDIRECT] Sep 10, 2025 12:20:45 PM java.util.prefs.FileSystemPreferences syncWorld
2025-09-10 12:20:45,145 [ERROR] LogOutputStream:75 - [STDERR_REDIRECT] WARNING: Couldn't flush system prefs: java.util.prefs.BackingStoreException: Couldn't get file lock.
2025-09-10 12:20:45,145 [ERROR] LogOutputStream:75 - [STDERR_REDIRECT] 
2025-09-10 12:21:15,142 [ERROR] LogOutputStream:75 - [STDERR_REDIRECT] Sep 10, 2025 12:21:15 PM java.util.prefs.FileSystemPreferences checkLockFile0ErrorCode
2025-09-10 12:21:15,142 [ERROR] LogOutputStream:75 - [STDERR_REDIRECT] WARNING: Could not lock System prefs. Unix error code 2.
2025-09-10 12:21:15,142 [ERROR] LogOutputStream:75 - [STDERR_REDIRECT] 
2025-09-10 12:21:15,143 [ERROR] LogOutputStream:75 - [STDERR_REDIRECT] Sep 10, 2025 12:21:15 PM java.util.prefs.FileSystemPreferences syncWorld
2025-09-10 12:21:15,143 [ERROR] LogOutputStream:75 - [STDERR_REDIRECT] WARNING: Couldn't flush system prefs: java.util.prefs.BackingStoreException: Couldn't get file lock.
2025-09-10 12:21:15,143 [ERROR] LogOutputStream:75 - [STDERR_REDIRECT] 
2025-09-10 12:21:45,143 [ERROR] LogOutputStream:75 - [STDERR_REDIRECT] Sep 10, 2025 12:21:45 PM java.util.prefs.FileSystemPreferences checkLockFile0ErrorCode
2025-09-10 12:21:45,143 [ERROR] LogOutputStream:75 - [STDERR_REDIRECT] WARNING: Could not lock System prefs. Unix error code 2.
2025-09-10 12:21:45,143 [ERROR] LogOutputStream:75 - [STDERR_REDIRECT] 
2025-09-10 12:21:45,144 [ERROR] LogOutputStream:75 - [STDERR_REDIRECT] Sep 10, 2025 12:21:45 PM java.util.prefs.FileSystemPreferences syncWorld
2025-09-10 12:21:45,144 [ERROR] LogOutputStream:75 - [STDERR_REDIRECT] WARNING: Couldn't flush system prefs: java.util.prefs.BackingStoreException: Couldn't get file lock.
2025-09-10 12:21:45,144 [ERROR] LogOutputStream:75 - [STDERR_REDIRECT] 
2025-09-10 12:22:15,143 [ERROR] LogOutputStream:75 - [STDERR_REDIRECT] Sep 10, 2025 12:22:15 PM java.util.prefs.FileSystemPreferences checkLockFile0ErrorCode
2025-09-10 12:22:15,143 [ERROR] LogOutputStream:75 - [STDERR_REDIRECT] WARNING: Could not lock System prefs. Unix error code 2.
2025-09-10 12:22:15,143 [ERROR] LogOutputStream:75 - [STDERR_REDIRECT] 
2025-09-10 12:22:15,144 [ERROR] LogOutputStream:75 - [STDERR_REDIRECT] Sep 10, 2025 12:22:15 PM java.util.prefs.FileSystemPreferences syncWorld
2025-09-10 12:22:15,144 [ERROR] LogOutputStream:75 - [STDERR_REDIRECT] WARNING: Couldn't flush system prefs: java.util.prefs.BackingStoreException: Couldn't get file lock.
2025-09-10 12:22:15,144 [ERROR] LogOutputStream:75 - [STDERR_REDIRECT] 
2025-09-10 12:22:45,144 [ERROR] LogOutputStream:75 - [STDERR_REDIRECT] Sep 10, 2025 12:22:45 PM java.util.prefs.FileSystemPreferences checkLockFile0ErrorCode
2025-09-10 12:22:45,144 [ERROR] LogOutputStream:75 - [STDERR_REDIRECT] WARNING: Could not lock System prefs. Unix error code 2.
2025-09-10 12:22:45,145 [ERROR] LogOutputStream:75 - [STDERR_REDIRECT] 
2025-09-10 12:22:45,145 [ERROR] LogOutputStream:75 - [STDERR_REDIRECT] Sep 10, 2025 12:22:45 PM java.util.prefs.FileSystemPreferences syncWorld
2025-09-10 12:22:45,146 [ERROR] LogOutputStream:75 - [STDERR_REDIRECT] WARNING: Couldn't flush system prefs: java.util.prefs.BackingStoreException: Couldn't get file lock.
2025-09-10 12:22:45,146 [ERROR] LogOutputStream:75 - [STDERR_REDIRECT] 
2025-09-10 12:23:15,144 [ERROR] LogOutputStream:75 - [STDERR_REDIRECT] Sep 10, 2025 12:23:15 PM java.util.prefs.FileSystemPreferences checkLockFile0ErrorCode
2025-09-10 12:23:15,144 [ERROR] LogOutputStream:75 - [STDERR_REDIRECT] WARNING: Could not lock System prefs. Unix error code 2.
2025-09-10 12:23:15,145 [ERROR] LogOutputStream:75 - [STDERR_REDIRECT] 
2025-09-10 12:23:15,145 [ERROR] LogOutputStream:75 - [STDERR_REDIRECT] Sep 10, 2025 12:23:15 PM java.util.prefs.FileSystemPreferences syncWorld
2025-09-10 12:23:15,146 [ERROR] LogOutputStream:75 - [STDERR_REDIRECT] WARNING: Couldn't flush system prefs: java.util.prefs.BackingStoreException: Couldn't get file lock.
2025-09-10 12:23:15,146 [ERROR] LogOutputStream:75 - [STDERR_REDIRECT] 
2025-09-10 12:23:45,144 [ERROR] LogOutputStream:75 - [STDERR_REDIRECT] Sep 10, 2025 12:23:45 PM java.util.prefs.FileSystemPreferences checkLockFile0ErrorCode
2025-09-10 12:23:45,144 [ERROR] LogOutputStream:75 - [STDERR_REDIRECT] WARNING: Could not lock System prefs. Unix error code 2.
2025-09-10 12:23:45,144 [ERROR] LogOutputStream:75 - [STDERR_REDIRECT] 
2025-09-10 12:23:45,145 [ERROR] LogOutputStream:75 - [STDERR_REDIRECT] Sep 10, 2025 12:23:45 PM java.util.prefs.FileSystemPreferences syncWorld
2025-09-10 12:23:45,145 [ERROR] LogOutputStream:75 - [STDERR_REDIRECT] WARNING: Couldn't flush system prefs: java.util.prefs.BackingStoreException: Couldn't get file lock.
2025-09-10 12:23:45,145 [ERROR] LogOutputStream:75 - [STDERR_REDIRECT] 
2025-09-10 12:24:15,144 [ERROR] LogOutputStream:75 - [STDERR_REDIRECT] Sep 10, 2025 12:24:15 PM java.util.prefs.FileSystemPreferences checkLockFile0ErrorCode
2025-09-10 12:24:15,144 [ERROR] LogOutputStream:75 - [STDERR_REDIRECT] WARNING: Could not lock System prefs. Unix error code 2.
2025-09-10 12:24:15,144 [ERROR] LogOutputStream:75 - [STDERR_REDIRECT] 
2025-09-10 12:24:15,145 [ERROR] LogOutputStream:75 - [STDERR_REDIRECT] Sep 10, 2025 12:24:15 PM java.util.prefs.FileSystemPreferences syncWorld
2025-09-10 12:24:15,145 [ERROR] LogOutputStream:75 - [STDERR_REDIRECT] WARNING: Couldn't flush system prefs: java.util.prefs.BackingStoreException: Couldn't get file lock.
2025-09-10 12:24:15,145 [ERROR] LogOutputStream:75 - [STDERR_REDIRECT] 
2025-09-10 12:24:45,144 [ERROR] LogOutputStream:75 - [STDERR_REDIRECT] Sep 10, 2025 12:24:45 PM java.util.prefs.FileSystemPreferences checkLockFile0ErrorCode
2025-09-10 12:24:45,145 [ERROR] LogOutputStream:75 - [STDERR_REDIRECT] WARNING: Could not lock System prefs. Unix error code 2.
2025-09-10 12:24:45,145 [ERROR] LogOutputStream:75 - [STDERR_REDIRECT] 
2025-09-10 12:24:45,145 [ERROR] LogOutputStream:75 - [STDERR_REDIRECT] Sep 10, 2025 12:24:45 PM java.util.prefs.FileSystemPreferences syncWorld
2025-09-10 12:24:45,146 [ERROR] LogOutputStream:75 - [STDERR_REDIRECT] WARNING: Couldn't flush system prefs: java.util.prefs.BackingStoreException: Couldn't get file lock.
2025-09-10 12:24:45,146 [ERROR] LogOutputStream:75 - [STDERR_REDIRECT] 
2025-09-10 12:25:15,145 [ERROR] LogOutputStream:75 - [STDERR_REDIRECT] Sep 10, 2025 12:25:15 PM java.util.prefs.FileSystemPreferences checkLockFile0ErrorCode
2025-09-10 12:25:15,145 [ERROR] LogOutputStream:75 - [STDERR_REDIRECT] WARNING: Could not lock System prefs. Unix error code 2.
2025-09-10 12:25:15,145 [ERROR] LogOutputStream:75 - [STDERR_REDIRECT] 
2025-09-10 12:25:15,146 [ERROR] LogOutputStream:75 - [STDERR_REDIRECT] Sep 10, 2025 12:25:15 PM java.util.prefs.FileSystemPreferences syncWorld
2025-09-10 12:25:15,146 [ERROR] LogOutputStream:75 - [STDERR_REDIRECT] WARNING: Couldn't flush system prefs: java.util.prefs.BackingStoreException: Couldn't get file lock.
2025-09-10 12:25:15,146 [ERROR] LogOutputStream:75 - [STDERR_REDIRECT] 
2025-09-10 12:25:45,145 [ERROR] LogOutputStream:75 - [STDERR_REDIRECT] Sep 10, 2025 12:25:45 PM java.util.prefs.FileSystemPreferences checkLockFile0ErrorCode
2025-09-10 12:25:45,145 [ERROR] LogOutputStream:75 - [STDERR_REDIRECT] WARNING: Could not lock System prefs. Unix error code 2.
2025-09-10 12:25:45,145 [ERROR] LogOutputStream:75 - [STDERR_REDIRECT] 
2025-09-10 12:25:45,146 [ERROR] LogOutputStream:75 - [STDERR_REDIRECT] Sep 10, 2025 12:25:45 PM java.util.prefs.FileSystemPreferences syncWorld
2025-09-10 12:25:45,146 [ERROR] LogOutputStream:75 - [STDERR_REDIRECT] WARNING: Couldn't flush system prefs: java.util.prefs.BackingStoreException: Couldn't get file lock.
2025-09-10 12:25:45,146 [ERROR] LogOutputStream:75 - [STDERR_REDIRECT] 
2025-09-10 12:26:15,145 [ERROR] LogOutputStream:75 - [STDERR_REDIRECT] Sep 10, 2025 12:26:15 PM java.util.prefs.FileSystemPreferences checkLockFile0ErrorCode
2025-09-10 12:26:15,146 [ERROR] LogOutputStream:75 - [STDERR_REDIRECT] WARNING: Could not lock System prefs. Unix error code 2.
2025-09-10 12:26:15,146 [ERROR] LogOutputStream:75 - [STDERR_REDIRECT] 
2025-09-10 12:26:15,147 [ERROR] LogOutputStream:75 - [STDERR_REDIRECT] Sep 10, 2025 12:26:15 PM java.util.prefs.FileSystemPreferences syncWorld
2025-09-10 12:26:15,147 [ERROR] LogOutputStream:75 - [STDERR_REDIRECT] WARNING: Couldn't flush system prefs: java.util.prefs.BackingStoreException: Couldn't get file lock.
2025-09-10 12:26:15,147 [ERROR] LogOutputStream:75 - [STDERR_REDIRECT] 
2025-09-10 12:26:45,146 [ERROR] LogOutputStream:75 - [STDERR_REDIRECT] Sep 10, 2025 12:26:45 PM java.util.prefs.FileSystemPreferences checkLockFile0ErrorCode
2025-09-10 12:26:45,147 [ERROR] LogOutputStream:75 - [STDERR_REDIRECT] WARNING: Could not lock System prefs. Unix error code 2.
2025-09-10 12:26:45,147 [ERROR] LogOutputStream:75 - [STDERR_REDIRECT] 
2025-09-10 12:26:45,147 [ERROR] LogOutputStream:75 - [STDERR_REDIRECT] Sep 10, 2025 12:26:45 PM java.util.prefs.FileSystemPreferences syncWorld
2025-09-10 12:26:45,148 [ERROR] LogOutputStream:75 - [STDERR_REDIRECT] WARNING: Couldn't flush system prefs: java.util.prefs.BackingStoreException: Couldn't get file lock.
2025-09-10 12:26:45,148 [ERROR] LogOutputStream:75 - [STDERR_REDIRECT] 
2025-09-10 12:27:15,145 [ERROR] LogOutputStream:75 - [STDERR_REDIRECT] Sep 10, 2025 12:27:15 PM java.util.prefs.FileSystemPreferences checkLockFile0ErrorCode
2025-09-10 12:27:15,145 [ERROR] LogOutputStream:75 - [STDERR_REDIRECT] WARNING: Could not lock System prefs. Unix error code 2.
2025-09-10 12:27:15,145 [ERROR] LogOutputStream:75 - [STDERR_REDIRECT] 
2025-09-10 12:27:15,146 [ERROR] LogOutputStream:75 - [STDERR_REDIRECT] Sep 10, 2025 12:27:15 PM java.util.prefs.FileSystemPreferences syncWorld
2025-09-10 12:27:15,147 [ERROR] LogOutputStream:75 - [STDERR_REDIRECT] WARNING: Couldn't flush system prefs: java.util.prefs.BackingStoreException: Couldn't get file lock.
2025-09-10 12:27:15,147 [ERROR] LogOutputStream:75 - [STDERR_REDIRECT] 
2025-09-10 12:27:45,146 [ERROR] LogOutputStream:75 - [STDERR_REDIRECT] Sep 10, 2025 12:27:45 PM java.util.prefs.FileSystemPreferences checkLockFile0ErrorCode
2025-09-10 12:27:45,146 [ERROR] LogOutputStream:75 - [STDERR_REDIRECT] WARNING: Could not lock System prefs. Unix error code 2.
2025-09-10 12:27:45,146 [ERROR] LogOutputStream:75 - [STDERR_REDIRECT] 
2025-09-10 12:27:45,147 [ERROR] LogOutputStream:75 - [STDERR_REDIRECT] Sep 10, 2025 12:27:45 PM java.util.prefs.FileSystemPreferences syncWorld
2025-09-10 12:27:45,147 [ERROR] LogOutputStream:75 - [STDERR_REDIRECT] WARNING: Couldn't flush system prefs: java.util.prefs.BackingStoreException: Couldn't get file lock.
2025-09-10 12:27:45,147 [ERROR] LogOutputStream:75 - [STDERR_REDIRECT] 
2025-09-10 12:28:15,146 [ERROR] LogOutputStream:75 - [STDERR_REDIRECT] Sep 10, 2025 12:28:15 PM java.util.prefs.FileSystemPreferences checkLockFile0ErrorCode
2025-09-10 12:28:15,146 [ERROR] LogOutputStream:75 - [STDERR_REDIRECT] WARNING: Could not lock System prefs. Unix error code 2.
2025-09-10 12:28:15,147 [ERROR] LogOutputStream:75 - [STDERR_REDIRECT] 
2025-09-10 12:28:15,147 [ERROR] LogOutputStream:75 - [STDERR_REDIRECT] Sep 10, 2025 12:28:15 PM java.util.prefs.FileSystemPreferences syncWorld
2025-09-10 12:28:15,148 [ERROR] LogOutputStream:75 - [STDERR_REDIRECT] WARNING: Couldn't flush system prefs: java.util.prefs.BackingStoreException: Couldn't get file lock.
2025-09-10 12:28:15,148 [ERROR] LogOutputStream:75 - [STDERR_REDIRECT] 
2025-09-10 12:28:45,146 [ERROR] LogOutputStream:75 - [STDERR_REDIRECT] Sep 10, 2025 12:28:45 PM java.util.prefs.FileSystemPreferences checkLockFile0ErrorCode
2025-09-10 12:28:45,146 [ERROR] LogOutputStream:75 - [STDERR_REDIRECT] WARNING: Could not lock System prefs. Unix error code 2.
2025-09-10 12:28:45,146 [ERROR] LogOutputStream:75 - [STDERR_REDIRECT] 
2025-09-10 12:28:45,147 [ERROR] LogOutputStream:75 - [STDERR_REDIRECT] Sep 10, 2025 12:28:45 PM java.util.prefs.FileSystemPreferences syncWorld
2025-09-10 12:28:45,147 [ERROR] LogOutputStream:75 - [STDERR_REDIRECT] WARNING: Couldn't flush system prefs: java.util.prefs.BackingStoreException: Couldn't get file lock.
2025-09-10 12:28:45,147 [ERROR] LogOutputStream:75 - [STDERR_REDIRECT] 
2025-09-10 12:29:15,145 [ERROR] LogOutputStream:75 - [STDERR_REDIRECT] Sep 10, 2025 12:29:15 PM java.util.prefs.FileSystemPreferences checkLockFile0ErrorCode
2025-09-10 12:29:15,146 [ERROR] LogOutputStream:75 - [STDERR_REDIRECT] WARNING: Could not lock System prefs. Unix error code 2.
2025-09-10 12:29:15,146 [ERROR] LogOutputStream:75 - [STDERR_REDIRECT] 
2025-09-10 12:29:15,146 [ERROR] LogOutputStream:75 - [STDERR_REDIRECT] Sep 10, 2025 12:29:15 PM java.util.prefs.FileSystemPreferences syncWorld
2025-09-10 12:29:15,147 [ERROR] LogOutputStream:75 - [STDERR_REDIRECT] WARNING: Couldn't flush system prefs: java.util.prefs.BackingStoreException: Couldn't get file lock.
2025-09-10 12:29:15,147 [ERROR] LogOutputStream:75 - [STDERR_REDIRECT] 
2025-09-10 12:29:45,146 [ERROR] LogOutputStream:75 - [STDERR_REDIRECT] Sep 10, 2025 12:29:45 PM java.util.prefs.FileSystemPreferences checkLockFile0ErrorCode
2025-09-10 12:29:45,147 [ERROR] LogOutputStream:75 - [STDERR_REDIRECT] WARNING: Could not lock System prefs. Unix error code 2.
2025-09-10 12:29:45,147 [ERROR] LogOutputStream:75 - [STDERR_REDIRECT] 
2025-09-10 12:29:45,148 [ERROR] LogOutputStream:75 - [STDERR_REDIRECT] Sep 10, 2025 12:29:45 PM java.util.prefs.FileSystemPreferences syncWorld
2025-09-10 12:29:45,148 [ERROR] LogOutputStream:75 - [STDERR_REDIRECT] WARNING: Couldn't flush system prefs: java.util.prefs.BackingStoreException: Couldn't get file lock.
2025-09-10 12:29:45,148 [ERROR] LogOutputStream:75 - [STDERR_REDIRECT] 
2025-09-10 12:30:15,146 [ERROR] LogOutputStream:75 - [STDERR_REDIRECT] Sep 10, 2025 12:30:15 PM java.util.prefs.FileSystemPreferences checkLockFile0ErrorCode
2025-09-10 12:30:15,146 [ERROR] LogOutputStream:75 - [STDERR_REDIRECT] WARNING: Could not lock System prefs. Unix error code 2.
2025-09-10 12:30:15,146 [ERROR] LogOutputStream:75 - [STDERR_REDIRECT] 
2025-09-10 12:30:15,147 [ERROR] LogOutputStream:75 - [STDERR_REDIRECT] Sep 10, 2025 12:30:15 PM java.util.prefs.FileSystemPreferences syncWorld
2025-09-10 12:30:15,148 [ERROR] LogOutputStream:75 - [STDERR_REDIRECT] WARNING: Couldn't flush system prefs: java.util.prefs.BackingStoreException: Couldn't get file lock.
2025-09-10 12:30:15,148 [ERROR] LogOutputStream:75 - [STDERR_REDIRECT] 
2025-09-10 12:30:45,146 [ERROR] LogOutputStream:75 - [STDERR_REDIRECT] Sep 10, 2025 12:30:45 PM java.util.prefs.FileSystemPreferences checkLockFile0ErrorCode
2025-09-10 12:30:45,146 [ERROR] LogOutputStream:75 - [STDERR_REDIRECT] WARNING: Could not lock System prefs. Unix error code 2.
2025-09-10 12:30:45,146 [ERROR] LogOutputStream:75 - [STDERR_REDIRECT] 
2025-09-10 12:30:45,147 [ERROR] LogOutputStream:75 - [STDERR_REDIRECT] Sep 10, 2025 12:30:45 PM java.util.prefs.FileSystemPreferences syncWorld
2025-09-10 12:30:45,147 [ERROR] LogOutputStream:75 - [STDERR_REDIRECT] WARNING: Couldn't flush system prefs: java.util.prefs.BackingStoreException: Couldn't get file lock.
2025-09-10 12:30:45,147 [ERROR] LogOutputStream:75 - [STDERR_REDIRECT] 
2025-09-10 12:31:15,146 [ERROR] LogOutputStream:75 - [STDERR_REDIRECT] Sep 10, 2025 12:31:15 PM java.util.prefs.FileSystemPreferences checkLockFile0ErrorCode
2025-09-10 12:31:15,147 [ERROR] LogOutputStream:75 - [STDERR_REDIRECT] WARNING: Could not lock System prefs. Unix error code 2.
2025-09-10 12:31:15,147 [ERROR] LogOutputStream:75 - [STDERR_REDIRECT] 
2025-09-10 12:31:15,148 [ERROR] LogOutputStream:75 - [STDERR_REDIRECT] Sep 10, 2025 12:31:15 PM java.util.prefs.FileSystemPreferences syncWorld
2025-09-10 12:31:15,148 [ERROR] LogOutputStream:75 - [STDERR_REDIRECT] WARNING: Couldn't flush system prefs: java.util.prefs.BackingStoreException: Couldn't get file lock.
2025-09-10 12:31:15,148 [ERROR] LogOutputStream:75 - [STDERR_REDIRECT] 
2025-09-10 12:31:45,147 [ERROR] LogOutputStream:75 - [STDERR_REDIRECT] Sep 10, 2025 12:31:45 PM java.util.prefs.FileSystemPreferences checkLockFile0ErrorCode
2025-09-10 12:31:45,147 [ERROR] LogOutputStream:75 - [STDERR_REDIRECT] WARNING: Could not lock System prefs. Unix error code 2.
2025-09-10 12:31:45,147 [ERROR] LogOutputStream:75 - [STDERR_REDIRECT] 
2025-09-10 12:31:45,147 [ERROR] LogOutputStream:75 - [STDERR_REDIRECT] Sep 10, 2025 12:31:45 PM java.util.prefs.FileSystemPreferences syncWorld
2025-09-10 12:31:45,148 [ERROR] LogOutputStream:75 - [STDERR_REDIRECT] WARNING: Couldn't flush system prefs: java.util.prefs.BackingStoreException: Couldn't get file lock.
2025-09-10 12:31:45,148 [ERROR] LogOutputStream:75 - [STDERR_REDIRECT] 
2025-09-10 12:32:15,146 [ERROR] LogOutputStream:75 - [STDERR_REDIRECT] Sep 10, 2025 12:32:15 PM java.util.prefs.FileSystemPreferences checkLockFile0ErrorCode
2025-09-10 12:32:15,147 [ERROR] LogOutputStream:75 - [STDERR_REDIRECT] WARNING: Could not lock System prefs. Unix error code 2.
2025-09-10 12:32:15,147 [ERROR] LogOutputStream:75 - [STDERR_REDIRECT] 
2025-09-10 12:32:15,147 [ERROR] LogOutputStream:75 - [STDERR_REDIRECT] Sep 10, 2025 12:32:15 PM java.util.prefs.FileSystemPreferences syncWorld
2025-09-10 12:32:15,148 [ERROR] LogOutputStream:75 - [STDERR_REDIRECT] WARNING: Couldn't flush system prefs: java.util.prefs.BackingStoreException: Couldn't get file lock.
2025-09-10 12:32:15,148 [ERROR] LogOutputStream:75 - [STDERR_REDIRECT] 
2025-09-10 12:32:45,146 [ERROR] LogOutputStream:75 - [STDERR_REDIRECT] Sep 10, 2025 12:32:45 PM java.util.prefs.FileSystemPreferences checkLockFile0ErrorCode
2025-09-10 12:32:45,147 [ERROR] LogOutputStream:75 - [STDERR_REDIRECT] WARNING: Could not lock System prefs. Unix error code 2.
2025-09-10 12:32:45,147 [ERROR] LogOutputStream:75 - [STDERR_REDIRECT] 
2025-09-10 12:32:45,147 [ERROR] LogOutputStream:75 - [STDERR_REDIRECT] Sep 10, 2025 12:32:45 PM java.util.prefs.FileSystemPreferences syncWorld
2025-09-10 12:32:45,148 [ERROR] LogOutputStream:75 - [STDERR_REDIRECT] WARNING: Couldn't flush system prefs: java.util.prefs.BackingStoreException: Couldn't get file lock.
2025-09-10 12:32:45,148 [ERROR] LogOutputStream:75 - [STDERR_REDIRECT] 
2025-09-10 12:33:15,147 [ERROR] LogOutputStream:75 - [STDERR_REDIRECT] Sep 10, 2025 12:33:15 PM java.util.prefs.FileSystemPreferences checkLockFile0ErrorCode
2025-09-10 12:33:15,148 [ERROR] LogOutputStream:75 - [STDERR_REDIRECT] WARNING: Could not lock System prefs. Unix error code 2.
2025-09-10 12:33:15,148 [ERROR] LogOutputStream:75 - [STDERR_REDIRECT] 
2025-09-10 12:33:15,148 [ERROR] LogOutputStream:75 - [STDERR_REDIRECT] Sep 10, 2025 12:33:15 PM java.util.prefs.FileSystemPreferences syncWorld
2025-09-10 12:33:15,149 [ERROR] LogOutputStream:75 - [STDERR_REDIRECT] WARNING: Couldn't flush system prefs: java.util.prefs.BackingStoreException: Couldn't get file lock.
2025-09-10 12:33:15,149 [ERROR] LogOutputStream:75 - [STDERR_REDIRECT] 
2025-09-10 12:33:45,146 [ERROR] LogOutputStream:75 - [STDERR_REDIRECT] Sep 10, 2025 12:33:45 PM java.util.prefs.FileSystemPreferences checkLockFile0ErrorCode
2025-09-10 12:33:45,146 [ERROR] LogOutputStream:75 - [STDERR_REDIRECT] WARNING: Could not lock System prefs. Unix error code 2.
2025-09-10 12:33:45,146 [ERROR] LogOutputStream:75 - [STDERR_REDIRECT] 
2025-09-10 12:33:45,147 [ERROR] LogOutputStream:75 - [STDERR_REDIRECT] Sep 10, 2025 12:33:45 PM java.util.prefs.FileSystemPreferences syncWorld
2025-09-10 12:33:45,148 [ERROR] LogOutputStream:75 - [STDERR_REDIRECT] WARNING: Couldn't flush system prefs: java.util.prefs.BackingStoreException: Couldn't get file lock.
2025-09-10 12:33:45,148 [ERROR] LogOutputStream:75 - [STDERR_REDIRECT] 
2025-09-10 12:34:15,147 [ERROR] LogOutputStream:75 - [STDERR_REDIRECT] Sep 10, 2025 12:34:15 PM java.util.prefs.FileSystemPreferences checkLockFile0ErrorCode
2025-09-10 12:34:15,148 [ERROR] LogOutputStream:75 - [STDERR_REDIRECT] WARNING: Could not lock System prefs. Unix error code 2.
2025-09-10 12:34:15,148 [ERROR] LogOutputStream:75 - [STDERR_REDIRECT] 
2025-09-10 12:34:15,148 [ERROR] LogOutputStream:75 - [STDERR_REDIRECT] Sep 10, 2025 12:34:15 PM java.util.prefs.FileSystemPreferences syncWorld
2025-09-10 12:34:15,149 [ERROR] LogOutputStream:75 - [STDERR_REDIRECT] WARNING: Couldn't flush system prefs: java.util.prefs.BackingStoreException: Couldn't get file lock.
2025-09-10 12:34:15,149 [ERROR] LogOutputStream:75 - [STDERR_REDIRECT] 
2025-09-10 12:34:45,146 [ERROR] LogOutputStream:75 - [STDERR_REDIRECT] Sep 10, 2025 12:34:45 PM java.util.prefs.FileSystemPreferences checkLockFile0ErrorCode
2025-09-10 12:34:45,147 [ERROR] LogOutputStream:75 - [STDERR_REDIRECT] WARNING: Could not lock System prefs. Unix error code 2.
2025-09-10 12:34:45,147 [ERROR] LogOutputStream:75 - [STDERR_REDIRECT] 
2025-09-10 12:34:45,147 [ERROR] LogOutputStream:75 - [STDERR_REDIRECT] Sep 10, 2025 12:34:45 PM java.util.prefs.FileSystemPreferences syncWorld
2025-09-10 12:34:45,148 [ERROR] LogOutputStream:75 - [STDERR_REDIRECT] WARNING: Couldn't flush system prefs: java.util.prefs.BackingStoreException: Couldn't get file lock.
2025-09-10 12:34:45,148 [ERROR] LogOutputStream:75 - [STDERR_REDIRECT] 
2025-09-10 12:35:15,146 [ERROR] LogOutputStream:75 - [STDERR_REDIRECT] Sep 10, 2025 12:35:15 PM java.util.prefs.FileSystemPreferences checkLockFile0ErrorCode
2025-09-10 12:35:15,147 [ERROR] LogOutputStream:75 - [STDERR_REDIRECT] WARNING: Could not lock System prefs. Unix error code 2.
2025-09-10 12:35:15,147 [ERROR] LogOutputStream:75 - [STDERR_REDIRECT] 
2025-09-10 12:35:15,147 [ERROR] LogOutputStream:75 - [STDERR_REDIRECT] Sep 10, 2025 12:35:15 PM java.util.prefs.FileSystemPreferences syncWorld
2025-09-10 12:35:15,148 [ERROR] LogOutputStream:75 - [STDERR_REDIRECT] WARNING: Couldn't flush system prefs: java.util.prefs.BackingStoreException: Couldn't get file lock.
2025-09-10 12:35:15,148 [ERROR] LogOutputStream:75 - [STDERR_REDIRECT] 
2025-09-10 12:35:45,147 [ERROR] LogOutputStream:75 - [STDERR_REDIRECT] Sep 10, 2025 12:35:45 PM java.util.prefs.FileSystemPreferences checkLockFile0ErrorCode
2025-09-10 12:35:45,147 [ERROR] LogOutputStream:75 - [STDERR_REDIRECT] WARNING: Could not lock System prefs. Unix error code 2.
2025-09-10 12:35:45,147 [ERROR] LogOutputStream:75 - [STDERR_REDIRECT] 
2025-09-10 12:35:45,148 [ERROR] LogOutputStream:75 - [STDERR_REDIRECT] Sep 10, 2025 12:35:45 PM java.util.prefs.FileSystemPreferences syncWorld
2025-09-10 12:35:45,148 [ERROR] LogOutputStream:75 - [STDERR_REDIRECT] WARNING: Couldn't flush system prefs: java.util.prefs.BackingStoreException: Couldn't get file lock.
2025-09-10 12:35:45,148 [ERROR] LogOutputStream:75 - [STDERR_REDIRECT] 
2025-09-10 12:36:15,147 [ERROR] LogOutputStream:75 - [STDERR_REDIRECT] Sep 10, 2025 12:36:15 PM java.util.prefs.FileSystemPreferences checkLockFile0ErrorCode
2025-09-10 12:36:15,147 [ERROR] LogOutputStream:75 - [STDERR_REDIRECT] WARNING: Could not lock System prefs. Unix error code 2.
2025-09-10 12:36:15,147 [ERROR] LogOutputStream:75 - [STDERR_REDIRECT] 
2025-09-10 12:36:15,148 [ERROR] LogOutputStream:75 - [STDERR_REDIRECT] Sep 10, 2025 12:36:15 PM java.util.prefs.FileSystemPreferences syncWorld
2025-09-10 12:36:15,149 [ERROR] LogOutputStream:75 - [STDERR_REDIRECT] WARNING: Couldn't flush system prefs: java.util.prefs.BackingStoreException: Couldn't get file lock.
2025-09-10 12:36:15,149 [ERROR] LogOutputStream:75 - [STDERR_REDIRECT] 
2025-09-10 12:36:45,146 [ERROR] LogOutputStream:75 - [STDERR_REDIRECT] Sep 10, 2025 12:36:45 PM java.util.prefs.FileSystemPreferences checkLockFile0ErrorCode
2025-09-10 12:36:45,146 [ERROR] LogOutputStream:75 - [STDERR_REDIRECT] WARNING: Could not lock System prefs. Unix error code 2.
2025-09-10 12:36:45,146 [ERROR] LogOutputStream:75 - [STDERR_REDIRECT] 
2025-09-10 12:36:45,147 [ERROR] LogOutputStream:75 - [STDERR_REDIRECT] Sep 10, 2025 12:36:45 PM java.util.prefs.FileSystemPreferences syncWorld
2025-09-10 12:36:45,147 [ERROR] LogOutputStream:75 - [STDERR_REDIRECT] WARNING: Couldn't flush system prefs: java.util.prefs.BackingStoreException: Couldn't get file lock.
2025-09-10 12:36:45,147 [ERROR] LogOutputStream:75 - [STDERR_REDIRECT] 
2025-09-10 12:37:15,147 [ERROR] LogOutputStream:75 - [STDERR_REDIRECT] Sep 10, 2025 12:37:15 PM java.util.prefs.FileSystemPreferences checkLockFile0ErrorCode
2025-09-10 12:37:15,148 [ERROR] LogOutputStream:75 - [STDERR_REDIRECT] WARNING: Could not lock System prefs. Unix error code 2.
2025-09-10 12:37:15,148 [ERROR] LogOutputStream:75 - [STDERR_REDIRECT] 
2025-09-10 12:37:15,148 [ERROR] LogOutputStream:75 - [STDERR_REDIRECT] Sep 10, 2025 12:37:15 PM java.util.prefs.FileSystemPreferences syncWorld
2025-09-10 12:37:15,149 [ERROR] LogOutputStream:75 - [STDERR_REDIRECT] WARNING: Couldn't flush system prefs: java.util.prefs.BackingStoreException: Couldn't get file lock.
2025-09-10 12:37:15,149 [ERROR] LogOutputStream:75 - [STDERR_REDIRECT] 
2025-09-10 12:37:45,146 [ERROR] LogOutputStream:75 - [STDERR_REDIRECT] Sep 10, 2025 12:37:45 PM java.util.prefs.FileSystemPreferences checkLockFile0ErrorCode
2025-09-10 12:37:45,146 [ERROR] LogOutputStream:75 - [STDERR_REDIRECT] WARNING: Could not lock System prefs. Unix error code 2.
2025-09-10 12:37:45,146 [ERROR] LogOutputStream:75 - [STDERR_REDIRECT] 
2025-09-10 12:37:45,147 [ERROR] LogOutputStream:75 - [STDERR_REDIRECT] Sep 10, 2025 12:37:45 PM java.util.prefs.FileSystemPreferences syncWorld
2025-09-10 12:37:45,147 [ERROR] LogOutputStream:75 - [STDERR_REDIRECT] WARNING: Couldn't flush system prefs: java.util.prefs.BackingStoreException: Couldn't get file lock.
2025-09-10 12:37:45,147 [ERROR] LogOutputStream:75 - [STDERR_REDIRECT] 
2025-09-10 12:38:15,146 [ERROR] LogOutputStream:75 - [STDERR_REDIRECT] Sep 10, 2025 12:38:15 PM java.util.prefs.FileSystemPreferences checkLockFile0ErrorCode
2025-09-10 12:38:15,147 [ERROR] LogOutputStream:75 - [STDERR_REDIRECT] WARNING: Could not lock System prefs. Unix error code 2.
2025-09-10 12:38:15,147 [ERROR] LogOutputStream:75 - [STDERR_REDIRECT] 
2025-09-10 12:38:15,148 [ERROR] LogOutputStream:75 - [STDERR_REDIRECT] Sep 10, 2025 12:38:15 PM java.util.prefs.FileSystemPreferences syncWorld
2025-09-10 12:38:15,148 [ERROR] LogOutputStream:75 - [STDERR_REDIRECT] WARNING: Couldn't flush system prefs: java.util.prefs.BackingStoreException: Couldn't get file lock.
2025-09-10 12:38:15,148 [ERROR] LogOutputStream:75 - [STDERR_REDIRECT] 
2025-09-10 12:38:45,147 [ERROR] LogOutputStream:75 - [STDERR_REDIRECT] Sep 10, 2025 12:38:45 PM java.util.prefs.FileSystemPreferences checkLockFile0ErrorCode
2025-09-10 12:38:45,147 [ERROR] LogOutputStream:75 - [STDERR_REDIRECT] WARNING: Could not lock System prefs. Unix error code 2.
2025-09-10 12:38:45,148 [ERROR] LogOutputStream:75 - [STDERR_REDIRECT] 
2025-09-10 12:38:45,148 [ERROR] LogOutputStream:75 - [STDERR_REDIRECT] Sep 10, 2025 12:38:45 PM java.util.prefs.FileSystemPreferences syncWorld
2025-09-10 12:38:45,149 [ERROR] LogOutputStream:75 - [STDERR_REDIRECT] WARNING: Couldn't flush system prefs: java.util.prefs.BackingStoreException: Couldn't get file lock.
2025-09-10 12:38:45,149 [ERROR] LogOutputStream:75 - [STDERR_REDIRECT] 
2025-09-10 12:39:15,147 [ERROR] LogOutputStream:75 - [STDERR_REDIRECT] Sep 10, 2025 12:39:15 PM java.util.prefs.FileSystemPreferences checkLockFile0ErrorCode
2025-09-10 12:39:15,147 [ERROR] LogOutputStream:75 - [STDERR_REDIRECT] WARNING: Could not lock System prefs. Unix error code 2.
2025-09-10 12:39:15,147 [ERROR] LogOutputStream:75 - [STDERR_REDIRECT] 
2025-09-10 12:39:15,148 [ERROR] LogOutputStream:75 - [STDERR_REDIRECT] Sep 10, 2025 12:39:15 PM java.util.prefs.FileSystemPreferences syncWorld
2025-09-10 12:39:15,149 [ERROR] LogOutputStream:75 - [STDERR_REDIRECT] WARNING: Couldn't flush system prefs: java.util.prefs.BackingStoreException: Couldn't get file lock.
2025-09-10 12:39:15,149 [ERROR] LogOutputStream:75 - [STDERR_REDIRECT] 
2025-09-10 12:39:45,146 [ERROR] LogOutputStream:75 - [STDERR_REDIRECT] Sep 10, 2025 12:39:45 PM java.util.prefs.FileSystemPreferences checkLockFile0ErrorCode
2025-09-10 12:39:45,147 [ERROR] LogOutputStream:75 - [STDERR_REDIRECT] WARNING: Could not lock System prefs. Unix error code 2.
2025-09-10 12:39:45,147 [ERROR] LogOutputStream:75 - [STDERR_REDIRECT] 
2025-09-10 12:39:45,147 [ERROR] LogOutputStream:75 - [STDERR_REDIRECT] Sep 10, 2025 12:39:45 PM java.util.prefs.FileSystemPreferences syncWorld
2025-09-10 12:39:45,148 [ERROR] LogOutputStream:75 - [STDERR_REDIRECT] WARNING: Couldn't flush system prefs: java.util.prefs.BackingStoreException: Couldn't get file lock.
2025-09-10 12:39:45,148 [ERROR] LogOutputStream:75 - [STDERR_REDIRECT] 
2025-09-10 12:40:15,147 [ERROR] LogOutputStream:75 - [STDERR_REDIRECT] Sep 10, 2025 12:40:15 PM java.util.prefs.FileSystemPreferences checkLockFile0ErrorCode
2025-09-10 12:40:15,147 [ERROR] LogOutputStream:75 - [STDERR_REDIRECT] WARNING: Could not lock System prefs. Unix error code 2.
2025-09-10 12:40:15,147 [ERROR] LogOutputStream:75 - [STDERR_REDIRECT] 
2025-09-10 12:40:15,148 [ERROR] LogOutputStream:75 - [STDERR_REDIRECT] Sep 10, 2025 12:40:15 PM java.util.prefs.FileSystemPreferences syncWorld
2025-09-10 12:40:15,148 [ERROR] LogOutputStream:75 - [STDERR_REDIRECT] WARNING: Couldn't flush system prefs: java.util.prefs.BackingStoreException: Couldn't get file lock.
2025-09-10 12:40:15,148 [ERROR] LogOutputStream:75 - [STDERR_REDIRECT] 
2025-09-10 12:40:45,147 [ERROR] LogOutputStream:75 - [STDERR_REDIRECT] Sep 10, 2025 12:40:45 PM java.util.prefs.FileSystemPreferences checkLockFile0ErrorCode
2025-09-10 12:40:45,148 [ERROR] LogOutputStream:75 - [STDERR_REDIRECT] WARNING: Could not lock System prefs. Unix error code 2.
2025-09-10 12:40:45,148 [ERROR] LogOutputStream:75 - [STDERR_REDIRECT] 
2025-09-10 12:40:45,148 [ERROR] LogOutputStream:75 - [STDERR_REDIRECT] Sep 10, 2025 12:40:45 PM java.util.prefs.FileSystemPreferences syncWorld
2025-09-10 12:40:45,149 [ERROR] LogOutputStream:75 - [STDERR_REDIRECT] WARNING: Couldn't flush system prefs: java.util.prefs.BackingStoreException: Couldn't get file lock.
2025-09-10 12:40:45,149 [ERROR] LogOutputStream:75 - [STDERR_REDIRECT] 
2025-09-10 12:41:15,146 [ERROR] LogOutputStream:75 - [STDERR_REDIRECT] Sep 10, 2025 12:41:15 PM java.util.prefs.FileSystemPreferences checkLockFile0ErrorCode
2025-09-10 12:41:15,147 [ERROR] LogOutputStream:75 - [STDERR_REDIRECT] WARNING: Could not lock System prefs. Unix error code 2.
2025-09-10 12:41:15,147 [ERROR] LogOutputStream:75 - [STDERR_REDIRECT] 
2025-09-10 12:41:15,147 [ERROR] LogOutputStream:75 - [STDERR_REDIRECT] Sep 10, 2025 12:41:15 PM java.util.prefs.FileSystemPreferences syncWorld
2025-09-10 12:41:15,148 [ERROR] LogOutputStream:75 - [STDERR_REDIRECT] WARNING: Couldn't flush system prefs: java.util.prefs.BackingStoreException: Couldn't get file lock.
2025-09-10 12:41:15,148 [ERROR] LogOutputStream:75 - [STDERR_REDIRECT] 
2025-09-10 12:41:45,146 [ERROR] LogOutputStream:75 - [STDERR_REDIRECT] Sep 10, 2025 12:41:45 PM java.util.prefs.FileSystemPreferences checkLockFile0ErrorCode
2025-09-10 12:41:45,147 [ERROR] LogOutputStream:75 - [STDERR_REDIRECT] WARNING: Could not lock System prefs. Unix error code 2.
2025-09-10 12:41:45,147 [ERROR] LogOutputStream:75 - [STDERR_REDIRECT] 
2025-09-10 12:41:45,147 [ERROR] LogOutputStream:75 - [STDERR_REDIRECT] Sep 10, 2025 12:41:45 PM java.util.prefs.FileSystemPreferences syncWorld
2025-09-10 12:41:45,148 [ERROR] LogOutputStream:75 - [STDERR_REDIRECT] WARNING: Couldn't flush system prefs: java.util.prefs.BackingStoreException: Couldn't get file lock.
2025-09-10 12:41:45,148 [ERROR] LogOutputStream:75 - [STDERR_REDIRECT] 
2025-09-10 12:42:15,147 [ERROR] LogOutputStream:75 - [STDERR_REDIRECT] Sep 10, 2025 12:42:15 PM java.util.prefs.FileSystemPreferences checkLockFile0ErrorCode
2025-09-10 12:42:15,147 [ERROR] LogOutputStream:75 - [STDERR_REDIRECT] WARNING: Could not lock System prefs. Unix error code 2.
2025-09-10 12:42:15,147 [ERROR] LogOutputStream:75 - [STDERR_REDIRECT] 
2025-09-10 12:42:15,148 [ERROR] LogOutputStream:75 - [STDERR_REDIRECT] Sep 10, 2025 12:42:15 PM java.util.prefs.FileSystemPreferences syncWorld
2025-09-10 12:42:15,148 [ERROR] LogOutputStream:75 - [STDERR_REDIRECT] WARNING: Couldn't flush system prefs: java.util.prefs.BackingStoreException: Couldn't get file lock.
2025-09-10 12:42:15,149 [ERROR] LogOutputStream:75 - [STDERR_REDIRECT] 
2025-09-10 12:42:45,146 [ERROR] LogOutputStream:75 - [STDERR_REDIRECT] Sep 10, 2025 12:42:45 PM java.util.prefs.FileSystemPreferences checkLockFile0ErrorCode
2025-09-10 12:42:45,146 [ERROR] LogOutputStream:75 - [STDERR_REDIRECT] WARNING: Could not lock System prefs. Unix error code 2.
2025-09-10 12:42:45,147 [ERROR] LogOutputStream:75 - [STDERR_REDIRECT] 
2025-09-10 12:42:45,147 [ERROR] LogOutputStream:75 - [STDERR_REDIRECT] Sep 10, 2025 12:42:45 PM java.util.prefs.FileSystemPreferences syncWorld
2025-09-10 12:42:45,148 [ERROR] LogOutputStream:75 - [STDERR_REDIRECT] WARNING: Couldn't flush system prefs: java.util.prefs.BackingStoreException: Couldn't get file lock.
2025-09-10 12:42:45,148 [ERROR] LogOutputStream:75 - [STDERR_REDIRECT] 
2025-09-10 12:43:15,146 [ERROR] LogOutputStream:75 - [STDERR_REDIRECT] Sep 10, 2025 12:43:15 PM java.util.prefs.FileSystemPreferences checkLockFile0ErrorCode
2025-09-10 12:43:15,146 [ERROR] LogOutputStream:75 - [STDERR_REDIRECT] WARNING: Could not lock System prefs. Unix error code 2.
2025-09-10 12:43:15,146 [ERROR] LogOutputStream:75 - [STDERR_REDIRECT] 
2025-09-10 12:43:15,147 [ERROR] LogOutputStream:75 - [STDERR_REDIRECT] Sep 10, 2025 12:43:15 PM java.util.prefs.FileSystemPreferences syncWorld
2025-09-10 12:43:15,147 [ERROR] LogOutputStream:75 - [STDERR_REDIRECT] WARNING: Couldn't flush system prefs: java.util.prefs.BackingStoreException: Couldn't get file lock.
2025-09-10 12:43:15,147 [ERROR] LogOutputStream:75 - [STDERR_REDIRECT] 
2025-09-10 12:43:45,147 [ERROR] LogOutputStream:75 - [STDERR_REDIRECT] Sep 10, 2025 12:43:45 PM java.util.prefs.FileSystemPreferences checkLockFile0ErrorCode
2025-09-10 12:43:45,147 [ERROR] LogOutputStream:75 - [STDERR_REDIRECT] WARNING: Could not lock System prefs. Unix error code 2.
2025-09-10 12:43:45,148 [ERROR] LogOutputStream:75 - [STDERR_REDIRECT] 
2025-09-10 12:43:45,148 [ERROR] LogOutputStream:75 - [STDERR_REDIRECT] Sep 10, 2025 12:43:45 PM java.util.prefs.FileSystemPreferences syncWorld
2025-09-10 12:43:45,149 [ERROR] LogOutputStream:75 - [STDERR_REDIRECT] WARNING: Couldn't flush system prefs: java.util.prefs.BackingStoreException: Couldn't get file lock.
2025-09-10 12:43:45,149 [ERROR] LogOutputStream:75 - [STDERR_REDIRECT] 
2025-09-10 12:44:15,147 [ERROR] LogOutputStream:75 - [STDERR_REDIRECT] Sep 10, 2025 12:44:15 PM java.util.prefs.FileSystemPreferences checkLockFile0ErrorCode
2025-09-10 12:44:15,147 [ERROR] LogOutputStream:75 - [STDERR_REDIRECT] WARNING: Could not lock System prefs. Unix error code 2.
2025-09-10 12:44:15,148 [ERROR] LogOutputStream:75 - [STDERR_REDIRECT] 
2025-09-10 12:44:15,148 [ERROR] LogOutputStream:75 - [STDERR_REDIRECT] Sep 10, 2025 12:44:15 PM java.util.prefs.FileSystemPreferences syncWorld
2025-09-10 12:44:15,149 [ERROR] LogOutputStream:75 - [STDERR_REDIRECT] WARNING: Couldn't flush system prefs: java.util.prefs.BackingStoreException: Couldn't get file lock.
2025-09-10 12:44:15,149 [ERROR] LogOutputStream:75 - [STDERR_REDIRECT] 
2025-09-10 12:44:45,147 [ERROR] LogOutputStream:75 - [STDERR_REDIRECT] Sep 10, 2025 12:44:45 PM java.util.prefs.FileSystemPreferences checkLockFile0ErrorCode
2025-09-10 12:44:45,148 [ERROR] LogOutputStream:75 - [STDERR_REDIRECT] WARNING: Could not lock System prefs. Unix error code 2.
2025-09-10 12:44:45,148 [ERROR] LogOutputStream:75 - [STDERR_REDIRECT] 
2025-09-10 12:44:45,148 [ERROR] LogOutputStream:75 - [STDERR_REDIRECT] Sep 10, 2025 12:44:45 PM java.util.prefs.FileSystemPreferences syncWorld
2025-09-10 12:44:45,149 [ERROR] LogOutputStream:75 - [STDERR_REDIRECT] WARNING: Couldn't flush system prefs: java.util.prefs.BackingStoreException: Couldn't get file lock.
2025-09-10 12:44:45,149 [ERROR] LogOutputStream:75 - [STDERR_REDIRECT] 
2025-09-10 12:45:15,147 [ERROR] LogOutputStream:75 - [STDERR_REDIRECT] Sep 10, 2025 12:45:15 PM java.util.prefs.FileSystemPreferences checkLockFile0ErrorCode
2025-09-10 12:45:15,147 [ERROR] LogOutputStream:75 - [STDERR_REDIRECT] WARNING: Could not lock System prefs. Unix error code 2.
2025-09-10 12:45:15,147 [ERROR] LogOutputStream:75 - [STDERR_REDIRECT] 
2025-09-10 12:45:15,148 [ERROR] LogOutputStream:75 - [STDERR_REDIRECT] Sep 10, 2025 12:45:15 PM java.util.prefs.FileSystemPreferences syncWorld
2025-09-10 12:45:15,149 [ERROR] LogOutputStream:75 - [STDERR_REDIRECT] WARNING: Couldn't flush system prefs: java.util.prefs.BackingStoreException: Couldn't get file lock.
2025-09-10 12:45:15,149 [ERROR] LogOutputStream:75 - [STDERR_REDIRECT] 
2025-09-10 12:45:45,147 [ERROR] LogOutputStream:75 - [STDERR_REDIRECT] Sep 10, 2025 12:45:45 PM java.util.prefs.FileSystemPreferences checkLockFile0ErrorCode
2025-09-10 12:45:45,148 [ERROR] LogOutputStream:75 - [STDERR_REDIRECT] WARNING: Could not lock System prefs. Unix error code 2.
2025-09-10 12:45:45,148 [ERROR] LogOutputStream:75 - [STDERR_REDIRECT] 
2025-09-10 12:45:45,148 [ERROR] LogOutputStream:75 - [STDERR_REDIRECT] Sep 10, 2025 12:45:45 PM java.util.prefs.FileSystemPreferences syncWorld
2025-09-10 12:45:45,149 [ERROR] LogOutputStream:75 - [STDERR_REDIRECT] WARNING: Couldn't flush system prefs: java.util.prefs.BackingStoreException: Couldn't get file lock.
2025-09-10 12:45:45,149 [ERROR] LogOutputStream:75 - [STDERR_REDIRECT] 
2025-09-10 12:46:15,147 [ERROR] LogOutputStream:75 - [STDERR_REDIRECT] Sep 10, 2025 12:46:15 PM java.util.prefs.FileSystemPreferences checkLockFile0ErrorCode
2025-09-10 12:46:15,148 [ERROR] LogOutputStream:75 - [STDERR_REDIRECT] WARNING: Could not lock System prefs. Unix error code 2.
2025-09-10 12:46:15,148 [ERROR] LogOutputStream:75 - [STDERR_REDIRECT] 
2025-09-10 12:46:15,148 [ERROR] LogOutputStream:75 - [STDERR_REDIRECT] Sep 10, 2025 12:46:15 PM java.util.prefs.FileSystemPreferences syncWorld
2025-09-10 12:46:15,149 [ERROR] LogOutputStream:75 - [STDERR_REDIRECT] WARNING: Couldn't flush system prefs: java.util.prefs.BackingStoreException: Couldn't get file lock.
2025-09-10 12:46:15,149 [ERROR] LogOutputStream:75 - [STDERR_REDIRECT] 
2025-09-10 12:46:45,148 [ERROR] LogOutputStream:75 - [STDERR_REDIRECT] Sep 10, 2025 12:46:45 PM java.util.prefs.FileSystemPreferences checkLockFile0ErrorCode
2025-09-10 12:46:45,149 [ERROR] LogOutputStream:75 - [STDERR_REDIRECT] WARNING: Could not lock System prefs. Unix error code 2.
2025-09-10 12:46:45,149 [ERROR] LogOutputStream:75 - [STDERR_REDIRECT] 
2025-09-10 12:46:45,150 [ERROR] LogOutputStream:75 - [STDERR_REDIRECT] Sep 10, 2025 12:46:45 PM java.util.prefs.FileSystemPreferences syncWorld
2025-09-10 12:46:45,151 [ERROR] LogOutputStream:75 - [STDERR_REDIRECT] WARNING: Couldn't flush system prefs: java.util.prefs.BackingStoreException: Couldn't get file lock.
2025-09-10 12:46:45,151 [ERROR] LogOutputStream:75 - [STDERR_REDIRECT] 
2025-09-10 12:47:15,148 [ERROR] LogOutputStream:75 - [STDERR_REDIRECT] Sep 10, 2025 12:47:15 PM java.util.prefs.FileSystemPreferences checkLockFile0ErrorCode
2025-09-10 12:47:15,148 [ERROR] LogOutputStream:75 - [STDERR_REDIRECT] WARNING: Could not lock System prefs. Unix error code 2.
2025-09-10 12:47:15,148 [ERROR] LogOutputStream:75 - [STDERR_REDIRECT] 
2025-09-10 12:47:15,149 [ERROR] LogOutputStream:75 - [STDERR_REDIRECT] Sep 10, 2025 12:47:15 PM java.util.prefs.FileSystemPreferences syncWorld
2025-09-10 12:47:15,149 [ERROR] LogOutputStream:75 - [STDERR_REDIRECT] WARNING: Couldn't flush system prefs: java.util.prefs.BackingStoreException: Couldn't get file lock.
2025-09-10 12:47:15,149 [ERROR] LogOutputStream:75 - [STDERR_REDIRECT] 
2025-09-10 12:47:45,149 [ERROR] LogOutputStream:75 - [STDERR_REDIRECT] Sep 10, 2025 12:47:45 PM java.util.prefs.FileSystemPreferences checkLockFile0ErrorCode
2025-09-10 12:47:45,149 [ERROR] LogOutputStream:75 - [STDERR_REDIRECT] WARNING: Could not lock System prefs. Unix error code 2.
2025-09-10 12:47:45,149 [ERROR] LogOutputStream:75 - [STDERR_REDIRECT] 
2025-09-10 12:47:45,150 [ERROR] LogOutputStream:75 - [STDERR_REDIRECT] Sep 10, 2025 12:47:45 PM java.util.prefs.FileSystemPreferences syncWorld
2025-09-10 12:47:45,150 [ERROR] LogOutputStream:75 - [STDERR_REDIRECT] WARNING: Couldn't flush system prefs: java.util.prefs.BackingStoreException: Couldn't get file lock.
2025-09-10 12:47:45,150 [ERROR] LogOutputStream:75 - [STDERR_REDIRECT] 
2025-09-10 12:48:15,149 [ERROR] LogOutputStream:75 - [STDERR_REDIRECT] Sep 10, 2025 12:48:15 PM java.util.prefs.FileSystemPreferences checkLockFile0ErrorCode
2025-09-10 12:48:15,150 [ERROR] LogOutputStream:75 - [STDERR_REDIRECT] WARNING: Could not lock System prefs. Unix error code 2.
2025-09-10 12:48:15,150 [ERROR] LogOutputStream:75 - [STDERR_REDIRECT] 
2025-09-10 12:48:15,150 [ERROR] LogOutputStream:75 - [STDERR_REDIRECT] Sep 10, 2025 12:48:15 PM java.util.prefs.FileSystemPreferences syncWorld
2025-09-10 12:48:15,151 [ERROR] LogOutputStream:75 - [STDERR_REDIRECT] WARNING: Couldn't flush system prefs: java.util.prefs.BackingStoreException: Couldn't get file lock.
2025-09-10 12:48:15,151 [ERROR] LogOutputStream:75 - [STDERR_REDIRECT] 
2025-09-10 12:48:45,149 [ERROR] LogOutputStream:75 - [STDERR_REDIRECT] Sep 10, 2025 12:48:45 PM java.util.prefs.FileSystemPreferences checkLockFile0ErrorCode
2025-09-10 12:48:45,150 [ERROR] LogOutputStream:75 - [STDERR_REDIRECT] WARNING: Could not lock System prefs. Unix error code 2.
2025-09-10 12:48:45,150 [ERROR] LogOutputStream:75 - [STDERR_REDIRECT] 
2025-09-10 12:48:45,150 [ERROR] LogOutputStream:75 - [STDERR_REDIRECT] Sep 10, 2025 12:48:45 PM java.util.prefs.FileSystemPreferences syncWorld
2025-09-10 12:48:45,151 [ERROR] LogOutputStream:75 - [STDERR_REDIRECT] WARNING: Couldn't flush system prefs: java.util.prefs.BackingStoreException: Couldn't get file lock.
2025-09-10 12:48:45,151 [ERROR] LogOutputStream:75 - [STDERR_REDIRECT] 
2025-09-10 12:49:15,149 [ERROR] LogOutputStream:75 - [STDERR_REDIRECT] Sep 10, 2025 12:49:15 PM java.util.prefs.FileSystemPreferences checkLockFile0ErrorCode
2025-09-10 12:49:15,150 [ERROR] LogOutputStream:75 - [STDERR_REDIRECT] WARNING: Could not lock System prefs. Unix error code 2.
2025-09-10 12:49:15,150 [ERROR] LogOutputStream:75 - [STDERR_REDIRECT] 
2025-09-10 12:49:15,150 [ERROR] LogOutputStream:75 - [STDERR_REDIRECT] Sep 10, 2025 12:49:15 PM java.util.prefs.FileSystemPreferences syncWorld
2025-09-10 12:49:15,151 [ERROR] LogOutputStream:75 - [STDERR_REDIRECT] WARNING: Couldn't flush system prefs: java.util.prefs.BackingStoreException: Couldn't get file lock.
2025-09-10 12:49:15,151 [ERROR] LogOutputStream:75 - [STDERR_REDIRECT] 
2025-09-10 12:49:45,150 [ERROR] LogOutputStream:75 - [STDERR_REDIRECT] Sep 10, 2025 12:49:45 PM java.util.prefs.FileSystemPreferences checkLockFile0ErrorCode
2025-09-10 12:49:45,150 [ERROR] LogOutputStream:75 - [STDERR_REDIRECT] WARNING: Could not lock System prefs. Unix error code 2.
2025-09-10 12:49:45,150 [ERROR] LogOutputStream:75 - [STDERR_REDIRECT] 
2025-09-10 12:49:45,151 [ERROR] LogOutputStream:75 - [STDERR_REDIRECT] Sep 10, 2025 12:49:45 PM java.util.prefs.FileSystemPreferences syncWorld
2025-09-10 12:49:45,151 [ERROR] LogOutputStream:75 - [STDERR_REDIRECT] WARNING: Couldn't flush system prefs: java.util.prefs.BackingStoreException: Couldn't get file lock.
2025-09-10 12:49:45,151 [ERROR] LogOutputStream:75 - [STDERR_REDIRECT] 
2025-09-10 12:50:15,150 [ERROR] LogOutputStream:75 - [STDERR_REDIRECT] Sep 10, 2025 12:50:15 PM java.util.prefs.FileSystemPreferences checkLockFile0ErrorCode
2025-09-10 12:50:15,150 [ERROR] LogOutputStream:75 - [STDERR_REDIRECT] WARNING: Could not lock System prefs. Unix error code 2.
2025-09-10 12:50:15,150 [ERROR] LogOutputStream:75 - [STDERR_REDIRECT] 
2025-09-10 12:50:15,151 [ERROR] LogOutputStream:75 - [STDERR_REDIRECT] Sep 10, 2025 12:50:15 PM java.util.prefs.FileSystemPreferences syncWorld
2025-09-10 12:50:15,151 [ERROR] LogOutputStream:75 - [STDERR_REDIRECT] WARNING: Couldn't flush system prefs: java.util.prefs.BackingStoreException: Couldn't get file lock.
2025-09-10 12:50:15,151 [ERROR] LogOutputStream:75 - [STDERR_REDIRECT] 
2025-09-10 12:50:45,150 [ERROR] LogOutputStream:75 - [STDERR_REDIRECT] Sep 10, 2025 12:50:45 PM java.util.prefs.FileSystemPreferences checkLockFile0ErrorCode
2025-09-10 12:50:45,151 [ERROR] LogOutputStream:75 - [STDERR_REDIRECT] WARNING: Could not lock System prefs. Unix error code 2.
2025-09-10 12:50:45,151 [ERROR] LogOutputStream:75 - [STDERR_REDIRECT] 
2025-09-10 12:50:45,151 [ERROR] LogOutputStream:75 - [STDERR_REDIRECT] Sep 10, 2025 12:50:45 PM java.util.prefs.FileSystemPreferences syncWorld
2025-09-10 12:50:45,152 [ERROR] LogOutputStream:75 - [STDERR_REDIRECT] WARNING: Couldn't flush system prefs: java.util.prefs.BackingStoreException: Couldn't get file lock.
2025-09-10 12:50:45,152 [ERROR] LogOutputStream:75 - [STDERR_REDIRECT] 
2025-09-10 12:51:15,151 [ERROR] LogOutputStream:75 - [STDERR_REDIRECT] Sep 10, 2025 12:51:15 PM java.util.prefs.FileSystemPreferences checkLockFile0ErrorCode
2025-09-10 12:51:15,151 [ERROR] LogOutputStream:75 - [STDERR_REDIRECT] WARNING: Could not lock System prefs. Unix error code 2.
2025-09-10 12:51:15,151 [ERROR] LogOutputStream:75 - [STDERR_REDIRECT] 
2025-09-10 12:51:15,152 [ERROR] LogOutputStream:75 - [STDERR_REDIRECT] Sep 10, 2025 12:51:15 PM java.util.prefs.FileSystemPreferences syncWorld
2025-09-10 12:51:15,152 [ERROR] LogOutputStream:75 - [STDERR_REDIRECT] WARNING: Couldn't flush system prefs: java.util.prefs.BackingStoreException: Couldn't get file lock.
2025-09-10 12:51:15,152 [ERROR] LogOutputStream:75 - [STDERR_REDIRECT] 
2025-09-10 12:51:45,150 [ERROR] LogOutputStream:75 - [STDERR_REDIRECT] Sep 10, 2025 12:51:45 PM java.util.prefs.FileSystemPreferences checkLockFile0ErrorCode
2025-09-10 12:51:45,150 [ERROR] LogOutputStream:75 - [STDERR_REDIRECT] WARNING: Could not lock System prefs. Unix error code 2.
2025-09-10 12:51:45,150 [ERROR] LogOutputStream:75 - [STDERR_REDIRECT] 
2025-09-10 12:51:45,151 [ERROR] LogOutputStream:75 - [STDERR_REDIRECT] Sep 10, 2025 12:51:45 PM java.util.prefs.FileSystemPreferences syncWorld
2025-09-10 12:51:45,151 [ERROR] LogOutputStream:75 - [STDERR_REDIRECT] WARNING: Couldn't flush system prefs: java.util.prefs.BackingStoreException: Couldn't get file lock.
2025-09-10 12:51:45,151 [ERROR] LogOutputStream:75 - [STDERR_REDIRECT] 
2025-09-10 12:52:15,150 [ERROR] LogOutputStream:75 - [STDERR_REDIRECT] Sep 10, 2025 12:52:15 PM java.util.prefs.FileSystemPreferences checkLockFile0ErrorCode
2025-09-10 12:52:15,151 [ERROR] LogOutputStream:75 - [STDERR_REDIRECT] WARNING: Could not lock System prefs. Unix error code 2.
2025-09-10 12:52:15,151 [ERROR] LogOutputStream:75 - [STDERR_REDIRECT] 
2025-09-10 12:52:15,151 [ERROR] LogOutputStream:75 - [STDERR_REDIRECT] Sep 10, 2025 12:52:15 PM java.util.prefs.FileSystemPreferences syncWorld
2025-09-10 12:52:15,152 [ERROR] LogOutputStream:75 - [STDERR_REDIRECT] WARNING: Couldn't flush system prefs: java.util.prefs.BackingStoreException: Couldn't get file lock.
2025-09-10 12:52:15,152 [ERROR] LogOutputStream:75 - [STDERR_REDIRECT] 
2025-09-10 12:52:45,150 [ERROR] LogOutputStream:75 - [STDERR_REDIRECT] Sep 10, 2025 12:52:45 PM java.util.prefs.FileSystemPreferences checkLockFile0ErrorCode
2025-09-10 12:52:45,151 [ERROR] LogOutputStream:75 - [STDERR_REDIRECT] WARNING: Could not lock System prefs. Unix error code 2.
2025-09-10 12:52:45,151 [ERROR] LogOutputStream:75 - [STDERR_REDIRECT] 
2025-09-10 12:52:45,151 [ERROR] LogOutputStream:75 - [STDERR_REDIRECT] Sep 10, 2025 12:52:45 PM java.util.prefs.FileSystemPreferences syncWorld
2025-09-10 12:52:45,152 [ERROR] LogOutputStream:75 - [STDERR_REDIRECT] WARNING: Couldn't flush system prefs: java.util.prefs.BackingStoreException: Couldn't get file lock.
2025-09-10 12:52:45,152 [ERROR] LogOutputStream:75 - [STDERR_REDIRECT] 
2025-09-10 12:53:15,150 [ERROR] LogOutputStream:75 - [STDERR_REDIRECT] Sep 10, 2025 12:53:15 PM java.util.prefs.FileSystemPreferences checkLockFile0ErrorCode
2025-09-10 12:53:15,151 [ERROR] LogOutputStream:75 - [STDERR_REDIRECT] WARNING: Could not lock System prefs. Unix error code 2.
2025-09-10 12:53:15,151 [ERROR] LogOutputStream:75 - [STDERR_REDIRECT] 
2025-09-10 12:53:15,151 [ERROR] LogOutputStream:75 - [STDERR_REDIRECT] Sep 10, 2025 12:53:15 PM java.util.prefs.FileSystemPreferences syncWorld
2025-09-10 12:53:15,152 [ERROR] LogOutputStream:75 - [STDERR_REDIRECT] WARNING: Couldn't flush system prefs: java.util.prefs.BackingStoreException: Couldn't get file lock.
2025-09-10 12:53:15,152 [ERROR] LogOutputStream:75 - [STDERR_REDIRECT] 
2025-09-10 12:53:45,151 [ERROR] LogOutputStream:75 - [STDERR_REDIRECT] Sep 10, 2025 12:53:45 PM java.util.prefs.FileSystemPreferences checkLockFile0ErrorCode
2025-09-10 12:53:45,151 [ERROR] LogOutputStream:75 - [STDERR_REDIRECT] WARNING: Could not lock System prefs. Unix error code 2.
2025-09-10 12:53:45,151 [ERROR] LogOutputStream:75 - [STDERR_REDIRECT] 
2025-09-10 12:53:45,152 [ERROR] LogOutputStream:75 - [STDERR_REDIRECT] Sep 10, 2025 12:53:45 PM java.util.prefs.FileSystemPreferences syncWorld
2025-09-10 12:53:45,152 [ERROR] LogOutputStream:75 - [STDERR_REDIRECT] WARNING: Couldn't flush system prefs: java.util.prefs.BackingStoreException: Couldn't get file lock.
2025-09-10 12:53:45,152 [ERROR] LogOutputStream:75 - [STDERR_REDIRECT] 
2025-09-10 12:54:15,151 [ERROR] LogOutputStream:75 - [STDERR_REDIRECT] Sep 10, 2025 12:54:15 PM java.util.prefs.FileSystemPreferences checkLockFile0ErrorCode
2025-09-10 12:54:15,151 [ERROR] LogOutputStream:75 - [STDERR_REDIRECT] WARNING: Could not lock System prefs. Unix error code 2.
2025-09-10 12:54:15,152 [ERROR] LogOutputStream:75 - [STDERR_REDIRECT] 
2025-09-10 12:54:15,152 [ERROR] LogOutputStream:75 - [STDERR_REDIRECT] Sep 10, 2025 12:54:15 PM java.util.prefs.FileSystemPreferences syncWorld
2025-09-10 12:54:15,153 [ERROR] LogOutputStream:75 - [STDERR_REDIRECT] WARNING: Couldn't flush system prefs: java.util.prefs.BackingStoreException: Couldn't get file lock.
2025-09-10 12:54:15,153 [ERROR] LogOutputStream:75 - [STDERR_REDIRECT] 
2025-09-10 12:54:45,149 [ERROR] LogOutputStream:75 - [STDERR_REDIRECT] Sep 10, 2025 12:54:45 PM java.util.prefs.FileSystemPreferences checkLockFile0ErrorCode
2025-09-10 12:54:45,149 [ERROR] LogOutputStream:75 - [STDERR_REDIRECT] WARNING: Could not lock System prefs. Unix error code 2.
2025-09-10 12:54:45,149 [ERROR] LogOutputStream:75 - [STDERR_REDIRECT] 
2025-09-10 12:54:45,150 [ERROR] LogOutputStream:75 - [STDERR_REDIRECT] Sep 10, 2025 12:54:45 PM java.util.prefs.FileSystemPreferences syncWorld
2025-09-10 12:54:45,150 [ERROR] LogOutputStream:75 - [STDERR_REDIRECT] WARNING: Couldn't flush system prefs: java.util.prefs.BackingStoreException: Couldn't get file lock.
2025-09-10 12:54:45,150 [ERROR] LogOutputStream:75 - [STDERR_REDIRECT] 
2025-09-10 12:55:15,150 [ERROR] LogOutputStream:75 - [STDERR_REDIRECT] Sep 10, 2025 12:55:15 PM java.util.prefs.FileSystemPreferences checkLockFile0ErrorCode
2025-09-10 12:55:15,150 [ERROR] LogOutputStream:75 - [STDERR_REDIRECT] WARNING: Could not lock System prefs. Unix error code 2.
2025-09-10 12:55:15,150 [ERROR] LogOutputStream:75 - [STDERR_REDIRECT] 
2025-09-10 12:55:15,151 [ERROR] LogOutputStream:75 - [STDERR_REDIRECT] Sep 10, 2025 12:55:15 PM java.util.prefs.FileSystemPreferences syncWorld
2025-09-10 12:55:15,152 [ERROR] LogOutputStream:75 - [STDERR_REDIRECT] WARNING: Couldn't flush system prefs: java.util.prefs.BackingStoreException: Couldn't get file lock.
2025-09-10 12:55:15,152 [ERROR] LogOutputStream:75 - [STDERR_REDIRECT] 
2025-09-10 12:55:45,150 [ERROR] LogOutputStream:75 - [STDERR_REDIRECT] Sep 10, 2025 12:55:45 PM java.util.prefs.FileSystemPreferences checkLockFile0ErrorCode
2025-09-10 12:55:45,150 [ERROR] LogOutputStream:75 - [STDERR_REDIRECT] WARNING: Could not lock System prefs. Unix error code 2.
2025-09-10 12:55:45,150 [ERROR] LogOutputStream:75 - [STDERR_REDIRECT] 
2025-09-10 12:55:45,150 [ERROR] LogOutputStream:75 - [STDERR_REDIRECT] Sep 10, 2025 12:55:45 PM java.util.prefs.FileSystemPreferences syncWorld
2025-09-10 12:55:45,151 [ERROR] LogOutputStream:75 - [STDERR_REDIRECT] WARNING: Couldn't flush system prefs: java.util.prefs.BackingStoreException: Couldn't get file lock.
2025-09-10 12:55:45,151 [ERROR] LogOutputStream:75 - [STDERR_REDIRECT] 
2025-09-10 12:56:15,150 [ERROR] LogOutputStream:75 - [STDERR_REDIRECT] Sep 10, 2025 12:56:15 PM java.util.prefs.FileSystemPreferences checkLockFile0ErrorCode
2025-09-10 12:56:15,151 [ERROR] LogOutputStream:75 - [STDERR_REDIRECT] WARNING: Could not lock System prefs. Unix error code 2.
2025-09-10 12:56:15,151 [ERROR] LogOutputStream:75 - [STDERR_REDIRECT] 
2025-09-10 12:56:15,151 [ERROR] LogOutputStream:75 - [STDERR_REDIRECT] Sep 10, 2025 12:56:15 PM java.util.prefs.FileSystemPreferences syncWorld
2025-09-10 12:56:15,152 [ERROR] LogOutputStream:75 - [STDERR_REDIRECT] WARNING: Couldn't flush system prefs: java.util.prefs.BackingStoreException: Couldn't get file lock.
2025-09-10 12:56:15,152 [ERROR] LogOutputStream:75 - [STDERR_REDIRECT] 
2025-09-10 12:56:45,150 [ERROR] LogOutputStream:75 - [STDERR_REDIRECT] Sep 10, 2025 12:56:45 PM java.util.prefs.FileSystemPreferences checkLockFile0ErrorCode
2025-09-10 12:56:45,151 [ERROR] LogOutputStream:75 - [STDERR_REDIRECT] WARNING: Could not lock System prefs. Unix error code 2.
2025-09-10 12:56:45,151 [ERROR] LogOutputStream:75 - [STDERR_REDIRECT] 
2025-09-10 12:56:45,152 [ERROR] LogOutputStream:75 - [STDERR_REDIRECT] Sep 10, 2025 12:56:45 PM java.util.prefs.FileSystemPreferences syncWorld
2025-09-10 12:56:45,152 [ERROR] LogOutputStream:75 - [STDERR_REDIRECT] WARNING: Couldn't flush system prefs: java.util.prefs.BackingStoreException: Couldn't get file lock.
2025-09-10 12:56:45,152 [ERROR] LogOutputStream:75 - [STDERR_REDIRECT] 
2025-09-10 12:57:15,150 [ERROR] LogOutputStream:75 - [STDERR_REDIRECT] Sep 10, 2025 12:57:15 PM java.util.prefs.FileSystemPreferences checkLockFile0ErrorCode
2025-09-10 12:57:15,151 [ERROR] LogOutputStream:75 - [STDERR_REDIRECT] WARNING: Could not lock System prefs. Unix error code 2.
2025-09-10 12:57:15,151 [ERROR] LogOutputStream:75 - [STDERR_REDIRECT] 
2025-09-10 12:57:15,151 [ERROR] LogOutputStream:75 - [STDERR_REDIRECT] Sep 10, 2025 12:57:15 PM java.util.prefs.FileSystemPreferences syncWorld
2025-09-10 12:57:15,152 [ERROR] LogOutputStream:75 - [STDERR_REDIRECT] WARNING: Couldn't flush system prefs: java.util.prefs.BackingStoreException: Couldn't get file lock.
2025-09-10 12:57:15,152 [ERROR] LogOutputStream:75 - [STDERR_REDIRECT] 
2025-09-10 12:57:45,150 [ERROR] LogOutputStream:75 - [STDERR_REDIRECT] Sep 10, 2025 12:57:45 PM java.util.prefs.FileSystemPreferences checkLockFile0ErrorCode
2025-09-10 12:57:45,151 [ERROR] LogOutputStream:75 - [STDERR_REDIRECT] WARNING: Could not lock System prefs. Unix error code 2.
2025-09-10 12:57:45,151 [ERROR] LogOutputStream:75 - [STDERR_REDIRECT] 
2025-09-10 12:57:45,151 [ERROR] LogOutputStream:75 - [STDERR_REDIRECT] Sep 10, 2025 12:57:45 PM java.util.prefs.FileSystemPreferences syncWorld
2025-09-10 12:57:45,152 [ERROR] LogOutputStream:75 - [STDERR_REDIRECT] WARNING: Couldn't flush system prefs: java.util.prefs.BackingStoreException: Couldn't get file lock.
2025-09-10 12:57:45,152 [ERROR] LogOutputStream:75 - [STDERR_REDIRECT] 
2025-09-10 12:58:15,150 [ERROR] LogOutputStream:75 - [STDERR_REDIRECT] Sep 10, 2025 12:58:15 PM java.util.prefs.FileSystemPreferences checkLockFile0ErrorCode
2025-09-10 12:58:15,151 [ERROR] LogOutputStream:75 - [STDERR_REDIRECT] WARNING: Could not lock System prefs. Unix error code 2.
2025-09-10 12:58:15,151 [ERROR] LogOutputStream:75 - [STDERR_REDIRECT] 
2025-09-10 12:58:15,151 [ERROR] LogOutputStream:75 - [STDERR_REDIRECT] Sep 10, 2025 12:58:15 PM java.util.prefs.FileSystemPreferences syncWorld
2025-09-10 12:58:15,152 [ERROR] LogOutputStream:75 - [STDERR_REDIRECT] WARNING: Couldn't flush system prefs: java.util.prefs.BackingStoreException: Couldn't get file lock.
2025-09-10 12:58:15,152 [ERROR] LogOutputStream:75 - [STDERR_REDIRECT] 
2025-09-10 12:58:45,151 [ERROR] LogOutputStream:75 - [STDERR_REDIRECT] Sep 10, 2025 12:58:45 PM java.util.prefs.FileSystemPreferences checkLockFile0ErrorCode
2025-09-10 12:58:45,151 [ERROR] LogOutputStream:75 - [STDERR_REDIRECT] WARNING: Could not lock System prefs. Unix error code 2.
2025-09-10 12:58:45,151 [ERROR] LogOutputStream:75 - [STDERR_REDIRECT] 
2025-09-10 12:58:45,152 [ERROR] LogOutputStream:75 - [STDERR_REDIRECT] Sep 10, 2025 12:58:45 PM java.util.prefs.FileSystemPreferences syncWorld
2025-09-10 12:58:45,152 [ERROR] LogOutputStream:75 - [STDERR_REDIRECT] WARNING: Couldn't flush system prefs: java.util.prefs.BackingStoreException: Couldn't get file lock.
2025-09-10 12:58:45,152 [ERROR] LogOutputStream:75 - [STDERR_REDIRECT] 
2025-09-10 12:59:15,150 [ERROR] LogOutputStream:75 - [STDERR_REDIRECT] Sep 10, 2025 12:59:15 PM java.util.prefs.FileSystemPreferences checkLockFile0ErrorCode
2025-09-10 12:59:15,150 [ERROR] LogOutputStream:75 - [STDERR_REDIRECT] WARNING: Could not lock System prefs. Unix error code 2.
2025-09-10 12:59:15,150 [ERROR] LogOutputStream:75 - [STDERR_REDIRECT] 
2025-09-10 12:59:15,151 [ERROR] LogOutputStream:75 - [STDERR_REDIRECT] Sep 10, 2025 12:59:15 PM java.util.prefs.FileSystemPreferences syncWorld
2025-09-10 12:59:15,151 [ERROR] LogOutputStream:75 - [STDERR_REDIRECT] WARNING: Couldn't flush system prefs: java.util.prefs.BackingStoreException: Couldn't get file lock.
2025-09-10 12:59:15,152 [ERROR] LogOutputStream:75 - [STDERR_REDIRECT] 
2025-09-10 12:59:45,149 [ERROR] LogOutputStream:75 - [STDERR_REDIRECT] Sep 10, 2025 12:59:45 PM java.util.prefs.FileSystemPreferences checkLockFile0ErrorCode
2025-09-10 12:59:45,149 [ERROR] LogOutputStream:75 - [STDERR_REDIRECT] WARNING: Could not lock System prefs. Unix error code 2.
2025-09-10 12:59:45,149 [ERROR] LogOutputStream:75 - [STDERR_REDIRECT] 
2025-09-10 12:59:45,150 [ERROR] LogOutputStream:75 - [STDERR_REDIRECT] Sep 10, 2025 12:59:45 PM java.util.prefs.FileSystemPreferences syncWorld
2025-09-10 12:59:45,150 [ERROR] LogOutputStream:75 - [STDERR_REDIRECT] WARNING: Couldn't flush system prefs: java.util.prefs.BackingStoreException: Couldn't get file lock.
2025-09-10 12:59:45,150 [ERROR] LogOutputStream:75 - [STDERR_REDIRECT] 
2025-09-10 13:00:15,151 [ERROR] LogOutputStream:75 - [STDERR_REDIRECT] Sep 10, 2025 1:00:15 PM java.util.prefs.FileSystemPreferences checkLockFile0ErrorCode
2025-09-10 13:00:15,151 [ERROR] LogOutputStream:75 - [STDERR_REDIRECT] WARNING: Could not lock System prefs. Unix error code 2.
2025-09-10 13:00:15,151 [ERROR] LogOutputStream:75 - [STDERR_REDIRECT] 
2025-09-10 13:00:15,152 [ERROR] LogOutputStream:75 - [STDERR_REDIRECT] Sep 10, 2025 1:00:15 PM java.util.prefs.FileSystemPreferences syncWorld
2025-09-10 13:00:15,152 [ERROR] LogOutputStream:75 - [STDERR_REDIRECT] WARNING: Couldn't flush system prefs: java.util.prefs.BackingStoreException: Couldn't get file lock.
2025-09-10 13:00:15,152 [ERROR] LogOutputStream:75 - [STDERR_REDIRECT] 
2025-09-10 13:00:45,151 [ERROR] LogOutputStream:75 - [STDERR_REDIRECT] Sep 10, 2025 1:00:45 PM java.util.prefs.FileSystemPreferences checkLockFile0ErrorCode
2025-09-10 13:00:45,152 [ERROR] LogOutputStream:75 - [STDERR_REDIRECT] WARNING: Could not lock System prefs. Unix error code 2.
2025-09-10 13:00:45,152 [ERROR] LogOutputStream:75 - [STDERR_REDIRECT] 
2025-09-10 13:00:45,152 [ERROR] LogOutputStream:75 - [STDERR_REDIRECT] Sep 10, 2025 1:00:45 PM java.util.prefs.FileSystemPreferences syncWorld
2025-09-10 13:00:45,153 [ERROR] LogOutputStream:75 - [STDERR_REDIRECT] WARNING: Couldn't flush system prefs: java.util.prefs.BackingStoreException: Couldn't get file lock.
2025-09-10 13:00:45,153 [ERROR] LogOutputStream:75 - [STDERR_REDIRECT] 
2025-09-10 13:01:15,151 [ERROR] LogOutputStream:75 - [STDERR_REDIRECT] Sep 10, 2025 1:01:15 PM java.util.prefs.FileSystemPreferences checkLockFile0ErrorCode
2025-09-10 13:01:15,151 [ERROR] LogOutputStream:75 - [STDERR_REDIRECT] WARNING: Could not lock System prefs. Unix error code 2.
2025-09-10 13:01:15,152 [ERROR] LogOutputStream:75 - [STDERR_REDIRECT] 
2025-09-10 13:01:15,152 [ERROR] LogOutputStream:75 - [STDERR_REDIRECT] Sep 10, 2025 1:01:15 PM java.util.prefs.FileSystemPreferences syncWorld
2025-09-10 13:01:15,153 [ERROR] LogOutputStream:75 - [STDERR_REDIRECT] WARNING: Couldn't flush system prefs: java.util.prefs.BackingStoreException: Couldn't get file lock.
2025-09-10 13:01:15,153 [ERROR] LogOutputStream:75 - [STDERR_REDIRECT] 
2025-09-10 13:01:45,151 [ERROR] LogOutputStream:75 - [STDERR_REDIRECT] Sep 10, 2025 1:01:45 PM java.util.prefs.FileSystemPreferences checkLockFile0ErrorCode
2025-09-10 13:01:45,152 [ERROR] LogOutputStream:75 - [STDERR_REDIRECT] WARNING: Could not lock System prefs. Unix error code 2.
2025-09-10 13:01:45,152 [ERROR] LogOutputStream:75 - [STDERR_REDIRECT] 
2025-09-10 13:01:45,152 [ERROR] LogOutputStream:75 - [STDERR_REDIRECT] Sep 10, 2025 1:01:45 PM java.util.prefs.FileSystemPreferences syncWorld
2025-09-10 13:01:45,153 [ERROR] LogOutputStream:75 - [STDERR_REDIRECT] WARNING: Couldn't flush system prefs: java.util.prefs.BackingStoreException: Couldn't get file lock.
2025-09-10 13:01:45,153 [ERROR] LogOutputStream:75 - [STDERR_REDIRECT] 
2025-09-10 13:02:15,151 [ERROR] LogOutputStream:75 - [STDERR_REDIRECT] Sep 10, 2025 1:02:15 PM java.util.prefs.FileSystemPreferences checkLockFile0ErrorCode
2025-09-10 13:02:15,152 [ERROR] LogOutputStream:75 - [STDERR_REDIRECT] WARNING: Could not lock System prefs. Unix error code 2.
2025-09-10 13:02:15,152 [ERROR] LogOutputStream:75 - [STDERR_REDIRECT] 
2025-09-10 13:02:15,152 [ERROR] LogOutputStream:75 - [STDERR_REDIRECT] Sep 10, 2025 1:02:15 PM java.util.prefs.FileSystemPreferences syncWorld
2025-09-10 13:02:15,153 [ERROR] LogOutputStream:75 - [STDERR_REDIRECT] WARNING: Couldn't flush system prefs: java.util.prefs.BackingStoreException: Couldn't get file lock.
2025-09-10 13:02:15,153 [ERROR] LogOutputStream:75 - [STDERR_REDIRECT] 
2025-09-10 13:02:45,152 [ERROR] LogOutputStream:75 - [STDERR_REDIRECT] Sep 10, 2025 1:02:45 PM java.util.prefs.FileSystemPreferences checkLockFile0ErrorCode
2025-09-10 13:02:45,152 [ERROR] LogOutputStream:75 - [STDERR_REDIRECT] WARNING: Could not lock System prefs. Unix error code 2.
2025-09-10 13:02:45,152 [ERROR] LogOutputStream:75 - [STDERR_REDIRECT] 
2025-09-10 13:02:45,153 [ERROR] LogOutputStream:75 - [STDERR_REDIRECT] Sep 10, 2025 1:02:45 PM java.util.prefs.FileSystemPreferences syncWorld
2025-09-10 13:02:45,153 [ERROR] LogOutputStream:75 - [STDERR_REDIRECT] WARNING: Couldn't flush system prefs: java.util.prefs.BackingStoreException: Couldn't get file lock.
2025-09-10 13:02:45,153 [ERROR] LogOutputStream:75 - [STDERR_REDIRECT] 
2025-09-10 13:03:15,152 [ERROR] LogOutputStream:75 - [STDERR_REDIRECT] Sep 10, 2025 1:03:15 PM java.util.prefs.FileSystemPreferences checkLockFile0ErrorCode
2025-09-10 13:03:15,153 [ERROR] LogOutputStream:75 - [STDERR_REDIRECT] WARNING: Could not lock System prefs. Unix error code 2.
2025-09-10 13:03:15,153 [ERROR] LogOutputStream:75 - [STDERR_REDIRECT] 
2025-09-10 13:03:15,154 [ERROR] LogOutputStream:75 - [STDERR_REDIRECT] Sep 10, 2025 1:03:15 PM java.util.prefs.FileSystemPreferences syncWorld
2025-09-10 13:03:15,154 [ERROR] LogOutputStream:75 - [STDERR_REDIRECT] WARNING: Couldn't flush system prefs: java.util.prefs.BackingStoreException: Couldn't get file lock.
2025-09-10 13:03:15,154 [ERROR] LogOutputStream:75 - [STDERR_REDIRECT] 
2025-09-10 13:03:45,151 [ERROR] LogOutputStream:75 - [STDERR_REDIRECT] Sep 10, 2025 1:03:45 PM java.util.prefs.FileSystemPreferences checkLockFile0ErrorCode
2025-09-10 13:03:45,152 [ERROR] LogOutputStream:75 - [STDERR_REDIRECT] WARNING: Could not lock System prefs. Unix error code 2.
2025-09-10 13:03:45,152 [ERROR] LogOutputStream:75 - [STDERR_REDIRECT] 
2025-09-10 13:03:45,152 [ERROR] LogOutputStream:75 - [STDERR_REDIRECT] Sep 10, 2025 1:03:45 PM java.util.prefs.FileSystemPreferences syncWorld
2025-09-10 13:03:45,152 [ERROR] LogOutputStream:75 - [STDERR_REDIRECT] WARNING: Couldn't flush system prefs: java.util.prefs.BackingStoreException: Couldn't get file lock.
2025-09-10 13:03:45,152 [ERROR] LogOutputStream:75 - [STDERR_REDIRECT] 
2025-09-10 13:04:15,152 [ERROR] LogOutputStream:75 - [STDERR_REDIRECT] Sep 10, 2025 1:04:15 PM java.util.prefs.FileSystemPreferences checkLockFile0ErrorCode
2025-09-10 13:04:15,152 [ERROR] LogOutputStream:75 - [STDERR_REDIRECT] WARNING: Could not lock System prefs. Unix error code 2.
2025-09-10 13:04:15,153 [ERROR] LogOutputStream:75 - [STDERR_REDIRECT] 
2025-09-10 13:04:15,153 [ERROR] LogOutputStream:75 - [STDERR_REDIRECT] Sep 10, 2025 1:04:15 PM java.util.prefs.FileSystemPreferences syncWorld
2025-09-10 13:04:15,154 [ERROR] LogOutputStream:75 - [STDERR_REDIRECT] WARNING: Couldn't flush system prefs: java.util.prefs.BackingStoreException: Couldn't get file lock.
2025-09-10 13:04:15,154 [ERROR] LogOutputStream:75 - [STDERR_REDIRECT] 
2025-09-10 13:04:45,152 [ERROR] LogOutputStream:75 - [STDERR_REDIRECT] Sep 10, 2025 1:04:45 PM java.util.prefs.FileSystemPreferences checkLockFile0ErrorCode
2025-09-10 13:04:45,153 [ERROR] LogOutputStream:75 - [STDERR_REDIRECT] WARNING: Could not lock System prefs. Unix error code 2.
2025-09-10 13:04:45,153 [ERROR] LogOutputStream:75 - [STDERR_REDIRECT] 
2025-09-10 13:04:45,153 [ERROR] LogOutputStream:75 - [STDERR_REDIRECT] Sep 10, 2025 1:04:45 PM java.util.prefs.FileSystemPreferences syncWorld
2025-09-10 13:04:45,154 [ERROR] LogOutputStream:75 - [STDERR_REDIRECT] WARNING: Couldn't flush system prefs: java.util.prefs.BackingStoreException: Couldn't get file lock.
2025-09-10 13:04:45,154 [ERROR] LogOutputStream:75 - [STDERR_REDIRECT] 
2025-09-10 13:05:15,152 [ERROR] LogOutputStream:75 - [STDERR_REDIRECT] Sep 10, 2025 1:05:15 PM java.util.prefs.FileSystemPreferences checkLockFile0ErrorCode
2025-09-10 13:05:15,152 [ERROR] LogOutputStream:75 - [STDERR_REDIRECT] WARNING: Could not lock System prefs. Unix error code 2.
2025-09-10 13:05:15,152 [ERROR] LogOutputStream:75 - [STDERR_REDIRECT] 
2025-09-10 13:05:15,153 [ERROR] LogOutputStream:75 - [STDERR_REDIRECT] Sep 10, 2025 1:05:15 PM java.util.prefs.FileSystemPreferences syncWorld
2025-09-10 13:05:15,153 [ERROR] LogOutputStream:75 - [STDERR_REDIRECT] WARNING: Couldn't flush system prefs: java.util.prefs.BackingStoreException: Couldn't get file lock.
2025-09-10 13:05:15,154 [ERROR] LogOutputStream:75 - [STDERR_REDIRECT] 
2025-09-10 13:05:45,152 [ERROR] LogOutputStream:75 - [STDERR_REDIRECT] Sep 10, 2025 1:05:45 PM java.util.prefs.FileSystemPreferences checkLockFile0ErrorCode
2025-09-10 13:05:45,153 [ERROR] LogOutputStream:75 - [STDERR_REDIRECT] WARNING: Could not lock System prefs. Unix error code 2.
2025-09-10 13:05:45,153 [ERROR] LogOutputStream:75 - [STDERR_REDIRECT] 
2025-09-10 13:05:45,153 [ERROR] LogOutputStream:75 - [STDERR_REDIRECT] Sep 10, 2025 1:05:45 PM java.util.prefs.FileSystemPreferences syncWorld
2025-09-10 13:05:45,154 [ERROR] LogOutputStream:75 - [STDERR_REDIRECT] WARNING: Couldn't flush system prefs: java.util.prefs.BackingStoreException: Couldn't get file lock.
2025-09-10 13:05:45,154 [ERROR] LogOutputStream:75 - [STDERR_REDIRECT] 
2025-09-10 13:06:15,152 [ERROR] LogOutputStream:75 - [STDERR_REDIRECT] Sep 10, 2025 1:06:15 PM java.util.prefs.FileSystemPreferences checkLockFile0ErrorCode
2025-09-10 13:06:15,153 [ERROR] LogOutputStream:75 - [STDERR_REDIRECT] WARNING: Could not lock System prefs. Unix error code 2.
2025-09-10 13:06:15,153 [ERROR] LogOutputStream:75 - [STDERR_REDIRECT] 
2025-09-10 13:06:15,153 [ERROR] LogOutputStream:75 - [STDERR_REDIRECT] Sep 10, 2025 1:06:15 PM java.util.prefs.FileSystemPreferences syncWorld
2025-09-10 13:06:15,153 [ERROR] LogOutputStream:75 - [STDERR_REDIRECT] WARNING: Couldn't flush system prefs: java.util.prefs.BackingStoreException: Couldn't get file lock.
2025-09-10 13:06:15,153 [ERROR] LogOutputStream:75 - [STDERR_REDIRECT] 
2025-09-10 13:06:45,152 [ERROR] LogOutputStream:75 - [STDERR_REDIRECT] Sep 10, 2025 1:06:45 PM java.util.prefs.FileSystemPreferences checkLockFile0ErrorCode
2025-09-10 13:06:45,153 [ERROR] LogOutputStream:75 - [STDERR_REDIRECT] WARNING: Could not lock System prefs. Unix error code 2.
2025-09-10 13:06:45,153 [ERROR] LogOutputStream:75 - [STDERR_REDIRECT] 
2025-09-10 13:06:45,153 [ERROR] LogOutputStream:75 - [STDERR_REDIRECT] Sep 10, 2025 1:06:45 PM java.util.prefs.FileSystemPreferences syncWorld
2025-09-10 13:06:45,154 [ERROR] LogOutputStream:75 - [STDERR_REDIRECT] WARNING: Couldn't flush system prefs: java.util.prefs.BackingStoreException: Couldn't get file lock.
2025-09-10 13:06:45,154 [ERROR] LogOutputStream:75 - [STDERR_REDIRECT] 
2025-09-10 13:07:15,152 [ERROR] LogOutputStream:75 - [STDERR_REDIRECT] Sep 10, 2025 1:07:15 PM java.util.prefs.FileSystemPreferences checkLockFile0ErrorCode
2025-09-10 13:07:15,153 [ERROR] LogOutputStream:75 - [STDERR_REDIRECT] WARNING: Could not lock System prefs. Unix error code 2.
2025-09-10 13:07:15,153 [ERROR] LogOutputStream:75 - [STDERR_REDIRECT] 
2025-09-10 13:07:15,153 [ERROR] LogOutputStream:75 - [STDERR_REDIRECT] Sep 10, 2025 1:07:15 PM java.util.prefs.FileSystemPreferences syncWorld
2025-09-10 13:07:15,154 [ERROR] LogOutputStream:75 - [STDERR_REDIRECT] WARNING: Couldn't flush system prefs: java.util.prefs.BackingStoreException: Couldn't get file lock.
2025-09-10 13:07:15,154 [ERROR] LogOutputStream:75 - [STDERR_REDIRECT] 
2025-09-10 13:07:45,152 [ERROR] LogOutputStream:75 - [STDERR_REDIRECT] Sep 10, 2025 1:07:45 PM java.util.prefs.FileSystemPreferences checkLockFile0ErrorCode
2025-09-10 13:07:45,153 [ERROR] LogOutputStream:75 - [STDERR_REDIRECT] WARNING: Could not lock System prefs. Unix error code 2.
2025-09-10 13:07:45,153 [ERROR] LogOutputStream:75 - [STDERR_REDIRECT] 
2025-09-10 13:07:45,153 [ERROR] LogOutputStream:75 - [STDERR_REDIRECT] Sep 10, 2025 1:07:45 PM java.util.prefs.FileSystemPreferences syncWorld
2025-09-10 13:07:45,154 [ERROR] LogOutputStream:75 - [STDERR_REDIRECT] WARNING: Couldn't flush system prefs: java.util.prefs.BackingStoreException: Couldn't get file lock.
2025-09-10 13:07:45,154 [ERROR] LogOutputStream:75 - [STDERR_REDIRECT] 
2025-09-10 13:08:15,152 [ERROR] LogOutputStream:75 - [STDERR_REDIRECT] Sep 10, 2025 1:08:15 PM java.util.prefs.FileSystemPreferences checkLockFile0ErrorCode
2025-09-10 13:08:15,152 [ERROR] LogOutputStream:75 - [STDERR_REDIRECT] WARNING: Could not lock System prefs. Unix error code 2.
2025-09-10 13:08:15,152 [ERROR] LogOutputStream:75 - [STDERR_REDIRECT] 
2025-09-10 13:08:15,153 [ERROR] LogOutputStream:75 - [STDERR_REDIRECT] Sep 10, 2025 1:08:15 PM java.util.prefs.FileSystemPreferences syncWorld
2025-09-10 13:08:15,154 [ERROR] LogOutputStream:75 - [STDERR_REDIRECT] WARNING: Couldn't flush system prefs: java.util.prefs.BackingStoreException: Couldn't get file lock.
2025-09-10 13:08:15,154 [ERROR] LogOutputStream:75 - [STDERR_REDIRECT] 
2025-09-10 13:08:45,151 [ERROR] LogOutputStream:75 - [STDERR_REDIRECT] Sep 10, 2025 1:08:45 PM java.util.prefs.FileSystemPreferences checkLockFile0ErrorCode
2025-09-10 13:08:45,152 [ERROR] LogOutputStream:75 - [STDERR_REDIRECT] WARNING: Could not lock System prefs. Unix error code 2.
2025-09-10 13:08:45,152 [ERROR] LogOutputStream:75 - [STDERR_REDIRECT] 
2025-09-10 13:08:45,152 [ERROR] LogOutputStream:75 - [STDERR_REDIRECT] Sep 10, 2025 1:08:45 PM java.util.prefs.FileSystemPreferences syncWorld
2025-09-10 13:08:45,153 [ERROR] LogOutputStream:75 - [STDERR_REDIRECT] WARNING: Couldn't flush system prefs: java.util.prefs.BackingStoreException: Couldn't get file lock.
2025-09-10 13:08:45,153 [ERROR] LogOutputStream:75 - [STDERR_REDIRECT] 
2025-09-10 13:09:15,152 [ERROR] LogOutputStream:75 - [STDERR_REDIRECT] Sep 10, 2025 1:09:15 PM java.util.prefs.FileSystemPreferences checkLockFile0ErrorCode
2025-09-10 13:09:15,152 [ERROR] LogOutputStream:75 - [STDERR_REDIRECT] WARNING: Could not lock System prefs. Unix error code 2.
2025-09-10 13:09:15,152 [ERROR] LogOutputStream:75 - [STDERR_REDIRECT] 
2025-09-10 13:09:15,153 [ERROR] LogOutputStream:75 - [STDERR_REDIRECT] Sep 10, 2025 1:09:15 PM java.util.prefs.FileSystemPreferences syncWorld
2025-09-10 13:09:15,153 [ERROR] LogOutputStream:75 - [STDERR_REDIRECT] WARNING: Couldn't flush system prefs: java.util.prefs.BackingStoreException: Couldn't get file lock.
2025-09-10 13:09:15,153 [ERROR] LogOutputStream:75 - [STDERR_REDIRECT] 
2025-09-10 13:09:45,152 [ERROR] LogOutputStream:75 - [STDERR_REDIRECT] Sep 10, 2025 1:09:45 PM java.util.prefs.FileSystemPreferences checkLockFile0ErrorCode
2025-09-10 13:09:45,153 [ERROR] LogOutputStream:75 - [STDERR_REDIRECT] WARNING: Could not lock System prefs. Unix error code 2.
2025-09-10 13:09:45,153 [ERROR] LogOutputStream:75 - [STDERR_REDIRECT] 
2025-09-10 13:09:45,153 [ERROR] LogOutputStream:75 - [STDERR_REDIRECT] Sep 10, 2025 1:09:45 PM java.util.prefs.FileSystemPreferences syncWorld
2025-09-10 13:09:45,154 [ERROR] LogOutputStream:75 - [STDERR_REDIRECT] WARNING: Couldn't flush system prefs: java.util.prefs.BackingStoreException: Couldn't get file lock.
2025-09-10 13:09:45,154 [ERROR] LogOutputStream:75 - [STDERR_REDIRECT] 
2025-09-10 13:10:15,152 [ERROR] LogOutputStream:75 - [STDERR_REDIRECT] Sep 10, 2025 1:10:15 PM java.util.prefs.FileSystemPreferences checkLockFile0ErrorCode
2025-09-10 13:10:15,152 [ERROR] LogOutputStream:75 - [STDERR_REDIRECT] WARNING: Could not lock System prefs. Unix error code 2.
2025-09-10 13:10:15,152 [ERROR] LogOutputStream:75 - [STDERR_REDIRECT] 
2025-09-10 13:10:15,153 [ERROR] LogOutputStream:75 - [STDERR_REDIRECT] Sep 10, 2025 1:10:15 PM java.util.prefs.FileSystemPreferences syncWorld
2025-09-10 13:10:15,154 [ERROR] LogOutputStream:75 - [STDERR_REDIRECT] WARNING: Couldn't flush system prefs: java.util.prefs.BackingStoreException: Couldn't get file lock.
2025-09-10 13:10:15,154 [ERROR] LogOutputStream:75 - [STDERR_REDIRECT] 
2025-09-10 13:10:45,152 [ERROR] LogOutputStream:75 - [STDERR_REDIRECT] Sep 10, 2025 1:10:45 PM java.util.prefs.FileSystemPreferences checkLockFile0ErrorCode
2025-09-10 13:10:45,153 [ERROR] LogOutputStream:75 - [STDERR_REDIRECT] WARNING: Could not lock System prefs. Unix error code 2.
2025-09-10 13:10:45,153 [ERROR] LogOutputStream:75 - [STDERR_REDIRECT] 
2025-09-10 13:10:45,153 [ERROR] LogOutputStream:75 - [STDERR_REDIRECT] Sep 10, 2025 1:10:45 PM java.util.prefs.FileSystemPreferences syncWorld
2025-09-10 13:10:45,154 [ERROR] LogOutputStream:75 - [STDERR_REDIRECT] WARNING: Couldn't flush system prefs: java.util.prefs.BackingStoreException: Couldn't get file lock.
2025-09-10 13:10:45,154 [ERROR] LogOutputStream:75 - [STDERR_REDIRECT] 
2025-09-10 13:11:15,152 [ERROR] LogOutputStream:75 - [STDERR_REDIRECT] Sep 10, 2025 1:11:15 PM java.util.prefs.FileSystemPreferences checkLockFile0ErrorCode
2025-09-10 13:11:15,153 [ERROR] LogOutputStream:75 - [STDERR_REDIRECT] WARNING: Could not lock System prefs. Unix error code 2.
2025-09-10 13:11:15,153 [ERROR] LogOutputStream:75 - [STDERR_REDIRECT] 
2025-09-10 13:11:15,153 [ERROR] LogOutputStream:75 - [STDERR_REDIRECT] Sep 10, 2025 1:11:15 PM java.util.prefs.FileSystemPreferences syncWorld
2025-09-10 13:11:15,153 [ERROR] LogOutputStream:75 - [STDERR_REDIRECT] WARNING: Couldn't flush system prefs: java.util.prefs.BackingStoreException: Couldn't get file lock.
2025-09-10 13:11:15,153 [ERROR] LogOutputStream:75 - [STDERR_REDIRECT] 
2025-09-10 13:11:45,152 [ERROR] LogOutputStream:75 - [STDERR_REDIRECT] Sep 10, 2025 1:11:45 PM java.util.prefs.FileSystemPreferences checkLockFile0ErrorCode
2025-09-10 13:11:45,153 [ERROR] LogOutputStream:75 - [STDERR_REDIRECT] WARNING: Could not lock System prefs. Unix error code 2.
2025-09-10 13:11:45,153 [ERROR] LogOutputStream:75 - [STDERR_REDIRECT] 
2025-09-10 13:11:45,153 [ERROR] LogOutputStream:75 - [STDERR_REDIRECT] Sep 10, 2025 1:11:45 PM java.util.prefs.FileSystemPreferences syncWorld
2025-09-10 13:11:45,154 [ERROR] LogOutputStream:75 - [STDERR_REDIRECT] WARNING: Couldn't flush system prefs: java.util.prefs.BackingStoreException: Couldn't get file lock.
2025-09-10 13:11:45,154 [ERROR] LogOutputStream:75 - [STDERR_REDIRECT] 
2025-09-10 13:12:15,154 [ERROR] LogOutputStream:75 - [STDERR_REDIRECT] Sep 10, 2025 1:12:15 PM java.util.prefs.FileSystemPreferences checkLockFile0ErrorCode
2025-09-10 13:12:15,154 [ERROR] LogOutputStream:75 - [STDERR_REDIRECT] WARNING: Could not lock System prefs. Unix error code 2.
2025-09-10 13:12:15,154 [ERROR] LogOutputStream:75 - [STDERR_REDIRECT] 
2025-09-10 13:12:15,155 [ERROR] LogOutputStream:75 - [STDERR_REDIRECT] Sep 10, 2025 1:12:15 PM java.util.prefs.FileSystemPreferences syncWorld
2025-09-10 13:12:15,155 [ERROR] LogOutputStream:75 - [STDERR_REDIRECT] WARNING: Couldn't flush system prefs: java.util.prefs.BackingStoreException: Couldn't get file lock.
2025-09-10 13:12:15,155 [ERROR] LogOutputStream:75 - [STDERR_REDIRECT] 
2025-09-10 13:12:45,154 [ERROR] LogOutputStream:75 - [STDERR_REDIRECT] Sep 10, 2025 1:12:45 PM java.util.prefs.FileSystemPreferences checkLockFile0ErrorCode
2025-09-10 13:12:45,155 [ERROR] LogOutputStream:75 - [STDERR_REDIRECT] WARNING: Could not lock System prefs. Unix error code 2.
2025-09-10 13:12:45,155 [ERROR] LogOutputStream:75 - [STDERR_REDIRECT] 
2025-09-10 13:12:45,155 [ERROR] LogOutputStream:75 - [STDERR_REDIRECT] Sep 10, 2025 1:12:45 PM java.util.prefs.FileSystemPreferences syncWorld
2025-09-10 13:12:45,156 [ERROR] LogOutputStream:75 - [STDERR_REDIRECT] WARNING: Couldn't flush system prefs: java.util.prefs.BackingStoreException: Couldn't get file lock.
2025-09-10 13:12:45,156 [ERROR] LogOutputStream:75 - [STDERR_REDIRECT] 
2025-09-10 13:13:15,155 [ERROR] LogOutputStream:75 - [STDERR_REDIRECT] Sep 10, 2025 1:13:15 PM java.util.prefs.FileSystemPreferences checkLockFile0ErrorCode
2025-09-10 13:13:15,155 [ERROR] LogOutputStream:75 - [STDERR_REDIRECT] WARNING: Could not lock System prefs. Unix error code 2.
2025-09-10 13:13:15,155 [ERROR] LogOutputStream:75 - [STDERR_REDIRECT] 
2025-09-10 13:13:15,156 [ERROR] LogOutputStream:75 - [STDERR_REDIRECT] Sep 10, 2025 1:13:15 PM java.util.prefs.FileSystemPreferences syncWorld
2025-09-10 13:13:15,156 [ERROR] LogOutputStream:75 - [STDERR_REDIRECT] WARNING: Couldn't flush system prefs: java.util.prefs.BackingStoreException: Couldn't get file lock.
2025-09-10 13:13:15,156 [ERROR] LogOutputStream:75 - [STDERR_REDIRECT] 
2025-09-10 13:13:45,155 [ERROR] LogOutputStream:75 - [STDERR_REDIRECT] Sep 10, 2025 1:13:45 PM java.util.prefs.FileSystemPreferences checkLockFile0ErrorCode
2025-09-10 13:13:45,155 [ERROR] LogOutputStream:75 - [STDERR_REDIRECT] WARNING: Could not lock System prefs. Unix error code 2.
2025-09-10 13:13:45,155 [ERROR] LogOutputStream:75 - [STDERR_REDIRECT] 
2025-09-10 13:13:45,156 [ERROR] LogOutputStream:75 - [STDERR_REDIRECT] Sep 10, 2025 1:13:45 PM java.util.prefs.FileSystemPreferences syncWorld
2025-09-10 13:13:45,157 [ERROR] LogOutputStream:75 - [STDERR_REDIRECT] WARNING: Couldn't flush system prefs: java.util.prefs.BackingStoreException: Couldn't get file lock.
2025-09-10 13:13:45,157 [ERROR] LogOutputStream:75 - [STDERR_REDIRECT] 
2025-09-10 13:14:15,155 [ERROR] LogOutputStream:75 - [STDERR_REDIRECT] Sep 10, 2025 1:14:15 PM java.util.prefs.FileSystemPreferences checkLockFile0ErrorCode
2025-09-10 13:14:15,155 [ERROR] LogOutputStream:75 - [STDERR_REDIRECT] WARNING: Could not lock System prefs. Unix error code 2.
2025-09-10 13:14:15,155 [ERROR] LogOutputStream:75 - [STDERR_REDIRECT] 
2025-09-10 13:14:15,156 [ERROR] LogOutputStream:75 - [STDERR_REDIRECT] Sep 10, 2025 1:14:15 PM java.util.prefs.FileSystemPreferences syncWorld
2025-09-10 13:14:15,157 [ERROR] LogOutputStream:75 - [STDERR_REDIRECT] WARNING: Couldn't flush system prefs: java.util.prefs.BackingStoreException: Couldn't get file lock.
2025-09-10 13:14:15,157 [ERROR] LogOutputStream:75 - [STDERR_REDIRECT] 
2025-09-10 13:14:45,155 [ERROR] LogOutputStream:75 - [STDERR_REDIRECT] Sep 10, 2025 1:14:45 PM java.util.prefs.FileSystemPreferences checkLockFile0ErrorCode
2025-09-10 13:14:45,155 [ERROR] LogOutputStream:75 - [STDERR_REDIRECT] WARNING: Could not lock System prefs. Unix error code 2.
2025-09-10 13:14:45,155 [ERROR] LogOutputStream:75 - [STDERR_REDIRECT] 
2025-09-10 13:14:45,156 [ERROR] LogOutputStream:75 - [STDERR_REDIRECT] Sep 10, 2025 1:14:45 PM java.util.prefs.FileSystemPreferences syncWorld
2025-09-10 13:14:45,156 [ERROR] LogOutputStream:75 - [STDERR_REDIRECT] WARNING: Couldn't flush system prefs: java.util.prefs.BackingStoreException: Couldn't get file lock.
2025-09-10 13:14:45,156 [ERROR] LogOutputStream:75 - [STDERR_REDIRECT] 
2025-09-10 13:15:15,156 [ERROR] LogOutputStream:75 - [STDERR_REDIRECT] Sep 10, 2025 1:15:15 PM java.util.prefs.FileSystemPreferences checkLockFile0ErrorCode
2025-09-10 13:15:15,156 [ERROR] LogOutputStream:75 - [STDERR_REDIRECT] WARNING: Could not lock System prefs. Unix error code 2.
2025-09-10 13:15:15,156 [ERROR] LogOutputStream:75 - [STDERR_REDIRECT] 
2025-09-10 13:15:15,157 [ERROR] LogOutputStream:75 - [STDERR_REDIRECT] Sep 10, 2025 1:15:15 PM java.util.prefs.FileSystemPreferences syncWorld
2025-09-10 13:15:15,157 [ERROR] LogOutputStream:75 - [STDERR_REDIRECT] WARNING: Couldn't flush system prefs: java.util.prefs.BackingStoreException: Couldn't get file lock.
2025-09-10 13:15:15,157 [ERROR] LogOutputStream:75 - [STDERR_REDIRECT] 
2025-09-10 14:04:50,819 [INFO] WebApp:194 - Connection lost
2025-09-10 14:04:55,812 [ERROR] LogOutputStream:75 - [STDERR_REDIRECT] Sep 10, 2025 2:04:55 PM java.util.prefs.FileSystemPreferences checkLockFile0ErrorCode
2025-09-10 14:04:55,812 [ERROR] LogOutputStream:75 - [STDERR_REDIRECT] WARNING: Could not lock System prefs. Unix error code 2.
2025-09-10 14:04:55,812 [ERROR] LogOutputStream:75 - [STDERR_REDIRECT] 
2025-09-10 14:04:55,813 [ERROR] LogOutputStream:75 - [STDERR_REDIRECT] Sep 10, 2025 2:04:55 PM java.util.prefs.FileSystemPreferences syncWorld
2025-09-10 14:04:55,813 [ERROR] LogOutputStream:75 - [STDERR_REDIRECT] WARNING: Couldn't flush system prefs: java.util.prefs.BackingStoreException: Couldn't get file lock.
2025-09-10 14:04:55,813 [ERROR] LogOutputStream:75 - [STDERR_REDIRECT] 
2025-09-10 14:05:25,812 [ERROR] LogOutputStream:75 - [STDERR_REDIRECT] Sep 10, 2025 2:05:25 PM java.util.prefs.FileSystemPreferences checkLockFile0ErrorCode
2025-09-10 14:05:25,813 [ERROR] LogOutputStream:75 - [STDERR_REDIRECT] WARNING: Could not lock System prefs. Unix error code 2.
2025-09-10 14:05:25,813 [ERROR] LogOutputStream:75 - [STDERR_REDIRECT] 
2025-09-10 14:05:25,814 [ERROR] LogOutputStream:75 - [STDERR_REDIRECT] Sep 10, 2025 2:05:25 PM java.util.prefs.FileSystemPreferences syncWorld
2025-09-10 14:05:25,814 [ERROR] LogOutputStream:75 - [STDERR_REDIRECT] WARNING: Couldn't flush system prefs: java.util.prefs.BackingStoreException: Couldn't get file lock.
2025-09-10 14:05:25,814 [ERROR] LogOutputStream:75 - [STDERR_REDIRECT] 
2025-09-10 14:05:55,811 [ERROR] LogOutputStream:75 - [STDERR_REDIRECT] Sep 10, 2025 2:05:55 PM java.util.prefs.FileSystemPreferences checkLockFile0ErrorCode
2025-09-10 14:05:55,811 [ERROR] LogOutputStream:75 - [STDERR_REDIRECT] WARNING: Could not lock System prefs. Unix error code 2.
2025-09-10 14:05:55,812 [ERROR] LogOutputStream:75 - [STDERR_REDIRECT] 
2025-09-10 14:05:55,812 [ERROR] LogOutputStream:75 - [STDERR_REDIRECT] Sep 10, 2025 2:05:55 PM java.util.prefs.FileSystemPreferences syncWorld
2025-09-10 14:05:55,813 [ERROR] LogOutputStream:75 - [STDERR_REDIRECT] WARNING: Couldn't flush system prefs: java.util.prefs.BackingStoreException: Couldn't get file lock.
2025-09-10 14:05:55,813 [ERROR] LogOutputStream:75 - [STDERR_REDIRECT] 
2025-09-10 14:06:25,812 [ERROR] LogOutputStream:75 - [STDERR_REDIRECT] Sep 10, 2025 2:06:25 PM java.util.prefs.FileSystemPreferences checkLockFile0ErrorCode
2025-09-10 14:06:25,813 [ERROR] LogOutputStream:75 - [STDERR_REDIRECT] WARNING: Could not lock System prefs. Unix error code 2.
2025-09-10 14:06:25,813 [ERROR] LogOutputStream:75 - [STDERR_REDIRECT] 
2025-09-10 14:06:25,813 [ERROR] LogOutputStream:75 - [STDERR_REDIRECT] Sep 10, 2025 2:06:25 PM java.util.prefs.FileSystemPreferences syncWorld
2025-09-10 14:06:25,814 [ERROR] LogOutputStream:75 - [STDERR_REDIRECT] WARNING: Couldn't flush system prefs: java.util.prefs.BackingStoreException: Couldn't get file lock.
2025-09-10 14:06:25,814 [ERROR] LogOutputStream:75 - [STDERR_REDIRECT] 
2025-09-10 14:06:55,811 [ERROR] LogOutputStream:75 - [STDERR_REDIRECT] Sep 10, 2025 2:06:55 PM java.util.prefs.FileSystemPreferences checkLockFile0ErrorCode
2025-09-10 14:06:55,811 [ERROR] LogOutputStream:75 - [STDERR_REDIRECT] WARNING: Could not lock System prefs. Unix error code 2.
2025-09-10 14:06:55,811 [ERROR] LogOutputStream:75 - [STDERR_REDIRECT] 
2025-09-10 14:06:55,812 [ERROR] LogOutputStream:75 - [STDERR_REDIRECT] Sep 10, 2025 2:06:55 PM java.util.prefs.FileSystemPreferences syncWorld
2025-09-10 14:06:55,812 [ERROR] LogOutputStream:75 - [STDERR_REDIRECT] WARNING: Couldn't flush system prefs: java.util.prefs.BackingStoreException: Couldn't get file lock.
2025-09-10 14:06:55,812 [ERROR] LogOutputStream:75 - [STDERR_REDIRECT] 
2025-09-10 14:07:25,811 [ERROR] LogOutputStream:75 - [STDERR_REDIRECT] Sep 10, 2025 2:07:25 PM java.util.prefs.FileSystemPreferences checkLockFile0ErrorCode
2025-09-10 14:07:25,812 [ERROR] LogOutputStream:75 - [STDERR_REDIRECT] WARNING: Could not lock System prefs. Unix error code 2.
2025-09-10 14:07:25,812 [ERROR] LogOutputStream:75 - [STDERR_REDIRECT] 
2025-09-10 14:07:25,812 [ERROR] LogOutputStream:75 - [STDERR_REDIRECT] Sep 10, 2025 2:07:25 PM java.util.prefs.FileSystemPreferences syncWorld
2025-09-10 14:07:25,813 [ERROR] LogOutputStream:75 - [STDERR_REDIRECT] WARNING: Couldn't flush system prefs: java.util.prefs.BackingStoreException: Couldn't get file lock.
2025-09-10 14:07:25,813 [ERROR] LogOutputStream:75 - [STDERR_REDIRECT] 
2025-09-10 14:07:55,812 [ERROR] LogOutputStream:75 - [STDERR_REDIRECT] Sep 10, 2025 2:07:55 PM java.util.prefs.FileSystemPreferences checkLockFile0ErrorCode
2025-09-10 14:07:55,812 [ERROR] LogOutputStream:75 - [STDERR_REDIRECT] WARNING: Could not lock System prefs. Unix error code 2.
2025-09-10 14:07:55,812 [ERROR] LogOutputStream:75 - [STDERR_REDIRECT] 
2025-09-10 14:07:55,813 [ERROR] LogOutputStream:75 - [STDERR_REDIRECT] Sep 10, 2025 2:07:55 PM java.util.prefs.FileSystemPreferences syncWorld
2025-09-10 14:07:55,814 [ERROR] LogOutputStream:75 - [STDERR_REDIRECT] WARNING: Couldn't flush system prefs: java.util.prefs.BackingStoreException: Couldn't get file lock.
2025-09-10 14:07:55,814 [ERROR] LogOutputStream:75 - [STDERR_REDIRECT] 
2025-09-10 14:08:25,810 [ERROR] LogOutputStream:75 - [STDERR_REDIRECT] Sep 10, 2025 2:08:25 PM java.util.prefs.FileSystemPreferences checkLockFile0ErrorCode
2025-09-10 14:08:25,811 [ERROR] LogOutputStream:75 - [STDERR_REDIRECT] WARNING: Could not lock System prefs. Unix error code 2.
2025-09-10 14:08:25,811 [ERROR] LogOutputStream:75 - [STDERR_REDIRECT] 
2025-09-10 14:08:25,811 [ERROR] LogOutputStream:75 - [STDERR_REDIRECT] Sep 10, 2025 2:08:25 PM java.util.prefs.FileSystemPreferences syncWorld
2025-09-10 14:08:25,812 [ERROR] LogOutputStream:75 - [STDERR_REDIRECT] WARNING: Couldn't flush system prefs: java.util.prefs.BackingStoreException: Couldn't get file lock.
2025-09-10 14:08:25,812 [ERROR] LogOutputStream:75 - [STDERR_REDIRECT] 
2025-09-10 14:08:55,812 [ERROR] LogOutputStream:75 - [STDERR_REDIRECT] Sep 10, 2025 2:08:55 PM java.util.prefs.FileSystemPreferences checkLockFile0ErrorCode
2025-09-10 14:08:55,812 [ERROR] LogOutputStream:75 - [STDERR_REDIRECT] WARNING: Could not lock System prefs. Unix error code 2.
2025-09-10 14:08:55,812 [ERROR] LogOutputStream:75 - [STDERR_REDIRECT] 
2025-09-10 14:08:55,813 [ERROR] LogOutputStream:75 - [STDERR_REDIRECT] Sep 10, 2025 2:08:55 PM java.util.prefs.FileSystemPreferences syncWorld
2025-09-10 14:08:55,813 [ERROR] LogOutputStream:75 - [STDERR_REDIRECT] WARNING: Couldn't flush system prefs: java.util.prefs.BackingStoreException: Couldn't get file lock.
2025-09-10 14:08:55,814 [ERROR] LogOutputStream:75 - [STDERR_REDIRECT] 
2025-09-10 14:09:06,014 [INFO] WebApp:191 - Connection restablished
2025-09-10 14:09:25,812 [ERROR] LogOutputStream:75 - [STDERR_REDIRECT] Sep 10, 2025 2:09:25 PM java.util.prefs.FileSystemPreferences checkLockFile0ErrorCode
2025-09-10 14:09:25,812 [ERROR] LogOutputStream:75 - [STDERR_REDIRECT] WARNING: Could not lock System prefs. Unix error code 2.
2025-09-10 14:09:25,813 [ERROR] LogOutputStream:75 - [STDERR_REDIRECT] 
2025-09-10 14:09:25,813 [ERROR] LogOutputStream:75 - [STDERR_REDIRECT] Sep 10, 2025 2:09:25 PM java.util.prefs.FileSystemPreferences syncWorld
2025-09-10 14:09:25,814 [ERROR] LogOutputStream:75 - [STDERR_REDIRECT] WARNING: Couldn't flush system prefs: java.util.prefs.BackingStoreException: Couldn't get file lock.
2025-09-10 14:09:25,814 [ERROR] LogOutputStream:75 - [STDERR_REDIRECT] 
2025-09-10 14:09:55,813 [ERROR] LogOutputStream:75 - [STDERR_REDIRECT] Sep 10, 2025 2:09:55 PM java.util.prefs.FileSystemPreferences checkLockFile0ErrorCode
2025-09-10 14:09:55,814 [ERROR] LogOutputStream:75 - [STDERR_REDIRECT] WARNING: Could not lock System prefs. Unix error code 2.
2025-09-10 14:09:55,814 [ERROR] LogOutputStream:75 - [STDERR_REDIRECT] 
2025-09-10 14:09:55,814 [ERROR] LogOutputStream:75 - [STDERR_REDIRECT] Sep 10, 2025 2:09:55 PM java.util.prefs.FileSystemPreferences syncWorld
2025-09-10 14:09:55,815 [ERROR] LogOutputStream:75 - [STDERR_REDIRECT] WARNING: Couldn't flush system prefs: java.util.prefs.BackingStoreException: Couldn't get file lock.
2025-09-10 14:09:55,815 [ERROR] LogOutputStream:75 - [STDERR_REDIRECT] 
2025-09-10 14:10:25,812 [ERROR] LogOutputStream:75 - [STDERR_REDIRECT] Sep 10, 2025 2:10:25 PM java.util.prefs.FileSystemPreferences checkLockFile0ErrorCode
2025-09-10 14:10:25,813 [ERROR] LogOutputStream:75 - [STDERR_REDIRECT] WARNING: Could not lock System prefs. Unix error code 2.
2025-09-10 14:10:25,813 [ERROR] LogOutputStream:75 - [STDERR_REDIRECT] 
2025-09-10 14:10:25,813 [ERROR] LogOutputStream:75 - [STDERR_REDIRECT] Sep 10, 2025 2:10:25 PM java.util.prefs.FileSystemPreferences syncWorld
2025-09-10 14:10:25,813 [ERROR] LogOutputStream:75 - [STDERR_REDIRECT] WARNING: Couldn't flush system prefs: java.util.prefs.BackingStoreException: Couldn't get file lock.
2025-09-10 14:10:25,814 [ERROR] LogOutputStream:75 - [STDERR_REDIRECT] 
2025-09-10 14:10:55,811 [ERROR] LogOutputStream:75 - [STDERR_REDIRECT] Sep 10, 2025 2:10:55 PM java.util.prefs.FileSystemPreferences checkLockFile0ErrorCode
2025-09-10 14:10:55,812 [ERROR] LogOutputStream:75 - [STDERR_REDIRECT] WARNING: Could not lock System prefs. Unix error code 2.
2025-09-10 14:10:55,812 [ERROR] LogOutputStream:75 - [STDERR_REDIRECT] 
2025-09-10 14:10:55,812 [ERROR] LogOutputStream:75 - [STDERR_REDIRECT] Sep 10, 2025 2:10:55 PM java.util.prefs.FileSystemPreferences syncWorld
2025-09-10 14:10:55,813 [ERROR] LogOutputStream:75 - [STDERR_REDIRECT] WARNING: Couldn't flush system prefs: java.util.prefs.BackingStoreException: Couldn't get file lock.
2025-09-10 14:10:55,813 [ERROR] LogOutputStream:75 - [STDERR_REDIRECT] 
2025-09-10 14:11:25,811 [ERROR] LogOutputStream:75 - [STDERR_REDIRECT] Sep 10, 2025 2:11:25 PM java.util.prefs.FileSystemPreferences checkLockFile0ErrorCode
2025-09-10 14:11:25,811 [ERROR] LogOutputStream:75 - [STDERR_REDIRECT] WARNING: Could not lock System prefs. Unix error code 2.
2025-09-10 14:11:25,811 [ERROR] LogOutputStream:75 - [STDERR_REDIRECT] 
2025-09-10 14:11:25,812 [ERROR] LogOutputStream:75 - [STDERR_REDIRECT] Sep 10, 2025 2:11:25 PM java.util.prefs.FileSystemPreferences syncWorld
2025-09-10 14:11:25,813 [ERROR] LogOutputStream:75 - [STDERR_REDIRECT] WARNING: Couldn't flush system prefs: java.util.prefs.BackingStoreException: Couldn't get file lock.
2025-09-10 14:11:25,813 [ERROR] LogOutputStream:75 - [STDERR_REDIRECT] 
2025-09-10 14:11:55,812 [ERROR] LogOutputStream:75 - [STDERR_REDIRECT] Sep 10, 2025 2:11:55 PM java.util.prefs.FileSystemPreferences checkLockFile0ErrorCode
2025-09-10 14:11:55,813 [ERROR] LogOutputStream:75 - [STDERR_REDIRECT] WARNING: Could not lock System prefs. Unix error code 2.
2025-09-10 14:11:55,813 [ERROR] LogOutputStream:75 - [STDERR_REDIRECT] 
2025-09-10 14:11:55,813 [ERROR] LogOutputStream:75 - [STDERR_REDIRECT] Sep 10, 2025 2:11:55 PM java.util.prefs.FileSystemPreferences syncWorld
2025-09-10 14:11:55,814 [ERROR] LogOutputStream:75 - [STDERR_REDIRECT] WARNING: Couldn't flush system prefs: java.util.prefs.BackingStoreException: Couldn't get file lock.
2025-09-10 14:11:55,814 [ERROR] LogOutputStream:75 - [STDERR_REDIRECT] 
2025-09-10 14:12:25,811 [ERROR] LogOutputStream:75 - [STDERR_REDIRECT] Sep 10, 2025 2:12:25 PM java.util.prefs.FileSystemPreferences checkLockFile0ErrorCode
2025-09-10 14:12:25,812 [ERROR] LogOutputStream:75 - [STDERR_REDIRECT] WARNING: Could not lock System prefs. Unix error code 2.
2025-09-10 14:12:25,812 [ERROR] LogOutputStream:75 - [STDERR_REDIRECT] 
2025-09-10 14:12:25,813 [ERROR] LogOutputStream:75 - [STDERR_REDIRECT] Sep 10, 2025 2:12:25 PM java.util.prefs.FileSystemPreferences syncWorld
2025-09-10 14:12:25,813 [ERROR] LogOutputStream:75 - [STDERR_REDIRECT] WARNING: Couldn't flush system prefs: java.util.prefs.BackingStoreException: Couldn't get file lock.
2025-09-10 14:12:25,813 [ERROR] LogOutputStream:75 - [STDERR_REDIRECT] 
2025-09-10 14:12:55,813 [ERROR] LogOutputStream:75 - [STDERR_REDIRECT] Sep 10, 2025 2:12:55 PM java.util.prefs.FileSystemPreferences checkLockFile0ErrorCode
2025-09-10 14:12:55,813 [ERROR] LogOutputStream:75 - [STDERR_REDIRECT] WARNING: Could not lock System prefs. Unix error code 2.
2025-09-10 14:12:55,813 [ERROR] LogOutputStream:75 - [STDERR_REDIRECT] 
2025-09-10 14:12:55,814 [ERROR] LogOutputStream:75 - [STDERR_REDIRECT] Sep 10, 2025 2:12:55 PM java.util.prefs.FileSystemPreferences syncWorld
2025-09-10 14:12:55,814 [ERROR] LogOutputStream:75 - [STDERR_REDIRECT] WARNING: Couldn't flush system prefs: java.util.prefs.BackingStoreException: Couldn't get file lock.
2025-09-10 14:12:55,814 [ERROR] LogOutputStream:75 - [STDERR_REDIRECT] 
2025-09-10 14:13:25,813 [ERROR] LogOutputStream:75 - [STDERR_REDIRECT] Sep 10, 2025 2:13:25 PM java.util.prefs.FileSystemPreferences checkLockFile0ErrorCode
2025-09-10 14:13:25,813 [ERROR] LogOutputStream:75 - [STDERR_REDIRECT] WARNING: Could not lock System prefs. Unix error code 2.
2025-09-10 14:13:25,813 [ERROR] LogOutputStream:75 - [STDERR_REDIRECT] 
2025-09-10 14:13:25,814 [ERROR] LogOutputStream:75 - [STDERR_REDIRECT] Sep 10, 2025 2:13:25 PM java.util.prefs.FileSystemPreferences syncWorld
2025-09-10 14:13:25,815 [ERROR] LogOutputStream:75 - [STDERR_REDIRECT] WARNING: Couldn't flush system prefs: java.util.prefs.BackingStoreException: Couldn't get file lock.
2025-09-10 14:13:25,815 [ERROR] LogOutputStream:75 - [STDERR_REDIRECT] 
2025-09-10 14:13:55,814 [ERROR] LogOutputStream:75 - [STDERR_REDIRECT] Sep 10, 2025 2:13:55 PM java.util.prefs.FileSystemPreferences checkLockFile0ErrorCode
2025-09-10 14:13:55,814 [ERROR] LogOutputStream:75 - [STDERR_REDIRECT] WARNING: Could not lock System prefs. Unix error code 2.
2025-09-10 14:13:55,815 [ERROR] LogOutputStream:75 - [STDERR_REDIRECT] 
2025-09-10 14:13:55,815 [ERROR] LogOutputStream:75 - [STDERR_REDIRECT] Sep 10, 2025 2:13:55 PM java.util.prefs.FileSystemPreferences syncWorld
2025-09-10 14:13:55,816 [ERROR] LogOutputStream:75 - [STDERR_REDIRECT] WARNING: Couldn't flush system prefs: java.util.prefs.BackingStoreException: Couldn't get file lock.
2025-09-10 14:13:55,816 [ERROR] LogOutputStream:75 - [STDERR_REDIRECT] 
2025-09-10 14:14:25,814 [ERROR] LogOutputStream:75 - [STDERR_REDIRECT] Sep 10, 2025 2:14:25 PM java.util.prefs.FileSystemPreferences checkLockFile0ErrorCode
2025-09-10 14:14:25,814 [ERROR] LogOutputStream:75 - [STDERR_REDIRECT] WARNING: Could not lock System prefs. Unix error code 2.
2025-09-10 14:14:25,814 [ERROR] LogOutputStream:75 - [STDERR_REDIRECT] 
2025-09-10 14:14:25,815 [ERROR] LogOutputStream:75 - [STDERR_REDIRECT] Sep 10, 2025 2:14:25 PM java.util.prefs.FileSystemPreferences syncWorld
2025-09-10 14:14:25,815 [ERROR] LogOutputStream:75 - [STDERR_REDIRECT] WARNING: Couldn't flush system prefs: java.util.prefs.BackingStoreException: Couldn't get file lock.
2025-09-10 14:14:25,816 [ERROR] LogOutputStream:75 - [STDERR_REDIRECT] 
2025-09-10 14:14:55,814 [ERROR] LogOutputStream:75 - [STDERR_REDIRECT] Sep 10, 2025 2:14:55 PM java.util.prefs.FileSystemPreferences checkLockFile0ErrorCode
2025-09-10 14:14:55,815 [ERROR] LogOutputStream:75 - [STDERR_REDIRECT] WARNING: Could not lock System prefs. Unix error code 2.
2025-09-10 14:14:55,815 [ERROR] LogOutputStream:75 - [STDERR_REDIRECT] 
2025-09-10 14:14:55,815 [ERROR] LogOutputStream:75 - [STDERR_REDIRECT] Sep 10, 2025 2:14:55 PM java.util.prefs.FileSystemPreferences syncWorld
2025-09-10 14:14:55,816 [ERROR] LogOutputStream:75 - [STDERR_REDIRECT] WARNING: Couldn't flush system prefs: java.util.prefs.BackingStoreException: Couldn't get file lock.
2025-09-10 14:14:55,816 [ERROR] LogOutputStream:75 - [STDERR_REDIRECT] 
2025-09-10 14:15:25,814 [ERROR] LogOutputStream:75 - [STDERR_REDIRECT] Sep 10, 2025 2:15:25 PM java.util.prefs.FileSystemPreferences checkLockFile0ErrorCode
2025-09-10 14:15:25,815 [ERROR] LogOutputStream:75 - [STDERR_REDIRECT] WARNING: Could not lock System prefs. Unix error code 2.
2025-09-10 14:15:25,815 [ERROR] LogOutputStream:75 - [STDERR_REDIRECT] 
2025-09-10 14:15:25,815 [ERROR] LogOutputStream:75 - [STDERR_REDIRECT] Sep 10, 2025 2:15:25 PM java.util.prefs.FileSystemPreferences syncWorld
2025-09-10 14:15:25,816 [ERROR] LogOutputStream:75 - [STDERR_REDIRECT] WARNING: Couldn't flush system prefs: java.util.prefs.BackingStoreException: Couldn't get file lock.
2025-09-10 14:15:25,816 [ERROR] LogOutputStream:75 - [STDERR_REDIRECT] 
2025-09-10 14:15:55,814 [ERROR] LogOutputStream:75 - [STDERR_REDIRECT] Sep 10, 2025 2:15:55 PM java.util.prefs.FileSystemPreferences checkLockFile0ErrorCode
2025-09-10 14:15:55,814 [ERROR] LogOutputStream:75 - [STDERR_REDIRECT] WARNING: Could not lock System prefs. Unix error code 2.
2025-09-10 14:15:55,815 [ERROR] LogOutputStream:75 - [STDERR_REDIRECT] 
2025-09-10 14:15:55,815 [ERROR] LogOutputStream:75 - [STDERR_REDIRECT] Sep 10, 2025 2:15:55 PM java.util.prefs.FileSystemPreferences syncWorld
2025-09-10 14:15:55,816 [ERROR] LogOutputStream:75 - [STDERR_REDIRECT] WARNING: Couldn't flush system prefs: java.util.prefs.BackingStoreException: Couldn't get file lock.
2025-09-10 14:15:55,816 [ERROR] LogOutputStream:75 - [STDERR_REDIRECT] 
2025-09-10 14:16:25,814 [ERROR] LogOutputStream:75 - [STDERR_REDIRECT] Sep 10, 2025 2:16:25 PM java.util.prefs.FileSystemPreferences checkLockFile0ErrorCode
2025-09-10 14:16:25,815 [ERROR] LogOutputStream:75 - [STDERR_REDIRECT] WARNING: Could not lock System prefs. Unix error code 2.
2025-09-10 14:16:25,815 [ERROR] LogOutputStream:75 - [STDERR_REDIRECT] 
2025-09-10 14:16:25,816 [ERROR] LogOutputStream:75 - [STDERR_REDIRECT] Sep 10, 2025 2:16:25 PM java.util.prefs.FileSystemPreferences syncWorld
2025-09-10 14:16:25,816 [ERROR] LogOutputStream:75 - [STDERR_REDIRECT] WARNING: Couldn't flush system prefs: java.util.prefs.BackingStoreException: Couldn't get file lock.
2025-09-10 14:16:25,816 [ERROR] LogOutputStream:75 - [STDERR_REDIRECT] 
2025-09-10 14:16:55,814 [ERROR] LogOutputStream:75 - [STDERR_REDIRECT] Sep 10, 2025 2:16:55 PM java.util.prefs.FileSystemPreferences checkLockFile0ErrorCode
2025-09-10 14:16:55,815 [ERROR] LogOutputStream:75 - [STDERR_REDIRECT] WARNING: Could not lock System prefs. Unix error code 2.
2025-09-10 14:16:55,815 [ERROR] LogOutputStream:75 - [STDERR_REDIRECT] 
2025-09-10 14:16:55,815 [ERROR] LogOutputStream:75 - [STDERR_REDIRECT] Sep 10, 2025 2:16:55 PM java.util.prefs.FileSystemPreferences syncWorld
2025-09-10 14:16:55,816 [ERROR] LogOutputStream:75 - [STDERR_REDIRECT] WARNING: Couldn't flush system prefs: java.util.prefs.BackingStoreException: Couldn't get file lock.
2025-09-10 14:16:55,816 [ERROR] LogOutputStream:75 - [STDERR_REDIRECT] 
2025-09-10 14:17:25,814 [ERROR] LogOutputStream:75 - [STDERR_REDIRECT] Sep 10, 2025 2:17:25 PM java.util.prefs.FileSystemPreferences checkLockFile0ErrorCode
2025-09-10 14:17:25,815 [ERROR] LogOutputStream:75 - [STDERR_REDIRECT] WARNING: Could not lock System prefs. Unix error code 2.
2025-09-10 14:17:25,815 [ERROR] LogOutputStream:75 - [STDERR_REDIRECT] 
2025-09-10 14:17:25,816 [ERROR] LogOutputStream:75 - [STDERR_REDIRECT] Sep 10, 2025 2:17:25 PM java.util.prefs.FileSystemPreferences syncWorld
2025-09-10 14:17:25,817 [ERROR] LogOutputStream:75 - [STDERR_REDIRECT] WARNING: Couldn't flush system prefs: java.util.prefs.BackingStoreException: Couldn't get file lock.
2025-09-10 14:17:25,817 [ERROR] LogOutputStream:75 - [STDERR_REDIRECT] 
2025-09-10 14:17:55,814 [ERROR] LogOutputStream:75 - [STDERR_REDIRECT] Sep 10, 2025 2:17:55 PM java.util.prefs.FileSystemPreferences checkLockFile0ErrorCode
2025-09-10 14:17:55,815 [ERROR] LogOutputStream:75 - [STDERR_REDIRECT] WARNING: Could not lock System prefs. Unix error code 2.
2025-09-10 14:17:55,815 [ERROR] LogOutputStream:75 - [STDERR_REDIRECT] 
2025-09-10 14:17:55,815 [ERROR] LogOutputStream:75 - [STDERR_REDIRECT] Sep 10, 2025 2:17:55 PM java.util.prefs.FileSystemPreferences syncWorld
2025-09-10 14:17:55,816 [ERROR] LogOutputStream:75 - [STDERR_REDIRECT] WARNING: Couldn't flush system prefs: java.util.prefs.BackingStoreException: Couldn't get file lock.
2025-09-10 14:17:55,816 [ERROR] LogOutputStream:75 - [STDERR_REDIRECT] 
2025-09-10 14:18:25,815 [ERROR] LogOutputStream:75 - [STDERR_REDIRECT] Sep 10, 2025 2:18:25 PM java.util.prefs.FileSystemPreferences checkLockFile0ErrorCode
2025-09-10 14:18:25,815 [ERROR] LogOutputStream:75 - [STDERR_REDIRECT] WARNING: Could not lock System prefs. Unix error code 2.
2025-09-10 14:18:25,815 [ERROR] LogOutputStream:75 - [STDERR_REDIRECT] 
2025-09-10 14:18:25,816 [ERROR] LogOutputStream:75 - [STDERR_REDIRECT] Sep 10, 2025 2:18:25 PM java.util.prefs.FileSystemPreferences syncWorld
2025-09-10 14:18:25,816 [ERROR] LogOutputStream:75 - [STDERR_REDIRECT] WARNING: Couldn't flush system prefs: java.util.prefs.BackingStoreException: Couldn't get file lock.
2025-09-10 14:18:25,816 [ERROR] LogOutputStream:75 - [STDERR_REDIRECT] 
2025-09-10 14:18:55,814 [ERROR] LogOutputStream:75 - [STDERR_REDIRECT] Sep 10, 2025 2:18:55 PM java.util.prefs.FileSystemPreferences checkLockFile0ErrorCode
2025-09-10 14:18:55,815 [ERROR] LogOutputStream:75 - [STDERR_REDIRECT] WARNING: Could not lock System prefs. Unix error code 2.
2025-09-10 14:18:55,815 [ERROR] LogOutputStream:75 - [STDERR_REDIRECT] 
2025-09-10 14:18:55,815 [ERROR] LogOutputStream:75 - [STDERR_REDIRECT] Sep 10, 2025 2:18:55 PM java.util.prefs.FileSystemPreferences syncWorld
2025-09-10 14:18:55,816 [ERROR] LogOutputStream:75 - [STDERR_REDIRECT] WARNING: Couldn't flush system prefs: java.util.prefs.BackingStoreException: Couldn't get file lock.
2025-09-10 14:18:55,816 [ERROR] LogOutputStream:75 - [STDERR_REDIRECT] 
2025-09-10 14:19:25,814 [ERROR] LogOutputStream:75 - [STDERR_REDIRECT] Sep 10, 2025 2:19:25 PM java.util.prefs.FileSystemPreferences checkLockFile0ErrorCode
2025-09-10 14:19:25,814 [ERROR] LogOutputStream:75 - [STDERR_REDIRECT] WARNING: Could not lock System prefs. Unix error code 2.
2025-09-10 14:19:25,814 [ERROR] LogOutputStream:75 - [STDERR_REDIRECT] 
2025-09-10 14:19:25,815 [ERROR] LogOutputStream:75 - [STDERR_REDIRECT] Sep 10, 2025 2:19:25 PM java.util.prefs.FileSystemPreferences syncWorld
2025-09-10 14:19:25,815 [ERROR] LogOutputStream:75 - [STDERR_REDIRECT] WARNING: Couldn't flush system prefs: java.util.prefs.BackingStoreException: Couldn't get file lock.
2025-09-10 14:19:25,815 [ERROR] LogOutputStream:75 - [STDERR_REDIRECT] 
2025-09-10 14:19:55,816 [ERROR] LogOutputStream:75 - [STDERR_REDIRECT] Sep 10, 2025 2:19:55 PM java.util.prefs.FileSystemPreferences checkLockFile0ErrorCode
2025-09-10 14:19:55,816 [ERROR] LogOutputStream:75 - [STDERR_REDIRECT] WARNING: Could not lock System prefs. Unix error code 2.
2025-09-10 14:19:55,816 [ERROR] LogOutputStream:75 - [STDERR_REDIRECT] 
2025-09-10 14:19:55,817 [ERROR] LogOutputStream:75 - [STDERR_REDIRECT] Sep 10, 2025 2:19:55 PM java.util.prefs.FileSystemPreferences syncWorld
2025-09-10 14:19:55,817 [ERROR] LogOutputStream:75 - [STDERR_REDIRECT] WARNING: Couldn't flush system prefs: java.util.prefs.BackingStoreException: Couldn't get file lock.
2025-09-10 14:19:55,817 [ERROR] LogOutputStream:75 - [STDERR_REDIRECT] 
2025-09-10 14:20:25,814 [ERROR] LogOutputStream:75 - [STDERR_REDIRECT] Sep 10, 2025 2:20:25 PM java.util.prefs.FileSystemPreferences checkLockFile0ErrorCode
2025-09-10 14:20:25,814 [ERROR] LogOutputStream:75 - [STDERR_REDIRECT] WARNING: Could not lock System prefs. Unix error code 2.
2025-09-10 14:20:25,815 [ERROR] LogOutputStream:75 - [STDERR_REDIRECT] 
2025-09-10 14:20:25,815 [ERROR] LogOutputStream:75 - [STDERR_REDIRECT] Sep 10, 2025 2:20:25 PM java.util.prefs.FileSystemPreferences syncWorld
2025-09-10 14:20:25,815 [ERROR] LogOutputStream:75 - [STDERR_REDIRECT] WARNING: Couldn't flush system prefs: java.util.prefs.BackingStoreException: Couldn't get file lock.
2025-09-10 14:20:25,815 [ERROR] LogOutputStream:75 - [STDERR_REDIRECT] 
2025-09-10 14:20:55,816 [ERROR] LogOutputStream:75 - [STDERR_REDIRECT] Sep 10, 2025 2:20:55 PM java.util.prefs.FileSystemPreferences checkLockFile0ErrorCode
2025-09-10 14:20:55,816 [ERROR] LogOutputStream:75 - [STDERR_REDIRECT] WARNING: Could not lock System prefs. Unix error code 2.
2025-09-10 14:20:55,816 [ERROR] LogOutputStream:75 - [STDERR_REDIRECT] 
2025-09-10 14:20:55,817 [ERROR] LogOutputStream:75 - [STDERR_REDIRECT] Sep 10, 2025 2:20:55 PM java.util.prefs.FileSystemPreferences syncWorld
2025-09-10 14:20:55,817 [ERROR] LogOutputStream:75 - [STDERR_REDIRECT] WARNING: Couldn't flush system prefs: java.util.prefs.BackingStoreException: Couldn't get file lock.
2025-09-10 14:20:55,818 [ERROR] LogOutputStream:75 - [STDERR_REDIRECT] 
2025-09-10 14:21:25,816 [ERROR] LogOutputStream:75 - [STDERR_REDIRECT] Sep 10, 2025 2:21:25 PM java.util.prefs.FileSystemPreferences checkLockFile0ErrorCode
2025-09-10 14:21:25,816 [ERROR] LogOutputStream:75 - [STDERR_REDIRECT] WARNING: Could not lock System prefs. Unix error code 2.
2025-09-10 14:21:25,816 [ERROR] LogOutputStream:75 - [STDERR_REDIRECT] 
2025-09-10 14:21:25,816 [ERROR] LogOutputStream:75 - [STDERR_REDIRECT] Sep 10, 2025 2:21:25 PM java.util.prefs.FileSystemPreferences syncWorld
2025-09-10 14:21:25,817 [ERROR] LogOutputStream:75 - [STDERR_REDIRECT] WARNING: Couldn't flush system prefs: java.util.prefs.BackingStoreException: Couldn't get file lock.
2025-09-10 14:21:25,817 [ERROR] LogOutputStream:75 - [STDERR_REDIRECT] 
2025-09-10 14:21:55,817 [ERROR] LogOutputStream:75 - [STDERR_REDIRECT] Sep 10, 2025 2:21:55 PM java.util.prefs.FileSystemPreferences checkLockFile0ErrorCode
2025-09-10 14:21:55,818 [ERROR] LogOutputStream:75 - [STDERR_REDIRECT] WARNING: Could not lock System prefs. Unix error code 2.
2025-09-10 14:21:55,818 [ERROR] LogOutputStream:75 - [STDERR_REDIRECT] 
2025-09-10 14:21:55,818 [ERROR] LogOutputStream:75 - [STDERR_REDIRECT] Sep 10, 2025 2:21:55 PM java.util.prefs.FileSystemPreferences syncWorld
2025-09-10 14:21:55,819 [ERROR] LogOutputStream:75 - [STDERR_REDIRECT] WARNING: Couldn't flush system prefs: java.util.prefs.BackingStoreException: Couldn't get file lock.
2025-09-10 14:21:55,819 [ERROR] LogOutputStream:75 - [STDERR_REDIRECT] 
2025-09-10 14:22:25,817 [ERROR] LogOutputStream:75 - [STDERR_REDIRECT] Sep 10, 2025 2:22:25 PM java.util.prefs.FileSystemPreferences checkLockFile0ErrorCode
2025-09-10 14:22:25,817 [ERROR] LogOutputStream:75 - [STDERR_REDIRECT] WARNING: Could not lock System prefs. Unix error code 2.
2025-09-10 14:22:25,817 [ERROR] LogOutputStream:75 - [STDERR_REDIRECT] 
2025-09-10 14:22:25,817 [ERROR] LogOutputStream:75 - [STDERR_REDIRECT] Sep 10, 2025 2:22:25 PM java.util.prefs.FileSystemPreferences syncWorld
2025-09-10 14:22:25,818 [ERROR] LogOutputStream:75 - [STDERR_REDIRECT] WARNING: Couldn't flush system prefs: java.util.prefs.BackingStoreException: Couldn't get file lock.
2025-09-10 14:22:25,818 [ERROR] LogOutputStream:75 - [STDERR_REDIRECT] 
2025-09-10 14:22:55,817 [ERROR] LogOutputStream:75 - [STDERR_REDIRECT] Sep 10, 2025 2:22:55 PM java.util.prefs.FileSystemPreferences checkLockFile0ErrorCode
2025-09-10 14:22:55,817 [ERROR] LogOutputStream:75 - [STDERR_REDIRECT] WARNING: Could not lock System prefs. Unix error code 2.
2025-09-10 14:22:55,817 [ERROR] LogOutputStream:75 - [STDERR_REDIRECT] 
2025-09-10 14:22:55,818 [ERROR] LogOutputStream:75 - [STDERR_REDIRECT] Sep 10, 2025 2:22:55 PM java.util.prefs.FileSystemPreferences syncWorld
2025-09-10 14:22:55,818 [ERROR] LogOutputStream:75 - [STDERR_REDIRECT] WARNING: Couldn't flush system prefs: java.util.prefs.BackingStoreException: Couldn't get file lock.
2025-09-10 14:22:55,818 [ERROR] LogOutputStream:75 - [STDERR_REDIRECT] 
2025-09-10 14:23:25,817 [ERROR] LogOutputStream:75 - [STDERR_REDIRECT] Sep 10, 2025 2:23:25 PM java.util.prefs.FileSystemPreferences checkLockFile0ErrorCode
2025-09-10 14:23:25,817 [ERROR] LogOutputStream:75 - [STDERR_REDIRECT] WARNING: Could not lock System prefs. Unix error code 2.
2025-09-10 14:23:25,817 [ERROR] LogOutputStream:75 - [STDERR_REDIRECT] 
2025-09-10 14:23:25,818 [ERROR] LogOutputStream:75 - [STDERR_REDIRECT] Sep 10, 2025 2:23:25 PM java.util.prefs.FileSystemPreferences syncWorld
2025-09-10 14:23:25,818 [ERROR] LogOutputStream:75 - [STDERR_REDIRECT] WARNING: Couldn't flush system prefs: java.util.prefs.BackingStoreException: Couldn't get file lock.
2025-09-10 14:23:25,818 [ERROR] LogOutputStream:75 - [STDERR_REDIRECT] 
2025-09-10 14:23:55,817 [ERROR] LogOutputStream:75 - [STDERR_REDIRECT] Sep 10, 2025 2:23:55 PM java.util.prefs.FileSystemPreferences checkLockFile0ErrorCode
2025-09-10 14:23:55,817 [ERROR] LogOutputStream:75 - [STDERR_REDIRECT] WARNING: Could not lock System prefs. Unix error code 2.
2025-09-10 14:23:55,817 [ERROR] LogOutputStream:75 - [STDERR_REDIRECT] 
2025-09-10 14:23:55,818 [ERROR] LogOutputStream:75 - [STDERR_REDIRECT] Sep 10, 2025 2:23:55 PM java.util.prefs.FileSystemPreferences syncWorld
2025-09-10 14:23:55,818 [ERROR] LogOutputStream:75 - [STDERR_REDIRECT] WARNING: Couldn't flush system prefs: java.util.prefs.BackingStoreException: Couldn't get file lock.
2025-09-10 14:23:55,818 [ERROR] LogOutputStream:75 - [STDERR_REDIRECT] 
2025-09-10 14:24:25,817 [ERROR] LogOutputStream:75 - [STDERR_REDIRECT] Sep 10, 2025 2:24:25 PM java.util.prefs.FileSystemPreferences checkLockFile0ErrorCode
2025-09-10 14:24:25,818 [ERROR] LogOutputStream:75 - [STDERR_REDIRECT] WARNING: Could not lock System prefs. Unix error code 2.
2025-09-10 14:24:25,818 [ERROR] LogOutputStream:75 - [STDERR_REDIRECT] 
2025-09-10 14:24:25,819 [ERROR] LogOutputStream:75 - [STDERR_REDIRECT] Sep 10, 2025 2:24:25 PM java.util.prefs.FileSystemPreferences syncWorld
2025-09-10 14:24:25,819 [ERROR] LogOutputStream:75 - [STDERR_REDIRECT] WARNING: Couldn't flush system prefs: java.util.prefs.BackingStoreException: Couldn't get file lock.
2025-09-10 14:24:25,819 [ERROR] LogOutputStream:75 - [STDERR_REDIRECT] 
2025-09-10 14:24:55,818 [ERROR] LogOutputStream:75 - [STDERR_REDIRECT] Sep 10, 2025 2:24:55 PM java.util.prefs.FileSystemPreferences checkLockFile0ErrorCode
2025-09-10 14:24:55,818 [ERROR] LogOutputStream:75 - [STDERR_REDIRECT] WARNING: Could not lock System prefs. Unix error code 2.
2025-09-10 14:24:55,818 [ERROR] LogOutputStream:75 - [STDERR_REDIRECT] 
2025-09-10 14:24:55,819 [ERROR] LogOutputStream:75 - [STDERR_REDIRECT] Sep 10, 2025 2:24:55 PM java.util.prefs.FileSystemPreferences syncWorld
2025-09-10 14:24:55,819 [ERROR] LogOutputStream:75 - [STDERR_REDIRECT] WARNING: Couldn't flush system prefs: java.util.prefs.BackingStoreException: Couldn't get file lock.
2025-09-10 14:24:55,819 [ERROR] LogOutputStream:75 - [STDERR_REDIRECT] 
2025-09-10 14:25:25,820 [ERROR] LogOutputStream:75 - [STDERR_REDIRECT] Sep 10, 2025 2:25:25 PM java.util.prefs.FileSystemPreferences checkLockFile0ErrorCode
2025-09-10 14:25:25,820 [ERROR] LogOutputStream:75 - [STDERR_REDIRECT] WARNING: Could not lock System prefs. Unix error code 2.
2025-09-10 14:25:25,820 [ERROR] LogOutputStream:75 - [STDERR_REDIRECT] 
2025-09-10 14:25:25,821 [ERROR] LogOutputStream:75 - [STDERR_REDIRECT] Sep 10, 2025 2:25:25 PM java.util.prefs.FileSystemPreferences syncWorld
2025-09-10 14:25:25,821 [ERROR] LogOutputStream:75 - [STDERR_REDIRECT] WARNING: Couldn't flush system prefs: java.util.prefs.BackingStoreException: Couldn't get file lock.
2025-09-10 14:25:25,822 [ERROR] LogOutputStream:75 - [STDERR_REDIRECT] 
2025-09-10 14:25:55,817 [ERROR] LogOutputStream:75 - [STDERR_REDIRECT] Sep 10, 2025 2:25:55 PM java.util.prefs.FileSystemPreferences checkLockFile0ErrorCode
2025-09-10 14:25:55,818 [ERROR] LogOutputStream:75 - [STDERR_REDIRECT] WARNING: Could not lock System prefs. Unix error code 2.
2025-09-10 14:25:55,818 [ERROR] LogOutputStream:75 - [STDERR_REDIRECT] 
2025-09-10 14:25:55,819 [ERROR] LogOutputStream:75 - [STDERR_REDIRECT] Sep 10, 2025 2:25:55 PM java.util.prefs.FileSystemPreferences syncWorld
2025-09-10 14:25:55,819 [ERROR] LogOutputStream:75 - [STDERR_REDIRECT] WARNING: Couldn't flush system prefs: java.util.prefs.BackingStoreException: Couldn't get file lock.
2025-09-10 14:25:55,819 [ERROR] LogOutputStream:75 - [STDERR_REDIRECT] 
2025-09-10 14:26:25,817 [ERROR] LogOutputStream:75 - [STDERR_REDIRECT] Sep 10, 2025 2:26:25 PM java.util.prefs.FileSystemPreferences checkLockFile0ErrorCode
2025-09-10 14:26:25,817 [ERROR] LogOutputStream:75 - [STDERR_REDIRECT] WARNING: Could not lock System prefs. Unix error code 2.
2025-09-10 14:26:25,817 [ERROR] LogOutputStream:75 - [STDERR_REDIRECT] 
2025-09-10 14:26:25,818 [ERROR] LogOutputStream:75 - [STDERR_REDIRECT] Sep 10, 2025 2:26:25 PM java.util.prefs.FileSystemPreferences syncWorld
2025-09-10 14:26:25,818 [ERROR] LogOutputStream:75 - [STDERR_REDIRECT] WARNING: Couldn't flush system prefs: java.util.prefs.BackingStoreException: Couldn't get file lock.
2025-09-10 14:26:25,818 [ERROR] LogOutputStream:75 - [STDERR_REDIRECT] 
2025-09-10 14:26:55,818 [ERROR] LogOutputStream:75 - [STDERR_REDIRECT] Sep 10, 2025 2:26:55 PM java.util.prefs.FileSystemPreferences checkLockFile0ErrorCode
2025-09-10 14:26:55,818 [ERROR] LogOutputStream:75 - [STDERR_REDIRECT] WARNING: Could not lock System prefs. Unix error code 2.
2025-09-10 14:26:55,818 [ERROR] LogOutputStream:75 - [STDERR_REDIRECT] 
2025-09-10 14:26:55,818 [ERROR] LogOutputStream:75 - [STDERR_REDIRECT] Sep 10, 2025 2:26:55 PM java.util.prefs.FileSystemPreferences syncWorld
2025-09-10 14:26:55,819 [ERROR] LogOutputStream:75 - [STDERR_REDIRECT] WARNING: Couldn't flush system prefs: java.util.prefs.BackingStoreException: Couldn't get file lock.
2025-09-10 14:26:55,819 [ERROR] LogOutputStream:75 - [STDERR_REDIRECT] 
2025-09-10 14:27:25,818 [ERROR] LogOutputStream:75 - [STDERR_REDIRECT] Sep 10, 2025 2:27:25 PM java.util.prefs.FileSystemPreferences checkLockFile0ErrorCode
2025-09-10 14:27:25,818 [ERROR] LogOutputStream:75 - [STDERR_REDIRECT] WARNING: Could not lock System prefs. Unix error code 2.
2025-09-10 14:27:25,818 [ERROR] LogOutputStream:75 - [STDERR_REDIRECT] 
2025-09-10 14:27:25,819 [ERROR] LogOutputStream:75 - [STDERR_REDIRECT] Sep 10, 2025 2:27:25 PM java.util.prefs.FileSystemPreferences syncWorld
2025-09-10 14:27:25,819 [ERROR] LogOutputStream:75 - [STDERR_REDIRECT] WARNING: Couldn't flush system prefs: java.util.prefs.BackingStoreException: Couldn't get file lock.
2025-09-10 14:27:25,819 [ERROR] LogOutputStream:75 - [STDERR_REDIRECT] 
2025-09-10 14:27:55,819 [ERROR] LogOutputStream:75 - [STDERR_REDIRECT] Sep 10, 2025 2:27:55 PM java.util.prefs.FileSystemPreferences checkLockFile0ErrorCode
2025-09-10 14:27:55,819 [ERROR] LogOutputStream:75 - [STDERR_REDIRECT] WARNING: Could not lock System prefs. Unix error code 2.
2025-09-10 14:27:55,819 [ERROR] LogOutputStream:75 - [STDERR_REDIRECT] 
2025-09-10 14:27:55,820 [ERROR] LogOutputStream:75 - [STDERR_REDIRECT] Sep 10, 2025 2:27:55 PM java.util.prefs.FileSystemPreferences syncWorld
2025-09-10 14:27:55,820 [ERROR] LogOutputStream:75 - [STDERR_REDIRECT] WARNING: Couldn't flush system prefs: java.util.prefs.BackingStoreException: Couldn't get file lock.
2025-09-10 14:27:55,820 [ERROR] LogOutputStream:75 - [STDERR_REDIRECT] 
2025-09-10 14:28:25,820 [ERROR] LogOutputStream:75 - [STDERR_REDIRECT] Sep 10, 2025 2:28:25 PM java.util.prefs.FileSystemPreferences checkLockFile0ErrorCode
2025-09-10 14:28:25,821 [ERROR] LogOutputStream:75 - [STDERR_REDIRECT] WARNING: Could not lock System prefs. Unix error code 2.
2025-09-10 14:28:25,821 [ERROR] LogOutputStream:75 - [STDERR_REDIRECT] 
2025-09-10 14:28:25,821 [ERROR] LogOutputStream:75 - [STDERR_REDIRECT] Sep 10, 2025 2:28:25 PM java.util.prefs.FileSystemPreferences syncWorld
2025-09-10 14:28:25,822 [ERROR] LogOutputStream:75 - [STDERR_REDIRECT] WARNING: Couldn't flush system prefs: java.util.prefs.BackingStoreException: Couldn't get file lock.
2025-09-10 14:28:25,822 [ERROR] LogOutputStream:75 - [STDERR_REDIRECT] 
2025-09-10 14:28:55,820 [ERROR] LogOutputStream:75 - [STDERR_REDIRECT] Sep 10, 2025 2:28:55 PM java.util.prefs.FileSystemPreferences checkLockFile0ErrorCode
2025-09-10 14:28:55,820 [ERROR] LogOutputStream:75 - [STDERR_REDIRECT] WARNING: Could not lock System prefs. Unix error code 2.
2025-09-10 14:28:55,820 [ERROR] LogOutputStream:75 - [STDERR_REDIRECT] 
2025-09-10 14:28:55,820 [ERROR] LogOutputStream:75 - [STDERR_REDIRECT] Sep 10, 2025 2:28:55 PM java.util.prefs.FileSystemPreferences syncWorld
2025-09-10 14:28:55,821 [ERROR] LogOutputStream:75 - [STDERR_REDIRECT] WARNING: Couldn't flush system prefs: java.util.prefs.BackingStoreException: Couldn't get file lock.
2025-09-10 14:28:55,821 [ERROR] LogOutputStream:75 - [STDERR_REDIRECT] 
2025-09-10 14:29:25,820 [ERROR] LogOutputStream:75 - [STDERR_REDIRECT] Sep 10, 2025 2:29:25 PM java.util.prefs.FileSystemPreferences checkLockFile0ErrorCode
2025-09-10 14:29:25,820 [ERROR] LogOutputStream:75 - [STDERR_REDIRECT] WARNING: Could not lock System prefs. Unix error code 2.
2025-09-10 14:29:25,820 [ERROR] LogOutputStream:75 - [STDERR_REDIRECT] 
2025-09-10 14:29:25,821 [ERROR] LogOutputStream:75 - [STDERR_REDIRECT] Sep 10, 2025 2:29:25 PM java.util.prefs.FileSystemPreferences syncWorld
2025-09-10 14:29:25,821 [ERROR] LogOutputStream:75 - [STDERR_REDIRECT] WARNING: Couldn't flush system prefs: java.util.prefs.BackingStoreException: Couldn't get file lock.
2025-09-10 14:29:25,821 [ERROR] LogOutputStream:75 - [STDERR_REDIRECT] 
2025-09-10 14:29:55,820 [ERROR] LogOutputStream:75 - [STDERR_REDIRECT] Sep 10, 2025 2:29:55 PM java.util.prefs.FileSystemPreferences checkLockFile0ErrorCode
2025-09-10 14:29:55,820 [ERROR] LogOutputStream:75 - [STDERR_REDIRECT] WARNING: Could not lock System prefs. Unix error code 2.
2025-09-10 14:29:55,820 [ERROR] LogOutputStream:75 - [STDERR_REDIRECT] 
2025-09-10 14:29:55,821 [ERROR] LogOutputStream:75 - [STDERR_REDIRECT] Sep 10, 2025 2:29:55 PM java.util.prefs.FileSystemPreferences syncWorld
2025-09-10 14:29:55,821 [ERROR] LogOutputStream:75 - [STDERR_REDIRECT] WARNING: Couldn't flush system prefs: java.util.prefs.BackingStoreException: Couldn't get file lock.
2025-09-10 14:29:55,821 [ERROR] LogOutputStream:75 - [STDERR_REDIRECT] 
2025-09-10 14:30:25,819 [ERROR] LogOutputStream:75 - [STDERR_REDIRECT] Sep 10, 2025 2:30:25 PM java.util.prefs.FileSystemPreferences checkLockFile0ErrorCode
2025-09-10 14:30:25,819 [ERROR] LogOutputStream:75 - [STDERR_REDIRECT] WARNING: Could not lock System prefs. Unix error code 2.
2025-09-10 14:30:25,819 [ERROR] LogOutputStream:75 - [STDERR_REDIRECT] 
2025-09-10 14:30:25,820 [ERROR] LogOutputStream:75 - [STDERR_REDIRECT] Sep 10, 2025 2:30:25 PM java.util.prefs.FileSystemPreferences syncWorld
2025-09-10 14:30:25,820 [ERROR] LogOutputStream:75 - [STDERR_REDIRECT] WARNING: Couldn't flush system prefs: java.util.prefs.BackingStoreException: Couldn't get file lock.
2025-09-10 14:30:25,820 [ERROR] LogOutputStream:75 - [STDERR_REDIRECT] 
2025-09-10 14:30:55,819 [ERROR] LogOutputStream:75 - [STDERR_REDIRECT] Sep 10, 2025 2:30:55 PM java.util.prefs.FileSystemPreferences checkLockFile0ErrorCode
2025-09-10 14:30:55,820 [ERROR] LogOutputStream:75 - [STDERR_REDIRECT] WARNING: Could not lock System prefs. Unix error code 2.
2025-09-10 14:30:55,820 [ERROR] LogOutputStream:75 - [STDERR_REDIRECT] 
2025-09-10 14:30:55,821 [ERROR] LogOutputStream:75 - [STDERR_REDIRECT] Sep 10, 2025 2:30:55 PM java.util.prefs.FileSystemPreferences syncWorld
2025-09-10 14:30:55,821 [ERROR] LogOutputStream:75 - [STDERR_REDIRECT] WARNING: Couldn't flush system prefs: java.util.prefs.BackingStoreException: Couldn't get file lock.
2025-09-10 14:30:55,821 [ERROR] LogOutputStream:75 - [STDERR_REDIRECT] 
2025-09-10 14:31:25,820 [ERROR] LogOutputStream:75 - [STDERR_REDIRECT] Sep 10, 2025 2:31:25 PM java.util.prefs.FileSystemPreferences checkLockFile0ErrorCode
2025-09-10 14:31:25,821 [ERROR] LogOutputStream:75 - [STDERR_REDIRECT] WARNING: Could not lock System prefs. Unix error code 2.
2025-09-10 14:31:25,821 [ERROR] LogOutputStream:75 - [STDERR_REDIRECT] 
2025-09-10 14:31:25,821 [ERROR] LogOutputStream:75 - [STDERR_REDIRECT] Sep 10, 2025 2:31:25 PM java.util.prefs.FileSystemPreferences syncWorld
2025-09-10 14:31:25,822 [ERROR] LogOutputStream:75 - [STDERR_REDIRECT] WARNING: Couldn't flush system prefs: java.util.prefs.BackingStoreException: Couldn't get file lock.
2025-09-10 14:31:25,822 [ERROR] LogOutputStream:75 - [STDERR_REDIRECT] 
2025-09-10 14:31:55,820 [ERROR] LogOutputStream:75 - [STDERR_REDIRECT] Sep 10, 2025 2:31:55 PM java.util.prefs.FileSystemPreferences checkLockFile0ErrorCode
2025-09-10 14:31:55,821 [ERROR] LogOutputStream:75 - [STDERR_REDIRECT] WARNING: Could not lock System prefs. Unix error code 2.
2025-09-10 14:31:55,821 [ERROR] LogOutputStream:75 - [STDERR_REDIRECT] 
2025-09-10 14:31:55,821 [ERROR] LogOutputStream:75 - [STDERR_REDIRECT] Sep 10, 2025 2:31:55 PM java.util.prefs.FileSystemPreferences syncWorld
2025-09-10 14:31:55,822 [ERROR] LogOutputStream:75 - [STDERR_REDIRECT] WARNING: Couldn't flush system prefs: java.util.prefs.BackingStoreException: Couldn't get file lock.
2025-09-10 14:31:55,822 [ERROR] LogOutputStream:75 - [STDERR_REDIRECT] 
2025-09-10 14:32:25,820 [ERROR] LogOutputStream:75 - [STDERR_REDIRECT] Sep 10, 2025 2:32:25 PM java.util.prefs.FileSystemPreferences checkLockFile0ErrorCode
2025-09-10 14:32:25,820 [ERROR] LogOutputStream:75 - [STDERR_REDIRECT] WARNING: Could not lock System prefs. Unix error code 2.
2025-09-10 14:32:25,821 [ERROR] LogOutputStream:75 - [STDERR_REDIRECT] 
2025-09-10 14:32:25,821 [ERROR] LogOutputStream:75 - [STDERR_REDIRECT] Sep 10, 2025 2:32:25 PM java.util.prefs.FileSystemPreferences syncWorld
2025-09-10 14:32:25,822 [ERROR] LogOutputStream:75 - [STDERR_REDIRECT] WARNING: Couldn't flush system prefs: java.util.prefs.BackingStoreException: Couldn't get file lock.
2025-09-10 14:32:25,822 [ERROR] LogOutputStream:75 - [STDERR_REDIRECT] 
2025-09-10 14:32:55,820 [ERROR] LogOutputStream:75 - [STDERR_REDIRECT] Sep 10, 2025 2:32:55 PM java.util.prefs.FileSystemPreferences checkLockFile0ErrorCode
2025-09-10 14:32:55,821 [ERROR] LogOutputStream:75 - [STDERR_REDIRECT] WARNING: Could not lock System prefs. Unix error code 2.
2025-09-10 14:32:55,821 [ERROR] LogOutputStream:75 - [STDERR_REDIRECT] 
2025-09-10 14:32:55,821 [ERROR] LogOutputStream:75 - [STDERR_REDIRECT] Sep 10, 2025 2:32:55 PM java.util.prefs.FileSystemPreferences syncWorld
2025-09-10 14:32:55,822 [ERROR] LogOutputStream:75 - [STDERR_REDIRECT] WARNING: Couldn't flush system prefs: java.util.prefs.BackingStoreException: Couldn't get file lock.
2025-09-10 14:32:55,822 [ERROR] LogOutputStream:75 - [STDERR_REDIRECT] 
2025-09-10 14:33:25,820 [ERROR] LogOutputStream:75 - [STDERR_REDIRECT] Sep 10, 2025 2:33:25 PM java.util.prefs.FileSystemPreferences checkLockFile0ErrorCode
2025-09-10 14:33:25,821 [ERROR] LogOutputStream:75 - [STDERR_REDIRECT] WARNING: Could not lock System prefs. Unix error code 2.
2025-09-10 14:33:25,821 [ERROR] LogOutputStream:75 - [STDERR_REDIRECT] 
2025-09-10 14:33:25,821 [ERROR] LogOutputStream:75 - [STDERR_REDIRECT] Sep 10, 2025 2:33:25 PM java.util.prefs.FileSystemPreferences syncWorld
2025-09-10 14:33:25,822 [ERROR] LogOutputStream:75 - [STDERR_REDIRECT] WARNING: Couldn't flush system prefs: java.util.prefs.BackingStoreException: Couldn't get file lock.
2025-09-10 14:33:25,822 [ERROR] LogOutputStream:75 - [STDERR_REDIRECT] 
2025-09-10 14:33:55,821 [ERROR] LogOutputStream:75 - [STDERR_REDIRECT] Sep 10, 2025 2:33:55 PM java.util.prefs.FileSystemPreferences checkLockFile0ErrorCode
2025-09-10 14:33:55,821 [ERROR] LogOutputStream:75 - [STDERR_REDIRECT] WARNING: Could not lock System prefs. Unix error code 2.
2025-09-10 14:33:55,822 [ERROR] LogOutputStream:75 - [STDERR_REDIRECT] 
2025-09-10 14:33:55,822 [ERROR] LogOutputStream:75 - [STDERR_REDIRECT] Sep 10, 2025 2:33:55 PM java.util.prefs.FileSystemPreferences syncWorld
2025-09-10 14:33:55,823 [ERROR] LogOutputStream:75 - [STDERR_REDIRECT] WARNING: Couldn't flush system prefs: java.util.prefs.BackingStoreException: Couldn't get file lock.
2025-09-10 14:33:55,823 [ERROR] LogOutputStream:75 - [STDERR_REDIRECT] 
2025-09-10 14:34:25,821 [ERROR] LogOutputStream:75 - [STDERR_REDIRECT] Sep 10, 2025 2:34:25 PM java.util.prefs.FileSystemPreferences checkLockFile0ErrorCode
2025-09-10 14:34:25,821 [ERROR] LogOutputStream:75 - [STDERR_REDIRECT] WARNING: Could not lock System prefs. Unix error code 2.
2025-09-10 14:34:25,821 [ERROR] LogOutputStream:75 - [STDERR_REDIRECT] 
2025-09-10 14:34:25,822 [ERROR] LogOutputStream:75 - [STDERR_REDIRECT] Sep 10, 2025 2:34:25 PM java.util.prefs.FileSystemPreferences syncWorld
2025-09-10 14:34:25,822 [ERROR] LogOutputStream:75 - [STDERR_REDIRECT] WARNING: Couldn't flush system prefs: java.util.prefs.BackingStoreException: Couldn't get file lock.
2025-09-10 14:34:25,822 [ERROR] LogOutputStream:75 - [STDERR_REDIRECT] 
2025-09-10 14:34:55,821 [ERROR] LogOutputStream:75 - [STDERR_REDIRECT] Sep 10, 2025 2:34:55 PM java.util.prefs.FileSystemPreferences checkLockFile0ErrorCode
2025-09-10 14:34:55,821 [ERROR] LogOutputStream:75 - [STDERR_REDIRECT] WARNING: Could not lock System prefs. Unix error code 2.
2025-09-10 14:34:55,821 [ERROR] LogOutputStream:75 - [STDERR_REDIRECT] 
2025-09-10 14:34:55,822 [ERROR] LogOutputStream:75 - [STDERR_REDIRECT] Sep 10, 2025 2:34:55 PM java.util.prefs.FileSystemPreferences syncWorld
2025-09-10 14:34:55,823 [ERROR] LogOutputStream:75 - [STDERR_REDIRECT] WARNING: Couldn't flush system prefs: java.util.prefs.BackingStoreException: Couldn't get file lock.
2025-09-10 14:34:55,823 [ERROR] LogOutputStream:75 - [STDERR_REDIRECT] 
2025-09-10 14:35:25,822 [ERROR] LogOutputStream:75 - [STDERR_REDIRECT] Sep 10, 2025 2:35:25 PM java.util.prefs.FileSystemPreferences checkLockFile0ErrorCode
2025-09-10 14:35:25,822 [ERROR] LogOutputStream:75 - [STDERR_REDIRECT] WARNING: Could not lock System prefs. Unix error code 2.
2025-09-10 14:35:25,822 [ERROR] LogOutputStream:75 - [STDERR_REDIRECT] 
2025-09-10 14:35:25,823 [ERROR] LogOutputStream:75 - [STDERR_REDIRECT] Sep 10, 2025 2:35:25 PM java.util.prefs.FileSystemPreferences syncWorld
2025-09-10 14:35:25,823 [ERROR] LogOutputStream:75 - [STDERR_REDIRECT] WARNING: Couldn't flush system prefs: java.util.prefs.BackingStoreException: Couldn't get file lock.
2025-09-10 14:35:25,823 [ERROR] LogOutputStream:75 - [STDERR_REDIRECT] 
2025-09-10 14:35:55,823 [ERROR] LogOutputStream:75 - [STDERR_REDIRECT] Sep 10, 2025 2:35:55 PM java.util.prefs.FileSystemPreferences checkLockFile0ErrorCode
2025-09-10 14:35:55,823 [ERROR] LogOutputStream:75 - [STDERR_REDIRECT] WARNING: Could not lock System prefs. Unix error code 2.
2025-09-10 14:35:55,823 [ERROR] LogOutputStream:75 - [STDERR_REDIRECT] 
2025-09-10 14:35:55,824 [ERROR] LogOutputStream:75 - [STDERR_REDIRECT] Sep 10, 2025 2:35:55 PM java.util.prefs.FileSystemPreferences syncWorld
2025-09-10 14:35:55,824 [ERROR] LogOutputStream:75 - [STDERR_REDIRECT] WARNING: Couldn't flush system prefs: java.util.prefs.BackingStoreException: Couldn't get file lock.
2025-09-10 14:35:55,825 [ERROR] LogOutputStream:75 - [STDERR_REDIRECT] 
2025-09-10 14:36:25,821 [ERROR] LogOutputStream:75 - [STDERR_REDIRECT] Sep 10, 2025 2:36:25 PM java.util.prefs.FileSystemPreferences checkLockFile0ErrorCode
2025-09-10 14:36:25,822 [ERROR] LogOutputStream:75 - [STDERR_REDIRECT] WARNING: Could not lock System prefs. Unix error code 2.
2025-09-10 14:36:25,822 [ERROR] LogOutputStream:75 - [STDERR_REDIRECT] 
2025-09-10 14:36:25,823 [ERROR] LogOutputStream:75 - [STDERR_REDIRECT] Sep 10, 2025 2:36:25 PM java.util.prefs.FileSystemPreferences syncWorld
2025-09-10 14:36:25,823 [ERROR] LogOutputStream:75 - [STDERR_REDIRECT] WARNING: Couldn't flush system prefs: java.util.prefs.BackingStoreException: Couldn't get file lock.
2025-09-10 14:36:25,823 [ERROR] LogOutputStream:75 - [STDERR_REDIRECT] 
2025-09-10 14:36:55,821 [ERROR] LogOutputStream:75 - [STDERR_REDIRECT] Sep 10, 2025 2:36:55 PM java.util.prefs.FileSystemPreferences checkLockFile0ErrorCode
2025-09-10 14:36:55,822 [ERROR] LogOutputStream:75 - [STDERR_REDIRECT] WARNING: Could not lock System prefs. Unix error code 2.
2025-09-10 14:36:55,822 [ERROR] LogOutputStream:75 - [STDERR_REDIRECT] 
2025-09-10 14:36:55,822 [ERROR] LogOutputStream:75 - [STDERR_REDIRECT] Sep 10, 2025 2:36:55 PM java.util.prefs.FileSystemPreferences syncWorld
2025-09-10 14:36:55,823 [ERROR] LogOutputStream:75 - [STDERR_REDIRECT] WARNING: Couldn't flush system prefs: java.util.prefs.BackingStoreException: Couldn't get file lock.
2025-09-10 14:36:55,823 [ERROR] LogOutputStream:75 - [STDERR_REDIRECT] 
2025-09-10 14:37:25,822 [ERROR] LogOutputStream:75 - [STDERR_REDIRECT] Sep 10, 2025 2:37:25 PM java.util.prefs.FileSystemPreferences checkLockFile0ErrorCode
2025-09-10 14:37:25,822 [ERROR] LogOutputStream:75 - [STDERR_REDIRECT] WARNING: Could not lock System prefs. Unix error code 2.
2025-09-10 14:37:25,822 [ERROR] LogOutputStream:75 - [STDERR_REDIRECT] 
2025-09-10 14:37:25,823 [ERROR] LogOutputStream:75 - [STDERR_REDIRECT] Sep 10, 2025 2:37:25 PM java.util.prefs.FileSystemPreferences syncWorld
2025-09-10 14:37:25,823 [ERROR] LogOutputStream:75 - [STDERR_REDIRECT] WARNING: Couldn't flush system prefs: java.util.prefs.BackingStoreException: Couldn't get file lock.
2025-09-10 14:37:25,823 [ERROR] LogOutputStream:75 - [STDERR_REDIRECT] 
2025-09-10 14:37:55,822 [ERROR] LogOutputStream:75 - [STDERR_REDIRECT] Sep 10, 2025 2:37:55 PM java.util.prefs.FileSystemPreferences checkLockFile0ErrorCode
2025-09-10 14:37:55,823 [ERROR] LogOutputStream:75 - [STDERR_REDIRECT] WARNING: Could not lock System prefs. Unix error code 2.
2025-09-10 14:37:55,823 [ERROR] LogOutputStream:75 - [STDERR_REDIRECT] 
2025-09-10 14:37:55,823 [ERROR] LogOutputStream:75 - [STDERR_REDIRECT] Sep 10, 2025 2:37:55 PM java.util.prefs.FileSystemPreferences syncWorld
2025-09-10 14:37:55,824 [ERROR] LogOutputStream:75 - [STDERR_REDIRECT] WARNING: Couldn't flush system prefs: java.util.prefs.BackingStoreException: Couldn't get file lock.
2025-09-10 14:37:55,824 [ERROR] LogOutputStream:75 - [STDERR_REDIRECT] 
2025-09-10 14:38:25,822 [ERROR] LogOutputStream:75 - [STDERR_REDIRECT] Sep 10, 2025 2:38:25 PM java.util.prefs.FileSystemPreferences checkLockFile0ErrorCode
2025-09-10 14:38:25,823 [ERROR] LogOutputStream:75 - [STDERR_REDIRECT] WARNING: Could not lock System prefs. Unix error code 2.
2025-09-10 14:38:25,823 [ERROR] LogOutputStream:75 - [STDERR_REDIRECT] 
2025-09-10 14:38:25,823 [ERROR] LogOutputStream:75 - [STDERR_REDIRECT] Sep 10, 2025 2:38:25 PM java.util.prefs.FileSystemPreferences syncWorld
2025-09-10 14:38:25,824 [ERROR] LogOutputStream:75 - [STDERR_REDIRECT] WARNING: Couldn't flush system prefs: java.util.prefs.BackingStoreException: Couldn't get file lock.
2025-09-10 14:38:25,824 [ERROR] LogOutputStream:75 - [STDERR_REDIRECT] 
2025-09-10 14:41:41,250 [INFO] WebApp:194 - Connection lost
2025-09-10 14:41:51,843 [INFO] WebApp:191 - Connection restablished
2025-09-10 14:42:05,279 [ERROR] LogOutputStream:75 - [STDERR_REDIRECT] Sep 10, 2025 2:42:05 PM java.util.prefs.FileSystemPreferences checkLockFile0ErrorCode
2025-09-10 14:42:05,279 [ERROR] LogOutputStream:75 - [STDERR_REDIRECT] WARNING: Could not lock System prefs. Unix error code 2.
2025-09-10 14:42:05,280 [ERROR] LogOutputStream:75 - [STDERR_REDIRECT] 
2025-09-10 14:42:05,280 [ERROR] LogOutputStream:75 - [STDERR_REDIRECT] Sep 10, 2025 2:42:05 PM java.util.prefs.FileSystemPreferences syncWorld
2025-09-10 14:42:05,281 [ERROR] LogOutputStream:75 - [STDERR_REDIRECT] WARNING: Couldn't flush system prefs: java.util.prefs.BackingStoreException: Couldn't get file lock.
2025-09-10 14:42:05,281 [ERROR] LogOutputStream:75 - [STDERR_REDIRECT] 
2025-09-10 14:42:35,279 [ERROR] LogOutputStream:75 - [STDERR_REDIRECT] Sep 10, 2025 2:42:35 PM java.util.prefs.FileSystemPreferences checkLockFile0ErrorCode
2025-09-10 14:42:35,279 [ERROR] LogOutputStream:75 - [STDERR_REDIRECT] WARNING: Could not lock System prefs. Unix error code 2.
2025-09-10 14:42:35,279 [ERROR] LogOutputStream:75 - [STDERR_REDIRECT] 
2025-09-10 14:42:35,280 [ERROR] LogOutputStream:75 - [STDERR_REDIRECT] Sep 10, 2025 2:42:35 PM java.util.prefs.FileSystemPreferences syncWorld
2025-09-10 14:42:35,281 [ERROR] LogOutputStream:75 - [STDERR_REDIRECT] WARNING: Couldn't flush system prefs: java.util.prefs.BackingStoreException: Couldn't get file lock.
2025-09-10 14:42:35,281 [ERROR] LogOutputStream:75 - [STDERR_REDIRECT] 
2025-09-10 14:43:05,280 [ERROR] LogOutputStream:75 - [STDERR_REDIRECT] Sep 10, 2025 2:43:05 PM java.util.prefs.FileSystemPreferences checkLockFile0ErrorCode
2025-09-10 14:43:05,281 [ERROR] LogOutputStream:75 - [STDERR_REDIRECT] WARNING: Could not lock System prefs. Unix error code 2.
2025-09-10 14:43:05,281 [ERROR] LogOutputStream:75 - [STDERR_REDIRECT] 
2025-09-10 14:43:05,281 [ERROR] LogOutputStream:75 - [STDERR_REDIRECT] Sep 10, 2025 2:43:05 PM java.util.prefs.FileSystemPreferences syncWorld
2025-09-10 14:43:05,282 [ERROR] LogOutputStream:75 - [STDERR_REDIRECT] WARNING: Couldn't flush system prefs: java.util.prefs.BackingStoreException: Couldn't get file lock.
2025-09-10 14:43:05,282 [ERROR] LogOutputStream:75 - [STDERR_REDIRECT] 
2025-09-10 14:43:35,279 [ERROR] LogOutputStream:75 - [STDERR_REDIRECT] Sep 10, 2025 2:43:35 PM java.util.prefs.FileSystemPreferences checkLockFile0ErrorCode
2025-09-10 14:43:35,280 [ERROR] LogOutputStream:75 - [STDERR_REDIRECT] WARNING: Could not lock System prefs. Unix error code 2.
2025-09-10 14:43:35,280 [ERROR] LogOutputStream:75 - [STDERR_REDIRECT] 
2025-09-10 14:43:35,280 [ERROR] LogOutputStream:75 - [STDERR_REDIRECT] Sep 10, 2025 2:43:35 PM java.util.prefs.FileSystemPreferences syncWorld
2025-09-10 14:43:35,281 [ERROR] LogOutputStream:75 - [STDERR_REDIRECT] WARNING: Couldn't flush system prefs: java.util.prefs.BackingStoreException: Couldn't get file lock.
2025-09-10 14:43:35,281 [ERROR] LogOutputStream:75 - [STDERR_REDIRECT] 
2025-09-10 14:44:05,279 [ERROR] LogOutputStream:75 - [STDERR_REDIRECT] Sep 10, 2025 2:44:05 PM java.util.prefs.FileSystemPreferences checkLockFile0ErrorCode
2025-09-10 14:44:05,280 [ERROR] LogOutputStream:75 - [STDERR_REDIRECT] WARNING: Could not lock System prefs. Unix error code 2.
2025-09-10 14:44:05,280 [ERROR] LogOutputStream:75 - [STDERR_REDIRECT] 
2025-09-10 14:44:05,280 [ERROR] LogOutputStream:75 - [STDERR_REDIRECT] Sep 10, 2025 2:44:05 PM java.util.prefs.FileSystemPreferences syncWorld
2025-09-10 14:44:05,281 [ERROR] LogOutputStream:75 - [STDERR_REDIRECT] WARNING: Couldn't flush system prefs: java.util.prefs.BackingStoreException: Couldn't get file lock.
2025-09-10 14:44:05,281 [ERROR] LogOutputStream:75 - [STDERR_REDIRECT] 
2025-09-10 14:44:35,280 [ERROR] LogOutputStream:75 - [STDERR_REDIRECT] Sep 10, 2025 2:44:35 PM java.util.prefs.FileSystemPreferences checkLockFile0ErrorCode
2025-09-10 14:44:35,280 [ERROR] LogOutputStream:75 - [STDERR_REDIRECT] WARNING: Could not lock System prefs. Unix error code 2.
2025-09-10 14:44:35,280 [ERROR] LogOutputStream:75 - [STDERR_REDIRECT] 
2025-09-10 14:44:35,281 [ERROR] LogOutputStream:75 - [STDERR_REDIRECT] Sep 10, 2025 2:44:35 PM java.util.prefs.FileSystemPreferences syncWorld
2025-09-10 14:44:35,282 [ERROR] LogOutputStream:75 - [STDERR_REDIRECT] WARNING: Couldn't flush system prefs: java.util.prefs.BackingStoreException: Couldn't get file lock.
2025-09-10 14:44:35,282 [ERROR] LogOutputStream:75 - [STDERR_REDIRECT] 
2025-09-10 14:45:05,279 [ERROR] LogOutputStream:75 - [STDERR_REDIRECT] Sep 10, 2025 2:45:05 PM java.util.prefs.FileSystemPreferences checkLockFile0ErrorCode
2025-09-10 14:45:05,279 [ERROR] LogOutputStream:75 - [STDERR_REDIRECT] WARNING: Could not lock System prefs. Unix error code 2.
2025-09-10 14:45:05,279 [ERROR] LogOutputStream:75 - [STDERR_REDIRECT] 
2025-09-10 14:45:05,280 [ERROR] LogOutputStream:75 - [STDERR_REDIRECT] Sep 10, 2025 2:45:05 PM java.util.prefs.FileSystemPreferences syncWorld
2025-09-10 14:45:05,280 [ERROR] LogOutputStream:75 - [STDERR_REDIRECT] WARNING: Couldn't flush system prefs: java.util.prefs.BackingStoreException: Couldn't get file lock.
2025-09-10 14:45:05,280 [ERROR] LogOutputStream:75 - [STDERR_REDIRECT] 
2025-09-10 14:45:35,280 [ERROR] LogOutputStream:75 - [STDERR_REDIRECT] Sep 10, 2025 2:45:35 PM java.util.prefs.FileSystemPreferences checkLockFile0ErrorCode
2025-09-10 14:45:35,280 [ERROR] LogOutputStream:75 - [STDERR_REDIRECT] WARNING: Could not lock System prefs. Unix error code 2.
2025-09-10 14:45:35,280 [ERROR] LogOutputStream:75 - [STDERR_REDIRECT] 
2025-09-10 14:45:35,281 [ERROR] LogOutputStream:75 - [STDERR_REDIRECT] Sep 10, 2025 2:45:35 PM java.util.prefs.FileSystemPreferences syncWorld
2025-09-10 14:45:35,282 [ERROR] LogOutputStream:75 - [STDERR_REDIRECT] WARNING: Couldn't flush system prefs: java.util.prefs.BackingStoreException: Couldn't get file lock.
2025-09-10 14:45:35,282 [ERROR] LogOutputStream:75 - [STDERR_REDIRECT] 
2025-09-10 14:46:05,283 [ERROR] LogOutputStream:75 - [STDERR_REDIRECT] Sep 10, 2025 2:46:05 PM java.util.prefs.FileSystemPreferences checkLockFile0ErrorCode
2025-09-10 14:46:05,283 [ERROR] LogOutputStream:75 - [STDERR_REDIRECT] WARNING: Could not lock System prefs. Unix error code 2.
2025-09-10 14:46:05,283 [ERROR] LogOutputStream:75 - [STDERR_REDIRECT] 
2025-09-10 14:46:05,284 [ERROR] LogOutputStream:75 - [STDERR_REDIRECT] Sep 10, 2025 2:46:05 PM java.util.prefs.FileSystemPreferences syncWorld
2025-09-10 14:46:05,285 [ERROR] LogOutputStream:75 - [STDERR_REDIRECT] WARNING: Couldn't flush system prefs: java.util.prefs.BackingStoreException: Couldn't get file lock.
2025-09-10 14:46:05,285 [ERROR] LogOutputStream:75 - [STDERR_REDIRECT] 
2025-09-10 14:46:35,280 [ERROR] LogOutputStream:75 - [STDERR_REDIRECT] Sep 10, 2025 2:46:35 PM java.util.prefs.FileSystemPreferences checkLockFile0ErrorCode
2025-09-10 14:46:35,281 [ERROR] LogOutputStream:75 - [STDERR_REDIRECT] WARNING: Could not lock System prefs. Unix error code 2.
2025-09-10 14:46:35,281 [ERROR] LogOutputStream:75 - [STDERR_REDIRECT] 
2025-09-10 14:46:35,282 [ERROR] LogOutputStream:75 - [STDERR_REDIRECT] Sep 10, 2025 2:46:35 PM java.util.prefs.FileSystemPreferences syncWorld
2025-09-10 14:46:35,282 [ERROR] LogOutputStream:75 - [STDERR_REDIRECT] WARNING: Couldn't flush system prefs: java.util.prefs.BackingStoreException: Couldn't get file lock.
2025-09-10 14:46:35,282 [ERROR] LogOutputStream:75 - [STDERR_REDIRECT] 
2025-09-10 14:47:05,281 [ERROR] LogOutputStream:75 - [STDERR_REDIRECT] Sep 10, 2025 2:47:05 PM java.util.prefs.FileSystemPreferences checkLockFile0ErrorCode
2025-09-10 14:47:05,282 [ERROR] LogOutputStream:75 - [STDERR_REDIRECT] WARNING: Could not lock System prefs. Unix error code 2.
2025-09-10 14:47:05,282 [ERROR] LogOutputStream:75 - [STDERR_REDIRECT] 
2025-09-10 14:47:05,282 [ERROR] LogOutputStream:75 - [STDERR_REDIRECT] Sep 10, 2025 2:47:05 PM java.util.prefs.FileSystemPreferences syncWorld
2025-09-10 14:47:05,283 [ERROR] LogOutputStream:75 - [STDERR_REDIRECT] WARNING: Couldn't flush system prefs: java.util.prefs.BackingStoreException: Couldn't get file lock.
2025-09-10 14:47:05,283 [ERROR] LogOutputStream:75 - [STDERR_REDIRECT] 
2025-09-10 14:47:35,280 [ERROR] LogOutputStream:75 - [STDERR_REDIRECT] Sep 10, 2025 2:47:35 PM java.util.prefs.FileSystemPreferences checkLockFile0ErrorCode
2025-09-10 14:47:35,281 [ERROR] LogOutputStream:75 - [STDERR_REDIRECT] WARNING: Could not lock System prefs. Unix error code 2.
2025-09-10 14:47:35,281 [ERROR] LogOutputStream:75 - [STDERR_REDIRECT] 
2025-09-10 14:47:35,281 [ERROR] LogOutputStream:75 - [STDERR_REDIRECT] Sep 10, 2025 2:47:35 PM java.util.prefs.FileSystemPreferences syncWorld
2025-09-10 14:47:35,282 [ERROR] LogOutputStream:75 - [STDERR_REDIRECT] WARNING: Couldn't flush system prefs: java.util.prefs.BackingStoreException: Couldn't get file lock.
2025-09-10 14:47:35,282 [ERROR] LogOutputStream:75 - [STDERR_REDIRECT] 
2025-09-10 14:48:05,281 [ERROR] LogOutputStream:75 - [STDERR_REDIRECT] Sep 10, 2025 2:48:05 PM java.util.prefs.FileSystemPreferences checkLockFile0ErrorCode
2025-09-10 14:48:05,282 [ERROR] LogOutputStream:75 - [STDERR_REDIRECT] WARNING: Could not lock System prefs. Unix error code 2.
2025-09-10 14:48:05,282 [ERROR] LogOutputStream:75 - [STDERR_REDIRECT] 
2025-09-10 14:48:05,282 [ERROR] LogOutputStream:75 - [STDERR_REDIRECT] Sep 10, 2025 2:48:05 PM java.util.prefs.FileSystemPreferences syncWorld
2025-09-10 14:48:05,283 [ERROR] LogOutputStream:75 - [STDERR_REDIRECT] WARNING: Couldn't flush system prefs: java.util.prefs.BackingStoreException: Couldn't get file lock.
2025-09-10 14:48:05,283 [ERROR] LogOutputStream:75 - [STDERR_REDIRECT] 
2025-09-10 14:48:35,280 [ERROR] LogOutputStream:75 - [STDERR_REDIRECT] Sep 10, 2025 2:48:35 PM java.util.prefs.FileSystemPreferences checkLockFile0ErrorCode
2025-09-10 14:48:35,281 [ERROR] LogOutputStream:75 - [STDERR_REDIRECT] WARNING: Could not lock System prefs. Unix error code 2.
2025-09-10 14:48:35,281 [ERROR] LogOutputStream:75 - [STDERR_REDIRECT] 
2025-09-10 14:48:35,282 [ERROR] LogOutputStream:75 - [STDERR_REDIRECT] Sep 10, 2025 2:48:35 PM java.util.prefs.FileSystemPreferences syncWorld
2025-09-10 14:48:35,282 [ERROR] LogOutputStream:75 - [STDERR_REDIRECT] WARNING: Couldn't flush system prefs: java.util.prefs.BackingStoreException: Couldn't get file lock.
2025-09-10 14:48:35,282 [ERROR] LogOutputStream:75 - [STDERR_REDIRECT] 
2025-09-10 14:49:05,281 [ERROR] LogOutputStream:75 - [STDERR_REDIRECT] Sep 10, 2025 2:49:05 PM java.util.prefs.FileSystemPreferences checkLockFile0ErrorCode
2025-09-10 14:49:05,281 [ERROR] LogOutputStream:75 - [STDERR_REDIRECT] WARNING: Could not lock System prefs. Unix error code 2.
2025-09-10 14:49:05,282 [ERROR] LogOutputStream:75 - [STDERR_REDIRECT] 
2025-09-10 14:49:05,282 [ERROR] LogOutputStream:75 - [STDERR_REDIRECT] Sep 10, 2025 2:49:05 PM java.util.prefs.FileSystemPreferences syncWorld
2025-09-10 14:49:05,283 [ERROR] LogOutputStream:75 - [STDERR_REDIRECT] WARNING: Couldn't flush system prefs: java.util.prefs.BackingStoreException: Couldn't get file lock.
2025-09-10 14:49:05,283 [ERROR] LogOutputStream:75 - [STDERR_REDIRECT] 
2025-09-10 14:49:35,281 [ERROR] LogOutputStream:75 - [STDERR_REDIRECT] Sep 10, 2025 2:49:35 PM java.util.prefs.FileSystemPreferences checkLockFile0ErrorCode
2025-09-10 14:49:35,281 [ERROR] LogOutputStream:75 - [STDERR_REDIRECT] WARNING: Could not lock System prefs. Unix error code 2.
2025-09-10 14:49:35,281 [ERROR] LogOutputStream:75 - [STDERR_REDIRECT] 
2025-09-10 14:49:35,282 [ERROR] LogOutputStream:75 - [STDERR_REDIRECT] Sep 10, 2025 2:49:35 PM java.util.prefs.FileSystemPreferences syncWorld
2025-09-10 14:49:35,282 [ERROR] LogOutputStream:75 - [STDERR_REDIRECT] WARNING: Couldn't flush system prefs: java.util.prefs.BackingStoreException: Couldn't get file lock.
2025-09-10 14:49:35,282 [ERROR] LogOutputStream:75 - [STDERR_REDIRECT] 
2025-09-10 14:50:05,281 [ERROR] LogOutputStream:75 - [STDERR_REDIRECT] Sep 10, 2025 2:50:05 PM java.util.prefs.FileSystemPreferences checkLockFile0ErrorCode
2025-09-10 14:50:05,282 [ERROR] LogOutputStream:75 - [STDERR_REDIRECT] WARNING: Could not lock System prefs. Unix error code 2.
2025-09-10 14:50:05,282 [ERROR] LogOutputStream:75 - [STDERR_REDIRECT] 
2025-09-10 14:50:05,282 [ERROR] LogOutputStream:75 - [STDERR_REDIRECT] Sep 10, 2025 2:50:05 PM java.util.prefs.FileSystemPreferences syncWorld
2025-09-10 14:50:05,283 [ERROR] LogOutputStream:75 - [STDERR_REDIRECT] WARNING: Couldn't flush system prefs: java.util.prefs.BackingStoreException: Couldn't get file lock.
2025-09-10 14:50:05,283 [ERROR] LogOutputStream:75 - [STDERR_REDIRECT] 
2025-09-10 14:50:35,280 [ERROR] LogOutputStream:75 - [STDERR_REDIRECT] Sep 10, 2025 2:50:35 PM java.util.prefs.FileSystemPreferences checkLockFile0ErrorCode
2025-09-10 14:50:35,281 [ERROR] LogOutputStream:75 - [STDERR_REDIRECT] WARNING: Could not lock System prefs. Unix error code 2.
2025-09-10 14:50:35,281 [ERROR] LogOutputStream:75 - [STDERR_REDIRECT] 
2025-09-10 14:50:35,281 [ERROR] LogOutputStream:75 - [STDERR_REDIRECT] Sep 10, 2025 2:50:35 PM java.util.prefs.FileSystemPreferences syncWorld
2025-09-10 14:50:35,282 [ERROR] LogOutputStream:75 - [STDERR_REDIRECT] WARNING: Couldn't flush system prefs: java.util.prefs.BackingStoreException: Couldn't get file lock.
2025-09-10 14:50:35,282 [ERROR] LogOutputStream:75 - [STDERR_REDIRECT] 
2025-09-10 14:51:05,283 [ERROR] LogOutputStream:75 - [STDERR_REDIRECT] Sep 10, 2025 2:51:05 PM java.util.prefs.FileSystemPreferences checkLockFile0ErrorCode
2025-09-10 14:51:05,284 [ERROR] LogOutputStream:75 - [STDERR_REDIRECT] WARNING: Could not lock System prefs. Unix error code 2.
2025-09-10 14:51:05,284 [ERROR] LogOutputStream:75 - [STDERR_REDIRECT] 
2025-09-10 14:51:05,285 [ERROR] LogOutputStream:75 - [STDERR_REDIRECT] Sep 10, 2025 2:51:05 PM java.util.prefs.FileSystemPreferences syncWorld
2025-09-10 14:51:05,285 [ERROR] LogOutputStream:75 - [STDERR_REDIRECT] WARNING: Couldn't flush system prefs: java.util.prefs.BackingStoreException: Couldn't get file lock.
2025-09-10 14:51:05,285 [ERROR] LogOutputStream:75 - [STDERR_REDIRECT] 
2025-09-10 14:51:35,280 [ERROR] LogOutputStream:75 - [STDERR_REDIRECT] Sep 10, 2025 2:51:35 PM java.util.prefs.FileSystemPreferences checkLockFile0ErrorCode
2025-09-10 14:51:35,281 [ERROR] LogOutputStream:75 - [STDERR_REDIRECT] WARNING: Could not lock System prefs. Unix error code 2.
2025-09-10 14:51:35,281 [ERROR] LogOutputStream:75 - [STDERR_REDIRECT] 
2025-09-10 14:51:35,281 [ERROR] LogOutputStream:75 - [STDERR_REDIRECT] Sep 10, 2025 2:51:35 PM java.util.prefs.FileSystemPreferences syncWorld
2025-09-10 14:51:35,282 [ERROR] LogOutputStream:75 - [STDERR_REDIRECT] WARNING: Couldn't flush system prefs: java.util.prefs.BackingStoreException: Couldn't get file lock.
2025-09-10 14:51:35,282 [ERROR] LogOutputStream:75 - [STDERR_REDIRECT] 
2025-09-10 14:52:05,280 [ERROR] LogOutputStream:75 - [STDERR_REDIRECT] Sep 10, 2025 2:52:05 PM java.util.prefs.FileSystemPreferences checkLockFile0ErrorCode
2025-09-10 14:52:05,280 [ERROR] LogOutputStream:75 - [STDERR_REDIRECT] WARNING: Could not lock System prefs. Unix error code 2.
2025-09-10 14:52:05,280 [ERROR] LogOutputStream:75 - [STDERR_REDIRECT] 
2025-09-10 14:52:05,281 [ERROR] LogOutputStream:75 - [STDERR_REDIRECT] Sep 10, 2025 2:52:05 PM java.util.prefs.FileSystemPreferences syncWorld
2025-09-10 14:52:05,282 [ERROR] LogOutputStream:75 - [STDERR_REDIRECT] WARNING: Couldn't flush system prefs: java.util.prefs.BackingStoreException: Couldn't get file lock.
2025-09-10 14:52:05,282 [ERROR] LogOutputStream:75 - [STDERR_REDIRECT] 
2025-09-10 14:52:35,280 [ERROR] LogOutputStream:75 - [STDERR_REDIRECT] Sep 10, 2025 2:52:35 PM java.util.prefs.FileSystemPreferences checkLockFile0ErrorCode
2025-09-10 14:52:35,280 [ERROR] LogOutputStream:75 - [STDERR_REDIRECT] WARNING: Could not lock System prefs. Unix error code 2.
2025-09-10 14:52:35,281 [ERROR] LogOutputStream:75 - [STDERR_REDIRECT] 
2025-09-10 14:52:35,281 [ERROR] LogOutputStream:75 - [STDERR_REDIRECT] Sep 10, 2025 2:52:35 PM java.util.prefs.FileSystemPreferences syncWorld
2025-09-10 14:52:35,282 [ERROR] LogOutputStream:75 - [STDERR_REDIRECT] WARNING: Couldn't flush system prefs: java.util.prefs.BackingStoreException: Couldn't get file lock.
2025-09-10 14:52:35,282 [ERROR] LogOutputStream:75 - [STDERR_REDIRECT] 
2025-09-10 14:53:05,282 [ERROR] LogOutputStream:75 - [STDERR_REDIRECT] Sep 10, 2025 2:53:05 PM java.util.prefs.FileSystemPreferences checkLockFile0ErrorCode
2025-09-10 14:53:05,283 [ERROR] LogOutputStream:75 - [STDERR_REDIRECT] WARNING: Could not lock System prefs. Unix error code 2.
2025-09-10 14:53:05,283 [ERROR] LogOutputStream:75 - [STDERR_REDIRECT] 
2025-09-10 14:53:05,284 [ERROR] LogOutputStream:75 - [STDERR_REDIRECT] Sep 10, 2025 2:53:05 PM java.util.prefs.FileSystemPreferences syncWorld
2025-09-10 14:53:05,284 [ERROR] LogOutputStream:75 - [STDERR_REDIRECT] WARNING: Couldn't flush system prefs: java.util.prefs.BackingStoreException: Couldn't get file lock.
2025-09-10 14:53:05,284 [ERROR] LogOutputStream:75 - [STDERR_REDIRECT] 
2025-09-10 14:53:35,281 [ERROR] LogOutputStream:75 - [STDERR_REDIRECT] Sep 10, 2025 2:53:35 PM java.util.prefs.FileSystemPreferences checkLockFile0ErrorCode
2025-09-10 14:53:35,282 [ERROR] LogOutputStream:75 - [STDERR_REDIRECT] WARNING: Could not lock System prefs. Unix error code 2.
2025-09-10 14:53:35,282 [ERROR] LogOutputStream:75 - [STDERR_REDIRECT] 
2025-09-10 14:53:35,282 [ERROR] LogOutputStream:75 - [STDERR_REDIRECT] Sep 10, 2025 2:53:35 PM java.util.prefs.FileSystemPreferences syncWorld
2025-09-10 14:53:35,283 [ERROR] LogOutputStream:75 - [STDERR_REDIRECT] WARNING: Couldn't flush system prefs: java.util.prefs.BackingStoreException: Couldn't get file lock.
2025-09-10 14:53:35,283 [ERROR] LogOutputStream:75 - [STDERR_REDIRECT] 
2025-09-10 14:54:05,281 [ERROR] LogOutputStream:75 - [STDERR_REDIRECT] Sep 10, 2025 2:54:05 PM java.util.prefs.FileSystemPreferences checkLockFile0ErrorCode
2025-09-10 14:54:05,281 [ERROR] LogOutputStream:75 - [STDERR_REDIRECT] WARNING: Could not lock System prefs. Unix error code 2.
2025-09-10 14:54:05,281 [ERROR] LogOutputStream:75 - [STDERR_REDIRECT] 
2025-09-10 14:54:05,282 [ERROR] LogOutputStream:75 - [STDERR_REDIRECT] Sep 10, 2025 2:54:05 PM java.util.prefs.FileSystemPreferences syncWorld
2025-09-10 14:54:05,282 [ERROR] LogOutputStream:75 - [STDERR_REDIRECT] WARNING: Couldn't flush system prefs: java.util.prefs.BackingStoreException: Couldn't get file lock.
2025-09-10 14:54:05,282 [ERROR] LogOutputStream:75 - [STDERR_REDIRECT] 
2025-09-10 14:54:35,281 [ERROR] LogOutputStream:75 - [STDERR_REDIRECT] Sep 10, 2025 2:54:35 PM java.util.prefs.FileSystemPreferences checkLockFile0ErrorCode
2025-09-10 14:54:35,282 [ERROR] LogOutputStream:75 - [STDERR_REDIRECT] WARNING: Could not lock System prefs. Unix error code 2.
2025-09-10 14:54:35,282 [ERROR] LogOutputStream:75 - [STDERR_REDIRECT] 
2025-09-10 14:54:35,283 [ERROR] LogOutputStream:75 - [STDERR_REDIRECT] Sep 10, 2025 2:54:35 PM java.util.prefs.FileSystemPreferences syncWorld
2025-09-10 14:54:35,283 [ERROR] LogOutputStream:75 - [STDERR_REDIRECT] WARNING: Couldn't flush system prefs: java.util.prefs.BackingStoreException: Couldn't get file lock.
2025-09-10 14:54:35,283 [ERROR] LogOutputStream:75 - [STDERR_REDIRECT] 
2025-09-10 14:55:05,284 [ERROR] LogOutputStream:75 - [STDERR_REDIRECT] Sep 10, 2025 2:55:05 PM java.util.prefs.FileSystemPreferences checkLockFile0ErrorCode
2025-09-10 14:55:05,285 [ERROR] LogOutputStream:75 - [STDERR_REDIRECT] WARNING: Could not lock System prefs. Unix error code 2.
2025-09-10 14:55:05,285 [ERROR] LogOutputStream:75 - [STDERR_REDIRECT] 
2025-09-10 14:55:05,285 [ERROR] LogOutputStream:75 - [STDERR_REDIRECT] Sep 10, 2025 2:55:05 PM java.util.prefs.FileSystemPreferences syncWorld
2025-09-10 14:55:05,286 [ERROR] LogOutputStream:75 - [STDERR_REDIRECT] WARNING: Couldn't flush system prefs: java.util.prefs.BackingStoreException: Couldn't get file lock.
2025-09-10 14:55:05,286 [ERROR] LogOutputStream:75 - [STDERR_REDIRECT] 
2025-09-10 14:55:35,282 [ERROR] LogOutputStream:75 - [STDERR_REDIRECT] Sep 10, 2025 2:55:35 PM java.util.prefs.FileSystemPreferences checkLockFile0ErrorCode
2025-09-10 14:55:35,282 [ERROR] LogOutputStream:75 - [STDERR_REDIRECT] WARNING: Could not lock System prefs. Unix error code 2.
2025-09-10 14:55:35,283 [ERROR] LogOutputStream:75 - [STDERR_REDIRECT] 
2025-09-10 14:55:35,283 [ERROR] LogOutputStream:75 - [STDERR_REDIRECT] Sep 10, 2025 2:55:35 PM java.util.prefs.FileSystemPreferences syncWorld
2025-09-10 14:55:35,284 [ERROR] LogOutputStream:75 - [STDERR_REDIRECT] WARNING: Couldn't flush system prefs: java.util.prefs.BackingStoreException: Couldn't get file lock.
2025-09-10 14:55:35,284 [ERROR] LogOutputStream:75 - [STDERR_REDIRECT] 
2025-09-10 14:56:05,283 [ERROR] LogOutputStream:75 - [STDERR_REDIRECT] Sep 10, 2025 2:56:05 PM java.util.prefs.FileSystemPreferences checkLockFile0ErrorCode
2025-09-10 14:56:05,283 [ERROR] LogOutputStream:75 - [STDERR_REDIRECT] WARNING: Could not lock System prefs. Unix error code 2.
2025-09-10 14:56:05,283 [ERROR] LogOutputStream:75 - [STDERR_REDIRECT] 
2025-09-10 14:56:05,284 [ERROR] LogOutputStream:75 - [STDERR_REDIRECT] Sep 10, 2025 2:56:05 PM java.util.prefs.FileSystemPreferences syncWorld
2025-09-10 14:56:05,284 [ERROR] LogOutputStream:75 - [STDERR_REDIRECT] WARNING: Couldn't flush system prefs: java.util.prefs.BackingStoreException: Couldn't get file lock.
2025-09-10 14:56:05,284 [ERROR] LogOutputStream:75 - [STDERR_REDIRECT] 
2025-09-10 14:56:35,282 [ERROR] LogOutputStream:75 - [STDERR_REDIRECT] Sep 10, 2025 2:56:35 PM java.util.prefs.FileSystemPreferences checkLockFile0ErrorCode
2025-09-10 14:56:35,282 [ERROR] LogOutputStream:75 - [STDERR_REDIRECT] WARNING: Could not lock System prefs. Unix error code 2.
2025-09-10 14:56:35,282 [ERROR] LogOutputStream:75 - [STDERR_REDIRECT] 
2025-09-10 14:56:35,283 [ERROR] LogOutputStream:75 - [STDERR_REDIRECT] Sep 10, 2025 2:56:35 PM java.util.prefs.FileSystemPreferences syncWorld
2025-09-10 14:56:35,284 [ERROR] LogOutputStream:75 - [STDERR_REDIRECT] WARNING: Couldn't flush system prefs: java.util.prefs.BackingStoreException: Couldn't get file lock.
2025-09-10 14:56:35,284 [ERROR] LogOutputStream:75 - [STDERR_REDIRECT] 
2025-09-10 14:57:05,281 [ERROR] LogOutputStream:75 - [STDERR_REDIRECT] Sep 10, 2025 2:57:05 PM java.util.prefs.FileSystemPreferences checkLockFile0ErrorCode
2025-09-10 14:57:05,281 [ERROR] LogOutputStream:75 - [STDERR_REDIRECT] WARNING: Could not lock System prefs. Unix error code 2.
2025-09-10 14:57:05,281 [ERROR] LogOutputStream:75 - [STDERR_REDIRECT] 
2025-09-10 14:57:05,282 [ERROR] LogOutputStream:75 - [STDERR_REDIRECT] Sep 10, 2025 2:57:05 PM java.util.prefs.FileSystemPreferences syncWorld
2025-09-10 14:57:05,282 [ERROR] LogOutputStream:75 - [STDERR_REDIRECT] WARNING: Couldn't flush system prefs: java.util.prefs.BackingStoreException: Couldn't get file lock.
2025-09-10 14:57:05,282 [ERROR] LogOutputStream:75 - [STDERR_REDIRECT] 
2025-09-10 14:57:35,282 [ERROR] LogOutputStream:75 - [STDERR_REDIRECT] Sep 10, 2025 2:57:35 PM java.util.prefs.FileSystemPreferences checkLockFile0ErrorCode
2025-09-10 14:57:35,283 [ERROR] LogOutputStream:75 - [STDERR_REDIRECT] WARNING: Could not lock System prefs. Unix error code 2.
2025-09-10 14:57:35,283 [ERROR] LogOutputStream:75 - [STDERR_REDIRECT] 
2025-09-10 14:57:35,284 [ERROR] LogOutputStream:75 - [STDERR_REDIRECT] Sep 10, 2025 2:57:35 PM java.util.prefs.FileSystemPreferences syncWorld
2025-09-10 14:57:35,284 [ERROR] LogOutputStream:75 - [STDERR_REDIRECT] WARNING: Couldn't flush system prefs: java.util.prefs.BackingStoreException: Couldn't get file lock.
2025-09-10 14:57:35,284 [ERROR] LogOutputStream:75 - [STDERR_REDIRECT] 
2025-09-10 14:58:05,283 [ERROR] LogOutputStream:75 - [STDERR_REDIRECT] Sep 10, 2025 2:58:05 PM java.util.prefs.FileSystemPreferences checkLockFile0ErrorCode
2025-09-10 14:58:05,283 [ERROR] LogOutputStream:75 - [STDERR_REDIRECT] WARNING: Could not lock System prefs. Unix error code 2.
2025-09-10 14:58:05,283 [ERROR] LogOutputStream:75 - [STDERR_REDIRECT] 
2025-09-10 14:58:05,284 [ERROR] LogOutputStream:75 - [STDERR_REDIRECT] Sep 10, 2025 2:58:05 PM java.util.prefs.FileSystemPreferences syncWorld
2025-09-10 14:58:05,284 [ERROR] LogOutputStream:75 - [STDERR_REDIRECT] WARNING: Couldn't flush system prefs: java.util.prefs.BackingStoreException: Couldn't get file lock.
2025-09-10 14:58:05,284 [ERROR] LogOutputStream:75 - [STDERR_REDIRECT] 
2025-09-10 14:58:35,282 [ERROR] LogOutputStream:75 - [STDERR_REDIRECT] Sep 10, 2025 2:58:35 PM java.util.prefs.FileSystemPreferences checkLockFile0ErrorCode
2025-09-10 14:58:35,282 [ERROR] LogOutputStream:75 - [STDERR_REDIRECT] WARNING: Could not lock System prefs. Unix error code 2.
2025-09-10 14:58:35,282 [ERROR] LogOutputStream:75 - [STDERR_REDIRECT] 
2025-09-10 14:58:35,283 [ERROR] LogOutputStream:75 - [STDERR_REDIRECT] Sep 10, 2025 2:58:35 PM java.util.prefs.FileSystemPreferences syncWorld
2025-09-10 14:58:35,283 [ERROR] LogOutputStream:75 - [STDERR_REDIRECT] WARNING: Couldn't flush system prefs: java.util.prefs.BackingStoreException: Couldn't get file lock.
2025-09-10 14:58:35,283 [ERROR] LogOutputStream:75 - [STDERR_REDIRECT] 
2025-09-10 14:59:05,282 [ERROR] LogOutputStream:75 - [STDERR_REDIRECT] Sep 10, 2025 2:59:05 PM java.util.prefs.FileSystemPreferences checkLockFile0ErrorCode
2025-09-10 14:59:05,283 [ERROR] LogOutputStream:75 - [STDERR_REDIRECT] WARNING: Could not lock System prefs. Unix error code 2.
2025-09-10 14:59:05,283 [ERROR] LogOutputStream:75 - [STDERR_REDIRECT] 
2025-09-10 14:59:05,284 [ERROR] LogOutputStream:75 - [STDERR_REDIRECT] Sep 10, 2025 2:59:05 PM java.util.prefs.FileSystemPreferences syncWorld
2025-09-10 14:59:05,284 [ERROR] LogOutputStream:75 - [STDERR_REDIRECT] WARNING: Couldn't flush system prefs: java.util.prefs.BackingStoreException: Couldn't get file lock.
2025-09-10 14:59:05,284 [ERROR] LogOutputStream:75 - [STDERR_REDIRECT] 
2025-09-10 14:59:35,281 [ERROR] LogOutputStream:75 - [STDERR_REDIRECT] Sep 10, 2025 2:59:35 PM java.util.prefs.FileSystemPreferences checkLockFile0ErrorCode
2025-09-10 14:59:35,281 [ERROR] LogOutputStream:75 - [STDERR_REDIRECT] WARNING: Could not lock System prefs. Unix error code 2.
2025-09-10 14:59:35,281 [ERROR] LogOutputStream:75 - [STDERR_REDIRECT] 
2025-09-10 14:59:35,281 [ERROR] LogOutputStream:75 - [STDERR_REDIRECT] Sep 10, 2025 2:59:35 PM java.util.prefs.FileSystemPreferences syncWorld
2025-09-10 14:59:35,282 [ERROR] LogOutputStream:75 - [STDERR_REDIRECT] WARNING: Couldn't flush system prefs: java.util.prefs.BackingStoreException: Couldn't get file lock.
2025-09-10 14:59:35,282 [ERROR] LogOutputStream:75 - [STDERR_REDIRECT] 
2025-09-10 15:00:01,390 [ERROR] LogOutputStream:75 - [STDERR_REDIRECT] 
2025-09-10 15:00:01,391 [ERROR] LogOutputStream:75 - [STDERR_REDIRECT] 
2025-09-10 15:00:10,791 [INFO] Activator:176 - 


2025-09-10 15:00:10,792 [INFO] Activator:177 - !SESSION log4j initialized
2025-09-10 15:00:13,652 [INFO] LogOutputStream:77 - [STDOUT_REDIRECT] 
2025-09-10 15:00:14,301 [INFO] ApplicationProperties:184 - Using Application install path: /opt/st/stm32cubeide_1.19.0/plugins/com.st.stm32cube.common.mx_6.15.0.202507011659
2025-09-10 15:00:14,313 [INFO] DbMcusXml:78 - Set database path to: /opt/st/stm32cubeide_1.19.0/plugins/com.st.stm32cube.common.mx_6.15.0.202507011659//db//mcu/
2025-09-10 15:00:14,314 [INFO] ApiDb:274 - Set plugin database path to: /opt/st/stm32cubeide_1.19.0/plugins/com.st.stm32cube.common.mx_6.15.0.202507011659//db//plugins/boardmanager/
2025-09-10 15:00:14,314 [WARN] ApiDb:259 - Overriding images path with different value:  => /opt/st/stm32cubeide_1.19.0/plugins/com.st.stm32cube.common.mx_6.15.0.202507011659//db//plugins/mcufinder/images/
2025-09-10 15:00:14,316 [INFO] ApiDb:250 - Set database path to: /home/matijak/.stmcufinder/plugins/mcufinder//mcu/
2025-09-10 15:00:14,317 [INFO] DbMcusAds:125 - Set database path to: /home/matijak/.stmcufinder/plugins/mcufinder//mcu/
2025-09-10 15:00:14,318 [INFO] CrossReferenceDbSqlite:203 - Set database path to: /home/matijak/.stmcufinder/plugins/mcufinder//mcu/cs/
2025-09-10 15:00:14,388 [INFO] RulesReader:64 - Compatibility file has been processed (317 Rules)
2025-09-10 15:00:14,428 [INFO] DbMcusXml:78 - Set database path to: /opt/st/stm32cubeide_1.19.0/plugins/com.st.stm32cube.common.mx_6.15.0.202507011659//db//mcu/
2025-09-10 15:00:14,428 [INFO] ApiDb:274 - Set plugin database path to: /opt/st/stm32cubeide_1.19.0/plugins/com.st.stm32cube.common.mx_6.15.0.202507011659//db//plugins/boardmanager/
2025-09-10 15:00:14,429 [INFO] ApiDb:261 - Set plugin images path to: /opt/st/stm32cubeide_1.19.0/plugins/com.st.stm32cube.common.mx_6.15.0.202507011659//db//plugins/mcufinder/images/
2025-09-10 15:00:14,429 [WARN] DbFile:41 - Overriding database path with different value: /home/matijak/.stmcufinder/plugins/mcufinder/ => /home/matijak/.stmcufinder/plugins/mcufinder
2025-09-10 15:00:14,429 [INFO] ApiDb:250 - Set database path to: /home/matijak/.stmcufinder/plugins/mcufinder//mcu/
2025-09-10 15:00:14,429 [WARN] DbFile:41 - Overriding database path with different value: /home/matijak/.stmcufinder/plugins/mcufinder/ => /home/matijak/.stmcufinder/plugins/mcufinder
2025-09-10 15:00:14,429 [INFO] DbMcusAds:125 - Set database path to: /home/matijak/.stmcufinder/plugins/mcufinder//mcu/
2025-09-10 15:00:14,429 [WARN] DbFile:41 - Overriding database path with different value: /home/matijak/.stmcufinder/plugins/mcufinder/ => /home/matijak/.stmcufinder/plugins/mcufinder
2025-09-10 15:00:14,429 [WARN] DbFile:41 - Overriding database path with different value: /home/matijak/.stmcufinder/plugins/mcufinder/ => /home/matijak/.stmcufinder/plugins/mcufinder
2025-09-10 15:00:14,429 [INFO] CrossReferenceDbSqlite:203 - Set database path to: /home/matijak/.stmcufinder/plugins/mcufinder//mcu/cs/
2025-09-10 15:00:14,469 [INFO] MainPanel:274 - HeapMemory: 268435456
2025-09-10 15:00:14,549 [INFO] DbMcusXml:78 - Set database path to: /opt/st/stm32cubeide_1.19.0/plugins/com.st.stm32cube.common.mx_6.15.0.202507011659//db//mcu/
2025-09-10 15:00:14,549 [INFO] ApiDb:274 - Set plugin database path to: /opt/st/stm32cubeide_1.19.0/plugins/com.st.stm32cube.common.mx_6.15.0.202507011659//db//plugins/boardmanager/
2025-09-10 15:00:14,549 [INFO] ApiDb:261 - Set plugin images path to: /opt/st/stm32cubeide_1.19.0/plugins/com.st.stm32cube.common.mx_6.15.0.202507011659//db//plugins/mcufinder/images/
2025-09-10 15:00:14,549 [WARN] DbFile:41 - Overriding database path with different value: /home/matijak/.stmcufinder/plugins/mcufinder/ => /home/matijak/.stmcufinder/plugins/mcufinder
2025-09-10 15:00:14,550 [INFO] ApiDb:250 - Set database path to: /home/matijak/.stmcufinder/plugins/mcufinder//mcu/
2025-09-10 15:00:14,550 [WARN] DbFile:41 - Overriding database path with different value: /home/matijak/.stmcufinder/plugins/mcufinder/ => /home/matijak/.stmcufinder/plugins/mcufinder
2025-09-10 15:00:14,550 [INFO] DbMcusAds:125 - Set database path to: /home/matijak/.stmcufinder/plugins/mcufinder//mcu/
2025-09-10 15:00:14,550 [WARN] DbFile:41 - Overriding database path with different value: /home/matijak/.stmcufinder/plugins/mcufinder/ => /home/matijak/.stmcufinder/plugins/mcufinder
2025-09-10 15:00:14,550 [WARN] DbFile:41 - Overriding database path with different value: /home/matijak/.stmcufinder/plugins/mcufinder/ => /home/matijak/.stmcufinder/plugins/mcufinder
2025-09-10 15:00:14,550 [INFO] CrossReferenceDbSqlite:203 - Set database path to: /home/matijak/.stmcufinder/plugins/mcufinder//mcu/cs/
2025-09-10 15:00:14,561 [INFO] ApplicationProperties:184 - Using Application install path: /opt/st/stm32cubeide_1.19.0/plugins/com.st.stm32cube.common.mx_6.15.0.202507011659
2025-09-10 15:00:14,562 [INFO] PluginManage:196 - Search for loadable plugins [exclusion list=, ]
2025-09-10 15:00:14,563 [INFO] PluginManage:310 - Check plugin analytics
2025-09-10 15:00:14,660 [INFO] AnalyticsPlugin:253 - Accepted Software Licenses: 
2025-09-10 15:00:14,660 [INFO] AnalyticsPlugin:255 - Accepted CMSIS Pack Licenses: 
2025-09-10 15:00:14,660 [INFO] AnalyticsPlugin:257 - Accepted Firmware Licenses: FW.L4.1.18.0,FW.G4.1.6.0
2025-09-10 15:00:14,661 [INFO] PluginManage:359 - Loaded plugin analytics (category:tool,tabindex:-1)
2025-09-10 15:00:14,662 [INFO] PluginManage:310 - Check plugin cadmodel
2025-09-10 15:00:14,665 [INFO] CADModel:105 - Init CAD model plugin
2025-09-10 15:00:14,665 [INFO] PluginManage:359 - Loaded plugin cadmodel (category:power,tabindex:5)
2025-09-10 15:00:14,665 [INFO] PluginManage:310 - Check plugin clock
2025-09-10 15:00:14,670 [INFO] PluginManage:359 - Loaded plugin clock (category:base,tabindex:2)
2025-09-10 15:00:14,670 [INFO] PluginManage:310 - Check plugin ddr
2025-09-10 15:00:14,671 [INFO] PluginManage:359 - Loaded plugin ddr (category:tool,tabindex:6)
2025-09-10 15:00:14,671 [INFO] PluginManage:310 - Check plugin filemanager
2025-09-10 15:00:14,768 [INFO] PluginManage:359 - Loaded plugin filemanager (category:base,tabindex:10)
2025-09-10 15:00:14,769 [INFO] PluginManage:310 - Check plugin ipmanager
2025-09-10 15:00:14,772 [INFO] PluginManage:359 - Loaded plugin ipmanager (category:base,tabindex:5)
2025-09-10 15:00:14,772 [INFO] PluginManage:310 - Check plugin lpbam
2025-09-10 15:00:14,777 [INFO] PluginManage:359 - Loaded plugin lpbam (category:base,tabindex:0)
2025-09-10 15:00:14,777 [INFO] PluginManage:310 - Check plugin memorymap
2025-09-10 15:00:14,784 [INFO] PluginManage:359 - Loaded plugin memorymap (category:base,tabindex:4)
2025-09-10 15:00:14,784 [INFO] PluginManage:310 - Check plugin pinoutandconfiguration
2025-09-10 15:00:14,788 [INFO] PluginManage:359 - Loaded plugin pinoutandconfiguration (category:base,tabindex:1)
2025-09-10 15:00:14,788 [INFO] PluginManage:310 - Check plugin pinoutconfig
2025-09-10 15:00:14,843 [WARN] SupportedApi:132 - Cannot load RTOS API schema: s4s-elt-must-match.1: The content of 'definitions' must match (annotation?, (simpleType | complexType)?, (unique | key | keyref)*)). A problem was found starting at: attribute.
2025-09-10 15:00:14,916 [INFO] PluginManage:359 - Loaded plugin pinoutconfig (category:base,tabindex:0)
2025-09-10 15:00:14,916 [INFO] PluginManage:310 - Check plugin power
2025-09-10 15:00:14,920 [INFO] PluginManage:359 - Loaded plugin power (category:power,tabindex:4)
2025-09-10 15:00:14,920 [INFO] PluginManage:310 - Check plugin projectmanager
2025-09-10 15:00:14,932 [INFO] PluginManage:359 - Loaded plugin projectmanager (category:projectmanager,tabindex:4)
2025-09-10 15:00:14,932 [INFO] PluginManage:310 - Check plugin rif
2025-09-10 15:00:14,939 [INFO] PluginManage:359 - Loaded plugin rif (category:base,tabindex:3)
2025-09-10 15:00:14,939 [INFO] PluginManage:310 - Check plugin thirdparty
2025-09-10 15:00:15,024 [INFO] PluginManage:359 - Loaded plugin thirdparty (category:base,tabindex:-1)
2025-09-10 15:00:15,024 [INFO] PluginManage:310 - Check plugin tools
2025-09-10 15:00:15,024 [WARN] IntegrityCheckThread:84 - waiting for thirdparty lock release [integrity check]
2025-09-10 15:00:15,024 [INFO] IntegrityCheckThread:86 - entering critical section [integrity check]
2025-09-10 15:00:15,025 [INFO] ThirdPartyUpdaterWithRetryManager:70 - Updater plugin not ready yet. [1/15]
2025-09-10 15:00:15,026 [INFO] PluginManage:359 - Loaded plugin tools (category:base,tabindex:7)
2025-09-10 15:00:15,026 [INFO] PluginManage:310 - Check plugin tutovideos
2025-09-10 15:00:15,150 [INFO] PluginManage:359 - Loaded plugin tutovideos (category:base,tabindex:-1)
2025-09-10 15:00:15,150 [INFO] PluginManage:310 - Check plugin updater
2025-09-10 15:00:15,165 [INFO] PluginManage:359 - Loaded plugin updater (category:base,tabindex:12)
2025-09-10 15:00:15,165 [INFO] PluginManage:310 - Check plugin userauth
2025-09-10 15:00:15,167 [INFO] UserAuth:118 - Init User Auth plugin
2025-09-10 15:00:15,168 [INFO] PluginManage:359 - Loaded plugin userauth (category:base,tabindex:14)
2025-09-10 15:00:15,168 [INFO] PluginManage:283 - PluginManage : Loaded plugins [18]
2025-09-10 15:00:15,281 [INFO] PinOutPanel:1589 - setPackage(No Configuration,No Configuration)
2025-09-10 15:00:15,334 [INFO] CADModel:165 - CPN selected for project level
2025-09-10 15:00:15,334 [INFO] CADModel:114 - Register for checkConnection events
2025-09-10 15:00:15,347 [INFO] IPUIPlugin:80 - create IPUIPlugin
2025-09-10 15:00:15,347 [INFO] PluginManager:220 - loadIPPluginJar : add adc
2025-09-10 15:00:15,349 [INFO] IPUIPlugin:80 - create IPUIPlugin
2025-09-10 15:00:15,349 [INFO] PluginManager:220 - loadIPPluginJar : add aes
2025-09-10 15:00:15,350 [INFO] IPUIPlugin:80 - create IPUIPlugin
2025-09-10 15:00:15,350 [INFO] PluginManager:220 - loadIPPluginJar : add can
2025-09-10 15:00:15,351 [INFO] IPUIPlugin:80 - create IPUIPlugin
2025-09-10 15:00:15,351 [INFO] PluginManager:220 - loadIPPluginJar : add comp
2025-09-10 15:00:15,352 [INFO] IPUIPlugin:80 - create IPUIPlugin
2025-09-10 15:00:15,352 [INFO] PluginManager:220 - loadIPPluginJar : add cryp
2025-09-10 15:00:15,353 [INFO] IPUIPlugin:80 - create IPUIPlugin
2025-09-10 15:00:15,353 [INFO] PluginManager:220 - loadIPPluginJar : add ddr_ctrl_phy
2025-09-10 15:00:15,354 [INFO] IPUIPlugin:80 - create IPUIPlugin
2025-09-10 15:00:15,354 [INFO] PluginManager:220 - loadIPPluginJar : add dfsdm
2025-09-10 15:00:15,358 [INFO] IPUIPlugin:80 - create IPUIPlugin
2025-09-10 15:00:15,358 [INFO] PluginManager:220 - loadIPPluginJar : add dma
2025-09-10 15:00:15,359 [INFO] IPUIPlugin:80 - create IPUIPlugin
2025-09-10 15:00:15,359 [INFO] PluginManager:220 - loadIPPluginJar : add dma3
2025-09-10 15:00:15,361 [INFO] IPUIPlugin:80 - create IPUIPlugin
2025-09-10 15:00:15,361 [INFO] PluginManager:220 - loadIPPluginJar : add extmemmanager
2025-09-10 15:00:15,361 [INFO] IPUIPlugin:80 - create IPUIPlugin
2025-09-10 15:00:15,361 [INFO] PluginManager:220 - loadIPPluginJar : add fatfs
2025-09-10 15:00:15,364 [INFO] IPUIPlugin:80 - create IPUIPlugin
2025-09-10 15:00:15,364 [INFO] PluginManager:220 - loadIPPluginJar : add fmc
2025-09-10 15:00:15,367 [INFO] IPUIPlugin:80 - create IPUIPlugin
2025-09-10 15:00:15,367 [INFO] PluginManager:220 - loadIPPluginJar : add freertos
2025-09-10 15:00:15,367 [INFO] IPUIPlugin:80 - create IPUIPlugin
2025-09-10 15:00:15,367 [INFO] PluginManager:220 - loadIPPluginJar : add genericplugin
2025-09-10 15:00:15,368 [INFO] IPUIPlugin:80 - create IPUIPlugin
2025-09-10 15:00:15,368 [INFO] PluginManager:220 - loadIPPluginJar : add gfxmmu
2025-09-10 15:00:15,371 [INFO] IPUIPlugin:80 - create IPUIPlugin
2025-09-10 15:00:15,371 [INFO] PluginManager:220 - loadIPPluginJar : add gic
2025-09-10 15:00:15,373 [INFO] IPUIPlugin:80 - create IPUIPlugin
2025-09-10 15:00:15,373 [INFO] PluginManager:220 - loadIPPluginJar : add gpio
2025-09-10 15:00:15,375 [INFO] IPUIPlugin:80 - create IPUIPlugin
2025-09-10 15:00:15,375 [INFO] PluginManager:220 - loadIPPluginJar : add gtzc
2025-09-10 15:00:15,375 [INFO] IPUIPlugin:80 - create IPUIPlugin
2025-09-10 15:00:15,376 [INFO] PluginManager:220 - loadIPPluginJar : add hash
2025-09-10 15:00:15,377 [INFO] IPUIPlugin:80 - create IPUIPlugin
2025-09-10 15:00:15,377 [INFO] PluginManager:220 - loadIPPluginJar : add i2c
2025-09-10 15:00:15,378 [INFO] IPUIPlugin:80 - create IPUIPlugin
2025-09-10 15:00:15,378 [INFO] PluginManager:220 - loadIPPluginJar : add i2s
2025-09-10 15:00:15,379 [INFO] IPUIPlugin:80 - create IPUIPlugin
2025-09-10 15:00:15,379 [INFO] PluginManager:220 - loadIPPluginJar : add i3c
2025-09-10 15:00:15,381 [INFO] IPUIPlugin:80 - create IPUIPlugin
2025-09-10 15:00:15,381 [INFO] PluginManager:220 - loadIPPluginJar : add ipddr
2025-09-10 15:00:15,387 [INFO] IPUIPlugin:80 - create IPUIPlugin
2025-09-10 15:00:15,387 [INFO] PluginManager:220 - loadIPPluginJar : add linkedlist
2025-09-10 15:00:15,390 [INFO] IPUIPlugin:80 - create IPUIPlugin
2025-09-10 15:00:15,390 [INFO] PluginManager:220 - loadIPPluginJar : add lorawan
2025-09-10 15:00:15,391 [INFO] IPUIPlugin:80 - create IPUIPlugin
2025-09-10 15:00:15,391 [INFO] PluginManager:220 - loadIPPluginJar : add ltdc
2025-09-10 15:00:15,396 [INFO] IPUIPlugin:80 - create IPUIPlugin
2025-09-10 15:00:15,397 [INFO] PluginManager:220 - loadIPPluginJar : add mdma
2025-09-10 15:00:15,399 [INFO] IPUIPlugin:80 - create IPUIPlugin
2025-09-10 15:00:15,399 [INFO] PluginManager:220 - loadIPPluginJar : add nvic
2025-09-10 15:00:15,401 [INFO] IPUIPlugin:80 - create IPUIPlugin
2025-09-10 15:00:15,401 [INFO] PluginManager:220 - loadIPPluginJar : add opamp
2025-09-10 15:00:15,403 [INFO] IPUIPlugin:80 - create IPUIPlugin
2025-09-10 15:00:15,403 [INFO] PluginManager:220 - loadIPPluginJar : add openamp
2025-09-10 15:00:15,404 [INFO] IPUIPlugin:80 - create IPUIPlugin
2025-09-10 15:00:15,405 [INFO] PluginManager:220 - loadIPPluginJar : add pdm2pcm
2025-09-10 15:00:15,409 [INFO] IPUIPlugin:80 - create IPUIPlugin
2025-09-10 15:00:15,411 [INFO] PluginManager:220 - loadIPPluginJar : add plateformsettings
2025-09-10 15:00:15,412 [INFO] IPUIPlugin:80 - create IPUIPlugin
2025-09-10 15:00:15,412 [INFO] PluginManager:220 - loadIPPluginJar : add quadspi
2025-09-10 15:00:15,414 [INFO] IPUIPlugin:80 - create IPUIPlugin
2025-09-10 15:00:15,414 [INFO] PluginManager:220 - loadIPPluginJar : add radio
2025-09-10 15:00:15,416 [INFO] IPUIPlugin:80 - create IPUIPlugin
2025-09-10 15:00:15,416 [INFO] PluginManager:220 - loadIPPluginJar : add resmgrutility
2025-09-10 15:00:15,417 [INFO] IPUIPlugin:80 - create IPUIPlugin
2025-09-10 15:00:15,418 [INFO] PluginManager:220 - loadIPPluginJar : add sai
2025-09-10 15:00:15,419 [INFO] IPUIPlugin:80 - create IPUIPlugin
2025-09-10 15:00:15,419 [INFO] PluginManager:220 - loadIPPluginJar : add spi
2025-09-10 15:00:15,423 [INFO] IPUIPlugin:80 - create IPUIPlugin
2025-09-10 15:00:15,424 [INFO] PluginManager:220 - loadIPPluginJar : add stm32_wpan
2025-09-10 15:00:15,425 [INFO] IPUIPlugin:80 - create IPUIPlugin
2025-09-10 15:00:15,425 [INFO] PluginManager:220 - loadIPPluginJar : add tim
2025-09-10 15:00:15,427 [INFO] IPUIPlugin:80 - create IPUIPlugin
2025-09-10 15:00:15,427 [INFO] PluginManager:220 - loadIPPluginJar : add touchsensing
2025-09-10 15:00:15,429 [INFO] IPUIPlugin:80 - create IPUIPlugin
2025-09-10 15:00:15,429 [INFO] PluginManager:220 - loadIPPluginJar : add tracer_emb
2025-09-10 15:00:15,430 [INFO] IPUIPlugin:80 - create IPUIPlugin
2025-09-10 15:00:15,430 [INFO] PluginManager:220 - loadIPPluginJar : add ts
2025-09-10 15:00:15,431 [INFO] IPUIPlugin:80 - create IPUIPlugin
2025-09-10 15:00:15,431 [INFO] PluginManager:220 - loadIPPluginJar : add tsc
2025-09-10 15:00:15,432 [INFO] IPUIPlugin:80 - create IPUIPlugin
2025-09-10 15:00:15,432 [INFO] PluginManager:220 - loadIPPluginJar : add ucpd
2025-09-10 15:00:15,434 [INFO] IPUIPlugin:80 - create IPUIPlugin
2025-09-10 15:00:15,434 [INFO] PluginManager:220 - loadIPPluginJar : add usart
2025-09-10 15:00:15,436 [INFO] IPUIPlugin:80 - create IPUIPlugin
2025-09-10 15:00:15,436 [INFO] PluginManager:220 - loadIPPluginJar : add usbx
2025-09-10 15:00:15,534 [FATAL] Updater:351 - Updater called before beeing initialized
2025-09-10 15:00:15,556 [INFO] RulesReader:64 - Compatibility file has been processed (317 Rules)
2025-09-10 15:00:15,565 [INFO] RulesReader:64 - Compatibility file has been processed (317 Rules)
2025-09-10 15:00:15,572 [INFO] CADModel:165 - CPN selected for project level
2025-09-10 15:00:15,572 [INFO] CADModel:114 - Register for checkConnection events
2025-09-10 15:00:15,572 [FATAL] Updater:351 - Updater called before beeing initialized
2025-09-10 15:00:15,572 [ERROR] CADModel:125 - Updater not yet initialized, retry later 
2025-09-10 15:00:15,667 [FATAL] Updater:351 - Updater called before beeing initialized
2025-09-10 15:00:15,668 [INFO] CADModel:165 - CPN selected for project level
2025-09-10 15:00:15,668 [INFO] CADModel:114 - Register for checkConnection events
2025-09-10 15:00:15,668 [FATAL] Updater:351 - Updater called before beeing initialized
2025-09-10 15:00:15,668 [ERROR] CADModel:125 - Updater not yet initialized, retry later 
2025-09-10 15:00:15,671 [FATAL] Updater:351 - Updater called before beeing initialized
2025-09-10 15:00:15,731 [FATAL] Updater:351 - Updater called before beeing initialized
2025-09-10 15:00:15,735 [INFO] DbMcusAds:53 - JSON generation date=Tue Jul 08 10:14:23 CEST 2025 (1751962463582)
2025-09-10 15:00:15,735 [FATAL] Updater:351 - Updater called before beeing initialized
2025-09-10 15:00:15,758 [WARN] DetailPanel:346 - Failed to get advertising image, set to default
2025-09-10 15:00:15,805 [FATAL] Updater:351 - Updater called before beeing initialized
2025-09-10 15:00:15,806 [FATAL] Updater:351 - Updater called before beeing initialized
2025-09-10 15:00:15,807 [FATAL] Updater:351 - Updater called before beeing initialized
2025-09-10 15:00:15,807 [WARN] DetailPanel:346 - Failed to get advertising image, set to default
2025-09-10 15:00:15,807 [FATAL] Updater:351 - Updater called before beeing initialized
2025-09-10 15:00:15,827 [ERROR] Updater:1198 - MainUpdater not yet initialized. External WinMGr cannot be set.
2025-09-10 15:00:15,828 [INFO] Updater:1134 - Updater Version found : 6.15.0
2025-09-10 15:00:15,841 [INFO] ApplicationProperties:184 - Using Application install path: /opt/st/stm32cubeide_1.19.0/plugins/com.st.stm32cube.common.mx_6.15.0.202507011659
2025-09-10 15:00:15,850 [ERROR] LogOutputStream:75 - [STDERR_REDIRECT] Sep 10, 2025 3:00:15 PM java.util.prefs.FileSystemPreferences$2 run
2025-09-10 15:00:15,850 [ERROR] LogOutputStream:75 - [STDERR_REDIRECT] WARNING: Could not create system preferences directory. System preferences are unusable.
2025-09-10 15:00:15,850 [ERROR] LogOutputStream:75 - [STDERR_REDIRECT] 
2025-09-10 15:00:16,143 [INFO] MainUpdater:2872 - connection check result : 10
2025-09-10 15:00:16,144 [INFO] MainUpdater:289 - Updater Check For Update Now.
2025-09-10 15:00:16,144 [INFO] MicroXplorer:498 - Change Database Version : DB.6.0.150
2025-09-10 15:00:16,147 [INFO] McuFinderGlobals:63 - Set McuFinder mode to 2 (CubeIDE integrated)
2025-09-10 15:00:16,148 [INFO] UserAuth:487 - Internet connection configuration mode: 1
2025-09-10 15:00:16,159 [INFO] JxBrowserEngine:152 - Initiate JxBrowser Engine with user profile folder
2025-09-10 15:00:16,297 [INFO] CheckServerUpdateThread:120 - End of CheckServer Thread
2025-09-10 15:00:16,568 [INFO] WebApp:169 - Instantiating new browser for Auth
2025-09-10 15:00:16,997 [INFO] WebApp:463 - Apply proxy settings
2025-09-10 15:00:16,997 [INFO] WebApp:548 - Chromium requires no authentication
2025-09-10 15:00:17,003 [INFO] WebApp:491 - Direct internet connection detected
2025-09-10 15:00:17,016 [INFO] WebApp:900 - Register for checkConnection events
2025-09-10 15:00:17,016 [INFO] WebApp:463 - Apply proxy settings
2025-09-10 15:00:17,016 [INFO] WebApp:548 - Chromium requires no authentication
2025-09-10 15:00:17,016 [INFO] WebApp:491 - Direct internet connection detected
2025-09-10 15:00:17,099 [INFO] WebApp:225 - Starting web application
2025-09-10 15:00:17,099 [INFO] WebApp:593 - Web application path used /opt/st/stm32cubeide_1.19.0/plugins/com.st.stm32cube.common.mx_6.15.0.202507011659/db/plugins/mcufinder/reactClient1/index.html
2025-09-10 15:00:17,168 [INFO] UserAuth:487 - Internet connection configuration mode: 1
2025-09-10 15:00:17,433 [INFO] WebApp:191 - Connection restablished
2025-09-10 15:00:18,113 [WARN] PackLoader:240 - Cannot read IP mode file for STMicroelectronics.FP-SNS-MOTENVWB1.1.4.0
2025-09-10 15:00:18,117 [WARN] PackLoader:240 - Cannot read IP mode file for STMicroelectronics.FP-ATR-ASTRA1.2.0.2
2025-09-10 15:00:18,122 [WARN] PackLoader:240 - Cannot read IP mode file for STMicroelectronics.X-CUBE-SMBUS.2.1.0
2025-09-10 15:00:18,125 [WARN] PackLoader:240 - Cannot read IP mode file for STMicroelectronics.X-CUBE-ST60.1.0.0
2025-09-10 15:00:18,145 [WARN] PackLoader:240 - Cannot read IP mode file for STMicroelectronics.X-CUBE-AZRTOS-F7.1.1.0
2025-09-10 15:00:18,154 [WARN] PackLoader:240 - Cannot read IP mode file for WES.I-CUBE-Cesium.1.4.0
2025-09-10 15:00:18,169 [WARN] PackLoader:240 - Cannot read IP mode file for Infineon.AIROC-Wi-Fi-Bluetooth-STM32.1.7.1
2025-09-10 15:00:18,190 [WARN] PackLoader:240 - Cannot read IP mode file for STMicroelectronics.X-CUBE-AZRTOS-H7.3.4.0
2025-09-10 15:00:18,199 [WARN] PackLoader:240 - Cannot read IP mode file for STMicroelectronics.X-CUBE-DISPLAY.3.0.0
2025-09-10 15:00:18,223 [WARN] PackLoader:240 - Cannot read IP mode file for STMicroelectronics.X-CUBE-NFC10.1.0.0
2025-09-10 15:00:18,230 [WARN] PackLoader:240 - Cannot read IP mode file for emotas.I-CUBE-CANOPEN.1.3.0
2025-09-10 15:00:18,238 [WARN] PackLoader:240 - Cannot read IP mode file for STMicroelectronics.FP-SNS-STBOX1.2.1.0
2025-09-10 15:00:18,245 [WARN] PackLoader:240 - Cannot read IP mode file for STMicroelectronics.FP-SNS-SMARTAG2.1.2.0
2025-09-10 15:00:18,249 [WARN] PackLoader:240 - Cannot read IP mode file for STMicroelectronics.FP-SNS-FLIGHT1.5.1.0
2025-09-10 15:00:18,259 [INFO] LogOutputStream:77 - [STDOUT_REDIRECT] 1 : Invalid condition id : UX_CORESTACK_Condition cause : null
2025-09-10 15:00:18,260 [INFO] LogOutputStream:77 - [STDOUT_REDIRECT] 1 : Invalid condition id : UX_CORESTACK_Condition cause : null
2025-09-10 15:00:18,261 [INFO] LogOutputStream:77 - [STDOUT_REDIRECT] 1 : Invalid condition id : UX_CORESTACK_Condition cause : null
2025-09-10 15:00:18,262 [INFO] LogOutputStream:77 - [STDOUT_REDIRECT] 1 : Invalid condition id : UX_CORESTACK_Condition cause : null
2025-09-10 15:00:18,282 [INFO] LogOutputStream:77 - [STDOUT_REDIRECT] 1 : Invalid condition id : UX_CORESTACK_Condition cause : null
2025-09-10 15:00:18,286 [WARN] PackLoader:240 - Cannot read IP mode file for STMicroelectronics.X-CUBE-AZRTOS-WL.2.0.0
2025-09-10 15:00:18,293 [WARN] PackLoader:240 - Cannot read IP mode file for STMicroelectronics.FP-SNS-MOTENV1.5.0.0
2025-09-10 15:00:18,299 [WARN] PackLoader:240 - Cannot read IP mode file for STMicroelectronics.X-CUBE-BLE2.3.3.0
2025-09-10 15:00:18,303 [WARN] PackLoader:240 - Cannot read IP mode file for STMicroelectronics.X-CUBE-NFC9.1.0.0
2025-09-10 15:00:18,307 [WARN] PackLoader:240 - Cannot read IP mode file for wolfSSL.I-CUBE-wolfSSL.5.8.2
2025-09-10 15:00:18,312 [WARN] PackLoader:240 - Cannot read IP mode file for STMicroelectronics.X-CUBE-BLE1.7.1.0
2025-09-10 15:00:18,315 [WARN] PackLoader:240 - Cannot read IP mode file for wolfSSL.I-CUBE-wolfMQTT.1.19.2
2025-09-10 15:00:18,318 [WARN] PackLoader:240 - Cannot read IP mode file for STMicroelectronics.X-CUBE-EEPRMA1.5.2.0
2025-09-10 15:00:18,328 [WARN] PackLoader:240 - Cannot read IP mode file for STMicroelectronics.X-CUBE-AZRTOS-G0.1.1.0
2025-09-10 15:00:18,333 [WARN] PackLoader:240 - Cannot read IP mode file for STMicroelectronics.X-CUBE-SAFEA1.1.2.2
2025-09-10 15:00:18,338 [WARN] PackLoader:240 - Cannot read IP mode file for STMicroelectronics.X-CUBE-NFC4.3.0.0
2025-09-10 15:00:18,345 [WARN] PackLoader:240 - Cannot read IP mode file for EmbeddedOffice.I-CUBE-FS-RTOS.1.0.1
2025-09-10 15:00:18,349 [WARN] PackLoader:240 - Cannot read IP mode file for STMicroelectronics.X-CUBE-WB05N.2.0.0
2025-09-10 15:00:18,353 [WARN] PackLoader:240 - Cannot read IP mode file for wolfSSL.I-CUBE-wolfTPM.3.8.0
2025-09-10 15:00:18,358 [WARN] PackLoader:240 - Cannot read IP mode file for STMicroelectronics.X-CUBE-TCPP.4.2.0
2025-09-10 15:00:18,362 [WARN] PackLoader:240 - Cannot read IP mode file for RealThread.X-CUBE-RT-Thread_Nano.4.1.1
2025-09-10 15:00:18,365 [WARN] PackLoader:240 - Cannot read IP mode file for STMicroelectronics.FP-ATR-SIGFOX1.3.2.0
2025-09-10 15:00:18,370 [WARN] PackLoader:240 - Cannot read IP mode file for ITTIA_DB.I-CUBE-ITTIADB.8.9.0
2025-09-10 15:00:18,375 [WARN] PackLoader:240 - Cannot read IP mode file for STMicroelectronics.X-CUBE-ST67W61.1.0.0
2025-09-10 15:00:18,378 [WARN] PackLoader:240 - Cannot read IP mode file for STMicroelectronics.X-CUBE-AI.10.2.0
2025-09-10 15:00:18,403 [WARN] PackLoader:240 - Cannot read IP mode file for SEGGER.I-CUBE-embOS.1.3.1
2025-09-10 15:00:18,444 [WARN] PackLoader:240 - Cannot read IP mode file for STMicroelectronics.X-CUBE-ALGOBUILD.1.4.0
2025-09-10 15:00:18,471 [WARN] PackLoader:240 - Cannot read IP mode file for STMicroelectronics.X-CUBE-MEMS1.11.3.0
2025-09-10 15:00:18,562 [WARN] PackLoader:240 - Cannot read IP mode file for STMicroelectronics.X-CUBE-PM33A1.1.0.0
2025-09-10 15:00:18,575 [WARN] PackLoader:240 - Cannot read IP mode file for STMicroelectronics.X-CUBE-AZRTOS-F4.1.1.0
2025-09-10 15:00:18,581 [WARN] PackLoader:240 - Cannot read IP mode file for Avnet-IotConnect.X-CUBE-IoTC-DA16k-PMOD.1.0.0
2025-09-10 15:00:18,585 [WARN] PackLoader:240 - Cannot read IP mode file for STMicroelectronics.X-CUBE-ISPU.2.1.0
2025-09-10 15:00:18,590 [WARN] PackLoader:240 - Cannot read IP mode file for STMicroelectronics.X-CUBE-NFC12.1.0.0
2025-09-10 15:00:18,606 [WARN] PackLoader:240 - Cannot read IP mode file for STMicroelectronics.X-CUBE-AZRTOS-L5.2.0.0
2025-09-10 15:00:18,616 [WARN] PackLoader:240 - Cannot read IP mode file for STMicroelectronics.X-CUBE-NFC6.3.1.0
2025-09-10 15:00:18,623 [WARN] PackLoader:240 - Cannot read IP mode file for STMicroelectronics.X-CUBE-FREERTOS.1.3.1
2025-09-10 15:00:18,628 [WARN] PackLoader:240 - Cannot read IP mode file for STMicroelectronics.FP-SNS-STAIOTCFT.1.0.0
2025-09-10 15:00:18,633 [WARN] PackLoader:240 - Cannot read IP mode file for STMicroelectronics.X-CUBE-DPower.1.3.0
2025-09-10 15:00:18,646 [WARN] ConditionMgr:438 - getConditionDescription Invalid condition id : LAN8742 Phy interface Condition cause : null
2025-09-10 15:00:18,647 [WARN] PackLoader:240 - Cannot read IP mode file for STMicroelectronics.X-CUBE-AZRTOS-L4.2.0.0
2025-09-10 15:00:18,649 [WARN] ConditionMgr:1044 - genDependencies : Invalid condition id : LAN8742 Phy interface Condition cause : null
2025-09-10 15:00:18,649 [WARN] ConditionMgr:1044 - genDependencies : Invalid condition id : LAN8742 Phy interface Condition cause : null
2025-09-10 15:00:18,649 [WARN] ConditionMgr:1044 - genDependencies : Invalid condition id : LAN8742 Phy interface Condition cause : null
2025-09-10 15:00:18,656 [WARN] PackLoader:240 - Cannot read IP mode file for STMicroelectronics.X-CUBE-SFXS2LP1.4.0.0
2025-09-10 15:00:18,665 [WARN] PackLoader:240 - Cannot read IP mode file for STMicroelectronics.X-CUBE-BLEMGR.4.1.0
2025-09-10 15:00:18,677 [WARN] ConditionMgr:438 - getConditionDescription Invalid condition id : UX DEVICE CLASS RTOS Condition cause : null
2025-09-10 15:00:18,677 [WARN] ConditionMgr:438 - getConditionDescription Invalid condition id : UX DEVICE CLASS RTOS Condition cause : null
2025-09-10 15:00:18,679 [WARN] PackLoader:240 - Cannot read IP mode file for STMicroelectronics.X-CUBE-AZRTOS-WB.2.0.0
2025-09-10 15:00:18,680 [WARN] ConditionMgr:1044 - genDependencies : Invalid condition id : UX DEVICE CLASS RTOS Condition cause : null
2025-09-10 15:00:18,680 [WARN] ConditionMgr:1044 - genDependencies : Invalid condition id : UX DEVICE CLASS RTOS Condition cause : null
2025-09-10 15:00:18,681 [WARN] ConditionMgr:1044 - genDependencies : Invalid condition id : UX DEVICE CLASS RTOS Condition cause : null
2025-09-10 15:00:18,681 [WARN] ConditionMgr:1044 - genDependencies : Invalid condition id : UX DEVICE CLASS RTOS Condition cause : null
2025-09-10 15:00:18,681 [WARN] ConditionMgr:1044 - genDependencies : Invalid condition id : UX DEVICE CLASS RTOS Condition cause : null
2025-09-10 15:00:18,686 [WARN] PackLoader:240 - Cannot read IP mode file for STMicroelectronics.X-CUBE-GNSS1.7.0.1
2025-09-10 15:00:18,690 [WARN] PackLoader:240 - Cannot read IP mode file for STMicroelectronics.X-CUBE-TOUCHGFX.4.25.0
2025-09-10 15:00:18,693 [WARN] ConditionMgr:438 - getConditionDescription Invalid condition id : Cortex-A Device cause : null
2025-09-10 15:00:18,705 [WARN] ConditionMgr:1044 - genDependencies : Invalid condition id : Cortex-A Device cause : null
2025-09-10 15:00:18,705 [WARN] ConditionMgr:1044 - genDependencies : Invalid condition id : Cortex-A Device cause : null
2025-09-10 15:00:18,705 [WARN] ConditionMgr:1044 - genDependencies : Invalid condition id : Cortex-A Device cause : null
2025-09-10 15:00:18,711 [WARN] PackLoader:240 - Cannot read IP mode file for STMicroelectronics.X-CUBE-SUBG2.5.0.0
2025-09-10 15:00:18,738 [WARN] PackLoader:240 - Cannot read IP mode file for STMicroelectronics.X-CUBE-AZRTOS-H7RS.1.1.0
2025-09-10 15:00:18,744 [WARN] PackLoader:240 - Cannot read IP mode file for Cesanta.I-CUBE-Mongoose.7.13.0
2025-09-10 15:00:18,755 [WARN] PackLoader:240 - Cannot read IP mode file for STMicroelectronics.X-CUBE-AZRTOS-G4.2.0.0
2025-09-10 15:00:18,760 [WARN] PackLoader:240 - Cannot read IP mode file for wolfSSL.I-CUBE-wolfSSH.1.4.20
2025-09-10 15:00:18,763 [WARN] PackLoader:240 - Cannot read IP mode file for STMicroelectronics.X-CUBE-NFC7.2.0.0
2025-09-10 15:00:18,791 [WARN] PackLoader:240 - Cannot read IP mode file for STMicroelectronics.X-CUBE-IPS.3.1.0
2025-09-10 15:00:18,800 [WARN] PackLoader:240 - Cannot read IP mode file for STMicroelectronics.X-CUBE-ALS.1.0.2
2025-09-10 15:00:18,805 [WARN] PackLoader:240 - Cannot read IP mode file for STMicroelectronics.X-CUBE-STSE01.1.0.0
2025-09-10 15:00:18,816 [WARN] PackLoader:240 - Cannot read IP mode file for STMicroelectronics.X-CUBE-TOF1.3.4.3
2025-09-10 15:00:18,826 [INFO] ThirdParty:978 - Integrity check success = true
2025-09-10 15:00:18,826 [INFO] IntegrityCheckThread:100 - exiting critical section [integrity check]
2025-09-10 15:00:18,826 [INFO] IntegrityCheckThread:103 - End integrity checks thread
2025-09-10 15:00:45,319 [ERROR] LogOutputStream:75 - [STDERR_REDIRECT] Sep 10, 2025 3:00:45 PM java.util.prefs.FileSystemPreferences checkLockFile0ErrorCode
2025-09-10 15:00:45,320 [ERROR] LogOutputStream:75 - [STDERR_REDIRECT] WARNING: Could not lock System prefs. Unix error code 2.
2025-09-10 15:00:45,320 [ERROR] LogOutputStream:75 - [STDERR_REDIRECT] 
2025-09-10 15:00:45,321 [ERROR] LogOutputStream:75 - [STDERR_REDIRECT] Sep 10, 2025 3:00:45 PM java.util.prefs.FileSystemPreferences syncWorld
2025-09-10 15:00:45,322 [ERROR] LogOutputStream:75 - [STDERR_REDIRECT] WARNING: Couldn't flush system prefs: java.util.prefs.BackingStoreException: Couldn't get file lock.
2025-09-10 15:00:45,322 [ERROR] LogOutputStream:75 - [STDERR_REDIRECT] 
2025-09-10 15:01:15,315 [ERROR] LogOutputStream:75 - [STDERR_REDIRECT] Sep 10, 2025 3:01:15 PM java.util.prefs.FileSystemPreferences checkLockFile0ErrorCode
2025-09-10 15:01:15,316 [ERROR] LogOutputStream:75 - [STDERR_REDIRECT] WARNING: Could not lock System prefs. Unix error code 2.
2025-09-10 15:01:15,316 [ERROR] LogOutputStream:75 - [STDERR_REDIRECT] 
2025-09-10 15:01:15,317 [ERROR] LogOutputStream:75 - [STDERR_REDIRECT] Sep 10, 2025 3:01:15 PM java.util.prefs.FileSystemPreferences syncWorld
2025-09-10 15:01:15,318 [ERROR] LogOutputStream:75 - [STDERR_REDIRECT] WARNING: Couldn't flush system prefs: java.util.prefs.BackingStoreException: Couldn't get file lock.
2025-09-10 15:01:15,318 [ERROR] LogOutputStream:75 - [STDERR_REDIRECT] 
2025-09-10 15:01:45,314 [ERROR] LogOutputStream:75 - [STDERR_REDIRECT] Sep 10, 2025 3:01:45 PM java.util.prefs.FileSystemPreferences checkLockFile0ErrorCode
2025-09-10 15:01:45,315 [ERROR] LogOutputStream:75 - [STDERR_REDIRECT] WARNING: Could not lock System prefs. Unix error code 2.
2025-09-10 15:01:45,315 [ERROR] LogOutputStream:75 - [STDERR_REDIRECT] 
2025-09-10 15:01:45,316 [ERROR] LogOutputStream:75 - [STDERR_REDIRECT] Sep 10, 2025 3:01:45 PM java.util.prefs.FileSystemPreferences syncWorld
2025-09-10 15:01:45,316 [ERROR] LogOutputStream:75 - [STDERR_REDIRECT] WARNING: Couldn't flush system prefs: java.util.prefs.BackingStoreException: Couldn't get file lock.
2025-09-10 15:01:45,317 [ERROR] LogOutputStream:75 - [STDERR_REDIRECT] 
2025-09-10 15:02:15,314 [ERROR] LogOutputStream:75 - [STDERR_REDIRECT] Sep 10, 2025 3:02:15 PM java.util.prefs.FileSystemPreferences checkLockFile0ErrorCode
2025-09-10 15:02:15,315 [ERROR] LogOutputStream:75 - [STDERR_REDIRECT] WARNING: Could not lock System prefs. Unix error code 2.
2025-09-10 15:02:15,315 [ERROR] LogOutputStream:75 - [STDERR_REDIRECT] 
2025-09-10 15:02:15,315 [ERROR] LogOutputStream:75 - [STDERR_REDIRECT] Sep 10, 2025 3:02:15 PM java.util.prefs.FileSystemPreferences syncWorld
2025-09-10 15:02:15,316 [ERROR] LogOutputStream:75 - [STDERR_REDIRECT] WARNING: Couldn't flush system prefs: java.util.prefs.BackingStoreException: Couldn't get file lock.
2025-09-10 15:02:15,316 [ERROR] LogOutputStream:75 - [STDERR_REDIRECT] 
2025-09-10 15:02:45,316 [ERROR] LogOutputStream:75 - [STDERR_REDIRECT] Sep 10, 2025 3:02:45 PM java.util.prefs.FileSystemPreferences checkLockFile0ErrorCode
2025-09-10 15:02:45,317 [ERROR] LogOutputStream:75 - [STDERR_REDIRECT] WARNING: Could not lock System prefs. Unix error code 2.
2025-09-10 15:02:45,317 [ERROR] LogOutputStream:75 - [STDERR_REDIRECT] 
2025-09-10 15:02:45,318 [ERROR] LogOutputStream:75 - [STDERR_REDIRECT] Sep 10, 2025 3:02:45 PM java.util.prefs.FileSystemPreferences syncWorld
2025-09-10 15:02:45,319 [ERROR] LogOutputStream:75 - [STDERR_REDIRECT] WARNING: Couldn't flush system prefs: java.util.prefs.BackingStoreException: Couldn't get file lock.
2025-09-10 15:02:45,319 [ERROR] LogOutputStream:75 - [STDERR_REDIRECT] 
2025-09-10 15:03:15,314 [ERROR] LogOutputStream:75 - [STDERR_REDIRECT] Sep 10, 2025 3:03:15 PM java.util.prefs.FileSystemPreferences checkLockFile0ErrorCode
2025-09-10 15:03:15,315 [ERROR] LogOutputStream:75 - [STDERR_REDIRECT] WARNING: Could not lock System prefs. Unix error code 2.
2025-09-10 15:03:15,315 [ERROR] LogOutputStream:75 - [STDERR_REDIRECT] 
2025-09-10 15:03:15,316 [ERROR] LogOutputStream:75 - [STDERR_REDIRECT] Sep 10, 2025 3:03:15 PM java.util.prefs.FileSystemPreferences syncWorld
2025-09-10 15:03:15,317 [ERROR] LogOutputStream:75 - [STDERR_REDIRECT] WARNING: Couldn't flush system prefs: java.util.prefs.BackingStoreException: Couldn't get file lock.
2025-09-10 15:03:15,317 [ERROR] LogOutputStream:75 - [STDERR_REDIRECT] 
2025-09-10 15:03:45,314 [ERROR] LogOutputStream:75 - [STDERR_REDIRECT] Sep 10, 2025 3:03:45 PM java.util.prefs.FileSystemPreferences checkLockFile0ErrorCode
2025-09-10 15:03:45,315 [ERROR] LogOutputStream:75 - [STDERR_REDIRECT] WARNING: Could not lock System prefs. Unix error code 2.
2025-09-10 15:03:45,315 [ERROR] LogOutputStream:75 - [STDERR_REDIRECT] 
2025-09-10 15:03:45,315 [ERROR] LogOutputStream:75 - [STDERR_REDIRECT] Sep 10, 2025 3:03:45 PM java.util.prefs.FileSystemPreferences syncWorld
2025-09-10 15:03:45,316 [ERROR] LogOutputStream:75 - [STDERR_REDIRECT] WARNING: Couldn't flush system prefs: java.util.prefs.BackingStoreException: Couldn't get file lock.
2025-09-10 15:03:45,316 [ERROR] LogOutputStream:75 - [STDERR_REDIRECT] 
2025-09-10 15:04:15,315 [ERROR] LogOutputStream:75 - [STDERR_REDIRECT] Sep 10, 2025 3:04:15 PM java.util.prefs.FileSystemPreferences checkLockFile0ErrorCode
2025-09-10 15:04:15,316 [ERROR] LogOutputStream:75 - [STDERR_REDIRECT] WARNING: Could not lock System prefs. Unix error code 2.
2025-09-10 15:04:15,316 [ERROR] LogOutputStream:75 - [STDERR_REDIRECT] 
2025-09-10 15:04:15,316 [ERROR] LogOutputStream:75 - [STDERR_REDIRECT] Sep 10, 2025 3:04:15 PM java.util.prefs.FileSystemPreferences syncWorld
2025-09-10 15:04:15,317 [ERROR] LogOutputStream:75 - [STDERR_REDIRECT] WARNING: Couldn't flush system prefs: java.util.prefs.BackingStoreException: Couldn't get file lock.
2025-09-10 15:04:15,317 [ERROR] LogOutputStream:75 - [STDERR_REDIRECT] 
2025-09-10 15:04:45,316 [ERROR] LogOutputStream:75 - [STDERR_REDIRECT] Sep 10, 2025 3:04:45 PM java.util.prefs.FileSystemPreferences checkLockFile0ErrorCode
2025-09-10 15:04:45,316 [ERROR] LogOutputStream:75 - [STDERR_REDIRECT] WARNING: Could not lock System prefs. Unix error code 2.
2025-09-10 15:04:45,316 [ERROR] LogOutputStream:75 - [STDERR_REDIRECT] 
2025-09-10 15:04:45,317 [ERROR] LogOutputStream:75 - [STDERR_REDIRECT] Sep 10, 2025 3:04:45 PM java.util.prefs.FileSystemPreferences syncWorld
2025-09-10 15:04:45,319 [ERROR] LogOutputStream:75 - [STDERR_REDIRECT] WARNING: Couldn't flush system prefs: java.util.prefs.BackingStoreException: Couldn't get file lock.
2025-09-10 15:04:45,319 [ERROR] LogOutputStream:75 - [STDERR_REDIRECT] 
2025-09-10 15:05:15,317 [ERROR] LogOutputStream:75 - [STDERR_REDIRECT] Sep 10, 2025 3:05:15 PM java.util.prefs.FileSystemPreferences checkLockFile0ErrorCode
2025-09-10 15:05:15,317 [ERROR] LogOutputStream:75 - [STDERR_REDIRECT] WARNING: Could not lock System prefs. Unix error code 2.
2025-09-10 15:05:15,318 [ERROR] LogOutputStream:75 - [STDERR_REDIRECT] 
2025-09-10 15:05:15,318 [ERROR] LogOutputStream:75 - [STDERR_REDIRECT] Sep 10, 2025 3:05:15 PM java.util.prefs.FileSystemPreferences syncWorld
2025-09-10 15:05:15,319 [ERROR] LogOutputStream:75 - [STDERR_REDIRECT] WARNING: Couldn't flush system prefs: java.util.prefs.BackingStoreException: Couldn't get file lock.
2025-09-10 15:05:15,319 [ERROR] LogOutputStream:75 - [STDERR_REDIRECT] 
2025-09-10 15:05:45,315 [ERROR] LogOutputStream:75 - [STDERR_REDIRECT] Sep 10, 2025 3:05:45 PM java.util.prefs.FileSystemPreferences checkLockFile0ErrorCode
2025-09-10 15:05:45,316 [ERROR] LogOutputStream:75 - [STDERR_REDIRECT] WARNING: Could not lock System prefs. Unix error code 2.
2025-09-10 15:05:45,316 [ERROR] LogOutputStream:75 - [STDERR_REDIRECT] 
2025-09-10 15:05:45,317 [ERROR] LogOutputStream:75 - [STDERR_REDIRECT] Sep 10, 2025 3:05:45 PM java.util.prefs.FileSystemPreferences syncWorld
2025-09-10 15:05:45,318 [ERROR] LogOutputStream:75 - [STDERR_REDIRECT] WARNING: Couldn't flush system prefs: java.util.prefs.BackingStoreException: Couldn't get file lock.
2025-09-10 15:05:45,318 [ERROR] LogOutputStream:75 - [STDERR_REDIRECT] 
2025-09-10 15:06:15,315 [ERROR] LogOutputStream:75 - [STDERR_REDIRECT] Sep 10, 2025 3:06:15 PM java.util.prefs.FileSystemPreferences checkLockFile0ErrorCode
2025-09-10 15:06:15,316 [ERROR] LogOutputStream:75 - [STDERR_REDIRECT] WARNING: Could not lock System prefs. Unix error code 2.
2025-09-10 15:06:15,316 [ERROR] LogOutputStream:75 - [STDERR_REDIRECT] 
2025-09-10 15:06:15,316 [ERROR] LogOutputStream:75 - [STDERR_REDIRECT] Sep 10, 2025 3:06:15 PM java.util.prefs.FileSystemPreferences syncWorld
2025-09-10 15:06:15,317 [ERROR] LogOutputStream:75 - [STDERR_REDIRECT] WARNING: Couldn't flush system prefs: java.util.prefs.BackingStoreException: Couldn't get file lock.
2025-09-10 15:06:15,317 [ERROR] LogOutputStream:75 - [STDERR_REDIRECT] 
2025-09-10 15:06:45,319 [ERROR] LogOutputStream:75 - [STDERR_REDIRECT] Sep 10, 2025 3:06:45 PM java.util.prefs.FileSystemPreferences checkLockFile0ErrorCode
2025-09-10 15:06:45,319 [ERROR] LogOutputStream:75 - [STDERR_REDIRECT] WARNING: Could not lock System prefs. Unix error code 2.
2025-09-10 15:06:45,320 [ERROR] LogOutputStream:75 - [STDERR_REDIRECT] 
2025-09-10 15:06:45,320 [ERROR] LogOutputStream:75 - [STDERR_REDIRECT] Sep 10, 2025 3:06:45 PM java.util.prefs.FileSystemPreferences syncWorld
2025-09-10 15:06:45,321 [ERROR] LogOutputStream:75 - [STDERR_REDIRECT] WARNING: Couldn't flush system prefs: java.util.prefs.BackingStoreException: Couldn't get file lock.
2025-09-10 15:06:45,321 [ERROR] LogOutputStream:75 - [STDERR_REDIRECT] 
2025-09-10 15:07:15,316 [ERROR] LogOutputStream:75 - [STDERR_REDIRECT] Sep 10, 2025 3:07:15 PM java.util.prefs.FileSystemPreferences checkLockFile0ErrorCode
2025-09-10 15:07:15,317 [ERROR] LogOutputStream:75 - [STDERR_REDIRECT] WARNING: Could not lock System prefs. Unix error code 2.
2025-09-10 15:07:15,317 [ERROR] LogOutputStream:75 - [STDERR_REDIRECT] 
2025-09-10 15:07:15,318 [ERROR] LogOutputStream:75 - [STDERR_REDIRECT] Sep 10, 2025 3:07:15 PM java.util.prefs.FileSystemPreferences syncWorld
2025-09-10 15:07:15,319 [ERROR] LogOutputStream:75 - [STDERR_REDIRECT] WARNING: Couldn't flush system prefs: java.util.prefs.BackingStoreException: Couldn't get file lock.
2025-09-10 15:07:15,319 [ERROR] LogOutputStream:75 - [STDERR_REDIRECT] 
2025-09-10 15:07:45,316 [ERROR] LogOutputStream:75 - [STDERR_REDIRECT] Sep 10, 2025 3:07:45 PM java.util.prefs.FileSystemPreferences checkLockFile0ErrorCode
2025-09-10 15:07:45,317 [ERROR] LogOutputStream:75 - [STDERR_REDIRECT] WARNING: Could not lock System prefs. Unix error code 2.
2025-09-10 15:07:45,317 [ERROR] LogOutputStream:75 - [STDERR_REDIRECT] 
2025-09-10 15:07:45,317 [ERROR] LogOutputStream:75 - [STDERR_REDIRECT] Sep 10, 2025 3:07:45 PM java.util.prefs.FileSystemPreferences syncWorld
2025-09-10 15:07:45,318 [ERROR] LogOutputStream:75 - [STDERR_REDIRECT] WARNING: Couldn't flush system prefs: java.util.prefs.BackingStoreException: Couldn't get file lock.
2025-09-10 15:07:45,318 [ERROR] LogOutputStream:75 - [STDERR_REDIRECT] 
2025-09-10 15:08:15,317 [ERROR] LogOutputStream:75 - [STDERR_REDIRECT] Sep 10, 2025 3:08:15 PM java.util.prefs.FileSystemPreferences checkLockFile0ErrorCode
2025-09-10 15:08:15,318 [ERROR] LogOutputStream:75 - [STDERR_REDIRECT] WARNING: Could not lock System prefs. Unix error code 2.
2025-09-10 15:08:15,318 [ERROR] LogOutputStream:75 - [STDERR_REDIRECT] 
2025-09-10 15:08:15,320 [ERROR] LogOutputStream:75 - [STDERR_REDIRECT] Sep 10, 2025 3:08:15 PM java.util.prefs.FileSystemPreferences syncWorld
2025-09-10 15:08:15,320 [ERROR] LogOutputStream:75 - [STDERR_REDIRECT] WARNING: Couldn't flush system prefs: java.util.prefs.BackingStoreException: Couldn't get file lock.
2025-09-10 15:08:15,321 [ERROR] LogOutputStream:75 - [STDERR_REDIRECT] 
2025-09-10 15:08:45,315 [ERROR] LogOutputStream:75 - [STDERR_REDIRECT] Sep 10, 2025 3:08:45 PM java.util.prefs.FileSystemPreferences checkLockFile0ErrorCode
2025-09-10 15:08:45,316 [ERROR] LogOutputStream:75 - [STDERR_REDIRECT] WARNING: Could not lock System prefs. Unix error code 2.
2025-09-10 15:08:45,316 [ERROR] LogOutputStream:75 - [STDERR_REDIRECT] 
2025-09-10 15:08:45,317 [ERROR] LogOutputStream:75 - [STDERR_REDIRECT] Sep 10, 2025 3:08:45 PM java.util.prefs.FileSystemPreferences syncWorld
2025-09-10 15:08:45,317 [ERROR] LogOutputStream:75 - [STDERR_REDIRECT] WARNING: Couldn't flush system prefs: java.util.prefs.BackingStoreException: Couldn't get file lock.
2025-09-10 15:08:45,317 [ERROR] LogOutputStream:75 - [STDERR_REDIRECT] 
2025-09-10 15:09:15,317 [ERROR] LogOutputStream:75 - [STDERR_REDIRECT] Sep 10, 2025 3:09:15 PM java.util.prefs.FileSystemPreferences checkLockFile0ErrorCode
2025-09-10 15:09:15,318 [ERROR] LogOutputStream:75 - [STDERR_REDIRECT] WARNING: Could not lock System prefs. Unix error code 2.
2025-09-10 15:09:15,318 [ERROR] LogOutputStream:75 - [STDERR_REDIRECT] 
2025-09-10 15:09:15,319 [ERROR] LogOutputStream:75 - [STDERR_REDIRECT] Sep 10, 2025 3:09:15 PM java.util.prefs.FileSystemPreferences syncWorld
2025-09-10 15:09:15,319 [ERROR] LogOutputStream:75 - [STDERR_REDIRECT] WARNING: Couldn't flush system prefs: java.util.prefs.BackingStoreException: Couldn't get file lock.
2025-09-10 15:09:15,319 [ERROR] LogOutputStream:75 - [STDERR_REDIRECT] 
2025-09-10 15:09:45,317 [ERROR] LogOutputStream:75 - [STDERR_REDIRECT] Sep 10, 2025 3:09:45 PM java.util.prefs.FileSystemPreferences checkLockFile0ErrorCode
2025-09-10 15:09:45,318 [ERROR] LogOutputStream:75 - [STDERR_REDIRECT] WARNING: Could not lock System prefs. Unix error code 2.
2025-09-10 15:09:45,318 [ERROR] LogOutputStream:75 - [STDERR_REDIRECT] 
2025-09-10 15:09:45,319 [ERROR] LogOutputStream:75 - [STDERR_REDIRECT] Sep 10, 2025 3:09:45 PM java.util.prefs.FileSystemPreferences syncWorld
2025-09-10 15:09:45,320 [ERROR] LogOutputStream:75 - [STDERR_REDIRECT] WARNING: Couldn't flush system prefs: java.util.prefs.BackingStoreException: Couldn't get file lock.
2025-09-10 15:09:45,320 [ERROR] LogOutputStream:75 - [STDERR_REDIRECT] 
2025-09-10 15:10:15,315 [ERROR] LogOutputStream:75 - [STDERR_REDIRECT] Sep 10, 2025 3:10:15 PM java.util.prefs.FileSystemPreferences checkLockFile0ErrorCode
2025-09-10 15:10:15,316 [ERROR] LogOutputStream:75 - [STDERR_REDIRECT] WARNING: Could not lock System prefs. Unix error code 2.
2025-09-10 15:10:15,316 [ERROR] LogOutputStream:75 - [STDERR_REDIRECT] 
2025-09-10 15:10:15,317 [ERROR] LogOutputStream:75 - [STDERR_REDIRECT] Sep 10, 2025 3:10:15 PM java.util.prefs.FileSystemPreferences syncWorld
2025-09-10 15:10:15,317 [ERROR] LogOutputStream:75 - [STDERR_REDIRECT] WARNING: Couldn't flush system prefs: java.util.prefs.BackingStoreException: Couldn't get file lock.
2025-09-10 15:10:15,317 [ERROR] LogOutputStream:75 - [STDERR_REDIRECT] 
2025-09-10 15:10:45,316 [ERROR] LogOutputStream:75 - [STDERR_REDIRECT] Sep 10, 2025 3:10:45 PM java.util.prefs.FileSystemPreferences checkLockFile0ErrorCode
2025-09-10 15:10:45,316 [ERROR] LogOutputStream:75 - [STDERR_REDIRECT] WARNING: Could not lock System prefs. Unix error code 2.
2025-09-10 15:10:45,317 [ERROR] LogOutputStream:75 - [STDERR_REDIRECT] 
2025-09-10 15:10:45,317 [ERROR] LogOutputStream:75 - [STDERR_REDIRECT] Sep 10, 2025 3:10:45 PM java.util.prefs.FileSystemPreferences syncWorld
2025-09-10 15:10:45,318 [ERROR] LogOutputStream:75 - [STDERR_REDIRECT] WARNING: Couldn't flush system prefs: java.util.prefs.BackingStoreException: Couldn't get file lock.
2025-09-10 15:10:45,318 [ERROR] LogOutputStream:75 - [STDERR_REDIRECT] 
2025-09-10 15:11:15,318 [ERROR] LogOutputStream:75 - [STDERR_REDIRECT] Sep 10, 2025 3:11:15 PM java.util.prefs.FileSystemPreferences checkLockFile0ErrorCode
2025-09-10 15:11:15,319 [ERROR] LogOutputStream:75 - [STDERR_REDIRECT] WARNING: Could not lock System prefs. Unix error code 2.
2025-09-10 15:11:15,319 [ERROR] LogOutputStream:75 - [STDERR_REDIRECT] 
2025-09-10 15:11:15,319 [ERROR] LogOutputStream:75 - [STDERR_REDIRECT] Sep 10, 2025 3:11:15 PM java.util.prefs.FileSystemPreferences syncWorld
2025-09-10 15:11:15,320 [ERROR] LogOutputStream:75 - [STDERR_REDIRECT] WARNING: Couldn't flush system prefs: java.util.prefs.BackingStoreException: Couldn't get file lock.
2025-09-10 15:11:15,320 [ERROR] LogOutputStream:75 - [STDERR_REDIRECT] 
2025-09-10 15:11:45,316 [ERROR] LogOutputStream:75 - [STDERR_REDIRECT] Sep 10, 2025 3:11:45 PM java.util.prefs.FileSystemPreferences checkLockFile0ErrorCode
2025-09-10 15:11:45,317 [ERROR] LogOutputStream:75 - [STDERR_REDIRECT] WARNING: Could not lock System prefs. Unix error code 2.
2025-09-10 15:11:45,317 [ERROR] LogOutputStream:75 - [STDERR_REDIRECT] 
2025-09-10 15:11:45,318 [ERROR] LogOutputStream:75 - [STDERR_REDIRECT] Sep 10, 2025 3:11:45 PM java.util.prefs.FileSystemPreferences syncWorld
2025-09-10 15:11:45,318 [ERROR] LogOutputStream:75 - [STDERR_REDIRECT] WARNING: Couldn't flush system prefs: java.util.prefs.BackingStoreException: Couldn't get file lock.
2025-09-10 15:11:45,318 [ERROR] LogOutputStream:75 - [STDERR_REDIRECT] 
2025-09-10 15:12:15,317 [ERROR] LogOutputStream:75 - [STDERR_REDIRECT] Sep 10, 2025 3:12:15 PM java.util.prefs.FileSystemPreferences checkLockFile0ErrorCode
2025-09-10 15:12:15,318 [ERROR] LogOutputStream:75 - [STDERR_REDIRECT] WARNING: Could not lock System prefs. Unix error code 2.
2025-09-10 15:12:15,318 [ERROR] LogOutputStream:75 - [STDERR_REDIRECT] 
2025-09-10 15:12:15,319 [ERROR] LogOutputStream:75 - [STDERR_REDIRECT] Sep 10, 2025 3:12:15 PM java.util.prefs.FileSystemPreferences syncWorld
2025-09-10 15:12:15,319 [ERROR] LogOutputStream:75 - [STDERR_REDIRECT] WARNING: Couldn't flush system prefs: java.util.prefs.BackingStoreException: Couldn't get file lock.
2025-09-10 15:12:15,320 [ERROR] LogOutputStream:75 - [STDERR_REDIRECT] 
2025-09-10 15:12:45,317 [ERROR] LogOutputStream:75 - [STDERR_REDIRECT] Sep 10, 2025 3:12:45 PM java.util.prefs.FileSystemPreferences checkLockFile0ErrorCode
2025-09-10 15:12:45,318 [ERROR] LogOutputStream:75 - [STDERR_REDIRECT] WARNING: Could not lock System prefs. Unix error code 2.
2025-09-10 15:12:45,318 [ERROR] LogOutputStream:75 - [STDERR_REDIRECT] 
2025-09-10 15:12:45,318 [ERROR] LogOutputStream:75 - [STDERR_REDIRECT] Sep 10, 2025 3:12:45 PM java.util.prefs.FileSystemPreferences syncWorld
2025-09-10 15:12:45,319 [ERROR] LogOutputStream:75 - [STDERR_REDIRECT] WARNING: Couldn't flush system prefs: java.util.prefs.BackingStoreException: Couldn't get file lock.
2025-09-10 15:12:45,319 [ERROR] LogOutputStream:75 - [STDERR_REDIRECT] 
2025-09-10 15:13:15,319 [ERROR] LogOutputStream:75 - [STDERR_REDIRECT] Sep 10, 2025 3:13:15 PM java.util.prefs.FileSystemPreferences checkLockFile0ErrorCode
2025-09-10 15:13:15,320 [ERROR] LogOutputStream:75 - [STDERR_REDIRECT] WARNING: Could not lock System prefs. Unix error code 2.
2025-09-10 15:13:15,320 [ERROR] LogOutputStream:75 - [STDERR_REDIRECT] 
2025-09-10 15:13:15,321 [ERROR] LogOutputStream:75 - [STDERR_REDIRECT] Sep 10, 2025 3:13:15 PM java.util.prefs.FileSystemPreferences syncWorld
2025-09-10 15:13:15,322 [ERROR] LogOutputStream:75 - [STDERR_REDIRECT] WARNING: Couldn't flush system prefs: java.util.prefs.BackingStoreException: Couldn't get file lock.
2025-09-10 15:13:15,322 [ERROR] LogOutputStream:75 - [STDERR_REDIRECT] 
2025-09-10 15:13:45,319 [ERROR] LogOutputStream:75 - [STDERR_REDIRECT] Sep 10, 2025 3:13:45 PM java.util.prefs.FileSystemPreferences checkLockFile0ErrorCode
2025-09-10 15:13:45,319 [ERROR] LogOutputStream:75 - [STDERR_REDIRECT] WARNING: Could not lock System prefs. Unix error code 2.
2025-09-10 15:13:45,320 [ERROR] LogOutputStream:75 - [STDERR_REDIRECT] 
2025-09-10 15:13:45,320 [ERROR] LogOutputStream:75 - [STDERR_REDIRECT] Sep 10, 2025 3:13:45 PM java.util.prefs.FileSystemPreferences syncWorld
2025-09-10 15:13:45,322 [ERROR] LogOutputStream:75 - [STDERR_REDIRECT] WARNING: Couldn't flush system prefs: java.util.prefs.BackingStoreException: Couldn't get file lock.
2025-09-10 15:13:45,322 [ERROR] LogOutputStream:75 - [STDERR_REDIRECT] 
2025-09-10 15:14:15,344 [ERROR] LogOutputStream:75 - [STDERR_REDIRECT] Sep 10, 2025 3:14:15 PM java.util.prefs.FileSystemPreferences checkLockFile0ErrorCode
2025-09-10 15:14:15,344 [ERROR] LogOutputStream:75 - [STDERR_REDIRECT] WARNING: Could not lock System prefs. Unix error code 2.
2025-09-10 15:14:15,345 [ERROR] LogOutputStream:75 - [STDERR_REDIRECT] 
2025-09-10 15:14:15,345 [ERROR] LogOutputStream:75 - [STDERR_REDIRECT] Sep 10, 2025 3:14:15 PM java.util.prefs.FileSystemPreferences syncWorld
2025-09-10 15:14:15,345 [ERROR] LogOutputStream:75 - [STDERR_REDIRECT] WARNING: Couldn't flush system prefs: java.util.prefs.BackingStoreException: Couldn't get file lock.
2025-09-10 15:14:15,345 [ERROR] LogOutputStream:75 - [STDERR_REDIRECT] 
2025-09-10 15:14:45,318 [ERROR] LogOutputStream:75 - [STDERR_REDIRECT] Sep 10, 2025 3:14:45 PM java.util.prefs.FileSystemPreferences checkLockFile0ErrorCode
2025-09-10 15:14:45,319 [ERROR] LogOutputStream:75 - [STDERR_REDIRECT] WARNING: Could not lock System prefs. Unix error code 2.
2025-09-10 15:14:45,319 [ERROR] LogOutputStream:75 - [STDERR_REDIRECT] 
2025-09-10 15:14:45,320 [ERROR] LogOutputStream:75 - [STDERR_REDIRECT] Sep 10, 2025 3:14:45 PM java.util.prefs.FileSystemPreferences syncWorld
2025-09-10 15:14:45,320 [ERROR] LogOutputStream:75 - [STDERR_REDIRECT] WARNING: Couldn't flush system prefs: java.util.prefs.BackingStoreException: Couldn't get file lock.
2025-09-10 15:14:45,320 [ERROR] LogOutputStream:75 - [STDERR_REDIRECT] 
2025-09-10 15:14:49,887 [ERROR] LogOutputStream:75 - [STDERR_REDIRECT] 
2025-09-10 15:14:49,888 [ERROR] LogOutputStream:75 - [STDERR_REDIRECT] 
2025-09-10 15:16:20,858 [INFO] Activator:176 - 


2025-09-10 15:16:20,860 [INFO] Activator:177 - !SESSION log4j initialized
2025-09-10 15:16:22,363 [INFO] LogOutputStream:77 - [STDOUT_REDIRECT] 
2025-09-10 15:16:24,096 [INFO] ApplicationProperties:184 - Using Application install path: /opt/st/stm32cubeide_1.19.0/plugins/com.st.stm32cube.common.mx_6.15.0.202507011659
2025-09-10 15:16:24,107 [INFO] DbMcusXml:78 - Set database path to: /opt/st/stm32cubeide_1.19.0/plugins/com.st.stm32cube.common.mx_6.15.0.202507011659//db//mcu/
2025-09-10 15:16:24,107 [INFO] ApiDb:274 - Set plugin database path to: /opt/st/stm32cubeide_1.19.0/plugins/com.st.stm32cube.common.mx_6.15.0.202507011659//db//plugins/boardmanager/
2025-09-10 15:16:24,107 [WARN] ApiDb:259 - Overriding images path with different value:  => /opt/st/stm32cubeide_1.19.0/plugins/com.st.stm32cube.common.mx_6.15.0.202507011659//db//plugins/mcufinder/images/
2025-09-10 15:16:24,111 [INFO] ApiDb:250 - Set database path to: /home/matijak/.stmcufinder/plugins/mcufinder//mcu/
2025-09-10 15:16:24,112 [INFO] DbMcusAds:125 - Set database path to: /home/matijak/.stmcufinder/plugins/mcufinder//mcu/
2025-09-10 15:16:24,113 [INFO] CrossReferenceDbSqlite:203 - Set database path to: /home/matijak/.stmcufinder/plugins/mcufinder//mcu/cs/
2025-09-10 15:16:24,195 [INFO] RulesReader:64 - Compatibility file has been processed (317 Rules)
2025-09-10 15:16:24,237 [INFO] DbMcusXml:78 - Set database path to: /opt/st/stm32cubeide_1.19.0/plugins/com.st.stm32cube.common.mx_6.15.0.202507011659//db//mcu/
2025-09-10 15:16:24,237 [INFO] ApiDb:274 - Set plugin database path to: /opt/st/stm32cubeide_1.19.0/plugins/com.st.stm32cube.common.mx_6.15.0.202507011659//db//plugins/boardmanager/
2025-09-10 15:16:24,237 [INFO] ApiDb:261 - Set plugin images path to: /opt/st/stm32cubeide_1.19.0/plugins/com.st.stm32cube.common.mx_6.15.0.202507011659//db//plugins/mcufinder/images/
2025-09-10 15:16:24,237 [WARN] DbFile:41 - Overriding database path with different value: /home/matijak/.stmcufinder/plugins/mcufinder/ => /home/matijak/.stmcufinder/plugins/mcufinder
2025-09-10 15:16:24,238 [INFO] ApiDb:250 - Set database path to: /home/matijak/.stmcufinder/plugins/mcufinder//mcu/
2025-09-10 15:16:24,238 [WARN] DbFile:41 - Overriding database path with different value: /home/matijak/.stmcufinder/plugins/mcufinder/ => /home/matijak/.stmcufinder/plugins/mcufinder
2025-09-10 15:16:24,238 [INFO] DbMcusAds:125 - Set database path to: /home/matijak/.stmcufinder/plugins/mcufinder//mcu/
2025-09-10 15:16:24,238 [WARN] DbFile:41 - Overriding database path with different value: /home/matijak/.stmcufinder/plugins/mcufinder/ => /home/matijak/.stmcufinder/plugins/mcufinder
2025-09-10 15:16:24,238 [WARN] DbFile:41 - Overriding database path with different value: /home/matijak/.stmcufinder/plugins/mcufinder/ => /home/matijak/.stmcufinder/plugins/mcufinder
2025-09-10 15:16:24,238 [INFO] CrossReferenceDbSqlite:203 - Set database path to: /home/matijak/.stmcufinder/plugins/mcufinder//mcu/cs/
2025-09-10 15:16:24,282 [INFO] MainPanel:274 - HeapMemory: 268435456
2025-09-10 15:16:24,370 [INFO] DbMcusXml:78 - Set database path to: /opt/st/stm32cubeide_1.19.0/plugins/com.st.stm32cube.common.mx_6.15.0.202507011659//db//mcu/
2025-09-10 15:16:24,370 [INFO] ApiDb:274 - Set plugin database path to: /opt/st/stm32cubeide_1.19.0/plugins/com.st.stm32cube.common.mx_6.15.0.202507011659//db//plugins/boardmanager/
2025-09-10 15:16:24,370 [INFO] ApiDb:261 - Set plugin images path to: /opt/st/stm32cubeide_1.19.0/plugins/com.st.stm32cube.common.mx_6.15.0.202507011659//db//plugins/mcufinder/images/
2025-09-10 15:16:24,371 [WARN] DbFile:41 - Overriding database path with different value: /home/matijak/.stmcufinder/plugins/mcufinder/ => /home/matijak/.stmcufinder/plugins/mcufinder
2025-09-10 15:16:24,371 [INFO] ApiDb:250 - Set database path to: /home/matijak/.stmcufinder/plugins/mcufinder//mcu/
2025-09-10 15:16:24,371 [WARN] DbFile:41 - Overriding database path with different value: /home/matijak/.stmcufinder/plugins/mcufinder/ => /home/matijak/.stmcufinder/plugins/mcufinder
2025-09-10 15:16:24,371 [INFO] DbMcusAds:125 - Set database path to: /home/matijak/.stmcufinder/plugins/mcufinder//mcu/
2025-09-10 15:16:24,371 [WARN] DbFile:41 - Overriding database path with different value: /home/matijak/.stmcufinder/plugins/mcufinder/ => /home/matijak/.stmcufinder/plugins/mcufinder
2025-09-10 15:16:24,371 [WARN] DbFile:41 - Overriding database path with different value: /home/matijak/.stmcufinder/plugins/mcufinder/ => /home/matijak/.stmcufinder/plugins/mcufinder
2025-09-10 15:16:24,371 [INFO] CrossReferenceDbSqlite:203 - Set database path to: /home/matijak/.stmcufinder/plugins/mcufinder//mcu/cs/
2025-09-10 15:16:24,381 [INFO] ApplicationProperties:184 - Using Application install path: /opt/st/stm32cubeide_1.19.0/plugins/com.st.stm32cube.common.mx_6.15.0.202507011659
2025-09-10 15:16:24,382 [INFO] PluginManage:196 - Search for loadable plugins [exclusion list=, ]
2025-09-10 15:16:24,382 [INFO] PluginManage:310 - Check plugin analytics
2025-09-10 15:16:24,475 [INFO] AnalyticsPlugin:253 - Accepted Software Licenses: 
2025-09-10 15:16:24,475 [INFO] AnalyticsPlugin:255 - Accepted CMSIS Pack Licenses: 
2025-09-10 15:16:24,475 [INFO] AnalyticsPlugin:257 - Accepted Firmware Licenses: FW.L4.1.18.0,FW.G4.1.6.0
2025-09-10 15:16:24,477 [INFO] PluginManage:359 - Loaded plugin analytics (category:tool,tabindex:-1)
2025-09-10 15:16:24,477 [INFO] PluginManage:310 - Check plugin cadmodel
2025-09-10 15:16:24,481 [INFO] CADModel:105 - Init CAD model plugin
2025-09-10 15:16:24,481 [INFO] PluginManage:359 - Loaded plugin cadmodel (category:power,tabindex:5)
2025-09-10 15:16:24,481 [INFO] PluginManage:310 - Check plugin clock
2025-09-10 15:16:24,486 [INFO] PluginManage:359 - Loaded plugin clock (category:base,tabindex:2)
2025-09-10 15:16:24,486 [INFO] PluginManage:310 - Check plugin ddr
2025-09-10 15:16:24,487 [INFO] PluginManage:359 - Loaded plugin ddr (category:tool,tabindex:6)
2025-09-10 15:16:24,487 [INFO] PluginManage:310 - Check plugin filemanager
2025-09-10 15:16:24,603 [INFO] PluginManage:359 - Loaded plugin filemanager (category:base,tabindex:10)
2025-09-10 15:16:24,603 [INFO] PluginManage:310 - Check plugin ipmanager
2025-09-10 15:16:24,607 [INFO] PluginManage:359 - Loaded plugin ipmanager (category:base,tabindex:5)
2025-09-10 15:16:24,607 [INFO] PluginManage:310 - Check plugin lpbam
2025-09-10 15:16:24,613 [INFO] PluginManage:359 - Loaded plugin lpbam (category:base,tabindex:0)
2025-09-10 15:16:24,613 [INFO] PluginManage:310 - Check plugin memorymap
2025-09-10 15:16:24,622 [INFO] PluginManage:359 - Loaded plugin memorymap (category:base,tabindex:4)
2025-09-10 15:16:24,622 [INFO] PluginManage:310 - Check plugin pinoutandconfiguration
2025-09-10 15:16:24,627 [INFO] PluginManage:359 - Loaded plugin pinoutandconfiguration (category:base,tabindex:1)
2025-09-10 15:16:24,628 [INFO] PluginManage:310 - Check plugin pinoutconfig
2025-09-10 15:16:24,682 [WARN] SupportedApi:132 - Cannot load RTOS API schema: s4s-elt-must-match.1: The content of 'definitions' must match (annotation?, (simpleType | complexType)?, (unique | key | keyref)*)). A problem was found starting at: attribute.
2025-09-10 15:16:24,759 [INFO] PluginManage:359 - Loaded plugin pinoutconfig (category:base,tabindex:0)
2025-09-10 15:16:24,759 [INFO] PluginManage:310 - Check plugin power
2025-09-10 15:16:24,765 [INFO] PluginManage:359 - Loaded plugin power (category:power,tabindex:4)
2025-09-10 15:16:24,765 [INFO] PluginManage:310 - Check plugin projectmanager
2025-09-10 15:16:24,775 [INFO] PluginManage:359 - Loaded plugin projectmanager (category:projectmanager,tabindex:4)
2025-09-10 15:16:24,775 [INFO] PluginManage:310 - Check plugin rif
2025-09-10 15:16:24,781 [INFO] PluginManage:359 - Loaded plugin rif (category:base,tabindex:3)
2025-09-10 15:16:24,781 [INFO] PluginManage:310 - Check plugin thirdparty
2025-09-10 15:16:24,849 [INFO] PluginManage:359 - Loaded plugin thirdparty (category:base,tabindex:-1)
2025-09-10 15:16:24,849 [INFO] PluginManage:310 - Check plugin tools
2025-09-10 15:16:24,849 [WARN] IntegrityCheckThread:84 - waiting for thirdparty lock release [integrity check]
2025-09-10 15:16:24,849 [INFO] IntegrityCheckThread:86 - entering critical section [integrity check]
2025-09-10 15:16:24,850 [INFO] ThirdPartyUpdaterWithRetryManager:70 - Updater plugin not ready yet. [1/15]
2025-09-10 15:16:24,851 [INFO] PluginManage:359 - Loaded plugin tools (category:base,tabindex:7)
2025-09-10 15:16:24,851 [INFO] PluginManage:310 - Check plugin tutovideos
2025-09-10 15:16:24,964 [INFO] PluginManage:359 - Loaded plugin tutovideos (category:base,tabindex:-1)
2025-09-10 15:16:24,964 [INFO] PluginManage:310 - Check plugin updater
2025-09-10 15:16:24,980 [INFO] PluginManage:359 - Loaded plugin updater (category:base,tabindex:12)
2025-09-10 15:16:24,981 [INFO] PluginManage:310 - Check plugin userauth
2025-09-10 15:16:24,983 [INFO] UserAuth:118 - Init User Auth plugin
2025-09-10 15:16:24,983 [INFO] PluginManage:359 - Loaded plugin userauth (category:base,tabindex:14)
2025-09-10 15:16:24,984 [INFO] PluginManage:283 - PluginManage : Loaded plugins [18]
2025-09-10 15:16:25,090 [INFO] PinOutPanel:1589 - setPackage(No Configuration,No Configuration)
2025-09-10 15:16:25,134 [INFO] CADModel:165 - CPN selected for project level
2025-09-10 15:16:25,135 [INFO] CADModel:114 - Register for checkConnection events
2025-09-10 15:16:25,146 [INFO] IPUIPlugin:80 - create IPUIPlugin
2025-09-10 15:16:25,146 [INFO] PluginManager:220 - loadIPPluginJar : add adc
2025-09-10 15:16:25,148 [INFO] IPUIPlugin:80 - create IPUIPlugin
2025-09-10 15:16:25,148 [INFO] PluginManager:220 - loadIPPluginJar : add aes
2025-09-10 15:16:25,150 [INFO] IPUIPlugin:80 - create IPUIPlugin
2025-09-10 15:16:25,150 [INFO] PluginManager:220 - loadIPPluginJar : add can
2025-09-10 15:16:25,150 [INFO] IPUIPlugin:80 - create IPUIPlugin
2025-09-10 15:16:25,151 [INFO] PluginManager:220 - loadIPPluginJar : add comp
2025-09-10 15:16:25,152 [INFO] IPUIPlugin:80 - create IPUIPlugin
2025-09-10 15:16:25,152 [INFO] PluginManager:220 - loadIPPluginJar : add cryp
2025-09-10 15:16:25,153 [INFO] IPUIPlugin:80 - create IPUIPlugin
2025-09-10 15:16:25,154 [INFO] PluginManager:220 - loadIPPluginJar : add ddr_ctrl_phy
2025-09-10 15:16:25,155 [INFO] IPUIPlugin:80 - create IPUIPlugin
2025-09-10 15:16:25,155 [INFO] PluginManager:220 - loadIPPluginJar : add dfsdm
2025-09-10 15:16:25,158 [INFO] IPUIPlugin:80 - create IPUIPlugin
2025-09-10 15:16:25,158 [INFO] PluginManager:220 - loadIPPluginJar : add dma
2025-09-10 15:16:25,160 [INFO] IPUIPlugin:80 - create IPUIPlugin
2025-09-10 15:16:25,160 [INFO] PluginManager:220 - loadIPPluginJar : add dma3
2025-09-10 15:16:25,162 [INFO] IPUIPlugin:80 - create IPUIPlugin
2025-09-10 15:16:25,162 [INFO] PluginManager:220 - loadIPPluginJar : add extmemmanager
2025-09-10 15:16:25,163 [INFO] IPUIPlugin:80 - create IPUIPlugin
2025-09-10 15:16:25,163 [INFO] PluginManager:220 - loadIPPluginJar : add fatfs
2025-09-10 15:16:25,165 [INFO] IPUIPlugin:80 - create IPUIPlugin
2025-09-10 15:16:25,165 [INFO] PluginManager:220 - loadIPPluginJar : add fmc
2025-09-10 15:16:25,169 [INFO] IPUIPlugin:80 - create IPUIPlugin
2025-09-10 15:16:25,170 [INFO] PluginManager:220 - loadIPPluginJar : add freertos
2025-09-10 15:16:25,170 [INFO] IPUIPlugin:80 - create IPUIPlugin
2025-09-10 15:16:25,171 [INFO] PluginManager:220 - loadIPPluginJar : add genericplugin
2025-09-10 15:16:25,172 [INFO] IPUIPlugin:80 - create IPUIPlugin
2025-09-10 15:16:25,172 [INFO] PluginManager:220 - loadIPPluginJar : add gfxmmu
2025-09-10 15:16:25,176 [INFO] IPUIPlugin:80 - create IPUIPlugin
2025-09-10 15:16:25,176 [INFO] PluginManager:220 - loadIPPluginJar : add gic
2025-09-10 15:16:25,180 [INFO] IPUIPlugin:80 - create IPUIPlugin
2025-09-10 15:16:25,180 [INFO] PluginManager:220 - loadIPPluginJar : add gpio
2025-09-10 15:16:25,182 [INFO] IPUIPlugin:80 - create IPUIPlugin
2025-09-10 15:16:25,182 [INFO] PluginManager:220 - loadIPPluginJar : add gtzc
2025-09-10 15:16:25,183 [INFO] IPUIPlugin:80 - create IPUIPlugin
2025-09-10 15:16:25,183 [INFO] PluginManager:220 - loadIPPluginJar : add hash
2025-09-10 15:16:25,185 [INFO] IPUIPlugin:80 - create IPUIPlugin
2025-09-10 15:16:25,185 [INFO] PluginManager:220 - loadIPPluginJar : add i2c
2025-09-10 15:16:25,187 [INFO] IPUIPlugin:80 - create IPUIPlugin
2025-09-10 15:16:25,187 [INFO] PluginManager:220 - loadIPPluginJar : add i2s
2025-09-10 15:16:25,189 [INFO] IPUIPlugin:80 - create IPUIPlugin
2025-09-10 15:16:25,189 [INFO] PluginManager:220 - loadIPPluginJar : add i3c
2025-09-10 15:16:25,192 [INFO] IPUIPlugin:80 - create IPUIPlugin
2025-09-10 15:16:25,192 [INFO] PluginManager:220 - loadIPPluginJar : add ipddr
2025-09-10 15:16:25,198 [INFO] IPUIPlugin:80 - create IPUIPlugin
2025-09-10 15:16:25,198 [INFO] PluginManager:220 - loadIPPluginJar : add linkedlist
2025-09-10 15:16:25,201 [INFO] IPUIPlugin:80 - create IPUIPlugin
2025-09-10 15:16:25,201 [INFO] PluginManager:220 - loadIPPluginJar : add lorawan
2025-09-10 15:16:25,202 [INFO] IPUIPlugin:80 - create IPUIPlugin
2025-09-10 15:16:25,202 [INFO] PluginManager:220 - loadIPPluginJar : add ltdc
2025-09-10 15:16:25,206 [INFO] IPUIPlugin:80 - create IPUIPlugin
2025-09-10 15:16:25,207 [INFO] PluginManager:220 - loadIPPluginJar : add mdma
2025-09-10 15:16:25,210 [INFO] IPUIPlugin:80 - create IPUIPlugin
2025-09-10 15:16:25,210 [INFO] PluginManager:220 - loadIPPluginJar : add nvic
2025-09-10 15:16:25,212 [INFO] IPUIPlugin:80 - create IPUIPlugin
2025-09-10 15:16:25,212 [INFO] PluginManager:220 - loadIPPluginJar : add opamp
2025-09-10 15:16:25,215 [INFO] IPUIPlugin:80 - create IPUIPlugin
2025-09-10 15:16:25,215 [INFO] PluginManager:220 - loadIPPluginJar : add openamp
2025-09-10 15:16:25,217 [INFO] IPUIPlugin:80 - create IPUIPlugin
2025-09-10 15:16:25,217 [INFO] PluginManager:220 - loadIPPluginJar : add pdm2pcm
2025-09-10 15:16:25,222 [INFO] IPUIPlugin:80 - create IPUIPlugin
2025-09-10 15:16:25,224 [INFO] PluginManager:220 - loadIPPluginJar : add plateformsettings
2025-09-10 15:16:25,226 [INFO] IPUIPlugin:80 - create IPUIPlugin
2025-09-10 15:16:25,226 [INFO] PluginManager:220 - loadIPPluginJar : add quadspi
2025-09-10 15:16:25,227 [INFO] IPUIPlugin:80 - create IPUIPlugin
2025-09-10 15:16:25,227 [INFO] PluginManager:220 - loadIPPluginJar : add radio
2025-09-10 15:16:25,230 [INFO] IPUIPlugin:80 - create IPUIPlugin
2025-09-10 15:16:25,230 [INFO] PluginManager:220 - loadIPPluginJar : add resmgrutility
2025-09-10 15:16:25,232 [INFO] IPUIPlugin:80 - create IPUIPlugin
2025-09-10 15:16:25,232 [INFO] PluginManager:220 - loadIPPluginJar : add sai
2025-09-10 15:16:25,233 [INFO] IPUIPlugin:80 - create IPUIPlugin
2025-09-10 15:16:25,233 [INFO] PluginManager:220 - loadIPPluginJar : add spi
2025-09-10 15:16:25,238 [INFO] IPUIPlugin:80 - create IPUIPlugin
2025-09-10 15:16:25,238 [INFO] PluginManager:220 - loadIPPluginJar : add stm32_wpan
2025-09-10 15:16:25,239 [INFO] IPUIPlugin:80 - create IPUIPlugin
2025-09-10 15:16:25,240 [INFO] PluginManager:220 - loadIPPluginJar : add tim
2025-09-10 15:16:25,242 [INFO] IPUIPlugin:80 - create IPUIPlugin
2025-09-10 15:16:25,242 [INFO] PluginManager:220 - loadIPPluginJar : add touchsensing
2025-09-10 15:16:25,243 [INFO] IPUIPlugin:80 - create IPUIPlugin
2025-09-10 15:16:25,244 [INFO] PluginManager:220 - loadIPPluginJar : add tracer_emb
2025-09-10 15:16:25,245 [INFO] IPUIPlugin:80 - create IPUIPlugin
2025-09-10 15:16:25,245 [INFO] PluginManager:220 - loadIPPluginJar : add ts
2025-09-10 15:16:25,246 [INFO] IPUIPlugin:80 - create IPUIPlugin
2025-09-10 15:16:25,246 [INFO] PluginManager:220 - loadIPPluginJar : add tsc
2025-09-10 15:16:25,246 [INFO] IPUIPlugin:80 - create IPUIPlugin
2025-09-10 15:16:25,247 [INFO] PluginManager:220 - loadIPPluginJar : add ucpd
2025-09-10 15:16:25,248 [INFO] IPUIPlugin:80 - create IPUIPlugin
2025-09-10 15:16:25,248 [INFO] PluginManager:220 - loadIPPluginJar : add usart
2025-09-10 15:16:25,250 [INFO] IPUIPlugin:80 - create IPUIPlugin
2025-09-10 15:16:25,250 [INFO] PluginManager:220 - loadIPPluginJar : add usbx
2025-09-10 15:16:25,341 [FATAL] Updater:351 - Updater called before beeing initialized
2025-09-10 15:16:25,357 [INFO] RulesReader:64 - Compatibility file has been processed (317 Rules)
2025-09-10 15:16:25,365 [INFO] RulesReader:64 - Compatibility file has been processed (317 Rules)
2025-09-10 15:16:25,371 [INFO] CADModel:165 - CPN selected for project level
2025-09-10 15:16:25,371 [INFO] CADModel:114 - Register for checkConnection events
2025-09-10 15:16:25,371 [FATAL] Updater:351 - Updater called before beeing initialized
2025-09-10 15:16:25,371 [ERROR] CADModel:125 - Updater not yet initialized, retry later 
2025-09-10 15:16:25,438 [FATAL] Updater:351 - Updater called before beeing initialized
2025-09-10 15:16:25,439 [INFO] CADModel:165 - CPN selected for project level
2025-09-10 15:16:25,439 [INFO] CADModel:114 - Register for checkConnection events
2025-09-10 15:16:25,439 [FATAL] Updater:351 - Updater called before beeing initialized
2025-09-10 15:16:25,439 [ERROR] CADModel:125 - Updater not yet initialized, retry later 
2025-09-10 15:16:25,441 [FATAL] Updater:351 - Updater called before beeing initialized
2025-09-10 15:16:25,494 [FATAL] Updater:351 - Updater called before beeing initialized
2025-09-10 15:16:25,497 [INFO] DbMcusAds:53 - JSON generation date=Tue Jul 08 10:14:23 CEST 2025 (1751962463582)
2025-09-10 15:16:25,497 [FATAL] Updater:351 - Updater called before beeing initialized
2025-09-10 15:16:25,519 [WARN] DetailPanel:346 - Failed to get advertising image, set to default
2025-09-10 15:16:25,566 [FATAL] Updater:351 - Updater called before beeing initialized
2025-09-10 15:16:25,567 [FATAL] Updater:351 - Updater called before beeing initialized
2025-09-10 15:16:25,567 [FATAL] Updater:351 - Updater called before beeing initialized
2025-09-10 15:16:25,567 [WARN] DetailPanel:346 - Failed to get advertising image, set to default
2025-09-10 15:16:25,568 [FATAL] Updater:351 - Updater called before beeing initialized
2025-09-10 15:16:25,587 [ERROR] Updater:1198 - MainUpdater not yet initialized. External WinMGr cannot be set.
2025-09-10 15:16:25,588 [INFO] Updater:1134 - Updater Version found : 6.15.0
2025-09-10 15:16:25,598 [INFO] ApplicationProperties:184 - Using Application install path: /opt/st/stm32cubeide_1.19.0/plugins/com.st.stm32cube.common.mx_6.15.0.202507011659
2025-09-10 15:16:25,605 [ERROR] LogOutputStream:75 - [STDERR_REDIRECT] Sep 10, 2025 3:16:25 PM java.util.prefs.FileSystemPreferences$2 run
2025-09-10 15:16:25,606 [ERROR] LogOutputStream:75 - [STDERR_REDIRECT] WARNING: Could not create system preferences directory. System preferences are unusable.
2025-09-10 15:16:25,606 [ERROR] LogOutputStream:75 - [STDERR_REDIRECT] 
2025-09-10 15:16:25,967 [INFO] MainUpdater:2872 - connection check result : 10
2025-09-10 15:16:25,968 [INFO] MainUpdater:289 - Updater Check For Update Now.
2025-09-10 15:16:25,968 [INFO] MicroXplorer:498 - Change Database Version : DB.6.0.150
2025-09-10 15:16:25,979 [INFO] McuFinderGlobals:63 - Set McuFinder mode to 2 (CubeIDE integrated)
2025-09-10 15:16:25,980 [INFO] UserAuth:487 - Internet connection configuration mode: 1
2025-09-10 15:16:25,993 [INFO] JxBrowserEngine:152 - Initiate JxBrowser Engine with user profile folder
2025-09-10 15:16:26,127 [INFO] CheckServerUpdateThread:120 - End of CheckServer Thread
2025-09-10 15:16:26,519 [INFO] WebApp:169 - Instantiating new browser for Auth
2025-09-10 15:16:26,914 [INFO] WebApp:463 - Apply proxy settings
2025-09-10 15:16:26,915 [INFO] WebApp:548 - Chromium requires no authentication
2025-09-10 15:16:26,919 [INFO] WebApp:491 - Direct internet connection detected
2025-09-10 15:16:26,930 [INFO] WebApp:900 - Register for checkConnection events
2025-09-10 15:16:26,930 [INFO] WebApp:463 - Apply proxy settings
2025-09-10 15:16:26,930 [INFO] WebApp:548 - Chromium requires no authentication
2025-09-10 15:16:26,930 [INFO] WebApp:491 - Direct internet connection detected
2025-09-10 15:16:27,002 [INFO] WebApp:225 - Starting web application
2025-09-10 15:16:27,002 [INFO] WebApp:593 - Web application path used /opt/st/stm32cubeide_1.19.0/plugins/com.st.stm32cube.common.mx_6.15.0.202507011659/db/plugins/mcufinder/reactClient1/index.html
2025-09-10 15:16:27,062 [INFO] UserAuth:487 - Internet connection configuration mode: 1
2025-09-10 15:16:27,566 [INFO] WebApp:191 - Connection restablished
2025-09-10 15:16:27,946 [WARN] PackLoader:240 - Cannot read IP mode file for STMicroelectronics.FP-SNS-MOTENVWB1.1.4.0
2025-09-10 15:16:27,950 [WARN] PackLoader:240 - Cannot read IP mode file for STMicroelectronics.FP-ATR-ASTRA1.2.0.2
2025-09-10 15:16:27,955 [WARN] PackLoader:240 - Cannot read IP mode file for STMicroelectronics.X-CUBE-SMBUS.2.1.0
2025-09-10 15:16:27,957 [WARN] PackLoader:240 - Cannot read IP mode file for STMicroelectronics.X-CUBE-ST60.1.0.0
2025-09-10 15:16:27,988 [WARN] PackLoader:240 - Cannot read IP mode file for STMicroelectronics.X-CUBE-AZRTOS-F7.1.1.0
2025-09-10 15:16:27,999 [WARN] PackLoader:240 - Cannot read IP mode file for WES.I-CUBE-Cesium.1.4.0
2025-09-10 15:16:28,016 [WARN] PackLoader:240 - Cannot read IP mode file for Infineon.AIROC-Wi-Fi-Bluetooth-STM32.1.7.1
2025-09-10 15:16:28,038 [WARN] PackLoader:240 - Cannot read IP mode file for STMicroelectronics.X-CUBE-AZRTOS-H7.3.4.0
2025-09-10 15:16:28,046 [WARN] PackLoader:240 - Cannot read IP mode file for STMicroelectronics.X-CUBE-DISPLAY.3.0.0
2025-09-10 15:16:28,054 [WARN] PackLoader:240 - Cannot read IP mode file for STMicroelectronics.X-CUBE-NFC10.1.0.0
2025-09-10 15:16:28,059 [WARN] PackLoader:240 - Cannot read IP mode file for emotas.I-CUBE-CANOPEN.1.3.0
2025-09-10 15:16:28,066 [WARN] PackLoader:240 - Cannot read IP mode file for STMicroelectronics.FP-SNS-STBOX1.2.1.0
2025-09-10 15:16:28,070 [WARN] PackLoader:240 - Cannot read IP mode file for STMicroelectronics.FP-SNS-SMARTAG2.1.2.0
2025-09-10 15:16:28,073 [WARN] PackLoader:240 - Cannot read IP mode file for STMicroelectronics.FP-SNS-FLIGHT1.5.1.0
2025-09-10 15:16:28,079 [INFO] LogOutputStream:77 - [STDOUT_REDIRECT] 1 : Invalid condition id : UX_CORESTACK_Condition cause : null
2025-09-10 15:16:28,080 [INFO] LogOutputStream:77 - [STDOUT_REDIRECT] 1 : Invalid condition id : UX_CORESTACK_Condition cause : null
2025-09-10 15:16:28,081 [INFO] LogOutputStream:77 - [STDOUT_REDIRECT] 1 : Invalid condition id : UX_CORESTACK_Condition cause : null
2025-09-10 15:16:28,082 [INFO] LogOutputStream:77 - [STDOUT_REDIRECT] 1 : Invalid condition id : UX_CORESTACK_Condition cause : null
2025-09-10 15:16:28,083 [INFO] LogOutputStream:77 - [STDOUT_REDIRECT] 1 : Invalid condition id : UX_CORESTACK_Condition cause : null
2025-09-10 15:16:28,085 [WARN] PackLoader:240 - Cannot read IP mode file for STMicroelectronics.X-CUBE-AZRTOS-WL.2.0.0
2025-09-10 15:16:28,090 [WARN] PackLoader:240 - Cannot read IP mode file for STMicroelectronics.FP-SNS-MOTENV1.5.0.0
2025-09-10 15:16:28,095 [WARN] PackLoader:240 - Cannot read IP mode file for STMicroelectronics.X-CUBE-BLE2.3.3.0
2025-09-10 15:16:28,099 [WARN] PackLoader:240 - Cannot read IP mode file for STMicroelectronics.X-CUBE-NFC9.1.0.0
2025-09-10 15:16:28,103 [WARN] PackLoader:240 - Cannot read IP mode file for wolfSSL.I-CUBE-wolfSSL.5.8.2
2025-09-10 15:16:28,106 [WARN] PackLoader:240 - Cannot read IP mode file for STMicroelectronics.X-CUBE-BLE1.7.1.0
2025-09-10 15:16:28,109 [WARN] PackLoader:240 - Cannot read IP mode file for wolfSSL.I-CUBE-wolfMQTT.1.19.2
2025-09-10 15:16:28,113 [WARN] PackLoader:240 - Cannot read IP mode file for STMicroelectronics.X-CUBE-EEPRMA1.5.2.0
2025-09-10 15:16:28,123 [WARN] PackLoader:240 - Cannot read IP mode file for STMicroelectronics.X-CUBE-AZRTOS-G0.1.1.0
2025-09-10 15:16:28,128 [WARN] PackLoader:240 - Cannot read IP mode file for STMicroelectronics.X-CUBE-SAFEA1.1.2.2
2025-09-10 15:16:28,132 [WARN] PackLoader:240 - Cannot read IP mode file for STMicroelectronics.X-CUBE-NFC4.3.0.0
2025-09-10 15:16:28,138 [WARN] PackLoader:240 - Cannot read IP mode file for EmbeddedOffice.I-CUBE-FS-RTOS.1.0.1
2025-09-10 15:16:28,142 [WARN] PackLoader:240 - Cannot read IP mode file for STMicroelectronics.X-CUBE-WB05N.2.0.0
2025-09-10 15:16:28,145 [WARN] PackLoader:240 - Cannot read IP mode file for wolfSSL.I-CUBE-wolfTPM.3.8.0
2025-09-10 15:16:28,148 [WARN] PackLoader:240 - Cannot read IP mode file for STMicroelectronics.X-CUBE-TCPP.4.2.0
2025-09-10 15:16:28,158 [WARN] PackLoader:240 - Cannot read IP mode file for RealThread.X-CUBE-RT-Thread_Nano.4.1.1
2025-09-10 15:16:28,164 [WARN] PackLoader:240 - Cannot read IP mode file for STMicroelectronics.FP-ATR-SIGFOX1.3.2.0
2025-09-10 15:16:28,170 [WARN] PackLoader:240 - Cannot read IP mode file for ITTIA_DB.I-CUBE-ITTIADB.8.9.0
2025-09-10 15:16:28,176 [WARN] PackLoader:240 - Cannot read IP mode file for STMicroelectronics.X-CUBE-ST67W61.1.0.0
2025-09-10 15:16:28,180 [WARN] PackLoader:240 - Cannot read IP mode file for STMicroelectronics.X-CUBE-AI.10.2.0
2025-09-10 15:16:28,225 [WARN] PackLoader:240 - Cannot read IP mode file for SEGGER.I-CUBE-embOS.1.3.1
2025-09-10 15:16:28,269 [WARN] PackLoader:240 - Cannot read IP mode file for STMicroelectronics.X-CUBE-ALGOBUILD.1.4.0
2025-09-10 15:16:28,306 [WARN] PackLoader:240 - Cannot read IP mode file for STMicroelectronics.X-CUBE-MEMS1.11.3.0
2025-09-10 15:16:28,435 [WARN] PackLoader:240 - Cannot read IP mode file for STMicroelectronics.X-CUBE-PM33A1.1.0.0
2025-09-10 15:16:28,449 [WARN] PackLoader:240 - Cannot read IP mode file for STMicroelectronics.X-CUBE-AZRTOS-F4.1.1.0
2025-09-10 15:16:28,455 [WARN] PackLoader:240 - Cannot read IP mode file for Avnet-IotConnect.X-CUBE-IoTC-DA16k-PMOD.1.0.0
2025-09-10 15:16:28,459 [WARN] PackLoader:240 - Cannot read IP mode file for STMicroelectronics.X-CUBE-ISPU.2.1.0
2025-09-10 15:16:28,467 [WARN] PackLoader:240 - Cannot read IP mode file for STMicroelectronics.X-CUBE-NFC12.1.0.0
2025-09-10 15:16:28,481 [WARN] PackLoader:240 - Cannot read IP mode file for STMicroelectronics.X-CUBE-AZRTOS-L5.2.0.0
2025-09-10 15:16:28,489 [WARN] PackLoader:240 - Cannot read IP mode file for STMicroelectronics.X-CUBE-NFC6.3.1.0
2025-09-10 15:16:28,496 [WARN] PackLoader:240 - Cannot read IP mode file for STMicroelectronics.X-CUBE-FREERTOS.1.3.1
2025-09-10 15:16:28,501 [WARN] PackLoader:240 - Cannot read IP mode file for STMicroelectronics.FP-SNS-STAIOTCFT.1.0.0
2025-09-10 15:16:28,505 [WARN] PackLoader:240 - Cannot read IP mode file for STMicroelectronics.X-CUBE-DPower.1.3.0
2025-09-10 15:16:28,520 [WARN] ConditionMgr:438 - getConditionDescription Invalid condition id : LAN8742 Phy interface Condition cause : null
2025-09-10 15:16:28,521 [WARN] PackLoader:240 - Cannot read IP mode file for STMicroelectronics.X-CUBE-AZRTOS-L4.2.0.0
2025-09-10 15:16:28,522 [WARN] ConditionMgr:1044 - genDependencies : Invalid condition id : LAN8742 Phy interface Condition cause : null
2025-09-10 15:16:28,522 [WARN] ConditionMgr:1044 - genDependencies : Invalid condition id : LAN8742 Phy interface Condition cause : null
2025-09-10 15:16:28,523 [WARN] ConditionMgr:1044 - genDependencies : Invalid condition id : LAN8742 Phy interface Condition cause : null
2025-09-10 15:16:28,528 [WARN] PackLoader:240 - Cannot read IP mode file for STMicroelectronics.X-CUBE-SFXS2LP1.4.0.0
2025-09-10 15:16:28,535 [WARN] PackLoader:240 - Cannot read IP mode file for STMicroelectronics.X-CUBE-BLEMGR.4.1.0
2025-09-10 15:16:28,543 [WARN] ConditionMgr:438 - getConditionDescription Invalid condition id : UX DEVICE CLASS RTOS Condition cause : null
2025-09-10 15:16:28,543 [WARN] ConditionMgr:438 - getConditionDescription Invalid condition id : UX DEVICE CLASS RTOS Condition cause : null
2025-09-10 15:16:28,544 [WARN] PackLoader:240 - Cannot read IP mode file for STMicroelectronics.X-CUBE-AZRTOS-WB.2.0.0
2025-09-10 15:16:28,545 [WARN] ConditionMgr:1044 - genDependencies : Invalid condition id : UX DEVICE CLASS RTOS Condition cause : null
2025-09-10 15:16:28,545 [WARN] ConditionMgr:1044 - genDependencies : Invalid condition id : UX DEVICE CLASS RTOS Condition cause : null
2025-09-10 15:16:28,545 [WARN] ConditionMgr:1044 - genDependencies : Invalid condition id : UX DEVICE CLASS RTOS Condition cause : null
2025-09-10 15:16:28,545 [WARN] ConditionMgr:1044 - genDependencies : Invalid condition id : UX DEVICE CLASS RTOS Condition cause : null
2025-09-10 15:16:28,545 [WARN] ConditionMgr:1044 - genDependencies : Invalid condition id : UX DEVICE CLASS RTOS Condition cause : null
2025-09-10 15:16:28,549 [WARN] PackLoader:240 - Cannot read IP mode file for STMicroelectronics.X-CUBE-GNSS1.7.0.1
2025-09-10 15:16:28,552 [WARN] PackLoader:240 - Cannot read IP mode file for STMicroelectronics.X-CUBE-TOUCHGFX.4.25.0
2025-09-10 15:16:28,555 [WARN] ConditionMgr:438 - getConditionDescription Invalid condition id : Cortex-A Device cause : null
2025-09-10 15:16:28,566 [WARN] ConditionMgr:1044 - genDependencies : Invalid condition id : Cortex-A Device cause : null
2025-09-10 15:16:28,566 [WARN] ConditionMgr:1044 - genDependencies : Invalid condition id : Cortex-A Device cause : null
2025-09-10 15:16:28,566 [WARN] ConditionMgr:1044 - genDependencies : Invalid condition id : Cortex-A Device cause : null
2025-09-10 15:16:28,574 [WARN] PackLoader:240 - Cannot read IP mode file for STMicroelectronics.X-CUBE-SUBG2.5.0.0
2025-09-10 15:16:28,587 [WARN] PackLoader:240 - Cannot read IP mode file for STMicroelectronics.X-CUBE-AZRTOS-H7RS.1.1.0
2025-09-10 15:16:28,591 [WARN] PackLoader:240 - Cannot read IP mode file for Cesanta.I-CUBE-Mongoose.7.13.0
2025-09-10 15:16:28,603 [WARN] PackLoader:240 - Cannot read IP mode file for STMicroelectronics.X-CUBE-AZRTOS-G4.2.0.0
2025-09-10 15:16:28,607 [WARN] PackLoader:240 - Cannot read IP mode file for wolfSSL.I-CUBE-wolfSSH.1.4.20
2025-09-10 15:16:28,611 [WARN] PackLoader:240 - Cannot read IP mode file for STMicroelectronics.X-CUBE-NFC7.2.0.0
2025-09-10 15:16:28,623 [WARN] PackLoader:240 - Cannot read IP mode file for STMicroelectronics.X-CUBE-IPS.3.1.0
2025-09-10 15:16:28,630 [WARN] PackLoader:240 - Cannot read IP mode file for STMicroelectronics.X-CUBE-ALS.1.0.2
2025-09-10 15:16:28,637 [WARN] PackLoader:240 - Cannot read IP mode file for STMicroelectronics.X-CUBE-STSE01.1.0.0
2025-09-10 15:16:28,647 [WARN] PackLoader:240 - Cannot read IP mode file for STMicroelectronics.X-CUBE-TOF1.3.4.3
2025-09-10 15:16:28,658 [INFO] ThirdParty:978 - Integrity check success = true
2025-09-10 15:16:28,658 [INFO] IntegrityCheckThread:100 - exiting critical section [integrity check]
2025-09-10 15:16:28,658 [INFO] IntegrityCheckThread:103 - End integrity checks thread
2025-09-10 15:16:54,043 [ERROR] LogOutputStream:75 - [STDERR_REDIRECT] Sep 10, 2025 3:16:54 PM java.util.prefs.FileSystemPreferences checkLockFile0ErrorCode
2025-09-10 15:16:54,044 [ERROR] LogOutputStream:75 - [STDERR_REDIRECT] WARNING: Could not lock System prefs. Unix error code 2.
2025-09-10 15:16:54,044 [ERROR] LogOutputStream:75 - [STDERR_REDIRECT] 
2025-09-10 15:16:54,045 [ERROR] LogOutputStream:75 - [STDERR_REDIRECT] Sep 10, 2025 3:16:54 PM java.util.prefs.FileSystemPreferences syncWorld
2025-09-10 15:16:54,046 [ERROR] LogOutputStream:75 - [STDERR_REDIRECT] WARNING: Couldn't flush system prefs: java.util.prefs.BackingStoreException: Couldn't get file lock.
2025-09-10 15:16:54,046 [ERROR] LogOutputStream:75 - [STDERR_REDIRECT] 
2025-09-10 15:17:24,031 [ERROR] LogOutputStream:75 - [STDERR_REDIRECT] Sep 10, 2025 3:17:24 PM java.util.prefs.FileSystemPreferences checkLockFile0ErrorCode
2025-09-10 15:17:24,032 [ERROR] LogOutputStream:75 - [STDERR_REDIRECT] WARNING: Could not lock System prefs. Unix error code 2.
2025-09-10 15:17:24,032 [ERROR] LogOutputStream:75 - [STDERR_REDIRECT] 
2025-09-10 15:17:24,032 [ERROR] LogOutputStream:75 - [STDERR_REDIRECT] Sep 10, 2025 3:17:24 PM java.util.prefs.FileSystemPreferences syncWorld
2025-09-10 15:17:24,033 [ERROR] LogOutputStream:75 - [STDERR_REDIRECT] WARNING: Couldn't flush system prefs: java.util.prefs.BackingStoreException: Couldn't get file lock.
2025-09-10 15:17:24,033 [ERROR] LogOutputStream:75 - [STDERR_REDIRECT] 
2025-09-10 15:17:54,029 [ERROR] LogOutputStream:75 - [STDERR_REDIRECT] Sep 10, 2025 3:17:54 PM java.util.prefs.FileSystemPreferences checkLockFile0ErrorCode
2025-09-10 15:17:54,029 [ERROR] LogOutputStream:75 - [STDERR_REDIRECT] WARNING: Could not lock System prefs. Unix error code 2.
2025-09-10 15:17:54,030 [ERROR] LogOutputStream:75 - [STDERR_REDIRECT] 
2025-09-10 15:17:54,030 [ERROR] LogOutputStream:75 - [STDERR_REDIRECT] Sep 10, 2025 3:17:54 PM java.util.prefs.FileSystemPreferences syncWorld
2025-09-10 15:17:54,031 [ERROR] LogOutputStream:75 - [STDERR_REDIRECT] WARNING: Couldn't flush system prefs: java.util.prefs.BackingStoreException: Couldn't get file lock.
2025-09-10 15:17:54,031 [ERROR] LogOutputStream:75 - [STDERR_REDIRECT] 
2025-09-10 15:18:24,029 [ERROR] LogOutputStream:75 - [STDERR_REDIRECT] Sep 10, 2025 3:18:24 PM java.util.prefs.FileSystemPreferences checkLockFile0ErrorCode
2025-09-10 15:18:24,030 [ERROR] LogOutputStream:75 - [STDERR_REDIRECT] WARNING: Could not lock System prefs. Unix error code 2.
2025-09-10 15:18:24,030 [ERROR] LogOutputStream:75 - [STDERR_REDIRECT] 
2025-09-10 15:18:24,031 [ERROR] LogOutputStream:75 - [STDERR_REDIRECT] Sep 10, 2025 3:18:24 PM java.util.prefs.FileSystemPreferences syncWorld
2025-09-10 15:18:24,032 [ERROR] LogOutputStream:75 - [STDERR_REDIRECT] WARNING: Couldn't flush system prefs: java.util.prefs.BackingStoreException: Couldn't get file lock.
2025-09-10 15:18:24,032 [ERROR] LogOutputStream:75 - [STDERR_REDIRECT] 
2025-09-10 15:18:54,029 [ERROR] LogOutputStream:75 - [STDERR_REDIRECT] Sep 10, 2025 3:18:54 PM java.util.prefs.FileSystemPreferences checkLockFile0ErrorCode
2025-09-10 15:18:54,029 [ERROR] LogOutputStream:75 - [STDERR_REDIRECT] WARNING: Could not lock System prefs. Unix error code 2.
2025-09-10 15:18:54,029 [ERROR] LogOutputStream:75 - [STDERR_REDIRECT] 
2025-09-10 15:18:54,030 [ERROR] LogOutputStream:75 - [STDERR_REDIRECT] Sep 10, 2025 3:18:54 PM java.util.prefs.FileSystemPreferences syncWorld
2025-09-10 15:18:54,031 [ERROR] LogOutputStream:75 - [STDERR_REDIRECT] WARNING: Couldn't flush system prefs: java.util.prefs.BackingStoreException: Couldn't get file lock.
2025-09-10 15:18:54,031 [ERROR] LogOutputStream:75 - [STDERR_REDIRECT] 
2025-09-10 15:19:24,031 [ERROR] LogOutputStream:75 - [STDERR_REDIRECT] Sep 10, 2025 3:19:24 PM java.util.prefs.FileSystemPreferences checkLockFile0ErrorCode
2025-09-10 15:19:24,031 [ERROR] LogOutputStream:75 - [STDERR_REDIRECT] WARNING: Could not lock System prefs. Unix error code 2.
2025-09-10 15:19:24,031 [ERROR] LogOutputStream:75 - [STDERR_REDIRECT] 
2025-09-10 15:19:24,032 [ERROR] LogOutputStream:75 - [STDERR_REDIRECT] Sep 10, 2025 3:19:24 PM java.util.prefs.FileSystemPreferences syncWorld
2025-09-10 15:19:24,032 [ERROR] LogOutputStream:75 - [STDERR_REDIRECT] WARNING: Couldn't flush system prefs: java.util.prefs.BackingStoreException: Couldn't get file lock.
2025-09-10 15:19:24,032 [ERROR] LogOutputStream:75 - [STDERR_REDIRECT] 
2025-09-10 15:19:54,029 [ERROR] LogOutputStream:75 - [STDERR_REDIRECT] Sep 10, 2025 3:19:54 PM java.util.prefs.FileSystemPreferences checkLockFile0ErrorCode
2025-09-10 15:19:54,030 [ERROR] LogOutputStream:75 - [STDERR_REDIRECT] WARNING: Could not lock System prefs. Unix error code 2.
2025-09-10 15:19:54,030 [ERROR] LogOutputStream:75 - [STDERR_REDIRECT] 
2025-09-10 15:19:54,030 [ERROR] LogOutputStream:75 - [STDERR_REDIRECT] Sep 10, 2025 3:19:54 PM java.util.prefs.FileSystemPreferences syncWorld
2025-09-10 15:19:54,031 [ERROR] LogOutputStream:75 - [STDERR_REDIRECT] WARNING: Couldn't flush system prefs: java.util.prefs.BackingStoreException: Couldn't get file lock.
2025-09-10 15:19:54,031 [ERROR] LogOutputStream:75 - [STDERR_REDIRECT] 
2025-09-10 15:20:24,030 [ERROR] LogOutputStream:75 - [STDERR_REDIRECT] Sep 10, 2025 3:20:24 PM java.util.prefs.FileSystemPreferences checkLockFile0ErrorCode
2025-09-10 15:20:24,031 [ERROR] LogOutputStream:75 - [STDERR_REDIRECT] WARNING: Could not lock System prefs. Unix error code 2.
2025-09-10 15:20:24,031 [ERROR] LogOutputStream:75 - [STDERR_REDIRECT] 
2025-09-10 15:20:24,031 [ERROR] LogOutputStream:75 - [STDERR_REDIRECT] Sep 10, 2025 3:20:24 PM java.util.prefs.FileSystemPreferences syncWorld
2025-09-10 15:20:24,032 [ERROR] LogOutputStream:75 - [STDERR_REDIRECT] WARNING: Couldn't flush system prefs: java.util.prefs.BackingStoreException: Couldn't get file lock.
2025-09-10 15:20:24,032 [ERROR] LogOutputStream:75 - [STDERR_REDIRECT] 
2025-09-10 15:20:54,031 [ERROR] LogOutputStream:75 - [STDERR_REDIRECT] Sep 10, 2025 3:20:54 PM java.util.prefs.FileSystemPreferences checkLockFile0ErrorCode
2025-09-10 15:20:54,031 [ERROR] LogOutputStream:75 - [STDERR_REDIRECT] WARNING: Could not lock System prefs. Unix error code 2.
2025-09-10 15:20:54,032 [ERROR] LogOutputStream:75 - [STDERR_REDIRECT] 
2025-09-10 15:20:54,032 [ERROR] LogOutputStream:75 - [STDERR_REDIRECT] Sep 10, 2025 3:20:54 PM java.util.prefs.FileSystemPreferences syncWorld
2025-09-10 15:20:54,033 [ERROR] LogOutputStream:75 - [STDERR_REDIRECT] WARNING: Couldn't flush system prefs: java.util.prefs.BackingStoreException: Couldn't get file lock.
2025-09-10 15:20:54,033 [ERROR] LogOutputStream:75 - [STDERR_REDIRECT] 
2025-09-10 15:21:24,029 [ERROR] LogOutputStream:75 - [STDERR_REDIRECT] Sep 10, 2025 3:21:24 PM java.util.prefs.FileSystemPreferences checkLockFile0ErrorCode
2025-09-10 15:21:24,030 [ERROR] LogOutputStream:75 - [STDERR_REDIRECT] WARNING: Could not lock System prefs. Unix error code 2.
2025-09-10 15:21:24,030 [ERROR] LogOutputStream:75 - [STDERR_REDIRECT] 
2025-09-10 15:21:24,031 [ERROR] LogOutputStream:75 - [STDERR_REDIRECT] Sep 10, 2025 3:21:24 PM java.util.prefs.FileSystemPreferences syncWorld
2025-09-10 15:21:24,031 [ERROR] LogOutputStream:75 - [STDERR_REDIRECT] WARNING: Couldn't flush system prefs: java.util.prefs.BackingStoreException: Couldn't get file lock.
2025-09-10 15:21:24,031 [ERROR] LogOutputStream:75 - [STDERR_REDIRECT] 
2025-09-10 15:21:54,029 [ERROR] LogOutputStream:75 - [STDERR_REDIRECT] Sep 10, 2025 3:21:54 PM java.util.prefs.FileSystemPreferences checkLockFile0ErrorCode
2025-09-10 15:21:54,030 [ERROR] LogOutputStream:75 - [STDERR_REDIRECT] WARNING: Could not lock System prefs. Unix error code 2.
2025-09-10 15:21:54,030 [ERROR] LogOutputStream:75 - [STDERR_REDIRECT] 
2025-09-10 15:21:54,030 [ERROR] LogOutputStream:75 - [STDERR_REDIRECT] Sep 10, 2025 3:21:54 PM java.util.prefs.FileSystemPreferences syncWorld
2025-09-10 15:21:54,031 [ERROR] LogOutputStream:75 - [STDERR_REDIRECT] WARNING: Couldn't flush system prefs: java.util.prefs.BackingStoreException: Couldn't get file lock.
2025-09-10 15:21:54,031 [ERROR] LogOutputStream:75 - [STDERR_REDIRECT] 
2025-09-10 15:22:24,029 [ERROR] LogOutputStream:75 - [STDERR_REDIRECT] Sep 10, 2025 3:22:24 PM java.util.prefs.FileSystemPreferences checkLockFile0ErrorCode
2025-09-10 15:22:24,029 [ERROR] LogOutputStream:75 - [STDERR_REDIRECT] WARNING: Could not lock System prefs. Unix error code 2.
2025-09-10 15:22:24,030 [ERROR] LogOutputStream:75 - [STDERR_REDIRECT] 
2025-09-10 15:22:24,030 [ERROR] LogOutputStream:75 - [STDERR_REDIRECT] Sep 10, 2025 3:22:24 PM java.util.prefs.FileSystemPreferences syncWorld
2025-09-10 15:22:24,031 [ERROR] LogOutputStream:75 - [STDERR_REDIRECT] WARNING: Couldn't flush system prefs: java.util.prefs.BackingStoreException: Couldn't get file lock.
2025-09-10 15:22:24,031 [ERROR] LogOutputStream:75 - [STDERR_REDIRECT] 
2025-09-10 15:22:54,029 [ERROR] LogOutputStream:75 - [STDERR_REDIRECT] Sep 10, 2025 3:22:54 PM java.util.prefs.FileSystemPreferences checkLockFile0ErrorCode
2025-09-10 15:22:54,030 [ERROR] LogOutputStream:75 - [STDERR_REDIRECT] WARNING: Could not lock System prefs. Unix error code 2.
2025-09-10 15:22:54,030 [ERROR] LogOutputStream:75 - [STDERR_REDIRECT] 
2025-09-10 15:22:54,031 [ERROR] LogOutputStream:75 - [STDERR_REDIRECT] Sep 10, 2025 3:22:54 PM java.util.prefs.FileSystemPreferences syncWorld
2025-09-10 15:22:54,031 [ERROR] LogOutputStream:75 - [STDERR_REDIRECT] WARNING: Couldn't flush system prefs: java.util.prefs.BackingStoreException: Couldn't get file lock.
2025-09-10 15:22:54,031 [ERROR] LogOutputStream:75 - [STDERR_REDIRECT] 
2025-09-10 15:23:24,030 [ERROR] LogOutputStream:75 - [STDERR_REDIRECT] Sep 10, 2025 3:23:24 PM java.util.prefs.FileSystemPreferences checkLockFile0ErrorCode
2025-09-10 15:23:24,030 [ERROR] LogOutputStream:75 - [STDERR_REDIRECT] WARNING: Could not lock System prefs. Unix error code 2.
2025-09-10 15:23:24,031 [ERROR] LogOutputStream:75 - [STDERR_REDIRECT] 
2025-09-10 15:23:24,031 [ERROR] LogOutputStream:75 - [STDERR_REDIRECT] Sep 10, 2025 3:23:24 PM java.util.prefs.FileSystemPreferences syncWorld
2025-09-10 15:23:24,032 [ERROR] LogOutputStream:75 - [STDERR_REDIRECT] WARNING: Couldn't flush system prefs: java.util.prefs.BackingStoreException: Couldn't get file lock.
2025-09-10 15:23:24,032 [ERROR] LogOutputStream:75 - [STDERR_REDIRECT] 
2025-09-10 15:23:54,030 [ERROR] LogOutputStream:75 - [STDERR_REDIRECT] Sep 10, 2025 3:23:54 PM java.util.prefs.FileSystemPreferences checkLockFile0ErrorCode
2025-09-10 15:23:54,031 [ERROR] LogOutputStream:75 - [STDERR_REDIRECT] WARNING: Could not lock System prefs. Unix error code 2.
2025-09-10 15:23:54,031 [ERROR] LogOutputStream:75 - [STDERR_REDIRECT] 
2025-09-10 15:23:54,031 [ERROR] LogOutputStream:75 - [STDERR_REDIRECT] Sep 10, 2025 3:23:54 PM java.util.prefs.FileSystemPreferences syncWorld
2025-09-10 15:23:54,032 [ERROR] LogOutputStream:75 - [STDERR_REDIRECT] WARNING: Couldn't flush system prefs: java.util.prefs.BackingStoreException: Couldn't get file lock.
2025-09-10 15:23:54,032 [ERROR] LogOutputStream:75 - [STDERR_REDIRECT] 
2025-09-10 15:24:24,030 [ERROR] LogOutputStream:75 - [STDERR_REDIRECT] Sep 10, 2025 3:24:24 PM java.util.prefs.FileSystemPreferences checkLockFile0ErrorCode
2025-09-10 15:24:24,031 [ERROR] LogOutputStream:75 - [STDERR_REDIRECT] WARNING: Could not lock System prefs. Unix error code 2.
2025-09-10 15:24:24,031 [ERROR] LogOutputStream:75 - [STDERR_REDIRECT] 
2025-09-10 15:24:24,032 [ERROR] LogOutputStream:75 - [STDERR_REDIRECT] Sep 10, 2025 3:24:24 PM java.util.prefs.FileSystemPreferences syncWorld
2025-09-10 15:24:24,033 [ERROR] LogOutputStream:75 - [STDERR_REDIRECT] WARNING: Couldn't flush system prefs: java.util.prefs.BackingStoreException: Couldn't get file lock.
2025-09-10 15:24:24,033 [ERROR] LogOutputStream:75 - [STDERR_REDIRECT] 
2025-09-10 15:24:54,031 [ERROR] LogOutputStream:75 - [STDERR_REDIRECT] Sep 10, 2025 3:24:54 PM java.util.prefs.FileSystemPreferences checkLockFile0ErrorCode
2025-09-10 15:24:54,031 [ERROR] LogOutputStream:75 - [STDERR_REDIRECT] WARNING: Could not lock System prefs. Unix error code 2.
2025-09-10 15:24:54,031 [ERROR] LogOutputStream:75 - [STDERR_REDIRECT] 
2025-09-10 15:24:54,032 [ERROR] LogOutputStream:75 - [STDERR_REDIRECT] Sep 10, 2025 3:24:54 PM java.util.prefs.FileSystemPreferences syncWorld
2025-09-10 15:24:54,033 [ERROR] LogOutputStream:75 - [STDERR_REDIRECT] WARNING: Couldn't flush system prefs: java.util.prefs.BackingStoreException: Couldn't get file lock.
2025-09-10 15:24:54,033 [ERROR] LogOutputStream:75 - [STDERR_REDIRECT] 
2025-09-10 15:25:24,031 [ERROR] LogOutputStream:75 - [STDERR_REDIRECT] Sep 10, 2025 3:25:24 PM java.util.prefs.FileSystemPreferences checkLockFile0ErrorCode
2025-09-10 15:25:24,031 [ERROR] LogOutputStream:75 - [STDERR_REDIRECT] WARNING: Could not lock System prefs. Unix error code 2.
2025-09-10 15:25:24,031 [ERROR] LogOutputStream:75 - [STDERR_REDIRECT] 
2025-09-10 15:25:24,032 [ERROR] LogOutputStream:75 - [STDERR_REDIRECT] Sep 10, 2025 3:25:24 PM java.util.prefs.FileSystemPreferences syncWorld
2025-09-10 15:25:24,033 [ERROR] LogOutputStream:75 - [STDERR_REDIRECT] WARNING: Couldn't flush system prefs: java.util.prefs.BackingStoreException: Couldn't get file lock.
2025-09-10 15:25:24,033 [ERROR] LogOutputStream:75 - [STDERR_REDIRECT] 
2025-09-10 15:25:54,031 [ERROR] LogOutputStream:75 - [STDERR_REDIRECT] Sep 10, 2025 3:25:54 PM java.util.prefs.FileSystemPreferences checkLockFile0ErrorCode
2025-09-10 15:25:54,032 [ERROR] LogOutputStream:75 - [STDERR_REDIRECT] WARNING: Could not lock System prefs. Unix error code 2.
2025-09-10 15:25:54,032 [ERROR] LogOutputStream:75 - [STDERR_REDIRECT] 
2025-09-10 15:25:54,032 [ERROR] LogOutputStream:75 - [STDERR_REDIRECT] Sep 10, 2025 3:25:54 PM java.util.prefs.FileSystemPreferences syncWorld
2025-09-10 15:25:54,033 [ERROR] LogOutputStream:75 - [STDERR_REDIRECT] WARNING: Couldn't flush system prefs: java.util.prefs.BackingStoreException: Couldn't get file lock.
2025-09-10 15:25:54,033 [ERROR] LogOutputStream:75 - [STDERR_REDIRECT] 
2025-09-10 15:26:24,031 [ERROR] LogOutputStream:75 - [STDERR_REDIRECT] Sep 10, 2025 3:26:24 PM java.util.prefs.FileSystemPreferences checkLockFile0ErrorCode
2025-09-10 15:26:24,031 [ERROR] LogOutputStream:75 - [STDERR_REDIRECT] WARNING: Could not lock System prefs. Unix error code 2.
2025-09-10 15:26:24,031 [ERROR] LogOutputStream:75 - [STDERR_REDIRECT] 
2025-09-10 15:26:24,032 [ERROR] LogOutputStream:75 - [STDERR_REDIRECT] Sep 10, 2025 3:26:24 PM java.util.prefs.FileSystemPreferences syncWorld
2025-09-10 15:26:24,032 [ERROR] LogOutputStream:75 - [STDERR_REDIRECT] WARNING: Couldn't flush system prefs: java.util.prefs.BackingStoreException: Couldn't get file lock.
2025-09-10 15:26:24,032 [ERROR] LogOutputStream:75 - [STDERR_REDIRECT] 
2025-09-10 15:26:54,032 [ERROR] LogOutputStream:75 - [STDERR_REDIRECT] Sep 10, 2025 3:26:54 PM java.util.prefs.FileSystemPreferences checkLockFile0ErrorCode
2025-09-10 15:26:54,032 [ERROR] LogOutputStream:75 - [STDERR_REDIRECT] WARNING: Could not lock System prefs. Unix error code 2.
2025-09-10 15:26:54,032 [ERROR] LogOutputStream:75 - [STDERR_REDIRECT] 
2025-09-10 15:26:54,033 [ERROR] LogOutputStream:75 - [STDERR_REDIRECT] Sep 10, 2025 3:26:54 PM java.util.prefs.FileSystemPreferences syncWorld
2025-09-10 15:26:54,033 [ERROR] LogOutputStream:75 - [STDERR_REDIRECT] WARNING: Couldn't flush system prefs: java.util.prefs.BackingStoreException: Couldn't get file lock.
2025-09-10 15:26:54,034 [ERROR] LogOutputStream:75 - [STDERR_REDIRECT] 
2025-09-10 15:27:24,031 [ERROR] LogOutputStream:75 - [STDERR_REDIRECT] Sep 10, 2025 3:27:24 PM java.util.prefs.FileSystemPreferences checkLockFile0ErrorCode
2025-09-10 15:27:24,032 [ERROR] LogOutputStream:75 - [STDERR_REDIRECT] WARNING: Could not lock System prefs. Unix error code 2.
2025-09-10 15:27:24,032 [ERROR] LogOutputStream:75 - [STDERR_REDIRECT] 
2025-09-10 15:27:24,033 [ERROR] LogOutputStream:75 - [STDERR_REDIRECT] Sep 10, 2025 3:27:24 PM java.util.prefs.FileSystemPreferences syncWorld
2025-09-10 15:27:24,034 [ERROR] LogOutputStream:75 - [STDERR_REDIRECT] WARNING: Couldn't flush system prefs: java.util.prefs.BackingStoreException: Couldn't get file lock.
2025-09-10 15:27:24,034 [ERROR] LogOutputStream:75 - [STDERR_REDIRECT] 
2025-09-10 15:27:54,032 [ERROR] LogOutputStream:75 - [STDERR_REDIRECT] Sep 10, 2025 3:27:54 PM java.util.prefs.FileSystemPreferences checkLockFile0ErrorCode
2025-09-10 15:27:54,032 [ERROR] LogOutputStream:75 - [STDERR_REDIRECT] WARNING: Could not lock System prefs. Unix error code 2.
2025-09-10 15:27:54,032 [ERROR] LogOutputStream:75 - [STDERR_REDIRECT] 
2025-09-10 15:27:54,033 [ERROR] LogOutputStream:75 - [STDERR_REDIRECT] Sep 10, 2025 3:27:54 PM java.util.prefs.FileSystemPreferences syncWorld
2025-09-10 15:27:54,034 [ERROR] LogOutputStream:75 - [STDERR_REDIRECT] WARNING: Couldn't flush system prefs: java.util.prefs.BackingStoreException: Couldn't get file lock.
2025-09-10 15:27:54,034 [ERROR] LogOutputStream:75 - [STDERR_REDIRECT] 
2025-09-10 15:28:24,031 [ERROR] LogOutputStream:75 - [STDERR_REDIRECT] Sep 10, 2025 3:28:24 PM java.util.prefs.FileSystemPreferences checkLockFile0ErrorCode
2025-09-10 15:28:24,032 [ERROR] LogOutputStream:75 - [STDERR_REDIRECT] WARNING: Could not lock System prefs. Unix error code 2.
2025-09-10 15:28:24,032 [ERROR] LogOutputStream:75 - [STDERR_REDIRECT] 
2025-09-10 15:28:24,033 [ERROR] LogOutputStream:75 - [STDERR_REDIRECT] Sep 10, 2025 3:28:24 PM java.util.prefs.FileSystemPreferences syncWorld
2025-09-10 15:28:24,033 [ERROR] LogOutputStream:75 - [STDERR_REDIRECT] WARNING: Couldn't flush system prefs: java.util.prefs.BackingStoreException: Couldn't get file lock.
2025-09-10 15:28:24,033 [ERROR] LogOutputStream:75 - [STDERR_REDIRECT] 
2025-09-10 15:28:54,032 [ERROR] LogOutputStream:75 - [STDERR_REDIRECT] Sep 10, 2025 3:28:54 PM java.util.prefs.FileSystemPreferences checkLockFile0ErrorCode
2025-09-10 15:28:54,033 [ERROR] LogOutputStream:75 - [STDERR_REDIRECT] WARNING: Could not lock System prefs. Unix error code 2.
2025-09-10 15:28:54,033 [ERROR] LogOutputStream:75 - [STDERR_REDIRECT] 
2025-09-10 15:28:54,033 [ERROR] LogOutputStream:75 - [STDERR_REDIRECT] Sep 10, 2025 3:28:54 PM java.util.prefs.FileSystemPreferences syncWorld
2025-09-10 15:28:54,034 [ERROR] LogOutputStream:75 - [STDERR_REDIRECT] WARNING: Couldn't flush system prefs: java.util.prefs.BackingStoreException: Couldn't get file lock.
2025-09-10 15:28:54,034 [ERROR] LogOutputStream:75 - [STDERR_REDIRECT] 
2025-09-10 15:29:24,032 [ERROR] LogOutputStream:75 - [STDERR_REDIRECT] Sep 10, 2025 3:29:24 PM java.util.prefs.FileSystemPreferences checkLockFile0ErrorCode
2025-09-10 15:29:24,032 [ERROR] LogOutputStream:75 - [STDERR_REDIRECT] WARNING: Could not lock System prefs. Unix error code 2.
2025-09-10 15:29:24,033 [ERROR] LogOutputStream:75 - [STDERR_REDIRECT] 
2025-09-10 15:29:24,033 [ERROR] LogOutputStream:75 - [STDERR_REDIRECT] Sep 10, 2025 3:29:24 PM java.util.prefs.FileSystemPreferences syncWorld
2025-09-10 15:29:24,034 [ERROR] LogOutputStream:75 - [STDERR_REDIRECT] WARNING: Couldn't flush system prefs: java.util.prefs.BackingStoreException: Couldn't get file lock.
2025-09-10 15:29:24,034 [ERROR] LogOutputStream:75 - [STDERR_REDIRECT] 
2025-09-10 15:29:54,032 [ERROR] LogOutputStream:75 - [STDERR_REDIRECT] Sep 10, 2025 3:29:54 PM java.util.prefs.FileSystemPreferences checkLockFile0ErrorCode
2025-09-10 15:29:54,033 [ERROR] LogOutputStream:75 - [STDERR_REDIRECT] WARNING: Could not lock System prefs. Unix error code 2.
2025-09-10 15:29:54,033 [ERROR] LogOutputStream:75 - [STDERR_REDIRECT] 
2025-09-10 15:29:54,033 [ERROR] LogOutputStream:75 - [STDERR_REDIRECT] Sep 10, 2025 3:29:54 PM java.util.prefs.FileSystemPreferences syncWorld
2025-09-10 15:29:54,034 [ERROR] LogOutputStream:75 - [STDERR_REDIRECT] WARNING: Couldn't flush system prefs: java.util.prefs.BackingStoreException: Couldn't get file lock.
2025-09-10 15:29:54,034 [ERROR] LogOutputStream:75 - [STDERR_REDIRECT] 
2025-09-10 15:30:24,032 [ERROR] LogOutputStream:75 - [STDERR_REDIRECT] Sep 10, 2025 3:30:24 PM java.util.prefs.FileSystemPreferences checkLockFile0ErrorCode
2025-09-10 15:30:24,033 [ERROR] LogOutputStream:75 - [STDERR_REDIRECT] WARNING: Could not lock System prefs. Unix error code 2.
2025-09-10 15:30:24,033 [ERROR] LogOutputStream:75 - [STDERR_REDIRECT] 
2025-09-10 15:30:24,033 [ERROR] LogOutputStream:75 - [STDERR_REDIRECT] Sep 10, 2025 3:30:24 PM java.util.prefs.FileSystemPreferences syncWorld
2025-09-10 15:30:24,034 [ERROR] LogOutputStream:75 - [STDERR_REDIRECT] WARNING: Couldn't flush system prefs: java.util.prefs.BackingStoreException: Couldn't get file lock.
2025-09-10 15:30:24,034 [ERROR] LogOutputStream:75 - [STDERR_REDIRECT] 
2025-09-10 15:30:54,032 [ERROR] LogOutputStream:75 - [STDERR_REDIRECT] Sep 10, 2025 3:30:54 PM java.util.prefs.FileSystemPreferences checkLockFile0ErrorCode
2025-09-10 15:30:54,033 [ERROR] LogOutputStream:75 - [STDERR_REDIRECT] WARNING: Could not lock System prefs. Unix error code 2.
2025-09-10 15:30:54,033 [ERROR] LogOutputStream:75 - [STDERR_REDIRECT] 
2025-09-10 15:30:54,033 [ERROR] LogOutputStream:75 - [STDERR_REDIRECT] Sep 10, 2025 3:30:54 PM java.util.prefs.FileSystemPreferences syncWorld
2025-09-10 15:30:54,034 [ERROR] LogOutputStream:75 - [STDERR_REDIRECT] WARNING: Couldn't flush system prefs: java.util.prefs.BackingStoreException: Couldn't get file lock.
2025-09-10 15:30:54,034 [ERROR] LogOutputStream:75 - [STDERR_REDIRECT] 
2025-09-10 15:31:24,034 [ERROR] LogOutputStream:75 - [STDERR_REDIRECT] Sep 10, 2025 3:31:24 PM java.util.prefs.FileSystemPreferences checkLockFile0ErrorCode
2025-09-10 15:31:24,034 [ERROR] LogOutputStream:75 - [STDERR_REDIRECT] WARNING: Could not lock System prefs. Unix error code 2.
2025-09-10 15:31:24,035 [ERROR] LogOutputStream:75 - [STDERR_REDIRECT] 
2025-09-10 15:31:24,035 [ERROR] LogOutputStream:75 - [STDERR_REDIRECT] Sep 10, 2025 3:31:24 PM java.util.prefs.FileSystemPreferences syncWorld
2025-09-10 15:31:24,036 [ERROR] LogOutputStream:75 - [STDERR_REDIRECT] WARNING: Couldn't flush system prefs: java.util.prefs.BackingStoreException: Couldn't get file lock.
2025-09-10 15:31:24,036 [ERROR] LogOutputStream:75 - [STDERR_REDIRECT] 
2025-09-10 15:31:54,032 [ERROR] LogOutputStream:75 - [STDERR_REDIRECT] Sep 10, 2025 3:31:54 PM java.util.prefs.FileSystemPreferences checkLockFile0ErrorCode
2025-09-10 15:31:54,033 [ERROR] LogOutputStream:75 - [STDERR_REDIRECT] WARNING: Could not lock System prefs. Unix error code 2.
2025-09-10 15:31:54,033 [ERROR] LogOutputStream:75 - [STDERR_REDIRECT] 
2025-09-10 15:31:54,034 [ERROR] LogOutputStream:75 - [STDERR_REDIRECT] Sep 10, 2025 3:31:54 PM java.util.prefs.FileSystemPreferences syncWorld
2025-09-10 15:31:54,036 [ERROR] LogOutputStream:75 - [STDERR_REDIRECT] WARNING: Couldn't flush system prefs: java.util.prefs.BackingStoreException: Couldn't get file lock.
2025-09-10 15:31:54,036 [ERROR] LogOutputStream:75 - [STDERR_REDIRECT] 
2025-09-10 15:32:24,032 [ERROR] LogOutputStream:75 - [STDERR_REDIRECT] Sep 10, 2025 3:32:24 PM java.util.prefs.FileSystemPreferences checkLockFile0ErrorCode
2025-09-10 15:32:24,032 [ERROR] LogOutputStream:75 - [STDERR_REDIRECT] WARNING: Could not lock System prefs. Unix error code 2.
2025-09-10 15:32:24,032 [ERROR] LogOutputStream:75 - [STDERR_REDIRECT] 
2025-09-10 15:32:24,033 [ERROR] LogOutputStream:75 - [STDERR_REDIRECT] Sep 10, 2025 3:32:24 PM java.util.prefs.FileSystemPreferences syncWorld
2025-09-10 15:32:24,033 [ERROR] LogOutputStream:75 - [STDERR_REDIRECT] WARNING: Couldn't flush system prefs: java.util.prefs.BackingStoreException: Couldn't get file lock.
2025-09-10 15:32:24,034 [ERROR] LogOutputStream:75 - [STDERR_REDIRECT] 
2025-09-10 15:32:54,031 [ERROR] LogOutputStream:75 - [STDERR_REDIRECT] Sep 10, 2025 3:32:54 PM java.util.prefs.FileSystemPreferences checkLockFile0ErrorCode
2025-09-10 15:32:54,032 [ERROR] LogOutputStream:75 - [STDERR_REDIRECT] WARNING: Could not lock System prefs. Unix error code 2.
2025-09-10 15:32:54,032 [ERROR] LogOutputStream:75 - [STDERR_REDIRECT] 
2025-09-10 15:32:54,033 [ERROR] LogOutputStream:75 - [STDERR_REDIRECT] Sep 10, 2025 3:32:54 PM java.util.prefs.FileSystemPreferences syncWorld
2025-09-10 15:32:54,033 [ERROR] LogOutputStream:75 - [STDERR_REDIRECT] WARNING: Couldn't flush system prefs: java.util.prefs.BackingStoreException: Couldn't get file lock.
2025-09-10 15:32:54,033 [ERROR] LogOutputStream:75 - [STDERR_REDIRECT] 
2025-09-10 15:33:24,034 [ERROR] LogOutputStream:75 - [STDERR_REDIRECT] Sep 10, 2025 3:33:24 PM java.util.prefs.FileSystemPreferences checkLockFile0ErrorCode
2025-09-10 15:33:24,034 [ERROR] LogOutputStream:75 - [STDERR_REDIRECT] WARNING: Could not lock System prefs. Unix error code 2.
2025-09-10 15:33:24,034 [ERROR] LogOutputStream:75 - [STDERR_REDIRECT] 
2025-09-10 15:33:24,035 [ERROR] LogOutputStream:75 - [STDERR_REDIRECT] Sep 10, 2025 3:33:24 PM java.util.prefs.FileSystemPreferences syncWorld
2025-09-10 15:33:24,036 [ERROR] LogOutputStream:75 - [STDERR_REDIRECT] WARNING: Couldn't flush system prefs: java.util.prefs.BackingStoreException: Couldn't get file lock.
2025-09-10 15:33:24,036 [ERROR] LogOutputStream:75 - [STDERR_REDIRECT] 
2025-09-10 15:33:54,033 [ERROR] LogOutputStream:75 - [STDERR_REDIRECT] Sep 10, 2025 3:33:54 PM java.util.prefs.FileSystemPreferences checkLockFile0ErrorCode
2025-09-10 15:33:54,033 [ERROR] LogOutputStream:75 - [STDERR_REDIRECT] WARNING: Could not lock System prefs. Unix error code 2.
2025-09-10 15:33:54,034 [ERROR] LogOutputStream:75 - [STDERR_REDIRECT] 
2025-09-10 15:33:54,034 [ERROR] LogOutputStream:75 - [STDERR_REDIRECT] Sep 10, 2025 3:33:54 PM java.util.prefs.FileSystemPreferences syncWorld
2025-09-10 15:33:54,035 [ERROR] LogOutputStream:75 - [STDERR_REDIRECT] WARNING: Couldn't flush system prefs: java.util.prefs.BackingStoreException: Couldn't get file lock.
2025-09-10 15:33:54,035 [ERROR] LogOutputStream:75 - [STDERR_REDIRECT] 
2025-09-10 15:34:24,034 [ERROR] LogOutputStream:75 - [STDERR_REDIRECT] Sep 10, 2025 3:34:24 PM java.util.prefs.FileSystemPreferences checkLockFile0ErrorCode
2025-09-10 15:34:24,034 [ERROR] LogOutputStream:75 - [STDERR_REDIRECT] WARNING: Could not lock System prefs. Unix error code 2.
2025-09-10 15:34:24,034 [ERROR] LogOutputStream:75 - [STDERR_REDIRECT] 
2025-09-10 15:34:24,035 [ERROR] LogOutputStream:75 - [STDERR_REDIRECT] Sep 10, 2025 3:34:24 PM java.util.prefs.FileSystemPreferences syncWorld
2025-09-10 15:34:24,036 [ERROR] LogOutputStream:75 - [STDERR_REDIRECT] WARNING: Couldn't flush system prefs: java.util.prefs.BackingStoreException: Couldn't get file lock.
2025-09-10 15:34:24,036 [ERROR] LogOutputStream:75 - [STDERR_REDIRECT] 
2025-09-10 15:34:54,032 [ERROR] LogOutputStream:75 - [STDERR_REDIRECT] Sep 10, 2025 3:34:54 PM java.util.prefs.FileSystemPreferences checkLockFile0ErrorCode
2025-09-10 15:34:54,032 [ERROR] LogOutputStream:75 - [STDERR_REDIRECT] WARNING: Could not lock System prefs. Unix error code 2.
2025-09-10 15:34:54,032 [ERROR] LogOutputStream:75 - [STDERR_REDIRECT] 
2025-09-10 15:34:54,033 [ERROR] LogOutputStream:75 - [STDERR_REDIRECT] Sep 10, 2025 3:34:54 PM java.util.prefs.FileSystemPreferences syncWorld
2025-09-10 15:34:54,034 [ERROR] LogOutputStream:75 - [STDERR_REDIRECT] WARNING: Couldn't flush system prefs: java.util.prefs.BackingStoreException: Couldn't get file lock.
2025-09-10 15:34:54,034 [ERROR] LogOutputStream:75 - [STDERR_REDIRECT] 
2025-09-10 15:35:24,032 [ERROR] LogOutputStream:75 - [STDERR_REDIRECT] Sep 10, 2025 3:35:24 PM java.util.prefs.FileSystemPreferences checkLockFile0ErrorCode
2025-09-10 15:35:24,033 [ERROR] LogOutputStream:75 - [STDERR_REDIRECT] WARNING: Could not lock System prefs. Unix error code 2.
2025-09-10 15:35:24,033 [ERROR] LogOutputStream:75 - [STDERR_REDIRECT] 
2025-09-10 15:35:24,033 [ERROR] LogOutputStream:75 - [STDERR_REDIRECT] Sep 10, 2025 3:35:24 PM java.util.prefs.FileSystemPreferences syncWorld
2025-09-10 15:35:24,034 [ERROR] LogOutputStream:75 - [STDERR_REDIRECT] WARNING: Couldn't flush system prefs: java.util.prefs.BackingStoreException: Couldn't get file lock.
2025-09-10 15:35:24,034 [ERROR] LogOutputStream:75 - [STDERR_REDIRECT] 
2025-09-10 15:35:54,032 [ERROR] LogOutputStream:75 - [STDERR_REDIRECT] Sep 10, 2025 3:35:54 PM java.util.prefs.FileSystemPreferences checkLockFile0ErrorCode
2025-09-10 15:35:54,032 [ERROR] LogOutputStream:75 - [STDERR_REDIRECT] WARNING: Could not lock System prefs. Unix error code 2.
2025-09-10 15:35:54,032 [ERROR] LogOutputStream:75 - [STDERR_REDIRECT] 
2025-09-10 15:35:54,033 [ERROR] LogOutputStream:75 - [STDERR_REDIRECT] Sep 10, 2025 3:35:54 PM java.util.prefs.FileSystemPreferences syncWorld
2025-09-10 15:35:54,034 [ERROR] LogOutputStream:75 - [STDERR_REDIRECT] WARNING: Couldn't flush system prefs: java.util.prefs.BackingStoreException: Couldn't get file lock.
2025-09-10 15:35:54,034 [ERROR] LogOutputStream:75 - [STDERR_REDIRECT] 
2025-09-10 15:36:24,031 [ERROR] LogOutputStream:75 - [STDERR_REDIRECT] Sep 10, 2025 3:36:24 PM java.util.prefs.FileSystemPreferences checkLockFile0ErrorCode
2025-09-10 15:36:24,031 [ERROR] LogOutputStream:75 - [STDERR_REDIRECT] WARNING: Could not lock System prefs. Unix error code 2.
2025-09-10 15:36:24,032 [ERROR] LogOutputStream:75 - [STDERR_REDIRECT] 
2025-09-10 15:36:24,032 [ERROR] LogOutputStream:75 - [STDERR_REDIRECT] Sep 10, 2025 3:36:24 PM java.util.prefs.FileSystemPreferences syncWorld
2025-09-10 15:36:24,033 [ERROR] LogOutputStream:75 - [STDERR_REDIRECT] WARNING: Couldn't flush system prefs: java.util.prefs.BackingStoreException: Couldn't get file lock.
2025-09-10 15:36:24,033 [ERROR] LogOutputStream:75 - [STDERR_REDIRECT] 
2025-09-10 15:36:54,032 [ERROR] LogOutputStream:75 - [STDERR_REDIRECT] Sep 10, 2025 3:36:54 PM java.util.prefs.FileSystemPreferences checkLockFile0ErrorCode
2025-09-10 15:36:54,032 [ERROR] LogOutputStream:75 - [STDERR_REDIRECT] WARNING: Could not lock System prefs. Unix error code 2.
2025-09-10 15:36:54,032 [ERROR] LogOutputStream:75 - [STDERR_REDIRECT] 
2025-09-10 15:36:54,033 [ERROR] LogOutputStream:75 - [STDERR_REDIRECT] Sep 10, 2025 3:36:54 PM java.util.prefs.FileSystemPreferences syncWorld
2025-09-10 15:36:54,034 [ERROR] LogOutputStream:75 - [STDERR_REDIRECT] WARNING: Couldn't flush system prefs: java.util.prefs.BackingStoreException: Couldn't get file lock.
2025-09-10 15:36:54,034 [ERROR] LogOutputStream:75 - [STDERR_REDIRECT] 
2025-09-10 15:37:24,033 [ERROR] LogOutputStream:75 - [STDERR_REDIRECT] Sep 10, 2025 3:37:24 PM java.util.prefs.FileSystemPreferences checkLockFile0ErrorCode
2025-09-10 15:37:24,033 [ERROR] LogOutputStream:75 - [STDERR_REDIRECT] WARNING: Could not lock System prefs. Unix error code 2.
2025-09-10 15:37:24,033 [ERROR] LogOutputStream:75 - [STDERR_REDIRECT] 
2025-09-10 15:37:24,034 [ERROR] LogOutputStream:75 - [STDERR_REDIRECT] Sep 10, 2025 3:37:24 PM java.util.prefs.FileSystemPreferences syncWorld
2025-09-10 15:37:24,035 [ERROR] LogOutputStream:75 - [STDERR_REDIRECT] WARNING: Couldn't flush system prefs: java.util.prefs.BackingStoreException: Couldn't get file lock.
2025-09-10 15:37:24,035 [ERROR] LogOutputStream:75 - [STDERR_REDIRECT] 
2025-09-10 15:37:54,032 [ERROR] LogOutputStream:75 - [STDERR_REDIRECT] Sep 10, 2025 3:37:54 PM java.util.prefs.FileSystemPreferences checkLockFile0ErrorCode
2025-09-10 15:37:54,032 [ERROR] LogOutputStream:75 - [STDERR_REDIRECT] WARNING: Could not lock System prefs. Unix error code 2.
2025-09-10 15:37:54,032 [ERROR] LogOutputStream:75 - [STDERR_REDIRECT] 
2025-09-10 15:37:54,033 [ERROR] LogOutputStream:75 - [STDERR_REDIRECT] Sep 10, 2025 3:37:54 PM java.util.prefs.FileSystemPreferences syncWorld
2025-09-10 15:37:54,033 [ERROR] LogOutputStream:75 - [STDERR_REDIRECT] WARNING: Couldn't flush system prefs: java.util.prefs.BackingStoreException: Couldn't get file lock.
2025-09-10 15:37:54,033 [ERROR] LogOutputStream:75 - [STDERR_REDIRECT] 
2025-09-10 15:38:24,032 [ERROR] LogOutputStream:75 - [STDERR_REDIRECT] Sep 10, 2025 3:38:24 PM java.util.prefs.FileSystemPreferences checkLockFile0ErrorCode
2025-09-10 15:38:24,032 [ERROR] LogOutputStream:75 - [STDERR_REDIRECT] WARNING: Could not lock System prefs. Unix error code 2.
2025-09-10 15:38:24,032 [ERROR] LogOutputStream:75 - [STDERR_REDIRECT] 
2025-09-10 15:38:24,033 [ERROR] LogOutputStream:75 - [STDERR_REDIRECT] Sep 10, 2025 3:38:24 PM java.util.prefs.FileSystemPreferences syncWorld
2025-09-10 15:38:24,033 [ERROR] LogOutputStream:75 - [STDERR_REDIRECT] WARNING: Couldn't flush system prefs: java.util.prefs.BackingStoreException: Couldn't get file lock.
2025-09-10 15:38:24,034 [ERROR] LogOutputStream:75 - [STDERR_REDIRECT] 
2025-09-10 15:38:54,031 [ERROR] LogOutputStream:75 - [STDERR_REDIRECT] Sep 10, 2025 3:38:54 PM java.util.prefs.FileSystemPreferences checkLockFile0ErrorCode
2025-09-10 15:38:54,032 [ERROR] LogOutputStream:75 - [STDERR_REDIRECT] WARNING: Could not lock System prefs. Unix error code 2.
2025-09-10 15:38:54,032 [ERROR] LogOutputStream:75 - [STDERR_REDIRECT] 
2025-09-10 15:38:54,033 [ERROR] LogOutputStream:75 - [STDERR_REDIRECT] Sep 10, 2025 3:38:54 PM java.util.prefs.FileSystemPreferences syncWorld
2025-09-10 15:38:54,033 [ERROR] LogOutputStream:75 - [STDERR_REDIRECT] WARNING: Couldn't flush system prefs: java.util.prefs.BackingStoreException: Couldn't get file lock.
2025-09-10 15:38:54,033 [ERROR] LogOutputStream:75 - [STDERR_REDIRECT] 
2025-09-10 15:39:24,032 [ERROR] LogOutputStream:75 - [STDERR_REDIRECT] Sep 10, 2025 3:39:24 PM java.util.prefs.FileSystemPreferences checkLockFile0ErrorCode
2025-09-10 15:39:24,033 [ERROR] LogOutputStream:75 - [STDERR_REDIRECT] WARNING: Could not lock System prefs. Unix error code 2.
2025-09-10 15:39:24,033 [ERROR] LogOutputStream:75 - [STDERR_REDIRECT] 
2025-09-10 15:39:24,033 [ERROR] LogOutputStream:75 - [STDERR_REDIRECT] Sep 10, 2025 3:39:24 PM java.util.prefs.FileSystemPreferences syncWorld
2025-09-10 15:39:24,034 [ERROR] LogOutputStream:75 - [STDERR_REDIRECT] WARNING: Couldn't flush system prefs: java.util.prefs.BackingStoreException: Couldn't get file lock.
2025-09-10 15:39:24,034 [ERROR] LogOutputStream:75 - [STDERR_REDIRECT] 
2025-09-10 15:39:54,033 [ERROR] LogOutputStream:75 - [STDERR_REDIRECT] Sep 10, 2025 3:39:54 PM java.util.prefs.FileSystemPreferences checkLockFile0ErrorCode
2025-09-10 15:39:54,033 [ERROR] LogOutputStream:75 - [STDERR_REDIRECT] WARNING: Could not lock System prefs. Unix error code 2.
2025-09-10 15:39:54,034 [ERROR] LogOutputStream:75 - [STDERR_REDIRECT] 
2025-09-10 15:39:54,034 [ERROR] LogOutputStream:75 - [STDERR_REDIRECT] Sep 10, 2025 3:39:54 PM java.util.prefs.FileSystemPreferences syncWorld
2025-09-10 15:39:54,034 [ERROR] LogOutputStream:75 - [STDERR_REDIRECT] WARNING: Couldn't flush system prefs: java.util.prefs.BackingStoreException: Couldn't get file lock.
2025-09-10 15:39:54,034 [ERROR] LogOutputStream:75 - [STDERR_REDIRECT] 
2025-09-10 15:40:24,034 [ERROR] LogOutputStream:75 - [STDERR_REDIRECT] Sep 10, 2025 3:40:24 PM java.util.prefs.FileSystemPreferences checkLockFile0ErrorCode
2025-09-10 15:40:24,034 [ERROR] LogOutputStream:75 - [STDERR_REDIRECT] WARNING: Could not lock System prefs. Unix error code 2.
2025-09-10 15:40:24,034 [ERROR] LogOutputStream:75 - [STDERR_REDIRECT] 
2025-09-10 15:40:24,035 [ERROR] LogOutputStream:75 - [STDERR_REDIRECT] Sep 10, 2025 3:40:24 PM java.util.prefs.FileSystemPreferences syncWorld
2025-09-10 15:40:24,036 [ERROR] LogOutputStream:75 - [STDERR_REDIRECT] WARNING: Couldn't flush system prefs: java.util.prefs.BackingStoreException: Couldn't get file lock.
2025-09-10 15:40:24,036 [ERROR] LogOutputStream:75 - [STDERR_REDIRECT] 
2025-09-10 15:40:54,033 [ERROR] LogOutputStream:75 - [STDERR_REDIRECT] Sep 10, 2025 3:40:54 PM java.util.prefs.FileSystemPreferences checkLockFile0ErrorCode
2025-09-10 15:40:54,034 [ERROR] LogOutputStream:75 - [STDERR_REDIRECT] WARNING: Could not lock System prefs. Unix error code 2.
2025-09-10 15:40:54,034 [ERROR] LogOutputStream:75 - [STDERR_REDIRECT] 
2025-09-10 15:40:54,035 [ERROR] LogOutputStream:75 - [STDERR_REDIRECT] Sep 10, 2025 3:40:54 PM java.util.prefs.FileSystemPreferences syncWorld
2025-09-10 15:40:54,036 [ERROR] LogOutputStream:75 - [STDERR_REDIRECT] WARNING: Couldn't flush system prefs: java.util.prefs.BackingStoreException: Couldn't get file lock.
2025-09-10 15:40:54,036 [ERROR] LogOutputStream:75 - [STDERR_REDIRECT] 
2025-09-10 15:41:24,034 [ERROR] LogOutputStream:75 - [STDERR_REDIRECT] Sep 10, 2025 3:41:24 PM java.util.prefs.FileSystemPreferences checkLockFile0ErrorCode
2025-09-10 15:41:24,035 [ERROR] LogOutputStream:75 - [STDERR_REDIRECT] WARNING: Could not lock System prefs. Unix error code 2.
2025-09-10 15:41:24,035 [ERROR] LogOutputStream:75 - [STDERR_REDIRECT] 
2025-09-10 15:41:24,035 [ERROR] LogOutputStream:75 - [STDERR_REDIRECT] Sep 10, 2025 3:41:24 PM java.util.prefs.FileSystemPreferences syncWorld
2025-09-10 15:41:24,036 [ERROR] LogOutputStream:75 - [STDERR_REDIRECT] WARNING: Couldn't flush system prefs: java.util.prefs.BackingStoreException: Couldn't get file lock.
2025-09-10 15:41:24,036 [ERROR] LogOutputStream:75 - [STDERR_REDIRECT] 
2025-09-10 15:41:54,035 [ERROR] LogOutputStream:75 - [STDERR_REDIRECT] Sep 10, 2025 3:41:54 PM java.util.prefs.FileSystemPreferences checkLockFile0ErrorCode
2025-09-10 15:41:54,035 [ERROR] LogOutputStream:75 - [STDERR_REDIRECT] WARNING: Could not lock System prefs. Unix error code 2.
2025-09-10 15:41:54,035 [ERROR] LogOutputStream:75 - [STDERR_REDIRECT] 
2025-09-10 15:41:54,036 [ERROR] LogOutputStream:75 - [STDERR_REDIRECT] Sep 10, 2025 3:41:54 PM java.util.prefs.FileSystemPreferences syncWorld
2025-09-10 15:41:54,036 [ERROR] LogOutputStream:75 - [STDERR_REDIRECT] WARNING: Couldn't flush system prefs: java.util.prefs.BackingStoreException: Couldn't get file lock.
2025-09-10 15:41:54,036 [ERROR] LogOutputStream:75 - [STDERR_REDIRECT] 
2025-09-10 15:42:24,034 [ERROR] LogOutputStream:75 - [STDERR_REDIRECT] Sep 10, 2025 3:42:24 PM java.util.prefs.FileSystemPreferences checkLockFile0ErrorCode
2025-09-10 15:42:24,034 [ERROR] LogOutputStream:75 - [STDERR_REDIRECT] WARNING: Could not lock System prefs. Unix error code 2.
2025-09-10 15:42:24,034 [ERROR] LogOutputStream:75 - [STDERR_REDIRECT] 
2025-09-10 15:42:24,035 [ERROR] LogOutputStream:75 - [STDERR_REDIRECT] Sep 10, 2025 3:42:24 PM java.util.prefs.FileSystemPreferences syncWorld
2025-09-10 15:42:24,036 [ERROR] LogOutputStream:75 - [STDERR_REDIRECT] WARNING: Couldn't flush system prefs: java.util.prefs.BackingStoreException: Couldn't get file lock.
2025-09-10 15:42:24,036 [ERROR] LogOutputStream:75 - [STDERR_REDIRECT] 
2025-09-10 15:42:54,034 [ERROR] LogOutputStream:75 - [STDERR_REDIRECT] Sep 10, 2025 3:42:54 PM java.util.prefs.FileSystemPreferences checkLockFile0ErrorCode
2025-09-10 15:42:54,035 [ERROR] LogOutputStream:75 - [STDERR_REDIRECT] WARNING: Could not lock System prefs. Unix error code 2.
2025-09-10 15:42:54,036 [ERROR] LogOutputStream:75 - [STDERR_REDIRECT] 
2025-09-10 15:42:54,036 [ERROR] LogOutputStream:75 - [STDERR_REDIRECT] Sep 10, 2025 3:42:54 PM java.util.prefs.FileSystemPreferences syncWorld
2025-09-10 15:42:54,037 [ERROR] LogOutputStream:75 - [STDERR_REDIRECT] WARNING: Couldn't flush system prefs: java.util.prefs.BackingStoreException: Couldn't get file lock.
2025-09-10 15:42:54,037 [ERROR] LogOutputStream:75 - [STDERR_REDIRECT] 
2025-09-10 15:43:24,033 [ERROR] LogOutputStream:75 - [STDERR_REDIRECT] Sep 10, 2025 3:43:24 PM java.util.prefs.FileSystemPreferences checkLockFile0ErrorCode
2025-09-10 15:43:24,034 [ERROR] LogOutputStream:75 - [STDERR_REDIRECT] WARNING: Could not lock System prefs. Unix error code 2.
2025-09-10 15:43:24,034 [ERROR] LogOutputStream:75 - [STDERR_REDIRECT] 
2025-09-10 15:43:24,035 [ERROR] LogOutputStream:75 - [STDERR_REDIRECT] Sep 10, 2025 3:43:24 PM java.util.prefs.FileSystemPreferences syncWorld
2025-09-10 15:43:24,035 [ERROR] LogOutputStream:75 - [STDERR_REDIRECT] WARNING: Couldn't flush system prefs: java.util.prefs.BackingStoreException: Couldn't get file lock.
2025-09-10 15:43:24,035 [ERROR] LogOutputStream:75 - [STDERR_REDIRECT] 
2025-09-10 15:43:54,036 [ERROR] LogOutputStream:75 - [STDERR_REDIRECT] Sep 10, 2025 3:43:54 PM java.util.prefs.FileSystemPreferences checkLockFile0ErrorCode
2025-09-10 15:43:54,036 [ERROR] LogOutputStream:75 - [STDERR_REDIRECT] WARNING: Could not lock System prefs. Unix error code 2.
2025-09-10 15:43:54,036 [ERROR] LogOutputStream:75 - [STDERR_REDIRECT] 
2025-09-10 15:43:54,037 [ERROR] LogOutputStream:75 - [STDERR_REDIRECT] Sep 10, 2025 3:43:54 PM java.util.prefs.FileSystemPreferences syncWorld
2025-09-10 15:43:54,038 [ERROR] LogOutputStream:75 - [STDERR_REDIRECT] WARNING: Couldn't flush system prefs: java.util.prefs.BackingStoreException: Couldn't get file lock.
2025-09-10 15:43:54,038 [ERROR] LogOutputStream:75 - [STDERR_REDIRECT] 
2025-09-10 15:44:24,034 [ERROR] LogOutputStream:75 - [STDERR_REDIRECT] Sep 10, 2025 3:44:24 PM java.util.prefs.FileSystemPreferences checkLockFile0ErrorCode
2025-09-10 15:44:24,035 [ERROR] LogOutputStream:75 - [STDERR_REDIRECT] WARNING: Could not lock System prefs. Unix error code 2.
2025-09-10 15:44:24,035 [ERROR] LogOutputStream:75 - [STDERR_REDIRECT] 
2025-09-10 15:44:24,036 [ERROR] LogOutputStream:75 - [STDERR_REDIRECT] Sep 10, 2025 3:44:24 PM java.util.prefs.FileSystemPreferences syncWorld
2025-09-10 15:44:24,036 [ERROR] LogOutputStream:75 - [STDERR_REDIRECT] WARNING: Couldn't flush system prefs: java.util.prefs.BackingStoreException: Couldn't get file lock.
2025-09-10 15:44:24,036 [ERROR] LogOutputStream:75 - [STDERR_REDIRECT] 
2025-09-10 15:44:54,035 [ERROR] LogOutputStream:75 - [STDERR_REDIRECT] Sep 10, 2025 3:44:54 PM java.util.prefs.FileSystemPreferences checkLockFile0ErrorCode
2025-09-10 15:44:54,036 [ERROR] LogOutputStream:75 - [STDERR_REDIRECT] WARNING: Could not lock System prefs. Unix error code 2.
2025-09-10 15:44:54,036 [ERROR] LogOutputStream:75 - [STDERR_REDIRECT] 
2025-09-10 15:44:54,037 [ERROR] LogOutputStream:75 - [STDERR_REDIRECT] Sep 10, 2025 3:44:54 PM java.util.prefs.FileSystemPreferences syncWorld
2025-09-10 15:44:54,037 [ERROR] LogOutputStream:75 - [STDERR_REDIRECT] WARNING: Couldn't flush system prefs: java.util.prefs.BackingStoreException: Couldn't get file lock.
2025-09-10 15:44:54,037 [ERROR] LogOutputStream:75 - [STDERR_REDIRECT] 
2025-09-10 15:45:24,036 [ERROR] LogOutputStream:75 - [STDERR_REDIRECT] Sep 10, 2025 3:45:24 PM java.util.prefs.FileSystemPreferences checkLockFile0ErrorCode
2025-09-10 15:45:24,036 [ERROR] LogOutputStream:75 - [STDERR_REDIRECT] WARNING: Could not lock System prefs. Unix error code 2.
2025-09-10 15:45:24,036 [ERROR] LogOutputStream:75 - [STDERR_REDIRECT] 
2025-09-10 15:45:24,037 [ERROR] LogOutputStream:75 - [STDERR_REDIRECT] Sep 10, 2025 3:45:24 PM java.util.prefs.FileSystemPreferences syncWorld
2025-09-10 15:45:24,038 [ERROR] LogOutputStream:75 - [STDERR_REDIRECT] WARNING: Couldn't flush system prefs: java.util.prefs.BackingStoreException: Couldn't get file lock.
2025-09-10 15:45:24,038 [ERROR] LogOutputStream:75 - [STDERR_REDIRECT] 
2025-09-10 15:45:54,034 [ERROR] LogOutputStream:75 - [STDERR_REDIRECT] Sep 10, 2025 3:45:54 PM java.util.prefs.FileSystemPreferences checkLockFile0ErrorCode
2025-09-10 15:45:54,035 [ERROR] LogOutputStream:75 - [STDERR_REDIRECT] WARNING: Could not lock System prefs. Unix error code 2.
2025-09-10 15:45:54,035 [ERROR] LogOutputStream:75 - [STDERR_REDIRECT] 
2025-09-10 15:45:54,035 [ERROR] LogOutputStream:75 - [STDERR_REDIRECT] Sep 10, 2025 3:45:54 PM java.util.prefs.FileSystemPreferences syncWorld
2025-09-10 15:45:54,036 [ERROR] LogOutputStream:75 - [STDERR_REDIRECT] WARNING: Couldn't flush system prefs: java.util.prefs.BackingStoreException: Couldn't get file lock.
2025-09-10 15:45:54,036 [ERROR] LogOutputStream:75 - [STDERR_REDIRECT] 
2025-09-10 15:46:24,036 [ERROR] LogOutputStream:75 - [STDERR_REDIRECT] Sep 10, 2025 3:46:24 PM java.util.prefs.FileSystemPreferences checkLockFile0ErrorCode
2025-09-10 15:46:24,037 [ERROR] LogOutputStream:75 - [STDERR_REDIRECT] WARNING: Could not lock System prefs. Unix error code 2.
2025-09-10 15:46:24,037 [ERROR] LogOutputStream:75 - [STDERR_REDIRECT] 
2025-09-10 15:46:24,037 [ERROR] LogOutputStream:75 - [STDERR_REDIRECT] Sep 10, 2025 3:46:24 PM java.util.prefs.FileSystemPreferences syncWorld
2025-09-10 15:46:24,038 [ERROR] LogOutputStream:75 - [STDERR_REDIRECT] WARNING: Couldn't flush system prefs: java.util.prefs.BackingStoreException: Couldn't get file lock.
2025-09-10 15:46:24,038 [ERROR] LogOutputStream:75 - [STDERR_REDIRECT] 
2025-09-10 15:46:54,034 [ERROR] LogOutputStream:75 - [STDERR_REDIRECT] Sep 10, 2025 3:46:54 PM java.util.prefs.FileSystemPreferences checkLockFile0ErrorCode
2025-09-10 15:46:54,035 [ERROR] LogOutputStream:75 - [STDERR_REDIRECT] WARNING: Could not lock System prefs. Unix error code 2.
2025-09-10 15:46:54,035 [ERROR] LogOutputStream:75 - [STDERR_REDIRECT] 
2025-09-10 15:46:54,036 [ERROR] LogOutputStream:75 - [STDERR_REDIRECT] Sep 10, 2025 3:46:54 PM java.util.prefs.FileSystemPreferences syncWorld
2025-09-10 15:46:54,036 [ERROR] LogOutputStream:75 - [STDERR_REDIRECT] WARNING: Couldn't flush system prefs: java.util.prefs.BackingStoreException: Couldn't get file lock.
2025-09-10 15:46:54,036 [ERROR] LogOutputStream:75 - [STDERR_REDIRECT] 
2025-09-10 15:47:24,035 [ERROR] LogOutputStream:75 - [STDERR_REDIRECT] Sep 10, 2025 3:47:24 PM java.util.prefs.FileSystemPreferences checkLockFile0ErrorCode
2025-09-10 15:47:24,036 [ERROR] LogOutputStream:75 - [STDERR_REDIRECT] WARNING: Could not lock System prefs. Unix error code 2.
2025-09-10 15:47:24,036 [ERROR] LogOutputStream:75 - [STDERR_REDIRECT] 
2025-09-10 15:47:24,037 [ERROR] LogOutputStream:75 - [STDERR_REDIRECT] Sep 10, 2025 3:47:24 PM java.util.prefs.FileSystemPreferences syncWorld
2025-09-10 15:47:24,037 [ERROR] LogOutputStream:75 - [STDERR_REDIRECT] WARNING: Couldn't flush system prefs: java.util.prefs.BackingStoreException: Couldn't get file lock.
2025-09-10 15:47:24,037 [ERROR] LogOutputStream:75 - [STDERR_REDIRECT] 
2025-09-10 15:47:25,126 [INFO] WebApp:194 - Connection lost
2025-09-10 15:47:25,346 [INFO] WebApp:191 - Connection restablished
2025-09-10 15:47:54,037 [ERROR] LogOutputStream:75 - [STDERR_REDIRECT] Sep 10, 2025 3:47:54 PM java.util.prefs.FileSystemPreferences checkLockFile0ErrorCode
2025-09-10 15:47:54,038 [ERROR] LogOutputStream:75 - [STDERR_REDIRECT] WARNING: Could not lock System prefs. Unix error code 2.
2025-09-10 15:47:54,038 [ERROR] LogOutputStream:75 - [STDERR_REDIRECT] 
2025-09-10 15:47:54,039 [ERROR] LogOutputStream:75 - [STDERR_REDIRECT] Sep 10, 2025 3:47:54 PM java.util.prefs.FileSystemPreferences syncWorld
2025-09-10 15:47:54,039 [ERROR] LogOutputStream:75 - [STDERR_REDIRECT] WARNING: Couldn't flush system prefs: java.util.prefs.BackingStoreException: Couldn't get file lock.
2025-09-10 15:47:54,039 [ERROR] LogOutputStream:75 - [STDERR_REDIRECT] 
2025-09-10 15:48:24,039 [ERROR] LogOutputStream:75 - [STDERR_REDIRECT] Sep 10, 2025 3:48:24 PM java.util.prefs.FileSystemPreferences checkLockFile0ErrorCode
2025-09-10 15:48:24,040 [ERROR] LogOutputStream:75 - [STDERR_REDIRECT] WARNING: Could not lock System prefs. Unix error code 2.
2025-09-10 15:48:24,040 [ERROR] LogOutputStream:75 - [STDERR_REDIRECT] 
2025-09-10 15:48:24,041 [ERROR] LogOutputStream:75 - [STDERR_REDIRECT] Sep 10, 2025 3:48:24 PM java.util.prefs.FileSystemPreferences syncWorld
2025-09-10 15:48:24,041 [ERROR] LogOutputStream:75 - [STDERR_REDIRECT] WARNING: Couldn't flush system prefs: java.util.prefs.BackingStoreException: Couldn't get file lock.
2025-09-10 15:48:24,041 [ERROR] LogOutputStream:75 - [STDERR_REDIRECT] 
2025-09-10 15:48:54,038 [ERROR] LogOutputStream:75 - [STDERR_REDIRECT] Sep 10, 2025 3:48:54 PM java.util.prefs.FileSystemPreferences checkLockFile0ErrorCode
2025-09-10 15:48:54,038 [ERROR] LogOutputStream:75 - [STDERR_REDIRECT] WARNING: Could not lock System prefs. Unix error code 2.
2025-09-10 15:48:54,039 [ERROR] LogOutputStream:75 - [STDERR_REDIRECT] 
2025-09-10 15:48:54,039 [ERROR] LogOutputStream:75 - [STDERR_REDIRECT] Sep 10, 2025 3:48:54 PM java.util.prefs.FileSystemPreferences syncWorld
2025-09-10 15:48:54,040 [ERROR] LogOutputStream:75 - [STDERR_REDIRECT] WARNING: Couldn't flush system prefs: java.util.prefs.BackingStoreException: Couldn't get file lock.
2025-09-10 15:48:54,040 [ERROR] LogOutputStream:75 - [STDERR_REDIRECT] 
2025-09-10 15:49:24,036 [ERROR] LogOutputStream:75 - [STDERR_REDIRECT] Sep 10, 2025 3:49:24 PM java.util.prefs.FileSystemPreferences checkLockFile0ErrorCode
2025-09-10 15:49:24,037 [ERROR] LogOutputStream:75 - [STDERR_REDIRECT] WARNING: Could not lock System prefs. Unix error code 2.
2025-09-10 15:49:24,037 [ERROR] LogOutputStream:75 - [STDERR_REDIRECT] 
2025-09-10 15:49:24,038 [ERROR] LogOutputStream:75 - [STDERR_REDIRECT] Sep 10, 2025 3:49:24 PM java.util.prefs.FileSystemPreferences syncWorld
2025-09-10 15:49:24,038 [ERROR] LogOutputStream:75 - [STDERR_REDIRECT] WARNING: Couldn't flush system prefs: java.util.prefs.BackingStoreException: Couldn't get file lock.
2025-09-10 15:49:24,038 [ERROR] LogOutputStream:75 - [STDERR_REDIRECT] 
2025-09-10 15:49:54,040 [ERROR] LogOutputStream:75 - [STDERR_REDIRECT] Sep 10, 2025 3:49:54 PM java.util.prefs.FileSystemPreferences checkLockFile0ErrorCode
2025-09-10 15:49:54,040 [ERROR] LogOutputStream:75 - [STDERR_REDIRECT] WARNING: Could not lock System prefs. Unix error code 2.
2025-09-10 15:49:54,040 [ERROR] LogOutputStream:75 - [STDERR_REDIRECT] 
2025-09-10 15:49:54,041 [ERROR] LogOutputStream:75 - [STDERR_REDIRECT] Sep 10, 2025 3:49:54 PM java.util.prefs.FileSystemPreferences syncWorld
2025-09-10 15:49:54,042 [ERROR] LogOutputStream:75 - [STDERR_REDIRECT] WARNING: Couldn't flush system prefs: java.util.prefs.BackingStoreException: Couldn't get file lock.
2025-09-10 15:49:54,042 [ERROR] LogOutputStream:75 - [STDERR_REDIRECT] 
2025-09-10 15:50:24,036 [ERROR] LogOutputStream:75 - [STDERR_REDIRECT] Sep 10, 2025 3:50:24 PM java.util.prefs.FileSystemPreferences checkLockFile0ErrorCode
2025-09-10 15:50:24,036 [ERROR] LogOutputStream:75 - [STDERR_REDIRECT] WARNING: Could not lock System prefs. Unix error code 2.
2025-09-10 15:50:24,036 [ERROR] LogOutputStream:75 - [STDERR_REDIRECT] 
2025-09-10 15:50:24,037 [ERROR] LogOutputStream:75 - [STDERR_REDIRECT] Sep 10, 2025 3:50:24 PM java.util.prefs.FileSystemPreferences syncWorld
2025-09-10 15:50:24,038 [ERROR] LogOutputStream:75 - [STDERR_REDIRECT] WARNING: Couldn't flush system prefs: java.util.prefs.BackingStoreException: Couldn't get file lock.
2025-09-10 15:50:24,038 [ERROR] LogOutputStream:75 - [STDERR_REDIRECT] 
2025-09-10 15:50:27,240 [ERROR] LogOutputStream:75 - [STDERR_REDIRECT] 
2025-09-10 15:51:45,244 [INFO] Activator:176 - 


2025-09-10 15:51:45,245 [INFO] Activator:177 - !SESSION log4j initialized
2025-09-10 15:51:48,139 [INFO] LogOutputStream:77 - [STDOUT_REDIRECT] 
2025-09-10 15:51:48,856 [INFO] ApplicationProperties:184 - Using Application install path: /opt/st/stm32cubeide_1.19.0/plugins/com.st.stm32cube.common.mx_6.15.0.202507011659
2025-09-10 15:51:48,868 [INFO] DbMcusXml:78 - Set database path to: /opt/st/stm32cubeide_1.19.0/plugins/com.st.stm32cube.common.mx_6.15.0.202507011659//db//mcu/
2025-09-10 15:51:48,868 [INFO] ApiDb:274 - Set plugin database path to: /opt/st/stm32cubeide_1.19.0/plugins/com.st.stm32cube.common.mx_6.15.0.202507011659//db//plugins/boardmanager/
2025-09-10 15:51:48,869 [WARN] ApiDb:259 - Overriding images path with different value:  => /opt/st/stm32cubeide_1.19.0/plugins/com.st.stm32cube.common.mx_6.15.0.202507011659//db//plugins/mcufinder/images/
2025-09-10 15:51:48,872 [INFO] ApiDb:250 - Set database path to: /home/matijak/.stmcufinder/plugins/mcufinder//mcu/
2025-09-10 15:51:48,873 [INFO] DbMcusAds:125 - Set database path to: /home/matijak/.stmcufinder/plugins/mcufinder//mcu/
2025-09-10 15:51:48,874 [INFO] CrossReferenceDbSqlite:203 - Set database path to: /home/matijak/.stmcufinder/plugins/mcufinder//mcu/cs/
2025-09-10 15:51:48,939 [INFO] RulesReader:64 - Compatibility file has been processed (317 Rules)
2025-09-10 15:51:48,986 [INFO] DbMcusXml:78 - Set database path to: /opt/st/stm32cubeide_1.19.0/plugins/com.st.stm32cube.common.mx_6.15.0.202507011659//db//mcu/
2025-09-10 15:51:48,986 [INFO] ApiDb:274 - Set plugin database path to: /opt/st/stm32cubeide_1.19.0/plugins/com.st.stm32cube.common.mx_6.15.0.202507011659//db//plugins/boardmanager/
2025-09-10 15:51:48,986 [INFO] ApiDb:261 - Set plugin images path to: /opt/st/stm32cubeide_1.19.0/plugins/com.st.stm32cube.common.mx_6.15.0.202507011659//db//plugins/mcufinder/images/
2025-09-10 15:51:48,986 [WARN] DbFile:41 - Overriding database path with different value: /home/matijak/.stmcufinder/plugins/mcufinder/ => /home/matijak/.stmcufinder/plugins/mcufinder
2025-09-10 15:51:48,986 [INFO] ApiDb:250 - Set database path to: /home/matijak/.stmcufinder/plugins/mcufinder//mcu/
2025-09-10 15:51:48,987 [WARN] DbFile:41 - Overriding database path with different value: /home/matijak/.stmcufinder/plugins/mcufinder/ => /home/matijak/.stmcufinder/plugins/mcufinder
2025-09-10 15:51:48,987 [INFO] DbMcusAds:125 - Set database path to: /home/matijak/.stmcufinder/plugins/mcufinder//mcu/
2025-09-10 15:51:48,987 [WARN] DbFile:41 - Overriding database path with different value: /home/matijak/.stmcufinder/plugins/mcufinder/ => /home/matijak/.stmcufinder/plugins/mcufinder
2025-09-10 15:51:48,987 [WARN] DbFile:41 - Overriding database path with different value: /home/matijak/.stmcufinder/plugins/mcufinder/ => /home/matijak/.stmcufinder/plugins/mcufinder
2025-09-10 15:51:48,987 [INFO] CrossReferenceDbSqlite:203 - Set database path to: /home/matijak/.stmcufinder/plugins/mcufinder//mcu/cs/
2025-09-10 15:51:49,033 [INFO] MainPanel:274 - HeapMemory: 268435456
2025-09-10 15:51:49,123 [INFO] DbMcusXml:78 - Set database path to: /opt/st/stm32cubeide_1.19.0/plugins/com.st.stm32cube.common.mx_6.15.0.202507011659//db//mcu/
2025-09-10 15:51:49,123 [INFO] ApiDb:274 - Set plugin database path to: /opt/st/stm32cubeide_1.19.0/plugins/com.st.stm32cube.common.mx_6.15.0.202507011659//db//plugins/boardmanager/
2025-09-10 15:51:49,123 [INFO] ApiDb:261 - Set plugin images path to: /opt/st/stm32cubeide_1.19.0/plugins/com.st.stm32cube.common.mx_6.15.0.202507011659//db//plugins/mcufinder/images/
2025-09-10 15:51:49,123 [WARN] DbFile:41 - Overriding database path with different value: /home/matijak/.stmcufinder/plugins/mcufinder/ => /home/matijak/.stmcufinder/plugins/mcufinder
2025-09-10 15:51:49,123 [INFO] ApiDb:250 - Set database path to: /home/matijak/.stmcufinder/plugins/mcufinder//mcu/
2025-09-10 15:51:49,123 [WARN] DbFile:41 - Overriding database path with different value: /home/matijak/.stmcufinder/plugins/mcufinder/ => /home/matijak/.stmcufinder/plugins/mcufinder
2025-09-10 15:51:49,123 [INFO] DbMcusAds:125 - Set database path to: /home/matijak/.stmcufinder/plugins/mcufinder//mcu/
2025-09-10 15:51:49,123 [WARN] DbFile:41 - Overriding database path with different value: /home/matijak/.stmcufinder/plugins/mcufinder/ => /home/matijak/.stmcufinder/plugins/mcufinder
2025-09-10 15:51:49,124 [WARN] DbFile:41 - Overriding database path with different value: /home/matijak/.stmcufinder/plugins/mcufinder/ => /home/matijak/.stmcufinder/plugins/mcufinder
2025-09-10 15:51:49,124 [INFO] CrossReferenceDbSqlite:203 - Set database path to: /home/matijak/.stmcufinder/plugins/mcufinder//mcu/cs/
2025-09-10 15:51:49,134 [INFO] ApplicationProperties:184 - Using Application install path: /opt/st/stm32cubeide_1.19.0/plugins/com.st.stm32cube.common.mx_6.15.0.202507011659
2025-09-10 15:51:49,135 [INFO] PluginManage:196 - Search for loadable plugins [exclusion list=, ]
2025-09-10 15:51:49,136 [INFO] PluginManage:310 - Check plugin analytics
2025-09-10 15:51:49,233 [INFO] AnalyticsPlugin:253 - Accepted Software Licenses: 
2025-09-10 15:51:49,233 [INFO] AnalyticsPlugin:255 - Accepted CMSIS Pack Licenses: 
2025-09-10 15:51:49,233 [INFO] AnalyticsPlugin:257 - Accepted Firmware Licenses: FW.L4.1.18.0,FW.G4.1.6.0
2025-09-10 15:51:49,235 [INFO] PluginManage:359 - Loaded plugin analytics (category:tool,tabindex:-1)
2025-09-10 15:51:49,235 [INFO] PluginManage:310 - Check plugin cadmodel
2025-09-10 15:51:49,238 [INFO] CADModel:105 - Init CAD model plugin
2025-09-10 15:51:49,238 [INFO] PluginManage:359 - Loaded plugin cadmodel (category:power,tabindex:5)
2025-09-10 15:51:49,238 [INFO] PluginManage:310 - Check plugin clock
2025-09-10 15:51:49,244 [INFO] PluginManage:359 - Loaded plugin clock (category:base,tabindex:2)
2025-09-10 15:51:49,244 [INFO] PluginManage:310 - Check plugin ddr
2025-09-10 15:51:49,245 [INFO] PluginManage:359 - Loaded plugin ddr (category:tool,tabindex:6)
2025-09-10 15:51:49,245 [INFO] PluginManage:310 - Check plugin filemanager
2025-09-10 15:51:49,338 [INFO] PluginManage:359 - Loaded plugin filemanager (category:base,tabindex:10)
2025-09-10 15:51:49,338 [INFO] PluginManage:310 - Check plugin ipmanager
2025-09-10 15:51:49,341 [INFO] PluginManage:359 - Loaded plugin ipmanager (category:base,tabindex:5)
2025-09-10 15:51:49,341 [INFO] PluginManage:310 - Check plugin lpbam
2025-09-10 15:51:49,348 [INFO] PluginManage:359 - Loaded plugin lpbam (category:base,tabindex:0)
2025-09-10 15:51:49,348 [INFO] PluginManage:310 - Check plugin memorymap
2025-09-10 15:51:49,357 [INFO] PluginManage:359 - Loaded plugin memorymap (category:base,tabindex:4)
2025-09-10 15:51:49,357 [INFO] PluginManage:310 - Check plugin pinoutandconfiguration
2025-09-10 15:51:49,362 [INFO] PluginManage:359 - Loaded plugin pinoutandconfiguration (category:base,tabindex:1)
2025-09-10 15:51:49,362 [INFO] PluginManage:310 - Check plugin pinoutconfig
2025-09-10 15:51:49,414 [WARN] SupportedApi:132 - Cannot load RTOS API schema: s4s-elt-must-match.1: The content of 'definitions' must match (annotation?, (simpleType | complexType)?, (unique | key | keyref)*)). A problem was found starting at: attribute.
2025-09-10 15:51:49,504 [INFO] PluginManage:359 - Loaded plugin pinoutconfig (category:base,tabindex:0)
2025-09-10 15:51:49,504 [INFO] PluginManage:310 - Check plugin power
2025-09-10 15:51:49,510 [INFO] PluginManage:359 - Loaded plugin power (category:power,tabindex:4)
2025-09-10 15:51:49,511 [INFO] PluginManage:310 - Check plugin projectmanager
2025-09-10 15:51:49,520 [INFO] PluginManage:359 - Loaded plugin projectmanager (category:projectmanager,tabindex:4)
2025-09-10 15:51:49,520 [INFO] PluginManage:310 - Check plugin rif
2025-09-10 15:51:49,526 [INFO] PluginManage:359 - Loaded plugin rif (category:base,tabindex:3)
2025-09-10 15:51:49,527 [INFO] PluginManage:310 - Check plugin thirdparty
2025-09-10 15:51:49,603 [INFO] PluginManage:359 - Loaded plugin thirdparty (category:base,tabindex:-1)
2025-09-10 15:51:49,604 [INFO] PluginManage:310 - Check plugin tools
2025-09-10 15:51:49,603 [WARN] IntegrityCheckThread:84 - waiting for thirdparty lock release [integrity check]
2025-09-10 15:51:49,604 [INFO] IntegrityCheckThread:86 - entering critical section [integrity check]
2025-09-10 15:51:49,604 [INFO] ThirdPartyUpdaterWithRetryManager:70 - Updater plugin not ready yet. [1/15]
2025-09-10 15:51:49,605 [INFO] PluginManage:359 - Loaded plugin tools (category:base,tabindex:7)
2025-09-10 15:51:49,605 [INFO] PluginManage:310 - Check plugin tutovideos
2025-09-10 15:51:49,734 [INFO] PluginManage:359 - Loaded plugin tutovideos (category:base,tabindex:-1)
2025-09-10 15:51:49,734 [INFO] PluginManage:310 - Check plugin updater
2025-09-10 15:51:49,753 [INFO] PluginManage:359 - Loaded plugin updater (category:base,tabindex:12)
2025-09-10 15:51:49,753 [INFO] PluginManage:310 - Check plugin userauth
2025-09-10 15:51:49,756 [INFO] UserAuth:118 - Init User Auth plugin
2025-09-10 15:51:49,756 [INFO] PluginManage:359 - Loaded plugin userauth (category:base,tabindex:14)
2025-09-10 15:51:49,757 [INFO] PluginManage:283 - PluginManage : Loaded plugins [18]
2025-09-10 15:51:49,888 [INFO] PinOutPanel:1589 - setPackage(No Configuration,No Configuration)
2025-09-10 15:51:49,942 [INFO] CADModel:165 - CPN selected for project level
2025-09-10 15:51:49,942 [INFO] CADModel:114 - Register for checkConnection events
2025-09-10 15:51:49,954 [INFO] IPUIPlugin:80 - create IPUIPlugin
2025-09-10 15:51:49,954 [INFO] PluginManager:220 - loadIPPluginJar : add adc
2025-09-10 15:51:49,956 [INFO] IPUIPlugin:80 - create IPUIPlugin
2025-09-10 15:51:49,956 [INFO] PluginManager:220 - loadIPPluginJar : add aes
2025-09-10 15:51:49,957 [INFO] IPUIPlugin:80 - create IPUIPlugin
2025-09-10 15:51:49,957 [INFO] PluginManager:220 - loadIPPluginJar : add can
2025-09-10 15:51:49,958 [INFO] IPUIPlugin:80 - create IPUIPlugin
2025-09-10 15:51:49,958 [INFO] PluginManager:220 - loadIPPluginJar : add comp
2025-09-10 15:51:49,959 [INFO] IPUIPlugin:80 - create IPUIPlugin
2025-09-10 15:51:49,959 [INFO] PluginManager:220 - loadIPPluginJar : add cryp
2025-09-10 15:51:49,961 [INFO] IPUIPlugin:80 - create IPUIPlugin
2025-09-10 15:51:49,961 [INFO] PluginManager:220 - loadIPPluginJar : add ddr_ctrl_phy
2025-09-10 15:51:49,963 [INFO] IPUIPlugin:80 - create IPUIPlugin
2025-09-10 15:51:49,963 [INFO] PluginManager:220 - loadIPPluginJar : add dfsdm
2025-09-10 15:51:49,967 [INFO] IPUIPlugin:80 - create IPUIPlugin
2025-09-10 15:51:49,968 [INFO] PluginManager:220 - loadIPPluginJar : add dma
2025-09-10 15:51:49,969 [INFO] IPUIPlugin:80 - create IPUIPlugin
2025-09-10 15:51:49,970 [INFO] PluginManager:220 - loadIPPluginJar : add dma3
2025-09-10 15:51:49,971 [INFO] IPUIPlugin:80 - create IPUIPlugin
2025-09-10 15:51:49,971 [INFO] PluginManager:220 - loadIPPluginJar : add extmemmanager
2025-09-10 15:51:49,972 [INFO] IPUIPlugin:80 - create IPUIPlugin
2025-09-10 15:51:49,972 [INFO] PluginManager:220 - loadIPPluginJar : add fatfs
2025-09-10 15:51:49,975 [INFO] IPUIPlugin:80 - create IPUIPlugin
2025-09-10 15:51:49,975 [INFO] PluginManager:220 - loadIPPluginJar : add fmc
2025-09-10 15:51:49,979 [INFO] IPUIPlugin:80 - create IPUIPlugin
2025-09-10 15:51:49,979 [INFO] PluginManager:220 - loadIPPluginJar : add freertos
2025-09-10 15:51:49,980 [INFO] IPUIPlugin:80 - create IPUIPlugin
2025-09-10 15:51:49,980 [INFO] PluginManager:220 - loadIPPluginJar : add genericplugin
2025-09-10 15:51:49,982 [INFO] IPUIPlugin:80 - create IPUIPlugin
2025-09-10 15:51:49,982 [INFO] PluginManager:220 - loadIPPluginJar : add gfxmmu
2025-09-10 15:51:49,986 [INFO] IPUIPlugin:80 - create IPUIPlugin
2025-09-10 15:51:49,986 [INFO] PluginManager:220 - loadIPPluginJar : add gic
2025-09-10 15:51:49,989 [INFO] IPUIPlugin:80 - create IPUIPlugin
2025-09-10 15:51:49,989 [INFO] PluginManager:220 - loadIPPluginJar : add gpio
2025-09-10 15:51:49,991 [INFO] IPUIPlugin:80 - create IPUIPlugin
2025-09-10 15:51:49,991 [INFO] PluginManager:220 - loadIPPluginJar : add gtzc
2025-09-10 15:51:49,992 [INFO] IPUIPlugin:80 - create IPUIPlugin
2025-09-10 15:51:49,992 [INFO] PluginManager:220 - loadIPPluginJar : add hash
2025-09-10 15:51:49,994 [INFO] IPUIPlugin:80 - create IPUIPlugin
2025-09-10 15:51:49,994 [INFO] PluginManager:220 - loadIPPluginJar : add i2c
2025-09-10 15:51:49,995 [INFO] IPUIPlugin:80 - create IPUIPlugin
2025-09-10 15:51:49,995 [INFO] PluginManager:220 - loadIPPluginJar : add i2s
2025-09-10 15:51:49,996 [INFO] IPUIPlugin:80 - create IPUIPlugin
2025-09-10 15:51:49,996 [INFO] PluginManager:220 - loadIPPluginJar : add i3c
2025-09-10 15:51:49,999 [INFO] IPUIPlugin:80 - create IPUIPlugin
2025-09-10 15:51:49,999 [INFO] PluginManager:220 - loadIPPluginJar : add ipddr
2025-09-10 15:51:50,004 [INFO] IPUIPlugin:80 - create IPUIPlugin
2025-09-10 15:51:50,004 [INFO] PluginManager:220 - loadIPPluginJar : add linkedlist
2025-09-10 15:51:50,006 [INFO] IPUIPlugin:80 - create IPUIPlugin
2025-09-10 15:51:50,006 [INFO] PluginManager:220 - loadIPPluginJar : add lorawan
2025-09-10 15:51:50,007 [INFO] IPUIPlugin:80 - create IPUIPlugin
2025-09-10 15:51:50,007 [INFO] PluginManager:220 - loadIPPluginJar : add ltdc
2025-09-10 15:51:50,011 [INFO] IPUIPlugin:80 - create IPUIPlugin
2025-09-10 15:51:50,011 [INFO] PluginManager:220 - loadIPPluginJar : add mdma
2025-09-10 15:51:50,014 [INFO] IPUIPlugin:80 - create IPUIPlugin
2025-09-10 15:51:50,014 [INFO] PluginManager:220 - loadIPPluginJar : add nvic
2025-09-10 15:51:50,016 [INFO] IPUIPlugin:80 - create IPUIPlugin
2025-09-10 15:51:50,016 [INFO] PluginManager:220 - loadIPPluginJar : add opamp
2025-09-10 15:51:50,018 [INFO] IPUIPlugin:80 - create IPUIPlugin
2025-09-10 15:51:50,018 [INFO] PluginManager:220 - loadIPPluginJar : add openamp
2025-09-10 15:51:50,019 [INFO] IPUIPlugin:80 - create IPUIPlugin
2025-09-10 15:51:50,019 [INFO] PluginManager:220 - loadIPPluginJar : add pdm2pcm
2025-09-10 15:51:50,024 [INFO] IPUIPlugin:80 - create IPUIPlugin
2025-09-10 15:51:50,025 [INFO] PluginManager:220 - loadIPPluginJar : add plateformsettings
2025-09-10 15:51:50,026 [INFO] IPUIPlugin:80 - create IPUIPlugin
2025-09-10 15:51:50,026 [INFO] PluginManager:220 - loadIPPluginJar : add quadspi
2025-09-10 15:51:50,027 [INFO] IPUIPlugin:80 - create IPUIPlugin
2025-09-10 15:51:50,027 [INFO] PluginManager:220 - loadIPPluginJar : add radio
2025-09-10 15:51:50,030 [INFO] IPUIPlugin:80 - create IPUIPlugin
2025-09-10 15:51:50,030 [INFO] PluginManager:220 - loadIPPluginJar : add resmgrutility
2025-09-10 15:51:50,032 [INFO] IPUIPlugin:80 - create IPUIPlugin
2025-09-10 15:51:50,033 [INFO] PluginManager:220 - loadIPPluginJar : add sai
2025-09-10 15:51:50,034 [INFO] IPUIPlugin:80 - create IPUIPlugin
2025-09-10 15:51:50,034 [INFO] PluginManager:220 - loadIPPluginJar : add spi
2025-09-10 15:51:50,039 [INFO] IPUIPlugin:80 - create IPUIPlugin
2025-09-10 15:51:50,039 [INFO] PluginManager:220 - loadIPPluginJar : add stm32_wpan
2025-09-10 15:51:50,040 [INFO] IPUIPlugin:80 - create IPUIPlugin
2025-09-10 15:51:50,040 [INFO] PluginManager:220 - loadIPPluginJar : add tim
2025-09-10 15:51:50,042 [INFO] IPUIPlugin:80 - create IPUIPlugin
2025-09-10 15:51:50,042 [INFO] PluginManager:220 - loadIPPluginJar : add touchsensing
2025-09-10 15:51:50,043 [INFO] IPUIPlugin:80 - create IPUIPlugin
2025-09-10 15:51:50,043 [INFO] PluginManager:220 - loadIPPluginJar : add tracer_emb
2025-09-10 15:51:50,044 [INFO] IPUIPlugin:80 - create IPUIPlugin
2025-09-10 15:51:50,044 [INFO] PluginManager:220 - loadIPPluginJar : add ts
2025-09-10 15:51:50,045 [INFO] IPUIPlugin:80 - create IPUIPlugin
2025-09-10 15:51:50,045 [INFO] PluginManager:220 - loadIPPluginJar : add tsc
2025-09-10 15:51:50,046 [INFO] IPUIPlugin:80 - create IPUIPlugin
2025-09-10 15:51:50,046 [INFO] PluginManager:220 - loadIPPluginJar : add ucpd
2025-09-10 15:51:50,047 [INFO] IPUIPlugin:80 - create IPUIPlugin
2025-09-10 15:51:50,047 [INFO] PluginManager:220 - loadIPPluginJar : add usart
2025-09-10 15:51:50,049 [INFO] IPUIPlugin:80 - create IPUIPlugin
2025-09-10 15:51:50,050 [INFO] PluginManager:220 - loadIPPluginJar : add usbx
2025-09-10 15:51:50,143 [FATAL] Updater:351 - Updater called before beeing initialized
2025-09-10 15:51:50,160 [INFO] RulesReader:64 - Compatibility file has been processed (317 Rules)
2025-09-10 15:51:50,169 [INFO] RulesReader:64 - Compatibility file has been processed (317 Rules)
2025-09-10 15:51:50,175 [INFO] CADModel:165 - CPN selected for project level
2025-09-10 15:51:50,175 [INFO] CADModel:114 - Register for checkConnection events
2025-09-10 15:51:50,175 [FATAL] Updater:351 - Updater called before beeing initialized
2025-09-10 15:51:50,176 [ERROR] CADModel:125 - Updater not yet initialized, retry later 
2025-09-10 15:51:50,259 [FATAL] Updater:351 - Updater called before beeing initialized
2025-09-10 15:51:50,260 [INFO] CADModel:165 - CPN selected for project level
2025-09-10 15:51:50,260 [INFO] CADModel:114 - Register for checkConnection events
2025-09-10 15:51:50,260 [FATAL] Updater:351 - Updater called before beeing initialized
2025-09-10 15:51:50,261 [ERROR] CADModel:125 - Updater not yet initialized, retry later 
2025-09-10 15:51:50,263 [FATAL] Updater:351 - Updater called before beeing initialized
2025-09-10 15:51:50,312 [FATAL] Updater:351 - Updater called before beeing initialized
2025-09-10 15:51:50,315 [INFO] DbMcusAds:53 - JSON generation date=Tue Jul 08 10:14:23 CEST 2025 (1751962463582)
2025-09-10 15:51:50,315 [FATAL] Updater:351 - Updater called before beeing initialized
2025-09-10 15:51:50,339 [WARN] DetailPanel:346 - Failed to get advertising image, set to default
2025-09-10 15:51:50,387 [FATAL] Updater:351 - Updater called before beeing initialized
2025-09-10 15:51:50,388 [FATAL] Updater:351 - Updater called before beeing initialized
2025-09-10 15:51:50,389 [FATAL] Updater:351 - Updater called before beeing initialized
2025-09-10 15:51:50,389 [WARN] DetailPanel:346 - Failed to get advertising image, set to default
2025-09-10 15:51:50,389 [FATAL] Updater:351 - Updater called before beeing initialized
2025-09-10 15:51:50,409 [ERROR] Updater:1198 - MainUpdater not yet initialized. External WinMGr cannot be set.
2025-09-10 15:51:50,410 [INFO] Updater:1134 - Updater Version found : 6.15.0
2025-09-10 15:51:50,423 [INFO] ApplicationProperties:184 - Using Application install path: /opt/st/stm32cubeide_1.19.0/plugins/com.st.stm32cube.common.mx_6.15.0.202507011659
2025-09-10 15:51:50,431 [ERROR] LogOutputStream:75 - [STDERR_REDIRECT] Sep 10, 2025 3:51:50 PM java.util.prefs.FileSystemPreferences$2 run
2025-09-10 15:51:50,431 [ERROR] LogOutputStream:75 - [STDERR_REDIRECT] WARNING: Could not create system preferences directory. System preferences are unusable.
2025-09-10 15:51:50,431 [ERROR] LogOutputStream:75 - [STDERR_REDIRECT] 
2025-09-10 15:51:50,921 [INFO] MainUpdater:2872 - connection check result : 10
2025-09-10 15:51:50,922 [INFO] MainUpdater:289 - Updater Check For Update Now.
2025-09-10 15:51:50,922 [INFO] MicroXplorer:498 - Change Database Version : DB.6.0.150
2025-09-10 15:51:50,934 [INFO] McuFinderGlobals:63 - Set McuFinder mode to 2 (CubeIDE integrated)
2025-09-10 15:51:50,935 [INFO] UserAuth:487 - Internet connection configuration mode: 1
2025-09-10 15:51:50,952 [INFO] JxBrowserEngine:152 - Initiate JxBrowser Engine with user profile folder
2025-09-10 15:51:51,072 [INFO] CheckServerUpdateThread:120 - End of CheckServer Thread
2025-09-10 15:51:51,520 [INFO] WebApp:169 - Instantiating new browser for Auth
2025-09-10 15:51:51,961 [INFO] WebApp:463 - Apply proxy settings
2025-09-10 15:51:51,961 [INFO] WebApp:548 - Chromium requires no authentication
2025-09-10 15:51:51,967 [INFO] WebApp:491 - Direct internet connection detected
2025-09-10 15:51:51,979 [INFO] WebApp:900 - Register for checkConnection events
2025-09-10 15:51:51,979 [INFO] WebApp:463 - Apply proxy settings
2025-09-10 15:51:51,979 [INFO] WebApp:548 - Chromium requires no authentication
2025-09-10 15:51:51,980 [INFO] WebApp:491 - Direct internet connection detected
2025-09-10 15:51:52,062 [INFO] WebApp:225 - Starting web application
2025-09-10 15:51:52,062 [INFO] WebApp:593 - Web application path used /opt/st/stm32cubeide_1.19.0/plugins/com.st.stm32cube.common.mx_6.15.0.202507011659/db/plugins/mcufinder/reactClient1/index.html
2025-09-10 15:51:52,132 [INFO] UserAuth:487 - Internet connection configuration mode: 1
2025-09-10 15:51:52,506 [INFO] WebApp:191 - Connection restablished
2025-09-10 15:51:52,708 [WARN] PackLoader:240 - Cannot read IP mode file for STMicroelectronics.FP-SNS-MOTENVWB1.1.4.0
2025-09-10 15:51:52,713 [WARN] PackLoader:240 - Cannot read IP mode file for STMicroelectronics.FP-ATR-ASTRA1.2.0.2
2025-09-10 15:51:52,718 [WARN] PackLoader:240 - Cannot read IP mode file for STMicroelectronics.X-CUBE-SMBUS.2.1.0
2025-09-10 15:51:52,721 [WARN] PackLoader:240 - Cannot read IP mode file for STMicroelectronics.X-CUBE-ST60.1.0.0
2025-09-10 15:51:52,745 [WARN] PackLoader:240 - Cannot read IP mode file for STMicroelectronics.X-CUBE-AZRTOS-F7.1.1.0
2025-09-10 15:51:52,755 [WARN] PackLoader:240 - Cannot read IP mode file for WES.I-CUBE-Cesium.1.4.0
2025-09-10 15:51:52,771 [WARN] PackLoader:240 - Cannot read IP mode file for Infineon.AIROC-Wi-Fi-Bluetooth-STM32.1.7.1
2025-09-10 15:51:52,799 [WARN] PackLoader:240 - Cannot read IP mode file for STMicroelectronics.X-CUBE-AZRTOS-H7.3.4.0
2025-09-10 15:51:52,809 [WARN] PackLoader:240 - Cannot read IP mode file for STMicroelectronics.X-CUBE-DISPLAY.3.0.0
2025-09-10 15:51:52,819 [WARN] PackLoader:240 - Cannot read IP mode file for STMicroelectronics.X-CUBE-NFC10.1.0.0
2025-09-10 15:51:52,823 [WARN] PackLoader:240 - Cannot read IP mode file for emotas.I-CUBE-CANOPEN.1.3.0
2025-09-10 15:51:52,837 [WARN] PackLoader:240 - Cannot read IP mode file for STMicroelectronics.FP-SNS-STBOX1.2.1.0
2025-09-10 15:51:52,844 [WARN] PackLoader:240 - Cannot read IP mode file for STMicroelectronics.FP-SNS-SMARTAG2.1.2.0
2025-09-10 15:51:52,848 [WARN] PackLoader:240 - Cannot read IP mode file for STMicroelectronics.FP-SNS-FLIGHT1.5.1.0
2025-09-10 15:51:52,859 [INFO] LogOutputStream:77 - [STDOUT_REDIRECT] 1 : Invalid condition id : UX_CORESTACK_Condition cause : null
2025-09-10 15:51:52,860 [INFO] LogOutputStream:77 - [STDOUT_REDIRECT] 1 : Invalid condition id : UX_CORESTACK_Condition cause : null
2025-09-10 15:51:52,861 [INFO] LogOutputStream:77 - [STDOUT_REDIRECT] 1 : Invalid condition id : UX_CORESTACK_Condition cause : null
2025-09-10 15:51:52,862 [INFO] LogOutputStream:77 - [STDOUT_REDIRECT] 1 : Invalid condition id : UX_CORESTACK_Condition cause : null
2025-09-10 15:51:52,864 [INFO] LogOutputStream:77 - [STDOUT_REDIRECT] 1 : Invalid condition id : UX_CORESTACK_Condition cause : null
2025-09-10 15:51:52,867 [WARN] PackLoader:240 - Cannot read IP mode file for STMicroelectronics.X-CUBE-AZRTOS-WL.2.0.0
2025-09-10 15:51:52,873 [WARN] PackLoader:240 - Cannot read IP mode file for STMicroelectronics.FP-SNS-MOTENV1.5.0.0
2025-09-10 15:51:52,881 [WARN] PackLoader:240 - Cannot read IP mode file for STMicroelectronics.X-CUBE-BLE2.3.3.0
2025-09-10 15:51:52,888 [WARN] PackLoader:240 - Cannot read IP mode file for STMicroelectronics.X-CUBE-NFC9.1.0.0
2025-09-10 15:51:52,913 [WARN] PackLoader:240 - Cannot read IP mode file for wolfSSL.I-CUBE-wolfSSL.5.8.2
2025-09-10 15:51:52,919 [WARN] PackLoader:240 - Cannot read IP mode file for STMicroelectronics.X-CUBE-BLE1.7.1.0
2025-09-10 15:51:52,923 [WARN] PackLoader:240 - Cannot read IP mode file for wolfSSL.I-CUBE-wolfMQTT.1.19.2
2025-09-10 15:51:52,930 [WARN] PackLoader:240 - Cannot read IP mode file for STMicroelectronics.X-CUBE-EEPRMA1.5.2.0
2025-09-10 15:51:52,946 [WARN] PackLoader:240 - Cannot read IP mode file for STMicroelectronics.X-CUBE-AZRTOS-G0.1.1.0
2025-09-10 15:51:52,954 [WARN] PackLoader:240 - Cannot read IP mode file for STMicroelectronics.X-CUBE-SAFEA1.1.2.2
2025-09-10 15:51:52,960 [WARN] PackLoader:240 - Cannot read IP mode file for STMicroelectronics.X-CUBE-NFC4.3.0.0
2025-09-10 15:51:52,969 [WARN] PackLoader:240 - Cannot read IP mode file for EmbeddedOffice.I-CUBE-FS-RTOS.1.0.1
2025-09-10 15:51:52,974 [WARN] PackLoader:240 - Cannot read IP mode file for STMicroelectronics.X-CUBE-WB05N.2.0.0
2025-09-10 15:51:52,979 [WARN] PackLoader:240 - Cannot read IP mode file for wolfSSL.I-CUBE-wolfTPM.3.8.0
2025-09-10 15:51:52,984 [WARN] PackLoader:240 - Cannot read IP mode file for STMicroelectronics.X-CUBE-TCPP.4.2.0
2025-09-10 15:51:52,989 [WARN] PackLoader:240 - Cannot read IP mode file for RealThread.X-CUBE-RT-Thread_Nano.4.1.1
2025-09-10 15:51:52,993 [WARN] PackLoader:240 - Cannot read IP mode file for STMicroelectronics.FP-ATR-SIGFOX1.3.2.0
2025-09-10 15:51:52,996 [WARN] PackLoader:240 - Cannot read IP mode file for ITTIA_DB.I-CUBE-ITTIADB.8.9.0
2025-09-10 15:51:53,001 [WARN] PackLoader:240 - Cannot read IP mode file for STMicroelectronics.X-CUBE-ST67W61.1.0.0
2025-09-10 15:51:53,004 [WARN] PackLoader:240 - Cannot read IP mode file for STMicroelectronics.X-CUBE-AI.10.2.0
2025-09-10 15:51:53,020 [WARN] PackLoader:240 - Cannot read IP mode file for SEGGER.I-CUBE-embOS.1.3.1
2025-09-10 15:51:53,046 [WARN] PackLoader:240 - Cannot read IP mode file for STMicroelectronics.X-CUBE-ALGOBUILD.1.4.0
2025-09-10 15:51:53,079 [WARN] PackLoader:240 - Cannot read IP mode file for STMicroelectronics.X-CUBE-MEMS1.11.3.0
2025-09-10 15:51:53,157 [WARN] PackLoader:240 - Cannot read IP mode file for STMicroelectronics.X-CUBE-PM33A1.1.0.0
2025-09-10 15:51:53,167 [WARN] PackLoader:240 - Cannot read IP mode file for STMicroelectronics.X-CUBE-AZRTOS-F4.1.1.0
2025-09-10 15:51:53,178 [WARN] PackLoader:240 - Cannot read IP mode file for Avnet-IotConnect.X-CUBE-IoTC-DA16k-PMOD.1.0.0
2025-09-10 15:51:53,182 [WARN] PackLoader:240 - Cannot read IP mode file for STMicroelectronics.X-CUBE-ISPU.2.1.0
2025-09-10 15:51:53,187 [WARN] PackLoader:240 - Cannot read IP mode file for STMicroelectronics.X-CUBE-NFC12.1.0.0
2025-09-10 15:51:53,202 [WARN] PackLoader:240 - Cannot read IP mode file for STMicroelectronics.X-CUBE-AZRTOS-L5.2.0.0
2025-09-10 15:51:53,210 [WARN] PackLoader:240 - Cannot read IP mode file for STMicroelectronics.X-CUBE-NFC6.3.1.0
2025-09-10 15:51:53,218 [WARN] PackLoader:240 - Cannot read IP mode file for STMicroelectronics.X-CUBE-FREERTOS.1.3.1
2025-09-10 15:51:53,223 [WARN] PackLoader:240 - Cannot read IP mode file for STMicroelectronics.FP-SNS-STAIOTCFT.1.0.0
2025-09-10 15:51:53,229 [WARN] PackLoader:240 - Cannot read IP mode file for STMicroelectronics.X-CUBE-DPower.1.3.0
2025-09-10 15:51:53,244 [WARN] ConditionMgr:438 - getConditionDescription Invalid condition id : LAN8742 Phy interface Condition cause : null
2025-09-10 15:51:53,245 [WARN] PackLoader:240 - Cannot read IP mode file for STMicroelectronics.X-CUBE-AZRTOS-L4.2.0.0
2025-09-10 15:51:53,246 [WARN] ConditionMgr:1044 - genDependencies : Invalid condition id : LAN8742 Phy interface Condition cause : null
2025-09-10 15:51:53,247 [WARN] ConditionMgr:1044 - genDependencies : Invalid condition id : LAN8742 Phy interface Condition cause : null
2025-09-10 15:51:53,247 [WARN] ConditionMgr:1044 - genDependencies : Invalid condition id : LAN8742 Phy interface Condition cause : null
2025-09-10 15:51:53,253 [WARN] PackLoader:240 - Cannot read IP mode file for STMicroelectronics.X-CUBE-SFXS2LP1.4.0.0
2025-09-10 15:51:53,263 [WARN] PackLoader:240 - Cannot read IP mode file for STMicroelectronics.X-CUBE-BLEMGR.4.1.0
2025-09-10 15:51:53,272 [WARN] ConditionMgr:438 - getConditionDescription Invalid condition id : UX DEVICE CLASS RTOS Condition cause : null
2025-09-10 15:51:53,272 [WARN] ConditionMgr:438 - getConditionDescription Invalid condition id : UX DEVICE CLASS RTOS Condition cause : null
2025-09-10 15:51:53,273 [WARN] PackLoader:240 - Cannot read IP mode file for STMicroelectronics.X-CUBE-AZRTOS-WB.2.0.0
2025-09-10 15:51:53,273 [WARN] ConditionMgr:1044 - genDependencies : Invalid condition id : UX DEVICE CLASS RTOS Condition cause : null
2025-09-10 15:51:53,273 [WARN] ConditionMgr:1044 - genDependencies : Invalid condition id : UX DEVICE CLASS RTOS Condition cause : null
2025-09-10 15:51:53,274 [WARN] ConditionMgr:1044 - genDependencies : Invalid condition id : UX DEVICE CLASS RTOS Condition cause : null
2025-09-10 15:51:53,274 [WARN] ConditionMgr:1044 - genDependencies : Invalid condition id : UX DEVICE CLASS RTOS Condition cause : null
2025-09-10 15:51:53,274 [WARN] ConditionMgr:1044 - genDependencies : Invalid condition id : UX DEVICE CLASS RTOS Condition cause : null
2025-09-10 15:51:53,277 [WARN] PackLoader:240 - Cannot read IP mode file for STMicroelectronics.X-CUBE-GNSS1.7.0.1
2025-09-10 15:51:53,281 [WARN] PackLoader:240 - Cannot read IP mode file for STMicroelectronics.X-CUBE-TOUCHGFX.4.25.0
2025-09-10 15:51:53,284 [WARN] ConditionMgr:438 - getConditionDescription Invalid condition id : Cortex-A Device cause : null
2025-09-10 15:51:53,297 [WARN] ConditionMgr:1044 - genDependencies : Invalid condition id : Cortex-A Device cause : null
2025-09-10 15:51:53,297 [WARN] ConditionMgr:1044 - genDependencies : Invalid condition id : Cortex-A Device cause : null
2025-09-10 15:51:53,297 [WARN] ConditionMgr:1044 - genDependencies : Invalid condition id : Cortex-A Device cause : null
2025-09-10 15:51:53,305 [WARN] PackLoader:240 - Cannot read IP mode file for STMicroelectronics.X-CUBE-SUBG2.5.0.0
2025-09-10 15:51:53,317 [WARN] PackLoader:240 - Cannot read IP mode file for STMicroelectronics.X-CUBE-AZRTOS-H7RS.1.1.0
2025-09-10 15:51:53,322 [WARN] PackLoader:240 - Cannot read IP mode file for Cesanta.I-CUBE-Mongoose.7.13.0
2025-09-10 15:51:53,329 [WARN] PackLoader:240 - Cannot read IP mode file for STMicroelectronics.X-CUBE-AZRTOS-G4.2.0.0
2025-09-10 15:51:53,332 [WARN] PackLoader:240 - Cannot read IP mode file for wolfSSL.I-CUBE-wolfSSH.1.4.20
2025-09-10 15:51:53,335 [WARN] PackLoader:240 - Cannot read IP mode file for STMicroelectronics.X-CUBE-NFC7.2.0.0
2025-09-10 15:51:53,348 [WARN] PackLoader:240 - Cannot read IP mode file for STMicroelectronics.X-CUBE-IPS.3.1.0
2025-09-10 15:51:53,356 [WARN] PackLoader:240 - Cannot read IP mode file for STMicroelectronics.X-CUBE-ALS.1.0.2
2025-09-10 15:51:53,362 [WARN] PackLoader:240 - Cannot read IP mode file for STMicroelectronics.X-CUBE-STSE01.1.0.0
2025-09-10 15:51:53,372 [WARN] PackLoader:240 - Cannot read IP mode file for STMicroelectronics.X-CUBE-TOF1.3.4.3
2025-09-10 15:51:53,382 [INFO] ThirdParty:978 - Integrity check success = true
2025-09-10 15:51:53,383 [INFO] IntegrityCheckThread:100 - exiting critical section [integrity check]
2025-09-10 15:51:53,383 [INFO] IntegrityCheckThread:103 - End integrity checks thread
2025-09-10 15:52:19,830 [ERROR] LogOutputStream:75 - [STDERR_REDIRECT] Sep 10, 2025 3:52:19 PM java.util.prefs.FileSystemPreferences checkLockFile0ErrorCode
2025-09-10 15:52:19,830 [ERROR] LogOutputStream:75 - [STDERR_REDIRECT] WARNING: Could not lock System prefs. Unix error code 2.
2025-09-10 15:52:19,830 [ERROR] LogOutputStream:75 - [STDERR_REDIRECT] 
2025-09-10 15:52:19,831 [ERROR] LogOutputStream:75 - [STDERR_REDIRECT] Sep 10, 2025 3:52:19 PM java.util.prefs.FileSystemPreferences syncWorld
2025-09-10 15:52:19,832 [ERROR] LogOutputStream:75 - [STDERR_REDIRECT] WARNING: Couldn't flush system prefs: java.util.prefs.BackingStoreException: Couldn't get file lock.
2025-09-10 15:52:19,832 [ERROR] LogOutputStream:75 - [STDERR_REDIRECT] 
2025-09-10 15:52:49,814 [ERROR] LogOutputStream:75 - [STDERR_REDIRECT] Sep 10, 2025 3:52:49 PM java.util.prefs.FileSystemPreferences checkLockFile0ErrorCode
2025-09-10 15:52:49,815 [ERROR] LogOutputStream:75 - [STDERR_REDIRECT] WARNING: Could not lock System prefs. Unix error code 2.
2025-09-10 15:52:49,815 [ERROR] LogOutputStream:75 - [STDERR_REDIRECT] 
2025-09-10 15:52:49,815 [ERROR] LogOutputStream:75 - [STDERR_REDIRECT] Sep 10, 2025 3:52:49 PM java.util.prefs.FileSystemPreferences syncWorld
2025-09-10 15:52:49,816 [ERROR] LogOutputStream:75 - [STDERR_REDIRECT] WARNING: Couldn't flush system prefs: java.util.prefs.BackingStoreException: Couldn't get file lock.
2025-09-10 15:52:49,816 [ERROR] LogOutputStream:75 - [STDERR_REDIRECT] 
2025-09-10 15:53:19,814 [ERROR] LogOutputStream:75 - [STDERR_REDIRECT] Sep 10, 2025 3:53:19 PM java.util.prefs.FileSystemPreferences checkLockFile0ErrorCode
2025-09-10 15:53:19,815 [ERROR] LogOutputStream:75 - [STDERR_REDIRECT] WARNING: Could not lock System prefs. Unix error code 2.
2025-09-10 15:53:19,815 [ERROR] LogOutputStream:75 - [STDERR_REDIRECT] 
2025-09-10 15:53:19,816 [ERROR] LogOutputStream:75 - [STDERR_REDIRECT] Sep 10, 2025 3:53:19 PM java.util.prefs.FileSystemPreferences syncWorld
2025-09-10 15:53:19,817 [ERROR] LogOutputStream:75 - [STDERR_REDIRECT] WARNING: Couldn't flush system prefs: java.util.prefs.BackingStoreException: Couldn't get file lock.
2025-09-10 15:53:19,817 [ERROR] LogOutputStream:75 - [STDERR_REDIRECT] 
2025-09-10 15:53:49,814 [ERROR] LogOutputStream:75 - [STDERR_REDIRECT] Sep 10, 2025 3:53:49 PM java.util.prefs.FileSystemPreferences checkLockFile0ErrorCode
2025-09-10 15:53:49,814 [ERROR] LogOutputStream:75 - [STDERR_REDIRECT] WARNING: Could not lock System prefs. Unix error code 2.
2025-09-10 15:53:49,814 [ERROR] LogOutputStream:75 - [STDERR_REDIRECT] 
2025-09-10 15:53:49,815 [ERROR] LogOutputStream:75 - [STDERR_REDIRECT] Sep 10, 2025 3:53:49 PM java.util.prefs.FileSystemPreferences syncWorld
2025-09-10 15:53:49,816 [ERROR] LogOutputStream:75 - [STDERR_REDIRECT] WARNING: Couldn't flush system prefs: java.util.prefs.BackingStoreException: Couldn't get file lock.
2025-09-10 15:53:49,816 [ERROR] LogOutputStream:75 - [STDERR_REDIRECT] 
2025-09-10 15:54:19,815 [ERROR] LogOutputStream:75 - [STDERR_REDIRECT] Sep 10, 2025 3:54:19 PM java.util.prefs.FileSystemPreferences checkLockFile0ErrorCode
2025-09-10 15:54:19,815 [ERROR] LogOutputStream:75 - [STDERR_REDIRECT] WARNING: Could not lock System prefs. Unix error code 2.
2025-09-10 15:54:19,816 [ERROR] LogOutputStream:75 - [STDERR_REDIRECT] 
2025-09-10 15:54:19,816 [ERROR] LogOutputStream:75 - [STDERR_REDIRECT] Sep 10, 2025 3:54:19 PM java.util.prefs.FileSystemPreferences syncWorld
2025-09-10 15:54:19,817 [ERROR] LogOutputStream:75 - [STDERR_REDIRECT] WARNING: Couldn't flush system prefs: java.util.prefs.BackingStoreException: Couldn't get file lock.
2025-09-10 15:54:19,817 [ERROR] LogOutputStream:75 - [STDERR_REDIRECT] 
2025-09-10 15:54:49,817 [ERROR] LogOutputStream:75 - [STDERR_REDIRECT] Sep 10, 2025 3:54:49 PM java.util.prefs.FileSystemPreferences checkLockFile0ErrorCode
2025-09-10 15:54:49,818 [ERROR] LogOutputStream:75 - [STDERR_REDIRECT] WARNING: Could not lock System prefs. Unix error code 2.
2025-09-10 15:54:49,818 [ERROR] LogOutputStream:75 - [STDERR_REDIRECT] 
2025-09-10 15:54:49,819 [ERROR] LogOutputStream:75 - [STDERR_REDIRECT] Sep 10, 2025 3:54:49 PM java.util.prefs.FileSystemPreferences syncWorld
2025-09-10 15:54:49,821 [ERROR] LogOutputStream:75 - [STDERR_REDIRECT] WARNING: Couldn't flush system prefs: java.util.prefs.BackingStoreException: Couldn't get file lock.
2025-09-10 15:54:49,821 [ERROR] LogOutputStream:75 - [STDERR_REDIRECT] 
2025-09-10 15:55:19,814 [ERROR] LogOutputStream:75 - [STDERR_REDIRECT] Sep 10, 2025 3:55:19 PM java.util.prefs.FileSystemPreferences checkLockFile0ErrorCode
2025-09-10 15:55:19,814 [ERROR] LogOutputStream:75 - [STDERR_REDIRECT] WARNING: Could not lock System prefs. Unix error code 2.
2025-09-10 15:55:19,814 [ERROR] LogOutputStream:75 - [STDERR_REDIRECT] 
2025-09-10 15:55:19,815 [ERROR] LogOutputStream:75 - [STDERR_REDIRECT] Sep 10, 2025 3:55:19 PM java.util.prefs.FileSystemPreferences syncWorld
2025-09-10 15:55:19,816 [ERROR] LogOutputStream:75 - [STDERR_REDIRECT] WARNING: Couldn't flush system prefs: java.util.prefs.BackingStoreException: Couldn't get file lock.
2025-09-10 15:55:19,816 [ERROR] LogOutputStream:75 - [STDERR_REDIRECT] 
2025-09-10 15:55:49,814 [ERROR] LogOutputStream:75 - [STDERR_REDIRECT] Sep 10, 2025 3:55:49 PM java.util.prefs.FileSystemPreferences checkLockFile0ErrorCode
2025-09-10 15:55:49,815 [ERROR] LogOutputStream:75 - [STDERR_REDIRECT] WARNING: Could not lock System prefs. Unix error code 2.
2025-09-10 15:55:49,815 [ERROR] LogOutputStream:75 - [STDERR_REDIRECT] 
2025-09-10 15:55:49,815 [ERROR] LogOutputStream:75 - [STDERR_REDIRECT] Sep 10, 2025 3:55:49 PM java.util.prefs.FileSystemPreferences syncWorld
2025-09-10 15:55:49,816 [ERROR] LogOutputStream:75 - [STDERR_REDIRECT] WARNING: Couldn't flush system prefs: java.util.prefs.BackingStoreException: Couldn't get file lock.
2025-09-10 15:55:49,816 [ERROR] LogOutputStream:75 - [STDERR_REDIRECT] 
2025-09-10 15:56:19,815 [ERROR] LogOutputStream:75 - [STDERR_REDIRECT] Sep 10, 2025 3:56:19 PM java.util.prefs.FileSystemPreferences checkLockFile0ErrorCode
2025-09-10 15:56:19,815 [ERROR] LogOutputStream:75 - [STDERR_REDIRECT] WARNING: Could not lock System prefs. Unix error code 2.
2025-09-10 15:56:19,815 [ERROR] LogOutputStream:75 - [STDERR_REDIRECT] 
2025-09-10 15:56:19,816 [ERROR] LogOutputStream:75 - [STDERR_REDIRECT] Sep 10, 2025 3:56:19 PM java.util.prefs.FileSystemPreferences syncWorld
2025-09-10 15:56:19,817 [ERROR] LogOutputStream:75 - [STDERR_REDIRECT] WARNING: Couldn't flush system prefs: java.util.prefs.BackingStoreException: Couldn't get file lock.
2025-09-10 15:56:19,817 [ERROR] LogOutputStream:75 - [STDERR_REDIRECT] 
2025-09-10 15:56:49,815 [ERROR] LogOutputStream:75 - [STDERR_REDIRECT] Sep 10, 2025 3:56:49 PM java.util.prefs.FileSystemPreferences checkLockFile0ErrorCode
2025-09-10 15:56:49,816 [ERROR] LogOutputStream:75 - [STDERR_REDIRECT] WARNING: Could not lock System prefs. Unix error code 2.
2025-09-10 15:56:49,816 [ERROR] LogOutputStream:75 - [STDERR_REDIRECT] 
2025-09-10 15:56:49,817 [ERROR] LogOutputStream:75 - [STDERR_REDIRECT] Sep 10, 2025 3:56:49 PM java.util.prefs.FileSystemPreferences syncWorld
2025-09-10 15:56:49,817 [ERROR] LogOutputStream:75 - [STDERR_REDIRECT] WARNING: Couldn't flush system prefs: java.util.prefs.BackingStoreException: Couldn't get file lock.
2025-09-10 15:56:49,818 [ERROR] LogOutputStream:75 - [STDERR_REDIRECT] 
2025-09-10 15:57:19,814 [ERROR] LogOutputStream:75 - [STDERR_REDIRECT] Sep 10, 2025 3:57:19 PM java.util.prefs.FileSystemPreferences checkLockFile0ErrorCode
2025-09-10 15:57:19,814 [ERROR] LogOutputStream:75 - [STDERR_REDIRECT] WARNING: Could not lock System prefs. Unix error code 2.
2025-09-10 15:57:19,814 [ERROR] LogOutputStream:75 - [STDERR_REDIRECT] 
2025-09-10 15:57:19,815 [ERROR] LogOutputStream:75 - [STDERR_REDIRECT] Sep 10, 2025 3:57:19 PM java.util.prefs.FileSystemPreferences syncWorld
2025-09-10 15:57:19,816 [ERROR] LogOutputStream:75 - [STDERR_REDIRECT] WARNING: Couldn't flush system prefs: java.util.prefs.BackingStoreException: Couldn't get file lock.
2025-09-10 15:57:19,816 [ERROR] LogOutputStream:75 - [STDERR_REDIRECT] 
2025-09-10 15:57:49,814 [ERROR] LogOutputStream:75 - [STDERR_REDIRECT] Sep 10, 2025 3:57:49 PM java.util.prefs.FileSystemPreferences checkLockFile0ErrorCode
2025-09-10 15:57:49,815 [ERROR] LogOutputStream:75 - [STDERR_REDIRECT] WARNING: Could not lock System prefs. Unix error code 2.
2025-09-10 15:57:49,815 [ERROR] LogOutputStream:75 - [STDERR_REDIRECT] 
2025-09-10 15:57:49,815 [ERROR] LogOutputStream:75 - [STDERR_REDIRECT] Sep 10, 2025 3:57:49 PM java.util.prefs.FileSystemPreferences syncWorld
2025-09-10 15:57:49,816 [ERROR] LogOutputStream:75 - [STDERR_REDIRECT] WARNING: Couldn't flush system prefs: java.util.prefs.BackingStoreException: Couldn't get file lock.
2025-09-10 15:57:49,816 [ERROR] LogOutputStream:75 - [STDERR_REDIRECT] 
2025-09-10 15:58:19,816 [ERROR] LogOutputStream:75 - [STDERR_REDIRECT] Sep 10, 2025 3:58:19 PM java.util.prefs.FileSystemPreferences checkLockFile0ErrorCode
2025-09-10 15:58:19,817 [ERROR] LogOutputStream:75 - [STDERR_REDIRECT] WARNING: Could not lock System prefs. Unix error code 2.
2025-09-10 15:58:19,817 [ERROR] LogOutputStream:75 - [STDERR_REDIRECT] 
2025-09-10 15:58:19,818 [ERROR] LogOutputStream:75 - [STDERR_REDIRECT] Sep 10, 2025 3:58:19 PM java.util.prefs.FileSystemPreferences syncWorld
2025-09-10 15:58:19,818 [ERROR] LogOutputStream:75 - [STDERR_REDIRECT] WARNING: Couldn't flush system prefs: java.util.prefs.BackingStoreException: Couldn't get file lock.
2025-09-10 15:58:19,819 [ERROR] LogOutputStream:75 - [STDERR_REDIRECT] 
2025-09-10 15:58:49,823 [ERROR] LogOutputStream:75 - [STDERR_REDIRECT] Sep 10, 2025 3:58:49 PM java.util.prefs.FileSystemPreferences checkLockFile0ErrorCode
2025-09-10 15:58:49,824 [ERROR] LogOutputStream:75 - [STDERR_REDIRECT] WARNING: Could not lock System prefs. Unix error code 2.
2025-09-10 15:58:49,824 [ERROR] LogOutputStream:75 - [STDERR_REDIRECT] 
2025-09-10 15:58:49,825 [ERROR] LogOutputStream:75 - [STDERR_REDIRECT] Sep 10, 2025 3:58:49 PM java.util.prefs.FileSystemPreferences syncWorld
2025-09-10 15:58:49,825 [ERROR] LogOutputStream:75 - [STDERR_REDIRECT] WARNING: Couldn't flush system prefs: java.util.prefs.BackingStoreException: Couldn't get file lock.
2025-09-10 15:58:49,826 [ERROR] LogOutputStream:75 - [STDERR_REDIRECT] 
2025-09-10 15:59:19,815 [ERROR] LogOutputStream:75 - [STDERR_REDIRECT] Sep 10, 2025 3:59:19 PM java.util.prefs.FileSystemPreferences checkLockFile0ErrorCode
2025-09-10 15:59:19,816 [ERROR] LogOutputStream:75 - [STDERR_REDIRECT] WARNING: Could not lock System prefs. Unix error code 2.
2025-09-10 15:59:19,816 [ERROR] LogOutputStream:75 - [STDERR_REDIRECT] 
2025-09-10 15:59:19,817 [ERROR] LogOutputStream:75 - [STDERR_REDIRECT] Sep 10, 2025 3:59:19 PM java.util.prefs.FileSystemPreferences syncWorld
2025-09-10 15:59:19,817 [ERROR] LogOutputStream:75 - [STDERR_REDIRECT] WARNING: Couldn't flush system prefs: java.util.prefs.BackingStoreException: Couldn't get file lock.
2025-09-10 15:59:19,817 [ERROR] LogOutputStream:75 - [STDERR_REDIRECT] 
2025-09-10 15:59:49,815 [ERROR] LogOutputStream:75 - [STDERR_REDIRECT] Sep 10, 2025 3:59:49 PM java.util.prefs.FileSystemPreferences checkLockFile0ErrorCode
2025-09-10 15:59:49,815 [ERROR] LogOutputStream:75 - [STDERR_REDIRECT] WARNING: Could not lock System prefs. Unix error code 2.
2025-09-10 15:59:49,816 [ERROR] LogOutputStream:75 - [STDERR_REDIRECT] 
2025-09-10 15:59:49,816 [ERROR] LogOutputStream:75 - [STDERR_REDIRECT] Sep 10, 2025 3:59:49 PM java.util.prefs.FileSystemPreferences syncWorld
2025-09-10 15:59:49,817 [ERROR] LogOutputStream:75 - [STDERR_REDIRECT] WARNING: Couldn't flush system prefs: java.util.prefs.BackingStoreException: Couldn't get file lock.
2025-09-10 15:59:49,817 [ERROR] LogOutputStream:75 - [STDERR_REDIRECT] 
2025-09-10 16:00:19,816 [ERROR] LogOutputStream:75 - [STDERR_REDIRECT] Sep 10, 2025 4:00:19 PM java.util.prefs.FileSystemPreferences checkLockFile0ErrorCode
2025-09-10 16:00:19,817 [ERROR] LogOutputStream:75 - [STDERR_REDIRECT] WARNING: Could not lock System prefs. Unix error code 2.
2025-09-10 16:00:19,817 [ERROR] LogOutputStream:75 - [STDERR_REDIRECT] 
2025-09-10 16:00:19,818 [ERROR] LogOutputStream:75 - [STDERR_REDIRECT] Sep 10, 2025 4:00:19 PM java.util.prefs.FileSystemPreferences syncWorld
2025-09-10 16:00:19,819 [ERROR] LogOutputStream:75 - [STDERR_REDIRECT] WARNING: Couldn't flush system prefs: java.util.prefs.BackingStoreException: Couldn't get file lock.
2025-09-10 16:00:19,819 [ERROR] LogOutputStream:75 - [STDERR_REDIRECT] 
2025-09-10 16:00:49,816 [ERROR] LogOutputStream:75 - [STDERR_REDIRECT] Sep 10, 2025 4:00:49 PM java.util.prefs.FileSystemPreferences checkLockFile0ErrorCode
2025-09-10 16:00:49,817 [ERROR] LogOutputStream:75 - [STDERR_REDIRECT] WARNING: Could not lock System prefs. Unix error code 2.
2025-09-10 16:00:49,817 [ERROR] LogOutputStream:75 - [STDERR_REDIRECT] 
2025-09-10 16:00:49,817 [ERROR] LogOutputStream:75 - [STDERR_REDIRECT] Sep 10, 2025 4:00:49 PM java.util.prefs.FileSystemPreferences syncWorld
2025-09-10 16:00:49,818 [ERROR] LogOutputStream:75 - [STDERR_REDIRECT] WARNING: Couldn't flush system prefs: java.util.prefs.BackingStoreException: Couldn't get file lock.
2025-09-10 16:00:49,818 [ERROR] LogOutputStream:75 - [STDERR_REDIRECT] 
2025-09-10 16:01:19,816 [ERROR] LogOutputStream:75 - [STDERR_REDIRECT] Sep 10, 2025 4:01:19 PM java.util.prefs.FileSystemPreferences checkLockFile0ErrorCode
2025-09-10 16:01:19,816 [ERROR] LogOutputStream:75 - [STDERR_REDIRECT] WARNING: Could not lock System prefs. Unix error code 2.
2025-09-10 16:01:19,816 [ERROR] LogOutputStream:75 - [STDERR_REDIRECT] 
2025-09-10 16:01:19,817 [ERROR] LogOutputStream:75 - [STDERR_REDIRECT] Sep 10, 2025 4:01:19 PM java.util.prefs.FileSystemPreferences syncWorld
2025-09-10 16:01:19,817 [ERROR] LogOutputStream:75 - [STDERR_REDIRECT] WARNING: Couldn't flush system prefs: java.util.prefs.BackingStoreException: Couldn't get file lock.
2025-09-10 16:01:19,817 [ERROR] LogOutputStream:75 - [STDERR_REDIRECT] 
2025-09-10 16:01:49,816 [ERROR] LogOutputStream:75 - [STDERR_REDIRECT] Sep 10, 2025 4:01:49 PM java.util.prefs.FileSystemPreferences checkLockFile0ErrorCode
2025-09-10 16:01:49,817 [ERROR] LogOutputStream:75 - [STDERR_REDIRECT] WARNING: Could not lock System prefs. Unix error code 2.
2025-09-10 16:01:49,817 [ERROR] LogOutputStream:75 - [STDERR_REDIRECT] 
2025-09-10 16:01:49,818 [ERROR] LogOutputStream:75 - [STDERR_REDIRECT] Sep 10, 2025 4:01:49 PM java.util.prefs.FileSystemPreferences syncWorld
2025-09-10 16:01:49,818 [ERROR] LogOutputStream:75 - [STDERR_REDIRECT] WARNING: Couldn't flush system prefs: java.util.prefs.BackingStoreException: Couldn't get file lock.
2025-09-10 16:01:49,818 [ERROR] LogOutputStream:75 - [STDERR_REDIRECT] 
2025-09-10 16:02:19,820 [ERROR] LogOutputStream:75 - [STDERR_REDIRECT] Sep 10, 2025 4:02:19 PM java.util.prefs.FileSystemPreferences checkLockFile0ErrorCode
2025-09-10 16:02:19,821 [ERROR] LogOutputStream:75 - [STDERR_REDIRECT] WARNING: Could not lock System prefs. Unix error code 2.
2025-09-10 16:02:19,821 [ERROR] LogOutputStream:75 - [STDERR_REDIRECT] 
2025-09-10 16:02:19,822 [ERROR] LogOutputStream:75 - [STDERR_REDIRECT] Sep 10, 2025 4:02:19 PM java.util.prefs.FileSystemPreferences syncWorld
2025-09-10 16:02:19,823 [ERROR] LogOutputStream:75 - [STDERR_REDIRECT] WARNING: Couldn't flush system prefs: java.util.prefs.BackingStoreException: Couldn't get file lock.
2025-09-10 16:02:19,823 [ERROR] LogOutputStream:75 - [STDERR_REDIRECT] 
2025-09-10 16:02:49,818 [ERROR] LogOutputStream:75 - [STDERR_REDIRECT] Sep 10, 2025 4:02:49 PM java.util.prefs.FileSystemPreferences checkLockFile0ErrorCode
2025-09-10 16:02:49,818 [ERROR] LogOutputStream:75 - [STDERR_REDIRECT] WARNING: Could not lock System prefs. Unix error code 2.
2025-09-10 16:02:49,818 [ERROR] LogOutputStream:75 - [STDERR_REDIRECT] 
2025-09-10 16:02:49,819 [ERROR] LogOutputStream:75 - [STDERR_REDIRECT] Sep 10, 2025 4:02:49 PM java.util.prefs.FileSystemPreferences syncWorld
2025-09-10 16:02:49,820 [ERROR] LogOutputStream:75 - [STDERR_REDIRECT] WARNING: Couldn't flush system prefs: java.util.prefs.BackingStoreException: Couldn't get file lock.
2025-09-10 16:02:49,820 [ERROR] LogOutputStream:75 - [STDERR_REDIRECT] 
2025-09-10 16:03:19,817 [ERROR] LogOutputStream:75 - [STDERR_REDIRECT] Sep 10, 2025 4:03:19 PM java.util.prefs.FileSystemPreferences checkLockFile0ErrorCode
2025-09-10 16:03:19,818 [ERROR] LogOutputStream:75 - [STDERR_REDIRECT] WARNING: Could not lock System prefs. Unix error code 2.
2025-09-10 16:03:19,818 [ERROR] LogOutputStream:75 - [STDERR_REDIRECT] 
2025-09-10 16:03:19,819 [ERROR] LogOutputStream:75 - [STDERR_REDIRECT] Sep 10, 2025 4:03:19 PM java.util.prefs.FileSystemPreferences syncWorld
2025-09-10 16:03:19,819 [ERROR] LogOutputStream:75 - [STDERR_REDIRECT] WARNING: Couldn't flush system prefs: java.util.prefs.BackingStoreException: Couldn't get file lock.
2025-09-10 16:03:19,819 [ERROR] LogOutputStream:75 - [STDERR_REDIRECT] 
2025-09-10 16:03:49,818 [ERROR] LogOutputStream:75 - [STDERR_REDIRECT] Sep 10, 2025 4:03:49 PM java.util.prefs.FileSystemPreferences checkLockFile0ErrorCode
2025-09-10 16:03:49,818 [ERROR] LogOutputStream:75 - [STDERR_REDIRECT] WARNING: Could not lock System prefs. Unix error code 2.
2025-09-10 16:03:49,819 [ERROR] LogOutputStream:75 - [STDERR_REDIRECT] 
2025-09-10 16:03:49,819 [ERROR] LogOutputStream:75 - [STDERR_REDIRECT] Sep 10, 2025 4:03:49 PM java.util.prefs.FileSystemPreferences syncWorld
2025-09-10 16:03:49,820 [ERROR] LogOutputStream:75 - [STDERR_REDIRECT] WARNING: Couldn't flush system prefs: java.util.prefs.BackingStoreException: Couldn't get file lock.
2025-09-10 16:03:49,820 [ERROR] LogOutputStream:75 - [STDERR_REDIRECT] 
2025-09-10 16:04:19,819 [ERROR] LogOutputStream:75 - [STDERR_REDIRECT] Sep 10, 2025 4:04:19 PM java.util.prefs.FileSystemPreferences checkLockFile0ErrorCode
2025-09-10 16:04:19,819 [ERROR] LogOutputStream:75 - [STDERR_REDIRECT] WARNING: Could not lock System prefs. Unix error code 2.
2025-09-10 16:04:19,820 [ERROR] LogOutputStream:75 - [STDERR_REDIRECT] 
2025-09-10 16:04:19,820 [ERROR] LogOutputStream:75 - [STDERR_REDIRECT] Sep 10, 2025 4:04:19 PM java.util.prefs.FileSystemPreferences syncWorld
2025-09-10 16:04:19,821 [ERROR] LogOutputStream:75 - [STDERR_REDIRECT] WARNING: Couldn't flush system prefs: java.util.prefs.BackingStoreException: Couldn't get file lock.
2025-09-10 16:04:19,821 [ERROR] LogOutputStream:75 - [STDERR_REDIRECT] 
2025-09-10 16:04:49,818 [ERROR] LogOutputStream:75 - [STDERR_REDIRECT] Sep 10, 2025 4:04:49 PM java.util.prefs.FileSystemPreferences checkLockFile0ErrorCode
2025-09-10 16:04:49,819 [ERROR] LogOutputStream:75 - [STDERR_REDIRECT] WARNING: Could not lock System prefs. Unix error code 2.
2025-09-10 16:04:49,819 [ERROR] LogOutputStream:75 - [STDERR_REDIRECT] 
2025-09-10 16:04:49,819 [ERROR] LogOutputStream:75 - [STDERR_REDIRECT] Sep 10, 2025 4:04:49 PM java.util.prefs.FileSystemPreferences syncWorld
2025-09-10 16:04:49,820 [ERROR] LogOutputStream:75 - [STDERR_REDIRECT] WARNING: Couldn't flush system prefs: java.util.prefs.BackingStoreException: Couldn't get file lock.
2025-09-10 16:04:49,820 [ERROR] LogOutputStream:75 - [STDERR_REDIRECT] 
2025-09-10 16:05:19,819 [ERROR] LogOutputStream:75 - [STDERR_REDIRECT] Sep 10, 2025 4:05:19 PM java.util.prefs.FileSystemPreferences checkLockFile0ErrorCode
2025-09-10 16:05:19,819 [ERROR] LogOutputStream:75 - [STDERR_REDIRECT] WARNING: Could not lock System prefs. Unix error code 2.
2025-09-10 16:05:19,819 [ERROR] LogOutputStream:75 - [STDERR_REDIRECT] 
2025-09-10 16:05:19,820 [ERROR] LogOutputStream:75 - [STDERR_REDIRECT] Sep 10, 2025 4:05:19 PM java.util.prefs.FileSystemPreferences syncWorld
2025-09-10 16:05:19,821 [ERROR] LogOutputStream:75 - [STDERR_REDIRECT] WARNING: Couldn't flush system prefs: java.util.prefs.BackingStoreException: Couldn't get file lock.
2025-09-10 16:05:19,821 [ERROR] LogOutputStream:75 - [STDERR_REDIRECT] 
2025-09-10 16:05:49,817 [ERROR] LogOutputStream:75 - [STDERR_REDIRECT] Sep 10, 2025 4:05:49 PM java.util.prefs.FileSystemPreferences checkLockFile0ErrorCode
2025-09-10 16:05:49,818 [ERROR] LogOutputStream:75 - [STDERR_REDIRECT] WARNING: Could not lock System prefs. Unix error code 2.
2025-09-10 16:05:49,818 [ERROR] LogOutputStream:75 - [STDERR_REDIRECT] 
2025-09-10 16:05:49,819 [ERROR] LogOutputStream:75 - [STDERR_REDIRECT] Sep 10, 2025 4:05:49 PM java.util.prefs.FileSystemPreferences syncWorld
2025-09-10 16:05:49,820 [ERROR] LogOutputStream:75 - [STDERR_REDIRECT] WARNING: Couldn't flush system prefs: java.util.prefs.BackingStoreException: Couldn't get file lock.
2025-09-10 16:05:49,820 [ERROR] LogOutputStream:75 - [STDERR_REDIRECT] 
2025-09-10 16:06:19,819 [ERROR] LogOutputStream:75 - [STDERR_REDIRECT] Sep 10, 2025 4:06:19 PM java.util.prefs.FileSystemPreferences checkLockFile0ErrorCode
2025-09-10 16:06:19,820 [ERROR] LogOutputStream:75 - [STDERR_REDIRECT] WARNING: Could not lock System prefs. Unix error code 2.
2025-09-10 16:06:19,820 [ERROR] LogOutputStream:75 - [STDERR_REDIRECT] 
2025-09-10 16:06:19,821 [ERROR] LogOutputStream:75 - [STDERR_REDIRECT] Sep 10, 2025 4:06:19 PM java.util.prefs.FileSystemPreferences syncWorld
2025-09-10 16:06:19,821 [ERROR] LogOutputStream:75 - [STDERR_REDIRECT] WARNING: Couldn't flush system prefs: java.util.prefs.BackingStoreException: Couldn't get file lock.
2025-09-10 16:06:19,821 [ERROR] LogOutputStream:75 - [STDERR_REDIRECT] 
2025-09-10 16:06:49,817 [ERROR] LogOutputStream:75 - [STDERR_REDIRECT] Sep 10, 2025 4:06:49 PM java.util.prefs.FileSystemPreferences checkLockFile0ErrorCode
2025-09-10 16:06:49,818 [ERROR] LogOutputStream:75 - [STDERR_REDIRECT] WARNING: Could not lock System prefs. Unix error code 2.
2025-09-10 16:06:49,818 [ERROR] LogOutputStream:75 - [STDERR_REDIRECT] 
2025-09-10 16:06:49,818 [ERROR] LogOutputStream:75 - [STDERR_REDIRECT] Sep 10, 2025 4:06:49 PM java.util.prefs.FileSystemPreferences syncWorld
2025-09-10 16:06:49,819 [ERROR] LogOutputStream:75 - [STDERR_REDIRECT] WARNING: Couldn't flush system prefs: java.util.prefs.BackingStoreException: Couldn't get file lock.
2025-09-10 16:06:49,819 [ERROR] LogOutputStream:75 - [STDERR_REDIRECT] 
2025-09-10 16:07:19,818 [ERROR] LogOutputStream:75 - [STDERR_REDIRECT] Sep 10, 2025 4:07:19 PM java.util.prefs.FileSystemPreferences checkLockFile0ErrorCode
2025-09-10 16:07:19,818 [ERROR] LogOutputStream:75 - [STDERR_REDIRECT] WARNING: Could not lock System prefs. Unix error code 2.
2025-09-10 16:07:19,819 [ERROR] LogOutputStream:75 - [STDERR_REDIRECT] 
2025-09-10 16:07:19,819 [ERROR] LogOutputStream:75 - [STDERR_REDIRECT] Sep 10, 2025 4:07:19 PM java.util.prefs.FileSystemPreferences syncWorld
2025-09-10 16:07:19,820 [ERROR] LogOutputStream:75 - [STDERR_REDIRECT] WARNING: Couldn't flush system prefs: java.util.prefs.BackingStoreException: Couldn't get file lock.
2025-09-10 16:07:19,820 [ERROR] LogOutputStream:75 - [STDERR_REDIRECT] 
2025-09-10 16:07:49,820 [ERROR] LogOutputStream:75 - [STDERR_REDIRECT] Sep 10, 2025 4:07:49 PM java.util.prefs.FileSystemPreferences checkLockFile0ErrorCode
2025-09-10 16:07:49,821 [ERROR] LogOutputStream:75 - [STDERR_REDIRECT] WARNING: Could not lock System prefs. Unix error code 2.
2025-09-10 16:07:49,821 [ERROR] LogOutputStream:75 - [STDERR_REDIRECT] 
2025-09-10 16:07:49,821 [ERROR] LogOutputStream:75 - [STDERR_REDIRECT] Sep 10, 2025 4:07:49 PM java.util.prefs.FileSystemPreferences syncWorld
2025-09-10 16:07:49,822 [ERROR] LogOutputStream:75 - [STDERR_REDIRECT] WARNING: Couldn't flush system prefs: java.util.prefs.BackingStoreException: Couldn't get file lock.
2025-09-10 16:07:49,822 [ERROR] LogOutputStream:75 - [STDERR_REDIRECT] 
2025-09-10 16:08:19,818 [ERROR] LogOutputStream:75 - [STDERR_REDIRECT] Sep 10, 2025 4:08:19 PM java.util.prefs.FileSystemPreferences checkLockFile0ErrorCode
2025-09-10 16:08:19,819 [ERROR] LogOutputStream:75 - [STDERR_REDIRECT] WARNING: Could not lock System prefs. Unix error code 2.
2025-09-10 16:08:19,819 [ERROR] LogOutputStream:75 - [STDERR_REDIRECT] 
2025-09-10 16:08:19,820 [ERROR] LogOutputStream:75 - [STDERR_REDIRECT] Sep 10, 2025 4:08:19 PM java.util.prefs.FileSystemPreferences syncWorld
2025-09-10 16:08:19,821 [ERROR] LogOutputStream:75 - [STDERR_REDIRECT] WARNING: Couldn't flush system prefs: java.util.prefs.BackingStoreException: Couldn't get file lock.
2025-09-10 16:08:19,821 [ERROR] LogOutputStream:75 - [STDERR_REDIRECT] 
2025-09-10 16:08:49,818 [ERROR] LogOutputStream:75 - [STDERR_REDIRECT] Sep 10, 2025 4:08:49 PM java.util.prefs.FileSystemPreferences checkLockFile0ErrorCode
2025-09-10 16:08:49,819 [ERROR] LogOutputStream:75 - [STDERR_REDIRECT] WARNING: Could not lock System prefs. Unix error code 2.
2025-09-10 16:08:49,819 [ERROR] LogOutputStream:75 - [STDERR_REDIRECT] 
2025-09-10 16:08:49,820 [ERROR] LogOutputStream:75 - [STDERR_REDIRECT] Sep 10, 2025 4:08:49 PM java.util.prefs.FileSystemPreferences syncWorld
2025-09-10 16:08:49,820 [ERROR] LogOutputStream:75 - [STDERR_REDIRECT] WARNING: Couldn't flush system prefs: java.util.prefs.BackingStoreException: Couldn't get file lock.
2025-09-10 16:08:49,820 [ERROR] LogOutputStream:75 - [STDERR_REDIRECT] 
2025-09-10 16:09:19,819 [ERROR] LogOutputStream:75 - [STDERR_REDIRECT] Sep 10, 2025 4:09:19 PM java.util.prefs.FileSystemPreferences checkLockFile0ErrorCode
2025-09-10 16:09:19,820 [ERROR] LogOutputStream:75 - [STDERR_REDIRECT] WARNING: Could not lock System prefs. Unix error code 2.
2025-09-10 16:09:19,820 [ERROR] LogOutputStream:75 - [STDERR_REDIRECT] 
2025-09-10 16:09:19,820 [ERROR] LogOutputStream:75 - [STDERR_REDIRECT] Sep 10, 2025 4:09:19 PM java.util.prefs.FileSystemPreferences syncWorld
2025-09-10 16:09:19,821 [ERROR] LogOutputStream:75 - [STDERR_REDIRECT] WARNING: Couldn't flush system prefs: java.util.prefs.BackingStoreException: Couldn't get file lock.
2025-09-10 16:09:19,821 [ERROR] LogOutputStream:75 - [STDERR_REDIRECT] 
2025-09-10 16:09:49,818 [ERROR] LogOutputStream:75 - [STDERR_REDIRECT] Sep 10, 2025 4:09:49 PM java.util.prefs.FileSystemPreferences checkLockFile0ErrorCode
2025-09-10 16:09:49,819 [ERROR] LogOutputStream:75 - [STDERR_REDIRECT] WARNING: Could not lock System prefs. Unix error code 2.
2025-09-10 16:09:49,819 [ERROR] LogOutputStream:75 - [STDERR_REDIRECT] 
2025-09-10 16:09:49,820 [ERROR] LogOutputStream:75 - [STDERR_REDIRECT] Sep 10, 2025 4:09:49 PM java.util.prefs.FileSystemPreferences syncWorld
2025-09-10 16:09:49,821 [ERROR] LogOutputStream:75 - [STDERR_REDIRECT] WARNING: Couldn't flush system prefs: java.util.prefs.BackingStoreException: Couldn't get file lock.
2025-09-10 16:09:49,821 [ERROR] LogOutputStream:75 - [STDERR_REDIRECT] 
2025-09-10 16:10:19,819 [ERROR] LogOutputStream:75 - [STDERR_REDIRECT] Sep 10, 2025 4:10:19 PM java.util.prefs.FileSystemPreferences checkLockFile0ErrorCode
2025-09-10 16:10:19,820 [ERROR] LogOutputStream:75 - [STDERR_REDIRECT] WARNING: Could not lock System prefs. Unix error code 2.
2025-09-10 16:10:19,820 [ERROR] LogOutputStream:75 - [STDERR_REDIRECT] 
2025-09-10 16:10:19,821 [ERROR] LogOutputStream:75 - [STDERR_REDIRECT] Sep 10, 2025 4:10:19 PM java.util.prefs.FileSystemPreferences syncWorld
2025-09-10 16:10:19,822 [ERROR] LogOutputStream:75 - [STDERR_REDIRECT] WARNING: Couldn't flush system prefs: java.util.prefs.BackingStoreException: Couldn't get file lock.
2025-09-10 16:10:19,822 [ERROR] LogOutputStream:75 - [STDERR_REDIRECT] 
2025-09-10 16:10:49,819 [ERROR] LogOutputStream:75 - [STDERR_REDIRECT] Sep 10, 2025 4:10:49 PM java.util.prefs.FileSystemPreferences checkLockFile0ErrorCode
2025-09-10 16:10:49,820 [ERROR] LogOutputStream:75 - [STDERR_REDIRECT] WARNING: Could not lock System prefs. Unix error code 2.
2025-09-10 16:10:49,820 [ERROR] LogOutputStream:75 - [STDERR_REDIRECT] 
2025-09-10 16:10:49,821 [ERROR] LogOutputStream:75 - [STDERR_REDIRECT] Sep 10, 2025 4:10:49 PM java.util.prefs.FileSystemPreferences syncWorld
2025-09-10 16:10:49,821 [ERROR] LogOutputStream:75 - [STDERR_REDIRECT] WARNING: Couldn't flush system prefs: java.util.prefs.BackingStoreException: Couldn't get file lock.
2025-09-10 16:10:49,821 [ERROR] LogOutputStream:75 - [STDERR_REDIRECT] 
2025-09-10 16:11:19,822 [ERROR] LogOutputStream:75 - [STDERR_REDIRECT] Sep 10, 2025 4:11:19 PM java.util.prefs.FileSystemPreferences checkLockFile0ErrorCode
2025-09-10 16:11:19,822 [ERROR] LogOutputStream:75 - [STDERR_REDIRECT] WARNING: Could not lock System prefs. Unix error code 2.
2025-09-10 16:11:19,823 [ERROR] LogOutputStream:75 - [STDERR_REDIRECT] 
2025-09-10 16:11:19,823 [ERROR] LogOutputStream:75 - [STDERR_REDIRECT] Sep 10, 2025 4:11:19 PM java.util.prefs.FileSystemPreferences syncWorld
2025-09-10 16:11:19,824 [ERROR] LogOutputStream:75 - [STDERR_REDIRECT] WARNING: Couldn't flush system prefs: java.util.prefs.BackingStoreException: Couldn't get file lock.
2025-09-10 16:11:19,824 [ERROR] LogOutputStream:75 - [STDERR_REDIRECT] 
2025-09-10 16:11:49,820 [ERROR] LogOutputStream:75 - [STDERR_REDIRECT] Sep 10, 2025 4:11:49 PM java.util.prefs.FileSystemPreferences checkLockFile0ErrorCode
2025-09-10 16:11:49,820 [ERROR] LogOutputStream:75 - [STDERR_REDIRECT] WARNING: Could not lock System prefs. Unix error code 2.
2025-09-10 16:11:49,820 [ERROR] LogOutputStream:75 - [STDERR_REDIRECT] 
2025-09-10 16:11:49,821 [ERROR] LogOutputStream:75 - [STDERR_REDIRECT] Sep 10, 2025 4:11:49 PM java.util.prefs.FileSystemPreferences syncWorld
2025-09-10 16:11:49,822 [ERROR] LogOutputStream:75 - [STDERR_REDIRECT] WARNING: Couldn't flush system prefs: java.util.prefs.BackingStoreException: Couldn't get file lock.
2025-09-10 16:11:49,822 [ERROR] LogOutputStream:75 - [STDERR_REDIRECT] 
2025-09-10 16:12:19,819 [ERROR] LogOutputStream:75 - [STDERR_REDIRECT] Sep 10, 2025 4:12:19 PM java.util.prefs.FileSystemPreferences checkLockFile0ErrorCode
2025-09-10 16:12:19,819 [ERROR] LogOutputStream:75 - [STDERR_REDIRECT] WARNING: Could not lock System prefs. Unix error code 2.
2025-09-10 16:12:19,820 [ERROR] LogOutputStream:75 - [STDERR_REDIRECT] 
2025-09-10 16:12:19,820 [ERROR] LogOutputStream:75 - [STDERR_REDIRECT] Sep 10, 2025 4:12:19 PM java.util.prefs.FileSystemPreferences syncWorld
2025-09-10 16:12:19,821 [ERROR] LogOutputStream:75 - [STDERR_REDIRECT] WARNING: Couldn't flush system prefs: java.util.prefs.BackingStoreException: Couldn't get file lock.
2025-09-10 16:12:19,821 [ERROR] LogOutputStream:75 - [STDERR_REDIRECT] 
2025-09-10 16:12:49,819 [ERROR] LogOutputStream:75 - [STDERR_REDIRECT] Sep 10, 2025 4:12:49 PM java.util.prefs.FileSystemPreferences checkLockFile0ErrorCode
2025-09-10 16:12:49,819 [ERROR] LogOutputStream:75 - [STDERR_REDIRECT] WARNING: Could not lock System prefs. Unix error code 2.
2025-09-10 16:12:49,819 [ERROR] LogOutputStream:75 - [STDERR_REDIRECT] 
2025-09-10 16:12:49,820 [ERROR] LogOutputStream:75 - [STDERR_REDIRECT] Sep 10, 2025 4:12:49 PM java.util.prefs.FileSystemPreferences syncWorld
2025-09-10 16:12:49,821 [ERROR] LogOutputStream:75 - [STDERR_REDIRECT] WARNING: Couldn't flush system prefs: java.util.prefs.BackingStoreException: Couldn't get file lock.
2025-09-10 16:12:49,821 [ERROR] LogOutputStream:75 - [STDERR_REDIRECT] 
2025-09-10 16:13:19,820 [ERROR] LogOutputStream:75 - [STDERR_REDIRECT] Sep 10, 2025 4:13:19 PM java.util.prefs.FileSystemPreferences checkLockFile0ErrorCode
2025-09-10 16:13:19,820 [ERROR] LogOutputStream:75 - [STDERR_REDIRECT] WARNING: Could not lock System prefs. Unix error code 2.
2025-09-10 16:13:19,820 [ERROR] LogOutputStream:75 - [STDERR_REDIRECT] 
2025-09-10 16:13:19,821 [ERROR] LogOutputStream:75 - [STDERR_REDIRECT] Sep 10, 2025 4:13:19 PM java.util.prefs.FileSystemPreferences syncWorld
2025-09-10 16:13:19,821 [ERROR] LogOutputStream:75 - [STDERR_REDIRECT] WARNING: Couldn't flush system prefs: java.util.prefs.BackingStoreException: Couldn't get file lock.
2025-09-10 16:13:19,822 [ERROR] LogOutputStream:75 - [STDERR_REDIRECT] 
2025-09-10 16:13:49,819 [ERROR] LogOutputStream:75 - [STDERR_REDIRECT] Sep 10, 2025 4:13:49 PM java.util.prefs.FileSystemPreferences checkLockFile0ErrorCode
2025-09-10 16:13:49,820 [ERROR] LogOutputStream:75 - [STDERR_REDIRECT] WARNING: Could not lock System prefs. Unix error code 2.
2025-09-10 16:13:49,820 [ERROR] LogOutputStream:75 - [STDERR_REDIRECT] 
2025-09-10 16:13:49,820 [ERROR] LogOutputStream:75 - [STDERR_REDIRECT] Sep 10, 2025 4:13:49 PM java.util.prefs.FileSystemPreferences syncWorld
2025-09-10 16:13:49,821 [ERROR] LogOutputStream:75 - [STDERR_REDIRECT] WARNING: Couldn't flush system prefs: java.util.prefs.BackingStoreException: Couldn't get file lock.
2025-09-10 16:13:49,821 [ERROR] LogOutputStream:75 - [STDERR_REDIRECT] 
2025-09-10 16:14:19,819 [ERROR] LogOutputStream:75 - [STDERR_REDIRECT] Sep 10, 2025 4:14:19 PM java.util.prefs.FileSystemPreferences checkLockFile0ErrorCode
2025-09-10 16:14:19,819 [ERROR] LogOutputStream:75 - [STDERR_REDIRECT] WARNING: Could not lock System prefs. Unix error code 2.
2025-09-10 16:14:19,819 [ERROR] LogOutputStream:75 - [STDERR_REDIRECT] 
2025-09-10 16:14:19,820 [ERROR] LogOutputStream:75 - [STDERR_REDIRECT] Sep 10, 2025 4:14:19 PM java.util.prefs.FileSystemPreferences syncWorld
2025-09-10 16:14:19,820 [ERROR] LogOutputStream:75 - [STDERR_REDIRECT] WARNING: Couldn't flush system prefs: java.util.prefs.BackingStoreException: Couldn't get file lock.
2025-09-10 16:14:19,820 [ERROR] LogOutputStream:75 - [STDERR_REDIRECT] 
2025-09-10 16:14:49,819 [ERROR] LogOutputStream:75 - [STDERR_REDIRECT] Sep 10, 2025 4:14:49 PM java.util.prefs.FileSystemPreferences checkLockFile0ErrorCode
2025-09-10 16:14:49,820 [ERROR] LogOutputStream:75 - [STDERR_REDIRECT] WARNING: Could not lock System prefs. Unix error code 2.
2025-09-10 16:14:49,820 [ERROR] LogOutputStream:75 - [STDERR_REDIRECT] 
2025-09-10 16:14:49,820 [ERROR] LogOutputStream:75 - [STDERR_REDIRECT] Sep 10, 2025 4:14:49 PM java.util.prefs.FileSystemPreferences syncWorld
2025-09-10 16:14:49,821 [ERROR] LogOutputStream:75 - [STDERR_REDIRECT] WARNING: Couldn't flush system prefs: java.util.prefs.BackingStoreException: Couldn't get file lock.
2025-09-10 16:14:49,821 [ERROR] LogOutputStream:75 - [STDERR_REDIRECT] 
2025-09-10 16:15:19,820 [ERROR] LogOutputStream:75 - [STDERR_REDIRECT] Sep 10, 2025 4:15:19 PM java.util.prefs.FileSystemPreferences checkLockFile0ErrorCode
2025-09-10 16:15:19,820 [ERROR] LogOutputStream:75 - [STDERR_REDIRECT] WARNING: Could not lock System prefs. Unix error code 2.
2025-09-10 16:15:19,820 [ERROR] LogOutputStream:75 - [STDERR_REDIRECT] 
2025-09-10 16:15:19,821 [ERROR] LogOutputStream:75 - [STDERR_REDIRECT] Sep 10, 2025 4:15:19 PM java.util.prefs.FileSystemPreferences syncWorld
2025-09-10 16:15:19,822 [ERROR] LogOutputStream:75 - [STDERR_REDIRECT] WARNING: Couldn't flush system prefs: java.util.prefs.BackingStoreException: Couldn't get file lock.
2025-09-10 16:15:19,822 [ERROR] LogOutputStream:75 - [STDERR_REDIRECT] 
2025-09-10 16:15:49,819 [ERROR] LogOutputStream:75 - [STDERR_REDIRECT] Sep 10, 2025 4:15:49 PM java.util.prefs.FileSystemPreferences checkLockFile0ErrorCode
2025-09-10 16:15:49,820 [ERROR] LogOutputStream:75 - [STDERR_REDIRECT] WARNING: Could not lock System prefs. Unix error code 2.
2025-09-10 16:15:49,820 [ERROR] LogOutputStream:75 - [STDERR_REDIRECT] 
2025-09-10 16:15:49,821 [ERROR] LogOutputStream:75 - [STDERR_REDIRECT] Sep 10, 2025 4:15:49 PM java.util.prefs.FileSystemPreferences syncWorld
2025-09-10 16:15:49,821 [ERROR] LogOutputStream:75 - [STDERR_REDIRECT] WARNING: Couldn't flush system prefs: java.util.prefs.BackingStoreException: Couldn't get file lock.
2025-09-10 16:15:49,821 [ERROR] LogOutputStream:75 - [STDERR_REDIRECT] 
2025-09-10 16:16:19,819 [ERROR] LogOutputStream:75 - [STDERR_REDIRECT] Sep 10, 2025 4:16:19 PM java.util.prefs.FileSystemPreferences checkLockFile0ErrorCode
2025-09-10 16:16:19,820 [ERROR] LogOutputStream:75 - [STDERR_REDIRECT] WARNING: Could not lock System prefs. Unix error code 2.
2025-09-10 16:16:19,820 [ERROR] LogOutputStream:75 - [STDERR_REDIRECT] 
2025-09-10 16:16:19,821 [ERROR] LogOutputStream:75 - [STDERR_REDIRECT] Sep 10, 2025 4:16:19 PM java.util.prefs.FileSystemPreferences syncWorld
2025-09-10 16:16:19,822 [ERROR] LogOutputStream:75 - [STDERR_REDIRECT] WARNING: Couldn't flush system prefs: java.util.prefs.BackingStoreException: Couldn't get file lock.
2025-09-10 16:16:19,822 [ERROR] LogOutputStream:75 - [STDERR_REDIRECT] 
2025-09-10 16:16:49,819 [ERROR] LogOutputStream:75 - [STDERR_REDIRECT] Sep 10, 2025 4:16:49 PM java.util.prefs.FileSystemPreferences checkLockFile0ErrorCode
2025-09-10 16:16:49,820 [ERROR] LogOutputStream:75 - [STDERR_REDIRECT] WARNING: Could not lock System prefs. Unix error code 2.
2025-09-10 16:16:49,820 [ERROR] LogOutputStream:75 - [STDERR_REDIRECT] 
2025-09-10 16:16:49,820 [ERROR] LogOutputStream:75 - [STDERR_REDIRECT] Sep 10, 2025 4:16:49 PM java.util.prefs.FileSystemPreferences syncWorld
2025-09-10 16:16:49,821 [ERROR] LogOutputStream:75 - [STDERR_REDIRECT] WARNING: Couldn't flush system prefs: java.util.prefs.BackingStoreException: Couldn't get file lock.
2025-09-10 16:16:49,821 [ERROR] LogOutputStream:75 - [STDERR_REDIRECT] 
2025-09-10 16:17:19,819 [ERROR] LogOutputStream:75 - [STDERR_REDIRECT] Sep 10, 2025 4:17:19 PM java.util.prefs.FileSystemPreferences checkLockFile0ErrorCode
2025-09-10 16:17:19,820 [ERROR] LogOutputStream:75 - [STDERR_REDIRECT] WARNING: Could not lock System prefs. Unix error code 2.
2025-09-10 16:17:19,820 [ERROR] LogOutputStream:75 - [STDERR_REDIRECT] 
2025-09-10 16:17:19,821 [ERROR] LogOutputStream:75 - [STDERR_REDIRECT] Sep 10, 2025 4:17:19 PM java.util.prefs.FileSystemPreferences syncWorld
2025-09-10 16:17:19,821 [ERROR] LogOutputStream:75 - [STDERR_REDIRECT] WARNING: Couldn't flush system prefs: java.util.prefs.BackingStoreException: Couldn't get file lock.
2025-09-10 16:17:19,821 [ERROR] LogOutputStream:75 - [STDERR_REDIRECT] 
2025-09-10 16:17:49,819 [ERROR] LogOutputStream:75 - [STDERR_REDIRECT] Sep 10, 2025 4:17:49 PM java.util.prefs.FileSystemPreferences checkLockFile0ErrorCode
2025-09-10 16:17:49,819 [ERROR] LogOutputStream:75 - [STDERR_REDIRECT] WARNING: Could not lock System prefs. Unix error code 2.
2025-09-10 16:17:49,819 [ERROR] LogOutputStream:75 - [STDERR_REDIRECT] 
2025-09-10 16:17:49,820 [ERROR] LogOutputStream:75 - [STDERR_REDIRECT] Sep 10, 2025 4:17:49 PM java.util.prefs.FileSystemPreferences syncWorld
2025-09-10 16:17:49,821 [ERROR] LogOutputStream:75 - [STDERR_REDIRECT] WARNING: Couldn't flush system prefs: java.util.prefs.BackingStoreException: Couldn't get file lock.
2025-09-10 16:17:49,821 [ERROR] LogOutputStream:75 - [STDERR_REDIRECT] 
2025-09-10 16:18:19,818 [ERROR] LogOutputStream:75 - [STDERR_REDIRECT] Sep 10, 2025 4:18:19 PM java.util.prefs.FileSystemPreferences checkLockFile0ErrorCode
2025-09-10 16:18:19,819 [ERROR] LogOutputStream:75 - [STDERR_REDIRECT] WARNING: Could not lock System prefs. Unix error code 2.
2025-09-10 16:18:19,819 [ERROR] LogOutputStream:75 - [STDERR_REDIRECT] 
2025-09-10 16:18:19,819 [ERROR] LogOutputStream:75 - [STDERR_REDIRECT] Sep 10, 2025 4:18:19 PM java.util.prefs.FileSystemPreferences syncWorld
2025-09-10 16:18:19,820 [ERROR] LogOutputStream:75 - [STDERR_REDIRECT] WARNING: Couldn't flush system prefs: java.util.prefs.BackingStoreException: Couldn't get file lock.
2025-09-10 16:18:19,820 [ERROR] LogOutputStream:75 - [STDERR_REDIRECT] 
2025-09-10 16:18:49,820 [ERROR] LogOutputStream:75 - [STDERR_REDIRECT] Sep 10, 2025 4:18:49 PM java.util.prefs.FileSystemPreferences checkLockFile0ErrorCode
2025-09-10 16:18:49,821 [ERROR] LogOutputStream:75 - [STDERR_REDIRECT] WARNING: Could not lock System prefs. Unix error code 2.
2025-09-10 16:18:49,821 [ERROR] LogOutputStream:75 - [STDERR_REDIRECT] 
2025-09-10 16:18:49,822 [ERROR] LogOutputStream:75 - [STDERR_REDIRECT] Sep 10, 2025 4:18:49 PM java.util.prefs.FileSystemPreferences syncWorld
2025-09-10 16:18:49,822 [ERROR] LogOutputStream:75 - [STDERR_REDIRECT] WARNING: Couldn't flush system prefs: java.util.prefs.BackingStoreException: Couldn't get file lock.
2025-09-10 16:18:49,823 [ERROR] LogOutputStream:75 - [STDERR_REDIRECT] 
2025-09-10 16:19:19,818 [ERROR] LogOutputStream:75 - [STDERR_REDIRECT] Sep 10, 2025 4:19:19 PM java.util.prefs.FileSystemPreferences checkLockFile0ErrorCode
2025-09-10 16:19:19,819 [ERROR] LogOutputStream:75 - [STDERR_REDIRECT] WARNING: Could not lock System prefs. Unix error code 2.
2025-09-10 16:19:19,819 [ERROR] LogOutputStream:75 - [STDERR_REDIRECT] 
2025-09-10 16:19:19,819 [ERROR] LogOutputStream:75 - [STDERR_REDIRECT] Sep 10, 2025 4:19:19 PM java.util.prefs.FileSystemPreferences syncWorld
2025-09-10 16:19:19,820 [ERROR] LogOutputStream:75 - [STDERR_REDIRECT] WARNING: Couldn't flush system prefs: java.util.prefs.BackingStoreException: Couldn't get file lock.
2025-09-10 16:19:19,820 [ERROR] LogOutputStream:75 - [STDERR_REDIRECT] 
2025-09-10 16:19:49,821 [ERROR] LogOutputStream:75 - [STDERR_REDIRECT] Sep 10, 2025 4:19:49 PM java.util.prefs.FileSystemPreferences checkLockFile0ErrorCode
2025-09-10 16:19:49,822 [ERROR] LogOutputStream:75 - [STDERR_REDIRECT] WARNING: Could not lock System prefs. Unix error code 2.
2025-09-10 16:19:49,822 [ERROR] LogOutputStream:75 - [STDERR_REDIRECT] 
2025-09-10 16:19:49,823 [ERROR] LogOutputStream:75 - [STDERR_REDIRECT] Sep 10, 2025 4:19:49 PM java.util.prefs.FileSystemPreferences syncWorld
2025-09-10 16:19:49,824 [ERROR] LogOutputStream:75 - [STDERR_REDIRECT] WARNING: Couldn't flush system prefs: java.util.prefs.BackingStoreException: Couldn't get file lock.
2025-09-10 16:19:49,824 [ERROR] LogOutputStream:75 - [STDERR_REDIRECT] 
2025-09-10 16:20:19,819 [ERROR] LogOutputStream:75 - [STDERR_REDIRECT] Sep 10, 2025 4:20:19 PM java.util.prefs.FileSystemPreferences checkLockFile0ErrorCode
2025-09-10 16:20:19,819 [ERROR] LogOutputStream:75 - [STDERR_REDIRECT] WARNING: Could not lock System prefs. Unix error code 2.
2025-09-10 16:20:19,819 [ERROR] LogOutputStream:75 - [STDERR_REDIRECT] 
2025-09-10 16:20:19,820 [ERROR] LogOutputStream:75 - [STDERR_REDIRECT] Sep 10, 2025 4:20:19 PM java.util.prefs.FileSystemPreferences syncWorld
2025-09-10 16:20:19,821 [ERROR] LogOutputStream:75 - [STDERR_REDIRECT] WARNING: Couldn't flush system prefs: java.util.prefs.BackingStoreException: Couldn't get file lock.
2025-09-10 16:20:19,821 [ERROR] LogOutputStream:75 - [STDERR_REDIRECT] 
2025-09-10 16:20:49,819 [ERROR] LogOutputStream:75 - [STDERR_REDIRECT] Sep 10, 2025 4:20:49 PM java.util.prefs.FileSystemPreferences checkLockFile0ErrorCode
2025-09-10 16:20:49,819 [ERROR] LogOutputStream:75 - [STDERR_REDIRECT] WARNING: Could not lock System prefs. Unix error code 2.
2025-09-10 16:20:49,820 [ERROR] LogOutputStream:75 - [STDERR_REDIRECT] 
2025-09-10 16:20:49,820 [ERROR] LogOutputStream:75 - [STDERR_REDIRECT] Sep 10, 2025 4:20:49 PM java.util.prefs.FileSystemPreferences syncWorld
2025-09-10 16:20:49,821 [ERROR] LogOutputStream:75 - [STDERR_REDIRECT] WARNING: Couldn't flush system prefs: java.util.prefs.BackingStoreException: Couldn't get file lock.
2025-09-10 16:20:49,821 [ERROR] LogOutputStream:75 - [STDERR_REDIRECT] 
2025-09-10 16:21:19,820 [ERROR] LogOutputStream:75 - [STDERR_REDIRECT] Sep 10, 2025 4:21:19 PM java.util.prefs.FileSystemPreferences checkLockFile0ErrorCode
2025-09-10 16:21:19,821 [ERROR] LogOutputStream:75 - [STDERR_REDIRECT] WARNING: Could not lock System prefs. Unix error code 2.
2025-09-10 16:21:19,821 [ERROR] LogOutputStream:75 - [STDERR_REDIRECT] 
2025-09-10 16:21:19,822 [ERROR] LogOutputStream:75 - [STDERR_REDIRECT] Sep 10, 2025 4:21:19 PM java.util.prefs.FileSystemPreferences syncWorld
2025-09-10 16:21:19,822 [ERROR] LogOutputStream:75 - [STDERR_REDIRECT] WARNING: Couldn't flush system prefs: java.util.prefs.BackingStoreException: Couldn't get file lock.
2025-09-10 16:21:19,822 [ERROR] LogOutputStream:75 - [STDERR_REDIRECT] 
2025-09-10 16:21:49,820 [ERROR] LogOutputStream:75 - [STDERR_REDIRECT] Sep 10, 2025 4:21:49 PM java.util.prefs.FileSystemPreferences checkLockFile0ErrorCode
2025-09-10 16:21:49,821 [ERROR] LogOutputStream:75 - [STDERR_REDIRECT] WARNING: Could not lock System prefs. Unix error code 2.
2025-09-10 16:21:49,821 [ERROR] LogOutputStream:75 - [STDERR_REDIRECT] 
2025-09-10 16:21:49,822 [ERROR] LogOutputStream:75 - [STDERR_REDIRECT] Sep 10, 2025 4:21:49 PM java.util.prefs.FileSystemPreferences syncWorld
2025-09-10 16:21:49,822 [ERROR] LogOutputStream:75 - [STDERR_REDIRECT] WARNING: Couldn't flush system prefs: java.util.prefs.BackingStoreException: Couldn't get file lock.
2025-09-10 16:21:49,822 [ERROR] LogOutputStream:75 - [STDERR_REDIRECT] 
2025-09-10 16:22:19,821 [ERROR] LogOutputStream:75 - [STDERR_REDIRECT] Sep 10, 2025 4:22:19 PM java.util.prefs.FileSystemPreferences checkLockFile0ErrorCode
2025-09-10 16:22:19,822 [ERROR] LogOutputStream:75 - [STDERR_REDIRECT] WARNING: Could not lock System prefs. Unix error code 2.
2025-09-10 16:22:19,822 [ERROR] LogOutputStream:75 - [STDERR_REDIRECT] 
2025-09-10 16:22:19,823 [ERROR] LogOutputStream:75 - [STDERR_REDIRECT] Sep 10, 2025 4:22:19 PM java.util.prefs.FileSystemPreferences syncWorld
2025-09-10 16:22:19,823 [ERROR] LogOutputStream:75 - [STDERR_REDIRECT] WARNING: Couldn't flush system prefs: java.util.prefs.BackingStoreException: Couldn't get file lock.
2025-09-10 16:22:19,823 [ERROR] LogOutputStream:75 - [STDERR_REDIRECT] 
2025-09-10 16:22:49,821 [ERROR] LogOutputStream:75 - [STDERR_REDIRECT] Sep 10, 2025 4:22:49 PM java.util.prefs.FileSystemPreferences checkLockFile0ErrorCode
2025-09-10 16:22:49,821 [ERROR] LogOutputStream:75 - [STDERR_REDIRECT] WARNING: Could not lock System prefs. Unix error code 2.
2025-09-10 16:22:49,821 [ERROR] LogOutputStream:75 - [STDERR_REDIRECT] 
2025-09-10 16:22:49,822 [ERROR] LogOutputStream:75 - [STDERR_REDIRECT] Sep 10, 2025 4:22:49 PM java.util.prefs.FileSystemPreferences syncWorld
2025-09-10 16:22:49,822 [ERROR] LogOutputStream:75 - [STDERR_REDIRECT] WARNING: Couldn't flush system prefs: java.util.prefs.BackingStoreException: Couldn't get file lock.
2025-09-10 16:22:49,823 [ERROR] LogOutputStream:75 - [STDERR_REDIRECT] 
2025-09-10 16:23:19,821 [ERROR] LogOutputStream:75 - [STDERR_REDIRECT] Sep 10, 2025 4:23:19 PM java.util.prefs.FileSystemPreferences checkLockFile0ErrorCode
2025-09-10 16:23:19,822 [ERROR] LogOutputStream:75 - [STDERR_REDIRECT] WARNING: Could not lock System prefs. Unix error code 2.
2025-09-10 16:23:19,822 [ERROR] LogOutputStream:75 - [STDERR_REDIRECT] 
2025-09-10 16:23:19,823 [ERROR] LogOutputStream:75 - [STDERR_REDIRECT] Sep 10, 2025 4:23:19 PM java.util.prefs.FileSystemPreferences syncWorld
2025-09-10 16:23:19,823 [ERROR] LogOutputStream:75 - [STDERR_REDIRECT] WARNING: Couldn't flush system prefs: java.util.prefs.BackingStoreException: Couldn't get file lock.
2025-09-10 16:23:19,823 [ERROR] LogOutputStream:75 - [STDERR_REDIRECT] 
2025-09-10 16:23:49,822 [ERROR] LogOutputStream:75 - [STDERR_REDIRECT] Sep 10, 2025 4:23:49 PM java.util.prefs.FileSystemPreferences checkLockFile0ErrorCode
2025-09-10 16:23:49,823 [ERROR] LogOutputStream:75 - [STDERR_REDIRECT] WARNING: Could not lock System prefs. Unix error code 2.
2025-09-10 16:23:49,823 [ERROR] LogOutputStream:75 - [STDERR_REDIRECT] 
2025-09-10 16:23:49,824 [ERROR] LogOutputStream:75 - [STDERR_REDIRECT] Sep 10, 2025 4:23:49 PM java.util.prefs.FileSystemPreferences syncWorld
2025-09-10 16:23:49,824 [ERROR] LogOutputStream:75 - [STDERR_REDIRECT] WARNING: Couldn't flush system prefs: java.util.prefs.BackingStoreException: Couldn't get file lock.
2025-09-10 16:23:49,824 [ERROR] LogOutputStream:75 - [STDERR_REDIRECT] 
2025-09-10 16:24:19,823 [ERROR] LogOutputStream:75 - [STDERR_REDIRECT] Sep 10, 2025 4:24:19 PM java.util.prefs.FileSystemPreferences checkLockFile0ErrorCode
2025-09-10 16:24:19,823 [ERROR] LogOutputStream:75 - [STDERR_REDIRECT] WARNING: Could not lock System prefs. Unix error code 2.
2025-09-10 16:24:19,823 [ERROR] LogOutputStream:75 - [STDERR_REDIRECT] 
2025-09-10 16:24:19,824 [ERROR] LogOutputStream:75 - [STDERR_REDIRECT] Sep 10, 2025 4:24:19 PM java.util.prefs.FileSystemPreferences syncWorld
2025-09-10 16:24:19,825 [ERROR] LogOutputStream:75 - [STDERR_REDIRECT] WARNING: Couldn't flush system prefs: java.util.prefs.BackingStoreException: Couldn't get file lock.
2025-09-10 16:24:19,825 [ERROR] LogOutputStream:75 - [STDERR_REDIRECT] 
2025-09-10 16:24:49,823 [ERROR] LogOutputStream:75 - [STDERR_REDIRECT] Sep 10, 2025 4:24:49 PM java.util.prefs.FileSystemPreferences checkLockFile0ErrorCode
2025-09-10 16:24:49,823 [ERROR] LogOutputStream:75 - [STDERR_REDIRECT] WARNING: Could not lock System prefs. Unix error code 2.
2025-09-10 16:24:49,823 [ERROR] LogOutputStream:75 - [STDERR_REDIRECT] 
2025-09-10 16:24:49,824 [ERROR] LogOutputStream:75 - [STDERR_REDIRECT] Sep 10, 2025 4:24:49 PM java.util.prefs.FileSystemPreferences syncWorld
2025-09-10 16:24:49,824 [ERROR] LogOutputStream:75 - [STDERR_REDIRECT] WARNING: Couldn't flush system prefs: java.util.prefs.BackingStoreException: Couldn't get file lock.
2025-09-10 16:24:49,824 [ERROR] LogOutputStream:75 - [STDERR_REDIRECT] 
2025-09-10 16:25:19,823 [ERROR] LogOutputStream:75 - [STDERR_REDIRECT] Sep 10, 2025 4:25:19 PM java.util.prefs.FileSystemPreferences checkLockFile0ErrorCode
2025-09-10 16:25:19,824 [ERROR] LogOutputStream:75 - [STDERR_REDIRECT] WARNING: Could not lock System prefs. Unix error code 2.
2025-09-10 16:25:19,824 [ERROR] LogOutputStream:75 - [STDERR_REDIRECT] 
2025-09-10 16:25:19,824 [ERROR] LogOutputStream:75 - [STDERR_REDIRECT] Sep 10, 2025 4:25:19 PM java.util.prefs.FileSystemPreferences syncWorld
2025-09-10 16:25:19,825 [ERROR] LogOutputStream:75 - [STDERR_REDIRECT] WARNING: Couldn't flush system prefs: java.util.prefs.BackingStoreException: Couldn't get file lock.
2025-09-10 16:25:19,825 [ERROR] LogOutputStream:75 - [STDERR_REDIRECT] 
2025-09-10 16:25:49,824 [ERROR] LogOutputStream:75 - [STDERR_REDIRECT] Sep 10, 2025 4:25:49 PM java.util.prefs.FileSystemPreferences checkLockFile0ErrorCode
2025-09-10 16:25:49,825 [ERROR] LogOutputStream:75 - [STDERR_REDIRECT] WARNING: Could not lock System prefs. Unix error code 2.
2025-09-10 16:25:49,825 [ERROR] LogOutputStream:75 - [STDERR_REDIRECT] 
2025-09-10 16:25:49,825 [ERROR] LogOutputStream:75 - [STDERR_REDIRECT] Sep 10, 2025 4:25:49 PM java.util.prefs.FileSystemPreferences syncWorld
2025-09-10 16:25:49,826 [ERROR] LogOutputStream:75 - [STDERR_REDIRECT] WARNING: Couldn't flush system prefs: java.util.prefs.BackingStoreException: Couldn't get file lock.
2025-09-10 16:25:49,826 [ERROR] LogOutputStream:75 - [STDERR_REDIRECT] 
2025-09-10 16:26:19,823 [ERROR] LogOutputStream:75 - [STDERR_REDIRECT] Sep 10, 2025 4:26:19 PM java.util.prefs.FileSystemPreferences checkLockFile0ErrorCode
2025-09-10 16:26:19,823 [ERROR] LogOutputStream:75 - [STDERR_REDIRECT] WARNING: Could not lock System prefs. Unix error code 2.
2025-09-10 16:26:19,823 [ERROR] LogOutputStream:75 - [STDERR_REDIRECT] 
2025-09-10 16:26:19,824 [ERROR] LogOutputStream:75 - [STDERR_REDIRECT] Sep 10, 2025 4:26:19 PM java.util.prefs.FileSystemPreferences syncWorld
2025-09-10 16:26:19,824 [ERROR] LogOutputStream:75 - [STDERR_REDIRECT] WARNING: Couldn't flush system prefs: java.util.prefs.BackingStoreException: Couldn't get file lock.
2025-09-10 16:26:19,825 [ERROR] LogOutputStream:75 - [STDERR_REDIRECT] 
2025-09-10 16:26:49,823 [ERROR] LogOutputStream:75 - [STDERR_REDIRECT] Sep 10, 2025 4:26:49 PM java.util.prefs.FileSystemPreferences checkLockFile0ErrorCode
2025-09-10 16:26:49,824 [ERROR] LogOutputStream:75 - [STDERR_REDIRECT] WARNING: Could not lock System prefs. Unix error code 2.
2025-09-10 16:26:49,824 [ERROR] LogOutputStream:75 - [STDERR_REDIRECT] 
2025-09-10 16:26:49,825 [ERROR] LogOutputStream:75 - [STDERR_REDIRECT] Sep 10, 2025 4:26:49 PM java.util.prefs.FileSystemPreferences syncWorld
2025-09-10 16:26:49,825 [ERROR] LogOutputStream:75 - [STDERR_REDIRECT] WARNING: Couldn't flush system prefs: java.util.prefs.BackingStoreException: Couldn't get file lock.
2025-09-10 16:26:49,825 [ERROR] LogOutputStream:75 - [STDERR_REDIRECT] 
2025-09-10 16:27:19,827 [ERROR] LogOutputStream:75 - [STDERR_REDIRECT] Sep 10, 2025 4:27:19 PM java.util.prefs.FileSystemPreferences checkLockFile0ErrorCode
2025-09-10 16:27:19,827 [ERROR] LogOutputStream:75 - [STDERR_REDIRECT] WARNING: Could not lock System prefs. Unix error code 2.
2025-09-10 16:27:19,827 [ERROR] LogOutputStream:75 - [STDERR_REDIRECT] 
2025-09-10 16:27:19,828 [ERROR] LogOutputStream:75 - [STDERR_REDIRECT] Sep 10, 2025 4:27:19 PM java.util.prefs.FileSystemPreferences syncWorld
2025-09-10 16:27:19,828 [ERROR] LogOutputStream:75 - [STDERR_REDIRECT] WARNING: Couldn't flush system prefs: java.util.prefs.BackingStoreException: Couldn't get file lock.
2025-09-10 16:27:19,829 [ERROR] LogOutputStream:75 - [STDERR_REDIRECT] 
2025-09-10 16:27:49,823 [ERROR] LogOutputStream:75 - [STDERR_REDIRECT] Sep 10, 2025 4:27:49 PM java.util.prefs.FileSystemPreferences checkLockFile0ErrorCode
2025-09-10 16:27:49,824 [ERROR] LogOutputStream:75 - [STDERR_REDIRECT] WARNING: Could not lock System prefs. Unix error code 2.
2025-09-10 16:27:49,824 [ERROR] LogOutputStream:75 - [STDERR_REDIRECT] 
2025-09-10 16:27:49,824 [ERROR] LogOutputStream:75 - [STDERR_REDIRECT] Sep 10, 2025 4:27:49 PM java.util.prefs.FileSystemPreferences syncWorld
2025-09-10 16:27:49,825 [ERROR] LogOutputStream:75 - [STDERR_REDIRECT] WARNING: Couldn't flush system prefs: java.util.prefs.BackingStoreException: Couldn't get file lock.
2025-09-10 16:27:49,825 [ERROR] LogOutputStream:75 - [STDERR_REDIRECT] 
2025-09-10 16:28:19,823 [ERROR] LogOutputStream:75 - [STDERR_REDIRECT] Sep 10, 2025 4:28:19 PM java.util.prefs.FileSystemPreferences checkLockFile0ErrorCode
2025-09-10 16:28:19,824 [ERROR] LogOutputStream:75 - [STDERR_REDIRECT] WARNING: Could not lock System prefs. Unix error code 2.
2025-09-10 16:28:19,824 [ERROR] LogOutputStream:75 - [STDERR_REDIRECT] 
2025-09-10 16:28:19,825 [ERROR] LogOutputStream:75 - [STDERR_REDIRECT] Sep 10, 2025 4:28:19 PM java.util.prefs.FileSystemPreferences syncWorld
2025-09-10 16:28:19,825 [ERROR] LogOutputStream:75 - [STDERR_REDIRECT] WARNING: Couldn't flush system prefs: java.util.prefs.BackingStoreException: Couldn't get file lock.
2025-09-10 16:28:19,825 [ERROR] LogOutputStream:75 - [STDERR_REDIRECT] 
2025-09-10 16:28:49,825 [ERROR] LogOutputStream:75 - [STDERR_REDIRECT] Sep 10, 2025 4:28:49 PM java.util.prefs.FileSystemPreferences checkLockFile0ErrorCode
2025-09-10 16:28:49,825 [ERROR] LogOutputStream:75 - [STDERR_REDIRECT] WARNING: Could not lock System prefs. Unix error code 2.
2025-09-10 16:28:49,825 [ERROR] LogOutputStream:75 - [STDERR_REDIRECT] 
2025-09-10 16:28:49,826 [ERROR] LogOutputStream:75 - [STDERR_REDIRECT] Sep 10, 2025 4:28:49 PM java.util.prefs.FileSystemPreferences syncWorld
2025-09-10 16:28:49,827 [ERROR] LogOutputStream:75 - [STDERR_REDIRECT] WARNING: Couldn't flush system prefs: java.util.prefs.BackingStoreException: Couldn't get file lock.
2025-09-10 16:28:49,827 [ERROR] LogOutputStream:75 - [STDERR_REDIRECT] 
2025-09-10 16:29:19,824 [ERROR] LogOutputStream:75 - [STDERR_REDIRECT] Sep 10, 2025 4:29:19 PM java.util.prefs.FileSystemPreferences checkLockFile0ErrorCode
2025-09-10 16:29:19,824 [ERROR] LogOutputStream:75 - [STDERR_REDIRECT] WARNING: Could not lock System prefs. Unix error code 2.
2025-09-10 16:29:19,824 [ERROR] LogOutputStream:75 - [STDERR_REDIRECT] 
2025-09-10 16:29:19,825 [ERROR] LogOutputStream:75 - [STDERR_REDIRECT] Sep 10, 2025 4:29:19 PM java.util.prefs.FileSystemPreferences syncWorld
2025-09-10 16:29:19,826 [ERROR] LogOutputStream:75 - [STDERR_REDIRECT] WARNING: Couldn't flush system prefs: java.util.prefs.BackingStoreException: Couldn't get file lock.
2025-09-10 16:29:19,826 [ERROR] LogOutputStream:75 - [STDERR_REDIRECT] 
2025-09-10 16:29:49,824 [ERROR] LogOutputStream:75 - [STDERR_REDIRECT] Sep 10, 2025 4:29:49 PM java.util.prefs.FileSystemPreferences checkLockFile0ErrorCode
2025-09-10 16:29:49,824 [ERROR] LogOutputStream:75 - [STDERR_REDIRECT] WARNING: Could not lock System prefs. Unix error code 2.
2025-09-10 16:29:49,824 [ERROR] LogOutputStream:75 - [STDERR_REDIRECT] 
2025-09-10 16:29:49,825 [ERROR] LogOutputStream:75 - [STDERR_REDIRECT] Sep 10, 2025 4:29:49 PM java.util.prefs.FileSystemPreferences syncWorld
2025-09-10 16:29:49,825 [ERROR] LogOutputStream:75 - [STDERR_REDIRECT] WARNING: Couldn't flush system prefs: java.util.prefs.BackingStoreException: Couldn't get file lock.
2025-09-10 16:29:49,825 [ERROR] LogOutputStream:75 - [STDERR_REDIRECT] 
2025-09-10 16:30:19,828 [ERROR] LogOutputStream:75 - [STDERR_REDIRECT] Sep 10, 2025 4:30:19 PM java.util.prefs.FileSystemPreferences checkLockFile0ErrorCode
2025-09-10 16:30:19,829 [ERROR] LogOutputStream:75 - [STDERR_REDIRECT] WARNING: Could not lock System prefs. Unix error code 2.
2025-09-10 16:30:19,829 [ERROR] LogOutputStream:75 - [STDERR_REDIRECT] 
2025-09-10 16:30:19,829 [ERROR] LogOutputStream:75 - [STDERR_REDIRECT] Sep 10, 2025 4:30:19 PM java.util.prefs.FileSystemPreferences syncWorld
2025-09-10 16:30:19,830 [ERROR] LogOutputStream:75 - [STDERR_REDIRECT] WARNING: Couldn't flush system prefs: java.util.prefs.BackingStoreException: Couldn't get file lock.
2025-09-10 16:30:19,830 [ERROR] LogOutputStream:75 - [STDERR_REDIRECT] 
2025-09-10 16:30:49,826 [ERROR] LogOutputStream:75 - [STDERR_REDIRECT] Sep 10, 2025 4:30:49 PM java.util.prefs.FileSystemPreferences checkLockFile0ErrorCode
2025-09-10 16:30:49,827 [ERROR] LogOutputStream:75 - [STDERR_REDIRECT] WARNING: Could not lock System prefs. Unix error code 2.
2025-09-10 16:30:49,827 [ERROR] LogOutputStream:75 - [STDERR_REDIRECT] 
2025-09-10 16:30:49,828 [ERROR] LogOutputStream:75 - [STDERR_REDIRECT] Sep 10, 2025 4:30:49 PM java.util.prefs.FileSystemPreferences syncWorld
2025-09-10 16:30:49,828 [ERROR] LogOutputStream:75 - [STDERR_REDIRECT] WARNING: Couldn't flush system prefs: java.util.prefs.BackingStoreException: Couldn't get file lock.
2025-09-10 16:30:49,828 [ERROR] LogOutputStream:75 - [STDERR_REDIRECT] 
2025-09-10 16:31:19,825 [ERROR] LogOutputStream:75 - [STDERR_REDIRECT] Sep 10, 2025 4:31:19 PM java.util.prefs.FileSystemPreferences checkLockFile0ErrorCode
2025-09-10 16:31:19,826 [ERROR] LogOutputStream:75 - [STDERR_REDIRECT] WARNING: Could not lock System prefs. Unix error code 2.
2025-09-10 16:31:19,826 [ERROR] LogOutputStream:75 - [STDERR_REDIRECT] 
2025-09-10 16:31:19,826 [ERROR] LogOutputStream:75 - [STDERR_REDIRECT] Sep 10, 2025 4:31:19 PM java.util.prefs.FileSystemPreferences syncWorld
2025-09-10 16:31:19,827 [ERROR] LogOutputStream:75 - [STDERR_REDIRECT] WARNING: Couldn't flush system prefs: java.util.prefs.BackingStoreException: Couldn't get file lock.
2025-09-10 16:31:19,827 [ERROR] LogOutputStream:75 - [STDERR_REDIRECT] 
2025-09-10 16:31:49,826 [ERROR] LogOutputStream:75 - [STDERR_REDIRECT] Sep 10, 2025 4:31:49 PM java.util.prefs.FileSystemPreferences checkLockFile0ErrorCode
2025-09-10 16:31:49,826 [ERROR] LogOutputStream:75 - [STDERR_REDIRECT] WARNING: Could not lock System prefs. Unix error code 2.
2025-09-10 16:31:49,826 [ERROR] LogOutputStream:75 - [STDERR_REDIRECT] 
2025-09-10 16:31:49,827 [ERROR] LogOutputStream:75 - [STDERR_REDIRECT] Sep 10, 2025 4:31:49 PM java.util.prefs.FileSystemPreferences syncWorld
2025-09-10 16:31:49,827 [ERROR] LogOutputStream:75 - [STDERR_REDIRECT] WARNING: Couldn't flush system prefs: java.util.prefs.BackingStoreException: Couldn't get file lock.
2025-09-10 16:31:49,827 [ERROR] LogOutputStream:75 - [STDERR_REDIRECT] 
2025-09-10 16:32:19,826 [ERROR] LogOutputStream:75 - [STDERR_REDIRECT] Sep 10, 2025 4:32:19 PM java.util.prefs.FileSystemPreferences checkLockFile0ErrorCode
2025-09-10 16:32:19,827 [ERROR] LogOutputStream:75 - [STDERR_REDIRECT] WARNING: Could not lock System prefs. Unix error code 2.
2025-09-10 16:32:19,827 [ERROR] LogOutputStream:75 - [STDERR_REDIRECT] 
2025-09-10 16:32:19,828 [ERROR] LogOutputStream:75 - [STDERR_REDIRECT] Sep 10, 2025 4:32:19 PM java.util.prefs.FileSystemPreferences syncWorld
2025-09-10 16:32:19,829 [ERROR] LogOutputStream:75 - [STDERR_REDIRECT] WARNING: Couldn't flush system prefs: java.util.prefs.BackingStoreException: Couldn't get file lock.
2025-09-10 16:32:19,829 [ERROR] LogOutputStream:75 - [STDERR_REDIRECT] 
2025-09-10 16:32:49,826 [ERROR] LogOutputStream:75 - [STDERR_REDIRECT] Sep 10, 2025 4:32:49 PM java.util.prefs.FileSystemPreferences checkLockFile0ErrorCode
2025-09-10 16:32:49,826 [ERROR] LogOutputStream:75 - [STDERR_REDIRECT] WARNING: Could not lock System prefs. Unix error code 2.
2025-09-10 16:32:49,826 [ERROR] LogOutputStream:75 - [STDERR_REDIRECT] 
2025-09-10 16:32:49,827 [ERROR] LogOutputStream:75 - [STDERR_REDIRECT] Sep 10, 2025 4:32:49 PM java.util.prefs.FileSystemPreferences syncWorld
2025-09-10 16:32:49,828 [ERROR] LogOutputStream:75 - [STDERR_REDIRECT] WARNING: Couldn't flush system prefs: java.util.prefs.BackingStoreException: Couldn't get file lock.
2025-09-10 16:32:49,828 [ERROR] LogOutputStream:75 - [STDERR_REDIRECT] 
2025-09-10 16:33:19,827 [ERROR] LogOutputStream:75 - [STDERR_REDIRECT] Sep 10, 2025 4:33:19 PM java.util.prefs.FileSystemPreferences checkLockFile0ErrorCode
2025-09-10 16:33:19,827 [ERROR] LogOutputStream:75 - [STDERR_REDIRECT] WARNING: Could not lock System prefs. Unix error code 2.
2025-09-10 16:33:19,827 [ERROR] LogOutputStream:75 - [STDERR_REDIRECT] 
2025-09-10 16:33:19,828 [ERROR] LogOutputStream:75 - [STDERR_REDIRECT] Sep 10, 2025 4:33:19 PM java.util.prefs.FileSystemPreferences syncWorld
2025-09-10 16:33:19,828 [ERROR] LogOutputStream:75 - [STDERR_REDIRECT] WARNING: Couldn't flush system prefs: java.util.prefs.BackingStoreException: Couldn't get file lock.
2025-09-10 16:33:19,828 [ERROR] LogOutputStream:75 - [STDERR_REDIRECT] 
2025-09-10 16:33:49,828 [ERROR] LogOutputStream:75 - [STDERR_REDIRECT] Sep 10, 2025 4:33:49 PM java.util.prefs.FileSystemPreferences checkLockFile0ErrorCode
2025-09-10 16:33:49,828 [ERROR] LogOutputStream:75 - [STDERR_REDIRECT] WARNING: Could not lock System prefs. Unix error code 2.
2025-09-10 16:33:49,829 [ERROR] LogOutputStream:75 - [STDERR_REDIRECT] 
2025-09-10 16:33:49,829 [ERROR] LogOutputStream:75 - [STDERR_REDIRECT] Sep 10, 2025 4:33:49 PM java.util.prefs.FileSystemPreferences syncWorld
2025-09-10 16:33:49,830 [ERROR] LogOutputStream:75 - [STDERR_REDIRECT] WARNING: Couldn't flush system prefs: java.util.prefs.BackingStoreException: Couldn't get file lock.
2025-09-10 16:33:49,830 [ERROR] LogOutputStream:75 - [STDERR_REDIRECT] 
2025-09-10 16:34:19,830 [ERROR] LogOutputStream:75 - [STDERR_REDIRECT] Sep 10, 2025 4:34:19 PM java.util.prefs.FileSystemPreferences checkLockFile0ErrorCode
2025-09-10 16:34:19,831 [ERROR] LogOutputStream:75 - [STDERR_REDIRECT] WARNING: Could not lock System prefs. Unix error code 2.
2025-09-10 16:34:19,831 [ERROR] LogOutputStream:75 - [STDERR_REDIRECT] 
2025-09-10 16:34:19,832 [ERROR] LogOutputStream:75 - [STDERR_REDIRECT] Sep 10, 2025 4:34:19 PM java.util.prefs.FileSystemPreferences syncWorld
2025-09-10 16:34:19,832 [ERROR] LogOutputStream:75 - [STDERR_REDIRECT] WARNING: Couldn't flush system prefs: java.util.prefs.BackingStoreException: Couldn't get file lock.
2025-09-10 16:34:19,832 [ERROR] LogOutputStream:75 - [STDERR_REDIRECT] 
2025-09-10 16:34:49,829 [ERROR] LogOutputStream:75 - [STDERR_REDIRECT] Sep 10, 2025 4:34:49 PM java.util.prefs.FileSystemPreferences checkLockFile0ErrorCode
2025-09-10 16:34:49,830 [ERROR] LogOutputStream:75 - [STDERR_REDIRECT] WARNING: Could not lock System prefs. Unix error code 2.
2025-09-10 16:34:49,830 [ERROR] LogOutputStream:75 - [STDERR_REDIRECT] 
2025-09-10 16:34:49,830 [ERROR] LogOutputStream:75 - [STDERR_REDIRECT] Sep 10, 2025 4:34:49 PM java.util.prefs.FileSystemPreferences syncWorld
2025-09-10 16:34:49,831 [ERROR] LogOutputStream:75 - [STDERR_REDIRECT] WARNING: Couldn't flush system prefs: java.util.prefs.BackingStoreException: Couldn't get file lock.
2025-09-10 16:34:49,831 [ERROR] LogOutputStream:75 - [STDERR_REDIRECT] 
2025-09-10 16:35:19,829 [ERROR] LogOutputStream:75 - [STDERR_REDIRECT] Sep 10, 2025 4:35:19 PM java.util.prefs.FileSystemPreferences checkLockFile0ErrorCode
2025-09-10 16:35:19,830 [ERROR] LogOutputStream:75 - [STDERR_REDIRECT] WARNING: Could not lock System prefs. Unix error code 2.
2025-09-10 16:35:19,830 [ERROR] LogOutputStream:75 - [STDERR_REDIRECT] 
2025-09-10 16:35:19,830 [ERROR] LogOutputStream:75 - [STDERR_REDIRECT] Sep 10, 2025 4:35:19 PM java.util.prefs.FileSystemPreferences syncWorld
2025-09-10 16:35:19,831 [ERROR] LogOutputStream:75 - [STDERR_REDIRECT] WARNING: Couldn't flush system prefs: java.util.prefs.BackingStoreException: Couldn't get file lock.
2025-09-10 16:35:19,831 [ERROR] LogOutputStream:75 - [STDERR_REDIRECT] 
2025-09-10 16:35:49,829 [ERROR] LogOutputStream:75 - [STDERR_REDIRECT] Sep 10, 2025 4:35:49 PM java.util.prefs.FileSystemPreferences checkLockFile0ErrorCode
2025-09-10 16:35:49,829 [ERROR] LogOutputStream:75 - [STDERR_REDIRECT] WARNING: Could not lock System prefs. Unix error code 2.
2025-09-10 16:35:49,829 [ERROR] LogOutputStream:75 - [STDERR_REDIRECT] 
2025-09-10 16:35:49,830 [ERROR] LogOutputStream:75 - [STDERR_REDIRECT] Sep 10, 2025 4:35:49 PM java.util.prefs.FileSystemPreferences syncWorld
2025-09-10 16:35:49,830 [ERROR] LogOutputStream:75 - [STDERR_REDIRECT] WARNING: Couldn't flush system prefs: java.util.prefs.BackingStoreException: Couldn't get file lock.
2025-09-10 16:35:49,830 [ERROR] LogOutputStream:75 - [STDERR_REDIRECT] 
2025-09-10 16:36:19,829 [ERROR] LogOutputStream:75 - [STDERR_REDIRECT] Sep 10, 2025 4:36:19 PM java.util.prefs.FileSystemPreferences checkLockFile0ErrorCode
2025-09-10 16:36:19,830 [ERROR] LogOutputStream:75 - [STDERR_REDIRECT] WARNING: Could not lock System prefs. Unix error code 2.
2025-09-10 16:36:19,830 [ERROR] LogOutputStream:75 - [STDERR_REDIRECT] 
2025-09-10 16:36:19,830 [ERROR] LogOutputStream:75 - [STDERR_REDIRECT] Sep 10, 2025 4:36:19 PM java.util.prefs.FileSystemPreferences syncWorld
2025-09-10 16:36:19,831 [ERROR] LogOutputStream:75 - [STDERR_REDIRECT] WARNING: Couldn't flush system prefs: java.util.prefs.BackingStoreException: Couldn't get file lock.
2025-09-10 16:36:19,831 [ERROR] LogOutputStream:75 - [STDERR_REDIRECT] 
2025-09-10 16:36:49,829 [ERROR] LogOutputStream:75 - [STDERR_REDIRECT] Sep 10, 2025 4:36:49 PM java.util.prefs.FileSystemPreferences checkLockFile0ErrorCode
2025-09-10 16:36:49,830 [ERROR] LogOutputStream:75 - [STDERR_REDIRECT] WARNING: Could not lock System prefs. Unix error code 2.
2025-09-10 16:36:49,830 [ERROR] LogOutputStream:75 - [STDERR_REDIRECT] 
2025-09-10 16:36:49,831 [ERROR] LogOutputStream:75 - [STDERR_REDIRECT] Sep 10, 2025 4:36:49 PM java.util.prefs.FileSystemPreferences syncWorld
2025-09-10 16:36:49,831 [ERROR] LogOutputStream:75 - [STDERR_REDIRECT] WARNING: Couldn't flush system prefs: java.util.prefs.BackingStoreException: Couldn't get file lock.
2025-09-10 16:36:49,831 [ERROR] LogOutputStream:75 - [STDERR_REDIRECT] 
2025-09-10 16:37:19,829 [ERROR] LogOutputStream:75 - [STDERR_REDIRECT] Sep 10, 2025 4:37:19 PM java.util.prefs.FileSystemPreferences checkLockFile0ErrorCode
2025-09-10 16:37:19,830 [ERROR] LogOutputStream:75 - [STDERR_REDIRECT] WARNING: Could not lock System prefs. Unix error code 2.
2025-09-10 16:37:19,830 [ERROR] LogOutputStream:75 - [STDERR_REDIRECT] 
2025-09-10 16:37:19,831 [ERROR] LogOutputStream:75 - [STDERR_REDIRECT] Sep 10, 2025 4:37:19 PM java.util.prefs.FileSystemPreferences syncWorld
2025-09-10 16:37:19,831 [ERROR] LogOutputStream:75 - [STDERR_REDIRECT] WARNING: Couldn't flush system prefs: java.util.prefs.BackingStoreException: Couldn't get file lock.
2025-09-10 16:37:19,831 [ERROR] LogOutputStream:75 - [STDERR_REDIRECT] 
2025-09-10 16:37:49,830 [ERROR] LogOutputStream:75 - [STDERR_REDIRECT] Sep 10, 2025 4:37:49 PM java.util.prefs.FileSystemPreferences checkLockFile0ErrorCode
2025-09-10 16:37:49,830 [ERROR] LogOutputStream:75 - [STDERR_REDIRECT] WARNING: Could not lock System prefs. Unix error code 2.
2025-09-10 16:37:49,830 [ERROR] LogOutputStream:75 - [STDERR_REDIRECT] 
2025-09-10 16:37:49,831 [ERROR] LogOutputStream:75 - [STDERR_REDIRECT] Sep 10, 2025 4:37:49 PM java.util.prefs.FileSystemPreferences syncWorld
2025-09-10 16:37:49,831 [ERROR] LogOutputStream:75 - [STDERR_REDIRECT] WARNING: Couldn't flush system prefs: java.util.prefs.BackingStoreException: Couldn't get file lock.
2025-09-10 16:37:49,832 [ERROR] LogOutputStream:75 - [STDERR_REDIRECT] 
2025-09-10 16:38:19,830 [ERROR] LogOutputStream:75 - [STDERR_REDIRECT] Sep 10, 2025 4:38:19 PM java.util.prefs.FileSystemPreferences checkLockFile0ErrorCode
2025-09-10 16:38:19,831 [ERROR] LogOutputStream:75 - [STDERR_REDIRECT] WARNING: Could not lock System prefs. Unix error code 2.
2025-09-10 16:38:19,831 [ERROR] LogOutputStream:75 - [STDERR_REDIRECT] 
2025-09-10 16:38:19,831 [ERROR] LogOutputStream:75 - [STDERR_REDIRECT] Sep 10, 2025 4:38:19 PM java.util.prefs.FileSystemPreferences syncWorld
2025-09-10 16:38:19,832 [ERROR] LogOutputStream:75 - [STDERR_REDIRECT] WARNING: Couldn't flush system prefs: java.util.prefs.BackingStoreException: Couldn't get file lock.
2025-09-10 16:38:19,832 [ERROR] LogOutputStream:75 - [STDERR_REDIRECT] 
2025-09-10 16:38:49,830 [ERROR] LogOutputStream:75 - [STDERR_REDIRECT] Sep 10, 2025 4:38:49 PM java.util.prefs.FileSystemPreferences checkLockFile0ErrorCode
2025-09-10 16:38:49,831 [ERROR] LogOutputStream:75 - [STDERR_REDIRECT] WARNING: Could not lock System prefs. Unix error code 2.
2025-09-10 16:38:49,831 [ERROR] LogOutputStream:75 - [STDERR_REDIRECT] 
2025-09-10 16:38:49,831 [ERROR] LogOutputStream:75 - [STDERR_REDIRECT] Sep 10, 2025 4:38:49 PM java.util.prefs.FileSystemPreferences syncWorld
2025-09-10 16:38:49,832 [ERROR] LogOutputStream:75 - [STDERR_REDIRECT] WARNING: Couldn't flush system prefs: java.util.prefs.BackingStoreException: Couldn't get file lock.
2025-09-10 16:38:49,832 [ERROR] LogOutputStream:75 - [STDERR_REDIRECT] 
2025-09-10 16:39:19,830 [ERROR] LogOutputStream:75 - [STDERR_REDIRECT] Sep 10, 2025 4:39:19 PM java.util.prefs.FileSystemPreferences checkLockFile0ErrorCode
2025-09-10 16:39:19,830 [ERROR] LogOutputStream:75 - [STDERR_REDIRECT] WARNING: Could not lock System prefs. Unix error code 2.
2025-09-10 16:39:19,830 [ERROR] LogOutputStream:75 - [STDERR_REDIRECT] 
2025-09-10 16:39:19,831 [ERROR] LogOutputStream:75 - [STDERR_REDIRECT] Sep 10, 2025 4:39:19 PM java.util.prefs.FileSystemPreferences syncWorld
2025-09-10 16:39:19,831 [ERROR] LogOutputStream:75 - [STDERR_REDIRECT] WARNING: Couldn't flush system prefs: java.util.prefs.BackingStoreException: Couldn't get file lock.
2025-09-10 16:39:19,831 [ERROR] LogOutputStream:75 - [STDERR_REDIRECT] 
2025-09-10 16:39:49,830 [ERROR] LogOutputStream:75 - [STDERR_REDIRECT] Sep 10, 2025 4:39:49 PM java.util.prefs.FileSystemPreferences checkLockFile0ErrorCode
2025-09-10 16:39:49,831 [ERROR] LogOutputStream:75 - [STDERR_REDIRECT] WARNING: Could not lock System prefs. Unix error code 2.
2025-09-10 16:39:49,831 [ERROR] LogOutputStream:75 - [STDERR_REDIRECT] 
2025-09-10 16:39:49,831 [ERROR] LogOutputStream:75 - [STDERR_REDIRECT] Sep 10, 2025 4:39:49 PM java.util.prefs.FileSystemPreferences syncWorld
2025-09-10 16:39:49,832 [ERROR] LogOutputStream:75 - [STDERR_REDIRECT] WARNING: Couldn't flush system prefs: java.util.prefs.BackingStoreException: Couldn't get file lock.
2025-09-10 16:39:49,832 [ERROR] LogOutputStream:75 - [STDERR_REDIRECT] 
2025-09-10 16:40:19,831 [ERROR] LogOutputStream:75 - [STDERR_REDIRECT] Sep 10, 2025 4:40:19 PM java.util.prefs.FileSystemPreferences checkLockFile0ErrorCode
2025-09-10 16:40:19,832 [ERROR] LogOutputStream:75 - [STDERR_REDIRECT] WARNING: Could not lock System prefs. Unix error code 2.
2025-09-10 16:40:19,832 [ERROR] LogOutputStream:75 - [STDERR_REDIRECT] 
2025-09-10 16:40:19,832 [ERROR] LogOutputStream:75 - [STDERR_REDIRECT] Sep 10, 2025 4:40:19 PM java.util.prefs.FileSystemPreferences syncWorld
2025-09-10 16:40:19,833 [ERROR] LogOutputStream:75 - [STDERR_REDIRECT] WARNING: Couldn't flush system prefs: java.util.prefs.BackingStoreException: Couldn't get file lock.
2025-09-10 16:40:19,833 [ERROR] LogOutputStream:75 - [STDERR_REDIRECT] 
2025-09-10 16:40:49,831 [ERROR] LogOutputStream:75 - [STDERR_REDIRECT] Sep 10, 2025 4:40:49 PM java.util.prefs.FileSystemPreferences checkLockFile0ErrorCode
2025-09-10 16:40:49,832 [ERROR] LogOutputStream:75 - [STDERR_REDIRECT] WARNING: Could not lock System prefs. Unix error code 2.
2025-09-10 16:40:49,832 [ERROR] LogOutputStream:75 - [STDERR_REDIRECT] 
2025-09-10 16:40:49,832 [ERROR] LogOutputStream:75 - [STDERR_REDIRECT] Sep 10, 2025 4:40:49 PM java.util.prefs.FileSystemPreferences syncWorld
2025-09-10 16:40:49,833 [ERROR] LogOutputStream:75 - [STDERR_REDIRECT] WARNING: Couldn't flush system prefs: java.util.prefs.BackingStoreException: Couldn't get file lock.
2025-09-10 16:40:49,833 [ERROR] LogOutputStream:75 - [STDERR_REDIRECT] 
2025-09-10 16:41:19,832 [ERROR] LogOutputStream:75 - [STDERR_REDIRECT] Sep 10, 2025 4:41:19 PM java.util.prefs.FileSystemPreferences checkLockFile0ErrorCode
2025-09-10 16:41:19,832 [ERROR] LogOutputStream:75 - [STDERR_REDIRECT] WARNING: Could not lock System prefs. Unix error code 2.
2025-09-10 16:41:19,832 [ERROR] LogOutputStream:75 - [STDERR_REDIRECT] 
2025-09-10 16:41:19,833 [ERROR] LogOutputStream:75 - [STDERR_REDIRECT] Sep 10, 2025 4:41:19 PM java.util.prefs.FileSystemPreferences syncWorld
2025-09-10 16:41:19,834 [ERROR] LogOutputStream:75 - [STDERR_REDIRECT] WARNING: Couldn't flush system prefs: java.util.prefs.BackingStoreException: Couldn't get file lock.
2025-09-10 16:41:19,834 [ERROR] LogOutputStream:75 - [STDERR_REDIRECT] 
2025-09-10 16:41:49,831 [ERROR] LogOutputStream:75 - [STDERR_REDIRECT] Sep 10, 2025 4:41:49 PM java.util.prefs.FileSystemPreferences checkLockFile0ErrorCode
2025-09-10 16:41:49,831 [ERROR] LogOutputStream:75 - [STDERR_REDIRECT] WARNING: Could not lock System prefs. Unix error code 2.
2025-09-10 16:41:49,831 [ERROR] LogOutputStream:75 - [STDERR_REDIRECT] 
2025-09-10 16:41:49,832 [ERROR] LogOutputStream:75 - [STDERR_REDIRECT] Sep 10, 2025 4:41:49 PM java.util.prefs.FileSystemPreferences syncWorld
2025-09-10 16:41:49,833 [ERROR] LogOutputStream:75 - [STDERR_REDIRECT] WARNING: Couldn't flush system prefs: java.util.prefs.BackingStoreException: Couldn't get file lock.
2025-09-10 16:41:49,833 [ERROR] LogOutputStream:75 - [STDERR_REDIRECT] 
2025-09-10 16:42:19,830 [ERROR] LogOutputStream:75 - [STDERR_REDIRECT] Sep 10, 2025 4:42:19 PM java.util.prefs.FileSystemPreferences checkLockFile0ErrorCode
2025-09-10 16:42:19,831 [ERROR] LogOutputStream:75 - [STDERR_REDIRECT] WARNING: Could not lock System prefs. Unix error code 2.
2025-09-10 16:42:19,831 [ERROR] LogOutputStream:75 - [STDERR_REDIRECT] 
2025-09-10 16:42:19,831 [ERROR] LogOutputStream:75 - [STDERR_REDIRECT] Sep 10, 2025 4:42:19 PM java.util.prefs.FileSystemPreferences syncWorld
2025-09-10 16:42:19,832 [ERROR] LogOutputStream:75 - [STDERR_REDIRECT] WARNING: Couldn't flush system prefs: java.util.prefs.BackingStoreException: Couldn't get file lock.
2025-09-10 16:42:19,832 [ERROR] LogOutputStream:75 - [STDERR_REDIRECT] 
2025-09-10 16:42:49,831 [ERROR] LogOutputStream:75 - [STDERR_REDIRECT] Sep 10, 2025 4:42:49 PM java.util.prefs.FileSystemPreferences checkLockFile0ErrorCode
2025-09-10 16:42:49,832 [ERROR] LogOutputStream:75 - [STDERR_REDIRECT] WARNING: Could not lock System prefs. Unix error code 2.
2025-09-10 16:42:49,832 [ERROR] LogOutputStream:75 - [STDERR_REDIRECT] 
2025-09-10 16:42:49,832 [ERROR] LogOutputStream:75 - [STDERR_REDIRECT] Sep 10, 2025 4:42:49 PM java.util.prefs.FileSystemPreferences syncWorld
2025-09-10 16:42:49,833 [ERROR] LogOutputStream:75 - [STDERR_REDIRECT] WARNING: Couldn't flush system prefs: java.util.prefs.BackingStoreException: Couldn't get file lock.
2025-09-10 16:42:49,833 [ERROR] LogOutputStream:75 - [STDERR_REDIRECT] 
2025-09-10 16:43:19,830 [ERROR] LogOutputStream:75 - [STDERR_REDIRECT] Sep 10, 2025 4:43:19 PM java.util.prefs.FileSystemPreferences checkLockFile0ErrorCode
2025-09-10 16:43:19,831 [ERROR] LogOutputStream:75 - [STDERR_REDIRECT] WARNING: Could not lock System prefs. Unix error code 2.
2025-09-10 16:43:19,831 [ERROR] LogOutputStream:75 - [STDERR_REDIRECT] 
2025-09-10 16:43:19,831 [ERROR] LogOutputStream:75 - [STDERR_REDIRECT] Sep 10, 2025 4:43:19 PM java.util.prefs.FileSystemPreferences syncWorld
2025-09-10 16:43:19,832 [ERROR] LogOutputStream:75 - [STDERR_REDIRECT] WARNING: Couldn't flush system prefs: java.util.prefs.BackingStoreException: Couldn't get file lock.
2025-09-10 16:43:19,832 [ERROR] LogOutputStream:75 - [STDERR_REDIRECT] 
2025-09-10 16:43:49,831 [ERROR] LogOutputStream:75 - [STDERR_REDIRECT] Sep 10, 2025 4:43:49 PM java.util.prefs.FileSystemPreferences checkLockFile0ErrorCode
2025-09-10 16:43:49,832 [ERROR] LogOutputStream:75 - [STDERR_REDIRECT] WARNING: Could not lock System prefs. Unix error code 2.
2025-09-10 16:43:49,832 [ERROR] LogOutputStream:75 - [STDERR_REDIRECT] 
2025-09-10 16:43:49,833 [ERROR] LogOutputStream:75 - [STDERR_REDIRECT] Sep 10, 2025 4:43:49 PM java.util.prefs.FileSystemPreferences syncWorld
2025-09-10 16:43:49,833 [ERROR] LogOutputStream:75 - [STDERR_REDIRECT] WARNING: Couldn't flush system prefs: java.util.prefs.BackingStoreException: Couldn't get file lock.
2025-09-10 16:43:49,833 [ERROR] LogOutputStream:75 - [STDERR_REDIRECT] 
2025-09-10 16:44:19,831 [ERROR] LogOutputStream:75 - [STDERR_REDIRECT] Sep 10, 2025 4:44:19 PM java.util.prefs.FileSystemPreferences checkLockFile0ErrorCode
2025-09-10 16:44:19,831 [ERROR] LogOutputStream:75 - [STDERR_REDIRECT] WARNING: Could not lock System prefs. Unix error code 2.
2025-09-10 16:44:19,831 [ERROR] LogOutputStream:75 - [STDERR_REDIRECT] 
2025-09-10 16:44:19,832 [ERROR] LogOutputStream:75 - [STDERR_REDIRECT] Sep 10, 2025 4:44:19 PM java.util.prefs.FileSystemPreferences syncWorld
2025-09-10 16:44:19,832 [ERROR] LogOutputStream:75 - [STDERR_REDIRECT] WARNING: Couldn't flush system prefs: java.util.prefs.BackingStoreException: Couldn't get file lock.
2025-09-10 16:44:19,833 [ERROR] LogOutputStream:75 - [STDERR_REDIRECT] 
2025-09-10 16:44:49,831 [ERROR] LogOutputStream:75 - [STDERR_REDIRECT] Sep 10, 2025 4:44:49 PM java.util.prefs.FileSystemPreferences checkLockFile0ErrorCode
2025-09-10 16:44:49,832 [ERROR] LogOutputStream:75 - [STDERR_REDIRECT] WARNING: Could not lock System prefs. Unix error code 2.
2025-09-10 16:44:49,832 [ERROR] LogOutputStream:75 - [STDERR_REDIRECT] 
2025-09-10 16:44:49,832 [ERROR] LogOutputStream:75 - [STDERR_REDIRECT] Sep 10, 2025 4:44:49 PM java.util.prefs.FileSystemPreferences syncWorld
2025-09-10 16:44:49,833 [ERROR] LogOutputStream:75 - [STDERR_REDIRECT] WARNING: Couldn't flush system prefs: java.util.prefs.BackingStoreException: Couldn't get file lock.
2025-09-10 16:44:49,833 [ERROR] LogOutputStream:75 - [STDERR_REDIRECT] 
2025-09-10 16:45:19,831 [ERROR] LogOutputStream:75 - [STDERR_REDIRECT] Sep 10, 2025 4:45:19 PM java.util.prefs.FileSystemPreferences checkLockFile0ErrorCode
2025-09-10 16:45:19,832 [ERROR] LogOutputStream:75 - [STDERR_REDIRECT] WARNING: Could not lock System prefs. Unix error code 2.
2025-09-10 16:45:19,832 [ERROR] LogOutputStream:75 - [STDERR_REDIRECT] 
2025-09-10 16:45:19,832 [ERROR] LogOutputStream:75 - [STDERR_REDIRECT] Sep 10, 2025 4:45:19 PM java.util.prefs.FileSystemPreferences syncWorld
2025-09-10 16:45:19,833 [ERROR] LogOutputStream:75 - [STDERR_REDIRECT] WARNING: Couldn't flush system prefs: java.util.prefs.BackingStoreException: Couldn't get file lock.
2025-09-10 16:45:19,833 [ERROR] LogOutputStream:75 - [STDERR_REDIRECT] 
2025-09-10 16:45:49,831 [ERROR] LogOutputStream:75 - [STDERR_REDIRECT] Sep 10, 2025 4:45:49 PM java.util.prefs.FileSystemPreferences checkLockFile0ErrorCode
2025-09-10 16:45:49,831 [ERROR] LogOutputStream:75 - [STDERR_REDIRECT] WARNING: Could not lock System prefs. Unix error code 2.
2025-09-10 16:45:49,831 [ERROR] LogOutputStream:75 - [STDERR_REDIRECT] 
2025-09-10 16:45:49,832 [ERROR] LogOutputStream:75 - [STDERR_REDIRECT] Sep 10, 2025 4:45:49 PM java.util.prefs.FileSystemPreferences syncWorld
2025-09-10 16:45:49,832 [ERROR] LogOutputStream:75 - [STDERR_REDIRECT] WARNING: Couldn't flush system prefs: java.util.prefs.BackingStoreException: Couldn't get file lock.
2025-09-10 16:45:49,832 [ERROR] LogOutputStream:75 - [STDERR_REDIRECT] 
2025-09-10 16:46:19,831 [ERROR] LogOutputStream:75 - [STDERR_REDIRECT] Sep 10, 2025 4:46:19 PM java.util.prefs.FileSystemPreferences checkLockFile0ErrorCode
2025-09-10 16:46:19,831 [ERROR] LogOutputStream:75 - [STDERR_REDIRECT] WARNING: Could not lock System prefs. Unix error code 2.
2025-09-10 16:46:19,831 [ERROR] LogOutputStream:75 - [STDERR_REDIRECT] 
2025-09-10 16:46:19,832 [ERROR] LogOutputStream:75 - [STDERR_REDIRECT] Sep 10, 2025 4:46:19 PM java.util.prefs.FileSystemPreferences syncWorld
2025-09-10 16:46:19,833 [ERROR] LogOutputStream:75 - [STDERR_REDIRECT] WARNING: Couldn't flush system prefs: java.util.prefs.BackingStoreException: Couldn't get file lock.
2025-09-10 16:46:19,833 [ERROR] LogOutputStream:75 - [STDERR_REDIRECT] 
2025-09-10 16:46:49,832 [ERROR] LogOutputStream:75 - [STDERR_REDIRECT] Sep 10, 2025 4:46:49 PM java.util.prefs.FileSystemPreferences checkLockFile0ErrorCode
2025-09-10 16:46:49,833 [ERROR] LogOutputStream:75 - [STDERR_REDIRECT] WARNING: Could not lock System prefs. Unix error code 2.
2025-09-10 16:46:49,833 [ERROR] LogOutputStream:75 - [STDERR_REDIRECT] 
2025-09-10 16:46:49,833 [ERROR] LogOutputStream:75 - [STDERR_REDIRECT] Sep 10, 2025 4:46:49 PM java.util.prefs.FileSystemPreferences syncWorld
2025-09-10 16:46:49,834 [ERROR] LogOutputStream:75 - [STDERR_REDIRECT] WARNING: Couldn't flush system prefs: java.util.prefs.BackingStoreException: Couldn't get file lock.
2025-09-10 16:46:49,834 [ERROR] LogOutputStream:75 - [STDERR_REDIRECT] 
2025-09-10 16:47:19,833 [ERROR] LogOutputStream:75 - [STDERR_REDIRECT] Sep 10, 2025 4:47:19 PM java.util.prefs.FileSystemPreferences checkLockFile0ErrorCode
2025-09-10 16:47:19,833 [ERROR] LogOutputStream:75 - [STDERR_REDIRECT] WARNING: Could not lock System prefs. Unix error code 2.
2025-09-10 16:47:19,834 [ERROR] LogOutputStream:75 - [STDERR_REDIRECT] 
2025-09-10 16:47:19,834 [ERROR] LogOutputStream:75 - [STDERR_REDIRECT] Sep 10, 2025 4:47:19 PM java.util.prefs.FileSystemPreferences syncWorld
2025-09-10 16:47:19,835 [ERROR] LogOutputStream:75 - [STDERR_REDIRECT] WARNING: Couldn't flush system prefs: java.util.prefs.BackingStoreException: Couldn't get file lock.
2025-09-10 16:47:19,835 [ERROR] LogOutputStream:75 - [STDERR_REDIRECT] 
2025-09-10 16:47:49,832 [ERROR] LogOutputStream:75 - [STDERR_REDIRECT] Sep 10, 2025 4:47:49 PM java.util.prefs.FileSystemPreferences checkLockFile0ErrorCode
2025-09-10 16:47:49,832 [ERROR] LogOutputStream:75 - [STDERR_REDIRECT] WARNING: Could not lock System prefs. Unix error code 2.
2025-09-10 16:47:49,833 [ERROR] LogOutputStream:75 - [STDERR_REDIRECT] 
2025-09-10 16:47:49,833 [ERROR] LogOutputStream:75 - [STDERR_REDIRECT] Sep 10, 2025 4:47:49 PM java.util.prefs.FileSystemPreferences syncWorld
2025-09-10 16:47:49,834 [ERROR] LogOutputStream:75 - [STDERR_REDIRECT] WARNING: Couldn't flush system prefs: java.util.prefs.BackingStoreException: Couldn't get file lock.
2025-09-10 16:47:49,834 [ERROR] LogOutputStream:75 - [STDERR_REDIRECT] 
2025-09-10 16:48:19,831 [ERROR] LogOutputStream:75 - [STDERR_REDIRECT] Sep 10, 2025 4:48:19 PM java.util.prefs.FileSystemPreferences checkLockFile0ErrorCode
2025-09-10 16:48:19,832 [ERROR] LogOutputStream:75 - [STDERR_REDIRECT] WARNING: Could not lock System prefs. Unix error code 2.
2025-09-10 16:48:19,832 [ERROR] LogOutputStream:75 - [STDERR_REDIRECT] 
2025-09-10 16:48:19,832 [ERROR] LogOutputStream:75 - [STDERR_REDIRECT] Sep 10, 2025 4:48:19 PM java.util.prefs.FileSystemPreferences syncWorld
2025-09-10 16:48:19,833 [ERROR] LogOutputStream:75 - [STDERR_REDIRECT] WARNING: Couldn't flush system prefs: java.util.prefs.BackingStoreException: Couldn't get file lock.
2025-09-10 16:48:19,833 [ERROR] LogOutputStream:75 - [STDERR_REDIRECT] 
2025-09-10 16:48:49,833 [ERROR] LogOutputStream:75 - [STDERR_REDIRECT] Sep 10, 2025 4:48:49 PM java.util.prefs.FileSystemPreferences checkLockFile0ErrorCode
2025-09-10 16:48:49,833 [ERROR] LogOutputStream:75 - [STDERR_REDIRECT] WARNING: Could not lock System prefs. Unix error code 2.
2025-09-10 16:48:49,834 [ERROR] LogOutputStream:75 - [STDERR_REDIRECT] 
2025-09-10 16:48:49,834 [ERROR] LogOutputStream:75 - [STDERR_REDIRECT] Sep 10, 2025 4:48:49 PM java.util.prefs.FileSystemPreferences syncWorld
2025-09-10 16:48:49,834 [ERROR] LogOutputStream:75 - [STDERR_REDIRECT] WARNING: Couldn't flush system prefs: java.util.prefs.BackingStoreException: Couldn't get file lock.
2025-09-10 16:48:49,834 [ERROR] LogOutputStream:75 - [STDERR_REDIRECT] 
2025-09-10 16:49:19,832 [ERROR] LogOutputStream:75 - [STDERR_REDIRECT] Sep 10, 2025 4:49:19 PM java.util.prefs.FileSystemPreferences checkLockFile0ErrorCode
2025-09-10 16:49:19,832 [ERROR] LogOutputStream:75 - [STDERR_REDIRECT] WARNING: Could not lock System prefs. Unix error code 2.
2025-09-10 16:49:19,832 [ERROR] LogOutputStream:75 - [STDERR_REDIRECT] 
2025-09-10 16:49:19,833 [ERROR] LogOutputStream:75 - [STDERR_REDIRECT] Sep 10, 2025 4:49:19 PM java.util.prefs.FileSystemPreferences syncWorld
2025-09-10 16:49:19,833 [ERROR] LogOutputStream:75 - [STDERR_REDIRECT] WARNING: Couldn't flush system prefs: java.util.prefs.BackingStoreException: Couldn't get file lock.
2025-09-10 16:49:19,833 [ERROR] LogOutputStream:75 - [STDERR_REDIRECT] 
2025-09-10 16:49:49,833 [ERROR] LogOutputStream:75 - [STDERR_REDIRECT] Sep 10, 2025 4:49:49 PM java.util.prefs.FileSystemPreferences checkLockFile0ErrorCode
2025-09-10 16:49:49,833 [ERROR] LogOutputStream:75 - [STDERR_REDIRECT] WARNING: Could not lock System prefs. Unix error code 2.
2025-09-10 16:49:49,833 [ERROR] LogOutputStream:75 - [STDERR_REDIRECT] 
2025-09-10 16:49:49,834 [ERROR] LogOutputStream:75 - [STDERR_REDIRECT] Sep 10, 2025 4:49:49 PM java.util.prefs.FileSystemPreferences syncWorld
2025-09-10 16:49:49,834 [ERROR] LogOutputStream:75 - [STDERR_REDIRECT] WARNING: Couldn't flush system prefs: java.util.prefs.BackingStoreException: Couldn't get file lock.
2025-09-10 16:49:49,834 [ERROR] LogOutputStream:75 - [STDERR_REDIRECT] 
2025-09-10 16:50:19,831 [ERROR] LogOutputStream:75 - [STDERR_REDIRECT] Sep 10, 2025 4:50:19 PM java.util.prefs.FileSystemPreferences checkLockFile0ErrorCode
2025-09-10 16:50:19,832 [ERROR] LogOutputStream:75 - [STDERR_REDIRECT] WARNING: Could not lock System prefs. Unix error code 2.
2025-09-10 16:50:19,832 [ERROR] LogOutputStream:75 - [STDERR_REDIRECT] 
2025-09-10 16:50:19,832 [ERROR] LogOutputStream:75 - [STDERR_REDIRECT] Sep 10, 2025 4:50:19 PM java.util.prefs.FileSystemPreferences syncWorld
2025-09-10 16:50:19,832 [ERROR] LogOutputStream:75 - [STDERR_REDIRECT] WARNING: Couldn't flush system prefs: java.util.prefs.BackingStoreException: Couldn't get file lock.
2025-09-10 16:50:19,832 [ERROR] LogOutputStream:75 - [STDERR_REDIRECT] 
2025-09-10 16:50:49,832 [ERROR] LogOutputStream:75 - [STDERR_REDIRECT] Sep 10, 2025 4:50:49 PM java.util.prefs.FileSystemPreferences checkLockFile0ErrorCode
2025-09-10 16:50:49,832 [ERROR] LogOutputStream:75 - [STDERR_REDIRECT] WARNING: Could not lock System prefs. Unix error code 2.
2025-09-10 16:50:49,832 [ERROR] LogOutputStream:75 - [STDERR_REDIRECT] 
2025-09-10 16:50:49,833 [ERROR] LogOutputStream:75 - [STDERR_REDIRECT] Sep 10, 2025 4:50:49 PM java.util.prefs.FileSystemPreferences syncWorld
2025-09-10 16:50:49,834 [ERROR] LogOutputStream:75 - [STDERR_REDIRECT] WARNING: Couldn't flush system prefs: java.util.prefs.BackingStoreException: Couldn't get file lock.
2025-09-10 16:50:49,834 [ERROR] LogOutputStream:75 - [STDERR_REDIRECT] 
2025-09-10 16:51:19,831 [ERROR] LogOutputStream:75 - [STDERR_REDIRECT] Sep 10, 2025 4:51:19 PM java.util.prefs.FileSystemPreferences checkLockFile0ErrorCode
2025-09-10 16:51:19,832 [ERROR] LogOutputStream:75 - [STDERR_REDIRECT] WARNING: Could not lock System prefs. Unix error code 2.
2025-09-10 16:51:19,832 [ERROR] LogOutputStream:75 - [STDERR_REDIRECT] 
2025-09-10 16:51:19,833 [ERROR] LogOutputStream:75 - [STDERR_REDIRECT] Sep 10, 2025 4:51:19 PM java.util.prefs.FileSystemPreferences syncWorld
2025-09-10 16:51:19,834 [ERROR] LogOutputStream:75 - [STDERR_REDIRECT] WARNING: Couldn't flush system prefs: java.util.prefs.BackingStoreException: Couldn't get file lock.
2025-09-10 16:51:19,834 [ERROR] LogOutputStream:75 - [STDERR_REDIRECT] 
2025-09-10 16:51:49,831 [ERROR] LogOutputStream:75 - [STDERR_REDIRECT] Sep 10, 2025 4:51:49 PM java.util.prefs.FileSystemPreferences checkLockFile0ErrorCode
2025-09-10 16:51:49,832 [ERROR] LogOutputStream:75 - [STDERR_REDIRECT] WARNING: Could not lock System prefs. Unix error code 2.
2025-09-10 16:51:49,832 [ERROR] LogOutputStream:75 - [STDERR_REDIRECT] 
2025-09-10 16:51:49,832 [ERROR] LogOutputStream:75 - [STDERR_REDIRECT] Sep 10, 2025 4:51:49 PM java.util.prefs.FileSystemPreferences syncWorld
2025-09-10 16:51:49,833 [ERROR] LogOutputStream:75 - [STDERR_REDIRECT] WARNING: Couldn't flush system prefs: java.util.prefs.BackingStoreException: Couldn't get file lock.
2025-09-10 16:51:49,833 [ERROR] LogOutputStream:75 - [STDERR_REDIRECT] 
2025-09-10 16:52:19,831 [ERROR] LogOutputStream:75 - [STDERR_REDIRECT] Sep 10, 2025 4:52:19 PM java.util.prefs.FileSystemPreferences checkLockFile0ErrorCode
2025-09-10 16:52:19,832 [ERROR] LogOutputStream:75 - [STDERR_REDIRECT] WARNING: Could not lock System prefs. Unix error code 2.
2025-09-10 16:52:19,832 [ERROR] LogOutputStream:75 - [STDERR_REDIRECT] 
2025-09-10 16:52:19,832 [ERROR] LogOutputStream:75 - [STDERR_REDIRECT] Sep 10, 2025 4:52:19 PM java.util.prefs.FileSystemPreferences syncWorld
2025-09-10 16:52:19,832 [ERROR] LogOutputStream:75 - [STDERR_REDIRECT] WARNING: Couldn't flush system prefs: java.util.prefs.BackingStoreException: Couldn't get file lock.
2025-09-10 16:52:19,832 [ERROR] LogOutputStream:75 - [STDERR_REDIRECT] 
2025-09-10 16:52:49,832 [ERROR] LogOutputStream:75 - [STDERR_REDIRECT] Sep 10, 2025 4:52:49 PM java.util.prefs.FileSystemPreferences checkLockFile0ErrorCode
2025-09-10 16:52:49,833 [ERROR] LogOutputStream:75 - [STDERR_REDIRECT] WARNING: Could not lock System prefs. Unix error code 2.
2025-09-10 16:52:49,833 [ERROR] LogOutputStream:75 - [STDERR_REDIRECT] 
2025-09-10 16:52:49,834 [ERROR] LogOutputStream:75 - [STDERR_REDIRECT] Sep 10, 2025 4:52:49 PM java.util.prefs.FileSystemPreferences syncWorld
2025-09-10 16:52:49,834 [ERROR] LogOutputStream:75 - [STDERR_REDIRECT] WARNING: Couldn't flush system prefs: java.util.prefs.BackingStoreException: Couldn't get file lock.
2025-09-10 16:52:49,834 [ERROR] LogOutputStream:75 - [STDERR_REDIRECT] 
2025-09-10 16:53:19,833 [ERROR] LogOutputStream:75 - [STDERR_REDIRECT] Sep 10, 2025 4:53:19 PM java.util.prefs.FileSystemPreferences checkLockFile0ErrorCode
2025-09-10 16:53:19,833 [ERROR] LogOutputStream:75 - [STDERR_REDIRECT] WARNING: Could not lock System prefs. Unix error code 2.
2025-09-10 16:53:19,833 [ERROR] LogOutputStream:75 - [STDERR_REDIRECT] 
2025-09-10 16:53:19,834 [ERROR] LogOutputStream:75 - [STDERR_REDIRECT] Sep 10, 2025 4:53:19 PM java.util.prefs.FileSystemPreferences syncWorld
2025-09-10 16:53:19,834 [ERROR] LogOutputStream:75 - [STDERR_REDIRECT] WARNING: Couldn't flush system prefs: java.util.prefs.BackingStoreException: Couldn't get file lock.
2025-09-10 16:53:19,834 [ERROR] LogOutputStream:75 - [STDERR_REDIRECT] 
2025-09-10 16:53:49,833 [ERROR] LogOutputStream:75 - [STDERR_REDIRECT] Sep 10, 2025 4:53:49 PM java.util.prefs.FileSystemPreferences checkLockFile0ErrorCode
2025-09-10 16:53:49,834 [ERROR] LogOutputStream:75 - [STDERR_REDIRECT] WARNING: Could not lock System prefs. Unix error code 2.
2025-09-10 16:53:49,834 [ERROR] LogOutputStream:75 - [STDERR_REDIRECT] 
2025-09-10 16:53:49,834 [ERROR] LogOutputStream:75 - [STDERR_REDIRECT] Sep 10, 2025 4:53:49 PM java.util.prefs.FileSystemPreferences syncWorld
2025-09-10 16:53:49,834 [ERROR] LogOutputStream:75 - [STDERR_REDIRECT] WARNING: Couldn't flush system prefs: java.util.prefs.BackingStoreException: Couldn't get file lock.
2025-09-10 16:53:49,835 [ERROR] LogOutputStream:75 - [STDERR_REDIRECT] 
2025-09-10 16:54:19,832 [ERROR] LogOutputStream:75 - [STDERR_REDIRECT] Sep 10, 2025 4:54:19 PM java.util.prefs.FileSystemPreferences checkLockFile0ErrorCode
2025-09-10 16:54:19,832 [ERROR] LogOutputStream:75 - [STDERR_REDIRECT] WARNING: Could not lock System prefs. Unix error code 2.
2025-09-10 16:54:19,832 [ERROR] LogOutputStream:75 - [STDERR_REDIRECT] 
2025-09-10 16:54:19,832 [ERROR] LogOutputStream:75 - [STDERR_REDIRECT] Sep 10, 2025 4:54:19 PM java.util.prefs.FileSystemPreferences syncWorld
2025-09-10 16:54:19,833 [ERROR] LogOutputStream:75 - [STDERR_REDIRECT] WARNING: Couldn't flush system prefs: java.util.prefs.BackingStoreException: Couldn't get file lock.
2025-09-10 16:54:19,833 [ERROR] LogOutputStream:75 - [STDERR_REDIRECT] 
2025-09-10 16:54:49,833 [ERROR] LogOutputStream:75 - [STDERR_REDIRECT] Sep 10, 2025 4:54:49 PM java.util.prefs.FileSystemPreferences checkLockFile0ErrorCode
2025-09-10 16:54:49,833 [ERROR] LogOutputStream:75 - [STDERR_REDIRECT] WARNING: Could not lock System prefs. Unix error code 2.
2025-09-10 16:54:49,833 [ERROR] LogOutputStream:75 - [STDERR_REDIRECT] 
2025-09-10 16:54:49,834 [ERROR] LogOutputStream:75 - [STDERR_REDIRECT] Sep 10, 2025 4:54:49 PM java.util.prefs.FileSystemPreferences syncWorld
2025-09-10 16:54:49,834 [ERROR] LogOutputStream:75 - [STDERR_REDIRECT] WARNING: Couldn't flush system prefs: java.util.prefs.BackingStoreException: Couldn't get file lock.
2025-09-10 16:54:49,834 [ERROR] LogOutputStream:75 - [STDERR_REDIRECT] 
2025-09-10 16:55:19,832 [ERROR] LogOutputStream:75 - [STDERR_REDIRECT] Sep 10, 2025 4:55:19 PM java.util.prefs.FileSystemPreferences checkLockFile0ErrorCode
2025-09-10 16:55:19,833 [ERROR] LogOutputStream:75 - [STDERR_REDIRECT] WARNING: Could not lock System prefs. Unix error code 2.
2025-09-10 16:55:19,833 [ERROR] LogOutputStream:75 - [STDERR_REDIRECT] 
2025-09-10 16:55:19,833 [ERROR] LogOutputStream:75 - [STDERR_REDIRECT] Sep 10, 2025 4:55:19 PM java.util.prefs.FileSystemPreferences syncWorld
2025-09-10 16:55:19,834 [ERROR] LogOutputStream:75 - [STDERR_REDIRECT] WARNING: Couldn't flush system prefs: java.util.prefs.BackingStoreException: Couldn't get file lock.
2025-09-10 16:55:19,834 [ERROR] LogOutputStream:75 - [STDERR_REDIRECT] 
2025-09-10 16:55:49,833 [ERROR] LogOutputStream:75 - [STDERR_REDIRECT] Sep 10, 2025 4:55:49 PM java.util.prefs.FileSystemPreferences checkLockFile0ErrorCode
2025-09-10 16:55:49,833 [ERROR] LogOutputStream:75 - [STDERR_REDIRECT] WARNING: Could not lock System prefs. Unix error code 2.
2025-09-10 16:55:49,833 [ERROR] LogOutputStream:75 - [STDERR_REDIRECT] 
2025-09-10 16:55:49,834 [ERROR] LogOutputStream:75 - [STDERR_REDIRECT] Sep 10, 2025 4:55:49 PM java.util.prefs.FileSystemPreferences syncWorld
2025-09-10 16:55:49,834 [ERROR] LogOutputStream:75 - [STDERR_REDIRECT] WARNING: Couldn't flush system prefs: java.util.prefs.BackingStoreException: Couldn't get file lock.
2025-09-10 16:55:49,834 [ERROR] LogOutputStream:75 - [STDERR_REDIRECT] 
2025-09-10 16:56:19,833 [ERROR] LogOutputStream:75 - [STDERR_REDIRECT] Sep 10, 2025 4:56:19 PM java.util.prefs.FileSystemPreferences checkLockFile0ErrorCode
2025-09-10 16:56:19,834 [ERROR] LogOutputStream:75 - [STDERR_REDIRECT] WARNING: Could not lock System prefs. Unix error code 2.
2025-09-10 16:56:19,834 [ERROR] LogOutputStream:75 - [STDERR_REDIRECT] 
2025-09-10 16:56:19,834 [ERROR] LogOutputStream:75 - [STDERR_REDIRECT] Sep 10, 2025 4:56:19 PM java.util.prefs.FileSystemPreferences syncWorld
2025-09-10 16:56:19,835 [ERROR] LogOutputStream:75 - [STDERR_REDIRECT] WARNING: Couldn't flush system prefs: java.util.prefs.BackingStoreException: Couldn't get file lock.
2025-09-10 16:56:19,835 [ERROR] LogOutputStream:75 - [STDERR_REDIRECT] 
2025-09-10 16:56:49,832 [ERROR] LogOutputStream:75 - [STDERR_REDIRECT] Sep 10, 2025 4:56:49 PM java.util.prefs.FileSystemPreferences checkLockFile0ErrorCode
2025-09-10 16:56:49,832 [ERROR] LogOutputStream:75 - [STDERR_REDIRECT] WARNING: Could not lock System prefs. Unix error code 2.
2025-09-10 16:56:49,832 [ERROR] LogOutputStream:75 - [STDERR_REDIRECT] 
2025-09-10 16:56:49,833 [ERROR] LogOutputStream:75 - [STDERR_REDIRECT] Sep 10, 2025 4:56:49 PM java.util.prefs.FileSystemPreferences syncWorld
2025-09-10 16:56:49,833 [ERROR] LogOutputStream:75 - [STDERR_REDIRECT] WARNING: Couldn't flush system prefs: java.util.prefs.BackingStoreException: Couldn't get file lock.
2025-09-10 16:56:49,833 [ERROR] LogOutputStream:75 - [STDERR_REDIRECT] 
2025-09-10 16:57:19,833 [ERROR] LogOutputStream:75 - [STDERR_REDIRECT] Sep 10, 2025 4:57:19 PM java.util.prefs.FileSystemPreferences checkLockFile0ErrorCode
2025-09-10 16:57:19,834 [ERROR] LogOutputStream:75 - [STDERR_REDIRECT] WARNING: Could not lock System prefs. Unix error code 2.
2025-09-10 16:57:19,834 [ERROR] LogOutputStream:75 - [STDERR_REDIRECT] 
2025-09-10 16:57:19,834 [ERROR] LogOutputStream:75 - [STDERR_REDIRECT] Sep 10, 2025 4:57:19 PM java.util.prefs.FileSystemPreferences syncWorld
2025-09-10 16:57:19,834 [ERROR] LogOutputStream:75 - [STDERR_REDIRECT] WARNING: Couldn't flush system prefs: java.util.prefs.BackingStoreException: Couldn't get file lock.
2025-09-10 16:57:19,834 [ERROR] LogOutputStream:75 - [STDERR_REDIRECT] 
2025-09-10 16:57:49,834 [ERROR] LogOutputStream:75 - [STDERR_REDIRECT] Sep 10, 2025 4:57:49 PM java.util.prefs.FileSystemPreferences checkLockFile0ErrorCode
2025-09-10 16:57:49,834 [ERROR] LogOutputStream:75 - [STDERR_REDIRECT] WARNING: Could not lock System prefs. Unix error code 2.
2025-09-10 16:57:49,834 [ERROR] LogOutputStream:75 - [STDERR_REDIRECT] 
2025-09-10 16:57:49,834 [ERROR] LogOutputStream:75 - [STDERR_REDIRECT] Sep 10, 2025 4:57:49 PM java.util.prefs.FileSystemPreferences syncWorld
2025-09-10 16:57:49,835 [ERROR] LogOutputStream:75 - [STDERR_REDIRECT] WARNING: Couldn't flush system prefs: java.util.prefs.BackingStoreException: Couldn't get file lock.
2025-09-10 16:57:49,835 [ERROR] LogOutputStream:75 - [STDERR_REDIRECT] 
2025-09-10 16:58:19,834 [ERROR] LogOutputStream:75 - [STDERR_REDIRECT] Sep 10, 2025 4:58:19 PM java.util.prefs.FileSystemPreferences checkLockFile0ErrorCode
2025-09-10 16:58:19,835 [ERROR] LogOutputStream:75 - [STDERR_REDIRECT] WARNING: Could not lock System prefs. Unix error code 2.
2025-09-10 16:58:19,835 [ERROR] LogOutputStream:75 - [STDERR_REDIRECT] 
2025-09-10 16:58:19,836 [ERROR] LogOutputStream:75 - [STDERR_REDIRECT] Sep 10, 2025 4:58:19 PM java.util.prefs.FileSystemPreferences syncWorld
2025-09-10 16:58:19,836 [ERROR] LogOutputStream:75 - [STDERR_REDIRECT] WARNING: Couldn't flush system prefs: java.util.prefs.BackingStoreException: Couldn't get file lock.
2025-09-10 16:58:19,836 [ERROR] LogOutputStream:75 - [STDERR_REDIRECT] 
2025-09-10 16:58:49,836 [ERROR] LogOutputStream:75 - [STDERR_REDIRECT] Sep 10, 2025 4:58:49 PM java.util.prefs.FileSystemPreferences checkLockFile0ErrorCode
2025-09-10 16:58:49,837 [ERROR] LogOutputStream:75 - [STDERR_REDIRECT] WARNING: Could not lock System prefs. Unix error code 2.
2025-09-10 16:58:49,837 [ERROR] LogOutputStream:75 - [STDERR_REDIRECT] 
2025-09-10 16:58:49,837 [ERROR] LogOutputStream:75 - [STDERR_REDIRECT] Sep 10, 2025 4:58:49 PM java.util.prefs.FileSystemPreferences syncWorld
2025-09-10 16:58:49,838 [ERROR] LogOutputStream:75 - [STDERR_REDIRECT] WARNING: Couldn't flush system prefs: java.util.prefs.BackingStoreException: Couldn't get file lock.
2025-09-10 16:58:49,838 [ERROR] LogOutputStream:75 - [STDERR_REDIRECT] 
2025-09-10 16:59:19,833 [ERROR] LogOutputStream:75 - [STDERR_REDIRECT] Sep 10, 2025 4:59:19 PM java.util.prefs.FileSystemPreferences checkLockFile0ErrorCode
2025-09-10 16:59:19,834 [ERROR] LogOutputStream:75 - [STDERR_REDIRECT] WARNING: Could not lock System prefs. Unix error code 2.
2025-09-10 16:59:19,834 [ERROR] LogOutputStream:75 - [STDERR_REDIRECT] 
2025-09-10 16:59:19,835 [ERROR] LogOutputStream:75 - [STDERR_REDIRECT] Sep 10, 2025 4:59:19 PM java.util.prefs.FileSystemPreferences syncWorld
2025-09-10 16:59:19,835 [ERROR] LogOutputStream:75 - [STDERR_REDIRECT] WARNING: Couldn't flush system prefs: java.util.prefs.BackingStoreException: Couldn't get file lock.
2025-09-10 16:59:19,835 [ERROR] LogOutputStream:75 - [STDERR_REDIRECT] 
2025-09-10 16:59:49,836 [ERROR] LogOutputStream:75 - [STDERR_REDIRECT] Sep 10, 2025 4:59:49 PM java.util.prefs.FileSystemPreferences checkLockFile0ErrorCode
2025-09-10 16:59:49,837 [ERROR] LogOutputStream:75 - [STDERR_REDIRECT] WARNING: Could not lock System prefs. Unix error code 2.
2025-09-10 16:59:49,837 [ERROR] LogOutputStream:75 - [STDERR_REDIRECT] 
2025-09-10 16:59:49,837 [ERROR] LogOutputStream:75 - [STDERR_REDIRECT] Sep 10, 2025 4:59:49 PM java.util.prefs.FileSystemPreferences syncWorld
2025-09-10 16:59:49,838 [ERROR] LogOutputStream:75 - [STDERR_REDIRECT] WARNING: Couldn't flush system prefs: java.util.prefs.BackingStoreException: Couldn't get file lock.
2025-09-10 16:59:49,838 [ERROR] LogOutputStream:75 - [STDERR_REDIRECT] 
2025-09-10 17:00:19,834 [ERROR] LogOutputStream:75 - [STDERR_REDIRECT] Sep 10, 2025 5:00:19 PM java.util.prefs.FileSystemPreferences checkLockFile0ErrorCode
2025-09-10 17:00:19,835 [ERROR] LogOutputStream:75 - [STDERR_REDIRECT] WARNING: Could not lock System prefs. Unix error code 2.
2025-09-10 17:00:19,835 [ERROR] LogOutputStream:75 - [STDERR_REDIRECT] 
2025-09-10 17:00:19,835 [ERROR] LogOutputStream:75 - [STDERR_REDIRECT] Sep 10, 2025 5:00:19 PM java.util.prefs.FileSystemPreferences syncWorld
2025-09-10 17:00:19,836 [ERROR] LogOutputStream:75 - [STDERR_REDIRECT] WARNING: Couldn't flush system prefs: java.util.prefs.BackingStoreException: Couldn't get file lock.
2025-09-10 17:00:19,836 [ERROR] LogOutputStream:75 - [STDERR_REDIRECT] 
2025-09-10 17:00:49,834 [ERROR] LogOutputStream:75 - [STDERR_REDIRECT] Sep 10, 2025 5:00:49 PM java.util.prefs.FileSystemPreferences checkLockFile0ErrorCode
2025-09-10 17:00:49,834 [ERROR] LogOutputStream:75 - [STDERR_REDIRECT] WARNING: Could not lock System prefs. Unix error code 2.
2025-09-10 17:00:49,834 [ERROR] LogOutputStream:75 - [STDERR_REDIRECT] 
2025-09-10 17:00:49,835 [ERROR] LogOutputStream:75 - [STDERR_REDIRECT] Sep 10, 2025 5:00:49 PM java.util.prefs.FileSystemPreferences syncWorld
2025-09-10 17:00:49,835 [ERROR] LogOutputStream:75 - [STDERR_REDIRECT] WARNING: Couldn't flush system prefs: java.util.prefs.BackingStoreException: Couldn't get file lock.
2025-09-10 17:00:49,835 [ERROR] LogOutputStream:75 - [STDERR_REDIRECT] 
2025-09-10 17:01:19,834 [ERROR] LogOutputStream:75 - [STDERR_REDIRECT] Sep 10, 2025 5:01:19 PM java.util.prefs.FileSystemPreferences checkLockFile0ErrorCode
2025-09-10 17:01:19,835 [ERROR] LogOutputStream:75 - [STDERR_REDIRECT] WARNING: Could not lock System prefs. Unix error code 2.
2025-09-10 17:01:19,835 [ERROR] LogOutputStream:75 - [STDERR_REDIRECT] 
2025-09-10 17:01:19,835 [ERROR] LogOutputStream:75 - [STDERR_REDIRECT] Sep 10, 2025 5:01:19 PM java.util.prefs.FileSystemPreferences syncWorld
2025-09-10 17:01:19,836 [ERROR] LogOutputStream:75 - [STDERR_REDIRECT] WARNING: Couldn't flush system prefs: java.util.prefs.BackingStoreException: Couldn't get file lock.
2025-09-10 17:01:19,836 [ERROR] LogOutputStream:75 - [STDERR_REDIRECT] 
2025-09-10 17:01:49,834 [ERROR] LogOutputStream:75 - [STDERR_REDIRECT] Sep 10, 2025 5:01:49 PM java.util.prefs.FileSystemPreferences checkLockFile0ErrorCode
2025-09-10 17:01:49,834 [ERROR] LogOutputStream:75 - [STDERR_REDIRECT] WARNING: Could not lock System prefs. Unix error code 2.
2025-09-10 17:01:49,835 [ERROR] LogOutputStream:75 - [STDERR_REDIRECT] 
2025-09-10 17:01:49,835 [ERROR] LogOutputStream:75 - [STDERR_REDIRECT] Sep 10, 2025 5:01:49 PM java.util.prefs.FileSystemPreferences syncWorld
2025-09-10 17:01:49,836 [ERROR] LogOutputStream:75 - [STDERR_REDIRECT] WARNING: Couldn't flush system prefs: java.util.prefs.BackingStoreException: Couldn't get file lock.
2025-09-10 17:01:49,836 [ERROR] LogOutputStream:75 - [STDERR_REDIRECT] 
2025-09-10 17:02:19,834 [ERROR] LogOutputStream:75 - [STDERR_REDIRECT] Sep 10, 2025 5:02:19 PM java.util.prefs.FileSystemPreferences checkLockFile0ErrorCode
2025-09-10 17:02:19,835 [ERROR] LogOutputStream:75 - [STDERR_REDIRECT] WARNING: Could not lock System prefs. Unix error code 2.
2025-09-10 17:02:19,835 [ERROR] LogOutputStream:75 - [STDERR_REDIRECT] 
2025-09-10 17:02:19,835 [ERROR] LogOutputStream:75 - [STDERR_REDIRECT] Sep 10, 2025 5:02:19 PM java.util.prefs.FileSystemPreferences syncWorld
2025-09-10 17:02:19,836 [ERROR] LogOutputStream:75 - [STDERR_REDIRECT] WARNING: Couldn't flush system prefs: java.util.prefs.BackingStoreException: Couldn't get file lock.
2025-09-10 17:02:19,836 [ERROR] LogOutputStream:75 - [STDERR_REDIRECT] 
2025-09-10 17:02:49,834 [ERROR] LogOutputStream:75 - [STDERR_REDIRECT] Sep 10, 2025 5:02:49 PM java.util.prefs.FileSystemPreferences checkLockFile0ErrorCode
2025-09-10 17:02:49,834 [ERROR] LogOutputStream:75 - [STDERR_REDIRECT] WARNING: Could not lock System prefs. Unix error code 2.
2025-09-10 17:02:49,834 [ERROR] LogOutputStream:75 - [STDERR_REDIRECT] 
2025-09-10 17:02:49,835 [ERROR] LogOutputStream:75 - [STDERR_REDIRECT] Sep 10, 2025 5:02:49 PM java.util.prefs.FileSystemPreferences syncWorld
2025-09-10 17:02:49,835 [ERROR] LogOutputStream:75 - [STDERR_REDIRECT] WARNING: Couldn't flush system prefs: java.util.prefs.BackingStoreException: Couldn't get file lock.
2025-09-10 17:02:49,835 [ERROR] LogOutputStream:75 - [STDERR_REDIRECT] 
2025-09-10 17:03:19,834 [ERROR] LogOutputStream:75 - [STDERR_REDIRECT] Sep 10, 2025 5:03:19 PM java.util.prefs.FileSystemPreferences checkLockFile0ErrorCode
2025-09-10 17:03:19,834 [ERROR] LogOutputStream:75 - [STDERR_REDIRECT] WARNING: Could not lock System prefs. Unix error code 2.
2025-09-10 17:03:19,834 [ERROR] LogOutputStream:75 - [STDERR_REDIRECT] 
2025-09-10 17:03:19,835 [ERROR] LogOutputStream:75 - [STDERR_REDIRECT] Sep 10, 2025 5:03:19 PM java.util.prefs.FileSystemPreferences syncWorld
2025-09-10 17:03:19,836 [ERROR] LogOutputStream:75 - [STDERR_REDIRECT] WARNING: Couldn't flush system prefs: java.util.prefs.BackingStoreException: Couldn't get file lock.
2025-09-10 17:03:19,836 [ERROR] LogOutputStream:75 - [STDERR_REDIRECT] 
2025-09-10 17:03:49,833 [ERROR] LogOutputStream:75 - [STDERR_REDIRECT] Sep 10, 2025 5:03:49 PM java.util.prefs.FileSystemPreferences checkLockFile0ErrorCode
2025-09-10 17:03:49,834 [ERROR] LogOutputStream:75 - [STDERR_REDIRECT] WARNING: Could not lock System prefs. Unix error code 2.
2025-09-10 17:03:49,834 [ERROR] LogOutputStream:75 - [STDERR_REDIRECT] 
2025-09-10 17:03:49,834 [ERROR] LogOutputStream:75 - [STDERR_REDIRECT] Sep 10, 2025 5:03:49 PM java.util.prefs.FileSystemPreferences syncWorld
2025-09-10 17:03:49,835 [ERROR] LogOutputStream:75 - [STDERR_REDIRECT] WARNING: Couldn't flush system prefs: java.util.prefs.BackingStoreException: Couldn't get file lock.
2025-09-10 17:03:49,835 [ERROR] LogOutputStream:75 - [STDERR_REDIRECT] 
2025-09-10 17:04:19,835 [ERROR] LogOutputStream:75 - [STDERR_REDIRECT] Sep 10, 2025 5:04:19 PM java.util.prefs.FileSystemPreferences checkLockFile0ErrorCode
2025-09-10 17:04:19,835 [ERROR] LogOutputStream:75 - [STDERR_REDIRECT] WARNING: Could not lock System prefs. Unix error code 2.
2025-09-10 17:04:19,835 [ERROR] LogOutputStream:75 - [STDERR_REDIRECT] 
2025-09-10 17:04:19,836 [ERROR] LogOutputStream:75 - [STDERR_REDIRECT] Sep 10, 2025 5:04:19 PM java.util.prefs.FileSystemPreferences syncWorld
2025-09-10 17:04:19,836 [ERROR] LogOutputStream:75 - [STDERR_REDIRECT] WARNING: Couldn't flush system prefs: java.util.prefs.BackingStoreException: Couldn't get file lock.
2025-09-10 17:04:19,836 [ERROR] LogOutputStream:75 - [STDERR_REDIRECT] 
2025-09-10 17:04:49,834 [ERROR] LogOutputStream:75 - [STDERR_REDIRECT] Sep 10, 2025 5:04:49 PM java.util.prefs.FileSystemPreferences checkLockFile0ErrorCode
2025-09-10 17:04:49,834 [ERROR] LogOutputStream:75 - [STDERR_REDIRECT] WARNING: Could not lock System prefs. Unix error code 2.
2025-09-10 17:04:49,834 [ERROR] LogOutputStream:75 - [STDERR_REDIRECT] 
2025-09-10 17:04:49,834 [ERROR] LogOutputStream:75 - [STDERR_REDIRECT] Sep 10, 2025 5:04:49 PM java.util.prefs.FileSystemPreferences syncWorld
2025-09-10 17:04:49,835 [ERROR] LogOutputStream:75 - [STDERR_REDIRECT] WARNING: Couldn't flush system prefs: java.util.prefs.BackingStoreException: Couldn't get file lock.
2025-09-10 17:04:49,835 [ERROR] LogOutputStream:75 - [STDERR_REDIRECT] 
2025-09-10 17:05:19,834 [ERROR] LogOutputStream:75 - [STDERR_REDIRECT] Sep 10, 2025 5:05:19 PM java.util.prefs.FileSystemPreferences checkLockFile0ErrorCode
2025-09-10 17:05:19,834 [ERROR] LogOutputStream:75 - [STDERR_REDIRECT] WARNING: Could not lock System prefs. Unix error code 2.
2025-09-10 17:05:19,835 [ERROR] LogOutputStream:75 - [STDERR_REDIRECT] 
2025-09-10 17:05:19,835 [ERROR] LogOutputStream:75 - [STDERR_REDIRECT] Sep 10, 2025 5:05:19 PM java.util.prefs.FileSystemPreferences syncWorld
2025-09-10 17:05:19,835 [ERROR] LogOutputStream:75 - [STDERR_REDIRECT] WARNING: Couldn't flush system prefs: java.util.prefs.BackingStoreException: Couldn't get file lock.
2025-09-10 17:05:19,835 [ERROR] LogOutputStream:75 - [STDERR_REDIRECT] 
2025-09-10 17:05:49,835 [ERROR] LogOutputStream:75 - [STDERR_REDIRECT] Sep 10, 2025 5:05:49 PM java.util.prefs.FileSystemPreferences checkLockFile0ErrorCode
2025-09-10 17:05:49,836 [ERROR] LogOutputStream:75 - [STDERR_REDIRECT] WARNING: Could not lock System prefs. Unix error code 2.
2025-09-10 17:05:49,836 [ERROR] LogOutputStream:75 - [STDERR_REDIRECT] 
2025-09-10 17:05:49,836 [ERROR] LogOutputStream:75 - [STDERR_REDIRECT] Sep 10, 2025 5:05:49 PM java.util.prefs.FileSystemPreferences syncWorld
2025-09-10 17:05:49,836 [ERROR] LogOutputStream:75 - [STDERR_REDIRECT] WARNING: Couldn't flush system prefs: java.util.prefs.BackingStoreException: Couldn't get file lock.
2025-09-10 17:05:49,836 [ERROR] LogOutputStream:75 - [STDERR_REDIRECT] 
2025-09-10 17:06:19,835 [ERROR] LogOutputStream:75 - [STDERR_REDIRECT] Sep 10, 2025 5:06:19 PM java.util.prefs.FileSystemPreferences checkLockFile0ErrorCode
2025-09-10 17:06:19,835 [ERROR] LogOutputStream:75 - [STDERR_REDIRECT] WARNING: Could not lock System prefs. Unix error code 2.
2025-09-10 17:06:19,835 [ERROR] LogOutputStream:75 - [STDERR_REDIRECT] 
2025-09-10 17:06:19,835 [ERROR] LogOutputStream:75 - [STDERR_REDIRECT] Sep 10, 2025 5:06:19 PM java.util.prefs.FileSystemPreferences syncWorld
2025-09-10 17:06:19,836 [ERROR] LogOutputStream:75 - [STDERR_REDIRECT] WARNING: Couldn't flush system prefs: java.util.prefs.BackingStoreException: Couldn't get file lock.
2025-09-10 17:06:19,836 [ERROR] LogOutputStream:75 - [STDERR_REDIRECT] 
2025-09-10 17:06:32,838 [ERROR] LogOutputStream:75 - [STDERR_REDIRECT] 
2025-09-10 17:06:32,839 [ERROR] LogOutputStream:75 - [STDERR_REDIRECT] 
