2025-09-07 13:56:05,975 [INFO] Activator:176 - 


2025-09-07 13:56:05,979 [INFO] Activator:177 - !SESSION log4j initialized
2025-09-07 13:56:08,270 [INFO] LogOutputStream:77 - [STDOUT_REDIRECT] 
2025-09-07 13:56:08,589 [ERROR] ConfigurationRetriever:142 - IOException on connection: sw-center.st.com
2025-09-07 13:56:08,590 [ERROR] ConfigurationRetriever:142 - IOException on connection: sw-center.st.com
2025-09-07 13:56:08,591 [ERROR] ConfigurationRetriever:142 - IOException on connection: sw-center.st.com
2025-09-07 13:56:08,913 [INFO] ApplicationProperties:184 - Using Application install path: /opt/st/stm32cubeide_1.19.0/plugins/com.st.stm32cube.common.mx_6.15.0.202507011659
2025-09-07 13:56:08,945 [INFO] DbMcusXml:78 - Set database path to: /opt/st/stm32cubeide_1.19.0/plugins/com.st.stm32cube.common.mx_6.15.0.202507011659//db//mcu/
2025-09-07 13:56:08,946 [INFO] ApiDb:274 - Set plugin database path to: /opt/st/stm32cubeide_1.19.0/plugins/com.st.stm32cube.common.mx_6.15.0.202507011659//db//plugins/boardmanager/
2025-09-07 13:56:08,946 [WARN] ApiDb:259 - Overriding images path with different value:  => /opt/st/stm32cubeide_1.19.0/plugins/com.st.stm32cube.common.mx_6.15.0.202507011659//db//plugins/mcufinder/images/
2025-09-07 13:56:08,952 [INFO] ApiDb:250 - Set database path to: /home/matijak/.stmcufinder/plugins/mcufinder//mcu/
2025-09-07 13:56:08,953 [INFO] DbMcusAds:125 - Set database path to: /home/matijak/.stmcufinder/plugins/mcufinder//mcu/
2025-09-07 13:56:08,955 [INFO] CrossReferenceDbSqlite:203 - Set database path to: /home/matijak/.stmcufinder/plugins/mcufinder//mcu/cs/
2025-09-07 13:56:09,053 [INFO] RulesReader:64 - Compatibility file has been processed (317 Rules)
2025-09-07 13:56:09,108 [INFO] DbMcusXml:78 - Set database path to: /opt/st/stm32cubeide_1.19.0/plugins/com.st.stm32cube.common.mx_6.15.0.202507011659//db//mcu/
2025-09-07 13:56:09,108 [INFO] ApiDb:274 - Set plugin database path to: /opt/st/stm32cubeide_1.19.0/plugins/com.st.stm32cube.common.mx_6.15.0.202507011659//db//plugins/boardmanager/
2025-09-07 13:56:09,108 [INFO] ApiDb:261 - Set plugin images path to: /opt/st/stm32cubeide_1.19.0/plugins/com.st.stm32cube.common.mx_6.15.0.202507011659//db//plugins/mcufinder/images/
2025-09-07 13:56:09,109 [WARN] DbFile:41 - Overriding database path with different value: /home/matijak/.stmcufinder/plugins/mcufinder/ => /home/matijak/.stmcufinder/plugins/mcufinder
2025-09-07 13:56:09,109 [INFO] ApiDb:250 - Set database path to: /home/matijak/.stmcufinder/plugins/mcufinder//mcu/
2025-09-07 13:56:09,109 [WARN] DbFile:41 - Overriding database path with different value: /home/matijak/.stmcufinder/plugins/mcufinder/ => /home/matijak/.stmcufinder/plugins/mcufinder
2025-09-07 13:56:09,109 [INFO] DbMcusAds:125 - Set database path to: /home/matijak/.stmcufinder/plugins/mcufinder//mcu/
2025-09-07 13:56:09,109 [WARN] DbFile:41 - Overriding database path with different value: /home/matijak/.stmcufinder/plugins/mcufinder/ => /home/matijak/.stmcufinder/plugins/mcufinder
2025-09-07 13:56:09,109 [WARN] DbFile:41 - Overriding database path with different value: /home/matijak/.stmcufinder/plugins/mcufinder/ => /home/matijak/.stmcufinder/plugins/mcufinder
2025-09-07 13:56:09,109 [INFO] CrossReferenceDbSqlite:203 - Set database path to: /home/matijak/.stmcufinder/plugins/mcufinder//mcu/cs/
2025-09-07 13:56:09,175 [INFO] MainPanel:274 - HeapMemory: 268435456
2025-09-07 13:56:09,335 [INFO] DbMcusXml:78 - Set database path to: /opt/st/stm32cubeide_1.19.0/plugins/com.st.stm32cube.common.mx_6.15.0.202507011659//db//mcu/
2025-09-07 13:56:09,335 [INFO] ApiDb:274 - Set plugin database path to: /opt/st/stm32cubeide_1.19.0/plugins/com.st.stm32cube.common.mx_6.15.0.202507011659//db//plugins/boardmanager/
2025-09-07 13:56:09,336 [INFO] ApiDb:261 - Set plugin images path to: /opt/st/stm32cubeide_1.19.0/plugins/com.st.stm32cube.common.mx_6.15.0.202507011659//db//plugins/mcufinder/images/
2025-09-07 13:56:09,336 [WARN] DbFile:41 - Overriding database path with different value: /home/matijak/.stmcufinder/plugins/mcufinder/ => /home/matijak/.stmcufinder/plugins/mcufinder
2025-09-07 13:56:09,336 [INFO] ApiDb:250 - Set database path to: /home/matijak/.stmcufinder/plugins/mcufinder//mcu/
2025-09-07 13:56:09,336 [WARN] DbFile:41 - Overriding database path with different value: /home/matijak/.stmcufinder/plugins/mcufinder/ => /home/matijak/.stmcufinder/plugins/mcufinder
2025-09-07 13:56:09,336 [INFO] DbMcusAds:125 - Set database path to: /home/matijak/.stmcufinder/plugins/mcufinder//mcu/
2025-09-07 13:56:09,336 [WARN] DbFile:41 - Overriding database path with different value: /home/matijak/.stmcufinder/plugins/mcufinder/ => /home/matijak/.stmcufinder/plugins/mcufinder
2025-09-07 13:56:09,336 [WARN] DbFile:41 - Overriding database path with different value: /home/matijak/.stmcufinder/plugins/mcufinder/ => /home/matijak/.stmcufinder/plugins/mcufinder
2025-09-07 13:56:09,337 [INFO] CrossReferenceDbSqlite:203 - Set database path to: /home/matijak/.stmcufinder/plugins/mcufinder//mcu/cs/
2025-09-07 13:56:09,356 [INFO] ApplicationProperties:184 - Using Application install path: /opt/st/stm32cubeide_1.19.0/plugins/com.st.stm32cube.common.mx_6.15.0.202507011659
2025-09-07 13:56:09,358 [INFO] PluginManage:196 - Search for loadable plugins [exclusion list=, ]
2025-09-07 13:56:09,359 [INFO] PluginManage:310 - Check plugin analytics
2025-09-07 13:56:09,507 [INFO] AnalyticsPlugin:253 - Accepted Software Licenses: 
2025-09-07 13:56:09,507 [INFO] AnalyticsPlugin:255 - Accepted CMSIS Pack Licenses: 
2025-09-07 13:56:09,508 [INFO] AnalyticsPlugin:257 - Accepted Firmware Licenses: FW.L4.1.18.0
2025-09-07 13:56:09,509 [INFO] PluginManage:359 - Loaded plugin analytics (category:tool,tabindex:-1)
2025-09-07 13:56:09,510 [INFO] PluginManage:310 - Check plugin cadmodel
2025-09-07 13:56:09,510 [ERROR] ConfigurationRetriever:142 - IOException on connection: sw-center.st.com
2025-09-07 13:56:09,511 [ERROR] ConfigurationRetriever:142 - IOException on connection: sw-center.st.com
2025-09-07 13:56:09,511 [ERROR] ConfigurationRetriever:142 - IOException on connection: sw-center.st.com
2025-09-07 13:56:09,515 [INFO] CADModel:105 - Init CAD model plugin
2025-09-07 13:56:09,515 [INFO] PluginManage:359 - Loaded plugin cadmodel (category:power,tabindex:5)
2025-09-07 13:56:09,515 [INFO] PluginManage:310 - Check plugin clock
2025-09-07 13:56:09,523 [INFO] PluginManage:359 - Loaded plugin clock (category:base,tabindex:2)
2025-09-07 13:56:09,523 [INFO] PluginManage:310 - Check plugin ddr
2025-09-07 13:56:09,525 [INFO] PluginManage:359 - Loaded plugin ddr (category:tool,tabindex:6)
2025-09-07 13:56:09,526 [INFO] PluginManage:310 - Check plugin filemanager
2025-09-07 13:56:09,629 [INFO] PluginManage:359 - Loaded plugin filemanager (category:base,tabindex:10)
2025-09-07 13:56:09,629 [INFO] PluginManage:310 - Check plugin ipmanager
2025-09-07 13:56:09,634 [INFO] PluginManage:359 - Loaded plugin ipmanager (category:base,tabindex:5)
2025-09-07 13:56:09,635 [INFO] PluginManage:310 - Check plugin lpbam
2025-09-07 13:56:09,645 [INFO] PluginManage:359 - Loaded plugin lpbam (category:base,tabindex:0)
2025-09-07 13:56:09,646 [INFO] PluginManage:310 - Check plugin memorymap
2025-09-07 13:56:09,657 [INFO] PluginManage:359 - Loaded plugin memorymap (category:base,tabindex:4)
2025-09-07 13:56:09,657 [INFO] PluginManage:310 - Check plugin pinoutandconfiguration
2025-09-07 13:56:09,665 [INFO] PluginManage:359 - Loaded plugin pinoutandconfiguration (category:base,tabindex:1)
2025-09-07 13:56:09,665 [INFO] PluginManage:310 - Check plugin pinoutconfig
2025-09-07 13:56:09,726 [WARN] SupportedApi:132 - Cannot load RTOS API schema: s4s-elt-must-match.1: The content of 'definitions' must match (annotation?, (simpleType | complexType)?, (unique | key | keyref)*)). A problem was found starting at: attribute.
2025-09-07 13:56:09,831 [INFO] PluginManage:359 - Loaded plugin pinoutconfig (category:base,tabindex:0)
2025-09-07 13:56:09,831 [INFO] PluginManage:310 - Check plugin power
2025-09-07 13:56:09,839 [INFO] PluginManage:359 - Loaded plugin power (category:power,tabindex:4)
2025-09-07 13:56:09,839 [INFO] PluginManage:310 - Check plugin projectmanager
2025-09-07 13:56:09,852 [INFO] PluginManage:359 - Loaded plugin projectmanager (category:projectmanager,tabindex:4)
2025-09-07 13:56:09,852 [INFO] PluginManage:310 - Check plugin rif
2025-09-07 13:56:09,862 [INFO] PluginManage:359 - Loaded plugin rif (category:base,tabindex:3)
2025-09-07 13:56:09,862 [INFO] PluginManage:310 - Check plugin thirdparty
2025-09-07 13:56:09,961 [INFO] PluginManage:359 - Loaded plugin thirdparty (category:base,tabindex:-1)
2025-09-07 13:56:09,961 [WARN] IntegrityCheckThread:84 - waiting for thirdparty lock release [integrity check]
2025-09-07 13:56:09,961 [INFO] PluginManage:310 - Check plugin tools
2025-09-07 13:56:09,961 [INFO] IntegrityCheckThread:86 - entering critical section [integrity check]
2025-09-07 13:56:09,962 [INFO] ThirdPartyUpdaterWithRetryManager:70 - Updater plugin not ready yet. [1/15]
2025-09-07 13:56:09,964 [INFO] PluginManage:359 - Loaded plugin tools (category:base,tabindex:7)
2025-09-07 13:56:09,964 [INFO] PluginManage:310 - Check plugin tutovideos
2025-09-07 13:56:10,123 [INFO] PluginManage:359 - Loaded plugin tutovideos (category:base,tabindex:-1)
2025-09-07 13:56:10,123 [INFO] PluginManage:310 - Check plugin updater
2025-09-07 13:56:10,144 [INFO] PluginManage:359 - Loaded plugin updater (category:base,tabindex:12)
2025-09-07 13:56:10,145 [INFO] PluginManage:310 - Check plugin userauth
2025-09-07 13:56:10,148 [INFO] UserAuth:118 - Init User Auth plugin
2025-09-07 13:56:10,149 [INFO] PluginManage:359 - Loaded plugin userauth (category:base,tabindex:14)
2025-09-07 13:56:10,149 [INFO] PluginManage:283 - PluginManage : Loaded plugins [18]
2025-09-07 13:56:10,301 [INFO] PinOutPanel:1589 - setPackage(No Configuration,No Configuration)
2025-09-07 13:56:10,365 [INFO] CADModel:165 - CPN selected for project level
2025-09-07 13:56:10,365 [INFO] CADModel:114 - Register for checkConnection events
2025-09-07 13:56:10,381 [INFO] IPUIPlugin:80 - create IPUIPlugin
2025-09-07 13:56:10,381 [INFO] PluginManager:220 - loadIPPluginJar : add adc
2025-09-07 13:56:10,383 [INFO] IPUIPlugin:80 - create IPUIPlugin
2025-09-07 13:56:10,383 [INFO] PluginManager:220 - loadIPPluginJar : add aes
2025-09-07 13:56:10,385 [INFO] IPUIPlugin:80 - create IPUIPlugin
2025-09-07 13:56:10,385 [INFO] PluginManager:220 - loadIPPluginJar : add can
2025-09-07 13:56:10,386 [INFO] IPUIPlugin:80 - create IPUIPlugin
2025-09-07 13:56:10,386 [INFO] PluginManager:220 - loadIPPluginJar : add comp
2025-09-07 13:56:10,388 [INFO] IPUIPlugin:80 - create IPUIPlugin
2025-09-07 13:56:10,388 [INFO] PluginManager:220 - loadIPPluginJar : add cryp
2025-09-07 13:56:10,390 [INFO] IPUIPlugin:80 - create IPUIPlugin
2025-09-07 13:56:10,391 [INFO] PluginManager:220 - loadIPPluginJar : add ddr_ctrl_phy
2025-09-07 13:56:10,393 [INFO] IPUIPlugin:80 - create IPUIPlugin
2025-09-07 13:56:10,393 [INFO] PluginManager:220 - loadIPPluginJar : add dfsdm
2025-09-07 13:56:10,398 [INFO] IPUIPlugin:80 - create IPUIPlugin
2025-09-07 13:56:10,398 [INFO] PluginManager:220 - loadIPPluginJar : add dma
2025-09-07 13:56:10,400 [INFO] IPUIPlugin:80 - create IPUIPlugin
2025-09-07 13:56:10,400 [INFO] PluginManager:220 - loadIPPluginJar : add dma3
2025-09-07 13:56:10,402 [INFO] IPUIPlugin:80 - create IPUIPlugin
2025-09-07 13:56:10,402 [INFO] PluginManager:220 - loadIPPluginJar : add extmemmanager
2025-09-07 13:56:10,403 [INFO] IPUIPlugin:80 - create IPUIPlugin
2025-09-07 13:56:10,403 [INFO] PluginManager:220 - loadIPPluginJar : add fatfs
2025-09-07 13:56:10,408 [INFO] IPUIPlugin:80 - create IPUIPlugin
2025-09-07 13:56:10,408 [INFO] PluginManager:220 - loadIPPluginJar : add fmc
2025-09-07 13:56:10,414 [INFO] IPUIPlugin:80 - create IPUIPlugin
2025-09-07 13:56:10,414 [INFO] PluginManager:220 - loadIPPluginJar : add freertos
2025-09-07 13:56:10,415 [INFO] IPUIPlugin:80 - create IPUIPlugin
2025-09-07 13:56:10,415 [INFO] PluginManager:220 - loadIPPluginJar : add genericplugin
2025-09-07 13:56:10,417 [INFO] IPUIPlugin:80 - create IPUIPlugin
2025-09-07 13:56:10,417 [INFO] PluginManager:220 - loadIPPluginJar : add gfxmmu
2025-09-07 13:56:10,422 [INFO] IPUIPlugin:80 - create IPUIPlugin
2025-09-07 13:56:10,423 [INFO] PluginManager:220 - loadIPPluginJar : add gic
2025-09-07 13:56:10,427 [INFO] IPUIPlugin:80 - create IPUIPlugin
2025-09-07 13:56:10,427 [INFO] PluginManager:220 - loadIPPluginJar : add gpio
2025-09-07 13:56:10,430 [INFO] IPUIPlugin:80 - create IPUIPlugin
2025-09-07 13:56:10,430 [INFO] PluginManager:220 - loadIPPluginJar : add gtzc
2025-09-07 13:56:10,431 [INFO] IPUIPlugin:80 - create IPUIPlugin
2025-09-07 13:56:10,431 [INFO] PluginManager:220 - loadIPPluginJar : add hash
2025-09-07 13:56:10,433 [INFO] IPUIPlugin:80 - create IPUIPlugin
2025-09-07 13:56:10,433 [INFO] PluginManager:220 - loadIPPluginJar : add i2c
2025-09-07 13:56:10,434 [INFO] IPUIPlugin:80 - create IPUIPlugin
2025-09-07 13:56:10,434 [INFO] PluginManager:220 - loadIPPluginJar : add i2s
2025-09-07 13:56:10,436 [INFO] IPUIPlugin:80 - create IPUIPlugin
2025-09-07 13:56:10,436 [INFO] PluginManager:220 - loadIPPluginJar : add i3c
2025-09-07 13:56:10,439 [INFO] IPUIPlugin:80 - create IPUIPlugin
2025-09-07 13:56:10,440 [INFO] PluginManager:220 - loadIPPluginJar : add ipddr
2025-09-07 13:56:10,446 [INFO] IPUIPlugin:80 - create IPUIPlugin
2025-09-07 13:56:10,446 [INFO] PluginManager:220 - loadIPPluginJar : add linkedlist
2025-09-07 13:56:10,448 [INFO] IPUIPlugin:80 - create IPUIPlugin
2025-09-07 13:56:10,448 [INFO] PluginManager:220 - loadIPPluginJar : add lorawan
2025-09-07 13:56:10,450 [INFO] IPUIPlugin:80 - create IPUIPlugin
2025-09-07 13:56:10,450 [INFO] PluginManager:220 - loadIPPluginJar : add ltdc
2025-09-07 13:56:10,454 [INFO] IPUIPlugin:80 - create IPUIPlugin
2025-09-07 13:56:10,455 [INFO] PluginManager:220 - loadIPPluginJar : add mdma
2025-09-07 13:56:10,459 [INFO] IPUIPlugin:80 - create IPUIPlugin
2025-09-07 13:56:10,459 [INFO] PluginManager:220 - loadIPPluginJar : add nvic
2025-09-07 13:56:10,462 [INFO] IPUIPlugin:80 - create IPUIPlugin
2025-09-07 13:56:10,462 [INFO] PluginManager:220 - loadIPPluginJar : add opamp
2025-09-07 13:56:10,464 [INFO] IPUIPlugin:80 - create IPUIPlugin
2025-09-07 13:56:10,464 [INFO] PluginManager:220 - loadIPPluginJar : add openamp
2025-09-07 13:56:10,467 [INFO] IPUIPlugin:80 - create IPUIPlugin
2025-09-07 13:56:10,467 [INFO] PluginManager:220 - loadIPPluginJar : add pdm2pcm
2025-09-07 13:56:10,472 [INFO] IPUIPlugin:80 - create IPUIPlugin
2025-09-07 13:56:10,475 [INFO] PluginManager:220 - loadIPPluginJar : add plateformsettings
2025-09-07 13:56:10,476 [INFO] IPUIPlugin:80 - create IPUIPlugin
2025-09-07 13:56:10,476 [INFO] PluginManager:220 - loadIPPluginJar : add quadspi
2025-09-07 13:56:10,478 [INFO] IPUIPlugin:80 - create IPUIPlugin
2025-09-07 13:56:10,478 [INFO] PluginManager:220 - loadIPPluginJar : add radio
2025-09-07 13:56:10,481 [INFO] IPUIPlugin:80 - create IPUIPlugin
2025-09-07 13:56:10,481 [INFO] PluginManager:220 - loadIPPluginJar : add resmgrutility
2025-09-07 13:56:10,484 [INFO] IPUIPlugin:80 - create IPUIPlugin
2025-09-07 13:56:10,484 [INFO] PluginManager:220 - loadIPPluginJar : add sai
2025-09-07 13:56:10,486 [INFO] IPUIPlugin:80 - create IPUIPlugin
2025-09-07 13:56:10,486 [INFO] PluginManager:220 - loadIPPluginJar : add spi
2025-09-07 13:56:10,493 [INFO] IPUIPlugin:80 - create IPUIPlugin
2025-09-07 13:56:10,493 [INFO] PluginManager:220 - loadIPPluginJar : add stm32_wpan
2025-09-07 13:56:10,495 [INFO] IPUIPlugin:80 - create IPUIPlugin
2025-09-07 13:56:10,495 [INFO] PluginManager:220 - loadIPPluginJar : add tim
2025-09-07 13:56:10,498 [INFO] IPUIPlugin:80 - create IPUIPlugin
2025-09-07 13:56:10,498 [INFO] PluginManager:220 - loadIPPluginJar : add touchsensing
2025-09-07 13:56:10,501 [INFO] IPUIPlugin:80 - create IPUIPlugin
2025-09-07 13:56:10,501 [INFO] PluginManager:220 - loadIPPluginJar : add tracer_emb
2025-09-07 13:56:10,503 [INFO] IPUIPlugin:80 - create IPUIPlugin
2025-09-07 13:56:10,503 [INFO] PluginManager:220 - loadIPPluginJar : add ts
2025-09-07 13:56:10,505 [INFO] IPUIPlugin:80 - create IPUIPlugin
2025-09-07 13:56:10,505 [INFO] PluginManager:220 - loadIPPluginJar : add tsc
2025-09-07 13:56:10,507 [INFO] IPUIPlugin:80 - create IPUIPlugin
2025-09-07 13:56:10,507 [INFO] PluginManager:220 - loadIPPluginJar : add ucpd
2025-09-07 13:56:10,509 [INFO] IPUIPlugin:80 - create IPUIPlugin
2025-09-07 13:56:10,509 [INFO] PluginManager:220 - loadIPPluginJar : add usart
2025-09-07 13:56:10,512 [INFO] IPUIPlugin:80 - create IPUIPlugin
2025-09-07 13:56:10,512 [INFO] PluginManager:220 - loadIPPluginJar : add usbx
2025-09-07 13:56:10,612 [FATAL] Updater:351 - Updater called before beeing initialized
2025-09-07 13:56:10,632 [INFO] RulesReader:64 - Compatibility file has been processed (317 Rules)
2025-09-07 13:56:10,641 [INFO] RulesReader:64 - Compatibility file has been processed (317 Rules)
2025-09-07 13:56:10,648 [INFO] CADModel:165 - CPN selected for project level
2025-09-07 13:56:10,648 [INFO] CADModel:114 - Register for checkConnection events
2025-09-07 13:56:10,648 [FATAL] Updater:351 - Updater called before beeing initialized
2025-09-07 13:56:10,648 [ERROR] CADModel:125 - Updater not yet initialized, retry later 
2025-09-07 13:56:10,742 [FATAL] Updater:351 - Updater called before beeing initialized
2025-09-07 13:56:10,743 [INFO] CADModel:165 - CPN selected for project level
2025-09-07 13:56:10,743 [INFO] CADModel:114 - Register for checkConnection events
2025-09-07 13:56:10,744 [FATAL] Updater:351 - Updater called before beeing initialized
2025-09-07 13:56:10,744 [ERROR] CADModel:125 - Updater not yet initialized, retry later 
2025-09-07 13:56:10,746 [FATAL] Updater:351 - Updater called before beeing initialized
2025-09-07 13:56:10,812 [FATAL] Updater:351 - Updater called before beeing initialized
2025-09-07 13:56:10,815 [INFO] DbMcusAds:53 - JSON generation date=Tue Jul 08 10:14:23 CEST 2025 (1751962463582)
2025-09-07 13:56:10,815 [FATAL] Updater:351 - Updater called before beeing initialized
2025-09-07 13:56:10,838 [WARN] DetailPanel:346 - Failed to get advertising image, set to default
2025-09-07 13:56:10,886 [FATAL] Updater:351 - Updater called before beeing initialized
2025-09-07 13:56:10,887 [FATAL] Updater:351 - Updater called before beeing initialized
2025-09-07 13:56:10,887 [FATAL] Updater:351 - Updater called before beeing initialized
2025-09-07 13:56:10,887 [WARN] DetailPanel:346 - Failed to get advertising image, set to default
2025-09-07 13:56:10,888 [FATAL] Updater:351 - Updater called before beeing initialized
2025-09-07 13:56:10,912 [ERROR] Updater:1198 - MainUpdater not yet initialized. External WinMGr cannot be set.
2025-09-07 13:56:10,913 [INFO] Updater:1134 - Updater Version found : 6.15.0
2025-09-07 13:56:10,925 [INFO] ApplicationProperties:184 - Using Application install path: /opt/st/stm32cubeide_1.19.0/plugins/com.st.stm32cube.common.mx_6.15.0.202507011659
2025-09-07 13:56:10,934 [ERROR] LogOutputStream:75 - [STDERR_REDIRECT] Sep 07, 2025 1:56:10 PM java.util.prefs.FileSystemPreferences$2 run
2025-09-07 13:56:10,934 [ERROR] LogOutputStream:75 - [STDERR_REDIRECT] WARNING: Could not create system preferences directory. System preferences are unusable.
2025-09-07 13:56:10,934 [ERROR] LogOutputStream:75 - [STDERR_REDIRECT] 
2025-09-07 13:56:11,088 [INFO] MainUpdater:2872 - connection check result : 22
2025-09-07 13:56:11,089 [INFO] MainUpdater:289 - Updater Check For Update Now.
2025-09-07 13:56:11,090 [INFO] MicroXplorer:498 - Change Database Version : DB.6.0.150
2025-09-07 13:56:11,094 [INFO] McuFinderGlobals:63 - Set McuFinder mode to 2 (CubeIDE integrated)
2025-09-07 13:56:11,095 [INFO] UserAuth:487 - Internet connection configuration mode: 2
2025-09-07 13:56:11,100 [INFO] UserAuth:487 - Internet connection configuration mode: 2
2025-09-07 13:56:11,261 [INFO] CheckServerUpdateThread:120 - End of CheckServer Thread
2025-09-07 13:56:13,140 [WARN] PackLoader:240 - Cannot read IP mode file for STMicroelectronics.FP-SNS-MOTENVWB1.1.4.0
2025-09-07 13:56:13,148 [WARN] PackLoader:240 - Cannot read IP mode file for STMicroelectronics.FP-ATR-ASTRA1.2.0.2
2025-09-07 13:56:13,155 [WARN] PackLoader:240 - Cannot read IP mode file for STMicroelectronics.X-CUBE-SMBUS.2.1.0
2025-09-07 13:56:13,160 [WARN] PackLoader:240 - Cannot read IP mode file for STMicroelectronics.X-CUBE-ST60.1.0.0
2025-09-07 13:56:13,192 [WARN] PackLoader:240 - Cannot read IP mode file for STMicroelectronics.X-CUBE-AZRTOS-F7.1.1.0
2025-09-07 13:56:13,206 [WARN] PackLoader:240 - Cannot read IP mode file for WES.I-CUBE-Cesium.1.4.0
2025-09-07 13:56:13,230 [WARN] PackLoader:240 - Cannot read IP mode file for Infineon.AIROC-Wi-Fi-Bluetooth-STM32.1.7.1
2025-09-07 13:56:13,260 [WARN] PackLoader:240 - Cannot read IP mode file for STMicroelectronics.X-CUBE-AZRTOS-H7.3.4.0
2025-09-07 13:56:13,272 [WARN] PackLoader:240 - Cannot read IP mode file for STMicroelectronics.X-CUBE-DISPLAY.3.0.0
2025-09-07 13:56:13,283 [WARN] PackLoader:240 - Cannot read IP mode file for STMicroelectronics.X-CUBE-NFC10.1.0.0
2025-09-07 13:56:13,290 [WARN] PackLoader:240 - Cannot read IP mode file for emotas.I-CUBE-CANOPEN.1.3.0
2025-09-07 13:56:13,297 [WARN] PackLoader:240 - Cannot read IP mode file for STMicroelectronics.FP-SNS-STBOX1.2.1.0
2025-09-07 13:56:13,302 [WARN] PackLoader:240 - Cannot read IP mode file for STMicroelectronics.FP-SNS-SMARTAG2.1.2.0
2025-09-07 13:56:13,306 [WARN] PackLoader:240 - Cannot read IP mode file for STMicroelectronics.FP-SNS-FLIGHT1.5.1.0
2025-09-07 13:56:13,315 [INFO] LogOutputStream:77 - [STDOUT_REDIRECT] 1 : Invalid condition id : UX_CORESTACK_Condition cause : null
2025-09-07 13:56:13,315 [INFO] LogOutputStream:77 - [STDOUT_REDIRECT] 1 : Invalid condition id : UX_CORESTACK_Condition cause : null
2025-09-07 13:56:13,317 [INFO] LogOutputStream:77 - [STDOUT_REDIRECT] 1 : Invalid condition id : UX_CORESTACK_Condition cause : null
2025-09-07 13:56:13,318 [INFO] LogOutputStream:77 - [STDOUT_REDIRECT] 1 : Invalid condition id : UX_CORESTACK_Condition cause : null
2025-09-07 13:56:13,319 [INFO] LogOutputStream:77 - [STDOUT_REDIRECT] 1 : Invalid condition id : UX_CORESTACK_Condition cause : null
2025-09-07 13:56:13,323 [WARN] PackLoader:240 - Cannot read IP mode file for STMicroelectronics.X-CUBE-AZRTOS-WL.2.0.0
2025-09-07 13:56:13,328 [WARN] PackLoader:240 - Cannot read IP mode file for STMicroelectronics.FP-SNS-MOTENV1.5.0.0
2025-09-07 13:56:13,336 [WARN] PackLoader:240 - Cannot read IP mode file for STMicroelectronics.X-CUBE-BLE2.3.3.0
2025-09-07 13:56:13,341 [WARN] PackLoader:240 - Cannot read IP mode file for STMicroelectronics.X-CUBE-NFC9.1.0.0
2025-09-07 13:56:13,347 [WARN] PackLoader:240 - Cannot read IP mode file for wolfSSL.I-CUBE-wolfSSL.5.8.2
2025-09-07 13:56:13,351 [WARN] PackLoader:240 - Cannot read IP mode file for STMicroelectronics.X-CUBE-BLE1.7.1.0
2025-09-07 13:56:13,354 [WARN] PackLoader:240 - Cannot read IP mode file for wolfSSL.I-CUBE-wolfMQTT.1.19.2
2025-09-07 13:56:13,359 [WARN] PackLoader:240 - Cannot read IP mode file for STMicroelectronics.X-CUBE-EEPRMA1.5.2.0
2025-09-07 13:56:13,382 [WARN] PackLoader:240 - Cannot read IP mode file for STMicroelectronics.X-CUBE-AZRTOS-G0.1.1.0
2025-09-07 13:56:13,396 [WARN] PackLoader:240 - Cannot read IP mode file for STMicroelectronics.X-CUBE-SAFEA1.1.2.2
2025-09-07 13:56:13,405 [WARN] PackLoader:240 - Cannot read IP mode file for STMicroelectronics.X-CUBE-NFC4.3.0.0
2025-09-07 13:56:13,419 [WARN] PackLoader:240 - Cannot read IP mode file for EmbeddedOffice.I-CUBE-FS-RTOS.1.0.1
2025-09-07 13:56:13,427 [WARN] PackLoader:240 - Cannot read IP mode file for STMicroelectronics.X-CUBE-WB05N.2.0.0
2025-09-07 13:56:13,433 [WARN] PackLoader:240 - Cannot read IP mode file for wolfSSL.I-CUBE-wolfTPM.3.8.0
2025-09-07 13:56:13,440 [WARN] PackLoader:240 - Cannot read IP mode file for STMicroelectronics.X-CUBE-TCPP.4.2.0
2025-09-07 13:56:13,469 [WARN] PackLoader:240 - Cannot read IP mode file for RealThread.X-CUBE-RT-Thread_Nano.4.1.1
2025-09-07 13:56:13,474 [WARN] PackLoader:240 - Cannot read IP mode file for STMicroelectronics.FP-ATR-SIGFOX1.3.2.0
2025-09-07 13:56:13,481 [WARN] PackLoader:240 - Cannot read IP mode file for ITTIA_DB.I-CUBE-ITTIADB.8.9.0
2025-09-07 13:56:13,487 [WARN] PackLoader:240 - Cannot read IP mode file for STMicroelectronics.X-CUBE-ST67W61.1.0.0
2025-09-07 13:56:13,491 [WARN] PackLoader:240 - Cannot read IP mode file for STMicroelectronics.X-CUBE-AI.10.2.0
2025-09-07 13:56:13,513 [WARN] PackLoader:240 - Cannot read IP mode file for SEGGER.I-CUBE-embOS.1.3.1
2025-09-07 13:56:13,573 [WARN] PackLoader:240 - Cannot read IP mode file for STMicroelectronics.X-CUBE-ALGOBUILD.1.4.0
2025-09-07 13:56:13,618 [WARN] PackLoader:240 - Cannot read IP mode file for STMicroelectronics.X-CUBE-MEMS1.11.3.0
2025-09-07 13:56:13,728 [WARN] PackLoader:240 - Cannot read IP mode file for STMicroelectronics.X-CUBE-PM33A1.1.0.0
2025-09-07 13:56:13,739 [WARN] PackLoader:240 - Cannot read IP mode file for STMicroelectronics.X-CUBE-AZRTOS-F4.1.1.0
2025-09-07 13:56:13,743 [WARN] PackLoader:240 - Cannot read IP mode file for Avnet-IotConnect.X-CUBE-IoTC-DA16k-PMOD.1.0.0
2025-09-07 13:56:13,747 [WARN] PackLoader:240 - Cannot read IP mode file for STMicroelectronics.X-CUBE-ISPU.2.1.0
2025-09-07 13:56:13,751 [WARN] PackLoader:240 - Cannot read IP mode file for STMicroelectronics.X-CUBE-NFC12.1.0.0
2025-09-07 13:56:13,763 [WARN] PackLoader:240 - Cannot read IP mode file for STMicroelectronics.X-CUBE-AZRTOS-L5.2.0.0
2025-09-07 13:56:13,769 [WARN] PackLoader:240 - Cannot read IP mode file for STMicroelectronics.X-CUBE-NFC6.3.1.0
2025-09-07 13:56:13,774 [WARN] PackLoader:240 - Cannot read IP mode file for STMicroelectronics.X-CUBE-FREERTOS.1.3.1
2025-09-07 13:56:13,777 [WARN] PackLoader:240 - Cannot read IP mode file for STMicroelectronics.FP-SNS-STAIOTCFT.1.0.0
2025-09-07 13:56:13,780 [WARN] PackLoader:240 - Cannot read IP mode file for STMicroelectronics.X-CUBE-DPower.1.3.0
2025-09-07 13:56:13,802 [WARN] ConditionMgr:438 - getConditionDescription Invalid condition id : LAN8742 Phy interface Condition cause : null
2025-09-07 13:56:13,803 [WARN] PackLoader:240 - Cannot read IP mode file for STMicroelectronics.X-CUBE-AZRTOS-L4.2.0.0
2025-09-07 13:56:13,804 [WARN] ConditionMgr:1044 - genDependencies : Invalid condition id : LAN8742 Phy interface Condition cause : null
2025-09-07 13:56:13,805 [WARN] ConditionMgr:1044 - genDependencies : Invalid condition id : LAN8742 Phy interface Condition cause : null
2025-09-07 13:56:13,805 [WARN] ConditionMgr:1044 - genDependencies : Invalid condition id : LAN8742 Phy interface Condition cause : null
2025-09-07 13:56:13,812 [WARN] PackLoader:240 - Cannot read IP mode file for STMicroelectronics.X-CUBE-SFXS2LP1.4.0.0
2025-09-07 13:56:13,819 [WARN] PackLoader:240 - Cannot read IP mode file for STMicroelectronics.X-CUBE-BLEMGR.4.1.0
2025-09-07 13:56:13,828 [WARN] ConditionMgr:438 - getConditionDescription Invalid condition id : UX DEVICE CLASS RTOS Condition cause : null
2025-09-07 13:56:13,828 [WARN] ConditionMgr:438 - getConditionDescription Invalid condition id : UX DEVICE CLASS RTOS Condition cause : null
2025-09-07 13:56:13,829 [WARN] PackLoader:240 - Cannot read IP mode file for STMicroelectronics.X-CUBE-AZRTOS-WB.2.0.0
2025-09-07 13:56:13,830 [WARN] ConditionMgr:1044 - genDependencies : Invalid condition id : UX DEVICE CLASS RTOS Condition cause : null
2025-09-07 13:56:13,830 [WARN] ConditionMgr:1044 - genDependencies : Invalid condition id : UX DEVICE CLASS RTOS Condition cause : null
2025-09-07 13:56:13,830 [WARN] ConditionMgr:1044 - genDependencies : Invalid condition id : UX DEVICE CLASS RTOS Condition cause : null
2025-09-07 13:56:13,830 [WARN] ConditionMgr:1044 - genDependencies : Invalid condition id : UX DEVICE CLASS RTOS Condition cause : null
2025-09-07 13:56:13,830 [WARN] ConditionMgr:1044 - genDependencies : Invalid condition id : UX DEVICE CLASS RTOS Condition cause : null
2025-09-07 13:56:13,834 [WARN] PackLoader:240 - Cannot read IP mode file for STMicroelectronics.X-CUBE-GNSS1.7.0.1
2025-09-07 13:56:13,838 [WARN] PackLoader:240 - Cannot read IP mode file for STMicroelectronics.X-CUBE-TOUCHGFX.4.25.0
2025-09-07 13:56:13,840 [WARN] ConditionMgr:438 - getConditionDescription Invalid condition id : Cortex-A Device cause : null
2025-09-07 13:56:13,851 [WARN] ConditionMgr:1044 - genDependencies : Invalid condition id : Cortex-A Device cause : null
2025-09-07 13:56:13,851 [WARN] ConditionMgr:1044 - genDependencies : Invalid condition id : Cortex-A Device cause : null
2025-09-07 13:56:13,851 [WARN] ConditionMgr:1044 - genDependencies : Invalid condition id : Cortex-A Device cause : null
2025-09-07 13:56:13,857 [WARN] PackLoader:240 - Cannot read IP mode file for STMicroelectronics.X-CUBE-SUBG2.5.0.0
2025-09-07 13:56:13,870 [WARN] PackLoader:240 - Cannot read IP mode file for STMicroelectronics.X-CUBE-AZRTOS-H7RS.1.1.0
2025-09-07 13:56:13,874 [WARN] PackLoader:240 - Cannot read IP mode file for Cesanta.I-CUBE-Mongoose.7.13.0
2025-09-07 13:56:13,881 [WARN] PackLoader:240 - Cannot read IP mode file for STMicroelectronics.X-CUBE-AZRTOS-G4.2.0.0
2025-09-07 13:56:13,884 [WARN] PackLoader:240 - Cannot read IP mode file for wolfSSL.I-CUBE-wolfSSH.1.4.20
2025-09-07 13:56:13,886 [WARN] PackLoader:240 - Cannot read IP mode file for STMicroelectronics.X-CUBE-NFC7.2.0.0
2025-09-07 13:56:13,895 [WARN] PackLoader:240 - Cannot read IP mode file for STMicroelectronics.X-CUBE-IPS.3.1.0
2025-09-07 13:56:13,905 [WARN] PackLoader:240 - Cannot read IP mode file for STMicroelectronics.X-CUBE-ALS.1.0.2
2025-09-07 13:56:13,912 [WARN] PackLoader:240 - Cannot read IP mode file for STMicroelectronics.X-CUBE-TOF1.3.4.3
2025-09-07 13:56:13,919 [INFO] ThirdParty:978 - Integrity check success = true
2025-09-07 13:56:13,919 [INFO] IntegrityCheckThread:100 - exiting critical section [integrity check]
2025-09-07 13:56:13,919 [INFO] IntegrityCheckThread:103 - End integrity checks thread
2025-09-07 13:56:39,914 [ERROR] LogOutputStream:75 - [STDERR_REDIRECT] Sep 07, 2025 1:56:39 PM java.util.prefs.FileSystemPreferences checkLockFile0ErrorCode
2025-09-07 13:56:39,915 [ERROR] LogOutputStream:75 - [STDERR_REDIRECT] WARNING: Could not lock System prefs. Unix error code 2.
2025-09-07 13:56:39,916 [ERROR] LogOutputStream:75 - [STDERR_REDIRECT] 
2025-09-07 13:56:39,917 [ERROR] LogOutputStream:75 - [STDERR_REDIRECT] Sep 07, 2025 1:56:39 PM java.util.prefs.FileSystemPreferences syncWorld
2025-09-07 13:56:39,918 [ERROR] LogOutputStream:75 - [STDERR_REDIRECT] WARNING: Couldn't flush system prefs: java.util.prefs.BackingStoreException: Couldn't get file lock.
2025-09-07 13:56:39,918 [ERROR] LogOutputStream:75 - [STDERR_REDIRECT] 
2025-09-07 13:57:09,897 [ERROR] LogOutputStream:75 - [STDERR_REDIRECT] Sep 07, 2025 1:57:09 PM java.util.prefs.FileSystemPreferences checkLockFile0ErrorCode
2025-09-07 13:57:09,898 [ERROR] LogOutputStream:75 - [STDERR_REDIRECT] WARNING: Could not lock System prefs. Unix error code 2.
2025-09-07 13:57:09,898 [ERROR] LogOutputStream:75 - [STDERR_REDIRECT] 
2025-09-07 13:57:09,899 [ERROR] LogOutputStream:75 - [STDERR_REDIRECT] Sep 07, 2025 1:57:09 PM java.util.prefs.FileSystemPreferences syncWorld
2025-09-07 13:57:09,900 [ERROR] LogOutputStream:75 - [STDERR_REDIRECT] WARNING: Couldn't flush system prefs: java.util.prefs.BackingStoreException: Couldn't get file lock.
2025-09-07 13:57:09,900 [ERROR] LogOutputStream:75 - [STDERR_REDIRECT] 
2025-09-07 13:57:39,898 [ERROR] LogOutputStream:75 - [STDERR_REDIRECT] Sep 07, 2025 1:57:39 PM java.util.prefs.FileSystemPreferences checkLockFile0ErrorCode
2025-09-07 13:57:39,898 [ERROR] LogOutputStream:75 - [STDERR_REDIRECT] WARNING: Could not lock System prefs. Unix error code 2.
2025-09-07 13:57:39,899 [ERROR] LogOutputStream:75 - [STDERR_REDIRECT] 
2025-09-07 13:57:39,900 [ERROR] LogOutputStream:75 - [STDERR_REDIRECT] Sep 07, 2025 1:57:39 PM java.util.prefs.FileSystemPreferences syncWorld
2025-09-07 13:57:39,901 [ERROR] LogOutputStream:75 - [STDERR_REDIRECT] WARNING: Couldn't flush system prefs: java.util.prefs.BackingStoreException: Couldn't get file lock.
2025-09-07 13:57:39,901 [ERROR] LogOutputStream:75 - [STDERR_REDIRECT] 
2025-09-07 13:58:09,897 [ERROR] LogOutputStream:75 - [STDERR_REDIRECT] Sep 07, 2025 1:58:09 PM java.util.prefs.FileSystemPreferences checkLockFile0ErrorCode
2025-09-07 13:58:09,898 [ERROR] LogOutputStream:75 - [STDERR_REDIRECT] WARNING: Could not lock System prefs. Unix error code 2.
2025-09-07 13:58:09,898 [ERROR] LogOutputStream:75 - [STDERR_REDIRECT] 
2025-09-07 13:58:09,899 [ERROR] LogOutputStream:75 - [STDERR_REDIRECT] Sep 07, 2025 1:58:09 PM java.util.prefs.FileSystemPreferences syncWorld
2025-09-07 13:58:09,900 [ERROR] LogOutputStream:75 - [STDERR_REDIRECT] WARNING: Couldn't flush system prefs: java.util.prefs.BackingStoreException: Couldn't get file lock.
2025-09-07 13:58:09,900 [ERROR] LogOutputStream:75 - [STDERR_REDIRECT] 
2025-09-07 13:58:22,334 [INFO] McuFinderGlobals:63 - Set McuFinder mode to 2 (CubeIDE integrated)
2025-09-07 13:58:22,338 [INFO] MainUpdater:2872 - connection check result : 22
2025-09-07 13:58:36,022 [INFO] ApiDb:581 - Connected to CubeFinder SQLite database (/home/matijak/.stmcufinder/plugins/mcufinder/mcu/cube-finder-db.db)
2025-09-07 13:58:36,074 [INFO] ApiDb:668 - CubeFinder database Data Model version=2.1
2025-09-07 13:58:36,074 [INFO] ApiDb:669 - CubeFinder database Configuration version=3.0.39
2025-09-07 13:58:36,075 [INFO] ApiDb:670 - CubeFinder database generation date=2025-07-24 (1753349077)
2025-09-07 13:58:36,075 [INFO] ApiDb:671 - CubeFinder database FW Pack versions=[FP-ATR-ASTRA1_V2.0.0, FP-SNS-FLIGHT1_V5.1.0, FP-SNS-MOTENV1_V5.0.0, FP-SNS-MOTENVWB1_V1.4.0, FP-SNS-SMARTAG2_V1.2.0, FP-SNS-STBOX1_V2.0.0, STM32Cube_FW_C0_V1.4.0, STM32Cube_FW_F4_V1.28.2, STM32Cube_FW_F7_V1.17.3, STM32Cube_FW_G0_V1.6.2, STM32Cube_FW_G4_V1.6.1, STM32Cube_FW_H5_V1.5.0, STM32Cube_FW_H7RS_V1.2.0, STM32Cube_FW_H7_V1.12.1, STM32Cube_FW_L0_V1.12.2, STM32Cube_FW_L4_V1.18.1, STM32Cube_FW_L5_V1.5.1, STM32Cube_FW_N6_V1.2.0, STM32Cube_FW_U0_V1.3.0, STM32Cube_FW_U3_V1.2.0, STM32Cube_FW_U5_V1.8.0, STM32Cube_FW_WB0_V1.3.0, STM32Cube_FW_WBA_V1.7.0, STM32Cube_FW_WB_V1.23.0, STM32Cube_FW_WL3_V1.2.0, STM32Cube_FW_WL_V1.3.1, X-CUBE-ALGOBUILD_V1.4.0, X-CUBE-ALS_V1.0.2, X-CUBE-AZRTOS-F4_V1.1.0, X-CUBE-AZRTOS-F7_V1.1.0, X-CUBE-AZRTOS-G0_V1.1.0, X-CUBE-AZRTOS-G4_V2.0.0, X-CUBE-AZRTOS-H7RS_V1.1.0, X-CUBE-AZRTOS-H7_V3.4.0, X-CUBE-AZRTOS-L4_V2.0.0, X-CUBE-AZRTOS-L5_V2.0.0, X-CUBE-AZRTOS-WB_V2.0.0, X-CUBE-AZRTOS-WL_V2.0.0, X-CUBE-BLE1_V7.1.0, X-CUBE-BLE2_V3.3.0, X-CUBE-BLEMGR_V4.1.0, X-CUBE-EEPRMA1_V5.2.0, X-CUBE-FREERTOS_V1.3.1, X-CUBE-GNSS1_V6.0.0, X-CUBE-MEMS1_V11.3.0, X-CUBE-NFC4_V3.0.0, X-CUBE-NFC7_V2.0.0, X-CUBE-SFXS2LP1_V4.0.0, X-CUBE-ST67W61_V1.0.0, X-CUBE-SUBG2_V5.0.0, X-CUBE-TOF1_V3.4.3]
2025-09-07 13:58:38,039 [INFO] ApiDb:240 - Found 880 in-development CPN: [B-G473E-ZEST1S, B-WB1M-WPAN1, B-WBA5M-WPAN, B-WL5M-SUBG1, NUCLEO-C031C6, NUCLEO-C051C8, NUCLEO-C071RB, NUCLEO-C092RC, NUCLEO-H503RB, NUCLEO-H533RE, NUCLEO-H563ZI, NUCLEO-H7S3L8, NUCLEO-N657X0-Q, NUCLEO-U031R8, NUCLEO-U083RC, NUCLEO-U385RG-Q, NUCLEO-U545RE-Q, NUCLEO-U5A5ZJ-Q, NUCLEO-WB05KZ, NUCLEO-WB07CC, NUCLEO-WB09KE, NUCLEO-WBA52CG, NUCLEO-WBA55CG, NUCLEO-WL33CC1, NUCLEO-WL33CC2, STEVAL-PROTEUS1, STEVAL-SMARTAG2, STEVAL-STWINBX1, STM320518-EVAL, STM32C0116-DK, STM32C011D6Y3TR, STM32C011D6Y6TR, STM32C011F4P3, STM32C011F4P6, STM32C011F4U3, STM32C011F4U6TR, STM32C011F6P3, STM32C011F6P6, STM32C011F6U3, STM32C011F6U6TR, STM32C011J4M3, STM32C011J4M6, STM32C011J6M3, STM32C011J6M6, STM32C0316-DK, STM32C031C4T3, STM32C031C4T6, STM32C031C4U3, STM32C031C4U6, STM32C031C6T3, STM32C031C6T6, STM32C031C6U3, STM32C031C6U6, STM32C031F4P3, STM32C031F4P6, STM32C031F6P3, STM32C031F6P6, STM32C031G4U3, STM32C031G4U6, STM32C031G6U3, STM32C031G6U6, STM32C031K4T3, STM32C031K4T6, STM32C031K4U3, STM32C031K4U6, STM32C031K6T3, STM32C031K6T6, STM32C031K6U3, STM32C031K6U6, STM32C051C6T6, STM32C051C6U6, STM32C051C8T6, STM32C051C8U6, STM32C051D8Y6TR, STM32C051F6P6, STM32C051F8P6, STM32C051G6U6, STM32C051G8U6, STM32C051K6T6, STM32C051K6U6, STM32C051K8T6, STM32C071C8T6, STM32C071C8T6N, STM32C071C8U6, STM32C071C8U6N, STM32C071CBT6, STM32C071CBT6N, STM32C071CBU6, STM32C071CBU6N, STM32C071F8P6, STM32C071F8P6N, STM32C071FBP6, STM32C071FBP6N, STM32C071FBY6TR, STM32C071G8U6, STM32C071G8U6N, STM32C071GBU6, STM32C071GBU6N, STM32C071K8T6, STM32C071K8T6N, STM32C071K8U6, STM32C071K8U6N, STM32C071KBT6, STM32C071KBT6N, STM32C071KBU6, STM32C071KBU6N, STM32C071R8T6, STM32C071R8T6N, STM32C071RBI6N, STM32C071RBT6, STM32C071RBT6N, STM32C091CBT6, STM32C091CBU6, STM32C091CCT6, STM32C091CCU6, STM32C091ECY6TR, STM32C091FBP6, STM32C091FCP6, STM32C091GBU6, STM32C091GCU6, STM32C091KBT6, STM32C091KBU6, STM32C091KCT6, STM32C091KCU6, STM32C091RBT6, STM32C091RCI6, STM32C091RCT6, STM32C092CBT6, STM32C092CBU6, STM32C092CCT6, STM32C092CCU6, STM32C092ECY6TR, STM32C092FBP6, STM32C092FCP6, STM32C092GBU6, STM32C092GCU6, STM32C092KBT6, STM32C092KBU6, STM32C092KCT6, STM32C092KCU6, STM32C092RBT6, STM32C092RCI6, STM32C092RCT6, STM32G071K8TXN, STM32G071K8UXN, STM32G081GBU6N, STM32G081KBT6N, STM32G081KBUXN, STM32G0B1CCT6N, STM32G0B1KCT6, STM32G0B1NEY6TR, STM32G0B1RCT6N, STM32G0C1CCT6, STM32G0C1CCT6N, STM32G0C1CCU6N, STM32G0C1CET6N, STM32G0C1CEU6N, STM32G0C1KCT6, STM32G0C1NEY6TR, STM32G0C1RCI6N, STM32G0C1RCT6N, STM32G0C1REI6N, STM32G0C1RET6N, STM32G0C1VCI6, STM32G0C1VEI6, STM32G411C6T3, STM32G411C6T6, STM32G411C6U3, STM32G411C6U6, STM32G411C8T3, STM32G411C8T6, STM32G411C8U3, STM32G411C8U6, STM32G411CBT3, STM32G411CBT6, STM32G411CBU3, STM32G411CBU6, STM32G411K6T3, STM32G411K6T6, STM32G411K6U3, STM32G411K6U6, STM32G411K8T3, STM32G411K8T6, STM32G411K8U3, STM32G411K8U6, STM32G411KBT3, STM32G411KBT6, STM32G411KBU3, STM32G411KBU6, STM32G411M6T3, STM32G411M6T6, STM32G411M8T3, STM32G411M8T6, STM32G411MBT3, STM32G411MBT6, STM32G411R6T3, STM32G411R6T6, STM32G411R8T3, STM32G411R8T6, STM32G411RBT3, STM32G411RBT6, STM32G414CBT3, STM32G414CBT6, STM32G414CBU3, STM32G414CBU6, STM32G414CCT3, STM32G414CCT6, STM32G414CCU3, STM32G414CCU6, STM32G414MBT3, STM32G414MBT6, STM32G414MCT3, STM32G414MCT6, STM32G414RBT3, STM32G414RBT6, STM32G414RCT3, STM32G414RCT6, STM32G414VBT3, STM32G414VBT6, STM32G414VCT3, STM32G414VCT6, STM32G431CBT3Z, STM32G431RBT3Z, STM32G471CCT6, STM32G471CCU6, STM32G471CET3, STM32G471CET6, STM32G471CEU3, STM32G471CEU6, STM32G471MCT6, STM32G471MET3, STM32G471MET6, STM32G471MEY6TR, STM32G471QCT6, STM32G471QET3, STM32G471RCT6, STM32G471RET3, STM32G471RET6, STM32G471VCH6, STM32G471VCI6, STM32G471VCT6, STM32G471VEH3, STM32G471VEH6, STM32G471VEI3, STM32G471VEI6, STM32G471VET3, STM32G471VET6, STM32G473QET3Z, STM32G473RET3Z, STM32G474CCT6, STM32G491RET3Z, STM32H503CBT6, STM32H503CBU6, STM32H503EBY6TR, STM32H503KBU6, STM32H503RBT6, STM32H523CCT6, STM32H523CCU6, STM32H523CET6, STM32H523CEU6, STM32H523HEY6TR, STM32H523RCT6, STM32H523RET6, STM32H523VCI6, STM32H523VCT6, STM32H523VEI6, STM32H523VET6, STM32H523ZCJ6, STM32H523ZCT6, STM32H523ZEJ6, STM32H523ZET6, STM32H533CET6, STM32H533CEU6, STM32H533HEY6TR, STM32H533RET6, STM32H533VEI6, STM32H533VET6, STM32H533ZEJ6, STM32H533ZET6, STM32H562AGI6, STM32H562AII6, STM32H562IGK6, STM32H562IGT6, STM32H562IIK6, STM32H562IIT6, STM32H562RGT6, STM32H562RGV6, STM32H562RIT6, STM32H562RIV6, STM32H562VGT6, STM32H562VIT6, STM32H562ZGT6, STM32H562ZIT6, STM32H563AGI6, STM32H563AII3Q, STM32H563AII6, STM32H563IGK6, STM32H563IGT6, STM32H563IIK3Q, STM32H563IIK6, STM32H563IIT3Q, STM32H563IIT6, STM32H563MIY3QTR, STM32H563RGT6, STM32H563RGV6, STM32H563RIT6, STM32H563RIV6, STM32H563VGT6, STM32H563VIT3Q, STM32H563VIT6, STM32H563ZGT6, STM32H563ZIT3Q, STM32H563ZIT6, STM32H573AII3Q, STM32H573AII6, STM32H573I-DK, STM32H573IIK3Q, STM32H573IIK6, STM32H573IIT3Q, STM32H573IIT6, STM32H573MIY3QTR, STM32H573RIT6, STM32H573RIV6, STM32H573VIT3Q, STM32H573VIT6, STM32H573ZIT3Q, STM32H573ZIT6, STM32H7R3A8I6, STM32H7R3I8K6, STM32H7R3I8T6, STM32H7R3L8H6, STM32H7R3L8H6H, STM32H7R3R8V6, STM32H7R3V8H6, STM32H7R3V8T6, STM32H7R3V8Y6TR, STM32H7R3Z8J6, STM32H7R3Z8T6, STM32H7R7A8I6, STM32H7R7I8K6, STM32H7R7I8T6, STM32H7R7L8H6, STM32H7R7L8H6H, STM32H7R7Z8J6, STM32H7S3A8I6, STM32H7S3I8K6, STM32H7S3I8T6, STM32H7S3L8H6, STM32H7S3L8H6H, STM32H7S3R8V6, STM32H7S3V8H6, STM32H7S3V8T6, STM32H7S3V8Y6TR, STM32H7S3Z8J6, STM32H7S3Z8T6, STM32H7S78-DK, STM32H7S7A8I6, STM32H7S7I8K6, STM32H7S7I8T6, STM32H7S7L8H6, STM32H7S7L8H6H, STM32H7S7Z8J6, STM32L4R5QGI6STR, STM32MP131AAE3, STM32MP131AAF3, STM32MP131AAG3, STM32MP131CAE3, STM32MP131CAF3, STM32MP131CAG3, STM32MP131DAE7, STM32MP131DAF7, STM32MP131DAG7, STM32MP131FAE7, STM32MP131FAF7, STM32MP131FAG7, STM32MP133AAE3, STM32MP133AAF3, STM32MP133AAG3, STM32MP133CAE3, STM32MP133CAF3, STM32MP133CAG3, STM32MP133DAE7, STM32MP133DAF7, STM32MP133DAG7, STM32MP133FAE7, STM32MP133FAF7, STM32MP133FAG7, STM32MP135AAE3, STM32MP135AAF3, STM32MP135AAG3, STM32MP135CAE3, STM32MP135CAF3, STM32MP135CAG3, STM32MP135DAE7, STM32MP135DAF7, STM32MP135DAG7, STM32MP135F-DK, STM32MP135FAE7, STM32MP135FAF7, STM32MP135FAF7T, STM32MP135FAF7U, STM32MP135FAG7, STM32MP211AAL3, STM32MP211AAM3, STM32MP211AAN3, STM32MP211AAO3, STM32MP211CAL3, STM32MP211CAM3, STM32MP211CAN3, STM32MP211CAO3, STM32MP211DAL3, STM32MP211DAM3, STM32MP211DAN3, STM32MP211DAO3, STM32MP211FAL3, STM32MP211FAM3, STM32MP211FAN3, STM32MP211FAO3, STM32MP213AAL3, STM32MP213AAM3, STM32MP213AAN3, STM32MP213AAO3, STM32MP213CAL3, STM32MP213CAM3, STM32MP213CAN3, STM32MP213CAO3, STM32MP213DAL3, STM32MP213DAM3, STM32MP213DAN3, STM32MP213DAO3, STM32MP213FAL3, STM32MP213FAM3, STM32MP213FAN3, STM32MP213FAO3, STM32MP215AAL3, STM32MP215AAM3, STM32MP215AAN3, STM32MP215AAO3, STM32MP215CAL3, STM32MP215CAM3, STM32MP215CAN3, STM32MP215CAO3, STM32MP215DAL3, STM32MP215DAM3, STM32MP215DAN3, STM32MP215DAO3, STM32MP215F-DK, STM32MP215FAL3, STM32MP215FAM3, STM32MP215FAN3, STM32MP215FAO3, STM32MP231AAJ3, STM32MP231AAK3, STM32MP231AAL3, STM32MP231CAJ3, STM32MP231CAK3, STM32MP231CAL3, STM32MP231DAJ3, STM32MP231DAK3, STM32MP231DAL3, STM32MP231FAJ3, STM32MP231FAK3, STM32MP231FAL3, STM32MP233AAJ3, STM32MP233AAK3, STM32MP233AAL3, STM32MP233CAJ3, STM32MP233CAK3, STM32MP233CAL3, STM32MP233DAJ3, STM32MP233DAK3, STM32MP233DAL3, STM32MP233FAJ3, STM32MP233FAK3, STM32MP233FAL3, STM32MP235AAJ3, STM32MP235AAK3, STM32MP235AAL3, STM32MP235CAJ3, STM32MP235CAK3, STM32MP235CAL3, STM32MP235DAJ3, STM32MP235DAK3, STM32MP235DAL3, STM32MP235FAJ3, STM32MP235FAK3, STM32MP235FAL3, STM32MP251AAI3, STM32MP251AAK3, STM32MP251AAL3, STM32MP251CAI3, STM32MP251CAK3, STM32MP251CAL3, STM32MP251DAI3, STM32MP251DAK3, STM32MP251DAL3, STM32MP251FAI3, STM32MP251FAK3, STM32MP251FAL3, STM32MP253AAI3, STM32MP253AAK3, STM32MP253AAL3, STM32MP253CAI3, STM32MP253CAK3, STM32MP253CAL3, STM32MP253DAI3, STM32MP253DAK3, STM32MP253DAL3, STM32MP253FAI3, STM32MP253FAK3, STM32MP253FAL3, STM32MP255AAI3, STM32MP255AAK3, STM32MP255AAL3, STM32MP255CAI3, STM32MP255CAK3, STM32MP255CAL3, STM32MP255DAI3, STM32MP255DAK3, STM32MP255DAL3, STM32MP255FAI3, STM32MP255FAK3, STM32MP255FAL3, STM32MP257AAI3, STM32MP257AAK3, STM32MP257AAL3, STM32MP257CAI3, STM32MP257CAK3, STM32MP257CAL3, STM32MP257DAI3, STM32MP257DAK3, STM32MP257DAL3, STM32MP257F-DK, STM32MP257F-EV1, STM32MP257FAI3, STM32MP257FAK3, STM32MP257FAL3, STM32N645A0H3Q, STM32N645B0H3Q, STM32N645I0H3Q, STM32N645L0H3Q, STM32N645X0H3Q, STM32N645Z0H3Q, STM32N647A0H3Q, STM32N647B0H3Q, STM32N647I0H3Q, STM32N647L0H3Q, STM32N647X0H3Q, STM32N647Z0H3Q, STM32N655A0H3Q, STM32N655B0H3Q, STM32N655I0H3Q, STM32N655L0H3Q, STM32N655X0H3Q, STM32N655Z0H3Q, STM32N6570-DK, STM32N657A0H3Q, STM32N657B0H3Q, STM32N657I0H3Q, STM32N657L0H3Q, STM32N657X0H3Q, STM32N657Z0H3Q, STM32U031C6T6, STM32U031C6U6, STM32U031C8T6, STM32U031C8U6, STM32U031F4P6, STM32U031F6P6, STM32U031F8P6, STM32U031G6Y6TR, STM32U031G8Y6TR, STM32U031K4U6, STM32U031K6U6, STM32U031K8U6, STM32U031R6I6, STM32U031R6T6, STM32U031R8I6, STM32U031R8T6, STM32U073C8T6, STM32U073C8U6, STM32U073CBT6, STM32U073CBU6, STM32U073CCT6, STM32U073CCU6, STM32U073H8Y6TR, STM32U073HBY6TR, STM32U073HCY6TR, STM32U073K8U6, STM32U073KBU6, STM32U073KCU6, STM32U073M8I6, STM32U073M8T6, STM32U073MBI6, STM32U073MBT6, STM32U073MCI6, STM32U073MCT6, STM32U073R8I6, STM32U073R8T6, STM32U073RBI6, STM32U073RBT6, STM32U073RCI6, STM32U073RCT6, STM32U083C-DK, STM32U083CCT6, STM32U083CCU6, STM32U083HCY6TR, STM32U083KCU6, STM32U083MCI6, STM32U083MCT6, STM32U083RCI6, STM32U083RCT6, STM32U375CET6, STM32U375CET6Q, STM32U375CEU6, STM32U375CEU6Q, STM32U375CEY6QTR, STM32U375CGT6, STM32U375CGT6Q, STM32U375CGU6, STM32U375CGU6Q, STM32U375CGY6QTR, STM32U375KEU6, STM32U375KGU6, STM32U375REI6, STM32U375REI6Q, STM32U375RET6, STM32U375RET6Q, STM32U375REY6GTR, STM32U375REY6QTR, STM32U375RGI6, STM32U375RGI6Q, STM32U375RGT6, STM32U375RGT6Q, STM32U375RGY6GTR, STM32U375RGY6QTR, STM32U375VEI6, STM32U375VEI6Q, STM32U375VET6, STM32U375VET6Q, STM32U375VGI6, STM32U375VGI6Q, STM32U375VGT6, STM32U375VGT6Q, STM32U385CGT6, STM32U385CGT6Q, STM32U385CGU6, STM32U385CGU6Q, STM32U385CGY6QTR, STM32U385KGU6, STM32U385RGI6, STM32U385RGI6Q, STM32U385RGT6, STM32U385RGT6Q, STM32U385RGY6GTR, STM32U385RGY6QTR, STM32U385VGI6, STM32U385VGI6Q, STM32U385VGT6, STM32U385VGT6Q, STM32U535CBT6, STM32U535CBT6Q, STM32U535CBU6, STM32U535CBU6Q, STM32U535CCT6, STM32U535CCT6Q, STM32U535CCU6, STM32U535CCU6Q, STM32U535CET6, STM32U535CET6Q, STM32U535CEU6, STM32U535CEU6Q, STM32U535JEY6QTR, STM32U535NCY6QTR, STM32U535NEY6QTR, STM32U535RBI6, STM32U535RBI6Q, STM32U535RBT6, STM32U535RBT6Q, STM32U535RCI6, STM32U535RCI6Q, STM32U535RCT6, STM32U535RCT6Q, STM32U535REI6, STM32U535REI6Q, STM32U535RET6, STM32U535RET6Q, STM32U535VCI6, STM32U535VCI6Q, STM32U535VCT6, STM32U535VCT6Q, STM32U535VEI6, STM32U535VEI6Q, STM32U535VET6, STM32U535VET6Q, STM32U545CET6, STM32U545CET6Q, STM32U545CEU6, STM32U545CEU6Q, STM32U545JEY6QTR, STM32U545NEY6QTR, STM32U545REI6, STM32U545REI6Q, STM32U545RET6, STM32U545RET6Q, STM32U545VEI6, STM32U545VEI6Q, STM32U545VET6, STM32U545VET6Q, STM32U595AIH6, STM32U595AIH6Q, STM32U595AJH6, STM32U595AJH6Q, STM32U595QII6, STM32U595QII6Q, STM32U595QJI6, STM32U595QJI6Q, STM32U595RIT6, STM32U595RIT6Q, STM32U595RJT6, STM32U595RJT6Q, STM32U595VIT6, STM32U595VIT6Q, STM32U595VJT6, STM32U595VJT6Q, STM32U595ZIT6, STM32U595ZIT6Q, STM32U595ZIY6QTR, STM32U595ZJT6, STM32U595ZJT6Q, STM32U595ZJY6QTR, STM32U599BJY6QTR, STM32U599NIH6Q, STM32U599NJH6Q, STM32U599VIT6Q, STM32U599VJT6, STM32U599VJT6Q, STM32U599ZIT6Q, STM32U599ZIY6QTR, STM32U599ZJT6Q, STM32U599ZJY6QTR, STM32U5A5AJH6, STM32U5A5AJH6Q, STM32U5A5QII3Q , STM32U5A5QJI6, STM32U5A5QJI6Q, STM32U5A5RJT6, STM32U5A5RJT6Q, STM32U5A5VJT6, STM32U5A5VJT6Q, STM32U5A5ZJT6, STM32U5A5ZJT6Q, STM32U5A5ZJY6QTR, STM32U5A9BJY6QTR, STM32U5A9J-DK, STM32U5A9NJH6Q, STM32U5A9VJT6Q, STM32U5A9ZJT6Q, STM32U5A9ZJY6QTR, STM32U5F7VIT6, STM32U5F7VIT6Q, STM32U5F7VJT6, STM32U5F7VJT6Q, STM32U5F9BJY6QTR, STM32U5F9NJH6Q, STM32U5F9VIT6Q, STM32U5F9VJT6Q, STM32U5F9ZIJ6QTR, STM32U5F9ZIT6Q, STM32U5F9ZJJ6QTR, STM32U5F9ZJT6Q, STM32U5G7VJT6, STM32U5G7VJT6Q, STM32U5G9BJY6QTR, STM32U5G9J-DK1, STM32U5G9J-DK2, STM32U5G9NJH6Q, STM32U5G9VJT6Q, STM32U5G9ZJJ6QTR, STM32U5G9ZJT6Q, STM32WB05KZV6TR, STM32WB05KZV7TR, STM32WB05TZF6TR, STM32WB05TZF7TR, STM32WB06CCF6TR, STM32WB06CCF7TR, STM32WB06CCV6TR, STM32WB06CCV7TR, STM32WB06KCV6TR, STM32WB06KCV7TR, STM32WB07CCF6TR, STM32WB07CCF7TR, STM32WB07CCV6TR, STM32WB07CCV7TR, STM32WB07KCV6TR, STM32WB07KCV7TR, STM32WB09KEV6TR, STM32WB09KEV7TR, STM32WB09TEF6TR, STM32WB09TEF7TR, STM32WB1MMCH6, STM32WBA50KGU6, STM32WBA50KGU6TR, STM32WBA52CEU6, STM32WBA52CEU6TR, STM32WBA52CEU7, STM32WBA52CEU7TR, STM32WBA52CGU6, STM32WBA52CGU6TR, STM32WBA52CGU6U, STM32WBA52CGU7, STM32WBA52CGU7TR, STM32WBA52KEU6, STM32WBA52KEU6TR, STM32WBA52KGU6, STM32WBA52KGU6TR, STM32WBA54CEU6, STM32WBA54CEU6TR, STM32WBA54CEU7, STM32WBA54CEU7TR, STM32WBA54CGU6, STM32WBA54CGU6TR, STM32WBA54CGU7, STM32WBA54CGU7TR, STM32WBA54KEU6, STM32WBA54KEU6TR, STM32WBA54KEU7, STM32WBA54KEU7TR, STM32WBA54KGU6, STM32WBA54KGU6TR, STM32WBA54KGU7, STM32WBA54KGU7TR, STM32WBA55CEU6, STM32WBA55CEU6TR, STM32WBA55CEU7, STM32WBA55CEU7TR, STM32WBA55CGU6, STM32WBA55CGU6TR, STM32WBA55CGU6U, STM32WBA55CGU7, STM32WBA55CGU7TR, STM32WBA55G-DK1, STM32WBA55HEF6, STM32WBA55HEF7, STM32WBA55HGF6, STM32WBA55HGF7, STM32WBA55UEI6, STM32WBA55UEI6TR, STM32WBA55UEI7, STM32WBA55UEI7TR, STM32WBA55UGI6, STM32WBA55UGI6TR, STM32WBA55UGI7, STM32WBA55UGI7TR, STM32WBA5MMGH6TR, STM32WBA62MGF6, STM32WBA62MIF6, STM32WBA65MGF7, STM32WBA65MIF6, STM32WBA65MIF7, STM32WL30K8V6, STM32WL30KBV6, STM32WL31C8V6, STM32WL31CBV6, STM32WL31K8V6, STM32WL31KBV6, STM32WL33C8V6, STM32WL33C8V6X, STM32WL33CBV6, STM32WL33CBV6X, STM32WL33CCV6, STM32WL33CCV6A, STM32WL33CCV6X, STM32WL33K8V7, STM32WL33K8V7X, STM32WL33KBV7 , STM32WL33KBV7X, STM32WL33KCV7, STM32WL33KCV7X, STM32WL5MOCH6, STM32WL5MOCH6TR]
2025-09-07 13:58:38,043 [INFO] DbMcus:218 - Found 4801 MCUs, 4801 are supported
2025-09-07 13:58:38,043 [INFO] ApiDb:423 - Load user favorites file /home/matijak/.stm32cubeide/favorites.mcus.txt: 0 item(s)
2025-09-07 13:58:38,043 [INFO] ApiDb:427 - User favorites MCUs=[]
2025-09-07 13:58:38,043 [INFO] DbMcus:224 - Set 0 / 0 favorites MCUs
2025-09-07 13:58:38,366 [INFO] ApiDb:668 - CubeFinder database Data Model version=2.1
2025-09-07 13:58:38,366 [INFO] ApiDb:669 - CubeFinder database Configuration version=3.0.39
2025-09-07 13:58:38,366 [INFO] ApiDb:670 - CubeFinder database generation date=2025-07-24 (1753349077)
2025-09-07 13:58:38,366 [INFO] ApiDb:671 - CubeFinder database FW Pack versions=[FP-ATR-ASTRA1_V2.0.0, FP-SNS-FLIGHT1_V5.1.0, FP-SNS-MOTENV1_V5.0.0, FP-SNS-MOTENVWB1_V1.4.0, FP-SNS-SMARTAG2_V1.2.0, FP-SNS-STBOX1_V2.0.0, STM32Cube_FW_C0_V1.4.0, STM32Cube_FW_F4_V1.28.2, STM32Cube_FW_F7_V1.17.3, STM32Cube_FW_G0_V1.6.2, STM32Cube_FW_G4_V1.6.1, STM32Cube_FW_H5_V1.5.0, STM32Cube_FW_H7RS_V1.2.0, STM32Cube_FW_H7_V1.12.1, STM32Cube_FW_L0_V1.12.2, STM32Cube_FW_L4_V1.18.1, STM32Cube_FW_L5_V1.5.1, STM32Cube_FW_N6_V1.2.0, STM32Cube_FW_U0_V1.3.0, STM32Cube_FW_U3_V1.2.0, STM32Cube_FW_U5_V1.8.0, STM32Cube_FW_WB0_V1.3.0, STM32Cube_FW_WBA_V1.7.0, STM32Cube_FW_WB_V1.23.0, STM32Cube_FW_WL3_V1.2.0, STM32Cube_FW_WL_V1.3.1, X-CUBE-ALGOBUILD_V1.4.0, X-CUBE-ALS_V1.0.2, X-CUBE-AZRTOS-F4_V1.1.0, X-CUBE-AZRTOS-F7_V1.1.0, X-CUBE-AZRTOS-G0_V1.1.0, X-CUBE-AZRTOS-G4_V2.0.0, X-CUBE-AZRTOS-H7RS_V1.1.0, X-CUBE-AZRTOS-H7_V3.4.0, X-CUBE-AZRTOS-L4_V2.0.0, X-CUBE-AZRTOS-L5_V2.0.0, X-CUBE-AZRTOS-WB_V2.0.0, X-CUBE-AZRTOS-WL_V2.0.0, X-CUBE-BLE1_V7.1.0, X-CUBE-BLE2_V3.3.0, X-CUBE-BLEMGR_V4.1.0, X-CUBE-EEPRMA1_V5.2.0, X-CUBE-FREERTOS_V1.3.1, X-CUBE-GNSS1_V6.0.0, X-CUBE-MEMS1_V11.3.0, X-CUBE-NFC4_V3.0.0, X-CUBE-NFC7_V2.0.0, X-CUBE-SFXS2LP1_V4.0.0, X-CUBE-ST67W61_V1.0.0, X-CUBE-SUBG2_V5.0.0, X-CUBE-TOF1_V3.4.3]
2025-09-07 13:58:38,401 [INFO] DbBoardsSqlite:226 - include board P-NUCLEO-WB55-NUCLEO as a kit item of type 'Nucleo-64'
2025-09-07 13:58:38,401 [INFO] DbBoardsSqlite:226 - include board P-NUCLEO-WB55-USBDONGLE as a kit item of type 'Nucleo USB Dongle'
2025-09-07 13:58:38,401 [INFO] DbBoardsSqlite:226 - include board STEVAL-IDP005V1 as a kit item of type 'Evaluation Board'
2025-09-07 13:58:38,402 [INFO] DbBoardsSqlite:226 - include board STEVAL-IDP005V2 as a kit item of type 'Evaluation Board'
2025-09-07 13:58:38,431 [INFO] ApiDb:240 - Found 880 in-development CPN: [B-G473E-ZEST1S, B-WB1M-WPAN1, B-WBA5M-WPAN, B-WL5M-SUBG1, NUCLEO-C031C6, NUCLEO-C051C8, NUCLEO-C071RB, NUCLEO-C092RC, NUCLEO-H503RB, NUCLEO-H533RE, NUCLEO-H563ZI, NUCLEO-H7S3L8, NUCLEO-N657X0-Q, NUCLEO-U031R8, NUCLEO-U083RC, NUCLEO-U385RG-Q, NUCLEO-U545RE-Q, NUCLEO-U5A5ZJ-Q, NUCLEO-WB05KZ, NUCLEO-WB07CC, NUCLEO-WB09KE, NUCLEO-WBA52CG, NUCLEO-WBA55CG, NUCLEO-WL33CC1, NUCLEO-WL33CC2, STEVAL-PROTEUS1, STEVAL-SMARTAG2, STEVAL-STWINBX1, STM320518-EVAL, STM32C0116-DK, STM32C011D6Y3TR, STM32C011D6Y6TR, STM32C011F4P3, STM32C011F4P6, STM32C011F4U3, STM32C011F4U6TR, STM32C011F6P3, STM32C011F6P6, STM32C011F6U3, STM32C011F6U6TR, STM32C011J4M3, STM32C011J4M6, STM32C011J6M3, STM32C011J6M6, STM32C0316-DK, STM32C031C4T3, STM32C031C4T6, STM32C031C4U3, STM32C031C4U6, STM32C031C6T3, STM32C031C6T6, STM32C031C6U3, STM32C031C6U6, STM32C031F4P3, STM32C031F4P6, STM32C031F6P3, STM32C031F6P6, STM32C031G4U3, STM32C031G4U6, STM32C031G6U3, STM32C031G6U6, STM32C031K4T3, STM32C031K4T6, STM32C031K4U3, STM32C031K4U6, STM32C031K6T3, STM32C031K6T6, STM32C031K6U3, STM32C031K6U6, STM32C051C6T6, STM32C051C6U6, STM32C051C8T6, STM32C051C8U6, STM32C051D8Y6TR, STM32C051F6P6, STM32C051F8P6, STM32C051G6U6, STM32C051G8U6, STM32C051K6T6, STM32C051K6U6, STM32C051K8T6, STM32C071C8T6, STM32C071C8T6N, STM32C071C8U6, STM32C071C8U6N, STM32C071CBT6, STM32C071CBT6N, STM32C071CBU6, STM32C071CBU6N, STM32C071F8P6, STM32C071F8P6N, STM32C071FBP6, STM32C071FBP6N, STM32C071FBY6TR, STM32C071G8U6, STM32C071G8U6N, STM32C071GBU6, STM32C071GBU6N, STM32C071K8T6, STM32C071K8T6N, STM32C071K8U6, STM32C071K8U6N, STM32C071KBT6, STM32C071KBT6N, STM32C071KBU6, STM32C071KBU6N, STM32C071R8T6, STM32C071R8T6N, STM32C071RBI6N, STM32C071RBT6, STM32C071RBT6N, STM32C091CBT6, STM32C091CBU6, STM32C091CCT6, STM32C091CCU6, STM32C091ECY6TR, STM32C091FBP6, STM32C091FCP6, STM32C091GBU6, STM32C091GCU6, STM32C091KBT6, STM32C091KBU6, STM32C091KCT6, STM32C091KCU6, STM32C091RBT6, STM32C091RCI6, STM32C091RCT6, STM32C092CBT6, STM32C092CBU6, STM32C092CCT6, STM32C092CCU6, STM32C092ECY6TR, STM32C092FBP6, STM32C092FCP6, STM32C092GBU6, STM32C092GCU6, STM32C092KBT6, STM32C092KBU6, STM32C092KCT6, STM32C092KCU6, STM32C092RBT6, STM32C092RCI6, STM32C092RCT6, STM32G071K8TXN, STM32G071K8UXN, STM32G081GBU6N, STM32G081KBT6N, STM32G081KBUXN, STM32G0B1CCT6N, STM32G0B1KCT6, STM32G0B1NEY6TR, STM32G0B1RCT6N, STM32G0C1CCT6, STM32G0C1CCT6N, STM32G0C1CCU6N, STM32G0C1CET6N, STM32G0C1CEU6N, STM32G0C1KCT6, STM32G0C1NEY6TR, STM32G0C1RCI6N, STM32G0C1RCT6N, STM32G0C1REI6N, STM32G0C1RET6N, STM32G0C1VCI6, STM32G0C1VEI6, STM32G411C6T3, STM32G411C6T6, STM32G411C6U3, STM32G411C6U6, STM32G411C8T3, STM32G411C8T6, STM32G411C8U3, STM32G411C8U6, STM32G411CBT3, STM32G411CBT6, STM32G411CBU3, STM32G411CBU6, STM32G411K6T3, STM32G411K6T6, STM32G411K6U3, STM32G411K6U6, STM32G411K8T3, STM32G411K8T6, STM32G411K8U3, STM32G411K8U6, STM32G411KBT3, STM32G411KBT6, STM32G411KBU3, STM32G411KBU6, STM32G411M6T3, STM32G411M6T6, STM32G411M8T3, STM32G411M8T6, STM32G411MBT3, STM32G411MBT6, STM32G411R6T3, STM32G411R6T6, STM32G411R8T3, STM32G411R8T6, STM32G411RBT3, STM32G411RBT6, STM32G414CBT3, STM32G414CBT6, STM32G414CBU3, STM32G414CBU6, STM32G414CCT3, STM32G414CCT6, STM32G414CCU3, STM32G414CCU6, STM32G414MBT3, STM32G414MBT6, STM32G414MCT3, STM32G414MCT6, STM32G414RBT3, STM32G414RBT6, STM32G414RCT3, STM32G414RCT6, STM32G414VBT3, STM32G414VBT6, STM32G414VCT3, STM32G414VCT6, STM32G431CBT3Z, STM32G431RBT3Z, STM32G471CCT6, STM32G471CCU6, STM32G471CET3, STM32G471CET6, STM32G471CEU3, STM32G471CEU6, STM32G471MCT6, STM32G471MET3, STM32G471MET6, STM32G471MEY6TR, STM32G471QCT6, STM32G471QET3, STM32G471RCT6, STM32G471RET3, STM32G471RET6, STM32G471VCH6, STM32G471VCI6, STM32G471VCT6, STM32G471VEH3, STM32G471VEH6, STM32G471VEI3, STM32G471VEI6, STM32G471VET3, STM32G471VET6, STM32G473QET3Z, STM32G473RET3Z, STM32G474CCT6, STM32G491RET3Z, STM32H503CBT6, STM32H503CBU6, STM32H503EBY6TR, STM32H503KBU6, STM32H503RBT6, STM32H523CCT6, STM32H523CCU6, STM32H523CET6, STM32H523CEU6, STM32H523HEY6TR, STM32H523RCT6, STM32H523RET6, STM32H523VCI6, STM32H523VCT6, STM32H523VEI6, STM32H523VET6, STM32H523ZCJ6, STM32H523ZCT6, STM32H523ZEJ6, STM32H523ZET6, STM32H533CET6, STM32H533CEU6, STM32H533HEY6TR, STM32H533RET6, STM32H533VEI6, STM32H533VET6, STM32H533ZEJ6, STM32H533ZET6, STM32H562AGI6, STM32H562AII6, STM32H562IGK6, STM32H562IGT6, STM32H562IIK6, STM32H562IIT6, STM32H562RGT6, STM32H562RGV6, STM32H562RIT6, STM32H562RIV6, STM32H562VGT6, STM32H562VIT6, STM32H562ZGT6, STM32H562ZIT6, STM32H563AGI6, STM32H563AII3Q, STM32H563AII6, STM32H563IGK6, STM32H563IGT6, STM32H563IIK3Q, STM32H563IIK6, STM32H563IIT3Q, STM32H563IIT6, STM32H563MIY3QTR, STM32H563RGT6, STM32H563RGV6, STM32H563RIT6, STM32H563RIV6, STM32H563VGT6, STM32H563VIT3Q, STM32H563VIT6, STM32H563ZGT6, STM32H563ZIT3Q, STM32H563ZIT6, STM32H573AII3Q, STM32H573AII6, STM32H573I-DK, STM32H573IIK3Q, STM32H573IIK6, STM32H573IIT3Q, STM32H573IIT6, STM32H573MIY3QTR, STM32H573RIT6, STM32H573RIV6, STM32H573VIT3Q, STM32H573VIT6, STM32H573ZIT3Q, STM32H573ZIT6, STM32H7R3A8I6, STM32H7R3I8K6, STM32H7R3I8T6, STM32H7R3L8H6, STM32H7R3L8H6H, STM32H7R3R8V6, STM32H7R3V8H6, STM32H7R3V8T6, STM32H7R3V8Y6TR, STM32H7R3Z8J6, STM32H7R3Z8T6, STM32H7R7A8I6, STM32H7R7I8K6, STM32H7R7I8T6, STM32H7R7L8H6, STM32H7R7L8H6H, STM32H7R7Z8J6, STM32H7S3A8I6, STM32H7S3I8K6, STM32H7S3I8T6, STM32H7S3L8H6, STM32H7S3L8H6H, STM32H7S3R8V6, STM32H7S3V8H6, STM32H7S3V8T6, STM32H7S3V8Y6TR, STM32H7S3Z8J6, STM32H7S3Z8T6, STM32H7S78-DK, STM32H7S7A8I6, STM32H7S7I8K6, STM32H7S7I8T6, STM32H7S7L8H6, STM32H7S7L8H6H, STM32H7S7Z8J6, STM32L4R5QGI6STR, STM32MP131AAE3, STM32MP131AAF3, STM32MP131AAG3, STM32MP131CAE3, STM32MP131CAF3, STM32MP131CAG3, STM32MP131DAE7, STM32MP131DAF7, STM32MP131DAG7, STM32MP131FAE7, STM32MP131FAF7, STM32MP131FAG7, STM32MP133AAE3, STM32MP133AAF3, STM32MP133AAG3, STM32MP133CAE3, STM32MP133CAF3, STM32MP133CAG3, STM32MP133DAE7, STM32MP133DAF7, STM32MP133DAG7, STM32MP133FAE7, STM32MP133FAF7, STM32MP133FAG7, STM32MP135AAE3, STM32MP135AAF3, STM32MP135AAG3, STM32MP135CAE3, STM32MP135CAF3, STM32MP135CAG3, STM32MP135DAE7, STM32MP135DAF7, STM32MP135DAG7, STM32MP135F-DK, STM32MP135FAE7, STM32MP135FAF7, STM32MP135FAF7T, STM32MP135FAF7U, STM32MP135FAG7, STM32MP211AAL3, STM32MP211AAM3, STM32MP211AAN3, STM32MP211AAO3, STM32MP211CAL3, STM32MP211CAM3, STM32MP211CAN3, STM32MP211CAO3, STM32MP211DAL3, STM32MP211DAM3, STM32MP211DAN3, STM32MP211DAO3, STM32MP211FAL3, STM32MP211FAM3, STM32MP211FAN3, STM32MP211FAO3, STM32MP213AAL3, STM32MP213AAM3, STM32MP213AAN3, STM32MP213AAO3, STM32MP213CAL3, STM32MP213CAM3, STM32MP213CAN3, STM32MP213CAO3, STM32MP213DAL3, STM32MP213DAM3, STM32MP213DAN3, STM32MP213DAO3, STM32MP213FAL3, STM32MP213FAM3, STM32MP213FAN3, STM32MP213FAO3, STM32MP215AAL3, STM32MP215AAM3, STM32MP215AAN3, STM32MP215AAO3, STM32MP215CAL3, STM32MP215CAM3, STM32MP215CAN3, STM32MP215CAO3, STM32MP215DAL3, STM32MP215DAM3, STM32MP215DAN3, STM32MP215DAO3, STM32MP215F-DK, STM32MP215FAL3, STM32MP215FAM3, STM32MP215FAN3, STM32MP215FAO3, STM32MP231AAJ3, STM32MP231AAK3, STM32MP231AAL3, STM32MP231CAJ3, STM32MP231CAK3, STM32MP231CAL3, STM32MP231DAJ3, STM32MP231DAK3, STM32MP231DAL3, STM32MP231FAJ3, STM32MP231FAK3, STM32MP231FAL3, STM32MP233AAJ3, STM32MP233AAK3, STM32MP233AAL3, STM32MP233CAJ3, STM32MP233CAK3, STM32MP233CAL3, STM32MP233DAJ3, STM32MP233DAK3, STM32MP233DAL3, STM32MP233FAJ3, STM32MP233FAK3, STM32MP233FAL3, STM32MP235AAJ3, STM32MP235AAK3, STM32MP235AAL3, STM32MP235CAJ3, STM32MP235CAK3, STM32MP235CAL3, STM32MP235DAJ3, STM32MP235DAK3, STM32MP235DAL3, STM32MP235FAJ3, STM32MP235FAK3, STM32MP235FAL3, STM32MP251AAI3, STM32MP251AAK3, STM32MP251AAL3, STM32MP251CAI3, STM32MP251CAK3, STM32MP251CAL3, STM32MP251DAI3, STM32MP251DAK3, STM32MP251DAL3, STM32MP251FAI3, STM32MP251FAK3, STM32MP251FAL3, STM32MP253AAI3, STM32MP253AAK3, STM32MP253AAL3, STM32MP253CAI3, STM32MP253CAK3, STM32MP253CAL3, STM32MP253DAI3, STM32MP253DAK3, STM32MP253DAL3, STM32MP253FAI3, STM32MP253FAK3, STM32MP253FAL3, STM32MP255AAI3, STM32MP255AAK3, STM32MP255AAL3, STM32MP255CAI3, STM32MP255CAK3, STM32MP255CAL3, STM32MP255DAI3, STM32MP255DAK3, STM32MP255DAL3, STM32MP255FAI3, STM32MP255FAK3, STM32MP255FAL3, STM32MP257AAI3, STM32MP257AAK3, STM32MP257AAL3, STM32MP257CAI3, STM32MP257CAK3, STM32MP257CAL3, STM32MP257DAI3, STM32MP257DAK3, STM32MP257DAL3, STM32MP257F-DK, STM32MP257F-EV1, STM32MP257FAI3, STM32MP257FAK3, STM32MP257FAL3, STM32N645A0H3Q, STM32N645B0H3Q, STM32N645I0H3Q, STM32N645L0H3Q, STM32N645X0H3Q, STM32N645Z0H3Q, STM32N647A0H3Q, STM32N647B0H3Q, STM32N647I0H3Q, STM32N647L0H3Q, STM32N647X0H3Q, STM32N647Z0H3Q, STM32N655A0H3Q, STM32N655B0H3Q, STM32N655I0H3Q, STM32N655L0H3Q, STM32N655X0H3Q, STM32N655Z0H3Q, STM32N6570-DK, STM32N657A0H3Q, STM32N657B0H3Q, STM32N657I0H3Q, STM32N657L0H3Q, STM32N657X0H3Q, STM32N657Z0H3Q, STM32U031C6T6, STM32U031C6U6, STM32U031C8T6, STM32U031C8U6, STM32U031F4P6, STM32U031F6P6, STM32U031F8P6, STM32U031G6Y6TR, STM32U031G8Y6TR, STM32U031K4U6, STM32U031K6U6, STM32U031K8U6, STM32U031R6I6, STM32U031R6T6, STM32U031R8I6, STM32U031R8T6, STM32U073C8T6, STM32U073C8U6, STM32U073CBT6, STM32U073CBU6, STM32U073CCT6, STM32U073CCU6, STM32U073H8Y6TR, STM32U073HBY6TR, STM32U073HCY6TR, STM32U073K8U6, STM32U073KBU6, STM32U073KCU6, STM32U073M8I6, STM32U073M8T6, STM32U073MBI6, STM32U073MBT6, STM32U073MCI6, STM32U073MCT6, STM32U073R8I6, STM32U073R8T6, STM32U073RBI6, STM32U073RBT6, STM32U073RCI6, STM32U073RCT6, STM32U083C-DK, STM32U083CCT6, STM32U083CCU6, STM32U083HCY6TR, STM32U083KCU6, STM32U083MCI6, STM32U083MCT6, STM32U083RCI6, STM32U083RCT6, STM32U375CET6, STM32U375CET6Q, STM32U375CEU6, STM32U375CEU6Q, STM32U375CEY6QTR, STM32U375CGT6, STM32U375CGT6Q, STM32U375CGU6, STM32U375CGU6Q, STM32U375CGY6QTR, STM32U375KEU6, STM32U375KGU6, STM32U375REI6, STM32U375REI6Q, STM32U375RET6, STM32U375RET6Q, STM32U375REY6GTR, STM32U375REY6QTR, STM32U375RGI6, STM32U375RGI6Q, STM32U375RGT6, STM32U375RGT6Q, STM32U375RGY6GTR, STM32U375RGY6QTR, STM32U375VEI6, STM32U375VEI6Q, STM32U375VET6, STM32U375VET6Q, STM32U375VGI6, STM32U375VGI6Q, STM32U375VGT6, STM32U375VGT6Q, STM32U385CGT6, STM32U385CGT6Q, STM32U385CGU6, STM32U385CGU6Q, STM32U385CGY6QTR, STM32U385KGU6, STM32U385RGI6, STM32U385RGI6Q, STM32U385RGT6, STM32U385RGT6Q, STM32U385RGY6GTR, STM32U385RGY6QTR, STM32U385VGI6, STM32U385VGI6Q, STM32U385VGT6, STM32U385VGT6Q, STM32U535CBT6, STM32U535CBT6Q, STM32U535CBU6, STM32U535CBU6Q, STM32U535CCT6, STM32U535CCT6Q, STM32U535CCU6, STM32U535CCU6Q, STM32U535CET6, STM32U535CET6Q, STM32U535CEU6, STM32U535CEU6Q, STM32U535JEY6QTR, STM32U535NCY6QTR, STM32U535NEY6QTR, STM32U535RBI6, STM32U535RBI6Q, STM32U535RBT6, STM32U535RBT6Q, STM32U535RCI6, STM32U535RCI6Q, STM32U535RCT6, STM32U535RCT6Q, STM32U535REI6, STM32U535REI6Q, STM32U535RET6, STM32U535RET6Q, STM32U535VCI6, STM32U535VCI6Q, STM32U535VCT6, STM32U535VCT6Q, STM32U535VEI6, STM32U535VEI6Q, STM32U535VET6, STM32U535VET6Q, STM32U545CET6, STM32U545CET6Q, STM32U545CEU6, STM32U545CEU6Q, STM32U545JEY6QTR, STM32U545NEY6QTR, STM32U545REI6, STM32U545REI6Q, STM32U545RET6, STM32U545RET6Q, STM32U545VEI6, STM32U545VEI6Q, STM32U545VET6, STM32U545VET6Q, STM32U595AIH6, STM32U595AIH6Q, STM32U595AJH6, STM32U595AJH6Q, STM32U595QII6, STM32U595QII6Q, STM32U595QJI6, STM32U595QJI6Q, STM32U595RIT6, STM32U595RIT6Q, STM32U595RJT6, STM32U595RJT6Q, STM32U595VIT6, STM32U595VIT6Q, STM32U595VJT6, STM32U595VJT6Q, STM32U595ZIT6, STM32U595ZIT6Q, STM32U595ZIY6QTR, STM32U595ZJT6, STM32U595ZJT6Q, STM32U595ZJY6QTR, STM32U599BJY6QTR, STM32U599NIH6Q, STM32U599NJH6Q, STM32U599VIT6Q, STM32U599VJT6, STM32U599VJT6Q, STM32U599ZIT6Q, STM32U599ZIY6QTR, STM32U599ZJT6Q, STM32U599ZJY6QTR, STM32U5A5AJH6, STM32U5A5AJH6Q, STM32U5A5QII3Q , STM32U5A5QJI6, STM32U5A5QJI6Q, STM32U5A5RJT6, STM32U5A5RJT6Q, STM32U5A5VJT6, STM32U5A5VJT6Q, STM32U5A5ZJT6, STM32U5A5ZJT6Q, STM32U5A5ZJY6QTR, STM32U5A9BJY6QTR, STM32U5A9J-DK, STM32U5A9NJH6Q, STM32U5A9VJT6Q, STM32U5A9ZJT6Q, STM32U5A9ZJY6QTR, STM32U5F7VIT6, STM32U5F7VIT6Q, STM32U5F7VJT6, STM32U5F7VJT6Q, STM32U5F9BJY6QTR, STM32U5F9NJH6Q, STM32U5F9VIT6Q, STM32U5F9VJT6Q, STM32U5F9ZIJ6QTR, STM32U5F9ZIT6Q, STM32U5F9ZJJ6QTR, STM32U5F9ZJT6Q, STM32U5G7VJT6, STM32U5G7VJT6Q, STM32U5G9BJY6QTR, STM32U5G9J-DK1, STM32U5G9J-DK2, STM32U5G9NJH6Q, STM32U5G9VJT6Q, STM32U5G9ZJJ6QTR, STM32U5G9ZJT6Q, STM32WB05KZV6TR, STM32WB05KZV7TR, STM32WB05TZF6TR, STM32WB05TZF7TR, STM32WB06CCF6TR, STM32WB06CCF7TR, STM32WB06CCV6TR, STM32WB06CCV7TR, STM32WB06KCV6TR, STM32WB06KCV7TR, STM32WB07CCF6TR, STM32WB07CCF7TR, STM32WB07CCV6TR, STM32WB07CCV7TR, STM32WB07KCV6TR, STM32WB07KCV7TR, STM32WB09KEV6TR, STM32WB09KEV7TR, STM32WB09TEF6TR, STM32WB09TEF7TR, STM32WB1MMCH6, STM32WBA50KGU6, STM32WBA50KGU6TR, STM32WBA52CEU6, STM32WBA52CEU6TR, STM32WBA52CEU7, STM32WBA52CEU7TR, STM32WBA52CGU6, STM32WBA52CGU6TR, STM32WBA52CGU6U, STM32WBA52CGU7, STM32WBA52CGU7TR, STM32WBA52KEU6, STM32WBA52KEU6TR, STM32WBA52KGU6, STM32WBA52KGU6TR, STM32WBA54CEU6, STM32WBA54CEU6TR, STM32WBA54CEU7, STM32WBA54CEU7TR, STM32WBA54CGU6, STM32WBA54CGU6TR, STM32WBA54CGU7, STM32WBA54CGU7TR, STM32WBA54KEU6, STM32WBA54KEU6TR, STM32WBA54KEU7, STM32WBA54KEU7TR, STM32WBA54KGU6, STM32WBA54KGU6TR, STM32WBA54KGU7, STM32WBA54KGU7TR, STM32WBA55CEU6, STM32WBA55CEU6TR, STM32WBA55CEU7, STM32WBA55CEU7TR, STM32WBA55CGU6, STM32WBA55CGU6TR, STM32WBA55CGU6U, STM32WBA55CGU7, STM32WBA55CGU7TR, STM32WBA55G-DK1, STM32WBA55HEF6, STM32WBA55HEF7, STM32WBA55HGF6, STM32WBA55HGF7, STM32WBA55UEI6, STM32WBA55UEI6TR, STM32WBA55UEI7, STM32WBA55UEI7TR, STM32WBA55UGI6, STM32WBA55UGI6TR, STM32WBA55UGI7, STM32WBA55UGI7TR, STM32WBA5MMGH6TR, STM32WBA62MGF6, STM32WBA62MIF6, STM32WBA65MGF7, STM32WBA65MIF6, STM32WBA65MIF7, STM32WL30K8V6, STM32WL30KBV6, STM32WL31C8V6, STM32WL31CBV6, STM32WL31K8V6, STM32WL31KBV6, STM32WL33C8V6, STM32WL33C8V6X, STM32WL33CBV6, STM32WL33CBV6X, STM32WL33CCV6, STM32WL33CCV6A, STM32WL33CCV6X, STM32WL33K8V7, STM32WL33K8V7X, STM32WL33KBV7 , STM32WL33KBV7X, STM32WL33KCV7, STM32WL33KCV7X, STM32WL5MOCH6, STM32WL5MOCH6TR]
2025-09-07 13:58:38,521 [INFO] BoardInfo:889 - No configuration file found for board P-NUCLEO-WB55
2025-09-07 13:58:38,522 [INFO] DbBoards:161 - Kit is not supported: P-NUCLEO-WB55
2025-09-07 13:58:38,524 [INFO] BoardInfo:889 - No configuration file found for board STEVAL-BFA001V1B
2025-09-07 13:58:38,525 [INFO] DbBoards:161 - Kit is not supported: STEVAL-BFA001V1B
2025-09-07 13:58:38,525 [INFO] BoardInfo:889 - No configuration file found for board STEVAL-BFA001V2B
2025-09-07 13:58:38,525 [INFO] DbBoards:161 - Kit is not supported: STEVAL-BFA001V2B
2025-09-07 13:58:38,609 [INFO] DbBoards:168 - Found 212 boards, 209 are supported
2025-09-07 13:58:38,610 [INFO] DbBoards:169 - Found 212 boards, 43 of them is supported for  Bsp
2025-09-07 13:58:38,612 [INFO] ApiDb:423 - Load user favorites file /home/matijak/.stm32cubeide/favorites.boards.txt: 1 item(s)
2025-09-07 13:58:38,613 [INFO] ApiDb:427 - User favorites Boards=[B-L475E-IOT01A1]
2025-09-07 13:58:38,613 [INFO] DbBoards:198 - Set 1 / 1 favorites Boards
2025-09-07 13:58:38,613 [INFO] McuFinderGlobals:76 - Set McuFinderConnectedMode to false
2025-09-07 13:58:38,618 [INFO] MultiScanPanel:200 - Auto-refresh data requested => check proxy status ongoing
2025-09-07 13:58:38,619 [INFO] MultiScanPanel:204 - Proxy status is invalid
2025-09-07 13:58:38,621 [INFO] FinderPluginLoader:96 - Searching for filters in installed packs
2025-09-07 13:58:39,606 [INFO] DetailPanel:341 - Set advertising image to /home/matijak/STM32Cube/Repository//en.2400x1350px.jpeg
2025-09-07 13:58:39,897 [ERROR] LogOutputStream:75 - [STDERR_REDIRECT] Sep 07, 2025 1:58:39 PM java.util.prefs.FileSystemPreferences checkLockFile0ErrorCode
2025-09-07 13:58:39,898 [ERROR] LogOutputStream:75 - [STDERR_REDIRECT] WARNING: Could not lock System prefs. Unix error code 2.
2025-09-07 13:58:39,898 [ERROR] LogOutputStream:75 - [STDERR_REDIRECT] 
2025-09-07 13:58:39,920 [ERROR] LogOutputStream:75 - [STDERR_REDIRECT] Sep 07, 2025 1:58:39 PM java.util.prefs.FileSystemPreferences syncWorld
2025-09-07 13:58:39,922 [ERROR] LogOutputStream:75 - [STDERR_REDIRECT] WARNING: Couldn't flush system prefs: java.util.prefs.BackingStoreException: Couldn't get file lock.
2025-09-07 13:58:39,922 [ERROR] LogOutputStream:75 - [STDERR_REDIRECT] 
2025-09-07 13:58:42,809 [INFO] McuFinderGlobals:76 - Set McuFinderConnectedMode to true
2025-09-07 13:58:42,849 [INFO] ApiDb:448 - Save user favorites file /home/matijak/.stm32cubeide/favorites.mcus.txt: 0 item(s)
2025-09-07 13:58:42,849 [INFO] ApiDb:452 - User favorites MCUs=[]
2025-09-07 13:59:09,900 [ERROR] LogOutputStream:75 - [STDERR_REDIRECT] Sep 07, 2025 1:59:09 PM java.util.prefs.FileSystemPreferences checkLockFile0ErrorCode
2025-09-07 13:59:09,901 [ERROR] LogOutputStream:75 - [STDERR_REDIRECT] WARNING: Could not lock System prefs. Unix error code 2.
2025-09-07 13:59:09,901 [ERROR] LogOutputStream:75 - [STDERR_REDIRECT] 
2025-09-07 13:59:09,902 [ERROR] LogOutputStream:75 - [STDERR_REDIRECT] Sep 07, 2025 1:59:09 PM java.util.prefs.FileSystemPreferences syncWorld
2025-09-07 13:59:09,903 [ERROR] LogOutputStream:75 - [STDERR_REDIRECT] WARNING: Couldn't flush system prefs: java.util.prefs.BackingStoreException: Couldn't get file lock.
2025-09-07 13:59:09,903 [ERROR] LogOutputStream:75 - [STDERR_REDIRECT] 
2025-09-07 13:59:39,898 [ERROR] LogOutputStream:75 - [STDERR_REDIRECT] Sep 07, 2025 1:59:39 PM java.util.prefs.FileSystemPreferences checkLockFile0ErrorCode
2025-09-07 13:59:39,899 [ERROR] LogOutputStream:75 - [STDERR_REDIRECT] WARNING: Could not lock System prefs. Unix error code 2.
2025-09-07 13:59:39,899 [ERROR] LogOutputStream:75 - [STDERR_REDIRECT] 
2025-09-07 13:59:39,900 [ERROR] LogOutputStream:75 - [STDERR_REDIRECT] Sep 07, 2025 1:59:39 PM java.util.prefs.FileSystemPreferences syncWorld
2025-09-07 13:59:39,901 [ERROR] LogOutputStream:75 - [STDERR_REDIRECT] WARNING: Couldn't flush system prefs: java.util.prefs.BackingStoreException: Couldn't get file lock.
2025-09-07 13:59:39,901 [ERROR] LogOutputStream:75 - [STDERR_REDIRECT] 
2025-09-07 14:00:09,897 [ERROR] LogOutputStream:75 - [STDERR_REDIRECT] Sep 07, 2025 2:00:09 PM java.util.prefs.FileSystemPreferences checkLockFile0ErrorCode
2025-09-07 14:00:09,897 [ERROR] LogOutputStream:75 - [STDERR_REDIRECT] WARNING: Could not lock System prefs. Unix error code 2.
2025-09-07 14:00:09,898 [ERROR] LogOutputStream:75 - [STDERR_REDIRECT] 
2025-09-07 14:00:09,899 [ERROR] LogOutputStream:75 - [STDERR_REDIRECT] Sep 07, 2025 2:00:09 PM java.util.prefs.FileSystemPreferences syncWorld
2025-09-07 14:00:09,900 [ERROR] LogOutputStream:75 - [STDERR_REDIRECT] WARNING: Couldn't flush system prefs: java.util.prefs.BackingStoreException: Couldn't get file lock.
2025-09-07 14:00:09,900 [ERROR] LogOutputStream:75 - [STDERR_REDIRECT] 
2025-09-07 14:00:39,897 [ERROR] LogOutputStream:75 - [STDERR_REDIRECT] Sep 07, 2025 2:00:39 PM java.util.prefs.FileSystemPreferences checkLockFile0ErrorCode
2025-09-07 14:00:39,898 [ERROR] LogOutputStream:75 - [STDERR_REDIRECT] WARNING: Could not lock System prefs. Unix error code 2.
2025-09-07 14:00:39,898 [ERROR] LogOutputStream:75 - [STDERR_REDIRECT] 
2025-09-07 14:00:39,899 [ERROR] LogOutputStream:75 - [STDERR_REDIRECT] Sep 07, 2025 2:00:39 PM java.util.prefs.FileSystemPreferences syncWorld
2025-09-07 14:00:39,900 [ERROR] LogOutputStream:75 - [STDERR_REDIRECT] WARNING: Couldn't flush system prefs: java.util.prefs.BackingStoreException: Couldn't get file lock.
2025-09-07 14:00:39,900 [ERROR] LogOutputStream:75 - [STDERR_REDIRECT] 
2025-09-07 14:00:57,857 [INFO] MainUpdater:2872 - connection check result : 10
2025-09-07 14:00:57,867 [INFO] McuFinderGlobals:76 - Set McuFinderConnectedMode to true
2025-09-07 14:00:58,281 [INFO] ServerAccessManage:452 - Complete download http(s) 200
2025-09-07 14:00:58,283 [INFO] ServerAccessManage:509 - Download File mcusAds.json._tmp_
2025-09-07 14:00:58,393 [INFO] LoadUrlFilesThread:156 - End of LoadUrlFiles Thread
2025-09-07 14:00:58,750 [INFO] ServerAccessManage:452 - Complete download http(s) 200
2025-09-07 14:00:58,751 [INFO] ServerAccessManage:509 - Download File cube-finder-db.zip
2025-09-07 14:01:01,178 [INFO] FileExtend:248 - Unzip File : cube-finder-db.zip
2025-09-07 14:01:01,178 [INFO] FileExtend:263 - Standard Zip Deflate
2025-09-07 14:01:01,807 [INFO] LoadUrlFilesThread:156 - End of LoadUrlFiles Thread
2025-09-07 14:01:02,507 [INFO] ServerAccessManage:452 - Complete download http(s) 200
2025-09-07 14:01:02,509 [INFO] ServerAccessManage:509 - Download File crdb.zip
2025-09-07 14:01:02,917 [INFO] FileExtend:248 - Unzip File : crdb.zip
2025-09-07 14:01:02,917 [INFO] FileExtend:263 - Standard Zip Deflate
2025-09-07 14:01:03,049 [INFO] LoadUrlFilesThread:156 - End of LoadUrlFiles Thread
2025-09-07 14:01:03,380 [INFO] ServerAccessManage:452 - Complete download http(s) 200
2025-09-07 14:01:03,381 [INFO] ServerAccessManage:509 - Download File tutoVideoDB.zip
2025-09-07 14:01:03,420 [INFO] FileExtend:248 - Unzip File : tutoVideoDB.zip
2025-09-07 14:01:03,420 [INFO] FileExtend:263 - Standard Zip Deflate
2025-09-07 14:01:03,525 [INFO] LoadUrlFilesThread:156 - End of LoadUrlFiles Thread
2025-09-07 14:01:03,529 [WARN] DbFile:41 - Overriding database path with different value: /home/matijak/.stmcufinder/plugins/mcufinder/ => /home/matijak/.stmcufinder/plugins/mcufinder
2025-09-07 14:01:03,740 [INFO] ServerAccessManage:452 - Complete download http(s) 200
2025-09-07 14:01:03,741 [INFO] ServerAccessManage:509 - Download File api_config.json
2025-09-07 14:01:03,843 [INFO] LoadUrlFilesThread:156 - End of LoadUrlFiles Thread
2025-09-07 14:01:03,844 [INFO] DbMcusAds:53 - JSON generation date=Tue Jul 08 10:14:23 CEST 2025 (1751962463582)
2025-09-07 14:01:03,847 [INFO] ApiDb:448 - Save user favorites file /home/matijak/.stm32cubeide/favorites.mcus.txt: 0 item(s)
2025-09-07 14:01:03,847 [INFO] ApiDb:452 - User favorites MCUs=[]
2025-09-07 14:01:03,849 [INFO] ApiDb:581 - Connected to CubeFinder SQLite database (/home/matijak/.stmcufinder/plugins/mcufinder/mcu/cube-finder-db.db)
2025-09-07 14:01:03,909 [INFO] ApiDb:668 - CubeFinder database Data Model version=2.1
2025-09-07 14:01:03,909 [INFO] ApiDb:669 - CubeFinder database Configuration version=3.0.39
2025-09-07 14:01:03,909 [INFO] ApiDb:670 - CubeFinder database generation date=2025-07-24 (1753349077)
2025-09-07 14:01:03,909 [INFO] ApiDb:671 - CubeFinder database FW Pack versions=[FP-ATR-ASTRA1_V2.0.0, FP-SNS-FLIGHT1_V5.1.0, FP-SNS-MOTENV1_V5.0.0, FP-SNS-MOTENVWB1_V1.4.0, FP-SNS-SMARTAG2_V1.2.0, FP-SNS-STBOX1_V2.0.0, STM32Cube_FW_C0_V1.4.0, STM32Cube_FW_F4_V1.28.2, STM32Cube_FW_F7_V1.17.3, STM32Cube_FW_G0_V1.6.2, STM32Cube_FW_G4_V1.6.1, STM32Cube_FW_H5_V1.5.0, STM32Cube_FW_H7RS_V1.2.0, STM32Cube_FW_H7_V1.12.1, STM32Cube_FW_L0_V1.12.2, STM32Cube_FW_L4_V1.18.1, STM32Cube_FW_L5_V1.5.1, STM32Cube_FW_N6_V1.2.0, STM32Cube_FW_U0_V1.3.0, STM32Cube_FW_U3_V1.2.0, STM32Cube_FW_U5_V1.8.0, STM32Cube_FW_WB0_V1.3.0, STM32Cube_FW_WBA_V1.7.0, STM32Cube_FW_WB_V1.23.0, STM32Cube_FW_WL3_V1.2.0, STM32Cube_FW_WL_V1.3.1, X-CUBE-ALGOBUILD_V1.4.0, X-CUBE-ALS_V1.0.2, X-CUBE-AZRTOS-F4_V1.1.0, X-CUBE-AZRTOS-F7_V1.1.0, X-CUBE-AZRTOS-G0_V1.1.0, X-CUBE-AZRTOS-G4_V2.0.0, X-CUBE-AZRTOS-H7RS_V1.1.0, X-CUBE-AZRTOS-H7_V3.4.0, X-CUBE-AZRTOS-L4_V2.0.0, X-CUBE-AZRTOS-L5_V2.0.0, X-CUBE-AZRTOS-WB_V2.0.0, X-CUBE-AZRTOS-WL_V2.0.0, X-CUBE-BLE1_V7.1.0, X-CUBE-BLE2_V3.3.0, X-CUBE-BLEMGR_V4.1.0, X-CUBE-EEPRMA1_V5.2.0, X-CUBE-FREERTOS_V1.3.1, X-CUBE-GNSS1_V6.0.0, X-CUBE-MEMS1_V11.3.0, X-CUBE-NFC4_V3.0.0, X-CUBE-NFC7_V2.0.0, X-CUBE-SFXS2LP1_V4.0.0, X-CUBE-ST67W61_V1.0.0, X-CUBE-SUBG2_V5.0.0, X-CUBE-TOF1_V3.4.3]
2025-09-07 14:01:05,738 [INFO] ApiDb:240 - Found 880 in-development CPN: [B-G473E-ZEST1S, B-WB1M-WPAN1, B-WBA5M-WPAN, B-WL5M-SUBG1, NUCLEO-C031C6, NUCLEO-C051C8, NUCLEO-C071RB, NUCLEO-C092RC, NUCLEO-H503RB, NUCLEO-H533RE, NUCLEO-H563ZI, NUCLEO-H7S3L8, NUCLEO-N657X0-Q, NUCLEO-U031R8, NUCLEO-U083RC, NUCLEO-U385RG-Q, NUCLEO-U545RE-Q, NUCLEO-U5A5ZJ-Q, NUCLEO-WB05KZ, NUCLEO-WB07CC, NUCLEO-WB09KE, NUCLEO-WBA52CG, NUCLEO-WBA55CG, NUCLEO-WL33CC1, NUCLEO-WL33CC2, STEVAL-PROTEUS1, STEVAL-SMARTAG2, STEVAL-STWINBX1, STM320518-EVAL, STM32C0116-DK, STM32C011D6Y3TR, STM32C011D6Y6TR, STM32C011F4P3, STM32C011F4P6, STM32C011F4U3, STM32C011F4U6TR, STM32C011F6P3, STM32C011F6P6, STM32C011F6U3, STM32C011F6U6TR, STM32C011J4M3, STM32C011J4M6, STM32C011J6M3, STM32C011J6M6, STM32C0316-DK, STM32C031C4T3, STM32C031C4T6, STM32C031C4U3, STM32C031C4U6, STM32C031C6T3, STM32C031C6T6, STM32C031C6U3, STM32C031C6U6, STM32C031F4P3, STM32C031F4P6, STM32C031F6P3, STM32C031F6P6, STM32C031G4U3, STM32C031G4U6, STM32C031G6U3, STM32C031G6U6, STM32C031K4T3, STM32C031K4T6, STM32C031K4U3, STM32C031K4U6, STM32C031K6T3, STM32C031K6T6, STM32C031K6U3, STM32C031K6U6, STM32C051C6T6, STM32C051C6U6, STM32C051C8T6, STM32C051C8U6, STM32C051D8Y6TR, STM32C051F6P6, STM32C051F8P6, STM32C051G6U6, STM32C051G8U6, STM32C051K6T6, STM32C051K6U6, STM32C051K8T6, STM32C071C8T6, STM32C071C8T6N, STM32C071C8U6, STM32C071C8U6N, STM32C071CBT6, STM32C071CBT6N, STM32C071CBU6, STM32C071CBU6N, STM32C071F8P6, STM32C071F8P6N, STM32C071FBP6, STM32C071FBP6N, STM32C071FBY6TR, STM32C071G8U6, STM32C071G8U6N, STM32C071GBU6, STM32C071GBU6N, STM32C071K8T6, STM32C071K8T6N, STM32C071K8U6, STM32C071K8U6N, STM32C071KBT6, STM32C071KBT6N, STM32C071KBU6, STM32C071KBU6N, STM32C071R8T6, STM32C071R8T6N, STM32C071RBI6N, STM32C071RBT6, STM32C071RBT6N, STM32C091CBT6, STM32C091CBU6, STM32C091CCT6, STM32C091CCU6, STM32C091ECY6TR, STM32C091FBP6, STM32C091FCP6, STM32C091GBU6, STM32C091GCU6, STM32C091KBT6, STM32C091KBU6, STM32C091KCT6, STM32C091KCU6, STM32C091RBT6, STM32C091RCI6, STM32C091RCT6, STM32C092CBT6, STM32C092CBU6, STM32C092CCT6, STM32C092CCU6, STM32C092ECY6TR, STM32C092FBP6, STM32C092FCP6, STM32C092GBU6, STM32C092GCU6, STM32C092KBT6, STM32C092KBU6, STM32C092KCT6, STM32C092KCU6, STM32C092RBT6, STM32C092RCI6, STM32C092RCT6, STM32G071K8TXN, STM32G071K8UXN, STM32G081GBU6N, STM32G081KBT6N, STM32G081KBUXN, STM32G0B1CCT6N, STM32G0B1KCT6, STM32G0B1NEY6TR, STM32G0B1RCT6N, STM32G0C1CCT6, STM32G0C1CCT6N, STM32G0C1CCU6N, STM32G0C1CET6N, STM32G0C1CEU6N, STM32G0C1KCT6, STM32G0C1NEY6TR, STM32G0C1RCI6N, STM32G0C1RCT6N, STM32G0C1REI6N, STM32G0C1RET6N, STM32G0C1VCI6, STM32G0C1VEI6, STM32G411C6T3, STM32G411C6T6, STM32G411C6U3, STM32G411C6U6, STM32G411C8T3, STM32G411C8T6, STM32G411C8U3, STM32G411C8U6, STM32G411CBT3, STM32G411CBT6, STM32G411CBU3, STM32G411CBU6, STM32G411K6T3, STM32G411K6T6, STM32G411K6U3, STM32G411K6U6, STM32G411K8T3, STM32G411K8T6, STM32G411K8U3, STM32G411K8U6, STM32G411KBT3, STM32G411KBT6, STM32G411KBU3, STM32G411KBU6, STM32G411M6T3, STM32G411M6T6, STM32G411M8T3, STM32G411M8T6, STM32G411MBT3, STM32G411MBT6, STM32G411R6T3, STM32G411R6T6, STM32G411R8T3, STM32G411R8T6, STM32G411RBT3, STM32G411RBT6, STM32G414CBT3, STM32G414CBT6, STM32G414CBU3, STM32G414CBU6, STM32G414CCT3, STM32G414CCT6, STM32G414CCU3, STM32G414CCU6, STM32G414MBT3, STM32G414MBT6, STM32G414MCT3, STM32G414MCT6, STM32G414RBT3, STM32G414RBT6, STM32G414RCT3, STM32G414RCT6, STM32G414VBT3, STM32G414VBT6, STM32G414VCT3, STM32G414VCT6, STM32G431CBT3Z, STM32G431RBT3Z, STM32G471CCT6, STM32G471CCU6, STM32G471CET3, STM32G471CET6, STM32G471CEU3, STM32G471CEU6, STM32G471MCT6, STM32G471MET3, STM32G471MET6, STM32G471MEY6TR, STM32G471QCT6, STM32G471QET3, STM32G471RCT6, STM32G471RET3, STM32G471RET6, STM32G471VCH6, STM32G471VCI6, STM32G471VCT6, STM32G471VEH3, STM32G471VEH6, STM32G471VEI3, STM32G471VEI6, STM32G471VET3, STM32G471VET6, STM32G473QET3Z, STM32G473RET3Z, STM32G474CCT6, STM32G491RET3Z, STM32H503CBT6, STM32H503CBU6, STM32H503EBY6TR, STM32H503KBU6, STM32H503RBT6, STM32H523CCT6, STM32H523CCU6, STM32H523CET6, STM32H523CEU6, STM32H523HEY6TR, STM32H523RCT6, STM32H523RET6, STM32H523VCI6, STM32H523VCT6, STM32H523VEI6, STM32H523VET6, STM32H523ZCJ6, STM32H523ZCT6, STM32H523ZEJ6, STM32H523ZET6, STM32H533CET6, STM32H533CEU6, STM32H533HEY6TR, STM32H533RET6, STM32H533VEI6, STM32H533VET6, STM32H533ZEJ6, STM32H533ZET6, STM32H562AGI6, STM32H562AII6, STM32H562IGK6, STM32H562IGT6, STM32H562IIK6, STM32H562IIT6, STM32H562RGT6, STM32H562RGV6, STM32H562RIT6, STM32H562RIV6, STM32H562VGT6, STM32H562VIT6, STM32H562ZGT6, STM32H562ZIT6, STM32H563AGI6, STM32H563AII3Q, STM32H563AII6, STM32H563IGK6, STM32H563IGT6, STM32H563IIK3Q, STM32H563IIK6, STM32H563IIT3Q, STM32H563IIT6, STM32H563MIY3QTR, STM32H563RGT6, STM32H563RGV6, STM32H563RIT6, STM32H563RIV6, STM32H563VGT6, STM32H563VIT3Q, STM32H563VIT6, STM32H563ZGT6, STM32H563ZIT3Q, STM32H563ZIT6, STM32H573AII3Q, STM32H573AII6, STM32H573I-DK, STM32H573IIK3Q, STM32H573IIK6, STM32H573IIT3Q, STM32H573IIT6, STM32H573MIY3QTR, STM32H573RIT6, STM32H573RIV6, STM32H573VIT3Q, STM32H573VIT6, STM32H573ZIT3Q, STM32H573ZIT6, STM32H7R3A8I6, STM32H7R3I8K6, STM32H7R3I8T6, STM32H7R3L8H6, STM32H7R3L8H6H, STM32H7R3R8V6, STM32H7R3V8H6, STM32H7R3V8T6, STM32H7R3V8Y6TR, STM32H7R3Z8J6, STM32H7R3Z8T6, STM32H7R7A8I6, STM32H7R7I8K6, STM32H7R7I8T6, STM32H7R7L8H6, STM32H7R7L8H6H, STM32H7R7Z8J6, STM32H7S3A8I6, STM32H7S3I8K6, STM32H7S3I8T6, STM32H7S3L8H6, STM32H7S3L8H6H, STM32H7S3R8V6, STM32H7S3V8H6, STM32H7S3V8T6, STM32H7S3V8Y6TR, STM32H7S3Z8J6, STM32H7S3Z8T6, STM32H7S78-DK, STM32H7S7A8I6, STM32H7S7I8K6, STM32H7S7I8T6, STM32H7S7L8H6, STM32H7S7L8H6H, STM32H7S7Z8J6, STM32L4R5QGI6STR, STM32MP131AAE3, STM32MP131AAF3, STM32MP131AAG3, STM32MP131CAE3, STM32MP131CAF3, STM32MP131CAG3, STM32MP131DAE7, STM32MP131DAF7, STM32MP131DAG7, STM32MP131FAE7, STM32MP131FAF7, STM32MP131FAG7, STM32MP133AAE3, STM32MP133AAF3, STM32MP133AAG3, STM32MP133CAE3, STM32MP133CAF3, STM32MP133CAG3, STM32MP133DAE7, STM32MP133DAF7, STM32MP133DAG7, STM32MP133FAE7, STM32MP133FAF7, STM32MP133FAG7, STM32MP135AAE3, STM32MP135AAF3, STM32MP135AAG3, STM32MP135CAE3, STM32MP135CAF3, STM32MP135CAG3, STM32MP135DAE7, STM32MP135DAF7, STM32MP135DAG7, STM32MP135F-DK, STM32MP135FAE7, STM32MP135FAF7, STM32MP135FAF7T, STM32MP135FAF7U, STM32MP135FAG7, STM32MP211AAL3, STM32MP211AAM3, STM32MP211AAN3, STM32MP211AAO3, STM32MP211CAL3, STM32MP211CAM3, STM32MP211CAN3, STM32MP211CAO3, STM32MP211DAL3, STM32MP211DAM3, STM32MP211DAN3, STM32MP211DAO3, STM32MP211FAL3, STM32MP211FAM3, STM32MP211FAN3, STM32MP211FAO3, STM32MP213AAL3, STM32MP213AAM3, STM32MP213AAN3, STM32MP213AAO3, STM32MP213CAL3, STM32MP213CAM3, STM32MP213CAN3, STM32MP213CAO3, STM32MP213DAL3, STM32MP213DAM3, STM32MP213DAN3, STM32MP213DAO3, STM32MP213FAL3, STM32MP213FAM3, STM32MP213FAN3, STM32MP213FAO3, STM32MP215AAL3, STM32MP215AAM3, STM32MP215AAN3, STM32MP215AAO3, STM32MP215CAL3, STM32MP215CAM3, STM32MP215CAN3, STM32MP215CAO3, STM32MP215DAL3, STM32MP215DAM3, STM32MP215DAN3, STM32MP215DAO3, STM32MP215F-DK, STM32MP215FAL3, STM32MP215FAM3, STM32MP215FAN3, STM32MP215FAO3, STM32MP231AAJ3, STM32MP231AAK3, STM32MP231AAL3, STM32MP231CAJ3, STM32MP231CAK3, STM32MP231CAL3, STM32MP231DAJ3, STM32MP231DAK3, STM32MP231DAL3, STM32MP231FAJ3, STM32MP231FAK3, STM32MP231FAL3, STM32MP233AAJ3, STM32MP233AAK3, STM32MP233AAL3, STM32MP233CAJ3, STM32MP233CAK3, STM32MP233CAL3, STM32MP233DAJ3, STM32MP233DAK3, STM32MP233DAL3, STM32MP233FAJ3, STM32MP233FAK3, STM32MP233FAL3, STM32MP235AAJ3, STM32MP235AAK3, STM32MP235AAL3, STM32MP235CAJ3, STM32MP235CAK3, STM32MP235CAL3, STM32MP235DAJ3, STM32MP235DAK3, STM32MP235DAL3, STM32MP235FAJ3, STM32MP235FAK3, STM32MP235FAL3, STM32MP251AAI3, STM32MP251AAK3, STM32MP251AAL3, STM32MP251CAI3, STM32MP251CAK3, STM32MP251CAL3, STM32MP251DAI3, STM32MP251DAK3, STM32MP251DAL3, STM32MP251FAI3, STM32MP251FAK3, STM32MP251FAL3, STM32MP253AAI3, STM32MP253AAK3, STM32MP253AAL3, STM32MP253CAI3, STM32MP253CAK3, STM32MP253CAL3, STM32MP253DAI3, STM32MP253DAK3, STM32MP253DAL3, STM32MP253FAI3, STM32MP253FAK3, STM32MP253FAL3, STM32MP255AAI3, STM32MP255AAK3, STM32MP255AAL3, STM32MP255CAI3, STM32MP255CAK3, STM32MP255CAL3, STM32MP255DAI3, STM32MP255DAK3, STM32MP255DAL3, STM32MP255FAI3, STM32MP255FAK3, STM32MP255FAL3, STM32MP257AAI3, STM32MP257AAK3, STM32MP257AAL3, STM32MP257CAI3, STM32MP257CAK3, STM32MP257CAL3, STM32MP257DAI3, STM32MP257DAK3, STM32MP257DAL3, STM32MP257F-DK, STM32MP257F-EV1, STM32MP257FAI3, STM32MP257FAK3, STM32MP257FAL3, STM32N645A0H3Q, STM32N645B0H3Q, STM32N645I0H3Q, STM32N645L0H3Q, STM32N645X0H3Q, STM32N645Z0H3Q, STM32N647A0H3Q, STM32N647B0H3Q, STM32N647I0H3Q, STM32N647L0H3Q, STM32N647X0H3Q, STM32N647Z0H3Q, STM32N655A0H3Q, STM32N655B0H3Q, STM32N655I0H3Q, STM32N655L0H3Q, STM32N655X0H3Q, STM32N655Z0H3Q, STM32N6570-DK, STM32N657A0H3Q, STM32N657B0H3Q, STM32N657I0H3Q, STM32N657L0H3Q, STM32N657X0H3Q, STM32N657Z0H3Q, STM32U031C6T6, STM32U031C6U6, STM32U031C8T6, STM32U031C8U6, STM32U031F4P6, STM32U031F6P6, STM32U031F8P6, STM32U031G6Y6TR, STM32U031G8Y6TR, STM32U031K4U6, STM32U031K6U6, STM32U031K8U6, STM32U031R6I6, STM32U031R6T6, STM32U031R8I6, STM32U031R8T6, STM32U073C8T6, STM32U073C8U6, STM32U073CBT6, STM32U073CBU6, STM32U073CCT6, STM32U073CCU6, STM32U073H8Y6TR, STM32U073HBY6TR, STM32U073HCY6TR, STM32U073K8U6, STM32U073KBU6, STM32U073KCU6, STM32U073M8I6, STM32U073M8T6, STM32U073MBI6, STM32U073MBT6, STM32U073MCI6, STM32U073MCT6, STM32U073R8I6, STM32U073R8T6, STM32U073RBI6, STM32U073RBT6, STM32U073RCI6, STM32U073RCT6, STM32U083C-DK, STM32U083CCT6, STM32U083CCU6, STM32U083HCY6TR, STM32U083KCU6, STM32U083MCI6, STM32U083MCT6, STM32U083RCI6, STM32U083RCT6, STM32U375CET6, STM32U375CET6Q, STM32U375CEU6, STM32U375CEU6Q, STM32U375CEY6QTR, STM32U375CGT6, STM32U375CGT6Q, STM32U375CGU6, STM32U375CGU6Q, STM32U375CGY6QTR, STM32U375KEU6, STM32U375KGU6, STM32U375REI6, STM32U375REI6Q, STM32U375RET6, STM32U375RET6Q, STM32U375REY6GTR, STM32U375REY6QTR, STM32U375RGI6, STM32U375RGI6Q, STM32U375RGT6, STM32U375RGT6Q, STM32U375RGY6GTR, STM32U375RGY6QTR, STM32U375VEI6, STM32U375VEI6Q, STM32U375VET6, STM32U375VET6Q, STM32U375VGI6, STM32U375VGI6Q, STM32U375VGT6, STM32U375VGT6Q, STM32U385CGT6, STM32U385CGT6Q, STM32U385CGU6, STM32U385CGU6Q, STM32U385CGY6QTR, STM32U385KGU6, STM32U385RGI6, STM32U385RGI6Q, STM32U385RGT6, STM32U385RGT6Q, STM32U385RGY6GTR, STM32U385RGY6QTR, STM32U385VGI6, STM32U385VGI6Q, STM32U385VGT6, STM32U385VGT6Q, STM32U535CBT6, STM32U535CBT6Q, STM32U535CBU6, STM32U535CBU6Q, STM32U535CCT6, STM32U535CCT6Q, STM32U535CCU6, STM32U535CCU6Q, STM32U535CET6, STM32U535CET6Q, STM32U535CEU6, STM32U535CEU6Q, STM32U535JEY6QTR, STM32U535NCY6QTR, STM32U535NEY6QTR, STM32U535RBI6, STM32U535RBI6Q, STM32U535RBT6, STM32U535RBT6Q, STM32U535RCI6, STM32U535RCI6Q, STM32U535RCT6, STM32U535RCT6Q, STM32U535REI6, STM32U535REI6Q, STM32U535RET6, STM32U535RET6Q, STM32U535VCI6, STM32U535VCI6Q, STM32U535VCT6, STM32U535VCT6Q, STM32U535VEI6, STM32U535VEI6Q, STM32U535VET6, STM32U535VET6Q, STM32U545CET6, STM32U545CET6Q, STM32U545CEU6, STM32U545CEU6Q, STM32U545JEY6QTR, STM32U545NEY6QTR, STM32U545REI6, STM32U545REI6Q, STM32U545RET6, STM32U545RET6Q, STM32U545VEI6, STM32U545VEI6Q, STM32U545VET6, STM32U545VET6Q, STM32U595AIH6, STM32U595AIH6Q, STM32U595AJH6, STM32U595AJH6Q, STM32U595QII6, STM32U595QII6Q, STM32U595QJI6, STM32U595QJI6Q, STM32U595RIT6, STM32U595RIT6Q, STM32U595RJT6, STM32U595RJT6Q, STM32U595VIT6, STM32U595VIT6Q, STM32U595VJT6, STM32U595VJT6Q, STM32U595ZIT6, STM32U595ZIT6Q, STM32U595ZIY6QTR, STM32U595ZJT6, STM32U595ZJT6Q, STM32U595ZJY6QTR, STM32U599BJY6QTR, STM32U599NIH6Q, STM32U599NJH6Q, STM32U599VIT6Q, STM32U599VJT6, STM32U599VJT6Q, STM32U599ZIT6Q, STM32U599ZIY6QTR, STM32U599ZJT6Q, STM32U599ZJY6QTR, STM32U5A5AJH6, STM32U5A5AJH6Q, STM32U5A5QII3Q , STM32U5A5QJI6, STM32U5A5QJI6Q, STM32U5A5RJT6, STM32U5A5RJT6Q, STM32U5A5VJT6, STM32U5A5VJT6Q, STM32U5A5ZJT6, STM32U5A5ZJT6Q, STM32U5A5ZJY6QTR, STM32U5A9BJY6QTR, STM32U5A9J-DK, STM32U5A9NJH6Q, STM32U5A9VJT6Q, STM32U5A9ZJT6Q, STM32U5A9ZJY6QTR, STM32U5F7VIT6, STM32U5F7VIT6Q, STM32U5F7VJT6, STM32U5F7VJT6Q, STM32U5F9BJY6QTR, STM32U5F9NJH6Q, STM32U5F9VIT6Q, STM32U5F9VJT6Q, STM32U5F9ZIJ6QTR, STM32U5F9ZIT6Q, STM32U5F9ZJJ6QTR, STM32U5F9ZJT6Q, STM32U5G7VJT6, STM32U5G7VJT6Q, STM32U5G9BJY6QTR, STM32U5G9J-DK1, STM32U5G9J-DK2, STM32U5G9NJH6Q, STM32U5G9VJT6Q, STM32U5G9ZJJ6QTR, STM32U5G9ZJT6Q, STM32WB05KZV6TR, STM32WB05KZV7TR, STM32WB05TZF6TR, STM32WB05TZF7TR, STM32WB06CCF6TR, STM32WB06CCF7TR, STM32WB06CCV6TR, STM32WB06CCV7TR, STM32WB06KCV6TR, STM32WB06KCV7TR, STM32WB07CCF6TR, STM32WB07CCF7TR, STM32WB07CCV6TR, STM32WB07CCV7TR, STM32WB07KCV6TR, STM32WB07KCV7TR, STM32WB09KEV6TR, STM32WB09KEV7TR, STM32WB09TEF6TR, STM32WB09TEF7TR, STM32WB1MMCH6, STM32WBA50KGU6, STM32WBA50KGU6TR, STM32WBA52CEU6, STM32WBA52CEU6TR, STM32WBA52CEU7, STM32WBA52CEU7TR, STM32WBA52CGU6, STM32WBA52CGU6TR, STM32WBA52CGU6U, STM32WBA52CGU7, STM32WBA52CGU7TR, STM32WBA52KEU6, STM32WBA52KEU6TR, STM32WBA52KGU6, STM32WBA52KGU6TR, STM32WBA54CEU6, STM32WBA54CEU6TR, STM32WBA54CEU7, STM32WBA54CEU7TR, STM32WBA54CGU6, STM32WBA54CGU6TR, STM32WBA54CGU7, STM32WBA54CGU7TR, STM32WBA54KEU6, STM32WBA54KEU6TR, STM32WBA54KEU7, STM32WBA54KEU7TR, STM32WBA54KGU6, STM32WBA54KGU6TR, STM32WBA54KGU7, STM32WBA54KGU7TR, STM32WBA55CEU6, STM32WBA55CEU6TR, STM32WBA55CEU7, STM32WBA55CEU7TR, STM32WBA55CGU6, STM32WBA55CGU6TR, STM32WBA55CGU6U, STM32WBA55CGU7, STM32WBA55CGU7TR, STM32WBA55G-DK1, STM32WBA55HEF6, STM32WBA55HEF7, STM32WBA55HGF6, STM32WBA55HGF7, STM32WBA55UEI6, STM32WBA55UEI6TR, STM32WBA55UEI7, STM32WBA55UEI7TR, STM32WBA55UGI6, STM32WBA55UGI6TR, STM32WBA55UGI7, STM32WBA55UGI7TR, STM32WBA5MMGH6TR, STM32WBA62MGF6, STM32WBA62MIF6, STM32WBA65MGF7, STM32WBA65MIF6, STM32WBA65MIF7, STM32WL30K8V6, STM32WL30KBV6, STM32WL31C8V6, STM32WL31CBV6, STM32WL31K8V6, STM32WL31KBV6, STM32WL33C8V6, STM32WL33C8V6X, STM32WL33CBV6, STM32WL33CBV6X, STM32WL33CCV6, STM32WL33CCV6A, STM32WL33CCV6X, STM32WL33K8V7, STM32WL33K8V7X, STM32WL33KBV7 , STM32WL33KBV7X, STM32WL33KCV7, STM32WL33KCV7X, STM32WL5MOCH6, STM32WL5MOCH6TR]
2025-09-07 14:01:05,741 [INFO] DbMcus:218 - Found 4801 MCUs, 4801 are supported
2025-09-07 14:01:05,742 [INFO] ApiDb:423 - Load user favorites file /home/matijak/.stm32cubeide/favorites.mcus.txt: 0 item(s)
2025-09-07 14:01:05,742 [INFO] ApiDb:427 - User favorites MCUs=[]
2025-09-07 14:01:05,742 [INFO] DbMcus:224 - Set 0 / 0 favorites MCUs
2025-09-07 14:01:06,013 [INFO] ApiDb:448 - Save user favorites file /home/matijak/.stm32cubeide/favorites.boards.txt: 1 item(s)
2025-09-07 14:01:06,014 [INFO] ApiDb:452 - User favorites Boards=[B-L475E-IOT01A1]
2025-09-07 14:01:06,014 [INFO] ApiDb:581 - Connected to CubeFinder SQLite database (/home/matijak/.stmcufinder/plugins/mcufinder/mcu/cube-finder-db.db)
2025-09-07 14:01:06,045 [INFO] ApiDb:668 - CubeFinder database Data Model version=2.1
2025-09-07 14:01:06,046 [INFO] ApiDb:669 - CubeFinder database Configuration version=3.0.39
2025-09-07 14:01:06,046 [INFO] ApiDb:670 - CubeFinder database generation date=2025-07-24 (1753349077)
2025-09-07 14:01:06,046 [INFO] ApiDb:671 - CubeFinder database FW Pack versions=[FP-ATR-ASTRA1_V2.0.0, FP-SNS-FLIGHT1_V5.1.0, FP-SNS-MOTENV1_V5.0.0, FP-SNS-MOTENVWB1_V1.4.0, FP-SNS-SMARTAG2_V1.2.0, FP-SNS-STBOX1_V2.0.0, STM32Cube_FW_C0_V1.4.0, STM32Cube_FW_F4_V1.28.2, STM32Cube_FW_F7_V1.17.3, STM32Cube_FW_G0_V1.6.2, STM32Cube_FW_G4_V1.6.1, STM32Cube_FW_H5_V1.5.0, STM32Cube_FW_H7RS_V1.2.0, STM32Cube_FW_H7_V1.12.1, STM32Cube_FW_L0_V1.12.2, STM32Cube_FW_L4_V1.18.1, STM32Cube_FW_L5_V1.5.1, STM32Cube_FW_N6_V1.2.0, STM32Cube_FW_U0_V1.3.0, STM32Cube_FW_U3_V1.2.0, STM32Cube_FW_U5_V1.8.0, STM32Cube_FW_WB0_V1.3.0, STM32Cube_FW_WBA_V1.7.0, STM32Cube_FW_WB_V1.23.0, STM32Cube_FW_WL3_V1.2.0, STM32Cube_FW_WL_V1.3.1, X-CUBE-ALGOBUILD_V1.4.0, X-CUBE-ALS_V1.0.2, X-CUBE-AZRTOS-F4_V1.1.0, X-CUBE-AZRTOS-F7_V1.1.0, X-CUBE-AZRTOS-G0_V1.1.0, X-CUBE-AZRTOS-G4_V2.0.0, X-CUBE-AZRTOS-H7RS_V1.1.0, X-CUBE-AZRTOS-H7_V3.4.0, X-CUBE-AZRTOS-L4_V2.0.0, X-CUBE-AZRTOS-L5_V2.0.0, X-CUBE-AZRTOS-WB_V2.0.0, X-CUBE-AZRTOS-WL_V2.0.0, X-CUBE-BLE1_V7.1.0, X-CUBE-BLE2_V3.3.0, X-CUBE-BLEMGR_V4.1.0, X-CUBE-EEPRMA1_V5.2.0, X-CUBE-FREERTOS_V1.3.1, X-CUBE-GNSS1_V6.0.0, X-CUBE-MEMS1_V11.3.0, X-CUBE-NFC4_V3.0.0, X-CUBE-NFC7_V2.0.0, X-CUBE-SFXS2LP1_V4.0.0, X-CUBE-ST67W61_V1.0.0, X-CUBE-SUBG2_V5.0.0, X-CUBE-TOF1_V3.4.3]
2025-09-07 14:01:06,076 [INFO] DbBoardsSqlite:226 - include board P-NUCLEO-WB55-NUCLEO as a kit item of type 'Nucleo-64'
2025-09-07 14:01:06,076 [INFO] DbBoardsSqlite:226 - include board P-NUCLEO-WB55-USBDONGLE as a kit item of type 'Nucleo USB Dongle'
2025-09-07 14:01:06,076 [INFO] DbBoardsSqlite:226 - include board STEVAL-IDP005V1 as a kit item of type 'Evaluation Board'
2025-09-07 14:01:06,077 [INFO] DbBoardsSqlite:226 - include board STEVAL-IDP005V2 as a kit item of type 'Evaluation Board'
2025-09-07 14:01:06,106 [INFO] ApiDb:240 - Found 880 in-development CPN: [B-G473E-ZEST1S, B-WB1M-WPAN1, B-WBA5M-WPAN, B-WL5M-SUBG1, NUCLEO-C031C6, NUCLEO-C051C8, NUCLEO-C071RB, NUCLEO-C092RC, NUCLEO-H503RB, NUCLEO-H533RE, NUCLEO-H563ZI, NUCLEO-H7S3L8, NUCLEO-N657X0-Q, NUCLEO-U031R8, NUCLEO-U083RC, NUCLEO-U385RG-Q, NUCLEO-U545RE-Q, NUCLEO-U5A5ZJ-Q, NUCLEO-WB05KZ, NUCLEO-WB07CC, NUCLEO-WB09KE, NUCLEO-WBA52CG, NUCLEO-WBA55CG, NUCLEO-WL33CC1, NUCLEO-WL33CC2, STEVAL-PROTEUS1, STEVAL-SMARTAG2, STEVAL-STWINBX1, STM320518-EVAL, STM32C0116-DK, STM32C011D6Y3TR, STM32C011D6Y6TR, STM32C011F4P3, STM32C011F4P6, STM32C011F4U3, STM32C011F4U6TR, STM32C011F6P3, STM32C011F6P6, STM32C011F6U3, STM32C011F6U6TR, STM32C011J4M3, STM32C011J4M6, STM32C011J6M3, STM32C011J6M6, STM32C0316-DK, STM32C031C4T3, STM32C031C4T6, STM32C031C4U3, STM32C031C4U6, STM32C031C6T3, STM32C031C6T6, STM32C031C6U3, STM32C031C6U6, STM32C031F4P3, STM32C031F4P6, STM32C031F6P3, STM32C031F6P6, STM32C031G4U3, STM32C031G4U6, STM32C031G6U3, STM32C031G6U6, STM32C031K4T3, STM32C031K4T6, STM32C031K4U3, STM32C031K4U6, STM32C031K6T3, STM32C031K6T6, STM32C031K6U3, STM32C031K6U6, STM32C051C6T6, STM32C051C6U6, STM32C051C8T6, STM32C051C8U6, STM32C051D8Y6TR, STM32C051F6P6, STM32C051F8P6, STM32C051G6U6, STM32C051G8U6, STM32C051K6T6, STM32C051K6U6, STM32C051K8T6, STM32C071C8T6, STM32C071C8T6N, STM32C071C8U6, STM32C071C8U6N, STM32C071CBT6, STM32C071CBT6N, STM32C071CBU6, STM32C071CBU6N, STM32C071F8P6, STM32C071F8P6N, STM32C071FBP6, STM32C071FBP6N, STM32C071FBY6TR, STM32C071G8U6, STM32C071G8U6N, STM32C071GBU6, STM32C071GBU6N, STM32C071K8T6, STM32C071K8T6N, STM32C071K8U6, STM32C071K8U6N, STM32C071KBT6, STM32C071KBT6N, STM32C071KBU6, STM32C071KBU6N, STM32C071R8T6, STM32C071R8T6N, STM32C071RBI6N, STM32C071RBT6, STM32C071RBT6N, STM32C091CBT6, STM32C091CBU6, STM32C091CCT6, STM32C091CCU6, STM32C091ECY6TR, STM32C091FBP6, STM32C091FCP6, STM32C091GBU6, STM32C091GCU6, STM32C091KBT6, STM32C091KBU6, STM32C091KCT6, STM32C091KCU6, STM32C091RBT6, STM32C091RCI6, STM32C091RCT6, STM32C092CBT6, STM32C092CBU6, STM32C092CCT6, STM32C092CCU6, STM32C092ECY6TR, STM32C092FBP6, STM32C092FCP6, STM32C092GBU6, STM32C092GCU6, STM32C092KBT6, STM32C092KBU6, STM32C092KCT6, STM32C092KCU6, STM32C092RBT6, STM32C092RCI6, STM32C092RCT6, STM32G071K8TXN, STM32G071K8UXN, STM32G081GBU6N, STM32G081KBT6N, STM32G081KBUXN, STM32G0B1CCT6N, STM32G0B1KCT6, STM32G0B1NEY6TR, STM32G0B1RCT6N, STM32G0C1CCT6, STM32G0C1CCT6N, STM32G0C1CCU6N, STM32G0C1CET6N, STM32G0C1CEU6N, STM32G0C1KCT6, STM32G0C1NEY6TR, STM32G0C1RCI6N, STM32G0C1RCT6N, STM32G0C1REI6N, STM32G0C1RET6N, STM32G0C1VCI6, STM32G0C1VEI6, STM32G411C6T3, STM32G411C6T6, STM32G411C6U3, STM32G411C6U6, STM32G411C8T3, STM32G411C8T6, STM32G411C8U3, STM32G411C8U6, STM32G411CBT3, STM32G411CBT6, STM32G411CBU3, STM32G411CBU6, STM32G411K6T3, STM32G411K6T6, STM32G411K6U3, STM32G411K6U6, STM32G411K8T3, STM32G411K8T6, STM32G411K8U3, STM32G411K8U6, STM32G411KBT3, STM32G411KBT6, STM32G411KBU3, STM32G411KBU6, STM32G411M6T3, STM32G411M6T6, STM32G411M8T3, STM32G411M8T6, STM32G411MBT3, STM32G411MBT6, STM32G411R6T3, STM32G411R6T6, STM32G411R8T3, STM32G411R8T6, STM32G411RBT3, STM32G411RBT6, STM32G414CBT3, STM32G414CBT6, STM32G414CBU3, STM32G414CBU6, STM32G414CCT3, STM32G414CCT6, STM32G414CCU3, STM32G414CCU6, STM32G414MBT3, STM32G414MBT6, STM32G414MCT3, STM32G414MCT6, STM32G414RBT3, STM32G414RBT6, STM32G414RCT3, STM32G414RCT6, STM32G414VBT3, STM32G414VBT6, STM32G414VCT3, STM32G414VCT6, STM32G431CBT3Z, STM32G431RBT3Z, STM32G471CCT6, STM32G471CCU6, STM32G471CET3, STM32G471CET6, STM32G471CEU3, STM32G471CEU6, STM32G471MCT6, STM32G471MET3, STM32G471MET6, STM32G471MEY6TR, STM32G471QCT6, STM32G471QET3, STM32G471RCT6, STM32G471RET3, STM32G471RET6, STM32G471VCH6, STM32G471VCI6, STM32G471VCT6, STM32G471VEH3, STM32G471VEH6, STM32G471VEI3, STM32G471VEI6, STM32G471VET3, STM32G471VET6, STM32G473QET3Z, STM32G473RET3Z, STM32G474CCT6, STM32G491RET3Z, STM32H503CBT6, STM32H503CBU6, STM32H503EBY6TR, STM32H503KBU6, STM32H503RBT6, STM32H523CCT6, STM32H523CCU6, STM32H523CET6, STM32H523CEU6, STM32H523HEY6TR, STM32H523RCT6, STM32H523RET6, STM32H523VCI6, STM32H523VCT6, STM32H523VEI6, STM32H523VET6, STM32H523ZCJ6, STM32H523ZCT6, STM32H523ZEJ6, STM32H523ZET6, STM32H533CET6, STM32H533CEU6, STM32H533HEY6TR, STM32H533RET6, STM32H533VEI6, STM32H533VET6, STM32H533ZEJ6, STM32H533ZET6, STM32H562AGI6, STM32H562AII6, STM32H562IGK6, STM32H562IGT6, STM32H562IIK6, STM32H562IIT6, STM32H562RGT6, STM32H562RGV6, STM32H562RIT6, STM32H562RIV6, STM32H562VGT6, STM32H562VIT6, STM32H562ZGT6, STM32H562ZIT6, STM32H563AGI6, STM32H563AII3Q, STM32H563AII6, STM32H563IGK6, STM32H563IGT6, STM32H563IIK3Q, STM32H563IIK6, STM32H563IIT3Q, STM32H563IIT6, STM32H563MIY3QTR, STM32H563RGT6, STM32H563RGV6, STM32H563RIT6, STM32H563RIV6, STM32H563VGT6, STM32H563VIT3Q, STM32H563VIT6, STM32H563ZGT6, STM32H563ZIT3Q, STM32H563ZIT6, STM32H573AII3Q, STM32H573AII6, STM32H573I-DK, STM32H573IIK3Q, STM32H573IIK6, STM32H573IIT3Q, STM32H573IIT6, STM32H573MIY3QTR, STM32H573RIT6, STM32H573RIV6, STM32H573VIT3Q, STM32H573VIT6, STM32H573ZIT3Q, STM32H573ZIT6, STM32H7R3A8I6, STM32H7R3I8K6, STM32H7R3I8T6, STM32H7R3L8H6, STM32H7R3L8H6H, STM32H7R3R8V6, STM32H7R3V8H6, STM32H7R3V8T6, STM32H7R3V8Y6TR, STM32H7R3Z8J6, STM32H7R3Z8T6, STM32H7R7A8I6, STM32H7R7I8K6, STM32H7R7I8T6, STM32H7R7L8H6, STM32H7R7L8H6H, STM32H7R7Z8J6, STM32H7S3A8I6, STM32H7S3I8K6, STM32H7S3I8T6, STM32H7S3L8H6, STM32H7S3L8H6H, STM32H7S3R8V6, STM32H7S3V8H6, STM32H7S3V8T6, STM32H7S3V8Y6TR, STM32H7S3Z8J6, STM32H7S3Z8T6, STM32H7S78-DK, STM32H7S7A8I6, STM32H7S7I8K6, STM32H7S7I8T6, STM32H7S7L8H6, STM32H7S7L8H6H, STM32H7S7Z8J6, STM32L4R5QGI6STR, STM32MP131AAE3, STM32MP131AAF3, STM32MP131AAG3, STM32MP131CAE3, STM32MP131CAF3, STM32MP131CAG3, STM32MP131DAE7, STM32MP131DAF7, STM32MP131DAG7, STM32MP131FAE7, STM32MP131FAF7, STM32MP131FAG7, STM32MP133AAE3, STM32MP133AAF3, STM32MP133AAG3, STM32MP133CAE3, STM32MP133CAF3, STM32MP133CAG3, STM32MP133DAE7, STM32MP133DAF7, STM32MP133DAG7, STM32MP133FAE7, STM32MP133FAF7, STM32MP133FAG7, STM32MP135AAE3, STM32MP135AAF3, STM32MP135AAG3, STM32MP135CAE3, STM32MP135CAF3, STM32MP135CAG3, STM32MP135DAE7, STM32MP135DAF7, STM32MP135DAG7, STM32MP135F-DK, STM32MP135FAE7, STM32MP135FAF7, STM32MP135FAF7T, STM32MP135FAF7U, STM32MP135FAG7, STM32MP211AAL3, STM32MP211AAM3, STM32MP211AAN3, STM32MP211AAO3, STM32MP211CAL3, STM32MP211CAM3, STM32MP211CAN3, STM32MP211CAO3, STM32MP211DAL3, STM32MP211DAM3, STM32MP211DAN3, STM32MP211DAO3, STM32MP211FAL3, STM32MP211FAM3, STM32MP211FAN3, STM32MP211FAO3, STM32MP213AAL3, STM32MP213AAM3, STM32MP213AAN3, STM32MP213AAO3, STM32MP213CAL3, STM32MP213CAM3, STM32MP213CAN3, STM32MP213CAO3, STM32MP213DAL3, STM32MP213DAM3, STM32MP213DAN3, STM32MP213DAO3, STM32MP213FAL3, STM32MP213FAM3, STM32MP213FAN3, STM32MP213FAO3, STM32MP215AAL3, STM32MP215AAM3, STM32MP215AAN3, STM32MP215AAO3, STM32MP215CAL3, STM32MP215CAM3, STM32MP215CAN3, STM32MP215CAO3, STM32MP215DAL3, STM32MP215DAM3, STM32MP215DAN3, STM32MP215DAO3, STM32MP215F-DK, STM32MP215FAL3, STM32MP215FAM3, STM32MP215FAN3, STM32MP215FAO3, STM32MP231AAJ3, STM32MP231AAK3, STM32MP231AAL3, STM32MP231CAJ3, STM32MP231CAK3, STM32MP231CAL3, STM32MP231DAJ3, STM32MP231DAK3, STM32MP231DAL3, STM32MP231FAJ3, STM32MP231FAK3, STM32MP231FAL3, STM32MP233AAJ3, STM32MP233AAK3, STM32MP233AAL3, STM32MP233CAJ3, STM32MP233CAK3, STM32MP233CAL3, STM32MP233DAJ3, STM32MP233DAK3, STM32MP233DAL3, STM32MP233FAJ3, STM32MP233FAK3, STM32MP233FAL3, STM32MP235AAJ3, STM32MP235AAK3, STM32MP235AAL3, STM32MP235CAJ3, STM32MP235CAK3, STM32MP235CAL3, STM32MP235DAJ3, STM32MP235DAK3, STM32MP235DAL3, STM32MP235FAJ3, STM32MP235FAK3, STM32MP235FAL3, STM32MP251AAI3, STM32MP251AAK3, STM32MP251AAL3, STM32MP251CAI3, STM32MP251CAK3, STM32MP251CAL3, STM32MP251DAI3, STM32MP251DAK3, STM32MP251DAL3, STM32MP251FAI3, STM32MP251FAK3, STM32MP251FAL3, STM32MP253AAI3, STM32MP253AAK3, STM32MP253AAL3, STM32MP253CAI3, STM32MP253CAK3, STM32MP253CAL3, STM32MP253DAI3, STM32MP253DAK3, STM32MP253DAL3, STM32MP253FAI3, STM32MP253FAK3, STM32MP253FAL3, STM32MP255AAI3, STM32MP255AAK3, STM32MP255AAL3, STM32MP255CAI3, STM32MP255CAK3, STM32MP255CAL3, STM32MP255DAI3, STM32MP255DAK3, STM32MP255DAL3, STM32MP255FAI3, STM32MP255FAK3, STM32MP255FAL3, STM32MP257AAI3, STM32MP257AAK3, STM32MP257AAL3, STM32MP257CAI3, STM32MP257CAK3, STM32MP257CAL3, STM32MP257DAI3, STM32MP257DAK3, STM32MP257DAL3, STM32MP257F-DK, STM32MP257F-EV1, STM32MP257FAI3, STM32MP257FAK3, STM32MP257FAL3, STM32N645A0H3Q, STM32N645B0H3Q, STM32N645I0H3Q, STM32N645L0H3Q, STM32N645X0H3Q, STM32N645Z0H3Q, STM32N647A0H3Q, STM32N647B0H3Q, STM32N647I0H3Q, STM32N647L0H3Q, STM32N647X0H3Q, STM32N647Z0H3Q, STM32N655A0H3Q, STM32N655B0H3Q, STM32N655I0H3Q, STM32N655L0H3Q, STM32N655X0H3Q, STM32N655Z0H3Q, STM32N6570-DK, STM32N657A0H3Q, STM32N657B0H3Q, STM32N657I0H3Q, STM32N657L0H3Q, STM32N657X0H3Q, STM32N657Z0H3Q, STM32U031C6T6, STM32U031C6U6, STM32U031C8T6, STM32U031C8U6, STM32U031F4P6, STM32U031F6P6, STM32U031F8P6, STM32U031G6Y6TR, STM32U031G8Y6TR, STM32U031K4U6, STM32U031K6U6, STM32U031K8U6, STM32U031R6I6, STM32U031R6T6, STM32U031R8I6, STM32U031R8T6, STM32U073C8T6, STM32U073C8U6, STM32U073CBT6, STM32U073CBU6, STM32U073CCT6, STM32U073CCU6, STM32U073H8Y6TR, STM32U073HBY6TR, STM32U073HCY6TR, STM32U073K8U6, STM32U073KBU6, STM32U073KCU6, STM32U073M8I6, STM32U073M8T6, STM32U073MBI6, STM32U073MBT6, STM32U073MCI6, STM32U073MCT6, STM32U073R8I6, STM32U073R8T6, STM32U073RBI6, STM32U073RBT6, STM32U073RCI6, STM32U073RCT6, STM32U083C-DK, STM32U083CCT6, STM32U083CCU6, STM32U083HCY6TR, STM32U083KCU6, STM32U083MCI6, STM32U083MCT6, STM32U083RCI6, STM32U083RCT6, STM32U375CET6, STM32U375CET6Q, STM32U375CEU6, STM32U375CEU6Q, STM32U375CEY6QTR, STM32U375CGT6, STM32U375CGT6Q, STM32U375CGU6, STM32U375CGU6Q, STM32U375CGY6QTR, STM32U375KEU6, STM32U375KGU6, STM32U375REI6, STM32U375REI6Q, STM32U375RET6, STM32U375RET6Q, STM32U375REY6GTR, STM32U375REY6QTR, STM32U375RGI6, STM32U375RGI6Q, STM32U375RGT6, STM32U375RGT6Q, STM32U375RGY6GTR, STM32U375RGY6QTR, STM32U375VEI6, STM32U375VEI6Q, STM32U375VET6, STM32U375VET6Q, STM32U375VGI6, STM32U375VGI6Q, STM32U375VGT6, STM32U375VGT6Q, STM32U385CGT6, STM32U385CGT6Q, STM32U385CGU6, STM32U385CGU6Q, STM32U385CGY6QTR, STM32U385KGU6, STM32U385RGI6, STM32U385RGI6Q, STM32U385RGT6, STM32U385RGT6Q, STM32U385RGY6GTR, STM32U385RGY6QTR, STM32U385VGI6, STM32U385VGI6Q, STM32U385VGT6, STM32U385VGT6Q, STM32U535CBT6, STM32U535CBT6Q, STM32U535CBU6, STM32U535CBU6Q, STM32U535CCT6, STM32U535CCT6Q, STM32U535CCU6, STM32U535CCU6Q, STM32U535CET6, STM32U535CET6Q, STM32U535CEU6, STM32U535CEU6Q, STM32U535JEY6QTR, STM32U535NCY6QTR, STM32U535NEY6QTR, STM32U535RBI6, STM32U535RBI6Q, STM32U535RBT6, STM32U535RBT6Q, STM32U535RCI6, STM32U535RCI6Q, STM32U535RCT6, STM32U535RCT6Q, STM32U535REI6, STM32U535REI6Q, STM32U535RET6, STM32U535RET6Q, STM32U535VCI6, STM32U535VCI6Q, STM32U535VCT6, STM32U535VCT6Q, STM32U535VEI6, STM32U535VEI6Q, STM32U535VET6, STM32U535VET6Q, STM32U545CET6, STM32U545CET6Q, STM32U545CEU6, STM32U545CEU6Q, STM32U545JEY6QTR, STM32U545NEY6QTR, STM32U545REI6, STM32U545REI6Q, STM32U545RET6, STM32U545RET6Q, STM32U545VEI6, STM32U545VEI6Q, STM32U545VET6, STM32U545VET6Q, STM32U595AIH6, STM32U595AIH6Q, STM32U595AJH6, STM32U595AJH6Q, STM32U595QII6, STM32U595QII6Q, STM32U595QJI6, STM32U595QJI6Q, STM32U595RIT6, STM32U595RIT6Q, STM32U595RJT6, STM32U595RJT6Q, STM32U595VIT6, STM32U595VIT6Q, STM32U595VJT6, STM32U595VJT6Q, STM32U595ZIT6, STM32U595ZIT6Q, STM32U595ZIY6QTR, STM32U595ZJT6, STM32U595ZJT6Q, STM32U595ZJY6QTR, STM32U599BJY6QTR, STM32U599NIH6Q, STM32U599NJH6Q, STM32U599VIT6Q, STM32U599VJT6, STM32U599VJT6Q, STM32U599ZIT6Q, STM32U599ZIY6QTR, STM32U599ZJT6Q, STM32U599ZJY6QTR, STM32U5A5AJH6, STM32U5A5AJH6Q, STM32U5A5QII3Q , STM32U5A5QJI6, STM32U5A5QJI6Q, STM32U5A5RJT6, STM32U5A5RJT6Q, STM32U5A5VJT6, STM32U5A5VJT6Q, STM32U5A5ZJT6, STM32U5A5ZJT6Q, STM32U5A5ZJY6QTR, STM32U5A9BJY6QTR, STM32U5A9J-DK, STM32U5A9NJH6Q, STM32U5A9VJT6Q, STM32U5A9ZJT6Q, STM32U5A9ZJY6QTR, STM32U5F7VIT6, STM32U5F7VIT6Q, STM32U5F7VJT6, STM32U5F7VJT6Q, STM32U5F9BJY6QTR, STM32U5F9NJH6Q, STM32U5F9VIT6Q, STM32U5F9VJT6Q, STM32U5F9ZIJ6QTR, STM32U5F9ZIT6Q, STM32U5F9ZJJ6QTR, STM32U5F9ZJT6Q, STM32U5G7VJT6, STM32U5G7VJT6Q, STM32U5G9BJY6QTR, STM32U5G9J-DK1, STM32U5G9J-DK2, STM32U5G9NJH6Q, STM32U5G9VJT6Q, STM32U5G9ZJJ6QTR, STM32U5G9ZJT6Q, STM32WB05KZV6TR, STM32WB05KZV7TR, STM32WB05TZF6TR, STM32WB05TZF7TR, STM32WB06CCF6TR, STM32WB06CCF7TR, STM32WB06CCV6TR, STM32WB06CCV7TR, STM32WB06KCV6TR, STM32WB06KCV7TR, STM32WB07CCF6TR, STM32WB07CCF7TR, STM32WB07CCV6TR, STM32WB07CCV7TR, STM32WB07KCV6TR, STM32WB07KCV7TR, STM32WB09KEV6TR, STM32WB09KEV7TR, STM32WB09TEF6TR, STM32WB09TEF7TR, STM32WB1MMCH6, STM32WBA50KGU6, STM32WBA50KGU6TR, STM32WBA52CEU6, STM32WBA52CEU6TR, STM32WBA52CEU7, STM32WBA52CEU7TR, STM32WBA52CGU6, STM32WBA52CGU6TR, STM32WBA52CGU6U, STM32WBA52CGU7, STM32WBA52CGU7TR, STM32WBA52KEU6, STM32WBA52KEU6TR, STM32WBA52KGU6, STM32WBA52KGU6TR, STM32WBA54CEU6, STM32WBA54CEU6TR, STM32WBA54CEU7, STM32WBA54CEU7TR, STM32WBA54CGU6, STM32WBA54CGU6TR, STM32WBA54CGU7, STM32WBA54CGU7TR, STM32WBA54KEU6, STM32WBA54KEU6TR, STM32WBA54KEU7, STM32WBA54KEU7TR, STM32WBA54KGU6, STM32WBA54KGU6TR, STM32WBA54KGU7, STM32WBA54KGU7TR, STM32WBA55CEU6, STM32WBA55CEU6TR, STM32WBA55CEU7, STM32WBA55CEU7TR, STM32WBA55CGU6, STM32WBA55CGU6TR, STM32WBA55CGU6U, STM32WBA55CGU7, STM32WBA55CGU7TR, STM32WBA55G-DK1, STM32WBA55HEF6, STM32WBA55HEF7, STM32WBA55HGF6, STM32WBA55HGF7, STM32WBA55UEI6, STM32WBA55UEI6TR, STM32WBA55UEI7, STM32WBA55UEI7TR, STM32WBA55UGI6, STM32WBA55UGI6TR, STM32WBA55UGI7, STM32WBA55UGI7TR, STM32WBA5MMGH6TR, STM32WBA62MGF6, STM32WBA62MIF6, STM32WBA65MGF7, STM32WBA65MIF6, STM32WBA65MIF7, STM32WL30K8V6, STM32WL30KBV6, STM32WL31C8V6, STM32WL31CBV6, STM32WL31K8V6, STM32WL31KBV6, STM32WL33C8V6, STM32WL33C8V6X, STM32WL33CBV6, STM32WL33CBV6X, STM32WL33CCV6, STM32WL33CCV6A, STM32WL33CCV6X, STM32WL33K8V7, STM32WL33K8V7X, STM32WL33KBV7 , STM32WL33KBV7X, STM32WL33KCV7, STM32WL33KCV7X, STM32WL5MOCH6, STM32WL5MOCH6TR]
2025-09-07 14:01:06,170 [INFO] BoardInfo:889 - No configuration file found for board P-NUCLEO-WB55
2025-09-07 14:01:06,171 [INFO] DbBoards:161 - Kit is not supported: P-NUCLEO-WB55
2025-09-07 14:01:06,173 [INFO] BoardInfo:889 - No configuration file found for board STEVAL-BFA001V1B
2025-09-07 14:01:06,173 [INFO] DbBoards:161 - Kit is not supported: STEVAL-BFA001V1B
2025-09-07 14:01:06,173 [INFO] BoardInfo:889 - No configuration file found for board STEVAL-BFA001V2B
2025-09-07 14:01:06,173 [INFO] DbBoards:161 - Kit is not supported: STEVAL-BFA001V2B
2025-09-07 14:01:06,226 [INFO] DbBoards:168 - Found 212 boards, 209 are supported
2025-09-07 14:01:06,227 [INFO] DbBoards:169 - Found 212 boards, 43 of them is supported for  Bsp
2025-09-07 14:01:06,229 [INFO] ApiDb:423 - Load user favorites file /home/matijak/.stm32cubeide/favorites.boards.txt: 1 item(s)
2025-09-07 14:01:06,230 [INFO] ApiDb:427 - User favorites Boards=[B-L475E-IOT01A1]
2025-09-07 14:01:06,230 [INFO] DbBoards:198 - Set 1 / 1 favorites Boards
2025-09-07 14:01:06,245 [INFO] LoadUrlFilesThread:185 - End of LoadServerUrlFiles without Thread
2025-09-07 14:01:06,245 [INFO] TargetSelectorAdapter:259 - Refresh data is successful
2025-09-07 14:01:06,248 [INFO] ApiDb:668 - CubeFinder database Data Model version=2.1
2025-09-07 14:01:06,248 [INFO] ApiDb:669 - CubeFinder database Configuration version=3.0.39
2025-09-07 14:01:06,248 [INFO] ApiDb:670 - CubeFinder database generation date=2025-07-24 (1753349077)
2025-09-07 14:01:06,248 [INFO] ApiDb:671 - CubeFinder database FW Pack versions=[FP-ATR-ASTRA1_V2.0.0, FP-SNS-FLIGHT1_V5.1.0, FP-SNS-MOTENV1_V5.0.0, FP-SNS-MOTENVWB1_V1.4.0, FP-SNS-SMARTAG2_V1.2.0, FP-SNS-STBOX1_V2.0.0, STM32Cube_FW_C0_V1.4.0, STM32Cube_FW_F4_V1.28.2, STM32Cube_FW_F7_V1.17.3, STM32Cube_FW_G0_V1.6.2, STM32Cube_FW_G4_V1.6.1, STM32Cube_FW_H5_V1.5.0, STM32Cube_FW_H7RS_V1.2.0, STM32Cube_FW_H7_V1.12.1, STM32Cube_FW_L0_V1.12.2, STM32Cube_FW_L4_V1.18.1, STM32Cube_FW_L5_V1.5.1, STM32Cube_FW_N6_V1.2.0, STM32Cube_FW_U0_V1.3.0, STM32Cube_FW_U3_V1.2.0, STM32Cube_FW_U5_V1.8.0, STM32Cube_FW_WB0_V1.3.0, STM32Cube_FW_WBA_V1.7.0, STM32Cube_FW_WB_V1.23.0, STM32Cube_FW_WL3_V1.2.0, STM32Cube_FW_WL_V1.3.1, X-CUBE-ALGOBUILD_V1.4.0, X-CUBE-ALS_V1.0.2, X-CUBE-AZRTOS-F4_V1.1.0, X-CUBE-AZRTOS-F7_V1.1.0, X-CUBE-AZRTOS-G0_V1.1.0, X-CUBE-AZRTOS-G4_V2.0.0, X-CUBE-AZRTOS-H7RS_V1.1.0, X-CUBE-AZRTOS-H7_V3.4.0, X-CUBE-AZRTOS-L4_V2.0.0, X-CUBE-AZRTOS-L5_V2.0.0, X-CUBE-AZRTOS-WB_V2.0.0, X-CUBE-AZRTOS-WL_V2.0.0, X-CUBE-BLE1_V7.1.0, X-CUBE-BLE2_V3.3.0, X-CUBE-BLEMGR_V4.1.0, X-CUBE-EEPRMA1_V5.2.0, X-CUBE-FREERTOS_V1.3.1, X-CUBE-GNSS1_V6.0.0, X-CUBE-MEMS1_V11.3.0, X-CUBE-NFC4_V3.0.0, X-CUBE-NFC7_V2.0.0, X-CUBE-SFXS2LP1_V4.0.0, X-CUBE-ST67W61_V1.0.0, X-CUBE-SUBG2_V5.0.0, X-CUBE-TOF1_V3.4.3]
2025-09-07 14:01:06,663 [ERROR] DbExamplesSqlite:437 - Missing JSON key: board_cpn
2025-09-07 14:01:06,664 [ERROR] DbExamplesSqlite:437 - Missing JSON key: board_cpn
2025-09-07 14:01:06,664 [ERROR] DbExamplesSqlite:437 - Missing JSON key: board_cpn
2025-09-07 14:01:06,664 [ERROR] DbExamplesSqlite:437 - Missing JSON key: board_cpn
2025-09-07 14:01:06,740 [ERROR] DbExamplesSqlite:437 - Missing JSON key: board_cpn
2025-09-07 14:01:06,740 [ERROR] DbExamplesSqlite:437 - Missing JSON key: board_cpn
2025-09-07 14:01:06,740 [ERROR] DbExamplesSqlite:437 - Missing JSON key: board_cpn
2025-09-07 14:01:06,740 [ERROR] DbExamplesSqlite:437 - Missing JSON key: board_cpn
2025-09-07 14:01:06,740 [ERROR] DbExamplesSqlite:437 - Missing JSON key: board_cpn
2025-09-07 14:01:06,740 [ERROR] DbExamplesSqlite:437 - Missing JSON key: board_cpn
2025-09-07 14:01:06,740 [ERROR] DbExamplesSqlite:437 - Missing JSON key: board_cpn
2025-09-07 14:01:06,740 [ERROR] DbExamplesSqlite:437 - Missing JSON key: board_cpn
2025-09-07 14:01:06,741 [ERROR] DbExamplesSqlite:437 - Missing JSON key: board_cpn
2025-09-07 14:01:06,845 [ERROR] DbExamplesSqlite:437 - Missing JSON key: board_cpn
2025-09-07 14:01:06,845 [ERROR] DbExamplesSqlite:437 - Missing JSON key: board_cpn
2025-09-07 14:01:06,847 [INFO] DbExamplesSqlite:395 - Ignored 33 examples not supported by CubeIDE
2025-09-07 14:01:06,847 [INFO] DbExamplesSqlite:396 - Found 10866 examples active
2025-09-07 14:01:06,847 [INFO] DbExamplesSqlite:397 - Found 0 examples obsolete
2025-09-07 14:01:06,847 [INFO] DbExamplesSqlite:398 - Found 0 examples under development
2025-09-07 14:01:06,847 [INFO] DbExamplesSqlite:399 - Found 65 examples not building
2025-09-07 14:01:06,849 [INFO] DbExamples:125 - Found 10898 examples
2025-09-07 14:01:06,864 [INFO] DbExamples:222 - Found 134 boards with related examples
2025-09-07 14:01:06,865 [INFO] DbExamples:235 - Found 111 MCUs with related examples
2025-09-07 14:01:06,890 [INFO] ApiDb:423 - Load user favorites file /home/matijak/.stm32cubeide/favorites.examples.txt: 0 item(s)
2025-09-07 14:01:06,891 [INFO] ApiDb:427 - User favorites Examples=[]
2025-09-07 14:01:06,891 [INFO] DbExamples:250 - Set 0 / 0 favorites Examples
2025-09-07 14:01:06,916 [INFO] McuFinderGlobals:76 - Set McuFinderConnectedMode to true
2025-09-07 14:01:06,917 [INFO] MultiScanPanel:200 - Auto-refresh data requested => check proxy status ongoing
2025-09-07 14:01:06,917 [INFO] FinderPluginLoader:96 - Searching for filters in installed packs
2025-09-07 14:01:08,083 [INFO] LoadUrlFilesThread:185 - End of LoadServerUrlFiles without Thread
2025-09-07 14:01:08,083 [INFO] DetailPanel:341 - Set advertising image to /home/matijak/STM32Cube/Repository//en.2400x1350px.jpeg
2025-09-07 14:01:09,897 [ERROR] LogOutputStream:75 - [STDERR_REDIRECT] Sep 07, 2025 2:01:09 PM java.util.prefs.FileSystemPreferences checkLockFile0ErrorCode
2025-09-07 14:01:09,897 [ERROR] LogOutputStream:75 - [STDERR_REDIRECT] WARNING: Could not lock System prefs. Unix error code 2.
2025-09-07 14:01:09,898 [ERROR] LogOutputStream:75 - [STDERR_REDIRECT] 
2025-09-07 14:01:09,898 [ERROR] LogOutputStream:75 - [STDERR_REDIRECT] Sep 07, 2025 2:01:09 PM java.util.prefs.FileSystemPreferences syncWorld
2025-09-07 14:01:09,899 [ERROR] LogOutputStream:75 - [STDERR_REDIRECT] WARNING: Couldn't flush system prefs: java.util.prefs.BackingStoreException: Couldn't get file lock.
2025-09-07 14:01:09,899 [ERROR] LogOutputStream:75 - [STDERR_REDIRECT] 
2025-09-07 14:01:11,940 [INFO] MultiScanPanel:200 - Auto-refresh data requested => check proxy status ongoing
2025-09-07 14:01:12,035 [INFO] LoadUrlFilesThread:185 - End of LoadServerUrlFiles without Thread
2025-09-07 14:01:12,035 [INFO] DetailPanel:341 - Set advertising image to /home/matijak/STM32Cube/Repository//en.2400x1350px.jpeg
2025-09-07 14:01:12,047 [INFO] DbBoards:642 - Loading board mini-images...
2025-09-07 14:01:13,494 [ERROR] DbBoards:659 - Image file not found for board STM32MP215F-DK: /home/matijak/.stmcufinder/plugins/mcufinder//mcu//boards_images/STM32MP215F-DK.jpg
2025-09-07 14:01:13,569 [INFO] DbBoards:665 - Loaded 211 board mini-images
2025-09-07 14:01:39,899 [ERROR] LogOutputStream:75 - [STDERR_REDIRECT] Sep 07, 2025 2:01:39 PM java.util.prefs.FileSystemPreferences checkLockFile0ErrorCode
2025-09-07 14:01:39,900 [ERROR] LogOutputStream:75 - [STDERR_REDIRECT] WARNING: Could not lock System prefs. Unix error code 2.
2025-09-07 14:01:39,900 [ERROR] LogOutputStream:75 - [STDERR_REDIRECT] 
2025-09-07 14:01:39,901 [ERROR] LogOutputStream:75 - [STDERR_REDIRECT] Sep 07, 2025 2:01:39 PM java.util.prefs.FileSystemPreferences syncWorld
2025-09-07 14:01:39,902 [ERROR] LogOutputStream:75 - [STDERR_REDIRECT] WARNING: Couldn't flush system prefs: java.util.prefs.BackingStoreException: Couldn't get file lock.
2025-09-07 14:01:39,902 [ERROR] LogOutputStream:75 - [STDERR_REDIRECT] 
2025-09-07 14:02:09,910 [ERROR] LogOutputStream:75 - [STDERR_REDIRECT] Sep 07, 2025 2:02:09 PM java.util.prefs.FileSystemPreferences checkLockFile0ErrorCode
2025-09-07 14:02:09,911 [ERROR] LogOutputStream:75 - [STDERR_REDIRECT] WARNING: Could not lock System prefs. Unix error code 2.
2025-09-07 14:02:09,911 [ERROR] LogOutputStream:75 - [STDERR_REDIRECT] 
2025-09-07 14:02:09,912 [ERROR] LogOutputStream:75 - [STDERR_REDIRECT] Sep 07, 2025 2:02:09 PM java.util.prefs.FileSystemPreferences syncWorld
2025-09-07 14:02:09,913 [ERROR] LogOutputStream:75 - [STDERR_REDIRECT] WARNING: Couldn't flush system prefs: java.util.prefs.BackingStoreException: Couldn't get file lock.
2025-09-07 14:02:09,913 [ERROR] LogOutputStream:75 - [STDERR_REDIRECT] 
2025-09-07 14:02:39,899 [ERROR] LogOutputStream:75 - [STDERR_REDIRECT] Sep 07, 2025 2:02:39 PM java.util.prefs.FileSystemPreferences checkLockFile0ErrorCode
2025-09-07 14:02:39,900 [ERROR] LogOutputStream:75 - [STDERR_REDIRECT] WARNING: Could not lock System prefs. Unix error code 2.
2025-09-07 14:02:39,901 [ERROR] LogOutputStream:75 - [STDERR_REDIRECT] 
2025-09-07 14:02:39,902 [ERROR] LogOutputStream:75 - [STDERR_REDIRECT] Sep 07, 2025 2:02:39 PM java.util.prefs.FileSystemPreferences syncWorld
2025-09-07 14:02:39,903 [ERROR] LogOutputStream:75 - [STDERR_REDIRECT] WARNING: Couldn't flush system prefs: java.util.prefs.BackingStoreException: Couldn't get file lock.
2025-09-07 14:02:39,903 [ERROR] LogOutputStream:75 - [STDERR_REDIRECT] 
2025-09-07 14:02:49,415 [INFO] MainUpdater:2872 - connection check result : 10
2025-09-07 14:02:49,415 [INFO] MainUpdater:2872 - connection check result : 10
2025-09-07 14:02:49,427 [INFO] MicroXplorer:468 - Change Database Path : 
2025-09-07 14:02:49,427 [INFO] MicroXplorer:498 - Change Database Version : DB.6.0.150
2025-09-07 14:02:49,434 [WARN] ThirdParty:871 - waiting for thirdparty lock release [close project]
2025-09-07 14:02:49,434 [INFO] ThirdParty:873 - entering critical section [close project]
2025-09-07 14:02:49,435 [INFO] ThirdParty:883 - exiting critical section [close project]
2025-09-07 14:02:49,437 [INFO] PinOutPanel:1589 - setPackage(No Configuration,No Configuration)
2025-09-07 14:02:49,439 [INFO] UtilMem:75 - Begin LoadConfig() Used Memory: 536629952 Bytes (816840704)
2025-09-07 14:02:49,442 [INFO] OpenFileManager:355 - Change cursor
2025-09-07 14:02:49,496 [INFO] Mcu:2029 - Initializing MCU STM32G473Q(B-C-E)Tx STM32G473QETx STM32G473QET6
2025-09-07 14:02:52,416 [INFO] Context:786 - Trying to add GPIOservice into a context  which must be forbidden
2025-09-07 14:02:53,021 [INFO] Rule:233 - rule Adapt Old IOC before rework replace old CORTEX_M33/CORTEX_M55 attributes by the new one. is applicable
2025-09-07 14:02:53,021 [INFO] Rule:233 - rule Rename parametre of RCC RCC_APBDBG_DIV2 to RCC_TIMPRES_DIV2 is applicable
2025-09-07 14:02:53,021 [INFO] Rule:233 - rule Rename DIE493 pin PA10 [PA12] -> PA10 is applicable
2025-09-07 14:02:53,021 [INFO] Rule:233 - rule Rename DIE493 pin PA9 [PA11] -> PA9 is applicable
2025-09-07 14:02:53,021 [INFO] Rule:233 - rule Rename DIE492 PartNumber CPN STM32WBA5MJGHx -> STM32WBA5MMGHx is applicable
2025-09-07 14:02:53,021 [INFO] Rule:233 - rule Rename DIE492 PartNumber  Name STM32WBA5MJGHx -> STM32WBA5MMGHx is applicable
2025-09-07 14:02:53,021 [INFO] Rule:233 - rule Rename DIE492 PartNumber UserName STM32WBA5MJGHx -> STM32WBA5MMGHx is applicable
2025-09-07 14:02:53,021 [INFO] Rule:233 - rule Rename DIE492 PartNumber DeviceId STM32WBA5MJGHx -> STM32WBA5MMGHx is applicable
2025-09-07 14:02:53,022 [INFO] Rule:233 - rule Adapt Old IOC CSI. is applicable
2025-09-07 14:02:53,022 [INFO] Rule:233 - rule Adapt Old IOC DCMIPP. is applicable
2025-09-07 14:02:53,022 [INFO] Rule:233 - rule Adapt Old IOC DCMIPP Mode Parallel. is applicable
2025-09-07 14:02:53,022 [INFO] Rule:233 - rule Adapt Old IOC LTDC. is applicable
2025-09-07 14:02:53,022 [INFO] Rule:233 - rule Rename STM32MP2 RIF Peripheral LTDC RIF.RISUP.LTDC_L0L1.Privilege -> RIF.RISUP.LTDC_L1L2.Privilege is applicable
2025-09-07 14:02:53,022 [INFO] Rule:233 - rule Rename STM32MP2 RIF Peripheral LTDC RIF.RISUP.LTDC_L0L1.Privilege -> RIF.RISUP.LTDC_L1L2.Privilege is applicable
2025-09-07 14:02:53,022 [INFO] Rule:233 - rule Rename STM32MP2 RIF Peripheral LTDC RIF.RISUP.LTDC_L0L1.Lock -> RIF.RISUP.LTDC_L1L2.Lock is applicable
2025-09-07 14:02:53,022 [INFO] Rule:233 - rule Rename STM32MP2 RIF Peripheral LTDC RIF.RISUP.LTDC_L2.Lock -> RIF.RISUP.LTDC_L3.Lock is applicable
2025-09-07 14:02:53,022 [INFO] Rule:233 - rule Adapt the old IOC example for updating the SYS when it is misconfigured. is applicable
2025-09-07 14:02:53,022 [INFO] Rule:233 - rule Rename STM32C09 Mcu.Package LQFP64 -> LQFP48 is applicable
2025-09-07 14:02:53,022 [INFO] Rule:233 - rule Adapt the old IOC example for updating the SYS when it is misconfigured. is applicable
2025-09-07 14:02:53,022 [INFO] Rule:233 - rule Adapt the old IOC example for updating the SYS when it is misconfigured. is applicable
2025-09-07 14:02:53,027 [INFO] DbConfProperties:307 - Apply Compatibility (4/20 Rules)
2025-09-07 14:02:53,066 [INFO] ImportTextPane:234 - (OptionalMessage_ERROR) Pin117 (VP_RIF_VS_RIF1) cannot be retrieved for this MCU
2025-09-07 14:02:53,159 [INFO] RtosManager:558 - Registered RTOS mode: class=CMSIS, group=RTOS, mode=CMSIS_V1, owner=FREERTOS
2025-09-07 14:02:53,159 [INFO] RtosManager:558 - Registered RTOS mode: class=CMSIS, group=RTOS2, mode=CMSIS_V2, owner=FREERTOS
2025-09-07 14:02:53,159 [INFO] RtosManager:558 - Registered RTOS mode: class=RTOS, group=Core, mode=CMSIS_V1, owner=FREERTOS
2025-09-07 14:02:53,159 [INFO] RtosManager:558 - Registered RTOS mode: class=RTOS, group=Core, mode=CMSIS_V2, owner=FREERTOS
2025-09-07 14:02:53,159 [WARN] ModelIntegratedComponent:184 - Missing modes for component STMicroelectronics:FreeRTOS:0.0.1:STMicroelectronics:RTOS:FreeRTOS:Core:::10.2.0:
2025-09-07 14:02:53,175 [WARN] ModelIntegratedComponent:63 - No mode defined for component null
2025-09-07 14:02:53,175 [WARN] ModelIntegratedComponent:63 - No mode defined for component null
2025-09-07 14:02:53,175 [WARN] ModelIntegratedComponent:63 - No mode defined for component null
2025-09-07 14:02:53,175 [WARN] ModelIntegratedComponent:63 - No mode defined for component null
2025-09-07 14:02:53,175 [WARN] ModelIntegratedComponent:63 - No mode defined for component null
2025-09-07 14:02:53,175 [WARN] ModelIntegratedComponent:63 - No mode defined for component null
2025-09-07 14:02:53,175 [WARN] ModelIntegratedComponent:63 - No mode defined for component null
2025-09-07 14:02:53,175 [WARN] ModelIntegratedComponent:63 - No mode defined for component null
2025-09-07 14:02:53,175 [WARN] ModelIntegratedComponent:63 - No mode defined for component null
2025-09-07 14:02:53,175 [WARN] ModelIntegratedComponent:63 - No mode defined for component null
2025-09-07 14:02:53,175 [WARN] ModelIntegratedComponent:63 - No mode defined for component null
2025-09-07 14:02:53,176 [WARN] ModelIntegratedComponent:63 - No mode defined for component null
2025-09-07 14:02:53,176 [WARN] ModelIntegratedComponent:63 - No mode defined for component null
2025-09-07 14:02:53,176 [WARN] ModelIntegratedComponent:63 - No mode defined for component null
2025-09-07 14:02:53,176 [WARN] ModelIntegratedComponent:63 - No mode defined for component null
2025-09-07 14:02:53,176 [WARN] ModelIntegratedComponent:63 - No mode defined for component null
2025-09-07 14:02:53,176 [WARN] ModelIntegratedComponent:63 - No mode defined for component null
2025-09-07 14:02:53,176 [WARN] ModelIntegratedComponent:63 - No mode defined for component null
2025-09-07 14:02:53,176 [WARN] ModelIntegratedComponent:63 - No mode defined for component null
2025-09-07 14:02:53,176 [WARN] ModelIntegratedComponent:63 - No mode defined for component null
2025-09-07 14:02:53,176 [WARN] ModelIntegratedComponent:63 - No mode defined for component null
2025-09-07 14:02:53,176 [WARN] ModelIntegratedComponent:63 - No mode defined for component null
2025-09-07 14:02:53,176 [WARN] ModelIntegratedComponent:63 - No mode defined for component null
2025-09-07 14:02:53,176 [WARN] ModelIntegratedComponent:63 - No mode defined for component null
2025-09-07 14:02:53,176 [WARN] ModelIntegratedComponent:63 - No mode defined for component null
2025-09-07 14:02:53,176 [WARN] ModelIntegratedComponent:63 - No mode defined for component null
2025-09-07 14:02:53,176 [WARN] ModelIntegratedComponent:63 - No mode defined for component null
2025-09-07 14:02:53,176 [WARN] ModelIntegratedComponent:63 - No mode defined for component null
2025-09-07 14:02:53,176 [WARN] ModelIntegratedComponent:63 - No mode defined for component null
2025-09-07 14:02:53,176 [WARN] ModelIntegratedComponent:63 - No mode defined for component null
2025-09-07 14:02:53,176 [WARN] ModelIntegratedComponent:63 - No mode defined for component null
2025-09-07 14:02:53,176 [WARN] ModelIntegratedComponent:63 - No mode defined for component null
2025-09-07 14:02:53,176 [WARN] ModelIntegratedComponent:63 - No mode defined for component null
2025-09-07 14:02:53,176 [WARN] ModelIntegratedComponent:63 - No mode defined for component null
2025-09-07 14:02:53,176 [WARN] ModelIntegratedComponent:63 - No mode defined for component null
2025-09-07 14:02:53,176 [WARN] ModelPack:524 - Component already loaded: STMicroelectronics:HAL Drivers:0.0.0:STMicroelectronics:Device:STMicro_Driver:XSPI:HAL::0.0.1:HAL_XSPI
2025-09-07 14:02:53,259 [INFO] ThirdPartyModel:298 - Start build external matchings
2025-09-07 14:02:53,646 [INFO] ThirdPartyModel:316 - End build external matchings
2025-09-07 14:02:53,659 [INFO] ImportTextPane:234 - (OptionalMessage_ERROR) IP (ADC1) : Parameter (CommonPathInternal) has invalid value (null|null|null|null)
2025-09-07 14:02:53,660 [INFO] ImportTextPane:234 - (OptionalMessage_ERROR) IP (ADC2) : Parameter (CommonPathInternal) has invalid value (null|null|null|null)
2025-09-07 14:02:53,660 [INFO] ImportTextPane:234 - (OptionalMessage_ERROR) IP (ADC3) : Parameter (CommonPathInternal) has invalid value (null|null|null|null)
2025-09-07 14:02:53,660 [INFO] ImportTextPane:234 - (OptionalMessage_ERROR) IP (ADC4) : Parameter (CommonPathInternal) has invalid value (null|null|null|null)
2025-09-07 14:02:53,664 [INFO] ImportTextPane:234 - (OptionalMessage_ERROR) IP (RCC) : Invalid parameter (FamilyName)
2025-09-07 14:02:53,664 [INFO] ImportTextPane:234 - (OptionalMessage_ERROR) IP (RCC) : Parameter (HRTIM1Freq_Value) has invalid value (16000000)
2025-09-07 14:02:53,666 [INFO] ImportTextPane:234 - (OptionalMessage_ERROR) IP (RCC) : Parameter (RNGFreq_Value) has invalid value (64000000)
2025-09-07 14:02:53,666 [INFO] ImportTextPane:234 - (OptionalMessage_ERROR) IP (RCC) : Parameter (USBFreq_Value) has invalid value (64000000)
2025-09-07 14:02:53,958 [INFO] UtilMem:75 - End LoadConfig() Used Memory: 795235744 Bytes (1073741824)
2025-09-07 14:02:54,080 [WARN] ThirdParty:833 - waiting for thirdparty lock release [change project]
2025-09-07 14:02:54,080 [INFO] ThirdParty:835 - entering critical section [change project]
2025-09-07 14:02:54,081 [INFO] ThirdParty:1030 - CMSIS Pack Vendor :STMicroelectronics X-CUBE-PM33A1 1.0.0
2025-09-07 14:02:54,081 [INFO] ThirdParty:1030 - CMSIS Pack Vendor :STMicroelectronics USBPD 4.1
2025-09-07 14:02:54,081 [INFO] ThirdParty:1030 - CMSIS Pack Vendor :STMicroelectronics X-CUBE-NFC9 1.0.0
2025-09-07 14:02:54,081 [INFO] ThirdParty:1030 - CMSIS Pack Vendor :STMicroelectronics USB_HOST 2.0.0
2025-09-07 14:02:54,081 [INFO] ThirdParty:1030 - CMSIS Pack Vendor :STMicroelectronics FP-SNS-MOTENVWB1 1.4.0
2025-09-07 14:02:54,081 [INFO] ThirdParty:1030 - CMSIS Pack Vendor :STMicroelectronics X-CUBE-AZRTOS-F4 1.1.0
2025-09-07 14:02:54,081 [INFO] ThirdParty:1030 - CMSIS Pack Vendor :STMicroelectronics LIBJPEG 8.0.0
2025-09-07 14:02:54,081 [INFO] ThirdParty:1030 - CMSIS Pack Vendor :STMicroelectronics FP-ATR-ASTRA1 2.0.2
2025-09-07 14:02:54,081 [INFO] ThirdParty:1030 - CMSIS Pack Vendor :wolfSSL I-CUBE-wolfSSL 5.8.2
2025-09-07 14:02:54,081 [INFO] ThirdParty:1030 - CMSIS Pack Vendor :STMicroelectronics X-CUBE-BLE1 7.1.0
2025-09-07 14:02:54,081 [INFO] ThirdParty:1030 - CMSIS Pack Vendor :Avnet-IotConnect X-CUBE-IoTC-DA16k-PMOD 1.0.0
2025-09-07 14:02:54,081 [INFO] ThirdParty:1030 - CMSIS Pack Vendor :STMicroelectronics X-CUBE-SMBUS 2.1.0
2025-09-07 14:02:54,081 [INFO] ThirdParty:1030 - CMSIS Pack Vendor :wolfSSL I-CUBE-wolfMQTT 1.19.2
2025-09-07 14:02:54,081 [INFO] ThirdParty:1030 - CMSIS Pack Vendor :STMicroelectronics USB_DEVICE 3.0.0
2025-09-07 14:02:54,081 [INFO] ThirdParty:1030 - CMSIS Pack Vendor :STMicroelectronics X-CUBE-ISPU 2.1.0
2025-09-07 14:02:54,081 [INFO] ThirdParty:1030 - CMSIS Pack Vendor :STMicroelectronics X-CUBE-EEPRMA1 5.2.0
2025-09-07 14:02:54,081 [INFO] ThirdParty:1030 - CMSIS Pack Vendor :STMicroelectronics X-CUBE-BLEMGR 4.1.0
2025-09-07 14:02:54,081 [INFO] ThirdParty:1030 - CMSIS Pack Vendor :STMicroelectronics X-CUBE-AZRTOS-WB 2.0.0
2025-09-07 14:02:54,081 [INFO] ThirdParty:1030 - CMSIS Pack Vendor :STMicroelectronics X-CUBE-ST60 1.0.0
2025-09-07 14:02:54,081 [INFO] ThirdParty:1030 - CMSIS Pack Vendor :STMicroelectronics X-CUBE-GNSS1 7.0.1
2025-09-07 14:02:54,081 [INFO] ThirdParty:1030 - CMSIS Pack Vendor :STMicroelectronics X-CUBE-NFC12 1.0.0
2025-09-07 14:02:54,081 [INFO] ThirdParty:1030 - CMSIS Pack Vendor :STMicroelectronics X-CUBE-AZRTOS-F7 1.1.0
2025-09-07 14:02:54,082 [INFO] ThirdParty:1030 - CMSIS Pack Vendor :STMicroelectronics X-CUBE-AZRTOS-L5 2.0.0
2025-09-07 14:02:54,082 [INFO] ThirdParty:1030 - CMSIS Pack Vendor :STMicroelectronics X-CUBE-TOUCHGFX 4.25.0
2025-09-07 14:02:54,082 [INFO] ThirdParty:1030 - CMSIS Pack Vendor :STMicroelectronics USB_DEVICE 2.0.0
2025-09-07 14:02:54,082 [INFO] ThirdParty:1030 - CMSIS Pack Vendor :STMicroelectronics X-CUBE-NFC6 3.1.0
2025-09-07 14:02:54,082 [INFO] ThirdParty:1030 - CMSIS Pack Vendor :quantropi X-CUBE-qispace-sdk-base 2.1.0
2025-09-07 14:02:54,082 [INFO] ThirdParty:1030 - CMSIS Pack Vendor :STMicroelectronics FreeRTOS 0.0.1
2025-09-07 14:02:54,082 [INFO] ThirdParty:1030 - CMSIS Pack Vendor :STMicroelectronics X-CUBE-AZRTOS-G0 1.1.0
2025-09-07 14:02:54,082 [INFO] ThirdParty:1030 - CMSIS Pack Vendor :STMicroelectronics X-CUBE-SAFEA1 1.2.2
2025-09-07 14:02:54,082 [INFO] ThirdParty:1030 - CMSIS Pack Vendor :STMicroelectronics X-CUBE-NFC4 3.0.0
2025-09-07 14:02:54,082 [INFO] ThirdParty:1030 - CMSIS Pack Vendor :STMicroelectronics X-CUBE-SUBG2 5.0.0
2025-09-07 14:02:54,082 [INFO] ThirdParty:1030 - CMSIS Pack Vendor :STMicroelectronics X-CUBE-AZRTOS-H7RS 1.1.0
2025-09-07 14:02:54,082 [INFO] ThirdParty:1030 - CMSIS Pack Vendor :STMicroelectronics STM32_WPAN 1.0.0
2025-09-07 14:02:54,082 [INFO] ThirdParty:1030 - CMSIS Pack Vendor :EmbeddedOffice I-CUBE-FS-RTOS 1.0.1
2025-09-07 14:02:54,082 [INFO] ThirdParty:1030 - CMSIS Pack Vendor :STMicroelectronics lwIP 2.0.3
2025-09-07 14:02:54,082 [INFO] ThirdParty:1030 - CMSIS Pack Vendor :WES I-CUBE-Cesium 1.4.0
2025-09-07 14:02:54,082 [INFO] ThirdParty:1030 - CMSIS Pack Vendor :Cesanta I-CUBE-Mongoose 7.13.0
2025-09-07 14:02:54,082 [INFO] ThirdParty:1030 - CMSIS Pack Vendor :STMicroelectronics USB_HOST 1.0.0
2025-09-07 14:02:54,082 [INFO] ThirdParty:1030 - CMSIS Pack Vendor :Infineon AIROC-Wi-Fi-Bluetooth-STM32 1.7.1
2025-09-07 14:02:54,082 [INFO] ThirdParty:1030 - CMSIS Pack Vendor :STMicroelectronics X-CUBE-AZRTOS-G4 2.0.0
2025-09-07 14:02:54,082 [INFO] ThirdParty:1030 - CMSIS Pack Vendor :STMicroelectronics X-CUBE-WB05N 2.0.0
2025-09-07 14:02:54,082 [INFO] ThirdParty:1030 - CMSIS Pack Vendor :STMicroelectronics PDM2PCM 3.1.0
2025-09-07 14:02:54,082 [INFO] ThirdParty:1030 - CMSIS Pack Vendor :STMicroelectronics PDM2PCM 3.3.0
2025-09-07 14:02:54,082 [INFO] ThirdParty:1030 - CMSIS Pack Vendor :wolfSSL I-CUBE-wolfTPM 3.8.0
2025-09-07 14:02:54,082 [INFO] ThirdParty:1030 - CMSIS Pack Vendor :STMicroelectronics X-CUBE-AZRTOS-H7 3.4.0
2025-09-07 14:02:54,082 [INFO] ThirdParty:1030 - CMSIS Pack Vendor :STMicroelectronics X-CUBE-DISPLAY 3.0.0
2025-09-07 14:02:54,082 [INFO] ThirdParty:1030 - CMSIS Pack Vendor :wolfSSL I-CUBE-wolfSSH 1.4.20
2025-09-07 14:02:54,083 [INFO] ThirdParty:1030 - CMSIS Pack Vendor :STMicroelectronics X-CUBE-NFC7 2.0.0
2025-09-07 14:02:54,083 [INFO] ThirdParty:1030 - CMSIS Pack Vendor :STMicroelectronics X-CUBE-TCPP 4.2.0
2025-09-07 14:02:54,083 [INFO] ThirdParty:1030 - CMSIS Pack Vendor :RealThread X-CUBE-RT-Thread_Nano 4.1.1
2025-09-07 14:02:54,083 [INFO] ThirdParty:1030 - CMSIS Pack Vendor :STMicroelectronics FP-ATR-SIGFOX1 3.2.0
2025-09-07 14:02:54,083 [INFO] ThirdParty:1030 - CMSIS Pack Vendor :STMicroelectronics X-CUBE-NFC10 1.0.0
2025-09-07 14:02:54,083 [INFO] ThirdParty:1030 - CMSIS Pack Vendor :STMicroelectronics X-CUBE-FREERTOS 1.3.1
2025-09-07 14:02:54,083 [INFO] ThirdParty:1030 - CMSIS Pack Vendor :STMicroelectronics HAL Drivers 0.0.0
2025-09-07 14:02:54,083 [INFO] ThirdParty:1030 - CMSIS Pack Vendor :STMicroelectronics MBEDTLS 2.16.2
2025-09-07 14:02:54,083 [INFO] ThirdParty:1030 - CMSIS Pack Vendor :STMicroelectronics X-CUBE-IPS 3.1.0
2025-09-07 14:02:54,083 [INFO] ThirdParty:1030 - CMSIS Pack Vendor :STMicroelectronics X-CUBE-ALS 1.0.2
2025-09-07 14:02:54,083 [INFO] ThirdParty:1030 - CMSIS Pack Vendor :emotas I-CUBE-CANOPEN 1.3.0
2025-09-07 14:02:54,083 [INFO] ThirdParty:1030 - CMSIS Pack Vendor :STMicroelectronics MBEDTLS 2.14.1
2025-09-07 14:02:54,083 [INFO] ThirdParty:1030 - CMSIS Pack Vendor :ITTIA_DB I-CUBE-ITTIADB 8.9.0
2025-09-07 14:02:54,083 [INFO] ThirdParty:1030 - CMSIS Pack Vendor :STMicroelectronics X-CUBE-ST67W61 1.0.0
2025-09-07 14:02:54,083 [INFO] ThirdParty:1030 - CMSIS Pack Vendor :STMicroelectronics FP-SNS-STBOX1 2.1.0
2025-09-07 14:02:54,083 [INFO] ThirdParty:1030 - CMSIS Pack Vendor :STMicroelectronics X-CUBE-AI 10.2.0
2025-09-07 14:02:54,083 [INFO] ThirdParty:1030 - CMSIS Pack Vendor :STMicroelectronics FP-SNS-STAIOTCFT 1.0.0
2025-09-07 14:02:54,083 [INFO] ThirdParty:1030 - CMSIS Pack Vendor :STMicroelectronics ThreadX 1.0.0
2025-09-07 14:02:54,083 [INFO] ThirdParty:1030 - CMSIS Pack Vendor :STMicroelectronics FP-SNS-SMARTAG2 1.2.0
2025-09-07 14:02:54,083 [INFO] ThirdParty:1030 - CMSIS Pack Vendor :STMicroelectronics FP-SNS-FLIGHT1 5.1.0
2025-09-07 14:02:54,083 [INFO] ThirdParty:1030 - CMSIS Pack Vendor :STMicroelectronics X-CUBE-AZRTOS-WL 2.0.0
2025-09-07 14:02:54,083 [INFO] ThirdParty:1030 - CMSIS Pack Vendor :SEGGER I-CUBE-embOS 1.3.1
2025-09-07 14:02:54,083 [INFO] ThirdParty:1030 - CMSIS Pack Vendor :STMicroelectronics X-CUBE-ALGOBUILD 1.4.0
2025-09-07 14:02:54,083 [INFO] ThirdParty:1030 - CMSIS Pack Vendor :STMicroelectronics X-CUBE-DPower 1.3.0
2025-09-07 14:02:54,083 [INFO] ThirdParty:1030 - CMSIS Pack Vendor :STMicroelectronics X-CUBE-MEMS1 11.3.0
2025-09-07 14:02:54,083 [INFO] ThirdParty:1030 - CMSIS Pack Vendor :STMicroelectronics FP-SNS-MOTENV1 5.0.0
2025-09-07 14:02:54,083 [INFO] ThirdParty:1030 - CMSIS Pack Vendor :STMicroelectronics USB_DEVICE 1.0.0
2025-09-07 14:02:54,084 [INFO] ThirdParty:1030 - CMSIS Pack Vendor :STMicroelectronics X-CUBE-AZRTOS-L4 2.0.0
2025-09-07 14:02:54,084 [INFO] ThirdParty:1030 - CMSIS Pack Vendor :STMicroelectronics ThreadX 0.0.2
2025-09-07 14:02:54,084 [INFO] ThirdParty:1030 - CMSIS Pack Vendor :STMicroelectronics lwIP 2.1.2
2025-09-07 14:02:54,084 [INFO] ThirdParty:1030 - CMSIS Pack Vendor :STMicroelectronics X-CUBE-SFXS2LP1 4.0.0
2025-09-07 14:02:54,084 [INFO] ThirdParty:1030 - CMSIS Pack Vendor :STMicroelectronics X-CUBE-BLE2 3.3.0
2025-09-07 14:02:54,084 [INFO] ThirdParty:1030 - CMSIS Pack Vendor :STMicroelectronics X-CUBE-TOF1 3.4.3
2025-09-07 14:02:54,084 [INFO] ThirdParty:1030 - CMSIS Pack Vendor :STMicroelectronics PDM2PCM 3.2.0
2025-09-07 14:02:54,084 [INFO] ThirdParty:841 - exiting critical section [change project]
2025-09-07 14:02:54,555 [INFO] PinOutPanel:1589 - setPackage(No Configuration,No Configuration)
2025-09-07 14:02:54,556 [INFO] PinOutPanel:1589 - setPackage(STM32G473QETx,LQFP128)
2025-09-07 14:02:55,007 [INFO] UtilMem:75 - Before build in PCC Used Memory: 647094224 Bytes (1073741824)
2025-09-07 14:02:55,601 [INFO] UtilMem:75 - After build in PCC Used Memory: 850320904 Bytes (1073741824)
2025-09-07 14:02:55,641 [INFO] IPUIPlugin:80 - create IPUIPlugin
2025-09-07 14:02:55,641 [INFO] IPUIPlugin:80 - create IPUIPlugin
2025-09-07 14:02:55,641 [INFO] IPUIPlugin:80 - create IPUIPlugin
2025-09-07 14:02:55,641 [INFO] IPUIPlugin:80 - create IPUIPlugin
2025-09-07 14:02:55,641 [INFO] IPUIPlugin:80 - create IPUIPlugin
2025-09-07 14:02:55,642 [INFO] IPUIPlugin:80 - create IPUIPlugin
2025-09-07 14:02:55,642 [INFO] IPUIPlugin:80 - create IPUIPlugin
2025-09-07 14:02:55,642 [INFO] IPUIPlugin:80 - create IPUIPlugin
2025-09-07 14:02:55,642 [INFO] IPUIPlugin:80 - create IPUIPlugin
2025-09-07 14:02:55,642 [INFO] IPUIPlugin:80 - create IPUIPlugin
2025-09-07 14:02:55,642 [INFO] IPUIPlugin:80 - create IPUIPlugin
2025-09-07 14:02:55,642 [INFO] IPUIPlugin:80 - create IPUIPlugin
2025-09-07 14:02:55,642 [INFO] IPUIPlugin:80 - create IPUIPlugin
2025-09-07 14:02:55,642 [INFO] IPUIPlugin:80 - create IPUIPlugin
2025-09-07 14:02:55,642 [INFO] IPUIPlugin:80 - create IPUIPlugin
2025-09-07 14:02:55,642 [INFO] IPUIPlugin:80 - create IPUIPlugin
2025-09-07 14:02:55,643 [INFO] IPUIPlugin:80 - create IPUIPlugin
2025-09-07 14:02:55,643 [INFO] IPUIPlugin:80 - create IPUIPlugin
2025-09-07 14:02:55,643 [INFO] IPUIPlugin:80 - create IPUIPlugin
2025-09-07 14:02:55,643 [INFO] IPUIPlugin:80 - create IPUIPlugin
2025-09-07 14:02:55,643 [INFO] IPUIPlugin:80 - create IPUIPlugin
2025-09-07 14:02:55,643 [INFO] IPUIPlugin:80 - create IPUIPlugin
2025-09-07 14:02:55,643 [INFO] IPUIPlugin:80 - create IPUIPlugin
2025-09-07 14:02:55,643 [INFO] IPUIPlugin:80 - create IPUIPlugin
2025-09-07 14:02:55,643 [INFO] IPUIPlugin:80 - create IPUIPlugin
2025-09-07 14:02:55,643 [INFO] IPUIPlugin:80 - create IPUIPlugin
2025-09-07 14:02:55,643 [INFO] IPUIPlugin:80 - create IPUIPlugin
2025-09-07 14:02:55,643 [INFO] IPUIPlugin:80 - create IPUIPlugin
2025-09-07 14:02:55,644 [INFO] IPUIPlugin:80 - create IPUIPlugin
2025-09-07 14:02:55,644 [INFO] IPUIPlugin:80 - create IPUIPlugin
2025-09-07 14:02:55,644 [INFO] IPUIPlugin:80 - create IPUIPlugin
2025-09-07 14:02:55,644 [INFO] IPUIPlugin:80 - create IPUIPlugin
2025-09-07 14:02:55,644 [INFO] IPUIPlugin:80 - create IPUIPlugin
2025-09-07 14:02:55,644 [INFO] IPUIPlugin:80 - create IPUIPlugin
2025-09-07 14:02:55,644 [INFO] IPUIPlugin:80 - create IPUIPlugin
2025-09-07 14:02:55,644 [INFO] IPUIPlugin:80 - create IPUIPlugin
2025-09-07 14:02:55,645 [INFO] IPUIPlugin:80 - create IPUIPlugin
2025-09-07 14:02:55,645 [INFO] IPUIPlugin:80 - create IPUIPlugin
2025-09-07 14:02:55,645 [INFO] IPUIPlugin:80 - create IPUIPlugin
2025-09-07 14:02:55,645 [INFO] IPUIPlugin:80 - create IPUIPlugin
2025-09-07 14:02:55,645 [INFO] IPUIPlugin:80 - create IPUIPlugin
2025-09-07 14:02:55,645 [INFO] IPUIPlugin:80 - create IPUIPlugin
2025-09-07 14:02:55,645 [INFO] IPUIPlugin:80 - create IPUIPlugin
2025-09-07 14:02:55,646 [INFO] IPUIPlugin:80 - create IPUIPlugin
2025-09-07 14:02:55,646 [INFO] IPUIPlugin:80 - create IPUIPlugin
2025-09-07 14:02:55,646 [INFO] IPUIPlugin:80 - create IPUIPlugin
2025-09-07 14:02:55,646 [INFO] IPUIPlugin:80 - create IPUIPlugin
2025-09-07 14:02:55,646 [INFO] IPUIPlugin:80 - create IPUIPlugin
2025-09-07 14:02:55,646 [INFO] IPUIPlugin:80 - create IPUIPlugin
2025-09-07 14:02:55,647 [INFO] IPUIPlugin:80 - create IPUIPlugin
2025-09-07 14:02:55,647 [INFO] IPUIPlugin:80 - create IPUIPlugin
2025-09-07 14:02:55,647 [INFO] IPUIPlugin:80 - create IPUIPlugin
2025-09-07 14:02:55,647 [INFO] IPUIPlugin:80 - create IPUIPlugin
2025-09-07 14:02:55,647 [INFO] IPUIPlugin:80 - create IPUIPlugin
2025-09-07 14:02:55,647 [INFO] IPUIPlugin:80 - create IPUIPlugin
2025-09-07 14:02:55,647 [INFO] IPUIPlugin:80 - create IPUIPlugin
2025-09-07 14:02:55,648 [INFO] IPUIPlugin:80 - create IPUIPlugin
2025-09-07 14:02:55,648 [INFO] IPUIPlugin:80 - create IPUIPlugin
2025-09-07 14:02:55,648 [INFO] IPUIPlugin:80 - create IPUIPlugin
2025-09-07 14:02:55,648 [INFO] IPUIPlugin:80 - create IPUIPlugin
2025-09-07 14:02:55,648 [INFO] IPUIPlugin:80 - create IPUIPlugin
2025-09-07 14:02:55,648 [INFO] IPUIPlugin:80 - create IPUIPlugin
2025-09-07 14:02:55,648 [INFO] IPUIPlugin:80 - create IPUIPlugin
2025-09-07 14:02:55,649 [INFO] IPUIPlugin:80 - create IPUIPlugin
2025-09-07 14:02:55,649 [INFO] IPUIPlugin:80 - create IPUIPlugin
2025-09-07 14:02:55,649 [INFO] IPUIPlugin:80 - create IPUIPlugin
2025-09-07 14:02:55,649 [INFO] IPUIPlugin:80 - create IPUIPlugin
2025-09-07 14:02:55,649 [INFO] IPUIPlugin:80 - create IPUIPlugin
2025-09-07 14:02:55,650 [INFO] IPUIPlugin:80 - create IPUIPlugin
2025-09-07 14:02:55,650 [INFO] IPUIPlugin:80 - create IPUIPlugin
2025-09-07 14:02:55,650 [INFO] IPUIPlugin:80 - create IPUIPlugin
2025-09-07 14:02:55,650 [INFO] IPUIPlugin:80 - create IPUIPlugin
2025-09-07 14:02:55,650 [INFO] IPUIPlugin:80 - create IPUIPlugin
2025-09-07 14:02:55,651 [INFO] IPUIPlugin:80 - create IPUIPlugin
2025-09-07 14:02:55,651 [INFO] IPUIPlugin:80 - create IPUIPlugin
2025-09-07 14:02:55,651 [INFO] IPUIPlugin:80 - create IPUIPlugin
2025-09-07 14:02:55,651 [INFO] IPUIPlugin:80 - create IPUIPlugin
2025-09-07 14:02:55,652 [INFO] IPUIPlugin:80 - create IPUIPlugin
2025-09-07 14:02:55,796 [INFO] CADModel:165 - CPN selected for project levelSTM32G473QET6
2025-09-07 14:02:55,796 [INFO] CADModel:114 - Register for checkConnection events
2025-09-07 14:02:55,834 [INFO] OpenFileManager:386 - Restore cursor
2025-09-07 14:02:56,791 [INFO] UtilMem:75 - End SaveConfig() Used Memory: 926381264 Bytes (1073741824)
2025-09-07 14:02:56,973 [INFO] UserAuth:487 - Internet connection configuration mode: 1
2025-09-07 14:02:56,986 [INFO] JxBrowserEngine:152 - Initiate JxBrowser Engine with user profile folder
2025-09-07 14:02:57,750 [INFO] WebApp:169 - Instantiating new browser for Auth
2025-09-07 14:02:58,187 [INFO] WebApp:463 - Apply proxy settings
2025-09-07 14:02:58,187 [INFO] WebApp:548 - Chromium requires no authentication
2025-09-07 14:02:58,193 [INFO] WebApp:491 - Direct internet connection detected
2025-09-07 14:02:58,204 [INFO] WebApp:900 - Register for checkConnection events
2025-09-07 14:02:58,204 [INFO] WebApp:463 - Apply proxy settings
2025-09-07 14:02:58,204 [INFO] WebApp:548 - Chromium requires no authentication
2025-09-07 14:02:58,205 [INFO] WebApp:491 - Direct internet connection detected
2025-09-07 14:02:58,285 [INFO] WebApp:225 - Starting web application
2025-09-07 14:02:58,285 [INFO] WebApp:593 - Web application path used /opt/st/stm32cubeide_1.19.0/plugins/com.st.stm32cube.common.mx_6.15.0.202507011659/db/plugins/mcufinder/reactClient1/index.html
2025-09-07 14:02:58,652 [INFO] WebApp:191 - Connection restablished
2025-09-07 14:02:58,813 [INFO] ServerAccessManage:452 - Complete download http(s) 200
2025-09-07 14:02:58,814 [INFO] ServerAccessManage:509 - Download File stm32cube_fw_g4_v160.zip
2025-09-07 14:03:09,908 [ERROR] LogOutputStream:75 - [STDERR_REDIRECT] Sep 07, 2025 2:03:09 PM java.util.prefs.FileSystemPreferences checkLockFile0ErrorCode
2025-09-07 14:03:09,909 [ERROR] LogOutputStream:75 - [STDERR_REDIRECT] WARNING: Could not lock System prefs. Unix error code 2.
2025-09-07 14:03:09,909 [ERROR] LogOutputStream:75 - [STDERR_REDIRECT] 
2025-09-07 14:03:09,910 [ERROR] LogOutputStream:75 - [STDERR_REDIRECT] Sep 07, 2025 2:03:09 PM java.util.prefs.FileSystemPreferences syncWorld
2025-09-07 14:03:09,912 [ERROR] LogOutputStream:75 - [STDERR_REDIRECT] WARNING: Couldn't flush system prefs: java.util.prefs.BackingStoreException: Couldn't get file lock.
2025-09-07 14:03:09,912 [ERROR] LogOutputStream:75 - [STDERR_REDIRECT] 
2025-09-07 14:03:33,017 [INFO] AnalyticsPlugin:368 - Accepted License(s): [FW.G4.1.6.0]
2025-09-07 14:03:33,018 [INFO] FileExtend:248 - Unzip File : stm32cube_fw_g4_v160.zip
2025-09-07 14:03:33,018 [INFO] FileExtend:263 - Standard Zip Deflate
2025-09-07 14:03:38,007 [INFO] ServerAccessManage:452 - Complete download http(s) 200
2025-09-07 14:03:38,008 [INFO] ServerAccessManage:509 - Download File stm32cube_fw_g4_v161.zip
2025-09-07 14:03:39,903 [ERROR] LogOutputStream:75 - [STDERR_REDIRECT] Sep 07, 2025 2:03:39 PM java.util.prefs.FileSystemPreferences checkLockFile0ErrorCode
2025-09-07 14:03:39,905 [ERROR] LogOutputStream:75 - [STDERR_REDIRECT] WARNING: Could not lock System prefs. Unix error code 2.
2025-09-07 14:03:39,905 [ERROR] LogOutputStream:75 - [STDERR_REDIRECT] 
2025-09-07 14:03:39,907 [ERROR] LogOutputStream:75 - [STDERR_REDIRECT] Sep 07, 2025 2:03:39 PM java.util.prefs.FileSystemPreferences syncWorld
2025-09-07 14:03:39,909 [ERROR] LogOutputStream:75 - [STDERR_REDIRECT] WARNING: Couldn't flush system prefs: java.util.prefs.BackingStoreException: Couldn't get file lock.
2025-09-07 14:03:39,910 [ERROR] LogOutputStream:75 - [STDERR_REDIRECT] 
2025-09-07 14:03:48,095 [INFO] FileExtend:248 - Unzip File : stm32cube_fw_g4_v161.zip
2025-09-07 14:03:48,095 [INFO] FileExtend:263 - Standard Zip Deflate
2025-09-07 14:03:51,747 [INFO] LoadServerPackagesThread:196 - End of LoadServerPackages Thread
2025-09-07 14:03:52,055 [INFO] ThirdPartyModel:298 - Start build external matchings
2025-09-07 14:03:52,093 [INFO] UtilMem:75 - End SaveConfig() Used Memory: 692928728 Bytes (1073741824)
2025-09-07 14:03:52,731 [INFO] ThirdPartyModel:316 - End build external matchings
2025-09-07 14:03:52,751 [INFO] BlockDiagram:2775 - set Specific Code input for plugin: SPI
2025-09-07 14:03:52,751 [INFO] CheckServerUpdateThread:120 - End of CheckServer Thread
2025-09-07 14:03:52,751 [INFO] BlockDiagram:2775 - set Specific Code input for plugin: DAC
2025-09-07 14:03:52,751 [INFO] BlockDiagram:2775 - set Specific Code input for plugin: TIM1_8G4
2025-09-07 14:03:52,751 [INFO] BlockDiagram:2775 - set Specific Code input for plugin: TIM1_8G4
2025-09-07 14:03:52,751 [INFO] BlockDiagram:2775 - set Specific Code input for plugin: TIM1_8G4
2025-09-07 14:03:52,751 [INFO] BlockDiagram:2775 - set Specific Code input for plugin: TIM1_8G4
2025-09-07 14:03:52,752 [INFO] BlockDiagram:2775 - set Specific Code input for plugin: TIM1_8G4
2025-09-07 14:03:52,752 [INFO] BlockDiagram:2775 - set Specific Code input for plugin: OPAMP
2025-09-07 14:03:52,752 [INFO] BlockDiagram:2775 - set Specific Code input for plugin: OPAMP
2025-09-07 14:03:52,752 [INFO] BlockDiagram:2775 - set Specific Code input for plugin: OPAMP
2025-09-07 14:03:52,752 [INFO] BlockDiagram:2775 - set Specific Code input for plugin: ADC
2025-09-07 14:03:52,752 [INFO] BlockDiagram:2775 - set Specific Code input for plugin: ADC
2025-09-07 14:03:52,752 [INFO] BlockDiagram:2775 - set Specific Code input for plugin: SYS
2025-09-07 14:03:52,752 [INFO] BlockDiagram:2775 - set Specific Code input for plugin: ADC
2025-09-07 14:03:52,753 [INFO] BlockDiagram:2775 - set Specific Code input for plugin: ADC
2025-09-07 14:03:52,753 [INFO] BlockDiagram:2775 - set Specific Code input for plugin: RCC
2025-09-07 14:03:52,753 [INFO] BlockDiagram:2775 - set Specific Code input for plugin: NVIC
2025-09-07 14:03:52,753 [INFO] BlockDiagram:2775 - set Specific Code input for plugin: USART
2025-09-07 14:03:52,753 [INFO] BlockDiagram:2775 - set Specific Code input for plugin: TIM1_8G4
2025-09-07 14:03:52,753 [INFO] BlockDiagram:2775 - set Specific Code input for plugin: TIM1_8G4
2025-09-07 14:03:52,753 [INFO] BlockDiagram:2775 - set Specific Code input for plugin: TIM1_8G4
2025-09-07 14:03:52,756 [INFO] BlockDiagram:2775 - set Specific Code input for plugin: GPIO
2025-09-07 14:03:52,756 [INFO] BlockDiagram:2775 - set Specific Code input for plugin: TIM1_8G4
2025-09-07 14:03:52,757 [INFO] CodeGenerator:892 - code generatio: config db path: /opt/st/stm32cubeide_1.19.0/plugins/com.st.stm32cube.common.mx_6.15.0.202507011659//db/
2025-09-07 14:03:53,382 [INFO] CodeEngine:265 - oldGeneratedFile, /home/matijak/programiranje/spyrosoft/STM32CubeIDE/blinky_metal/MXTmpFiles/license.tmp_save
2025-09-07 14:03:53,767 [INFO] CodeEngine:289 - Generated code: /home/matijak/programiranje/spyrosoft/STM32CubeIDE/blinky_metal/MXTmpFiles/license.tmp
2025-09-07 14:03:54,108 [INFO] CodeEngine:265 - oldGeneratedFile, /home/matijak/programiranje/spyrosoft/STM32CubeIDE/blinky_metal/MXTmpFiles/gpio.tmp_save
2025-09-07 14:03:54,337 [INFO] CodeEngine:289 - Generated code: /home/matijak/programiranje/spyrosoft/STM32CubeIDE/blinky_metal/MXTmpFiles/gpio.tmp
2025-09-07 14:03:57,921 [INFO] CodeEngine:265 - oldGeneratedFile, /home/matijak/programiranje/spyrosoft/STM32CubeIDE/blinky_metal/Core/Src/stm32g4xx_it.c_save
2025-09-07 14:03:58,050 [INFO] CodeEngine:289 - Generated code: /home/matijak/programiranje/spyrosoft/STM32CubeIDE/blinky_metal/Core/Src/stm32g4xx_it.c
2025-09-07 14:03:58,052 [INFO] CodeEngine:265 - oldGeneratedFile, /home/matijak/programiranje/spyrosoft/STM32CubeIDE/blinky_metal/Core/Inc/stm32g4xx_it.h_save
2025-09-07 14:03:58,106 [INFO] CodeEngine:289 - Generated code: /home/matijak/programiranje/spyrosoft/STM32CubeIDE/blinky_metal/Core/Inc/stm32g4xx_it.h
2025-09-07 14:03:58,116 [INFO] CodeEngine:265 - oldGeneratedFile, /home/matijak/programiranje/spyrosoft/STM32CubeIDE/blinky_metal/Core/Src/stm32g4xx_hal_msp.c_save
2025-09-07 14:03:58,282 [INFO] CodeEngine:289 - Generated code: /home/matijak/programiranje/spyrosoft/STM32CubeIDE/blinky_metal/Core/Src/stm32g4xx_hal_msp.c
2025-09-07 14:03:58,285 [INFO] CodeEngine:265 - oldGeneratedFile, /home/matijak/programiranje/spyrosoft/STM32CubeIDE/blinky_metal/MXTmpFiles/system.tmp_save
2025-09-07 14:03:58,354 [INFO] CodeEngine:289 - Generated code: /home/matijak/programiranje/spyrosoft/STM32CubeIDE/blinky_metal/MXTmpFiles/system.tmp
2025-09-07 14:03:58,363 [INFO] CodeEngine:321 - oldGeneratedFile, /home/matijak/programiranje/spyrosoft/STM32CubeIDE/blinky_metal/Core/Inc/stm32g4xx_hal_conf.h_save
2025-09-07 14:03:58,433 [INFO] CodeEngine:345 - Generated code: /home/matijak/programiranje/spyrosoft/STM32CubeIDE/blinky_metal/Core/Inc/stm32g4xx_hal_conf.h
2025-09-07 14:03:58,455 [WARN] IPConfigManager:3238 - Warning: the RefConfig RCC_CommonPeriphClockConfig is not available in your config.xml file
2025-09-07 14:03:58,467 [INFO] ApiDbMcu:532 - Load IP Config File for ADC1
2025-09-07 14:03:58,471 [INFO] ApiDbMcu:532 - Load IP Config File for ADC2
2025-09-07 14:03:58,475 [INFO] ApiDbMcu:532 - Load IP Config File for ADC3
2025-09-07 14:03:58,479 [INFO] ApiDbMcu:532 - Load IP Config File for ADC4
2025-09-07 14:03:58,483 [INFO] ApiDbMcu:532 - Load IP Config File for DAC1
2025-09-07 14:03:58,486 [INFO] ApiDbMcu:532 - Load IP Config File for OPAMP3
2025-09-07 14:03:58,489 [INFO] ApiDbMcu:532 - Load IP Config File for OPAMP4
2025-09-07 14:03:58,491 [INFO] ApiDbMcu:532 - Load IP Config File for OPAMP5
2025-09-07 14:03:58,494 [INFO] ApiDbMcu:532 - Load IP Config File for SPI1
2025-09-07 14:03:58,514 [INFO] ApiDbMcu:532 - Load IP Config File for TIM1
2025-09-07 14:03:58,535 [INFO] ApiDbMcu:532 - Load IP Config File for TIM2
2025-09-07 14:03:58,553 [INFO] ApiDbMcu:532 - Load IP Config File for TIM3
2025-09-07 14:03:58,570 [INFO] ApiDbMcu:532 - Load IP Config File for TIM4
2025-09-07 14:03:58,585 [INFO] ApiDbMcu:532 - Load IP Config File for TIM5
2025-09-07 14:03:58,599 [INFO] ApiDbMcu:532 - Load IP Config File for TIM8
2025-09-07 14:03:58,615 [INFO] ApiDbMcu:532 - Load IP Config File for TIM16
2025-09-07 14:03:58,630 [INFO] ApiDbMcu:532 - Load IP Config File for TIM17
2025-09-07 14:03:58,643 [INFO] ApiDbMcu:532 - Load IP Config File for TIM20
2025-09-07 14:03:58,653 [INFO] ApiDbMcu:532 - Load IP Config File for USART1
2025-09-07 14:03:58,655 [INFO] ApiDbMcu:532 - Load IP Config File for RCC
2025-09-07 14:03:58,661 [WARN] IPConfigManager:3811 - IP not found : TIM
2025-09-07 14:03:58,663 [WARN] CodeGenerator:4259 - IP not found : null
2025-09-07 14:03:58,667 [INFO] CodeEngine:265 - oldGeneratedFile, /home/matijak/programiranje/spyrosoft/STM32CubeIDE/blinky_metal/Core/Inc/main.h_save
2025-09-07 14:03:58,759 [INFO] CodeEngine:289 - Generated code: /home/matijak/programiranje/spyrosoft/STM32CubeIDE/blinky_metal/Core/Inc/main.h
2025-09-07 14:03:58,762 [INFO] CodeEngine:265 - oldGeneratedFile, /home/matijak/programiranje/spyrosoft/STM32CubeIDE/blinky_metal/Core/Src/main.c_save
2025-09-07 14:03:58,927 [INFO] CodeEngine:289 - Generated code: /home/matijak/programiranje/spyrosoft/STM32CubeIDE/blinky_metal/Core/Src/main.c
2025-09-07 14:03:59,125 [INFO] ProjectBuilder:3606 - Time for Copy HAL[1] : 33mS.
2025-09-07 14:03:59,130 [INFO] ProjectBuilder:5216 - Project Generator version: 4.7.0-B52
2025-09-07 14:03:59,221 [INFO] ConfigFileManager:1595 - The Die is : DIE469
2025-09-07 14:03:59,226 [INFO] ApiDbMcu:532 - Load IP Config File for FATFS
2025-09-07 14:03:59,229 [INFO] ApiDbMcu:532 - Load IP Config File for FREERTOS
2025-09-07 14:03:59,233 [INFO] ApiDbMcu:532 - Load IP Config File for USBPD
2025-09-07 14:03:59,238 [INFO] ApiDbMcu:532 - Load IP Config File for USB_DEVICE
2025-09-07 14:03:59,575 [INFO] LogOutputStream:77 - [STDOUT_REDIRECT] 
2025-09-07 14:04:01,079 [INFO] ProjectBuilder:5496 - Time for Generating toolchain IDE Files: 1948mS.
2025-09-07 14:04:01,079 [INFO] ProjectBuilder:3463 - Time for Copy CMSIS : 0mS.
2025-09-07 14:04:01,080 [INFO] ProjectBuilder:3463 - Time for Copy CMSIS : 0mS.
2025-09-07 14:04:01,547 [INFO] McuFinderGlobals:76 - Set McuFinderConnectedMode to true
2025-09-07 14:04:01,551 [INFO] ApiDb:448 - Save user favorites file /home/matijak/.stm32cubeide/favorites.mcus.txt: 0 item(s)
2025-09-07 14:04:01,551 [INFO] ApiDb:452 - User favorites MCUs=[]
2025-09-07 14:04:01,553 [INFO] ApiDb:448 - Save user favorites file /home/matijak/.stm32cubeide/favorites.boards.txt: 1 item(s)
2025-09-07 14:04:01,553 [INFO] ApiDb:452 - User favorites Boards=[B-L475E-IOT01A1]
2025-09-07 14:04:09,901 [ERROR] LogOutputStream:75 - [STDERR_REDIRECT] Sep 07, 2025 2:04:09 PM java.util.prefs.FileSystemPreferences checkLockFile0ErrorCode
2025-09-07 14:04:09,902 [ERROR] LogOutputStream:75 - [STDERR_REDIRECT] WARNING: Could not lock System prefs. Unix error code 2.
2025-09-07 14:04:09,903 [ERROR] LogOutputStream:75 - [STDERR_REDIRECT] 
2025-09-07 14:04:09,904 [ERROR] LogOutputStream:75 - [STDERR_REDIRECT] Sep 07, 2025 2:04:09 PM java.util.prefs.FileSystemPreferences syncWorld
2025-09-07 14:04:09,905 [ERROR] LogOutputStream:75 - [STDERR_REDIRECT] WARNING: Couldn't flush system prefs: java.util.prefs.BackingStoreException: Couldn't get file lock.
2025-09-07 14:04:09,905 [ERROR] LogOutputStream:75 - [STDERR_REDIRECT] 
2025-09-07 14:04:39,897 [ERROR] LogOutputStream:75 - [STDERR_REDIRECT] Sep 07, 2025 2:04:39 PM java.util.prefs.FileSystemPreferences checkLockFile0ErrorCode
2025-09-07 14:04:39,898 [ERROR] LogOutputStream:75 - [STDERR_REDIRECT] WARNING: Could not lock System prefs. Unix error code 2.
2025-09-07 14:04:39,898 [ERROR] LogOutputStream:75 - [STDERR_REDIRECT] 
2025-09-07 14:04:39,899 [ERROR] LogOutputStream:75 - [STDERR_REDIRECT] Sep 07, 2025 2:04:39 PM java.util.prefs.FileSystemPreferences syncWorld
2025-09-07 14:04:39,901 [ERROR] LogOutputStream:75 - [STDERR_REDIRECT] WARNING: Couldn't flush system prefs: java.util.prefs.BackingStoreException: Couldn't get file lock.
2025-09-07 14:04:39,901 [ERROR] LogOutputStream:75 - [STDERR_REDIRECT] 
2025-09-07 14:05:09,897 [ERROR] LogOutputStream:75 - [STDERR_REDIRECT] Sep 07, 2025 2:05:09 PM java.util.prefs.FileSystemPreferences checkLockFile0ErrorCode
2025-09-07 14:05:09,897 [ERROR] LogOutputStream:75 - [STDERR_REDIRECT] WARNING: Could not lock System prefs. Unix error code 2.
2025-09-07 14:05:09,897 [ERROR] LogOutputStream:75 - [STDERR_REDIRECT] 
2025-09-07 14:05:09,898 [ERROR] LogOutputStream:75 - [STDERR_REDIRECT] Sep 07, 2025 2:05:09 PM java.util.prefs.FileSystemPreferences syncWorld
2025-09-07 14:05:09,898 [ERROR] LogOutputStream:75 - [STDERR_REDIRECT] WARNING: Couldn't flush system prefs: java.util.prefs.BackingStoreException: Couldn't get file lock.
2025-09-07 14:05:09,898 [ERROR] LogOutputStream:75 - [STDERR_REDIRECT] 
2025-09-07 14:05:39,898 [ERROR] LogOutputStream:75 - [STDERR_REDIRECT] Sep 07, 2025 2:05:39 PM java.util.prefs.FileSystemPreferences checkLockFile0ErrorCode
2025-09-07 14:05:39,899 [ERROR] LogOutputStream:75 - [STDERR_REDIRECT] WARNING: Could not lock System prefs. Unix error code 2.
2025-09-07 14:05:39,899 [ERROR] LogOutputStream:75 - [STDERR_REDIRECT] 
2025-09-07 14:05:39,900 [ERROR] LogOutputStream:75 - [STDERR_REDIRECT] Sep 07, 2025 2:05:39 PM java.util.prefs.FileSystemPreferences syncWorld
2025-09-07 14:05:39,901 [ERROR] LogOutputStream:75 - [STDERR_REDIRECT] WARNING: Couldn't flush system prefs: java.util.prefs.BackingStoreException: Couldn't get file lock.
2025-09-07 14:05:39,902 [ERROR] LogOutputStream:75 - [STDERR_REDIRECT] 
2025-09-07 14:06:09,899 [ERROR] LogOutputStream:75 - [STDERR_REDIRECT] Sep 07, 2025 2:06:09 PM java.util.prefs.FileSystemPreferences checkLockFile0ErrorCode
2025-09-07 14:06:09,900 [ERROR] LogOutputStream:75 - [STDERR_REDIRECT] WARNING: Could not lock System prefs. Unix error code 2.
2025-09-07 14:06:09,900 [ERROR] LogOutputStream:75 - [STDERR_REDIRECT] 
2025-09-07 14:06:09,901 [ERROR] LogOutputStream:75 - [STDERR_REDIRECT] Sep 07, 2025 2:06:09 PM java.util.prefs.FileSystemPreferences syncWorld
2025-09-07 14:06:09,902 [ERROR] LogOutputStream:75 - [STDERR_REDIRECT] WARNING: Couldn't flush system prefs: java.util.prefs.BackingStoreException: Couldn't get file lock.
2025-09-07 14:06:09,902 [ERROR] LogOutputStream:75 - [STDERR_REDIRECT] 
2025-09-07 14:06:39,898 [ERROR] LogOutputStream:75 - [STDERR_REDIRECT] Sep 07, 2025 2:06:39 PM java.util.prefs.FileSystemPreferences checkLockFile0ErrorCode
2025-09-07 14:06:39,899 [ERROR] LogOutputStream:75 - [STDERR_REDIRECT] WARNING: Could not lock System prefs. Unix error code 2.
2025-09-07 14:06:39,899 [ERROR] LogOutputStream:75 - [STDERR_REDIRECT] 
2025-09-07 14:06:39,900 [ERROR] LogOutputStream:75 - [STDERR_REDIRECT] Sep 07, 2025 2:06:39 PM java.util.prefs.FileSystemPreferences syncWorld
2025-09-07 14:06:39,901 [ERROR] LogOutputStream:75 - [STDERR_REDIRECT] WARNING: Couldn't flush system prefs: java.util.prefs.BackingStoreException: Couldn't get file lock.
2025-09-07 14:06:39,901 [ERROR] LogOutputStream:75 - [STDERR_REDIRECT] 
2025-09-07 14:07:09,899 [ERROR] LogOutputStream:75 - [STDERR_REDIRECT] Sep 07, 2025 2:07:09 PM java.util.prefs.FileSystemPreferences checkLockFile0ErrorCode
2025-09-07 14:07:09,899 [ERROR] LogOutputStream:75 - [STDERR_REDIRECT] WARNING: Could not lock System prefs. Unix error code 2.
2025-09-07 14:07:09,900 [ERROR] LogOutputStream:75 - [STDERR_REDIRECT] 
2025-09-07 14:07:09,901 [ERROR] LogOutputStream:75 - [STDERR_REDIRECT] Sep 07, 2025 2:07:09 PM java.util.prefs.FileSystemPreferences syncWorld
2025-09-07 14:07:09,902 [ERROR] LogOutputStream:75 - [STDERR_REDIRECT] WARNING: Couldn't flush system prefs: java.util.prefs.BackingStoreException: Couldn't get file lock.
2025-09-07 14:07:09,902 [ERROR] LogOutputStream:75 - [STDERR_REDIRECT] 
2025-09-07 14:07:39,898 [ERROR] LogOutputStream:75 - [STDERR_REDIRECT] Sep 07, 2025 2:07:39 PM java.util.prefs.FileSystemPreferences checkLockFile0ErrorCode
2025-09-07 14:07:39,899 [ERROR] LogOutputStream:75 - [STDERR_REDIRECT] WARNING: Could not lock System prefs. Unix error code 2.
2025-09-07 14:07:39,899 [ERROR] LogOutputStream:75 - [STDERR_REDIRECT] 
2025-09-07 14:07:39,900 [ERROR] LogOutputStream:75 - [STDERR_REDIRECT] Sep 07, 2025 2:07:39 PM java.util.prefs.FileSystemPreferences syncWorld
2025-09-07 14:07:39,901 [ERROR] LogOutputStream:75 - [STDERR_REDIRECT] WARNING: Couldn't flush system prefs: java.util.prefs.BackingStoreException: Couldn't get file lock.
2025-09-07 14:07:39,901 [ERROR] LogOutputStream:75 - [STDERR_REDIRECT] 
2025-09-07 14:08:09,899 [ERROR] LogOutputStream:75 - [STDERR_REDIRECT] Sep 07, 2025 2:08:09 PM java.util.prefs.FileSystemPreferences checkLockFile0ErrorCode
2025-09-07 14:08:09,900 [ERROR] LogOutputStream:75 - [STDERR_REDIRECT] WARNING: Could not lock System prefs. Unix error code 2.
2025-09-07 14:08:09,900 [ERROR] LogOutputStream:75 - [STDERR_REDIRECT] 
2025-09-07 14:08:09,901 [ERROR] LogOutputStream:75 - [STDERR_REDIRECT] Sep 07, 2025 2:08:09 PM java.util.prefs.FileSystemPreferences syncWorld
2025-09-07 14:08:09,902 [ERROR] LogOutputStream:75 - [STDERR_REDIRECT] WARNING: Couldn't flush system prefs: java.util.prefs.BackingStoreException: Couldn't get file lock.
2025-09-07 14:08:09,902 [ERROR] LogOutputStream:75 - [STDERR_REDIRECT] 
2025-09-07 14:08:39,902 [ERROR] LogOutputStream:75 - [STDERR_REDIRECT] Sep 07, 2025 2:08:39 PM java.util.prefs.FileSystemPreferences checkLockFile0ErrorCode
2025-09-07 14:08:39,903 [ERROR] LogOutputStream:75 - [STDERR_REDIRECT] WARNING: Could not lock System prefs. Unix error code 2.
2025-09-07 14:08:39,903 [ERROR] LogOutputStream:75 - [STDERR_REDIRECT] 
2025-09-07 14:08:39,904 [ERROR] LogOutputStream:75 - [STDERR_REDIRECT] Sep 07, 2025 2:08:39 PM java.util.prefs.FileSystemPreferences syncWorld
2025-09-07 14:08:39,905 [ERROR] LogOutputStream:75 - [STDERR_REDIRECT] WARNING: Couldn't flush system prefs: java.util.prefs.BackingStoreException: Couldn't get file lock.
2025-09-07 14:08:39,905 [ERROR] LogOutputStream:75 - [STDERR_REDIRECT] 
2025-09-07 14:09:09,899 [ERROR] LogOutputStream:75 - [STDERR_REDIRECT] Sep 07, 2025 2:09:09 PM java.util.prefs.FileSystemPreferences checkLockFile0ErrorCode
2025-09-07 14:09:09,900 [ERROR] LogOutputStream:75 - [STDERR_REDIRECT] WARNING: Could not lock System prefs. Unix error code 2.
2025-09-07 14:09:09,900 [ERROR] LogOutputStream:75 - [STDERR_REDIRECT] 
2025-09-07 14:09:09,901 [ERROR] LogOutputStream:75 - [STDERR_REDIRECT] Sep 07, 2025 2:09:09 PM java.util.prefs.FileSystemPreferences syncWorld
2025-09-07 14:09:09,901 [ERROR] LogOutputStream:75 - [STDERR_REDIRECT] WARNING: Couldn't flush system prefs: java.util.prefs.BackingStoreException: Couldn't get file lock.
2025-09-07 14:09:09,902 [ERROR] LogOutputStream:75 - [STDERR_REDIRECT] 
2025-09-07 14:09:39,899 [ERROR] LogOutputStream:75 - [STDERR_REDIRECT] Sep 07, 2025 2:09:39 PM java.util.prefs.FileSystemPreferences checkLockFile0ErrorCode
2025-09-07 14:09:39,899 [ERROR] LogOutputStream:75 - [STDERR_REDIRECT] WARNING: Could not lock System prefs. Unix error code 2.
2025-09-07 14:09:39,900 [ERROR] LogOutputStream:75 - [STDERR_REDIRECT] 
2025-09-07 14:09:39,900 [ERROR] LogOutputStream:75 - [STDERR_REDIRECT] Sep 07, 2025 2:09:39 PM java.util.prefs.FileSystemPreferences syncWorld
2025-09-07 14:09:39,901 [ERROR] LogOutputStream:75 - [STDERR_REDIRECT] WARNING: Couldn't flush system prefs: java.util.prefs.BackingStoreException: Couldn't get file lock.
2025-09-07 14:09:39,901 [ERROR] LogOutputStream:75 - [STDERR_REDIRECT] 
2025-09-07 14:10:09,900 [ERROR] LogOutputStream:75 - [STDERR_REDIRECT] Sep 07, 2025 2:10:09 PM java.util.prefs.FileSystemPreferences checkLockFile0ErrorCode
2025-09-07 14:10:09,902 [ERROR] LogOutputStream:75 - [STDERR_REDIRECT] WARNING: Could not lock System prefs. Unix error code 2.
2025-09-07 14:10:09,902 [ERROR] LogOutputStream:75 - [STDERR_REDIRECT] 
2025-09-07 14:10:09,903 [ERROR] LogOutputStream:75 - [STDERR_REDIRECT] Sep 07, 2025 2:10:09 PM java.util.prefs.FileSystemPreferences syncWorld
2025-09-07 14:10:09,904 [ERROR] LogOutputStream:75 - [STDERR_REDIRECT] WARNING: Couldn't flush system prefs: java.util.prefs.BackingStoreException: Couldn't get file lock.
2025-09-07 14:10:09,904 [ERROR] LogOutputStream:75 - [STDERR_REDIRECT] 
2025-09-07 14:10:39,900 [ERROR] LogOutputStream:75 - [STDERR_REDIRECT] Sep 07, 2025 2:10:39 PM java.util.prefs.FileSystemPreferences checkLockFile0ErrorCode
2025-09-07 14:10:39,901 [ERROR] LogOutputStream:75 - [STDERR_REDIRECT] WARNING: Could not lock System prefs. Unix error code 2.
2025-09-07 14:10:39,901 [ERROR] LogOutputStream:75 - [STDERR_REDIRECT] 
2025-09-07 14:10:39,902 [ERROR] LogOutputStream:75 - [STDERR_REDIRECT] Sep 07, 2025 2:10:39 PM java.util.prefs.FileSystemPreferences syncWorld
2025-09-07 14:10:39,903 [ERROR] LogOutputStream:75 - [STDERR_REDIRECT] WARNING: Couldn't flush system prefs: java.util.prefs.BackingStoreException: Couldn't get file lock.
2025-09-07 14:10:39,903 [ERROR] LogOutputStream:75 - [STDERR_REDIRECT] 
2025-09-07 14:11:09,900 [ERROR] LogOutputStream:75 - [STDERR_REDIRECT] Sep 07, 2025 2:11:09 PM java.util.prefs.FileSystemPreferences checkLockFile0ErrorCode
2025-09-07 14:11:09,901 [ERROR] LogOutputStream:75 - [STDERR_REDIRECT] WARNING: Could not lock System prefs. Unix error code 2.
2025-09-07 14:11:09,901 [ERROR] LogOutputStream:75 - [STDERR_REDIRECT] 
2025-09-07 14:11:09,902 [ERROR] LogOutputStream:75 - [STDERR_REDIRECT] Sep 07, 2025 2:11:09 PM java.util.prefs.FileSystemPreferences syncWorld
2025-09-07 14:11:09,903 [ERROR] LogOutputStream:75 - [STDERR_REDIRECT] WARNING: Couldn't flush system prefs: java.util.prefs.BackingStoreException: Couldn't get file lock.
2025-09-07 14:11:09,904 [ERROR] LogOutputStream:75 - [STDERR_REDIRECT] 
2025-09-07 14:11:39,900 [ERROR] LogOutputStream:75 - [STDERR_REDIRECT] Sep 07, 2025 2:11:39 PM java.util.prefs.FileSystemPreferences checkLockFile0ErrorCode
2025-09-07 14:11:39,901 [ERROR] LogOutputStream:75 - [STDERR_REDIRECT] WARNING: Could not lock System prefs. Unix error code 2.
2025-09-07 14:11:39,901 [ERROR] LogOutputStream:75 - [STDERR_REDIRECT] 
2025-09-07 14:11:39,902 [ERROR] LogOutputStream:75 - [STDERR_REDIRECT] Sep 07, 2025 2:11:39 PM java.util.prefs.FileSystemPreferences syncWorld
2025-09-07 14:11:39,903 [ERROR] LogOutputStream:75 - [STDERR_REDIRECT] WARNING: Couldn't flush system prefs: java.util.prefs.BackingStoreException: Couldn't get file lock.
2025-09-07 14:11:39,903 [ERROR] LogOutputStream:75 - [STDERR_REDIRECT] 
2025-09-07 14:12:09,900 [ERROR] LogOutputStream:75 - [STDERR_REDIRECT] Sep 07, 2025 2:12:09 PM java.util.prefs.FileSystemPreferences checkLockFile0ErrorCode
2025-09-07 14:12:09,901 [ERROR] LogOutputStream:75 - [STDERR_REDIRECT] WARNING: Could not lock System prefs. Unix error code 2.
2025-09-07 14:12:09,901 [ERROR] LogOutputStream:75 - [STDERR_REDIRECT] 
2025-09-07 14:12:09,901 [ERROR] LogOutputStream:75 - [STDERR_REDIRECT] Sep 07, 2025 2:12:09 PM java.util.prefs.FileSystemPreferences syncWorld
2025-09-07 14:12:09,902 [ERROR] LogOutputStream:75 - [STDERR_REDIRECT] WARNING: Couldn't flush system prefs: java.util.prefs.BackingStoreException: Couldn't get file lock.
2025-09-07 14:12:09,902 [ERROR] LogOutputStream:75 - [STDERR_REDIRECT] 
2025-09-07 14:12:39,901 [ERROR] LogOutputStream:75 - [STDERR_REDIRECT] Sep 07, 2025 2:12:39 PM java.util.prefs.FileSystemPreferences checkLockFile0ErrorCode
2025-09-07 14:12:39,901 [ERROR] LogOutputStream:75 - [STDERR_REDIRECT] WARNING: Could not lock System prefs. Unix error code 2.
2025-09-07 14:12:39,902 [ERROR] LogOutputStream:75 - [STDERR_REDIRECT] 
2025-09-07 14:12:39,902 [ERROR] LogOutputStream:75 - [STDERR_REDIRECT] Sep 07, 2025 2:12:39 PM java.util.prefs.FileSystemPreferences syncWorld
2025-09-07 14:12:39,904 [ERROR] LogOutputStream:75 - [STDERR_REDIRECT] WARNING: Couldn't flush system prefs: java.util.prefs.BackingStoreException: Couldn't get file lock.
2025-09-07 14:12:39,904 [ERROR] LogOutputStream:75 - [STDERR_REDIRECT] 
2025-09-07 14:13:09,900 [ERROR] LogOutputStream:75 - [STDERR_REDIRECT] Sep 07, 2025 2:13:09 PM java.util.prefs.FileSystemPreferences checkLockFile0ErrorCode
2025-09-07 14:13:09,901 [ERROR] LogOutputStream:75 - [STDERR_REDIRECT] WARNING: Could not lock System prefs. Unix error code 2.
2025-09-07 14:13:09,901 [ERROR] LogOutputStream:75 - [STDERR_REDIRECT] 
2025-09-07 14:13:09,902 [ERROR] LogOutputStream:75 - [STDERR_REDIRECT] Sep 07, 2025 2:13:09 PM java.util.prefs.FileSystemPreferences syncWorld
2025-09-07 14:13:09,903 [ERROR] LogOutputStream:75 - [STDERR_REDIRECT] WARNING: Couldn't flush system prefs: java.util.prefs.BackingStoreException: Couldn't get file lock.
2025-09-07 14:13:09,903 [ERROR] LogOutputStream:75 - [STDERR_REDIRECT] 
2025-09-07 14:13:39,901 [ERROR] LogOutputStream:75 - [STDERR_REDIRECT] Sep 07, 2025 2:13:39 PM java.util.prefs.FileSystemPreferences checkLockFile0ErrorCode
2025-09-07 14:13:39,901 [ERROR] LogOutputStream:75 - [STDERR_REDIRECT] WARNING: Could not lock System prefs. Unix error code 2.
2025-09-07 14:13:39,901 [ERROR] LogOutputStream:75 - [STDERR_REDIRECT] 
2025-09-07 14:13:39,902 [ERROR] LogOutputStream:75 - [STDERR_REDIRECT] Sep 07, 2025 2:13:39 PM java.util.prefs.FileSystemPreferences syncWorld
2025-09-07 14:13:39,903 [ERROR] LogOutputStream:75 - [STDERR_REDIRECT] WARNING: Couldn't flush system prefs: java.util.prefs.BackingStoreException: Couldn't get file lock.
2025-09-07 14:13:39,903 [ERROR] LogOutputStream:75 - [STDERR_REDIRECT] 
2025-09-07 14:14:09,902 [ERROR] LogOutputStream:75 - [STDERR_REDIRECT] Sep 07, 2025 2:14:09 PM java.util.prefs.FileSystemPreferences checkLockFile0ErrorCode
2025-09-07 14:14:09,902 [ERROR] LogOutputStream:75 - [STDERR_REDIRECT] WARNING: Could not lock System prefs. Unix error code 2.
2025-09-07 14:14:09,903 [ERROR] LogOutputStream:75 - [STDERR_REDIRECT] 
2025-09-07 14:14:09,903 [ERROR] LogOutputStream:75 - [STDERR_REDIRECT] Sep 07, 2025 2:14:09 PM java.util.prefs.FileSystemPreferences syncWorld
2025-09-07 14:14:09,904 [ERROR] LogOutputStream:75 - [STDERR_REDIRECT] WARNING: Couldn't flush system prefs: java.util.prefs.BackingStoreException: Couldn't get file lock.
2025-09-07 14:14:09,904 [ERROR] LogOutputStream:75 - [STDERR_REDIRECT] 
2025-09-07 14:14:39,904 [ERROR] LogOutputStream:75 - [STDERR_REDIRECT] Sep 07, 2025 2:14:39 PM java.util.prefs.FileSystemPreferences checkLockFile0ErrorCode
2025-09-07 14:14:39,905 [ERROR] LogOutputStream:75 - [STDERR_REDIRECT] WARNING: Could not lock System prefs. Unix error code 2.
2025-09-07 14:14:39,905 [ERROR] LogOutputStream:75 - [STDERR_REDIRECT] 
2025-09-07 14:14:39,906 [ERROR] LogOutputStream:75 - [STDERR_REDIRECT] Sep 07, 2025 2:14:39 PM java.util.prefs.FileSystemPreferences syncWorld
2025-09-07 14:14:39,907 [ERROR] LogOutputStream:75 - [STDERR_REDIRECT] WARNING: Couldn't flush system prefs: java.util.prefs.BackingStoreException: Couldn't get file lock.
2025-09-07 14:14:39,907 [ERROR] LogOutputStream:75 - [STDERR_REDIRECT] 
2025-09-07 14:15:09,905 [ERROR] LogOutputStream:75 - [STDERR_REDIRECT] Sep 07, 2025 2:15:09 PM java.util.prefs.FileSystemPreferences checkLockFile0ErrorCode
2025-09-07 14:15:09,906 [ERROR] LogOutputStream:75 - [STDERR_REDIRECT] WARNING: Could not lock System prefs. Unix error code 2.
2025-09-07 14:15:09,906 [ERROR] LogOutputStream:75 - [STDERR_REDIRECT] 
2025-09-07 14:15:09,907 [ERROR] LogOutputStream:75 - [STDERR_REDIRECT] Sep 07, 2025 2:15:09 PM java.util.prefs.FileSystemPreferences syncWorld
2025-09-07 14:15:09,907 [ERROR] LogOutputStream:75 - [STDERR_REDIRECT] WARNING: Couldn't flush system prefs: java.util.prefs.BackingStoreException: Couldn't get file lock.
2025-09-07 14:15:09,908 [ERROR] LogOutputStream:75 - [STDERR_REDIRECT] 
2025-09-07 14:15:39,902 [ERROR] LogOutputStream:75 - [STDERR_REDIRECT] Sep 07, 2025 2:15:39 PM java.util.prefs.FileSystemPreferences checkLockFile0ErrorCode
2025-09-07 14:15:39,902 [ERROR] LogOutputStream:75 - [STDERR_REDIRECT] WARNING: Could not lock System prefs. Unix error code 2.
2025-09-07 14:15:39,903 [ERROR] LogOutputStream:75 - [STDERR_REDIRECT] 
2025-09-07 14:15:39,903 [ERROR] LogOutputStream:75 - [STDERR_REDIRECT] Sep 07, 2025 2:15:39 PM java.util.prefs.FileSystemPreferences syncWorld
2025-09-07 14:15:39,904 [ERROR] LogOutputStream:75 - [STDERR_REDIRECT] WARNING: Couldn't flush system prefs: java.util.prefs.BackingStoreException: Couldn't get file lock.
2025-09-07 14:15:39,904 [ERROR] LogOutputStream:75 - [STDERR_REDIRECT] 
2025-09-07 14:16:09,903 [ERROR] LogOutputStream:75 - [STDERR_REDIRECT] Sep 07, 2025 2:16:09 PM java.util.prefs.FileSystemPreferences checkLockFile0ErrorCode
2025-09-07 14:16:09,904 [ERROR] LogOutputStream:75 - [STDERR_REDIRECT] WARNING: Could not lock System prefs. Unix error code 2.
2025-09-07 14:16:09,904 [ERROR] LogOutputStream:75 - [STDERR_REDIRECT] 
2025-09-07 14:16:09,904 [ERROR] LogOutputStream:75 - [STDERR_REDIRECT] Sep 07, 2025 2:16:09 PM java.util.prefs.FileSystemPreferences syncWorld
2025-09-07 14:16:09,905 [ERROR] LogOutputStream:75 - [STDERR_REDIRECT] WARNING: Couldn't flush system prefs: java.util.prefs.BackingStoreException: Couldn't get file lock.
2025-09-07 14:16:09,906 [ERROR] LogOutputStream:75 - [STDERR_REDIRECT] 
2025-09-07 14:16:39,902 [ERROR] LogOutputStream:75 - [STDERR_REDIRECT] Sep 07, 2025 2:16:39 PM java.util.prefs.FileSystemPreferences checkLockFile0ErrorCode
2025-09-07 14:16:39,903 [ERROR] LogOutputStream:75 - [STDERR_REDIRECT] WARNING: Could not lock System prefs. Unix error code 2.
2025-09-07 14:16:39,904 [ERROR] LogOutputStream:75 - [STDERR_REDIRECT] 
2025-09-07 14:16:39,905 [ERROR] LogOutputStream:75 - [STDERR_REDIRECT] Sep 07, 2025 2:16:39 PM java.util.prefs.FileSystemPreferences syncWorld
2025-09-07 14:16:39,906 [ERROR] LogOutputStream:75 - [STDERR_REDIRECT] WARNING: Couldn't flush system prefs: java.util.prefs.BackingStoreException: Couldn't get file lock.
2025-09-07 14:16:39,906 [ERROR] LogOutputStream:75 - [STDERR_REDIRECT] 
2025-09-07 14:17:09,906 [ERROR] LogOutputStream:75 - [STDERR_REDIRECT] Sep 07, 2025 2:17:09 PM java.util.prefs.FileSystemPreferences checkLockFile0ErrorCode
2025-09-07 14:17:09,907 [ERROR] LogOutputStream:75 - [STDERR_REDIRECT] WARNING: Could not lock System prefs. Unix error code 2.
2025-09-07 14:17:09,907 [ERROR] LogOutputStream:75 - [STDERR_REDIRECT] 
2025-09-07 14:17:09,908 [ERROR] LogOutputStream:75 - [STDERR_REDIRECT] Sep 07, 2025 2:17:09 PM java.util.prefs.FileSystemPreferences syncWorld
2025-09-07 14:17:09,909 [ERROR] LogOutputStream:75 - [STDERR_REDIRECT] WARNING: Couldn't flush system prefs: java.util.prefs.BackingStoreException: Couldn't get file lock.
2025-09-07 14:17:09,909 [ERROR] LogOutputStream:75 - [STDERR_REDIRECT] 
2025-09-07 14:17:39,905 [ERROR] LogOutputStream:75 - [STDERR_REDIRECT] Sep 07, 2025 2:17:39 PM java.util.prefs.FileSystemPreferences checkLockFile0ErrorCode
2025-09-07 14:17:39,905 [ERROR] LogOutputStream:75 - [STDERR_REDIRECT] WARNING: Could not lock System prefs. Unix error code 2.
2025-09-07 14:17:39,906 [ERROR] LogOutputStream:75 - [STDERR_REDIRECT] 
2025-09-07 14:17:39,907 [ERROR] LogOutputStream:75 - [STDERR_REDIRECT] Sep 07, 2025 2:17:39 PM java.util.prefs.FileSystemPreferences syncWorld
2025-09-07 14:17:39,908 [ERROR] LogOutputStream:75 - [STDERR_REDIRECT] WARNING: Couldn't flush system prefs: java.util.prefs.BackingStoreException: Couldn't get file lock.
2025-09-07 14:17:39,908 [ERROR] LogOutputStream:75 - [STDERR_REDIRECT] 
2025-09-07 14:18:09,903 [ERROR] LogOutputStream:75 - [STDERR_REDIRECT] Sep 07, 2025 2:18:09 PM java.util.prefs.FileSystemPreferences checkLockFile0ErrorCode
2025-09-07 14:18:09,904 [ERROR] LogOutputStream:75 - [STDERR_REDIRECT] WARNING: Could not lock System prefs. Unix error code 2.
2025-09-07 14:18:09,904 [ERROR] LogOutputStream:75 - [STDERR_REDIRECT] 
2025-09-07 14:18:09,904 [ERROR] LogOutputStream:75 - [STDERR_REDIRECT] Sep 07, 2025 2:18:09 PM java.util.prefs.FileSystemPreferences syncWorld
2025-09-07 14:18:09,905 [ERROR] LogOutputStream:75 - [STDERR_REDIRECT] WARNING: Couldn't flush system prefs: java.util.prefs.BackingStoreException: Couldn't get file lock.
2025-09-07 14:18:09,906 [ERROR] LogOutputStream:75 - [STDERR_REDIRECT] 
2025-09-07 14:18:39,903 [ERROR] LogOutputStream:75 - [STDERR_REDIRECT] Sep 07, 2025 2:18:39 PM java.util.prefs.FileSystemPreferences checkLockFile0ErrorCode
2025-09-07 14:18:39,903 [ERROR] LogOutputStream:75 - [STDERR_REDIRECT] WARNING: Could not lock System prefs. Unix error code 2.
2025-09-07 14:18:39,903 [ERROR] LogOutputStream:75 - [STDERR_REDIRECT] 
2025-09-07 14:18:39,904 [ERROR] LogOutputStream:75 - [STDERR_REDIRECT] Sep 07, 2025 2:18:39 PM java.util.prefs.FileSystemPreferences syncWorld
2025-09-07 14:18:39,905 [ERROR] LogOutputStream:75 - [STDERR_REDIRECT] WARNING: Couldn't flush system prefs: java.util.prefs.BackingStoreException: Couldn't get file lock.
2025-09-07 14:18:39,905 [ERROR] LogOutputStream:75 - [STDERR_REDIRECT] 
2025-09-07 14:19:09,904 [ERROR] LogOutputStream:75 - [STDERR_REDIRECT] Sep 07, 2025 2:19:09 PM java.util.prefs.FileSystemPreferences checkLockFile0ErrorCode
2025-09-07 14:19:09,904 [ERROR] LogOutputStream:75 - [STDERR_REDIRECT] WARNING: Could not lock System prefs. Unix error code 2.
2025-09-07 14:19:09,904 [ERROR] LogOutputStream:75 - [STDERR_REDIRECT] 
2025-09-07 14:19:09,905 [ERROR] LogOutputStream:75 - [STDERR_REDIRECT] Sep 07, 2025 2:19:09 PM java.util.prefs.FileSystemPreferences syncWorld
2025-09-07 14:19:09,906 [ERROR] LogOutputStream:75 - [STDERR_REDIRECT] WARNING: Couldn't flush system prefs: java.util.prefs.BackingStoreException: Couldn't get file lock.
2025-09-07 14:19:09,906 [ERROR] LogOutputStream:75 - [STDERR_REDIRECT] 
2025-09-07 14:19:39,903 [ERROR] LogOutputStream:75 - [STDERR_REDIRECT] Sep 07, 2025 2:19:39 PM java.util.prefs.FileSystemPreferences checkLockFile0ErrorCode
2025-09-07 14:19:39,904 [ERROR] LogOutputStream:75 - [STDERR_REDIRECT] WARNING: Could not lock System prefs. Unix error code 2.
2025-09-07 14:19:39,904 [ERROR] LogOutputStream:75 - [STDERR_REDIRECT] 
2025-09-07 14:19:39,905 [ERROR] LogOutputStream:75 - [STDERR_REDIRECT] Sep 07, 2025 2:19:39 PM java.util.prefs.FileSystemPreferences syncWorld
2025-09-07 14:19:39,907 [ERROR] LogOutputStream:75 - [STDERR_REDIRECT] WARNING: Couldn't flush system prefs: java.util.prefs.BackingStoreException: Couldn't get file lock.
2025-09-07 14:19:39,907 [ERROR] LogOutputStream:75 - [STDERR_REDIRECT] 
2025-09-07 14:20:09,903 [ERROR] LogOutputStream:75 - [STDERR_REDIRECT] Sep 07, 2025 2:20:09 PM java.util.prefs.FileSystemPreferences checkLockFile0ErrorCode
2025-09-07 14:20:09,904 [ERROR] LogOutputStream:75 - [STDERR_REDIRECT] WARNING: Could not lock System prefs. Unix error code 2.
2025-09-07 14:20:09,904 [ERROR] LogOutputStream:75 - [STDERR_REDIRECT] 
2025-09-07 14:20:09,905 [ERROR] LogOutputStream:75 - [STDERR_REDIRECT] Sep 07, 2025 2:20:09 PM java.util.prefs.FileSystemPreferences syncWorld
2025-09-07 14:20:09,906 [ERROR] LogOutputStream:75 - [STDERR_REDIRECT] WARNING: Couldn't flush system prefs: java.util.prefs.BackingStoreException: Couldn't get file lock.
2025-09-07 14:20:09,906 [ERROR] LogOutputStream:75 - [STDERR_REDIRECT] 
2025-09-07 14:20:39,904 [ERROR] LogOutputStream:75 - [STDERR_REDIRECT] Sep 07, 2025 2:20:39 PM java.util.prefs.FileSystemPreferences checkLockFile0ErrorCode
2025-09-07 14:20:39,905 [ERROR] LogOutputStream:75 - [STDERR_REDIRECT] WARNING: Could not lock System prefs. Unix error code 2.
2025-09-07 14:20:39,905 [ERROR] LogOutputStream:75 - [STDERR_REDIRECT] 
2025-09-07 14:20:39,906 [ERROR] LogOutputStream:75 - [STDERR_REDIRECT] Sep 07, 2025 2:20:39 PM java.util.prefs.FileSystemPreferences syncWorld
2025-09-07 14:20:39,907 [ERROR] LogOutputStream:75 - [STDERR_REDIRECT] WARNING: Couldn't flush system prefs: java.util.prefs.BackingStoreException: Couldn't get file lock.
2025-09-07 14:20:39,907 [ERROR] LogOutputStream:75 - [STDERR_REDIRECT] 
2025-09-07 14:21:09,903 [ERROR] LogOutputStream:75 - [STDERR_REDIRECT] Sep 07, 2025 2:21:09 PM java.util.prefs.FileSystemPreferences checkLockFile0ErrorCode
2025-09-07 14:21:09,904 [ERROR] LogOutputStream:75 - [STDERR_REDIRECT] WARNING: Could not lock System prefs. Unix error code 2.
2025-09-07 14:21:09,904 [ERROR] LogOutputStream:75 - [STDERR_REDIRECT] 
2025-09-07 14:21:09,905 [ERROR] LogOutputStream:75 - [STDERR_REDIRECT] Sep 07, 2025 2:21:09 PM java.util.prefs.FileSystemPreferences syncWorld
2025-09-07 14:21:09,906 [ERROR] LogOutputStream:75 - [STDERR_REDIRECT] WARNING: Couldn't flush system prefs: java.util.prefs.BackingStoreException: Couldn't get file lock.
2025-09-07 14:21:09,906 [ERROR] LogOutputStream:75 - [STDERR_REDIRECT] 
2025-09-07 14:21:39,905 [ERROR] LogOutputStream:75 - [STDERR_REDIRECT] Sep 07, 2025 2:21:39 PM java.util.prefs.FileSystemPreferences checkLockFile0ErrorCode
2025-09-07 14:21:39,906 [ERROR] LogOutputStream:75 - [STDERR_REDIRECT] WARNING: Could not lock System prefs. Unix error code 2.
2025-09-07 14:21:39,906 [ERROR] LogOutputStream:75 - [STDERR_REDIRECT] 
2025-09-07 14:21:39,907 [ERROR] LogOutputStream:75 - [STDERR_REDIRECT] Sep 07, 2025 2:21:39 PM java.util.prefs.FileSystemPreferences syncWorld
2025-09-07 14:21:39,908 [ERROR] LogOutputStream:75 - [STDERR_REDIRECT] WARNING: Couldn't flush system prefs: java.util.prefs.BackingStoreException: Couldn't get file lock.
2025-09-07 14:21:39,908 [ERROR] LogOutputStream:75 - [STDERR_REDIRECT] 
2025-09-07 14:22:09,903 [ERROR] LogOutputStream:75 - [STDERR_REDIRECT] Sep 07, 2025 2:22:09 PM java.util.prefs.FileSystemPreferences checkLockFile0ErrorCode
2025-09-07 14:22:09,904 [ERROR] LogOutputStream:75 - [STDERR_REDIRECT] WARNING: Could not lock System prefs. Unix error code 2.
2025-09-07 14:22:09,904 [ERROR] LogOutputStream:75 - [STDERR_REDIRECT] 
2025-09-07 14:22:09,905 [ERROR] LogOutputStream:75 - [STDERR_REDIRECT] Sep 07, 2025 2:22:09 PM java.util.prefs.FileSystemPreferences syncWorld
2025-09-07 14:22:09,905 [ERROR] LogOutputStream:75 - [STDERR_REDIRECT] WARNING: Couldn't flush system prefs: java.util.prefs.BackingStoreException: Couldn't get file lock.
2025-09-07 14:22:09,906 [ERROR] LogOutputStream:75 - [STDERR_REDIRECT] 
2025-09-07 14:22:39,903 [ERROR] LogOutputStream:75 - [STDERR_REDIRECT] Sep 07, 2025 2:22:39 PM java.util.prefs.FileSystemPreferences checkLockFile0ErrorCode
2025-09-07 14:22:39,903 [ERROR] LogOutputStream:75 - [STDERR_REDIRECT] WARNING: Could not lock System prefs. Unix error code 2.
2025-09-07 14:22:39,904 [ERROR] LogOutputStream:75 - [STDERR_REDIRECT] 
2025-09-07 14:22:39,904 [ERROR] LogOutputStream:75 - [STDERR_REDIRECT] Sep 07, 2025 2:22:39 PM java.util.prefs.FileSystemPreferences syncWorld
2025-09-07 14:22:39,905 [ERROR] LogOutputStream:75 - [STDERR_REDIRECT] WARNING: Couldn't flush system prefs: java.util.prefs.BackingStoreException: Couldn't get file lock.
2025-09-07 14:22:39,905 [ERROR] LogOutputStream:75 - [STDERR_REDIRECT] 
2025-09-07 14:23:09,903 [ERROR] LogOutputStream:75 - [STDERR_REDIRECT] Sep 07, 2025 2:23:09 PM java.util.prefs.FileSystemPreferences checkLockFile0ErrorCode
2025-09-07 14:23:09,904 [ERROR] LogOutputStream:75 - [STDERR_REDIRECT] WARNING: Could not lock System prefs. Unix error code 2.
2025-09-07 14:23:09,905 [ERROR] LogOutputStream:75 - [STDERR_REDIRECT] 
2025-09-07 14:23:09,906 [ERROR] LogOutputStream:75 - [STDERR_REDIRECT] Sep 07, 2025 2:23:09 PM java.util.prefs.FileSystemPreferences syncWorld
2025-09-07 14:23:09,906 [ERROR] LogOutputStream:75 - [STDERR_REDIRECT] WARNING: Couldn't flush system prefs: java.util.prefs.BackingStoreException: Couldn't get file lock.
2025-09-07 14:23:09,907 [ERROR] LogOutputStream:75 - [STDERR_REDIRECT] 
2025-09-07 14:23:39,904 [ERROR] LogOutputStream:75 - [STDERR_REDIRECT] Sep 07, 2025 2:23:39 PM java.util.prefs.FileSystemPreferences checkLockFile0ErrorCode
2025-09-07 14:23:39,905 [ERROR] LogOutputStream:75 - [STDERR_REDIRECT] WARNING: Could not lock System prefs. Unix error code 2.
2025-09-07 14:23:39,905 [ERROR] LogOutputStream:75 - [STDERR_REDIRECT] 
2025-09-07 14:23:39,906 [ERROR] LogOutputStream:75 - [STDERR_REDIRECT] Sep 07, 2025 2:23:39 PM java.util.prefs.FileSystemPreferences syncWorld
2025-09-07 14:23:39,907 [ERROR] LogOutputStream:75 - [STDERR_REDIRECT] WARNING: Couldn't flush system prefs: java.util.prefs.BackingStoreException: Couldn't get file lock.
2025-09-07 14:23:39,907 [ERROR] LogOutputStream:75 - [STDERR_REDIRECT] 
2025-09-07 14:24:09,904 [ERROR] LogOutputStream:75 - [STDERR_REDIRECT] Sep 07, 2025 2:24:09 PM java.util.prefs.FileSystemPreferences checkLockFile0ErrorCode
2025-09-07 14:24:09,905 [ERROR] LogOutputStream:75 - [STDERR_REDIRECT] WARNING: Could not lock System prefs. Unix error code 2.
2025-09-07 14:24:09,905 [ERROR] LogOutputStream:75 - [STDERR_REDIRECT] 
2025-09-07 14:24:09,906 [ERROR] LogOutputStream:75 - [STDERR_REDIRECT] Sep 07, 2025 2:24:09 PM java.util.prefs.FileSystemPreferences syncWorld
2025-09-07 14:24:09,907 [ERROR] LogOutputStream:75 - [STDERR_REDIRECT] WARNING: Couldn't flush system prefs: java.util.prefs.BackingStoreException: Couldn't get file lock.
2025-09-07 14:24:09,907 [ERROR] LogOutputStream:75 - [STDERR_REDIRECT] 
2025-09-07 14:24:39,904 [ERROR] LogOutputStream:75 - [STDERR_REDIRECT] Sep 07, 2025 2:24:39 PM java.util.prefs.FileSystemPreferences checkLockFile0ErrorCode
2025-09-07 14:24:39,905 [ERROR] LogOutputStream:75 - [STDERR_REDIRECT] WARNING: Could not lock System prefs. Unix error code 2.
2025-09-07 14:24:39,905 [ERROR] LogOutputStream:75 - [STDERR_REDIRECT] 
2025-09-07 14:24:39,906 [ERROR] LogOutputStream:75 - [STDERR_REDIRECT] Sep 07, 2025 2:24:39 PM java.util.prefs.FileSystemPreferences syncWorld
2025-09-07 14:24:39,907 [ERROR] LogOutputStream:75 - [STDERR_REDIRECT] WARNING: Couldn't flush system prefs: java.util.prefs.BackingStoreException: Couldn't get file lock.
2025-09-07 14:24:39,907 [ERROR] LogOutputStream:75 - [STDERR_REDIRECT] 
2025-09-07 14:25:09,904 [ERROR] LogOutputStream:75 - [STDERR_REDIRECT] Sep 07, 2025 2:25:09 PM java.util.prefs.FileSystemPreferences checkLockFile0ErrorCode
2025-09-07 14:25:09,905 [ERROR] LogOutputStream:75 - [STDERR_REDIRECT] WARNING: Could not lock System prefs. Unix error code 2.
2025-09-07 14:25:09,905 [ERROR] LogOutputStream:75 - [STDERR_REDIRECT] 
2025-09-07 14:25:09,906 [ERROR] LogOutputStream:75 - [STDERR_REDIRECT] Sep 07, 2025 2:25:09 PM java.util.prefs.FileSystemPreferences syncWorld
2025-09-07 14:25:09,907 [ERROR] LogOutputStream:75 - [STDERR_REDIRECT] WARNING: Couldn't flush system prefs: java.util.prefs.BackingStoreException: Couldn't get file lock.
2025-09-07 14:25:09,907 [ERROR] LogOutputStream:75 - [STDERR_REDIRECT] 
2025-09-07 14:25:39,904 [ERROR] LogOutputStream:75 - [STDERR_REDIRECT] Sep 07, 2025 2:25:39 PM java.util.prefs.FileSystemPreferences checkLockFile0ErrorCode
2025-09-07 14:25:39,905 [ERROR] LogOutputStream:75 - [STDERR_REDIRECT] WARNING: Could not lock System prefs. Unix error code 2.
2025-09-07 14:25:39,905 [ERROR] LogOutputStream:75 - [STDERR_REDIRECT] 
2025-09-07 14:25:39,906 [ERROR] LogOutputStream:75 - [STDERR_REDIRECT] Sep 07, 2025 2:25:39 PM java.util.prefs.FileSystemPreferences syncWorld
2025-09-07 14:25:39,907 [ERROR] LogOutputStream:75 - [STDERR_REDIRECT] WARNING: Couldn't flush system prefs: java.util.prefs.BackingStoreException: Couldn't get file lock.
2025-09-07 14:25:39,907 [ERROR] LogOutputStream:75 - [STDERR_REDIRECT] 
2025-09-07 14:26:09,904 [ERROR] LogOutputStream:75 - [STDERR_REDIRECT] Sep 07, 2025 2:26:09 PM java.util.prefs.FileSystemPreferences checkLockFile0ErrorCode
2025-09-07 14:26:09,905 [ERROR] LogOutputStream:75 - [STDERR_REDIRECT] WARNING: Could not lock System prefs. Unix error code 2.
2025-09-07 14:26:09,905 [ERROR] LogOutputStream:75 - [STDERR_REDIRECT] 
2025-09-07 14:26:09,906 [ERROR] LogOutputStream:75 - [STDERR_REDIRECT] Sep 07, 2025 2:26:09 PM java.util.prefs.FileSystemPreferences syncWorld
2025-09-07 14:26:09,907 [ERROR] LogOutputStream:75 - [STDERR_REDIRECT] WARNING: Couldn't flush system prefs: java.util.prefs.BackingStoreException: Couldn't get file lock.
2025-09-07 14:26:09,907 [ERROR] LogOutputStream:75 - [STDERR_REDIRECT] 
2025-09-07 14:26:39,904 [ERROR] LogOutputStream:75 - [STDERR_REDIRECT] Sep 07, 2025 2:26:39 PM java.util.prefs.FileSystemPreferences checkLockFile0ErrorCode
2025-09-07 14:26:39,905 [ERROR] LogOutputStream:75 - [STDERR_REDIRECT] WARNING: Could not lock System prefs. Unix error code 2.
2025-09-07 14:26:39,905 [ERROR] LogOutputStream:75 - [STDERR_REDIRECT] 
2025-09-07 14:26:39,907 [ERROR] LogOutputStream:75 - [STDERR_REDIRECT] Sep 07, 2025 2:26:39 PM java.util.prefs.FileSystemPreferences syncWorld
2025-09-07 14:26:39,908 [ERROR] LogOutputStream:75 - [STDERR_REDIRECT] WARNING: Couldn't flush system prefs: java.util.prefs.BackingStoreException: Couldn't get file lock.
2025-09-07 14:26:39,908 [ERROR] LogOutputStream:75 - [STDERR_REDIRECT] 
2025-09-07 14:27:09,904 [ERROR] LogOutputStream:75 - [STDERR_REDIRECT] Sep 07, 2025 2:27:09 PM java.util.prefs.FileSystemPreferences checkLockFile0ErrorCode
2025-09-07 14:27:09,905 [ERROR] LogOutputStream:75 - [STDERR_REDIRECT] WARNING: Could not lock System prefs. Unix error code 2.
2025-09-07 14:27:09,905 [ERROR] LogOutputStream:75 - [STDERR_REDIRECT] 
2025-09-07 14:27:09,906 [ERROR] LogOutputStream:75 - [STDERR_REDIRECT] Sep 07, 2025 2:27:09 PM java.util.prefs.FileSystemPreferences syncWorld
2025-09-07 14:27:09,907 [ERROR] LogOutputStream:75 - [STDERR_REDIRECT] WARNING: Couldn't flush system prefs: java.util.prefs.BackingStoreException: Couldn't get file lock.
2025-09-07 14:27:09,907 [ERROR] LogOutputStream:75 - [STDERR_REDIRECT] 
2025-09-07 14:27:39,908 [ERROR] LogOutputStream:75 - [STDERR_REDIRECT] Sep 07, 2025 2:27:39 PM java.util.prefs.FileSystemPreferences checkLockFile0ErrorCode
2025-09-07 14:27:39,909 [ERROR] LogOutputStream:75 - [STDERR_REDIRECT] WARNING: Could not lock System prefs. Unix error code 2.
2025-09-07 14:27:39,909 [ERROR] LogOutputStream:75 - [STDERR_REDIRECT] 
2025-09-07 14:27:39,910 [ERROR] LogOutputStream:75 - [STDERR_REDIRECT] Sep 07, 2025 2:27:39 PM java.util.prefs.FileSystemPreferences syncWorld
2025-09-07 14:27:39,911 [ERROR] LogOutputStream:75 - [STDERR_REDIRECT] WARNING: Couldn't flush system prefs: java.util.prefs.BackingStoreException: Couldn't get file lock.
2025-09-07 14:27:39,911 [ERROR] LogOutputStream:75 - [STDERR_REDIRECT] 
2025-09-07 14:28:09,905 [ERROR] LogOutputStream:75 - [STDERR_REDIRECT] Sep 07, 2025 2:28:09 PM java.util.prefs.FileSystemPreferences checkLockFile0ErrorCode
2025-09-07 14:28:09,905 [ERROR] LogOutputStream:75 - [STDERR_REDIRECT] WARNING: Could not lock System prefs. Unix error code 2.
2025-09-07 14:28:09,906 [ERROR] LogOutputStream:75 - [STDERR_REDIRECT] 
2025-09-07 14:28:09,906 [ERROR] LogOutputStream:75 - [STDERR_REDIRECT] Sep 07, 2025 2:28:09 PM java.util.prefs.FileSystemPreferences syncWorld
2025-09-07 14:28:09,907 [ERROR] LogOutputStream:75 - [STDERR_REDIRECT] WARNING: Couldn't flush system prefs: java.util.prefs.BackingStoreException: Couldn't get file lock.
2025-09-07 14:28:09,907 [ERROR] LogOutputStream:75 - [STDERR_REDIRECT] 
2025-09-07 14:28:39,908 [ERROR] LogOutputStream:75 - [STDERR_REDIRECT] Sep 07, 2025 2:28:39 PM java.util.prefs.FileSystemPreferences checkLockFile0ErrorCode
2025-09-07 14:28:39,909 [ERROR] LogOutputStream:75 - [STDERR_REDIRECT] WARNING: Could not lock System prefs. Unix error code 2.
2025-09-07 14:28:39,909 [ERROR] LogOutputStream:75 - [STDERR_REDIRECT] 
2025-09-07 14:28:39,910 [ERROR] LogOutputStream:75 - [STDERR_REDIRECT] Sep 07, 2025 2:28:39 PM java.util.prefs.FileSystemPreferences syncWorld
2025-09-07 14:28:39,911 [ERROR] LogOutputStream:75 - [STDERR_REDIRECT] WARNING: Couldn't flush system prefs: java.util.prefs.BackingStoreException: Couldn't get file lock.
2025-09-07 14:28:39,911 [ERROR] LogOutputStream:75 - [STDERR_REDIRECT] 
2025-09-07 14:29:09,939 [ERROR] LogOutputStream:75 - [STDERR_REDIRECT] Sep 07, 2025 2:29:09 PM java.util.prefs.FileSystemPreferences checkLockFile0ErrorCode
2025-09-07 14:29:09,940 [ERROR] LogOutputStream:75 - [STDERR_REDIRECT] WARNING: Could not lock System prefs. Unix error code 2.
2025-09-07 14:29:09,940 [ERROR] LogOutputStream:75 - [STDERR_REDIRECT] 
2025-09-07 14:29:09,941 [ERROR] LogOutputStream:75 - [STDERR_REDIRECT] Sep 07, 2025 2:29:09 PM java.util.prefs.FileSystemPreferences syncWorld
2025-09-07 14:29:09,942 [ERROR] LogOutputStream:75 - [STDERR_REDIRECT] WARNING: Couldn't flush system prefs: java.util.prefs.BackingStoreException: Couldn't get file lock.
2025-09-07 14:29:09,942 [ERROR] LogOutputStream:75 - [STDERR_REDIRECT] 
2025-09-07 14:29:39,916 [ERROR] LogOutputStream:75 - [STDERR_REDIRECT] Sep 07, 2025 2:29:39 PM java.util.prefs.FileSystemPreferences checkLockFile0ErrorCode
2025-09-07 14:29:39,917 [ERROR] LogOutputStream:75 - [STDERR_REDIRECT] WARNING: Could not lock System prefs. Unix error code 2.
2025-09-07 14:29:39,917 [ERROR] LogOutputStream:75 - [STDERR_REDIRECT] 
2025-09-07 14:29:39,918 [ERROR] LogOutputStream:75 - [STDERR_REDIRECT] Sep 07, 2025 2:29:39 PM java.util.prefs.FileSystemPreferences syncWorld
2025-09-07 14:29:39,919 [ERROR] LogOutputStream:75 - [STDERR_REDIRECT] WARNING: Couldn't flush system prefs: java.util.prefs.BackingStoreException: Couldn't get file lock.
2025-09-07 14:29:39,919 [ERROR] LogOutputStream:75 - [STDERR_REDIRECT] 
2025-09-07 14:30:09,917 [ERROR] LogOutputStream:75 - [STDERR_REDIRECT] Sep 07, 2025 2:30:09 PM java.util.prefs.FileSystemPreferences checkLockFile0ErrorCode
2025-09-07 14:30:09,917 [ERROR] LogOutputStream:75 - [STDERR_REDIRECT] WARNING: Could not lock System prefs. Unix error code 2.
2025-09-07 14:30:09,917 [ERROR] LogOutputStream:75 - [STDERR_REDIRECT] 
2025-09-07 14:30:09,918 [ERROR] LogOutputStream:75 - [STDERR_REDIRECT] Sep 07, 2025 2:30:09 PM java.util.prefs.FileSystemPreferences syncWorld
2025-09-07 14:30:09,919 [ERROR] LogOutputStream:75 - [STDERR_REDIRECT] WARNING: Couldn't flush system prefs: java.util.prefs.BackingStoreException: Couldn't get file lock.
2025-09-07 14:30:09,919 [ERROR] LogOutputStream:75 - [STDERR_REDIRECT] 
2025-09-07 14:30:39,918 [ERROR] LogOutputStream:75 - [STDERR_REDIRECT] Sep 07, 2025 2:30:39 PM java.util.prefs.FileSystemPreferences checkLockFile0ErrorCode
2025-09-07 14:30:39,919 [ERROR] LogOutputStream:75 - [STDERR_REDIRECT] WARNING: Could not lock System prefs. Unix error code 2.
2025-09-07 14:30:39,919 [ERROR] LogOutputStream:75 - [STDERR_REDIRECT] 
2025-09-07 14:30:39,920 [ERROR] LogOutputStream:75 - [STDERR_REDIRECT] Sep 07, 2025 2:30:39 PM java.util.prefs.FileSystemPreferences syncWorld
2025-09-07 14:30:39,921 [ERROR] LogOutputStream:75 - [STDERR_REDIRECT] WARNING: Couldn't flush system prefs: java.util.prefs.BackingStoreException: Couldn't get file lock.
2025-09-07 14:30:39,921 [ERROR] LogOutputStream:75 - [STDERR_REDIRECT] 
2025-09-07 14:31:09,914 [ERROR] LogOutputStream:75 - [STDERR_REDIRECT] Sep 07, 2025 2:31:09 PM java.util.prefs.FileSystemPreferences checkLockFile0ErrorCode
2025-09-07 14:31:09,915 [ERROR] LogOutputStream:75 - [STDERR_REDIRECT] WARNING: Could not lock System prefs. Unix error code 2.
2025-09-07 14:31:09,915 [ERROR] LogOutputStream:75 - [STDERR_REDIRECT] 
2025-09-07 14:31:09,916 [ERROR] LogOutputStream:75 - [STDERR_REDIRECT] Sep 07, 2025 2:31:09 PM java.util.prefs.FileSystemPreferences syncWorld
2025-09-07 14:31:09,917 [ERROR] LogOutputStream:75 - [STDERR_REDIRECT] WARNING: Couldn't flush system prefs: java.util.prefs.BackingStoreException: Couldn't get file lock.
2025-09-07 14:31:09,917 [ERROR] LogOutputStream:75 - [STDERR_REDIRECT] 
2025-09-07 14:31:39,915 [ERROR] LogOutputStream:75 - [STDERR_REDIRECT] Sep 07, 2025 2:31:39 PM java.util.prefs.FileSystemPreferences checkLockFile0ErrorCode
2025-09-07 14:31:39,916 [ERROR] LogOutputStream:75 - [STDERR_REDIRECT] WARNING: Could not lock System prefs. Unix error code 2.
2025-09-07 14:31:39,916 [ERROR] LogOutputStream:75 - [STDERR_REDIRECT] 
2025-09-07 14:31:39,916 [ERROR] LogOutputStream:75 - [STDERR_REDIRECT] Sep 07, 2025 2:31:39 PM java.util.prefs.FileSystemPreferences syncWorld
2025-09-07 14:31:39,917 [ERROR] LogOutputStream:75 - [STDERR_REDIRECT] WARNING: Couldn't flush system prefs: java.util.prefs.BackingStoreException: Couldn't get file lock.
2025-09-07 14:31:39,918 [ERROR] LogOutputStream:75 - [STDERR_REDIRECT] 
2025-09-07 14:32:09,915 [ERROR] LogOutputStream:75 - [STDERR_REDIRECT] Sep 07, 2025 2:32:09 PM java.util.prefs.FileSystemPreferences checkLockFile0ErrorCode
2025-09-07 14:32:09,915 [ERROR] LogOutputStream:75 - [STDERR_REDIRECT] WARNING: Could not lock System prefs. Unix error code 2.
2025-09-07 14:32:09,915 [ERROR] LogOutputStream:75 - [STDERR_REDIRECT] 
2025-09-07 14:32:09,916 [ERROR] LogOutputStream:75 - [STDERR_REDIRECT] Sep 07, 2025 2:32:09 PM java.util.prefs.FileSystemPreferences syncWorld
2025-09-07 14:32:09,917 [ERROR] LogOutputStream:75 - [STDERR_REDIRECT] WARNING: Couldn't flush system prefs: java.util.prefs.BackingStoreException: Couldn't get file lock.
2025-09-07 14:32:09,917 [ERROR] LogOutputStream:75 - [STDERR_REDIRECT] 
2025-09-07 14:32:30,511 [INFO] McuFinderGlobals:63 - Set McuFinder mode to 2 (CubeIDE integrated)
2025-09-07 14:32:30,512 [INFO] UserAuth:487 - Internet connection configuration mode: 1
2025-09-07 14:32:39,915 [ERROR] LogOutputStream:75 - [STDERR_REDIRECT] Sep 07, 2025 2:32:39 PM java.util.prefs.FileSystemPreferences checkLockFile0ErrorCode
2025-09-07 14:32:39,916 [ERROR] LogOutputStream:75 - [STDERR_REDIRECT] WARNING: Could not lock System prefs. Unix error code 2.
2025-09-07 14:32:39,916 [ERROR] LogOutputStream:75 - [STDERR_REDIRECT] 
2025-09-07 14:32:39,917 [ERROR] LogOutputStream:75 - [STDERR_REDIRECT] Sep 07, 2025 2:32:39 PM java.util.prefs.FileSystemPreferences syncWorld
2025-09-07 14:32:39,918 [ERROR] LogOutputStream:75 - [STDERR_REDIRECT] WARNING: Couldn't flush system prefs: java.util.prefs.BackingStoreException: Couldn't get file lock.
2025-09-07 14:32:39,918 [ERROR] LogOutputStream:75 - [STDERR_REDIRECT] 
2025-09-07 14:33:09,916 [ERROR] LogOutputStream:75 - [STDERR_REDIRECT] Sep 07, 2025 2:33:09 PM java.util.prefs.FileSystemPreferences checkLockFile0ErrorCode
2025-09-07 14:33:09,916 [ERROR] LogOutputStream:75 - [STDERR_REDIRECT] WARNING: Could not lock System prefs. Unix error code 2.
2025-09-07 14:33:09,916 [ERROR] LogOutputStream:75 - [STDERR_REDIRECT] 
2025-09-07 14:33:09,917 [ERROR] LogOutputStream:75 - [STDERR_REDIRECT] Sep 07, 2025 2:33:09 PM java.util.prefs.FileSystemPreferences syncWorld
2025-09-07 14:33:09,918 [ERROR] LogOutputStream:75 - [STDERR_REDIRECT] WARNING: Couldn't flush system prefs: java.util.prefs.BackingStoreException: Couldn't get file lock.
2025-09-07 14:33:09,919 [ERROR] LogOutputStream:75 - [STDERR_REDIRECT] 
2025-09-07 14:33:39,918 [ERROR] LogOutputStream:75 - [STDERR_REDIRECT] Sep 07, 2025 2:33:39 PM java.util.prefs.FileSystemPreferences checkLockFile0ErrorCode
2025-09-07 14:33:39,919 [ERROR] LogOutputStream:75 - [STDERR_REDIRECT] WARNING: Could not lock System prefs. Unix error code 2.
2025-09-07 14:33:39,919 [ERROR] LogOutputStream:75 - [STDERR_REDIRECT] 
2025-09-07 14:33:39,920 [ERROR] LogOutputStream:75 - [STDERR_REDIRECT] Sep 07, 2025 2:33:39 PM java.util.prefs.FileSystemPreferences syncWorld
2025-09-07 14:33:39,921 [ERROR] LogOutputStream:75 - [STDERR_REDIRECT] WARNING: Couldn't flush system prefs: java.util.prefs.BackingStoreException: Couldn't get file lock.
2025-09-07 14:33:39,921 [ERROR] LogOutputStream:75 - [STDERR_REDIRECT] 
2025-09-07 14:34:09,916 [ERROR] LogOutputStream:75 - [STDERR_REDIRECT] Sep 07, 2025 2:34:09 PM java.util.prefs.FileSystemPreferences checkLockFile0ErrorCode
2025-09-07 14:34:09,917 [ERROR] LogOutputStream:75 - [STDERR_REDIRECT] WARNING: Could not lock System prefs. Unix error code 2.
2025-09-07 14:34:09,917 [ERROR] LogOutputStream:75 - [STDERR_REDIRECT] 
2025-09-07 14:34:09,918 [ERROR] LogOutputStream:75 - [STDERR_REDIRECT] Sep 07, 2025 2:34:09 PM java.util.prefs.FileSystemPreferences syncWorld
2025-09-07 14:34:09,919 [ERROR] LogOutputStream:75 - [STDERR_REDIRECT] WARNING: Couldn't flush system prefs: java.util.prefs.BackingStoreException: Couldn't get file lock.
2025-09-07 14:34:09,919 [ERROR] LogOutputStream:75 - [STDERR_REDIRECT] 
2025-09-07 14:34:39,915 [ERROR] LogOutputStream:75 - [STDERR_REDIRECT] Sep 07, 2025 2:34:39 PM java.util.prefs.FileSystemPreferences checkLockFile0ErrorCode
2025-09-07 14:34:39,916 [ERROR] LogOutputStream:75 - [STDERR_REDIRECT] WARNING: Could not lock System prefs. Unix error code 2.
2025-09-07 14:34:39,916 [ERROR] LogOutputStream:75 - [STDERR_REDIRECT] 
2025-09-07 14:34:39,917 [ERROR] LogOutputStream:75 - [STDERR_REDIRECT] Sep 07, 2025 2:34:39 PM java.util.prefs.FileSystemPreferences syncWorld
2025-09-07 14:34:39,918 [ERROR] LogOutputStream:75 - [STDERR_REDIRECT] WARNING: Couldn't flush system prefs: java.util.prefs.BackingStoreException: Couldn't get file lock.
2025-09-07 14:34:39,918 [ERROR] LogOutputStream:75 - [STDERR_REDIRECT] 
2025-09-07 14:35:09,919 [ERROR] LogOutputStream:75 - [STDERR_REDIRECT] Sep 07, 2025 2:35:09 PM java.util.prefs.FileSystemPreferences checkLockFile0ErrorCode
2025-09-07 14:35:09,919 [ERROR] LogOutputStream:75 - [STDERR_REDIRECT] WARNING: Could not lock System prefs. Unix error code 2.
2025-09-07 14:35:09,920 [ERROR] LogOutputStream:75 - [STDERR_REDIRECT] 
2025-09-07 14:35:09,920 [ERROR] LogOutputStream:75 - [STDERR_REDIRECT] Sep 07, 2025 2:35:09 PM java.util.prefs.FileSystemPreferences syncWorld
2025-09-07 14:35:09,921 [ERROR] LogOutputStream:75 - [STDERR_REDIRECT] WARNING: Couldn't flush system prefs: java.util.prefs.BackingStoreException: Couldn't get file lock.
2025-09-07 14:35:09,921 [ERROR] LogOutputStream:75 - [STDERR_REDIRECT] 
2025-09-07 14:35:39,917 [ERROR] LogOutputStream:75 - [STDERR_REDIRECT] Sep 07, 2025 2:35:39 PM java.util.prefs.FileSystemPreferences checkLockFile0ErrorCode
2025-09-07 14:35:39,918 [ERROR] LogOutputStream:75 - [STDERR_REDIRECT] WARNING: Could not lock System prefs. Unix error code 2.
2025-09-07 14:35:39,918 [ERROR] LogOutputStream:75 - [STDERR_REDIRECT] 
2025-09-07 14:35:39,919 [ERROR] LogOutputStream:75 - [STDERR_REDIRECT] Sep 07, 2025 2:35:39 PM java.util.prefs.FileSystemPreferences syncWorld
2025-09-07 14:35:39,920 [ERROR] LogOutputStream:75 - [STDERR_REDIRECT] WARNING: Couldn't flush system prefs: java.util.prefs.BackingStoreException: Couldn't get file lock.
2025-09-07 14:35:39,920 [ERROR] LogOutputStream:75 - [STDERR_REDIRECT] 
2025-09-07 14:36:09,917 [ERROR] LogOutputStream:75 - [STDERR_REDIRECT] Sep 07, 2025 2:36:09 PM java.util.prefs.FileSystemPreferences checkLockFile0ErrorCode
2025-09-07 14:36:09,918 [ERROR] LogOutputStream:75 - [STDERR_REDIRECT] WARNING: Could not lock System prefs. Unix error code 2.
2025-09-07 14:36:09,918 [ERROR] LogOutputStream:75 - [STDERR_REDIRECT] 
2025-09-07 14:36:09,919 [ERROR] LogOutputStream:75 - [STDERR_REDIRECT] Sep 07, 2025 2:36:09 PM java.util.prefs.FileSystemPreferences syncWorld
2025-09-07 14:36:09,920 [ERROR] LogOutputStream:75 - [STDERR_REDIRECT] WARNING: Couldn't flush system prefs: java.util.prefs.BackingStoreException: Couldn't get file lock.
2025-09-07 14:36:09,920 [ERROR] LogOutputStream:75 - [STDERR_REDIRECT] 
2025-09-07 14:36:39,917 [ERROR] LogOutputStream:75 - [STDERR_REDIRECT] Sep 07, 2025 2:36:39 PM java.util.prefs.FileSystemPreferences checkLockFile0ErrorCode
2025-09-07 14:36:39,917 [ERROR] LogOutputStream:75 - [STDERR_REDIRECT] WARNING: Could not lock System prefs. Unix error code 2.
2025-09-07 14:36:39,918 [ERROR] LogOutputStream:75 - [STDERR_REDIRECT] 
2025-09-07 14:36:39,918 [ERROR] LogOutputStream:75 - [STDERR_REDIRECT] Sep 07, 2025 2:36:39 PM java.util.prefs.FileSystemPreferences syncWorld
2025-09-07 14:36:39,920 [ERROR] LogOutputStream:75 - [STDERR_REDIRECT] WARNING: Couldn't flush system prefs: java.util.prefs.BackingStoreException: Couldn't get file lock.
2025-09-07 14:36:39,920 [ERROR] LogOutputStream:75 - [STDERR_REDIRECT] 
2025-09-07 14:37:09,918 [ERROR] LogOutputStream:75 - [STDERR_REDIRECT] Sep 07, 2025 2:37:09 PM java.util.prefs.FileSystemPreferences checkLockFile0ErrorCode
2025-09-07 14:37:09,919 [ERROR] LogOutputStream:75 - [STDERR_REDIRECT] WARNING: Could not lock System prefs. Unix error code 2.
2025-09-07 14:37:09,919 [ERROR] LogOutputStream:75 - [STDERR_REDIRECT] 
2025-09-07 14:37:09,920 [ERROR] LogOutputStream:75 - [STDERR_REDIRECT] Sep 07, 2025 2:37:09 PM java.util.prefs.FileSystemPreferences syncWorld
2025-09-07 14:37:09,921 [ERROR] LogOutputStream:75 - [STDERR_REDIRECT] WARNING: Couldn't flush system prefs: java.util.prefs.BackingStoreException: Couldn't get file lock.
2025-09-07 14:37:09,921 [ERROR] LogOutputStream:75 - [STDERR_REDIRECT] 
2025-09-07 14:37:39,917 [ERROR] LogOutputStream:75 - [STDERR_REDIRECT] Sep 07, 2025 2:37:39 PM java.util.prefs.FileSystemPreferences checkLockFile0ErrorCode
2025-09-07 14:37:39,918 [ERROR] LogOutputStream:75 - [STDERR_REDIRECT] WARNING: Could not lock System prefs. Unix error code 2.
2025-09-07 14:37:39,918 [ERROR] LogOutputStream:75 - [STDERR_REDIRECT] 
2025-09-07 14:37:39,919 [ERROR] LogOutputStream:75 - [STDERR_REDIRECT] Sep 07, 2025 2:37:39 PM java.util.prefs.FileSystemPreferences syncWorld
2025-09-07 14:37:39,920 [ERROR] LogOutputStream:75 - [STDERR_REDIRECT] WARNING: Couldn't flush system prefs: java.util.prefs.BackingStoreException: Couldn't get file lock.
2025-09-07 14:37:39,920 [ERROR] LogOutputStream:75 - [STDERR_REDIRECT] 
2025-09-07 14:38:09,917 [ERROR] LogOutputStream:75 - [STDERR_REDIRECT] Sep 07, 2025 2:38:09 PM java.util.prefs.FileSystemPreferences checkLockFile0ErrorCode
2025-09-07 14:38:09,918 [ERROR] LogOutputStream:75 - [STDERR_REDIRECT] WARNING: Could not lock System prefs. Unix error code 2.
2025-09-07 14:38:09,918 [ERROR] LogOutputStream:75 - [STDERR_REDIRECT] 
2025-09-07 14:38:09,919 [ERROR] LogOutputStream:75 - [STDERR_REDIRECT] Sep 07, 2025 2:38:09 PM java.util.prefs.FileSystemPreferences syncWorld
2025-09-07 14:38:09,920 [ERROR] LogOutputStream:75 - [STDERR_REDIRECT] WARNING: Couldn't flush system prefs: java.util.prefs.BackingStoreException: Couldn't get file lock.
2025-09-07 14:38:09,920 [ERROR] LogOutputStream:75 - [STDERR_REDIRECT] 
2025-09-07 14:38:39,917 [ERROR] LogOutputStream:75 - [STDERR_REDIRECT] Sep 07, 2025 2:38:39 PM java.util.prefs.FileSystemPreferences checkLockFile0ErrorCode
2025-09-07 14:38:39,918 [ERROR] LogOutputStream:75 - [STDERR_REDIRECT] WARNING: Could not lock System prefs. Unix error code 2.
2025-09-07 14:38:39,918 [ERROR] LogOutputStream:75 - [STDERR_REDIRECT] 
2025-09-07 14:38:39,919 [ERROR] LogOutputStream:75 - [STDERR_REDIRECT] Sep 07, 2025 2:38:39 PM java.util.prefs.FileSystemPreferences syncWorld
2025-09-07 14:38:39,920 [ERROR] LogOutputStream:75 - [STDERR_REDIRECT] WARNING: Couldn't flush system prefs: java.util.prefs.BackingStoreException: Couldn't get file lock.
2025-09-07 14:38:39,920 [ERROR] LogOutputStream:75 - [STDERR_REDIRECT] 
2025-09-07 14:39:09,917 [ERROR] LogOutputStream:75 - [STDERR_REDIRECT] Sep 07, 2025 2:39:09 PM java.util.prefs.FileSystemPreferences checkLockFile0ErrorCode
2025-09-07 14:39:09,917 [ERROR] LogOutputStream:75 - [STDERR_REDIRECT] WARNING: Could not lock System prefs. Unix error code 2.
2025-09-07 14:39:09,917 [ERROR] LogOutputStream:75 - [STDERR_REDIRECT] 
2025-09-07 14:39:09,918 [ERROR] LogOutputStream:75 - [STDERR_REDIRECT] Sep 07, 2025 2:39:09 PM java.util.prefs.FileSystemPreferences syncWorld
2025-09-07 14:39:09,919 [ERROR] LogOutputStream:75 - [STDERR_REDIRECT] WARNING: Couldn't flush system prefs: java.util.prefs.BackingStoreException: Couldn't get file lock.
2025-09-07 14:39:09,919 [ERROR] LogOutputStream:75 - [STDERR_REDIRECT] 
2025-09-07 14:39:39,920 [ERROR] LogOutputStream:75 - [STDERR_REDIRECT] Sep 07, 2025 2:39:39 PM java.util.prefs.FileSystemPreferences checkLockFile0ErrorCode
2025-09-07 14:39:39,921 [ERROR] LogOutputStream:75 - [STDERR_REDIRECT] WARNING: Could not lock System prefs. Unix error code 2.
2025-09-07 14:39:39,921 [ERROR] LogOutputStream:75 - [STDERR_REDIRECT] 
2025-09-07 14:39:39,922 [ERROR] LogOutputStream:75 - [STDERR_REDIRECT] Sep 07, 2025 2:39:39 PM java.util.prefs.FileSystemPreferences syncWorld
2025-09-07 14:39:39,923 [ERROR] LogOutputStream:75 - [STDERR_REDIRECT] WARNING: Couldn't flush system prefs: java.util.prefs.BackingStoreException: Couldn't get file lock.
2025-09-07 14:39:39,923 [ERROR] LogOutputStream:75 - [STDERR_REDIRECT] 
2025-09-07 14:40:09,917 [ERROR] LogOutputStream:75 - [STDERR_REDIRECT] Sep 07, 2025 2:40:09 PM java.util.prefs.FileSystemPreferences checkLockFile0ErrorCode
2025-09-07 14:40:09,919 [ERROR] LogOutputStream:75 - [STDERR_REDIRECT] WARNING: Could not lock System prefs. Unix error code 2.
2025-09-07 14:40:09,919 [ERROR] LogOutputStream:75 - [STDERR_REDIRECT] 
2025-09-07 14:40:09,920 [ERROR] LogOutputStream:75 - [STDERR_REDIRECT] Sep 07, 2025 2:40:09 PM java.util.prefs.FileSystemPreferences syncWorld
2025-09-07 14:40:09,920 [ERROR] LogOutputStream:75 - [STDERR_REDIRECT] WARNING: Couldn't flush system prefs: java.util.prefs.BackingStoreException: Couldn't get file lock.
2025-09-07 14:40:09,921 [ERROR] LogOutputStream:75 - [STDERR_REDIRECT] 
2025-09-07 14:40:39,917 [ERROR] LogOutputStream:75 - [STDERR_REDIRECT] Sep 07, 2025 2:40:39 PM java.util.prefs.FileSystemPreferences checkLockFile0ErrorCode
2025-09-07 14:40:39,918 [ERROR] LogOutputStream:75 - [STDERR_REDIRECT] WARNING: Could not lock System prefs. Unix error code 2.
2025-09-07 14:40:39,918 [ERROR] LogOutputStream:75 - [STDERR_REDIRECT] 
2025-09-07 14:40:39,919 [ERROR] LogOutputStream:75 - [STDERR_REDIRECT] Sep 07, 2025 2:40:39 PM java.util.prefs.FileSystemPreferences syncWorld
2025-09-07 14:40:39,920 [ERROR] LogOutputStream:75 - [STDERR_REDIRECT] WARNING: Couldn't flush system prefs: java.util.prefs.BackingStoreException: Couldn't get file lock.
2025-09-07 14:40:39,920 [ERROR] LogOutputStream:75 - [STDERR_REDIRECT] 
2025-09-07 14:40:44,520 [INFO] MainUpdater:2872 - connection check result : 10
2025-09-07 14:40:44,520 [INFO] MainUpdater:2872 - connection check result : 10
2025-09-07 14:40:45,143 [INFO] MicroXplorer:468 - Change Database Path : 
2025-09-07 14:40:45,144 [INFO] MicroXplorer:498 - Change Database Version : DB.6.0.150
2025-09-07 14:40:45,192 [ERROR] ProjectManagerView:395 - 
java.lang.NullPointerException: Cannot invoke "javax.swing.JTextField.getText()" because the return value of "java.util.List.get(int)" is null
	at com.st.microxplorer.plugins.projectmanager.gui.ProjectChoiceTab$9.caretUpdate(ProjectChoiceTab.java:2706) ~[filemanager.jar:?]
	at javax.swing.text.JTextComponent.fireCaretUpdate(JTextComponent.java:408) ~[?:?]
	at javax.swing.text.JTextComponent$MutableCaretEvent.fire(JTextComponent.java:4484) ~[?:?]
	at javax.swing.text.JTextComponent$MutableCaretEvent.stateChanged(JTextComponent.java:4506) ~[?:?]
	at javax.swing.text.DefaultCaret.fireStateChanged(DefaultCaret.java:857) ~[?:?]
	at javax.swing.text.DefaultCaret.changeCaretPosition(DefaultCaret.java:1343) ~[?:?]
	at javax.swing.text.DefaultCaret.handleSetDot(DefaultCaret.java:1242) ~[?:?]
	at javax.swing.text.DefaultCaret.setDot(DefaultCaret.java:1223) ~[?:?]
	at javax.swing.text.DefaultCaret$Handler.insertUpdate(DefaultCaret.java:1819) ~[?:?]
	at javax.swing.text.AbstractDocument.fireInsertUpdate(AbstractDocument.java:227) ~[?:?]
	at javax.swing.text.AbstractDocument.handleInsertString(AbstractDocument.java:781) ~[?:?]
	at javax.swing.text.AbstractDocument.insertString(AbstractDocument.java:740) ~[?:?]
	at javax.swing.text.PlainDocument.insertString(PlainDocument.java:131) ~[?:?]
	at javax.swing.text.AbstractDocument.replace(AbstractDocument.java:699) ~[?:?]
	at javax.swing.text.JTextComponent.setText(JTextComponent.java:1725) ~[?:?]
	at com.st.microxplorer.plugins.projectmanager.gui.ProjectChoiceTab.createHeapStackFields(ProjectChoiceTab.java:993) ~[filemanager.jar:?]
	at com.st.microxplorer.plugins.projectmanager.gui.ProjectChoiceTab.buildLinkSettingsPanel(ProjectChoiceTab.java:3813) ~[filemanager.jar:?]
	at com.st.microxplorer.plugins.projectmanager.gui.ProjectChoiceTab.defineWindowsFields(ProjectChoiceTab.java:1987) ~[filemanager.jar:?]
	at com.st.microxplorer.plugins.projectmanager.gui.ProjectChoiceTab.updateSettings(ProjectChoiceTab.java:558) ~[filemanager.jar:?]
	at com.st.microxplorer.plugins.projectmanager.gui.ProjectSettingsPanel.UpdateDialog(ProjectSettingsPanel.java:247) ~[filemanager.jar:?]
	at com.st.microxplorer.plugins.projectmanager.ProjectManagerView.propertyChange(ProjectManagerView.java:392) ~[filemanager.jar:?]
	at java.beans.PropertyChangeSupport.fire(PropertyChangeSupport.java:343) ~[?:?]
	at java.beans.PropertyChangeSupport.firePropertyChange(PropertyChangeSupport.java:335) ~[?:?]
	at java.beans.PropertyChangeSupport.firePropertyChange(PropertyChangeSupport.java:268) ~[?:?]
	at com.st.microxplorer.util.MXPropertyChangeSupport.firePropertyChange(MXPropertyChangeSupport.java:54) ~[STM32CubeMX.jar:?]
	at com.st.microxplorer.mxsystem.MxSystem.closeConfig(MxSystem.java:899) ~[STM32CubeMX.jar:?]
	at com.st.microxplorer.maingui.MainPanel.closeConfig(MainPanel.java:792) ~[STM32CubeMX.jar:?]
	at com.st.microxplorer.plugins.filemanager.engine.OpenFileManager.loadConfigurationFile(OpenFileManager.java:288) ~[filemanager.jar:?]
	at com.st.microxplorer.plugins.filemanager.engine.MainFileManager.userLoadConfig(MainFileManager.java:364) ~[filemanager.jar:?]
	at com.st.microxplorer.plugins.filemanager.engine.MainFileManager.userLoadConfig(MainFileManager.java:342) ~[filemanager.jar:?]
	at com.st.microxplorer.plugins.filemanager.FileManagerView.getSpecificTask(FileManagerView.java:264) ~[filemanager.jar:?]
	at com.st.stm32cube.common.mx.editor.CubeMxEditor.getMxTabbedPaneInstance(CubeMxEditor.java:1198) ~[com.st.stm32cube.common.mx_6.15.0.202507011659/:?]
	at com.st.stm32cube.common.mx.editor.CubeMxEditor$12$1.createSwingComponent(CubeMxEditor.java:1068) ~[com.st.stm32cube.common.mx_6.15.0.202507011659/:?]
	at com.st.stm32cube.common.mx.oss.core.awtswtbridge.EmbeddedSwingComposite.doComponentCreation(EmbeddedSwingComposite.java:492) ~[com.st.stm32cube.common.mx.oss_6.15.0.202507011659/:?]
	at com.st.stm32cube.common.mx.oss.core.awtswtbridge.EmbeddedSwingComposite$4.run(EmbeddedSwingComposite.java:291) ~[com.st.stm32cube.common.mx.oss_6.15.0.202507011659/:?]
	at com.st.stm32cube.common.mx.oss.core.awtswtbridge.AwtEnvironment$2.run(AwtEnvironment.java:166) ~[com.st.stm32cube.common.mx.oss_6.15.0.202507011659/:?]
	at java.awt.event.InvocationEvent.dispatch(InvocationEvent.java:318) ~[?:?]
	at java.awt.EventQueue.dispatchEventImpl(EventQueue.java:773) ~[?:?]
	at java.awt.EventQueue$4.run(EventQueue.java:720) ~[?:?]
	at java.awt.EventQueue$4.run(EventQueue.java:714) ~[?:?]
	at java.security.AccessController.doPrivileged(AccessController.java:400) ~[?:?]
	at java.security.ProtectionDomain$JavaSecurityAccessImpl.doIntersectionPrivilege(ProtectionDomain.java:87) ~[?:?]
	at java.awt.EventQueue.dispatchEvent(EventQueue.java:742) ~[?:?]
	at java.awt.EventDispatchThread.pumpOneEventForFilters(EventDispatchThread.java:203) ~[?:?]
	at java.awt.EventDispatchThread.pumpEventsForFilter(EventDispatchThread.java:124) ~[?:?]
	at java.awt.EventDispatchThread.pumpEventsForHierarchy(EventDispatchThread.java:113) ~[?:?]
	at java.awt.EventDispatchThread.pumpEvents(EventDispatchThread.java:109) ~[?:?]
	at java.awt.EventDispatchThread.pumpEvents(EventDispatchThread.java:101) ~[?:?]
	at java.awt.EventDispatchThread.run(EventDispatchThread.java:90) ~[?:?]
2025-09-07 14:40:45,201 [WARN] ThirdParty:871 - waiting for thirdparty lock release [close project]
2025-09-07 14:40:45,201 [INFO] ThirdParty:873 - entering critical section [close project]
2025-09-07 14:40:45,201 [INFO] ThirdParty:883 - exiting critical section [close project]
2025-09-07 14:40:45,205 [INFO] PinOutPanel:1589 - setPackage(No Configuration,No Configuration)
2025-09-07 14:40:45,232 [INFO] UtilMem:75 - Begin LoadConfig() Used Memory: 808419800 Bytes (1073741824)
2025-09-07 14:40:45,234 [INFO] MicroXplorer:468 - Change Database Path : 
2025-09-07 14:40:45,234 [INFO] MicroXplorer:498 - Change Database Version : DB.6.0.150
2025-09-07 14:40:45,234 [INFO] OpenFileManager:355 - Change cursor
2025-09-07 14:40:45,283 [INFO] RulesReader:64 - Compatibility file has been processed (317 Rules)
2025-09-07 14:40:45,295 [INFO] Mcu:2029 - Initializing MCU STM32L475V(C-E-G)Tx STM32L475VGTx STM32L475VGT6
2025-09-07 14:40:46,619 [INFO] Context:786 - Trying to add GPIOservice into a context  which must be forbidden
2025-09-07 14:40:47,515 [INFO] ImportTextPane:234 - (OptionalMessage_ERROR) Pin81 (VP_RIF_VS_RIF1) cannot be retrieved for this MCU
2025-09-07 14:40:47,584 [INFO] RtosManager:558 - Registered RTOS mode: class=CMSIS, group=RTOS, mode=CMSIS_V1, owner=FREERTOS
2025-09-07 14:40:47,584 [INFO] RtosManager:558 - Registered RTOS mode: class=CMSIS, group=RTOS2, mode=CMSIS_V2, owner=FREERTOS
2025-09-07 14:40:47,584 [INFO] RtosManager:558 - Registered RTOS mode: class=RTOS, group=Core, mode=CMSIS_V1, owner=FREERTOS
2025-09-07 14:40:47,584 [INFO] RtosManager:558 - Registered RTOS mode: class=RTOS, group=Core, mode=CMSIS_V2, owner=FREERTOS
2025-09-07 14:40:47,584 [WARN] ModelIntegratedComponent:184 - Missing modes for component STMicroelectronics:FreeRTOS:0.0.1:STMicroelectronics:RTOS:FreeRTOS:Core:::10.2.0:
2025-09-07 14:40:47,596 [WARN] ModelIntegratedComponent:63 - No mode defined for component null
2025-09-07 14:40:47,596 [WARN] ModelIntegratedComponent:63 - No mode defined for component null
2025-09-07 14:40:47,596 [WARN] ModelIntegratedComponent:63 - No mode defined for component null
2025-09-07 14:40:47,596 [WARN] ModelIntegratedComponent:63 - No mode defined for component null
2025-09-07 14:40:47,596 [WARN] ModelIntegratedComponent:63 - No mode defined for component null
2025-09-07 14:40:47,596 [WARN] ModelIntegratedComponent:63 - No mode defined for component null
2025-09-07 14:40:47,596 [WARN] ModelIntegratedComponent:63 - No mode defined for component null
2025-09-07 14:40:47,596 [WARN] ModelIntegratedComponent:63 - No mode defined for component null
2025-09-07 14:40:47,597 [WARN] ModelIntegratedComponent:63 - No mode defined for component null
2025-09-07 14:40:47,597 [WARN] ModelIntegratedComponent:63 - No mode defined for component null
2025-09-07 14:40:47,597 [WARN] ModelIntegratedComponent:63 - No mode defined for component null
2025-09-07 14:40:47,597 [WARN] ModelIntegratedComponent:63 - No mode defined for component null
2025-09-07 14:40:47,597 [WARN] ModelIntegratedComponent:63 - No mode defined for component null
2025-09-07 14:40:47,597 [WARN] ModelIntegratedComponent:63 - No mode defined for component null
2025-09-07 14:40:47,598 [WARN] ModelIntegratedComponent:63 - No mode defined for component null
2025-09-07 14:40:47,598 [WARN] ModelIntegratedComponent:63 - No mode defined for component null
2025-09-07 14:40:47,598 [WARN] ModelIntegratedComponent:63 - No mode defined for component null
2025-09-07 14:40:47,598 [WARN] ModelIntegratedComponent:63 - No mode defined for component null
2025-09-07 14:40:47,598 [WARN] ModelIntegratedComponent:63 - No mode defined for component null
2025-09-07 14:40:47,598 [WARN] ModelIntegratedComponent:63 - No mode defined for component null
2025-09-07 14:40:47,598 [WARN] ModelIntegratedComponent:63 - No mode defined for component null
2025-09-07 14:40:47,598 [WARN] ModelIntegratedComponent:63 - No mode defined for component null
2025-09-07 14:40:47,598 [WARN] ModelIntegratedComponent:63 - No mode defined for component null
2025-09-07 14:40:47,598 [WARN] ModelIntegratedComponent:63 - No mode defined for component null
2025-09-07 14:40:47,598 [WARN] ModelIntegratedComponent:63 - No mode defined for component null
2025-09-07 14:40:47,598 [WARN] ModelIntegratedComponent:63 - No mode defined for component null
2025-09-07 14:40:47,598 [WARN] ModelIntegratedComponent:63 - No mode defined for component null
2025-09-07 14:40:47,599 [WARN] ModelIntegratedComponent:63 - No mode defined for component null
2025-09-07 14:40:47,599 [WARN] ModelIntegratedComponent:63 - No mode defined for component null
2025-09-07 14:40:47,599 [WARN] ModelIntegratedComponent:63 - No mode defined for component null
2025-09-07 14:40:47,599 [WARN] ModelIntegratedComponent:63 - No mode defined for component null
2025-09-07 14:40:47,599 [WARN] ModelIntegratedComponent:63 - No mode defined for component null
2025-09-07 14:40:47,599 [WARN] ModelIntegratedComponent:63 - No mode defined for component null
2025-09-07 14:40:47,599 [WARN] ModelIntegratedComponent:63 - No mode defined for component null
2025-09-07 14:40:47,599 [WARN] ModelIntegratedComponent:63 - No mode defined for component null
2025-09-07 14:40:47,599 [WARN] ModelPack:524 - Component already loaded: STMicroelectronics:HAL Drivers:0.0.0:STMicroelectronics:Device:STMicro_Driver:XSPI:HAL::0.0.1:HAL_XSPI
2025-09-07 14:40:47,686 [INFO] ThirdPartyModel:298 - Start build external matchings
2025-09-07 14:40:48,052 [INFO] ThirdPartyModel:316 - End build external matchings
2025-09-07 14:40:48,079 [INFO] ImportTextPane:234 - (OptionalMessage_ERROR) IP (RCC) : Invalid parameter (FamilyName)
2025-09-07 14:40:48,318 [INFO] UtilMem:75 - End LoadConfig() Used Memory: 747425120 Bytes (1073741824)
2025-09-07 14:40:48,325 [INFO] ApiDb:581 - Connected to CubeFinder SQLite database (/home/matijak/.stmcufinder/plugins/mcufinder/mcu/cube-finder-db.db)
2025-09-07 14:40:48,471 [WARN] ThirdParty:833 - waiting for thirdparty lock release [change project]
2025-09-07 14:40:48,472 [INFO] ThirdParty:835 - entering critical section [change project]
2025-09-07 14:40:48,472 [INFO] ThirdParty:1030 - CMSIS Pack Vendor :STMicroelectronics X-CUBE-PM33A1 1.0.0
2025-09-07 14:40:48,472 [INFO] ThirdParty:1030 - CMSIS Pack Vendor :STMicroelectronics USBPD 4.1
2025-09-07 14:40:48,472 [INFO] ThirdParty:1030 - CMSIS Pack Vendor :STMicroelectronics X-CUBE-NFC9 1.0.0
2025-09-07 14:40:48,472 [INFO] ThirdParty:1030 - CMSIS Pack Vendor :STMicroelectronics USB_HOST 2.0.0
2025-09-07 14:40:48,472 [INFO] ThirdParty:1030 - CMSIS Pack Vendor :STMicroelectronics FP-SNS-MOTENVWB1 1.4.0
2025-09-07 14:40:48,472 [INFO] ThirdParty:1030 - CMSIS Pack Vendor :STMicroelectronics X-CUBE-AZRTOS-F4 1.1.0
2025-09-07 14:40:48,472 [INFO] ThirdParty:1030 - CMSIS Pack Vendor :STMicroelectronics LIBJPEG 8.0.0
2025-09-07 14:40:48,472 [INFO] ThirdParty:1030 - CMSIS Pack Vendor :STMicroelectronics FP-ATR-ASTRA1 2.0.2
2025-09-07 14:40:48,472 [INFO] ThirdParty:1030 - CMSIS Pack Vendor :wolfSSL I-CUBE-wolfSSL 5.8.2
2025-09-07 14:40:48,472 [INFO] ThirdParty:1030 - CMSIS Pack Vendor :STMicroelectronics X-CUBE-BLE1 7.1.0
2025-09-07 14:40:48,472 [INFO] ThirdParty:1030 - CMSIS Pack Vendor :Avnet-IotConnect X-CUBE-IoTC-DA16k-PMOD 1.0.0
2025-09-07 14:40:48,472 [INFO] ThirdParty:1030 - CMSIS Pack Vendor :STMicroelectronics X-CUBE-SMBUS 2.1.0
2025-09-07 14:40:48,472 [INFO] ThirdParty:1030 - CMSIS Pack Vendor :wolfSSL I-CUBE-wolfMQTT 1.19.2
2025-09-07 14:40:48,472 [INFO] ThirdParty:1030 - CMSIS Pack Vendor :STMicroelectronics USB_DEVICE 3.0.0
2025-09-07 14:40:48,472 [INFO] ThirdParty:1030 - CMSIS Pack Vendor :STMicroelectronics X-CUBE-ISPU 2.1.0
2025-09-07 14:40:48,472 [INFO] ThirdParty:1030 - CMSIS Pack Vendor :STMicroelectronics X-CUBE-EEPRMA1 5.2.0
2025-09-07 14:40:48,472 [INFO] ThirdParty:1030 - CMSIS Pack Vendor :STMicroelectronics X-CUBE-BLEMGR 4.1.0
2025-09-07 14:40:48,472 [INFO] ThirdParty:1030 - CMSIS Pack Vendor :STMicroelectronics X-CUBE-AZRTOS-WB 2.0.0
2025-09-07 14:40:48,473 [INFO] ThirdParty:1030 - CMSIS Pack Vendor :STMicroelectronics X-CUBE-ST60 1.0.0
2025-09-07 14:40:48,473 [INFO] ThirdParty:1030 - CMSIS Pack Vendor :STMicroelectronics X-CUBE-GNSS1 7.0.1
2025-09-07 14:40:48,473 [INFO] ThirdParty:1030 - CMSIS Pack Vendor :STMicroelectronics X-CUBE-NFC12 1.0.0
2025-09-07 14:40:48,473 [INFO] ThirdParty:1030 - CMSIS Pack Vendor :STMicroelectronics X-CUBE-AZRTOS-F7 1.1.0
2025-09-07 14:40:48,473 [INFO] ThirdParty:1030 - CMSIS Pack Vendor :STMicroelectronics X-CUBE-AZRTOS-L5 2.0.0
2025-09-07 14:40:48,473 [INFO] ThirdParty:1030 - CMSIS Pack Vendor :STMicroelectronics X-CUBE-TOUCHGFX 4.25.0
2025-09-07 14:40:48,473 [INFO] ThirdParty:1030 - CMSIS Pack Vendor :STMicroelectronics USB_DEVICE 2.0.0
2025-09-07 14:40:48,473 [INFO] ThirdParty:1030 - CMSIS Pack Vendor :STMicroelectronics X-CUBE-NFC6 3.1.0
2025-09-07 14:40:48,473 [INFO] ThirdParty:1030 - CMSIS Pack Vendor :quantropi X-CUBE-qispace-sdk-base 2.1.0
2025-09-07 14:40:48,473 [INFO] ThirdParty:1030 - CMSIS Pack Vendor :STMicroelectronics FreeRTOS 0.0.1
2025-09-07 14:40:48,473 [INFO] ThirdParty:1030 - CMSIS Pack Vendor :STMicroelectronics X-CUBE-AZRTOS-G0 1.1.0
2025-09-07 14:40:48,473 [INFO] ThirdParty:1030 - CMSIS Pack Vendor :STMicroelectronics X-CUBE-SAFEA1 1.2.2
2025-09-07 14:40:48,473 [INFO] ThirdParty:1030 - CMSIS Pack Vendor :STMicroelectronics X-CUBE-NFC4 3.0.0
2025-09-07 14:40:48,473 [INFO] ThirdParty:1030 - CMSIS Pack Vendor :STMicroelectronics X-CUBE-SUBG2 5.0.0
2025-09-07 14:40:48,474 [INFO] ThirdParty:1030 - CMSIS Pack Vendor :STMicroelectronics X-CUBE-AZRTOS-H7RS 1.1.0
2025-09-07 14:40:48,474 [INFO] ThirdParty:1030 - CMSIS Pack Vendor :STMicroelectronics STM32_WPAN 1.0.0
2025-09-07 14:40:48,474 [INFO] ThirdParty:1030 - CMSIS Pack Vendor :EmbeddedOffice I-CUBE-FS-RTOS 1.0.1
2025-09-07 14:40:48,476 [INFO] ThirdParty:1030 - CMSIS Pack Vendor :STMicroelectronics lwIP 2.0.3
2025-09-07 14:40:48,476 [INFO] ThirdParty:1030 - CMSIS Pack Vendor :WES I-CUBE-Cesium 1.4.0
2025-09-07 14:40:48,476 [INFO] ThirdParty:1030 - CMSIS Pack Vendor :Cesanta I-CUBE-Mongoose 7.13.0
2025-09-07 14:40:48,476 [INFO] ThirdParty:1030 - CMSIS Pack Vendor :STMicroelectronics USB_HOST 1.0.0
2025-09-07 14:40:48,476 [INFO] ThirdParty:1030 - CMSIS Pack Vendor :Infineon AIROC-Wi-Fi-Bluetooth-STM32 1.7.1
2025-09-07 14:40:48,476 [INFO] ThirdParty:1030 - CMSIS Pack Vendor :STMicroelectronics X-CUBE-AZRTOS-G4 2.0.0
2025-09-07 14:40:48,476 [INFO] ThirdParty:1030 - CMSIS Pack Vendor :STMicroelectronics X-CUBE-WB05N 2.0.0
2025-09-07 14:40:48,476 [INFO] ThirdParty:1030 - CMSIS Pack Vendor :STMicroelectronics PDM2PCM 3.1.0
2025-09-07 14:40:48,476 [INFO] ThirdParty:1030 - CMSIS Pack Vendor :STMicroelectronics PDM2PCM 3.3.0
2025-09-07 14:40:48,477 [INFO] ThirdParty:1030 - CMSIS Pack Vendor :wolfSSL I-CUBE-wolfTPM 3.8.0
2025-09-07 14:40:48,477 [INFO] ThirdParty:1030 - CMSIS Pack Vendor :STMicroelectronics X-CUBE-AZRTOS-H7 3.4.0
2025-09-07 14:40:48,477 [INFO] ThirdParty:1030 - CMSIS Pack Vendor :STMicroelectronics X-CUBE-DISPLAY 3.0.0
2025-09-07 14:40:48,477 [INFO] ThirdParty:1030 - CMSIS Pack Vendor :wolfSSL I-CUBE-wolfSSH 1.4.20
2025-09-07 14:40:48,477 [INFO] ThirdParty:1030 - CMSIS Pack Vendor :STMicroelectronics X-CUBE-NFC7 2.0.0
2025-09-07 14:40:48,477 [INFO] ThirdParty:1030 - CMSIS Pack Vendor :STMicroelectronics X-CUBE-TCPP 4.2.0
2025-09-07 14:40:48,477 [INFO] ThirdParty:1030 - CMSIS Pack Vendor :RealThread X-CUBE-RT-Thread_Nano 4.1.1
2025-09-07 14:40:48,477 [INFO] ThirdParty:1030 - CMSIS Pack Vendor :STMicroelectronics FP-ATR-SIGFOX1 3.2.0
2025-09-07 14:40:48,477 [INFO] ThirdParty:1030 - CMSIS Pack Vendor :STMicroelectronics X-CUBE-NFC10 1.0.0
2025-09-07 14:40:48,477 [INFO] ThirdParty:1030 - CMSIS Pack Vendor :STMicroelectronics X-CUBE-FREERTOS 1.3.1
2025-09-07 14:40:48,477 [INFO] ThirdParty:1030 - CMSIS Pack Vendor :STMicroelectronics HAL Drivers 0.0.0
2025-09-07 14:40:48,477 [INFO] ThirdParty:1030 - CMSIS Pack Vendor :STMicroelectronics MBEDTLS 2.16.2
2025-09-07 14:40:48,477 [INFO] ThirdParty:1030 - CMSIS Pack Vendor :STMicroelectronics X-CUBE-IPS 3.1.0
2025-09-07 14:40:48,478 [INFO] ThirdParty:1030 - CMSIS Pack Vendor :STMicroelectronics X-CUBE-ALS 1.0.2
2025-09-07 14:40:48,478 [INFO] ThirdParty:1030 - CMSIS Pack Vendor :emotas I-CUBE-CANOPEN 1.3.0
2025-09-07 14:40:48,478 [INFO] ThirdParty:1030 - CMSIS Pack Vendor :STMicroelectronics MBEDTLS 2.14.1
2025-09-07 14:40:48,478 [INFO] ThirdParty:1030 - CMSIS Pack Vendor :ITTIA_DB I-CUBE-ITTIADB 8.9.0
2025-09-07 14:40:48,478 [INFO] ThirdParty:1030 - CMSIS Pack Vendor :STMicroelectronics X-CUBE-ST67W61 1.0.0
2025-09-07 14:40:48,478 [INFO] ThirdParty:1030 - CMSIS Pack Vendor :STMicroelectronics FP-SNS-STBOX1 2.1.0
2025-09-07 14:40:48,478 [INFO] ThirdParty:1030 - CMSIS Pack Vendor :STMicroelectronics X-CUBE-AI 10.2.0
2025-09-07 14:40:48,478 [INFO] ThirdParty:1030 - CMSIS Pack Vendor :STMicroelectronics FP-SNS-STAIOTCFT 1.0.0
2025-09-07 14:40:48,478 [INFO] ThirdParty:1030 - CMSIS Pack Vendor :STMicroelectronics ThreadX 1.0.0
2025-09-07 14:40:48,478 [INFO] ThirdParty:1030 - CMSIS Pack Vendor :STMicroelectronics FP-SNS-SMARTAG2 1.2.0
2025-09-07 14:40:48,478 [INFO] ThirdParty:1030 - CMSIS Pack Vendor :STMicroelectronics FP-SNS-FLIGHT1 5.1.0
2025-09-07 14:40:48,478 [INFO] ThirdParty:1030 - CMSIS Pack Vendor :STMicroelectronics X-CUBE-AZRTOS-WL 2.0.0
2025-09-07 14:40:48,478 [INFO] ThirdParty:1030 - CMSIS Pack Vendor :SEGGER I-CUBE-embOS 1.3.1
2025-09-07 14:40:48,478 [INFO] ThirdParty:1030 - CMSIS Pack Vendor :STMicroelectronics X-CUBE-ALGOBUILD 1.4.0
2025-09-07 14:40:48,479 [INFO] ThirdParty:1030 - CMSIS Pack Vendor :STMicroelectronics X-CUBE-DPower 1.3.0
2025-09-07 14:40:48,479 [INFO] ThirdParty:1030 - CMSIS Pack Vendor :STMicroelectronics X-CUBE-MEMS1 11.3.0
2025-09-07 14:40:48,479 [INFO] ThirdParty:1030 - CMSIS Pack Vendor :STMicroelectronics FP-SNS-MOTENV1 5.0.0
2025-09-07 14:40:48,479 [INFO] ThirdParty:1030 - CMSIS Pack Vendor :STMicroelectronics USB_DEVICE 1.0.0
2025-09-07 14:40:48,479 [INFO] ThirdParty:1030 - CMSIS Pack Vendor :STMicroelectronics X-CUBE-AZRTOS-L4 2.0.0
2025-09-07 14:40:48,479 [INFO] ThirdParty:1030 - CMSIS Pack Vendor :STMicroelectronics ThreadX 0.0.2
2025-09-07 14:40:48,479 [INFO] ThirdParty:1030 - CMSIS Pack Vendor :STMicroelectronics lwIP 2.1.2
2025-09-07 14:40:48,479 [INFO] ThirdParty:1030 - CMSIS Pack Vendor :STMicroelectronics X-CUBE-SFXS2LP1 4.0.0
2025-09-07 14:40:48,479 [INFO] ThirdParty:1030 - CMSIS Pack Vendor :STMicroelectronics X-CUBE-BLE2 3.3.0
2025-09-07 14:40:48,479 [INFO] ThirdParty:1030 - CMSIS Pack Vendor :STMicroelectronics X-CUBE-TOF1 3.4.3
2025-09-07 14:40:48,479 [INFO] ThirdParty:1030 - CMSIS Pack Vendor :STMicroelectronics PDM2PCM 3.2.0
2025-09-07 14:40:48,479 [INFO] ThirdParty:841 - exiting critical section [change project]
2025-09-07 14:40:48,831 [INFO] PinOutPanel:1589 - setPackage(No Configuration,No Configuration)
2025-09-07 14:40:48,832 [INFO] PinOutPanel:1589 - setPackage(STM32L475VGTx,LQFP100)
2025-09-07 14:40:49,371 [INFO] UtilMem:75 - Before build in PCC Used Memory: 957176080 Bytes (1073741824)
2025-09-07 14:40:49,710 [INFO] UtilMem:75 - After build in PCC Used Memory: 788871392 Bytes (1073741824)
2025-09-07 14:40:49,736 [INFO] IPUIPlugin:80 - create IPUIPlugin
2025-09-07 14:40:49,737 [INFO] IPUIPlugin:80 - create IPUIPlugin
2025-09-07 14:40:49,737 [INFO] IPUIPlugin:80 - create IPUIPlugin
2025-09-07 14:40:49,737 [INFO] IPUIPlugin:80 - create IPUIPlugin
2025-09-07 14:40:49,737 [INFO] IPUIPlugin:80 - create IPUIPlugin
2025-09-07 14:40:49,737 [INFO] IPUIPlugin:80 - create IPUIPlugin
2025-09-07 14:40:49,737 [INFO] IPUIPlugin:80 - create IPUIPlugin
2025-09-07 14:40:49,737 [INFO] IPUIPlugin:80 - create IPUIPlugin
2025-09-07 14:40:49,738 [INFO] IPUIPlugin:80 - create IPUIPlugin
2025-09-07 14:40:49,738 [INFO] IPUIPlugin:80 - create IPUIPlugin
2025-09-07 14:40:49,738 [INFO] IPUIPlugin:80 - create IPUIPlugin
2025-09-07 14:40:49,738 [INFO] IPUIPlugin:80 - create IPUIPlugin
2025-09-07 14:40:49,738 [INFO] IPUIPlugin:80 - create IPUIPlugin
2025-09-07 14:40:49,738 [INFO] IPUIPlugin:80 - create IPUIPlugin
2025-09-07 14:40:49,739 [INFO] IPUIPlugin:80 - create IPUIPlugin
2025-09-07 14:40:49,739 [INFO] IPUIPlugin:80 - create IPUIPlugin
2025-09-07 14:40:49,739 [INFO] IPUIPlugin:80 - create IPUIPlugin
2025-09-07 14:40:49,739 [INFO] IPUIPlugin:80 - create IPUIPlugin
2025-09-07 14:40:49,739 [INFO] IPUIPlugin:80 - create IPUIPlugin
2025-09-07 14:40:49,739 [INFO] IPUIPlugin:80 - create IPUIPlugin
2025-09-07 14:40:49,739 [INFO] IPUIPlugin:80 - create IPUIPlugin
2025-09-07 14:40:49,740 [INFO] IPUIPlugin:80 - create IPUIPlugin
2025-09-07 14:40:49,740 [INFO] IPUIPlugin:80 - create IPUIPlugin
2025-09-07 14:40:49,740 [INFO] IPUIPlugin:80 - create IPUIPlugin
2025-09-07 14:40:49,740 [INFO] IPUIPlugin:80 - create IPUIPlugin
2025-09-07 14:40:49,740 [INFO] IPUIPlugin:80 - create IPUIPlugin
2025-09-07 14:40:49,740 [INFO] IPUIPlugin:80 - create IPUIPlugin
2025-09-07 14:40:49,741 [INFO] IPUIPlugin:80 - create IPUIPlugin
2025-09-07 14:40:49,741 [INFO] IPUIPlugin:80 - create IPUIPlugin
2025-09-07 14:40:49,741 [INFO] IPUIPlugin:80 - create IPUIPlugin
2025-09-07 14:40:49,741 [INFO] IPUIPlugin:80 - create IPUIPlugin
2025-09-07 14:40:49,742 [INFO] IPUIPlugin:80 - create IPUIPlugin
2025-09-07 14:40:49,742 [INFO] IPUIPlugin:80 - create IPUIPlugin
2025-09-07 14:40:49,742 [INFO] IPUIPlugin:80 - create IPUIPlugin
2025-09-07 14:40:49,743 [INFO] IPUIPlugin:80 - create IPUIPlugin
2025-09-07 14:40:49,743 [INFO] IPUIPlugin:80 - create IPUIPlugin
2025-09-07 14:40:49,743 [INFO] IPUIPlugin:80 - create IPUIPlugin
2025-09-07 14:40:49,744 [INFO] IPUIPlugin:80 - create IPUIPlugin
2025-09-07 14:40:49,744 [INFO] IPUIPlugin:80 - create IPUIPlugin
2025-09-07 14:40:49,744 [INFO] IPUIPlugin:80 - create IPUIPlugin
2025-09-07 14:40:49,744 [INFO] IPUIPlugin:80 - create IPUIPlugin
2025-09-07 14:40:49,745 [INFO] IPUIPlugin:80 - create IPUIPlugin
2025-09-07 14:40:49,745 [INFO] IPUIPlugin:80 - create IPUIPlugin
2025-09-07 14:40:49,745 [INFO] IPUIPlugin:80 - create IPUIPlugin
2025-09-07 14:40:49,745 [INFO] IPUIPlugin:80 - create IPUIPlugin
2025-09-07 14:40:49,745 [INFO] IPUIPlugin:80 - create IPUIPlugin
2025-09-07 14:40:49,746 [INFO] IPUIPlugin:80 - create IPUIPlugin
2025-09-07 14:40:49,746 [INFO] IPUIPlugin:80 - create IPUIPlugin
2025-09-07 14:40:49,746 [INFO] IPUIPlugin:80 - create IPUIPlugin
2025-09-07 14:40:49,746 [INFO] IPUIPlugin:80 - create IPUIPlugin
2025-09-07 14:40:49,747 [INFO] IPUIPlugin:80 - create IPUIPlugin
2025-09-07 14:40:49,747 [INFO] IPUIPlugin:80 - create IPUIPlugin
2025-09-07 14:40:49,747 [INFO] IPUIPlugin:80 - create IPUIPlugin
2025-09-07 14:40:49,747 [INFO] IPUIPlugin:80 - create IPUIPlugin
2025-09-07 14:40:49,748 [INFO] IPUIPlugin:80 - create IPUIPlugin
2025-09-07 14:40:49,748 [INFO] IPUIPlugin:80 - create IPUIPlugin
2025-09-07 14:40:49,748 [INFO] IPUIPlugin:80 - create IPUIPlugin
2025-09-07 14:40:49,748 [INFO] IPUIPlugin:80 - create IPUIPlugin
2025-09-07 14:40:49,749 [INFO] IPUIPlugin:80 - create IPUIPlugin
2025-09-07 14:40:49,829 [INFO] CADModel:165 - CPN selected for project levelSTM32L475VGT6
2025-09-07 14:40:49,829 [INFO] CADModel:114 - Register for checkConnection events
2025-09-07 14:40:49,868 [INFO] OpenFileManager:386 - Restore cursor
2025-09-07 14:41:09,922 [ERROR] LogOutputStream:75 - [STDERR_REDIRECT] Sep 07, 2025 2:41:09 PM java.util.prefs.FileSystemPreferences checkLockFile0ErrorCode
2025-09-07 14:41:09,923 [ERROR] LogOutputStream:75 - [STDERR_REDIRECT] WARNING: Could not lock System prefs. Unix error code 2.
2025-09-07 14:41:09,923 [ERROR] LogOutputStream:75 - [STDERR_REDIRECT] 
2025-09-07 14:41:09,924 [ERROR] LogOutputStream:75 - [STDERR_REDIRECT] Sep 07, 2025 2:41:09 PM java.util.prefs.FileSystemPreferences syncWorld
2025-09-07 14:41:09,925 [ERROR] LogOutputStream:75 - [STDERR_REDIRECT] WARNING: Couldn't flush system prefs: java.util.prefs.BackingStoreException: Couldn't get file lock.
2025-09-07 14:41:09,925 [ERROR] LogOutputStream:75 - [STDERR_REDIRECT] 
2025-09-07 14:41:39,922 [ERROR] LogOutputStream:75 - [STDERR_REDIRECT] Sep 07, 2025 2:41:39 PM java.util.prefs.FileSystemPreferences checkLockFile0ErrorCode
2025-09-07 14:41:39,923 [ERROR] LogOutputStream:75 - [STDERR_REDIRECT] WARNING: Could not lock System prefs. Unix error code 2.
2025-09-07 14:41:39,923 [ERROR] LogOutputStream:75 - [STDERR_REDIRECT] 
2025-09-07 14:41:39,923 [ERROR] LogOutputStream:75 - [STDERR_REDIRECT] Sep 07, 2025 2:41:39 PM java.util.prefs.FileSystemPreferences syncWorld
2025-09-07 14:41:39,924 [ERROR] LogOutputStream:75 - [STDERR_REDIRECT] WARNING: Couldn't flush system prefs: java.util.prefs.BackingStoreException: Couldn't get file lock.
2025-09-07 14:41:39,924 [ERROR] LogOutputStream:75 - [STDERR_REDIRECT] 
2025-09-07 14:42:09,919 [ERROR] LogOutputStream:75 - [STDERR_REDIRECT] Sep 07, 2025 2:42:09 PM java.util.prefs.FileSystemPreferences checkLockFile0ErrorCode
2025-09-07 14:42:09,920 [ERROR] LogOutputStream:75 - [STDERR_REDIRECT] WARNING: Could not lock System prefs. Unix error code 2.
2025-09-07 14:42:09,920 [ERROR] LogOutputStream:75 - [STDERR_REDIRECT] 
2025-09-07 14:42:09,921 [ERROR] LogOutputStream:75 - [STDERR_REDIRECT] Sep 07, 2025 2:42:09 PM java.util.prefs.FileSystemPreferences syncWorld
2025-09-07 14:42:09,922 [ERROR] LogOutputStream:75 - [STDERR_REDIRECT] WARNING: Couldn't flush system prefs: java.util.prefs.BackingStoreException: Couldn't get file lock.
2025-09-07 14:42:09,922 [ERROR] LogOutputStream:75 - [STDERR_REDIRECT] 
2025-09-07 14:42:39,920 [ERROR] LogOutputStream:75 - [STDERR_REDIRECT] Sep 07, 2025 2:42:39 PM java.util.prefs.FileSystemPreferences checkLockFile0ErrorCode
2025-09-07 14:42:39,921 [ERROR] LogOutputStream:75 - [STDERR_REDIRECT] WARNING: Could not lock System prefs. Unix error code 2.
2025-09-07 14:42:39,921 [ERROR] LogOutputStream:75 - [STDERR_REDIRECT] 
2025-09-07 14:42:39,922 [ERROR] LogOutputStream:75 - [STDERR_REDIRECT] Sep 07, 2025 2:42:39 PM java.util.prefs.FileSystemPreferences syncWorld
2025-09-07 14:42:39,923 [ERROR] LogOutputStream:75 - [STDERR_REDIRECT] WARNING: Couldn't flush system prefs: java.util.prefs.BackingStoreException: Couldn't get file lock.
2025-09-07 14:42:39,923 [ERROR] LogOutputStream:75 - [STDERR_REDIRECT] 
2025-09-07 14:43:09,919 [ERROR] LogOutputStream:75 - [STDERR_REDIRECT] Sep 07, 2025 2:43:09 PM java.util.prefs.FileSystemPreferences checkLockFile0ErrorCode
2025-09-07 14:43:09,919 [ERROR] LogOutputStream:75 - [STDERR_REDIRECT] WARNING: Could not lock System prefs. Unix error code 2.
2025-09-07 14:43:09,919 [ERROR] LogOutputStream:75 - [STDERR_REDIRECT] 
2025-09-07 14:43:09,920 [ERROR] LogOutputStream:75 - [STDERR_REDIRECT] Sep 07, 2025 2:43:09 PM java.util.prefs.FileSystemPreferences syncWorld
2025-09-07 14:43:09,921 [ERROR] LogOutputStream:75 - [STDERR_REDIRECT] WARNING: Couldn't flush system prefs: java.util.prefs.BackingStoreException: Couldn't get file lock.
2025-09-07 14:43:09,921 [ERROR] LogOutputStream:75 - [STDERR_REDIRECT] 
2025-09-07 14:43:39,920 [ERROR] LogOutputStream:75 - [STDERR_REDIRECT] Sep 07, 2025 2:43:39 PM java.util.prefs.FileSystemPreferences checkLockFile0ErrorCode
2025-09-07 14:43:39,920 [ERROR] LogOutputStream:75 - [STDERR_REDIRECT] WARNING: Could not lock System prefs. Unix error code 2.
2025-09-07 14:43:39,921 [ERROR] LogOutputStream:75 - [STDERR_REDIRECT] 
2025-09-07 14:43:39,921 [ERROR] LogOutputStream:75 - [STDERR_REDIRECT] Sep 07, 2025 2:43:39 PM java.util.prefs.FileSystemPreferences syncWorld
2025-09-07 14:43:39,922 [ERROR] LogOutputStream:75 - [STDERR_REDIRECT] WARNING: Couldn't flush system prefs: java.util.prefs.BackingStoreException: Couldn't get file lock.
2025-09-07 14:43:39,922 [ERROR] LogOutputStream:75 - [STDERR_REDIRECT] 
2025-09-07 14:44:09,921 [ERROR] LogOutputStream:75 - [STDERR_REDIRECT] Sep 07, 2025 2:44:09 PM java.util.prefs.FileSystemPreferences checkLockFile0ErrorCode
2025-09-07 14:44:09,921 [ERROR] LogOutputStream:75 - [STDERR_REDIRECT] WARNING: Could not lock System prefs. Unix error code 2.
2025-09-07 14:44:09,921 [ERROR] LogOutputStream:75 - [STDERR_REDIRECT] 
2025-09-07 14:44:09,922 [ERROR] LogOutputStream:75 - [STDERR_REDIRECT] Sep 07, 2025 2:44:09 PM java.util.prefs.FileSystemPreferences syncWorld
2025-09-07 14:44:09,923 [ERROR] LogOutputStream:75 - [STDERR_REDIRECT] WARNING: Couldn't flush system prefs: java.util.prefs.BackingStoreException: Couldn't get file lock.
2025-09-07 14:44:09,923 [ERROR] LogOutputStream:75 - [STDERR_REDIRECT] 
2025-09-07 14:44:39,923 [ERROR] LogOutputStream:75 - [STDERR_REDIRECT] Sep 07, 2025 2:44:39 PM java.util.prefs.FileSystemPreferences checkLockFile0ErrorCode
2025-09-07 14:44:39,924 [ERROR] LogOutputStream:75 - [STDERR_REDIRECT] WARNING: Could not lock System prefs. Unix error code 2.
2025-09-07 14:44:39,924 [ERROR] LogOutputStream:75 - [STDERR_REDIRECT] 
2025-09-07 14:44:39,925 [ERROR] LogOutputStream:75 - [STDERR_REDIRECT] Sep 07, 2025 2:44:39 PM java.util.prefs.FileSystemPreferences syncWorld
2025-09-07 14:44:39,925 [ERROR] LogOutputStream:75 - [STDERR_REDIRECT] WARNING: Couldn't flush system prefs: java.util.prefs.BackingStoreException: Couldn't get file lock.
2025-09-07 14:44:39,926 [ERROR] LogOutputStream:75 - [STDERR_REDIRECT] 
2025-09-07 14:45:09,921 [ERROR] LogOutputStream:75 - [STDERR_REDIRECT] Sep 07, 2025 2:45:09 PM java.util.prefs.FileSystemPreferences checkLockFile0ErrorCode
2025-09-07 14:45:09,922 [ERROR] LogOutputStream:75 - [STDERR_REDIRECT] WARNING: Could not lock System prefs. Unix error code 2.
2025-09-07 14:45:09,923 [ERROR] LogOutputStream:75 - [STDERR_REDIRECT] 
2025-09-07 14:45:09,923 [ERROR] LogOutputStream:75 - [STDERR_REDIRECT] Sep 07, 2025 2:45:09 PM java.util.prefs.FileSystemPreferences syncWorld
2025-09-07 14:45:09,925 [ERROR] LogOutputStream:75 - [STDERR_REDIRECT] WARNING: Couldn't flush system prefs: java.util.prefs.BackingStoreException: Couldn't get file lock.
2025-09-07 14:45:09,925 [ERROR] LogOutputStream:75 - [STDERR_REDIRECT] 
2025-09-07 14:45:39,921 [ERROR] LogOutputStream:75 - [STDERR_REDIRECT] Sep 07, 2025 2:45:39 PM java.util.prefs.FileSystemPreferences checkLockFile0ErrorCode
2025-09-07 14:45:39,921 [ERROR] LogOutputStream:75 - [STDERR_REDIRECT] WARNING: Could not lock System prefs. Unix error code 2.
2025-09-07 14:45:39,921 [ERROR] LogOutputStream:75 - [STDERR_REDIRECT] 
2025-09-07 14:45:39,923 [ERROR] LogOutputStream:75 - [STDERR_REDIRECT] Sep 07, 2025 2:45:39 PM java.util.prefs.FileSystemPreferences syncWorld
2025-09-07 14:45:39,924 [ERROR] LogOutputStream:75 - [STDERR_REDIRECT] WARNING: Couldn't flush system prefs: java.util.prefs.BackingStoreException: Couldn't get file lock.
2025-09-07 14:45:39,924 [ERROR] LogOutputStream:75 - [STDERR_REDIRECT] 
2025-09-07 14:46:09,921 [ERROR] LogOutputStream:75 - [STDERR_REDIRECT] Sep 07, 2025 2:46:09 PM java.util.prefs.FileSystemPreferences checkLockFile0ErrorCode
2025-09-07 14:46:09,922 [ERROR] LogOutputStream:75 - [STDERR_REDIRECT] WARNING: Could not lock System prefs. Unix error code 2.
2025-09-07 14:46:09,922 [ERROR] LogOutputStream:75 - [STDERR_REDIRECT] 
2025-09-07 14:46:09,923 [ERROR] LogOutputStream:75 - [STDERR_REDIRECT] Sep 07, 2025 2:46:09 PM java.util.prefs.FileSystemPreferences syncWorld
2025-09-07 14:46:09,924 [ERROR] LogOutputStream:75 - [STDERR_REDIRECT] WARNING: Couldn't flush system prefs: java.util.prefs.BackingStoreException: Couldn't get file lock.
2025-09-07 14:46:09,924 [ERROR] LogOutputStream:75 - [STDERR_REDIRECT] 
2025-09-07 14:46:39,921 [ERROR] LogOutputStream:75 - [STDERR_REDIRECT] Sep 07, 2025 2:46:39 PM java.util.prefs.FileSystemPreferences checkLockFile0ErrorCode
2025-09-07 14:46:39,922 [ERROR] LogOutputStream:75 - [STDERR_REDIRECT] WARNING: Could not lock System prefs. Unix error code 2.
2025-09-07 14:46:39,922 [ERROR] LogOutputStream:75 - [STDERR_REDIRECT] 
2025-09-07 14:46:39,923 [ERROR] LogOutputStream:75 - [STDERR_REDIRECT] Sep 07, 2025 2:46:39 PM java.util.prefs.FileSystemPreferences syncWorld
2025-09-07 14:46:39,924 [ERROR] LogOutputStream:75 - [STDERR_REDIRECT] WARNING: Couldn't flush system prefs: java.util.prefs.BackingStoreException: Couldn't get file lock.
2025-09-07 14:46:39,924 [ERROR] LogOutputStream:75 - [STDERR_REDIRECT] 
2025-09-07 14:47:09,922 [ERROR] LogOutputStream:75 - [STDERR_REDIRECT] Sep 07, 2025 2:47:09 PM java.util.prefs.FileSystemPreferences checkLockFile0ErrorCode
2025-09-07 14:47:09,922 [ERROR] LogOutputStream:75 - [STDERR_REDIRECT] WARNING: Could not lock System prefs. Unix error code 2.
2025-09-07 14:47:09,922 [ERROR] LogOutputStream:75 - [STDERR_REDIRECT] 
2025-09-07 14:47:09,923 [ERROR] LogOutputStream:75 - [STDERR_REDIRECT] Sep 07, 2025 2:47:09 PM java.util.prefs.FileSystemPreferences syncWorld
2025-09-07 14:47:09,924 [ERROR] LogOutputStream:75 - [STDERR_REDIRECT] WARNING: Couldn't flush system prefs: java.util.prefs.BackingStoreException: Couldn't get file lock.
2025-09-07 14:47:09,924 [ERROR] LogOutputStream:75 - [STDERR_REDIRECT] 
2025-09-07 14:47:39,921 [ERROR] LogOutputStream:75 - [STDERR_REDIRECT] Sep 07, 2025 2:47:39 PM java.util.prefs.FileSystemPreferences checkLockFile0ErrorCode
2025-09-07 14:47:39,922 [ERROR] LogOutputStream:75 - [STDERR_REDIRECT] WARNING: Could not lock System prefs. Unix error code 2.
2025-09-07 14:47:39,922 [ERROR] LogOutputStream:75 - [STDERR_REDIRECT] 
2025-09-07 14:47:39,922 [ERROR] LogOutputStream:75 - [STDERR_REDIRECT] Sep 07, 2025 2:47:39 PM java.util.prefs.FileSystemPreferences syncWorld
2025-09-07 14:47:39,923 [ERROR] LogOutputStream:75 - [STDERR_REDIRECT] WARNING: Couldn't flush system prefs: java.util.prefs.BackingStoreException: Couldn't get file lock.
2025-09-07 14:47:39,923 [ERROR] LogOutputStream:75 - [STDERR_REDIRECT] 
2025-09-07 14:48:09,921 [ERROR] LogOutputStream:75 - [STDERR_REDIRECT] Sep 07, 2025 2:48:09 PM java.util.prefs.FileSystemPreferences checkLockFile0ErrorCode
2025-09-07 14:48:09,922 [ERROR] LogOutputStream:75 - [STDERR_REDIRECT] WARNING: Could not lock System prefs. Unix error code 2.
2025-09-07 14:48:09,922 [ERROR] LogOutputStream:75 - [STDERR_REDIRECT] 
2025-09-07 14:48:09,923 [ERROR] LogOutputStream:75 - [STDERR_REDIRECT] Sep 07, 2025 2:48:09 PM java.util.prefs.FileSystemPreferences syncWorld
2025-09-07 14:48:09,924 [ERROR] LogOutputStream:75 - [STDERR_REDIRECT] WARNING: Couldn't flush system prefs: java.util.prefs.BackingStoreException: Couldn't get file lock.
2025-09-07 14:48:09,924 [ERROR] LogOutputStream:75 - [STDERR_REDIRECT] 
2025-09-07 14:48:39,925 [ERROR] LogOutputStream:75 - [STDERR_REDIRECT] Sep 07, 2025 2:48:39 PM java.util.prefs.FileSystemPreferences checkLockFile0ErrorCode
2025-09-07 14:48:39,927 [ERROR] LogOutputStream:75 - [STDERR_REDIRECT] WARNING: Could not lock System prefs. Unix error code 2.
2025-09-07 14:48:39,928 [ERROR] LogOutputStream:75 - [STDERR_REDIRECT] 
2025-09-07 14:48:39,929 [ERROR] LogOutputStream:75 - [STDERR_REDIRECT] Sep 07, 2025 2:48:39 PM java.util.prefs.FileSystemPreferences syncWorld
2025-09-07 14:48:39,930 [ERROR] LogOutputStream:75 - [STDERR_REDIRECT] WARNING: Couldn't flush system prefs: java.util.prefs.BackingStoreException: Couldn't get file lock.
2025-09-07 14:48:39,930 [ERROR] LogOutputStream:75 - [STDERR_REDIRECT] 
2025-09-07 14:49:09,922 [ERROR] LogOutputStream:75 - [STDERR_REDIRECT] Sep 07, 2025 2:49:09 PM java.util.prefs.FileSystemPreferences checkLockFile0ErrorCode
2025-09-07 14:49:09,923 [ERROR] LogOutputStream:75 - [STDERR_REDIRECT] WARNING: Could not lock System prefs. Unix error code 2.
2025-09-07 14:49:09,923 [ERROR] LogOutputStream:75 - [STDERR_REDIRECT] 
2025-09-07 14:49:09,924 [ERROR] LogOutputStream:75 - [STDERR_REDIRECT] Sep 07, 2025 2:49:09 PM java.util.prefs.FileSystemPreferences syncWorld
2025-09-07 14:49:09,925 [ERROR] LogOutputStream:75 - [STDERR_REDIRECT] WARNING: Couldn't flush system prefs: java.util.prefs.BackingStoreException: Couldn't get file lock.
2025-09-07 14:49:09,925 [ERROR] LogOutputStream:75 - [STDERR_REDIRECT] 
2025-09-07 14:49:39,925 [ERROR] LogOutputStream:75 - [STDERR_REDIRECT] Sep 07, 2025 2:49:39 PM java.util.prefs.FileSystemPreferences checkLockFile0ErrorCode
2025-09-07 14:49:39,926 [ERROR] LogOutputStream:75 - [STDERR_REDIRECT] WARNING: Could not lock System prefs. Unix error code 2.
2025-09-07 14:49:39,926 [ERROR] LogOutputStream:75 - [STDERR_REDIRECT] 
2025-09-07 14:49:39,927 [ERROR] LogOutputStream:75 - [STDERR_REDIRECT] Sep 07, 2025 2:49:39 PM java.util.prefs.FileSystemPreferences syncWorld
2025-09-07 14:49:39,928 [ERROR] LogOutputStream:75 - [STDERR_REDIRECT] WARNING: Couldn't flush system prefs: java.util.prefs.BackingStoreException: Couldn't get file lock.
2025-09-07 14:49:39,928 [ERROR] LogOutputStream:75 - [STDERR_REDIRECT] 
2025-09-07 14:50:09,922 [ERROR] LogOutputStream:75 - [STDERR_REDIRECT] Sep 07, 2025 2:50:09 PM java.util.prefs.FileSystemPreferences checkLockFile0ErrorCode
2025-09-07 14:50:09,923 [ERROR] LogOutputStream:75 - [STDERR_REDIRECT] WARNING: Could not lock System prefs. Unix error code 2.
2025-09-07 14:50:09,923 [ERROR] LogOutputStream:75 - [STDERR_REDIRECT] 
2025-09-07 14:50:09,924 [ERROR] LogOutputStream:75 - [STDERR_REDIRECT] Sep 07, 2025 2:50:09 PM java.util.prefs.FileSystemPreferences syncWorld
2025-09-07 14:50:09,925 [ERROR] LogOutputStream:75 - [STDERR_REDIRECT] WARNING: Couldn't flush system prefs: java.util.prefs.BackingStoreException: Couldn't get file lock.
2025-09-07 14:50:09,925 [ERROR] LogOutputStream:75 - [STDERR_REDIRECT] 
2025-09-07 14:50:30,316 [ERROR] LogOutputStream:75 - [STDERR_REDIRECT] 
2025-09-07 14:50:30,317 [ERROR] LogOutputStream:75 - [STDERR_REDIRECT] 
2025-09-07 16:32:17,492 [INFO] Activator:176 - 


2025-09-07 16:32:17,494 [INFO] Activator:177 - !SESSION log4j initialized
2025-09-07 16:32:20,669 [INFO] LogOutputStream:77 - [STDOUT_REDIRECT] 
2025-09-07 16:32:21,341 [INFO] ApplicationProperties:184 - Using Application install path: /opt/st/stm32cubeide_1.19.0/plugins/com.st.stm32cube.common.mx_6.15.0.202507011659
2025-09-07 16:32:21,351 [INFO] DbMcusXml:78 - Set database path to: /opt/st/stm32cubeide_1.19.0/plugins/com.st.stm32cube.common.mx_6.15.0.202507011659//db//mcu/
2025-09-07 16:32:21,351 [INFO] ApiDb:274 - Set plugin database path to: /opt/st/stm32cubeide_1.19.0/plugins/com.st.stm32cube.common.mx_6.15.0.202507011659//db//plugins/boardmanager/
2025-09-07 16:32:21,351 [WARN] ApiDb:259 - Overriding images path with different value:  => /opt/st/stm32cubeide_1.19.0/plugins/com.st.stm32cube.common.mx_6.15.0.202507011659//db//plugins/mcufinder/images/
2025-09-07 16:32:21,353 [INFO] ApiDb:250 - Set database path to: /home/matijak/.stmcufinder/plugins/mcufinder//mcu/
2025-09-07 16:32:21,354 [INFO] DbMcusAds:125 - Set database path to: /home/matijak/.stmcufinder/plugins/mcufinder//mcu/
2025-09-07 16:32:21,355 [INFO] CrossReferenceDbSqlite:203 - Set database path to: /home/matijak/.stmcufinder/plugins/mcufinder//mcu/cs/
2025-09-07 16:32:21,428 [INFO] RulesReader:64 - Compatibility file has been processed (317 Rules)
2025-09-07 16:32:21,475 [INFO] DbMcusXml:78 - Set database path to: /opt/st/stm32cubeide_1.19.0/plugins/com.st.stm32cube.common.mx_6.15.0.202507011659//db//mcu/
2025-09-07 16:32:21,475 [INFO] ApiDb:274 - Set plugin database path to: /opt/st/stm32cubeide_1.19.0/plugins/com.st.stm32cube.common.mx_6.15.0.202507011659//db//plugins/boardmanager/
2025-09-07 16:32:21,475 [INFO] ApiDb:261 - Set plugin images path to: /opt/st/stm32cubeide_1.19.0/plugins/com.st.stm32cube.common.mx_6.15.0.202507011659//db//plugins/mcufinder/images/
2025-09-07 16:32:21,475 [WARN] DbFile:41 - Overriding database path with different value: /home/matijak/.stmcufinder/plugins/mcufinder/ => /home/matijak/.stmcufinder/plugins/mcufinder
2025-09-07 16:32:21,475 [INFO] ApiDb:250 - Set database path to: /home/matijak/.stmcufinder/plugins/mcufinder//mcu/
2025-09-07 16:32:21,475 [WARN] DbFile:41 - Overriding database path with different value: /home/matijak/.stmcufinder/plugins/mcufinder/ => /home/matijak/.stmcufinder/plugins/mcufinder
2025-09-07 16:32:21,475 [INFO] DbMcusAds:125 - Set database path to: /home/matijak/.stmcufinder/plugins/mcufinder//mcu/
2025-09-07 16:32:21,475 [WARN] DbFile:41 - Overriding database path with different value: /home/matijak/.stmcufinder/plugins/mcufinder/ => /home/matijak/.stmcufinder/plugins/mcufinder
2025-09-07 16:32:21,476 [WARN] DbFile:41 - Overriding database path with different value: /home/matijak/.stmcufinder/plugins/mcufinder/ => /home/matijak/.stmcufinder/plugins/mcufinder
2025-09-07 16:32:21,476 [INFO] CrossReferenceDbSqlite:203 - Set database path to: /home/matijak/.stmcufinder/plugins/mcufinder//mcu/cs/
2025-09-07 16:32:21,517 [INFO] MainPanel:274 - HeapMemory: 268435456
2025-09-07 16:32:21,600 [INFO] DbMcusXml:78 - Set database path to: /opt/st/stm32cubeide_1.19.0/plugins/com.st.stm32cube.common.mx_6.15.0.202507011659//db//mcu/
2025-09-07 16:32:21,600 [INFO] ApiDb:274 - Set plugin database path to: /opt/st/stm32cubeide_1.19.0/plugins/com.st.stm32cube.common.mx_6.15.0.202507011659//db//plugins/boardmanager/
2025-09-07 16:32:21,601 [INFO] ApiDb:261 - Set plugin images path to: /opt/st/stm32cubeide_1.19.0/plugins/com.st.stm32cube.common.mx_6.15.0.202507011659//db//plugins/mcufinder/images/
2025-09-07 16:32:21,601 [WARN] DbFile:41 - Overriding database path with different value: /home/matijak/.stmcufinder/plugins/mcufinder/ => /home/matijak/.stmcufinder/plugins/mcufinder
2025-09-07 16:32:21,601 [INFO] ApiDb:250 - Set database path to: /home/matijak/.stmcufinder/plugins/mcufinder//mcu/
2025-09-07 16:32:21,601 [WARN] DbFile:41 - Overriding database path with different value: /home/matijak/.stmcufinder/plugins/mcufinder/ => /home/matijak/.stmcufinder/plugins/mcufinder
2025-09-07 16:32:21,601 [INFO] DbMcusAds:125 - Set database path to: /home/matijak/.stmcufinder/plugins/mcufinder//mcu/
2025-09-07 16:32:21,601 [WARN] DbFile:41 - Overriding database path with different value: /home/matijak/.stmcufinder/plugins/mcufinder/ => /home/matijak/.stmcufinder/plugins/mcufinder
2025-09-07 16:32:21,601 [WARN] DbFile:41 - Overriding database path with different value: /home/matijak/.stmcufinder/plugins/mcufinder/ => /home/matijak/.stmcufinder/plugins/mcufinder
2025-09-07 16:32:21,601 [INFO] CrossReferenceDbSqlite:203 - Set database path to: /home/matijak/.stmcufinder/plugins/mcufinder//mcu/cs/
2025-09-07 16:32:21,612 [INFO] ApplicationProperties:184 - Using Application install path: /opt/st/stm32cubeide_1.19.0/plugins/com.st.stm32cube.common.mx_6.15.0.202507011659
2025-09-07 16:32:21,613 [INFO] PluginManage:196 - Search for loadable plugins [exclusion list=, ]
2025-09-07 16:32:21,614 [INFO] PluginManage:310 - Check plugin analytics
2025-09-07 16:32:21,724 [INFO] AnalyticsPlugin:253 - Accepted Software Licenses: 
2025-09-07 16:32:21,724 [INFO] AnalyticsPlugin:255 - Accepted CMSIS Pack Licenses: 
2025-09-07 16:32:21,724 [INFO] AnalyticsPlugin:257 - Accepted Firmware Licenses: FW.L4.1.18.0,FW.G4.1.6.0
2025-09-07 16:32:21,726 [INFO] PluginManage:359 - Loaded plugin analytics (category:tool,tabindex:-1)
2025-09-07 16:32:21,726 [INFO] PluginManage:310 - Check plugin cadmodel
2025-09-07 16:32:21,729 [INFO] CADModel:105 - Init CAD model plugin
2025-09-07 16:32:21,729 [INFO] PluginManage:359 - Loaded plugin cadmodel (category:power,tabindex:5)
2025-09-07 16:32:21,729 [INFO] PluginManage:310 - Check plugin clock
2025-09-07 16:32:21,734 [INFO] PluginManage:359 - Loaded plugin clock (category:base,tabindex:2)
2025-09-07 16:32:21,735 [INFO] PluginManage:310 - Check plugin ddr
2025-09-07 16:32:21,736 [INFO] PluginManage:359 - Loaded plugin ddr (category:tool,tabindex:6)
2025-09-07 16:32:21,736 [INFO] PluginManage:310 - Check plugin filemanager
2025-09-07 16:32:21,846 [INFO] PluginManage:359 - Loaded plugin filemanager (category:base,tabindex:10)
2025-09-07 16:32:21,846 [INFO] PluginManage:310 - Check plugin ipmanager
2025-09-07 16:32:21,850 [INFO] PluginManage:359 - Loaded plugin ipmanager (category:base,tabindex:5)
2025-09-07 16:32:21,850 [INFO] PluginManage:310 - Check plugin lpbam
2025-09-07 16:32:21,855 [INFO] PluginManage:359 - Loaded plugin lpbam (category:base,tabindex:0)
2025-09-07 16:32:21,855 [INFO] PluginManage:310 - Check plugin memorymap
2025-09-07 16:32:21,863 [INFO] PluginManage:359 - Loaded plugin memorymap (category:base,tabindex:4)
2025-09-07 16:32:21,863 [INFO] PluginManage:310 - Check plugin pinoutandconfiguration
2025-09-07 16:32:21,867 [INFO] PluginManage:359 - Loaded plugin pinoutandconfiguration (category:base,tabindex:1)
2025-09-07 16:32:21,868 [INFO] PluginManage:310 - Check plugin pinoutconfig
2025-09-07 16:32:21,923 [WARN] SupportedApi:132 - Cannot load RTOS API schema: s4s-elt-must-match.1: The content of 'definitions' must match (annotation?, (simpleType | complexType)?, (unique | key | keyref)*)). A problem was found starting at: attribute.
2025-09-07 16:32:22,008 [INFO] PluginManage:359 - Loaded plugin pinoutconfig (category:base,tabindex:0)
2025-09-07 16:32:22,008 [INFO] PluginManage:310 - Check plugin power
2025-09-07 16:32:22,013 [INFO] PluginManage:359 - Loaded plugin power (category:power,tabindex:4)
2025-09-07 16:32:22,013 [INFO] PluginManage:310 - Check plugin projectmanager
2025-09-07 16:32:22,025 [INFO] PluginManage:359 - Loaded plugin projectmanager (category:projectmanager,tabindex:4)
2025-09-07 16:32:22,025 [INFO] PluginManage:310 - Check plugin rif
2025-09-07 16:32:22,031 [INFO] PluginManage:359 - Loaded plugin rif (category:base,tabindex:3)
2025-09-07 16:32:22,031 [INFO] PluginManage:310 - Check plugin thirdparty
2025-09-07 16:32:22,105 [INFO] PluginManage:359 - Loaded plugin thirdparty (category:base,tabindex:-1)
2025-09-07 16:32:22,106 [INFO] PluginManage:310 - Check plugin tools
2025-09-07 16:32:22,105 [WARN] IntegrityCheckThread:84 - waiting for thirdparty lock release [integrity check]
2025-09-07 16:32:22,106 [INFO] IntegrityCheckThread:86 - entering critical section [integrity check]
2025-09-07 16:32:22,106 [INFO] ThirdPartyUpdaterWithRetryManager:70 - Updater plugin not ready yet. [1/15]
2025-09-07 16:32:22,107 [INFO] PluginManage:359 - Loaded plugin tools (category:base,tabindex:7)
2025-09-07 16:32:22,107 [INFO] PluginManage:310 - Check plugin tutovideos
2025-09-07 16:32:22,250 [INFO] PluginManage:359 - Loaded plugin tutovideos (category:base,tabindex:-1)
2025-09-07 16:32:22,251 [INFO] PluginManage:310 - Check plugin updater
2025-09-07 16:32:22,267 [INFO] PluginManage:359 - Loaded plugin updater (category:base,tabindex:12)
2025-09-07 16:32:22,267 [INFO] PluginManage:310 - Check plugin userauth
2025-09-07 16:32:22,270 [INFO] UserAuth:118 - Init User Auth plugin
2025-09-07 16:32:22,271 [INFO] PluginManage:359 - Loaded plugin userauth (category:base,tabindex:14)
2025-09-07 16:32:22,271 [INFO] PluginManage:283 - PluginManage : Loaded plugins [18]
2025-09-07 16:32:22,394 [INFO] PinOutPanel:1589 - setPackage(No Configuration,No Configuration)
2025-09-07 16:32:22,439 [INFO] CADModel:165 - CPN selected for project level
2025-09-07 16:32:22,439 [INFO] CADModel:114 - Register for checkConnection events
2025-09-07 16:32:22,450 [INFO] IPUIPlugin:80 - create IPUIPlugin
2025-09-07 16:32:22,450 [INFO] PluginManager:220 - loadIPPluginJar : add adc
2025-09-07 16:32:22,451 [INFO] IPUIPlugin:80 - create IPUIPlugin
2025-09-07 16:32:22,451 [INFO] PluginManager:220 - loadIPPluginJar : add aes
2025-09-07 16:32:22,453 [INFO] IPUIPlugin:80 - create IPUIPlugin
2025-09-07 16:32:22,453 [INFO] PluginManager:220 - loadIPPluginJar : add can
2025-09-07 16:32:22,454 [INFO] IPUIPlugin:80 - create IPUIPlugin
2025-09-07 16:32:22,454 [INFO] PluginManager:220 - loadIPPluginJar : add comp
2025-09-07 16:32:22,455 [INFO] IPUIPlugin:80 - create IPUIPlugin
2025-09-07 16:32:22,455 [INFO] PluginManager:220 - loadIPPluginJar : add cryp
2025-09-07 16:32:22,456 [INFO] IPUIPlugin:80 - create IPUIPlugin
2025-09-07 16:32:22,456 [INFO] PluginManager:220 - loadIPPluginJar : add ddr_ctrl_phy
2025-09-07 16:32:22,458 [INFO] IPUIPlugin:80 - create IPUIPlugin
2025-09-07 16:32:22,458 [INFO] PluginManager:220 - loadIPPluginJar : add dfsdm
2025-09-07 16:32:22,462 [INFO] IPUIPlugin:80 - create IPUIPlugin
2025-09-07 16:32:22,462 [INFO] PluginManager:220 - loadIPPluginJar : add dma
2025-09-07 16:32:22,463 [INFO] IPUIPlugin:80 - create IPUIPlugin
2025-09-07 16:32:22,463 [INFO] PluginManager:220 - loadIPPluginJar : add dma3
2025-09-07 16:32:22,465 [INFO] IPUIPlugin:80 - create IPUIPlugin
2025-09-07 16:32:22,465 [INFO] PluginManager:220 - loadIPPluginJar : add extmemmanager
2025-09-07 16:32:22,465 [INFO] IPUIPlugin:80 - create IPUIPlugin
2025-09-07 16:32:22,465 [INFO] PluginManager:220 - loadIPPluginJar : add fatfs
2025-09-07 16:32:22,468 [INFO] IPUIPlugin:80 - create IPUIPlugin
2025-09-07 16:32:22,468 [INFO] PluginManager:220 - loadIPPluginJar : add fmc
2025-09-07 16:32:22,472 [INFO] IPUIPlugin:80 - create IPUIPlugin
2025-09-07 16:32:22,473 [INFO] PluginManager:220 - loadIPPluginJar : add freertos
2025-09-07 16:32:22,474 [INFO] IPUIPlugin:80 - create IPUIPlugin
2025-09-07 16:32:22,474 [INFO] PluginManager:220 - loadIPPluginJar : add genericplugin
2025-09-07 16:32:22,475 [INFO] IPUIPlugin:80 - create IPUIPlugin
2025-09-07 16:32:22,475 [INFO] PluginManager:220 - loadIPPluginJar : add gfxmmu
2025-09-07 16:32:22,478 [INFO] IPUIPlugin:80 - create IPUIPlugin
2025-09-07 16:32:22,478 [INFO] PluginManager:220 - loadIPPluginJar : add gic
2025-09-07 16:32:22,480 [INFO] IPUIPlugin:80 - create IPUIPlugin
2025-09-07 16:32:22,480 [INFO] PluginManager:220 - loadIPPluginJar : add gpio
2025-09-07 16:32:22,482 [INFO] IPUIPlugin:80 - create IPUIPlugin
2025-09-07 16:32:22,482 [INFO] PluginManager:220 - loadIPPluginJar : add gtzc
2025-09-07 16:32:22,483 [INFO] IPUIPlugin:80 - create IPUIPlugin
2025-09-07 16:32:22,483 [INFO] PluginManager:220 - loadIPPluginJar : add hash
2025-09-07 16:32:22,484 [INFO] IPUIPlugin:80 - create IPUIPlugin
2025-09-07 16:32:22,484 [INFO] PluginManager:220 - loadIPPluginJar : add i2c
2025-09-07 16:32:22,485 [INFO] IPUIPlugin:80 - create IPUIPlugin
2025-09-07 16:32:22,485 [INFO] PluginManager:220 - loadIPPluginJar : add i2s
2025-09-07 16:32:22,487 [INFO] IPUIPlugin:80 - create IPUIPlugin
2025-09-07 16:32:22,487 [INFO] PluginManager:220 - loadIPPluginJar : add i3c
2025-09-07 16:32:22,489 [INFO] IPUIPlugin:80 - create IPUIPlugin
2025-09-07 16:32:22,489 [INFO] PluginManager:220 - loadIPPluginJar : add ipddr
2025-09-07 16:32:22,494 [INFO] IPUIPlugin:80 - create IPUIPlugin
2025-09-07 16:32:22,494 [INFO] PluginManager:220 - loadIPPluginJar : add linkedlist
2025-09-07 16:32:22,496 [INFO] IPUIPlugin:80 - create IPUIPlugin
2025-09-07 16:32:22,496 [INFO] PluginManager:220 - loadIPPluginJar : add lorawan
2025-09-07 16:32:22,496 [INFO] IPUIPlugin:80 - create IPUIPlugin
2025-09-07 16:32:22,496 [INFO] PluginManager:220 - loadIPPluginJar : add ltdc
2025-09-07 16:32:22,499 [INFO] IPUIPlugin:80 - create IPUIPlugin
2025-09-07 16:32:22,500 [INFO] PluginManager:220 - loadIPPluginJar : add mdma
2025-09-07 16:32:22,501 [INFO] IPUIPlugin:80 - create IPUIPlugin
2025-09-07 16:32:22,501 [INFO] PluginManager:220 - loadIPPluginJar : add nvic
2025-09-07 16:32:22,503 [INFO] IPUIPlugin:80 - create IPUIPlugin
2025-09-07 16:32:22,503 [INFO] PluginManager:220 - loadIPPluginJar : add opamp
2025-09-07 16:32:22,505 [INFO] IPUIPlugin:80 - create IPUIPlugin
2025-09-07 16:32:22,505 [INFO] PluginManager:220 - loadIPPluginJar : add openamp
2025-09-07 16:32:22,507 [INFO] IPUIPlugin:80 - create IPUIPlugin
2025-09-07 16:32:22,507 [INFO] PluginManager:220 - loadIPPluginJar : add pdm2pcm
2025-09-07 16:32:22,510 [INFO] IPUIPlugin:80 - create IPUIPlugin
2025-09-07 16:32:22,512 [INFO] PluginManager:220 - loadIPPluginJar : add plateformsettings
2025-09-07 16:32:22,513 [INFO] IPUIPlugin:80 - create IPUIPlugin
2025-09-07 16:32:22,513 [INFO] PluginManager:220 - loadIPPluginJar : add quadspi
2025-09-07 16:32:22,513 [INFO] IPUIPlugin:80 - create IPUIPlugin
2025-09-07 16:32:22,514 [INFO] PluginManager:220 - loadIPPluginJar : add radio
2025-09-07 16:32:22,515 [INFO] IPUIPlugin:80 - create IPUIPlugin
2025-09-07 16:32:22,515 [INFO] PluginManager:220 - loadIPPluginJar : add resmgrutility
2025-09-07 16:32:22,518 [INFO] IPUIPlugin:80 - create IPUIPlugin
2025-09-07 16:32:22,518 [INFO] PluginManager:220 - loadIPPluginJar : add sai
2025-09-07 16:32:22,519 [INFO] IPUIPlugin:80 - create IPUIPlugin
2025-09-07 16:32:22,519 [INFO] PluginManager:220 - loadIPPluginJar : add spi
2025-09-07 16:32:22,525 [INFO] IPUIPlugin:80 - create IPUIPlugin
2025-09-07 16:32:22,525 [INFO] PluginManager:220 - loadIPPluginJar : add stm32_wpan
2025-09-07 16:32:22,526 [INFO] IPUIPlugin:80 - create IPUIPlugin
2025-09-07 16:32:22,527 [INFO] PluginManager:220 - loadIPPluginJar : add tim
2025-09-07 16:32:22,528 [INFO] IPUIPlugin:80 - create IPUIPlugin
2025-09-07 16:32:22,529 [INFO] PluginManager:220 - loadIPPluginJar : add touchsensing
2025-09-07 16:32:22,530 [INFO] IPUIPlugin:80 - create IPUIPlugin
2025-09-07 16:32:22,530 [INFO] PluginManager:220 - loadIPPluginJar : add tracer_emb
2025-09-07 16:32:22,531 [INFO] IPUIPlugin:80 - create IPUIPlugin
2025-09-07 16:32:22,531 [INFO] PluginManager:220 - loadIPPluginJar : add ts
2025-09-07 16:32:22,532 [INFO] IPUIPlugin:80 - create IPUIPlugin
2025-09-07 16:32:22,532 [INFO] PluginManager:220 - loadIPPluginJar : add tsc
2025-09-07 16:32:22,533 [INFO] IPUIPlugin:80 - create IPUIPlugin
2025-09-07 16:32:22,533 [INFO] PluginManager:220 - loadIPPluginJar : add ucpd
2025-09-07 16:32:22,535 [INFO] IPUIPlugin:80 - create IPUIPlugin
2025-09-07 16:32:22,535 [INFO] PluginManager:220 - loadIPPluginJar : add usart
2025-09-07 16:32:22,537 [INFO] IPUIPlugin:80 - create IPUIPlugin
2025-09-07 16:32:22,537 [INFO] PluginManager:220 - loadIPPluginJar : add usbx
2025-09-07 16:32:22,629 [FATAL] Updater:351 - Updater called before beeing initialized
2025-09-07 16:32:22,648 [INFO] RulesReader:64 - Compatibility file has been processed (317 Rules)
2025-09-07 16:32:22,657 [INFO] RulesReader:64 - Compatibility file has been processed (317 Rules)
2025-09-07 16:32:22,664 [INFO] CADModel:165 - CPN selected for project level
2025-09-07 16:32:22,664 [INFO] CADModel:114 - Register for checkConnection events
2025-09-07 16:32:22,665 [FATAL] Updater:351 - Updater called before beeing initialized
2025-09-07 16:32:22,665 [ERROR] CADModel:125 - Updater not yet initialized, retry later 
2025-09-07 16:32:22,757 [FATAL] Updater:351 - Updater called before beeing initialized
2025-09-07 16:32:22,759 [INFO] CADModel:165 - CPN selected for project level
2025-09-07 16:32:22,759 [INFO] CADModel:114 - Register for checkConnection events
2025-09-07 16:32:22,759 [FATAL] Updater:351 - Updater called before beeing initialized
2025-09-07 16:32:22,759 [ERROR] CADModel:125 - Updater not yet initialized, retry later 
2025-09-07 16:32:22,762 [FATAL] Updater:351 - Updater called before beeing initialized
2025-09-07 16:32:22,836 [FATAL] Updater:351 - Updater called before beeing initialized
2025-09-07 16:32:22,840 [INFO] DbMcusAds:53 - JSON generation date=Tue Jul 08 10:14:23 CEST 2025 (1751962463582)
2025-09-07 16:32:22,840 [FATAL] Updater:351 - Updater called before beeing initialized
2025-09-07 16:32:22,865 [WARN] DetailPanel:346 - Failed to get advertising image, set to default
2025-09-07 16:32:22,915 [FATAL] Updater:351 - Updater called before beeing initialized
2025-09-07 16:32:22,917 [FATAL] Updater:351 - Updater called before beeing initialized
2025-09-07 16:32:22,917 [FATAL] Updater:351 - Updater called before beeing initialized
2025-09-07 16:32:22,917 [WARN] DetailPanel:346 - Failed to get advertising image, set to default
2025-09-07 16:32:22,918 [FATAL] Updater:351 - Updater called before beeing initialized
2025-09-07 16:32:22,939 [ERROR] Updater:1198 - MainUpdater not yet initialized. External WinMGr cannot be set.
2025-09-07 16:32:22,940 [INFO] Updater:1134 - Updater Version found : 6.15.0
2025-09-07 16:32:22,952 [INFO] ApplicationProperties:184 - Using Application install path: /opt/st/stm32cubeide_1.19.0/plugins/com.st.stm32cube.common.mx_6.15.0.202507011659
2025-09-07 16:32:22,961 [ERROR] LogOutputStream:75 - [STDERR_REDIRECT] Sep 07, 2025 4:32:22 PM java.util.prefs.FileSystemPreferences$2 run
2025-09-07 16:32:22,961 [ERROR] LogOutputStream:75 - [STDERR_REDIRECT] WARNING: Could not create system preferences directory. System preferences are unusable.
2025-09-07 16:32:22,962 [ERROR] LogOutputStream:75 - [STDERR_REDIRECT] 
2025-09-07 16:32:23,194 [INFO] MainUpdater:2872 - connection check result : 10
2025-09-07 16:32:23,195 [INFO] MainUpdater:289 - Updater Check For Update Now.
2025-09-07 16:32:23,195 [INFO] MicroXplorer:498 - Change Database Version : DB.6.0.150
2025-09-07 16:32:23,199 [INFO] McuFinderGlobals:63 - Set McuFinder mode to 2 (CubeIDE integrated)
2025-09-07 16:32:23,199 [INFO] UserAuth:487 - Internet connection configuration mode: 1
2025-09-07 16:32:23,212 [INFO] JxBrowserEngine:152 - Initiate JxBrowser Engine with user profile folder
2025-09-07 16:32:23,356 [INFO] CheckServerUpdateThread:120 - End of CheckServer Thread
2025-09-07 16:32:23,693 [INFO] WebApp:169 - Instantiating new browser for Auth
2025-09-07 16:32:24,154 [INFO] WebApp:463 - Apply proxy settings
2025-09-07 16:32:24,154 [INFO] WebApp:548 - Chromium requires no authentication
2025-09-07 16:32:24,160 [INFO] WebApp:491 - Direct internet connection detected
2025-09-07 16:32:24,173 [INFO] WebApp:900 - Register for checkConnection events
2025-09-07 16:32:24,173 [INFO] WebApp:463 - Apply proxy settings
2025-09-07 16:32:24,174 [INFO] WebApp:548 - Chromium requires no authentication
2025-09-07 16:32:24,174 [INFO] WebApp:491 - Direct internet connection detected
2025-09-07 16:32:24,266 [INFO] WebApp:225 - Starting web application
2025-09-07 16:32:24,266 [INFO] WebApp:593 - Web application path used /opt/st/stm32cubeide_1.19.0/plugins/com.st.stm32cube.common.mx_6.15.0.202507011659/db/plugins/mcufinder/reactClient1/index.html
2025-09-07 16:32:24,340 [INFO] UserAuth:487 - Internet connection configuration mode: 1
2025-09-07 16:32:24,566 [INFO] WebApp:191 - Connection restablished
2025-09-07 16:32:25,215 [WARN] PackLoader:240 - Cannot read IP mode file for STMicroelectronics.FP-SNS-MOTENVWB1.1.4.0
2025-09-07 16:32:25,221 [WARN] PackLoader:240 - Cannot read IP mode file for STMicroelectronics.FP-ATR-ASTRA1.2.0.2
2025-09-07 16:32:25,227 [WARN] PackLoader:240 - Cannot read IP mode file for STMicroelectronics.X-CUBE-SMBUS.2.1.0
2025-09-07 16:32:25,231 [WARN] PackLoader:240 - Cannot read IP mode file for STMicroelectronics.X-CUBE-ST60.1.0.0
2025-09-07 16:32:25,253 [WARN] PackLoader:240 - Cannot read IP mode file for STMicroelectronics.X-CUBE-AZRTOS-F7.1.1.0
2025-09-07 16:32:25,265 [WARN] PackLoader:240 - Cannot read IP mode file for WES.I-CUBE-Cesium.1.4.0
2025-09-07 16:32:25,283 [WARN] PackLoader:240 - Cannot read IP mode file for Infineon.AIROC-Wi-Fi-Bluetooth-STM32.1.7.1
2025-09-07 16:32:25,325 [WARN] PackLoader:240 - Cannot read IP mode file for STMicroelectronics.X-CUBE-AZRTOS-H7.3.4.0
2025-09-07 16:32:25,338 [WARN] PackLoader:240 - Cannot read IP mode file for STMicroelectronics.X-CUBE-DISPLAY.3.0.0
2025-09-07 16:32:25,352 [WARN] PackLoader:240 - Cannot read IP mode file for STMicroelectronics.X-CUBE-NFC10.1.0.0
2025-09-07 16:32:25,360 [WARN] PackLoader:240 - Cannot read IP mode file for emotas.I-CUBE-CANOPEN.1.3.0
2025-09-07 16:32:25,367 [WARN] PackLoader:240 - Cannot read IP mode file for STMicroelectronics.FP-SNS-STBOX1.2.1.0
2025-09-07 16:32:25,393 [WARN] PackLoader:240 - Cannot read IP mode file for STMicroelectronics.FP-SNS-SMARTAG2.1.2.0
2025-09-07 16:32:25,399 [WARN] PackLoader:240 - Cannot read IP mode file for STMicroelectronics.FP-SNS-FLIGHT1.5.1.0
2025-09-07 16:32:25,409 [INFO] LogOutputStream:77 - [STDOUT_REDIRECT] 1 : Invalid condition id : UX_CORESTACK_Condition cause : null
2025-09-07 16:32:25,410 [INFO] LogOutputStream:77 - [STDOUT_REDIRECT] 1 : Invalid condition id : UX_CORESTACK_Condition cause : null
2025-09-07 16:32:25,412 [INFO] LogOutputStream:77 - [STDOUT_REDIRECT] 1 : Invalid condition id : UX_CORESTACK_Condition cause : null
2025-09-07 16:32:25,413 [INFO] LogOutputStream:77 - [STDOUT_REDIRECT] 1 : Invalid condition id : UX_CORESTACK_Condition cause : null
2025-09-07 16:32:25,414 [INFO] LogOutputStream:77 - [STDOUT_REDIRECT] 1 : Invalid condition id : UX_CORESTACK_Condition cause : null
2025-09-07 16:32:25,418 [WARN] PackLoader:240 - Cannot read IP mode file for STMicroelectronics.X-CUBE-AZRTOS-WL.2.0.0
2025-09-07 16:32:25,424 [WARN] PackLoader:240 - Cannot read IP mode file for STMicroelectronics.FP-SNS-MOTENV1.5.0.0
2025-09-07 16:32:25,432 [WARN] PackLoader:240 - Cannot read IP mode file for STMicroelectronics.X-CUBE-BLE2.3.3.0
2025-09-07 16:32:25,438 [WARN] PackLoader:240 - Cannot read IP mode file for STMicroelectronics.X-CUBE-NFC9.1.0.0
2025-09-07 16:32:25,444 [WARN] PackLoader:240 - Cannot read IP mode file for wolfSSL.I-CUBE-wolfSSL.5.8.2
2025-09-07 16:32:25,448 [WARN] PackLoader:240 - Cannot read IP mode file for STMicroelectronics.X-CUBE-BLE1.7.1.0
2025-09-07 16:32:25,452 [WARN] PackLoader:240 - Cannot read IP mode file for wolfSSL.I-CUBE-wolfMQTT.1.19.2
2025-09-07 16:32:25,458 [WARN] PackLoader:240 - Cannot read IP mode file for STMicroelectronics.X-CUBE-EEPRMA1.5.2.0
2025-09-07 16:32:25,476 [WARN] PackLoader:240 - Cannot read IP mode file for STMicroelectronics.X-CUBE-AZRTOS-G0.1.1.0
2025-09-07 16:32:25,485 [WARN] PackLoader:240 - Cannot read IP mode file for STMicroelectronics.X-CUBE-SAFEA1.1.2.2
2025-09-07 16:32:25,491 [WARN] PackLoader:240 - Cannot read IP mode file for STMicroelectronics.X-CUBE-NFC4.3.0.0
2025-09-07 16:32:25,501 [WARN] PackLoader:240 - Cannot read IP mode file for EmbeddedOffice.I-CUBE-FS-RTOS.1.0.1
2025-09-07 16:32:25,508 [WARN] PackLoader:240 - Cannot read IP mode file for STMicroelectronics.X-CUBE-WB05N.2.0.0
2025-09-07 16:32:25,512 [WARN] PackLoader:240 - Cannot read IP mode file for wolfSSL.I-CUBE-wolfTPM.3.8.0
2025-09-07 16:32:25,516 [WARN] PackLoader:240 - Cannot read IP mode file for STMicroelectronics.X-CUBE-TCPP.4.2.0
2025-09-07 16:32:25,520 [WARN] PackLoader:240 - Cannot read IP mode file for RealThread.X-CUBE-RT-Thread_Nano.4.1.1
2025-09-07 16:32:25,522 [WARN] PackLoader:240 - Cannot read IP mode file for STMicroelectronics.FP-ATR-SIGFOX1.3.2.0
2025-09-07 16:32:25,526 [WARN] PackLoader:240 - Cannot read IP mode file for ITTIA_DB.I-CUBE-ITTIADB.8.9.0
2025-09-07 16:32:25,530 [WARN] PackLoader:240 - Cannot read IP mode file for STMicroelectronics.X-CUBE-ST67W61.1.0.0
2025-09-07 16:32:25,533 [WARN] PackLoader:240 - Cannot read IP mode file for STMicroelectronics.X-CUBE-AI.10.2.0
2025-09-07 16:32:25,558 [WARN] PackLoader:240 - Cannot read IP mode file for SEGGER.I-CUBE-embOS.1.3.1
2025-09-07 16:32:25,594 [WARN] PackLoader:240 - Cannot read IP mode file for STMicroelectronics.X-CUBE-ALGOBUILD.1.4.0
2025-09-07 16:32:25,631 [WARN] PackLoader:240 - Cannot read IP mode file for STMicroelectronics.X-CUBE-MEMS1.11.3.0
2025-09-07 16:32:25,735 [WARN] PackLoader:240 - Cannot read IP mode file for STMicroelectronics.X-CUBE-PM33A1.1.0.0
2025-09-07 16:32:25,752 [WARN] PackLoader:240 - Cannot read IP mode file for STMicroelectronics.X-CUBE-AZRTOS-F4.1.1.0
2025-09-07 16:32:25,757 [WARN] PackLoader:240 - Cannot read IP mode file for Avnet-IotConnect.X-CUBE-IoTC-DA16k-PMOD.1.0.0
2025-09-07 16:32:25,761 [WARN] PackLoader:240 - Cannot read IP mode file for STMicroelectronics.X-CUBE-ISPU.2.1.0
2025-09-07 16:32:25,768 [WARN] PackLoader:240 - Cannot read IP mode file for STMicroelectronics.X-CUBE-NFC12.1.0.0
2025-09-07 16:32:25,781 [WARN] PackLoader:240 - Cannot read IP mode file for STMicroelectronics.X-CUBE-AZRTOS-L5.2.0.0
2025-09-07 16:32:25,788 [WARN] PackLoader:240 - Cannot read IP mode file for STMicroelectronics.X-CUBE-NFC6.3.1.0
2025-09-07 16:32:25,794 [WARN] PackLoader:240 - Cannot read IP mode file for STMicroelectronics.X-CUBE-FREERTOS.1.3.1
2025-09-07 16:32:25,797 [WARN] PackLoader:240 - Cannot read IP mode file for STMicroelectronics.FP-SNS-STAIOTCFT.1.0.0
2025-09-07 16:32:25,801 [WARN] PackLoader:240 - Cannot read IP mode file for STMicroelectronics.X-CUBE-DPower.1.3.0
2025-09-07 16:32:25,812 [WARN] ConditionMgr:438 - getConditionDescription Invalid condition id : LAN8742 Phy interface Condition cause : null
2025-09-07 16:32:25,813 [WARN] PackLoader:240 - Cannot read IP mode file for STMicroelectronics.X-CUBE-AZRTOS-L4.2.0.0
2025-09-07 16:32:25,814 [WARN] ConditionMgr:1044 - genDependencies : Invalid condition id : LAN8742 Phy interface Condition cause : null
2025-09-07 16:32:25,814 [WARN] ConditionMgr:1044 - genDependencies : Invalid condition id : LAN8742 Phy interface Condition cause : null
2025-09-07 16:32:25,814 [WARN] ConditionMgr:1044 - genDependencies : Invalid condition id : LAN8742 Phy interface Condition cause : null
2025-09-07 16:32:25,820 [WARN] PackLoader:240 - Cannot read IP mode file for STMicroelectronics.X-CUBE-SFXS2LP1.4.0.0
2025-09-07 16:32:25,826 [WARN] PackLoader:240 - Cannot read IP mode file for STMicroelectronics.X-CUBE-BLEMGR.4.1.0
2025-09-07 16:32:25,837 [WARN] ConditionMgr:438 - getConditionDescription Invalid condition id : UX DEVICE CLASS RTOS Condition cause : null
2025-09-07 16:32:25,837 [WARN] ConditionMgr:438 - getConditionDescription Invalid condition id : UX DEVICE CLASS RTOS Condition cause : null
2025-09-07 16:32:25,838 [WARN] PackLoader:240 - Cannot read IP mode file for STMicroelectronics.X-CUBE-AZRTOS-WB.2.0.0
2025-09-07 16:32:25,839 [WARN] ConditionMgr:1044 - genDependencies : Invalid condition id : UX DEVICE CLASS RTOS Condition cause : null
2025-09-07 16:32:25,839 [WARN] ConditionMgr:1044 - genDependencies : Invalid condition id : UX DEVICE CLASS RTOS Condition cause : null
2025-09-07 16:32:25,839 [WARN] ConditionMgr:1044 - genDependencies : Invalid condition id : UX DEVICE CLASS RTOS Condition cause : null
2025-09-07 16:32:25,839 [WARN] ConditionMgr:1044 - genDependencies : Invalid condition id : UX DEVICE CLASS RTOS Condition cause : null
2025-09-07 16:32:25,839 [WARN] ConditionMgr:1044 - genDependencies : Invalid condition id : UX DEVICE CLASS RTOS Condition cause : null
2025-09-07 16:32:25,843 [WARN] PackLoader:240 - Cannot read IP mode file for STMicroelectronics.X-CUBE-GNSS1.7.0.1
2025-09-07 16:32:25,847 [WARN] PackLoader:240 - Cannot read IP mode file for STMicroelectronics.X-CUBE-TOUCHGFX.4.25.0
2025-09-07 16:32:25,850 [WARN] ConditionMgr:438 - getConditionDescription Invalid condition id : Cortex-A Device cause : null
2025-09-07 16:32:25,861 [WARN] ConditionMgr:1044 - genDependencies : Invalid condition id : Cortex-A Device cause : null
2025-09-07 16:32:25,861 [WARN] ConditionMgr:1044 - genDependencies : Invalid condition id : Cortex-A Device cause : null
2025-09-07 16:32:25,861 [WARN] ConditionMgr:1044 - genDependencies : Invalid condition id : Cortex-A Device cause : null
2025-09-07 16:32:25,868 [WARN] PackLoader:240 - Cannot read IP mode file for STMicroelectronics.X-CUBE-SUBG2.5.0.0
2025-09-07 16:32:25,883 [WARN] PackLoader:240 - Cannot read IP mode file for STMicroelectronics.X-CUBE-AZRTOS-H7RS.1.1.0
2025-09-07 16:32:25,888 [WARN] PackLoader:240 - Cannot read IP mode file for Cesanta.I-CUBE-Mongoose.7.13.0
2025-09-07 16:32:25,898 [WARN] PackLoader:240 - Cannot read IP mode file for STMicroelectronics.X-CUBE-AZRTOS-G4.2.0.0
2025-09-07 16:32:25,902 [WARN] PackLoader:240 - Cannot read IP mode file for wolfSSL.I-CUBE-wolfSSH.1.4.20
2025-09-07 16:32:25,906 [WARN] PackLoader:240 - Cannot read IP mode file for STMicroelectronics.X-CUBE-NFC7.2.0.0
2025-09-07 16:32:25,926 [WARN] PackLoader:240 - Cannot read IP mode file for STMicroelectronics.X-CUBE-IPS.3.1.0
2025-09-07 16:32:25,941 [WARN] PackLoader:240 - Cannot read IP mode file for STMicroelectronics.X-CUBE-ALS.1.0.2
2025-09-07 16:32:25,954 [WARN] PackLoader:240 - Cannot read IP mode file for STMicroelectronics.X-CUBE-TOF1.3.4.3
2025-09-07 16:32:25,971 [INFO] ThirdParty:978 - Integrity check success = true
2025-09-07 16:32:25,971 [INFO] IntegrityCheckThread:100 - exiting critical section [integrity check]
2025-09-07 16:32:25,971 [INFO] IntegrityCheckThread:103 - End integrity checks thread
2025-09-07 16:32:51,429 [ERROR] LogOutputStream:75 - [STDERR_REDIRECT] Sep 07, 2025 4:32:51 PM java.util.prefs.FileSystemPreferences checkLockFile0ErrorCode
2025-09-07 16:32:51,430 [ERROR] LogOutputStream:75 - [STDERR_REDIRECT] WARNING: Could not lock System prefs. Unix error code 2.
2025-09-07 16:32:51,430 [ERROR] LogOutputStream:75 - [STDERR_REDIRECT] 
2025-09-07 16:32:51,430 [ERROR] LogOutputStream:75 - [STDERR_REDIRECT] Sep 07, 2025 4:32:51 PM java.util.prefs.FileSystemPreferences syncWorld
2025-09-07 16:32:51,431 [ERROR] LogOutputStream:75 - [STDERR_REDIRECT] WARNING: Couldn't flush system prefs: java.util.prefs.BackingStoreException: Couldn't get file lock.
2025-09-07 16:32:51,431 [ERROR] LogOutputStream:75 - [STDERR_REDIRECT] 
2025-09-07 16:33:21,426 [ERROR] LogOutputStream:75 - [STDERR_REDIRECT] Sep 07, 2025 4:33:21 PM java.util.prefs.FileSystemPreferences checkLockFile0ErrorCode
2025-09-07 16:33:21,427 [ERROR] LogOutputStream:75 - [STDERR_REDIRECT] WARNING: Could not lock System prefs. Unix error code 2.
2025-09-07 16:33:21,428 [ERROR] LogOutputStream:75 - [STDERR_REDIRECT] 
2025-09-07 16:33:21,429 [ERROR] LogOutputStream:75 - [STDERR_REDIRECT] Sep 07, 2025 4:33:21 PM java.util.prefs.FileSystemPreferences syncWorld
2025-09-07 16:33:21,431 [ERROR] LogOutputStream:75 - [STDERR_REDIRECT] WARNING: Couldn't flush system prefs: java.util.prefs.BackingStoreException: Couldn't get file lock.
2025-09-07 16:33:21,431 [ERROR] LogOutputStream:75 - [STDERR_REDIRECT] 
2025-09-07 16:33:51,424 [ERROR] LogOutputStream:75 - [STDERR_REDIRECT] Sep 07, 2025 4:33:51 PM java.util.prefs.FileSystemPreferences checkLockFile0ErrorCode
2025-09-07 16:33:51,425 [ERROR] LogOutputStream:75 - [STDERR_REDIRECT] WARNING: Could not lock System prefs. Unix error code 2.
2025-09-07 16:33:51,425 [ERROR] LogOutputStream:75 - [STDERR_REDIRECT] 
2025-09-07 16:33:51,427 [ERROR] LogOutputStream:75 - [STDERR_REDIRECT] Sep 07, 2025 4:33:51 PM java.util.prefs.FileSystemPreferences syncWorld
2025-09-07 16:33:51,428 [ERROR] LogOutputStream:75 - [STDERR_REDIRECT] WARNING: Couldn't flush system prefs: java.util.prefs.BackingStoreException: Couldn't get file lock.
2025-09-07 16:33:51,428 [ERROR] LogOutputStream:75 - [STDERR_REDIRECT] 
2025-09-07 16:34:21,424 [ERROR] LogOutputStream:75 - [STDERR_REDIRECT] Sep 07, 2025 4:34:21 PM java.util.prefs.FileSystemPreferences checkLockFile0ErrorCode
2025-09-07 16:34:21,425 [ERROR] LogOutputStream:75 - [STDERR_REDIRECT] WARNING: Could not lock System prefs. Unix error code 2.
2025-09-07 16:34:21,425 [ERROR] LogOutputStream:75 - [STDERR_REDIRECT] 
2025-09-07 16:34:21,426 [ERROR] LogOutputStream:75 - [STDERR_REDIRECT] Sep 07, 2025 4:34:21 PM java.util.prefs.FileSystemPreferences syncWorld
2025-09-07 16:34:21,428 [ERROR] LogOutputStream:75 - [STDERR_REDIRECT] WARNING: Couldn't flush system prefs: java.util.prefs.BackingStoreException: Couldn't get file lock.
2025-09-07 16:34:21,428 [ERROR] LogOutputStream:75 - [STDERR_REDIRECT] 
2025-09-07 16:34:40,957 [INFO] WebApp:194 - Connection lost
2025-09-07 16:34:45,947 [INFO] WebApp:191 - Connection restablished
2025-09-07 16:34:51,423 [ERROR] LogOutputStream:75 - [STDERR_REDIRECT] Sep 07, 2025 4:34:51 PM java.util.prefs.FileSystemPreferences checkLockFile0ErrorCode
2025-09-07 16:34:51,424 [ERROR] LogOutputStream:75 - [STDERR_REDIRECT] WARNING: Could not lock System prefs. Unix error code 2.
2025-09-07 16:34:51,424 [ERROR] LogOutputStream:75 - [STDERR_REDIRECT] 
2025-09-07 16:34:51,425 [ERROR] LogOutputStream:75 - [STDERR_REDIRECT] Sep 07, 2025 4:34:51 PM java.util.prefs.FileSystemPreferences syncWorld
2025-09-07 16:34:51,426 [ERROR] LogOutputStream:75 - [STDERR_REDIRECT] WARNING: Couldn't flush system prefs: java.util.prefs.BackingStoreException: Couldn't get file lock.
2025-09-07 16:34:51,426 [ERROR] LogOutputStream:75 - [STDERR_REDIRECT] 
2025-09-07 16:34:53,538 [INFO] McuFinderGlobals:63 - Set McuFinder mode to 2 (CubeIDE integrated)
2025-09-07 16:34:53,540 [INFO] MainUpdater:2872 - connection check result : 10
2025-09-07 16:34:53,991 [INFO] ApiDb:581 - Connected to CubeFinder SQLite database (/home/matijak/.stmcufinder/plugins/mcufinder/mcu/cube-finder-db.db)
2025-09-07 16:34:54,069 [INFO] ApiDb:668 - CubeFinder database Data Model version=2.1
2025-09-07 16:34:54,069 [INFO] ApiDb:669 - CubeFinder database Configuration version=3.0.39
2025-09-07 16:34:54,070 [INFO] ApiDb:670 - CubeFinder database generation date=2025-07-24 (1753349077)
2025-09-07 16:34:54,070 [INFO] ApiDb:671 - CubeFinder database FW Pack versions=[FP-ATR-ASTRA1_V2.0.0, FP-SNS-FLIGHT1_V5.1.0, FP-SNS-MOTENV1_V5.0.0, FP-SNS-MOTENVWB1_V1.4.0, FP-SNS-SMARTAG2_V1.2.0, FP-SNS-STBOX1_V2.0.0, STM32Cube_FW_C0_V1.4.0, STM32Cube_FW_F4_V1.28.2, STM32Cube_FW_F7_V1.17.3, STM32Cube_FW_G0_V1.6.2, STM32Cube_FW_G4_V1.6.1, STM32Cube_FW_H5_V1.5.0, STM32Cube_FW_H7RS_V1.2.0, STM32Cube_FW_H7_V1.12.1, STM32Cube_FW_L0_V1.12.2, STM32Cube_FW_L4_V1.18.1, STM32Cube_FW_L5_V1.5.1, STM32Cube_FW_N6_V1.2.0, STM32Cube_FW_U0_V1.3.0, STM32Cube_FW_U3_V1.2.0, STM32Cube_FW_U5_V1.8.0, STM32Cube_FW_WB0_V1.3.0, STM32Cube_FW_WBA_V1.7.0, STM32Cube_FW_WB_V1.23.0, STM32Cube_FW_WL3_V1.2.0, STM32Cube_FW_WL_V1.3.1, X-CUBE-ALGOBUILD_V1.4.0, X-CUBE-ALS_V1.0.2, X-CUBE-AZRTOS-F4_V1.1.0, X-CUBE-AZRTOS-F7_V1.1.0, X-CUBE-AZRTOS-G0_V1.1.0, X-CUBE-AZRTOS-G4_V2.0.0, X-CUBE-AZRTOS-H7RS_V1.1.0, X-CUBE-AZRTOS-H7_V3.4.0, X-CUBE-AZRTOS-L4_V2.0.0, X-CUBE-AZRTOS-L5_V2.0.0, X-CUBE-AZRTOS-WB_V2.0.0, X-CUBE-AZRTOS-WL_V2.0.0, X-CUBE-BLE1_V7.1.0, X-CUBE-BLE2_V3.3.0, X-CUBE-BLEMGR_V4.1.0, X-CUBE-EEPRMA1_V5.2.0, X-CUBE-FREERTOS_V1.3.1, X-CUBE-GNSS1_V6.0.0, X-CUBE-MEMS1_V11.3.0, X-CUBE-NFC4_V3.0.0, X-CUBE-NFC7_V2.0.0, X-CUBE-SFXS2LP1_V4.0.0, X-CUBE-ST67W61_V1.0.0, X-CUBE-SUBG2_V5.0.0, X-CUBE-TOF1_V3.4.3]
2025-09-07 16:34:56,200 [INFO] ApiDb:240 - Found 880 in-development CPN: [B-G473E-ZEST1S, B-WB1M-WPAN1, B-WBA5M-WPAN, B-WL5M-SUBG1, NUCLEO-C031C6, NUCLEO-C051C8, NUCLEO-C071RB, NUCLEO-C092RC, NUCLEO-H503RB, NUCLEO-H533RE, NUCLEO-H563ZI, NUCLEO-H7S3L8, NUCLEO-N657X0-Q, NUCLEO-U031R8, NUCLEO-U083RC, NUCLEO-U385RG-Q, NUCLEO-U545RE-Q, NUCLEO-U5A5ZJ-Q, NUCLEO-WB05KZ, NUCLEO-WB07CC, NUCLEO-WB09KE, NUCLEO-WBA52CG, NUCLEO-WBA55CG, NUCLEO-WL33CC1, NUCLEO-WL33CC2, STEVAL-PROTEUS1, STEVAL-SMARTAG2, STEVAL-STWINBX1, STM320518-EVAL, STM32C0116-DK, STM32C011D6Y3TR, STM32C011D6Y6TR, STM32C011F4P3, STM32C011F4P6, STM32C011F4U3, STM32C011F4U6TR, STM32C011F6P3, STM32C011F6P6, STM32C011F6U3, STM32C011F6U6TR, STM32C011J4M3, STM32C011J4M6, STM32C011J6M3, STM32C011J6M6, STM32C0316-DK, STM32C031C4T3, STM32C031C4T6, STM32C031C4U3, STM32C031C4U6, STM32C031C6T3, STM32C031C6T6, STM32C031C6U3, STM32C031C6U6, STM32C031F4P3, STM32C031F4P6, STM32C031F6P3, STM32C031F6P6, STM32C031G4U3, STM32C031G4U6, STM32C031G6U3, STM32C031G6U6, STM32C031K4T3, STM32C031K4T6, STM32C031K4U3, STM32C031K4U6, STM32C031K6T3, STM32C031K6T6, STM32C031K6U3, STM32C031K6U6, STM32C051C6T6, STM32C051C6U6, STM32C051C8T6, STM32C051C8U6, STM32C051D8Y6TR, STM32C051F6P6, STM32C051F8P6, STM32C051G6U6, STM32C051G8U6, STM32C051K6T6, STM32C051K6U6, STM32C051K8T6, STM32C071C8T6, STM32C071C8T6N, STM32C071C8U6, STM32C071C8U6N, STM32C071CBT6, STM32C071CBT6N, STM32C071CBU6, STM32C071CBU6N, STM32C071F8P6, STM32C071F8P6N, STM32C071FBP6, STM32C071FBP6N, STM32C071FBY6TR, STM32C071G8U6, STM32C071G8U6N, STM32C071GBU6, STM32C071GBU6N, STM32C071K8T6, STM32C071K8T6N, STM32C071K8U6, STM32C071K8U6N, STM32C071KBT6, STM32C071KBT6N, STM32C071KBU6, STM32C071KBU6N, STM32C071R8T6, STM32C071R8T6N, STM32C071RBI6N, STM32C071RBT6, STM32C071RBT6N, STM32C091CBT6, STM32C091CBU6, STM32C091CCT6, STM32C091CCU6, STM32C091ECY6TR, STM32C091FBP6, STM32C091FCP6, STM32C091GBU6, STM32C091GCU6, STM32C091KBT6, STM32C091KBU6, STM32C091KCT6, STM32C091KCU6, STM32C091RBT6, STM32C091RCI6, STM32C091RCT6, STM32C092CBT6, STM32C092CBU6, STM32C092CCT6, STM32C092CCU6, STM32C092ECY6TR, STM32C092FBP6, STM32C092FCP6, STM32C092GBU6, STM32C092GCU6, STM32C092KBT6, STM32C092KBU6, STM32C092KCT6, STM32C092KCU6, STM32C092RBT6, STM32C092RCI6, STM32C092RCT6, STM32G071K8TXN, STM32G071K8UXN, STM32G081GBU6N, STM32G081KBT6N, STM32G081KBUXN, STM32G0B1CCT6N, STM32G0B1KCT6, STM32G0B1NEY6TR, STM32G0B1RCT6N, STM32G0C1CCT6, STM32G0C1CCT6N, STM32G0C1CCU6N, STM32G0C1CET6N, STM32G0C1CEU6N, STM32G0C1KCT6, STM32G0C1NEY6TR, STM32G0C1RCI6N, STM32G0C1RCT6N, STM32G0C1REI6N, STM32G0C1RET6N, STM32G0C1VCI6, STM32G0C1VEI6, STM32G411C6T3, STM32G411C6T6, STM32G411C6U3, STM32G411C6U6, STM32G411C8T3, STM32G411C8T6, STM32G411C8U3, STM32G411C8U6, STM32G411CBT3, STM32G411CBT6, STM32G411CBU3, STM32G411CBU6, STM32G411K6T3, STM32G411K6T6, STM32G411K6U3, STM32G411K6U6, STM32G411K8T3, STM32G411K8T6, STM32G411K8U3, STM32G411K8U6, STM32G411KBT3, STM32G411KBT6, STM32G411KBU3, STM32G411KBU6, STM32G411M6T3, STM32G411M6T6, STM32G411M8T3, STM32G411M8T6, STM32G411MBT3, STM32G411MBT6, STM32G411R6T3, STM32G411R6T6, STM32G411R8T3, STM32G411R8T6, STM32G411RBT3, STM32G411RBT6, STM32G414CBT3, STM32G414CBT6, STM32G414CBU3, STM32G414CBU6, STM32G414CCT3, STM32G414CCT6, STM32G414CCU3, STM32G414CCU6, STM32G414MBT3, STM32G414MBT6, STM32G414MCT3, STM32G414MCT6, STM32G414RBT3, STM32G414RBT6, STM32G414RCT3, STM32G414RCT6, STM32G414VBT3, STM32G414VBT6, STM32G414VCT3, STM32G414VCT6, STM32G431CBT3Z, STM32G431RBT3Z, STM32G471CCT6, STM32G471CCU6, STM32G471CET3, STM32G471CET6, STM32G471CEU3, STM32G471CEU6, STM32G471MCT6, STM32G471MET3, STM32G471MET6, STM32G471MEY6TR, STM32G471QCT6, STM32G471QET3, STM32G471RCT6, STM32G471RET3, STM32G471RET6, STM32G471VCH6, STM32G471VCI6, STM32G471VCT6, STM32G471VEH3, STM32G471VEH6, STM32G471VEI3, STM32G471VEI6, STM32G471VET3, STM32G471VET6, STM32G473QET3Z, STM32G473RET3Z, STM32G474CCT6, STM32G491RET3Z, STM32H503CBT6, STM32H503CBU6, STM32H503EBY6TR, STM32H503KBU6, STM32H503RBT6, STM32H523CCT6, STM32H523CCU6, STM32H523CET6, STM32H523CEU6, STM32H523HEY6TR, STM32H523RCT6, STM32H523RET6, STM32H523VCI6, STM32H523VCT6, STM32H523VEI6, STM32H523VET6, STM32H523ZCJ6, STM32H523ZCT6, STM32H523ZEJ6, STM32H523ZET6, STM32H533CET6, STM32H533CEU6, STM32H533HEY6TR, STM32H533RET6, STM32H533VEI6, STM32H533VET6, STM32H533ZEJ6, STM32H533ZET6, STM32H562AGI6, STM32H562AII6, STM32H562IGK6, STM32H562IGT6, STM32H562IIK6, STM32H562IIT6, STM32H562RGT6, STM32H562RGV6, STM32H562RIT6, STM32H562RIV6, STM32H562VGT6, STM32H562VIT6, STM32H562ZGT6, STM32H562ZIT6, STM32H563AGI6, STM32H563AII3Q, STM32H563AII6, STM32H563IGK6, STM32H563IGT6, STM32H563IIK3Q, STM32H563IIK6, STM32H563IIT3Q, STM32H563IIT6, STM32H563MIY3QTR, STM32H563RGT6, STM32H563RGV6, STM32H563RIT6, STM32H563RIV6, STM32H563VGT6, STM32H563VIT3Q, STM32H563VIT6, STM32H563ZGT6, STM32H563ZIT3Q, STM32H563ZIT6, STM32H573AII3Q, STM32H573AII6, STM32H573I-DK, STM32H573IIK3Q, STM32H573IIK6, STM32H573IIT3Q, STM32H573IIT6, STM32H573MIY3QTR, STM32H573RIT6, STM32H573RIV6, STM32H573VIT3Q, STM32H573VIT6, STM32H573ZIT3Q, STM32H573ZIT6, STM32H7R3A8I6, STM32H7R3I8K6, STM32H7R3I8T6, STM32H7R3L8H6, STM32H7R3L8H6H, STM32H7R3R8V6, STM32H7R3V8H6, STM32H7R3V8T6, STM32H7R3V8Y6TR, STM32H7R3Z8J6, STM32H7R3Z8T6, STM32H7R7A8I6, STM32H7R7I8K6, STM32H7R7I8T6, STM32H7R7L8H6, STM32H7R7L8H6H, STM32H7R7Z8J6, STM32H7S3A8I6, STM32H7S3I8K6, STM32H7S3I8T6, STM32H7S3L8H6, STM32H7S3L8H6H, STM32H7S3R8V6, STM32H7S3V8H6, STM32H7S3V8T6, STM32H7S3V8Y6TR, STM32H7S3Z8J6, STM32H7S3Z8T6, STM32H7S78-DK, STM32H7S7A8I6, STM32H7S7I8K6, STM32H7S7I8T6, STM32H7S7L8H6, STM32H7S7L8H6H, STM32H7S7Z8J6, STM32L4R5QGI6STR, STM32MP131AAE3, STM32MP131AAF3, STM32MP131AAG3, STM32MP131CAE3, STM32MP131CAF3, STM32MP131CAG3, STM32MP131DAE7, STM32MP131DAF7, STM32MP131DAG7, STM32MP131FAE7, STM32MP131FAF7, STM32MP131FAG7, STM32MP133AAE3, STM32MP133AAF3, STM32MP133AAG3, STM32MP133CAE3, STM32MP133CAF3, STM32MP133CAG3, STM32MP133DAE7, STM32MP133DAF7, STM32MP133DAG7, STM32MP133FAE7, STM32MP133FAF7, STM32MP133FAG7, STM32MP135AAE3, STM32MP135AAF3, STM32MP135AAG3, STM32MP135CAE3, STM32MP135CAF3, STM32MP135CAG3, STM32MP135DAE7, STM32MP135DAF7, STM32MP135DAG7, STM32MP135F-DK, STM32MP135FAE7, STM32MP135FAF7, STM32MP135FAF7T, STM32MP135FAF7U, STM32MP135FAG7, STM32MP211AAL3, STM32MP211AAM3, STM32MP211AAN3, STM32MP211AAO3, STM32MP211CAL3, STM32MP211CAM3, STM32MP211CAN3, STM32MP211CAO3, STM32MP211DAL3, STM32MP211DAM3, STM32MP211DAN3, STM32MP211DAO3, STM32MP211FAL3, STM32MP211FAM3, STM32MP211FAN3, STM32MP211FAO3, STM32MP213AAL3, STM32MP213AAM3, STM32MP213AAN3, STM32MP213AAO3, STM32MP213CAL3, STM32MP213CAM3, STM32MP213CAN3, STM32MP213CAO3, STM32MP213DAL3, STM32MP213DAM3, STM32MP213DAN3, STM32MP213DAO3, STM32MP213FAL3, STM32MP213FAM3, STM32MP213FAN3, STM32MP213FAO3, STM32MP215AAL3, STM32MP215AAM3, STM32MP215AAN3, STM32MP215AAO3, STM32MP215CAL3, STM32MP215CAM3, STM32MP215CAN3, STM32MP215CAO3, STM32MP215DAL3, STM32MP215DAM3, STM32MP215DAN3, STM32MP215DAO3, STM32MP215F-DK, STM32MP215FAL3, STM32MP215FAM3, STM32MP215FAN3, STM32MP215FAO3, STM32MP231AAJ3, STM32MP231AAK3, STM32MP231AAL3, STM32MP231CAJ3, STM32MP231CAK3, STM32MP231CAL3, STM32MP231DAJ3, STM32MP231DAK3, STM32MP231DAL3, STM32MP231FAJ3, STM32MP231FAK3, STM32MP231FAL3, STM32MP233AAJ3, STM32MP233AAK3, STM32MP233AAL3, STM32MP233CAJ3, STM32MP233CAK3, STM32MP233CAL3, STM32MP233DAJ3, STM32MP233DAK3, STM32MP233DAL3, STM32MP233FAJ3, STM32MP233FAK3, STM32MP233FAL3, STM32MP235AAJ3, STM32MP235AAK3, STM32MP235AAL3, STM32MP235CAJ3, STM32MP235CAK3, STM32MP235CAL3, STM32MP235DAJ3, STM32MP235DAK3, STM32MP235DAL3, STM32MP235FAJ3, STM32MP235FAK3, STM32MP235FAL3, STM32MP251AAI3, STM32MP251AAK3, STM32MP251AAL3, STM32MP251CAI3, STM32MP251CAK3, STM32MP251CAL3, STM32MP251DAI3, STM32MP251DAK3, STM32MP251DAL3, STM32MP251FAI3, STM32MP251FAK3, STM32MP251FAL3, STM32MP253AAI3, STM32MP253AAK3, STM32MP253AAL3, STM32MP253CAI3, STM32MP253CAK3, STM32MP253CAL3, STM32MP253DAI3, STM32MP253DAK3, STM32MP253DAL3, STM32MP253FAI3, STM32MP253FAK3, STM32MP253FAL3, STM32MP255AAI3, STM32MP255AAK3, STM32MP255AAL3, STM32MP255CAI3, STM32MP255CAK3, STM32MP255CAL3, STM32MP255DAI3, STM32MP255DAK3, STM32MP255DAL3, STM32MP255FAI3, STM32MP255FAK3, STM32MP255FAL3, STM32MP257AAI3, STM32MP257AAK3, STM32MP257AAL3, STM32MP257CAI3, STM32MP257CAK3, STM32MP257CAL3, STM32MP257DAI3, STM32MP257DAK3, STM32MP257DAL3, STM32MP257F-DK, STM32MP257F-EV1, STM32MP257FAI3, STM32MP257FAK3, STM32MP257FAL3, STM32N645A0H3Q, STM32N645B0H3Q, STM32N645I0H3Q, STM32N645L0H3Q, STM32N645X0H3Q, STM32N645Z0H3Q, STM32N647A0H3Q, STM32N647B0H3Q, STM32N647I0H3Q, STM32N647L0H3Q, STM32N647X0H3Q, STM32N647Z0H3Q, STM32N655A0H3Q, STM32N655B0H3Q, STM32N655I0H3Q, STM32N655L0H3Q, STM32N655X0H3Q, STM32N655Z0H3Q, STM32N6570-DK, STM32N657A0H3Q, STM32N657B0H3Q, STM32N657I0H3Q, STM32N657L0H3Q, STM32N657X0H3Q, STM32N657Z0H3Q, STM32U031C6T6, STM32U031C6U6, STM32U031C8T6, STM32U031C8U6, STM32U031F4P6, STM32U031F6P6, STM32U031F8P6, STM32U031G6Y6TR, STM32U031G8Y6TR, STM32U031K4U6, STM32U031K6U6, STM32U031K8U6, STM32U031R6I6, STM32U031R6T6, STM32U031R8I6, STM32U031R8T6, STM32U073C8T6, STM32U073C8U6, STM32U073CBT6, STM32U073CBU6, STM32U073CCT6, STM32U073CCU6, STM32U073H8Y6TR, STM32U073HBY6TR, STM32U073HCY6TR, STM32U073K8U6, STM32U073KBU6, STM32U073KCU6, STM32U073M8I6, STM32U073M8T6, STM32U073MBI6, STM32U073MBT6, STM32U073MCI6, STM32U073MCT6, STM32U073R8I6, STM32U073R8T6, STM32U073RBI6, STM32U073RBT6, STM32U073RCI6, STM32U073RCT6, STM32U083C-DK, STM32U083CCT6, STM32U083CCU6, STM32U083HCY6TR, STM32U083KCU6, STM32U083MCI6, STM32U083MCT6, STM32U083RCI6, STM32U083RCT6, STM32U375CET6, STM32U375CET6Q, STM32U375CEU6, STM32U375CEU6Q, STM32U375CEY6QTR, STM32U375CGT6, STM32U375CGT6Q, STM32U375CGU6, STM32U375CGU6Q, STM32U375CGY6QTR, STM32U375KEU6, STM32U375KGU6, STM32U375REI6, STM32U375REI6Q, STM32U375RET6, STM32U375RET6Q, STM32U375REY6GTR, STM32U375REY6QTR, STM32U375RGI6, STM32U375RGI6Q, STM32U375RGT6, STM32U375RGT6Q, STM32U375RGY6GTR, STM32U375RGY6QTR, STM32U375VEI6, STM32U375VEI6Q, STM32U375VET6, STM32U375VET6Q, STM32U375VGI6, STM32U375VGI6Q, STM32U375VGT6, STM32U375VGT6Q, STM32U385CGT6, STM32U385CGT6Q, STM32U385CGU6, STM32U385CGU6Q, STM32U385CGY6QTR, STM32U385KGU6, STM32U385RGI6, STM32U385RGI6Q, STM32U385RGT6, STM32U385RGT6Q, STM32U385RGY6GTR, STM32U385RGY6QTR, STM32U385VGI6, STM32U385VGI6Q, STM32U385VGT6, STM32U385VGT6Q, STM32U535CBT6, STM32U535CBT6Q, STM32U535CBU6, STM32U535CBU6Q, STM32U535CCT6, STM32U535CCT6Q, STM32U535CCU6, STM32U535CCU6Q, STM32U535CET6, STM32U535CET6Q, STM32U535CEU6, STM32U535CEU6Q, STM32U535JEY6QTR, STM32U535NCY6QTR, STM32U535NEY6QTR, STM32U535RBI6, STM32U535RBI6Q, STM32U535RBT6, STM32U535RBT6Q, STM32U535RCI6, STM32U535RCI6Q, STM32U535RCT6, STM32U535RCT6Q, STM32U535REI6, STM32U535REI6Q, STM32U535RET6, STM32U535RET6Q, STM32U535VCI6, STM32U535VCI6Q, STM32U535VCT6, STM32U535VCT6Q, STM32U535VEI6, STM32U535VEI6Q, STM32U535VET6, STM32U535VET6Q, STM32U545CET6, STM32U545CET6Q, STM32U545CEU6, STM32U545CEU6Q, STM32U545JEY6QTR, STM32U545NEY6QTR, STM32U545REI6, STM32U545REI6Q, STM32U545RET6, STM32U545RET6Q, STM32U545VEI6, STM32U545VEI6Q, STM32U545VET6, STM32U545VET6Q, STM32U595AIH6, STM32U595AIH6Q, STM32U595AJH6, STM32U595AJH6Q, STM32U595QII6, STM32U595QII6Q, STM32U595QJI6, STM32U595QJI6Q, STM32U595RIT6, STM32U595RIT6Q, STM32U595RJT6, STM32U595RJT6Q, STM32U595VIT6, STM32U595VIT6Q, STM32U595VJT6, STM32U595VJT6Q, STM32U595ZIT6, STM32U595ZIT6Q, STM32U595ZIY6QTR, STM32U595ZJT6, STM32U595ZJT6Q, STM32U595ZJY6QTR, STM32U599BJY6QTR, STM32U599NIH6Q, STM32U599NJH6Q, STM32U599VIT6Q, STM32U599VJT6, STM32U599VJT6Q, STM32U599ZIT6Q, STM32U599ZIY6QTR, STM32U599ZJT6Q, STM32U599ZJY6QTR, STM32U5A5AJH6, STM32U5A5AJH6Q, STM32U5A5QII3Q , STM32U5A5QJI6, STM32U5A5QJI6Q, STM32U5A5RJT6, STM32U5A5RJT6Q, STM32U5A5VJT6, STM32U5A5VJT6Q, STM32U5A5ZJT6, STM32U5A5ZJT6Q, STM32U5A5ZJY6QTR, STM32U5A9BJY6QTR, STM32U5A9J-DK, STM32U5A9NJH6Q, STM32U5A9VJT6Q, STM32U5A9ZJT6Q, STM32U5A9ZJY6QTR, STM32U5F7VIT6, STM32U5F7VIT6Q, STM32U5F7VJT6, STM32U5F7VJT6Q, STM32U5F9BJY6QTR, STM32U5F9NJH6Q, STM32U5F9VIT6Q, STM32U5F9VJT6Q, STM32U5F9ZIJ6QTR, STM32U5F9ZIT6Q, STM32U5F9ZJJ6QTR, STM32U5F9ZJT6Q, STM32U5G7VJT6, STM32U5G7VJT6Q, STM32U5G9BJY6QTR, STM32U5G9J-DK1, STM32U5G9J-DK2, STM32U5G9NJH6Q, STM32U5G9VJT6Q, STM32U5G9ZJJ6QTR, STM32U5G9ZJT6Q, STM32WB05KZV6TR, STM32WB05KZV7TR, STM32WB05TZF6TR, STM32WB05TZF7TR, STM32WB06CCF6TR, STM32WB06CCF7TR, STM32WB06CCV6TR, STM32WB06CCV7TR, STM32WB06KCV6TR, STM32WB06KCV7TR, STM32WB07CCF6TR, STM32WB07CCF7TR, STM32WB07CCV6TR, STM32WB07CCV7TR, STM32WB07KCV6TR, STM32WB07KCV7TR, STM32WB09KEV6TR, STM32WB09KEV7TR, STM32WB09TEF6TR, STM32WB09TEF7TR, STM32WB1MMCH6, STM32WBA50KGU6, STM32WBA50KGU6TR, STM32WBA52CEU6, STM32WBA52CEU6TR, STM32WBA52CEU7, STM32WBA52CEU7TR, STM32WBA52CGU6, STM32WBA52CGU6TR, STM32WBA52CGU6U, STM32WBA52CGU7, STM32WBA52CGU7TR, STM32WBA52KEU6, STM32WBA52KEU6TR, STM32WBA52KGU6, STM32WBA52KGU6TR, STM32WBA54CEU6, STM32WBA54CEU6TR, STM32WBA54CEU7, STM32WBA54CEU7TR, STM32WBA54CGU6, STM32WBA54CGU6TR, STM32WBA54CGU7, STM32WBA54CGU7TR, STM32WBA54KEU6, STM32WBA54KEU6TR, STM32WBA54KEU7, STM32WBA54KEU7TR, STM32WBA54KGU6, STM32WBA54KGU6TR, STM32WBA54KGU7, STM32WBA54KGU7TR, STM32WBA55CEU6, STM32WBA55CEU6TR, STM32WBA55CEU7, STM32WBA55CEU7TR, STM32WBA55CGU6, STM32WBA55CGU6TR, STM32WBA55CGU6U, STM32WBA55CGU7, STM32WBA55CGU7TR, STM32WBA55G-DK1, STM32WBA55HEF6, STM32WBA55HEF7, STM32WBA55HGF6, STM32WBA55HGF7, STM32WBA55UEI6, STM32WBA55UEI6TR, STM32WBA55UEI7, STM32WBA55UEI7TR, STM32WBA55UGI6, STM32WBA55UGI6TR, STM32WBA55UGI7, STM32WBA55UGI7TR, STM32WBA5MMGH6TR, STM32WBA62MGF6, STM32WBA62MIF6, STM32WBA65MGF7, STM32WBA65MIF6, STM32WBA65MIF7, STM32WL30K8V6, STM32WL30KBV6, STM32WL31C8V6, STM32WL31CBV6, STM32WL31K8V6, STM32WL31KBV6, STM32WL33C8V6, STM32WL33C8V6X, STM32WL33CBV6, STM32WL33CBV6X, STM32WL33CCV6, STM32WL33CCV6A, STM32WL33CCV6X, STM32WL33K8V7, STM32WL33K8V7X, STM32WL33KBV7 , STM32WL33KBV7X, STM32WL33KCV7, STM32WL33KCV7X, STM32WL5MOCH6, STM32WL5MOCH6TR]
2025-09-07 16:34:56,204 [INFO] DbMcus:218 - Found 4801 MCUs, 4801 are supported
2025-09-07 16:34:56,204 [INFO] ApiDb:423 - Load user favorites file /home/matijak/.stm32cubeide/favorites.mcus.txt: 0 item(s)
2025-09-07 16:34:56,204 [INFO] ApiDb:427 - User favorites MCUs=[]
2025-09-07 16:34:56,205 [INFO] DbMcus:224 - Set 0 / 0 favorites MCUs
2025-09-07 16:34:56,485 [INFO] ApiDb:668 - CubeFinder database Data Model version=2.1
2025-09-07 16:34:56,485 [INFO] ApiDb:669 - CubeFinder database Configuration version=3.0.39
2025-09-07 16:34:56,485 [INFO] ApiDb:670 - CubeFinder database generation date=2025-07-24 (1753349077)
2025-09-07 16:34:56,485 [INFO] ApiDb:671 - CubeFinder database FW Pack versions=[FP-ATR-ASTRA1_V2.0.0, FP-SNS-FLIGHT1_V5.1.0, FP-SNS-MOTENV1_V5.0.0, FP-SNS-MOTENVWB1_V1.4.0, FP-SNS-SMARTAG2_V1.2.0, FP-SNS-STBOX1_V2.0.0, STM32Cube_FW_C0_V1.4.0, STM32Cube_FW_F4_V1.28.2, STM32Cube_FW_F7_V1.17.3, STM32Cube_FW_G0_V1.6.2, STM32Cube_FW_G4_V1.6.1, STM32Cube_FW_H5_V1.5.0, STM32Cube_FW_H7RS_V1.2.0, STM32Cube_FW_H7_V1.12.1, STM32Cube_FW_L0_V1.12.2, STM32Cube_FW_L4_V1.18.1, STM32Cube_FW_L5_V1.5.1, STM32Cube_FW_N6_V1.2.0, STM32Cube_FW_U0_V1.3.0, STM32Cube_FW_U3_V1.2.0, STM32Cube_FW_U5_V1.8.0, STM32Cube_FW_WB0_V1.3.0, STM32Cube_FW_WBA_V1.7.0, STM32Cube_FW_WB_V1.23.0, STM32Cube_FW_WL3_V1.2.0, STM32Cube_FW_WL_V1.3.1, X-CUBE-ALGOBUILD_V1.4.0, X-CUBE-ALS_V1.0.2, X-CUBE-AZRTOS-F4_V1.1.0, X-CUBE-AZRTOS-F7_V1.1.0, X-CUBE-AZRTOS-G0_V1.1.0, X-CUBE-AZRTOS-G4_V2.0.0, X-CUBE-AZRTOS-H7RS_V1.1.0, X-CUBE-AZRTOS-H7_V3.4.0, X-CUBE-AZRTOS-L4_V2.0.0, X-CUBE-AZRTOS-L5_V2.0.0, X-CUBE-AZRTOS-WB_V2.0.0, X-CUBE-AZRTOS-WL_V2.0.0, X-CUBE-BLE1_V7.1.0, X-CUBE-BLE2_V3.3.0, X-CUBE-BLEMGR_V4.1.0, X-CUBE-EEPRMA1_V5.2.0, X-CUBE-FREERTOS_V1.3.1, X-CUBE-GNSS1_V6.0.0, X-CUBE-MEMS1_V11.3.0, X-CUBE-NFC4_V3.0.0, X-CUBE-NFC7_V2.0.0, X-CUBE-SFXS2LP1_V4.0.0, X-CUBE-ST67W61_V1.0.0, X-CUBE-SUBG2_V5.0.0, X-CUBE-TOF1_V3.4.3]
2025-09-07 16:34:56,522 [INFO] DbBoardsSqlite:226 - include board P-NUCLEO-WB55-NUCLEO as a kit item of type 'Nucleo-64'
2025-09-07 16:34:56,522 [INFO] DbBoardsSqlite:226 - include board P-NUCLEO-WB55-USBDONGLE as a kit item of type 'Nucleo USB Dongle'
2025-09-07 16:34:56,522 [INFO] DbBoardsSqlite:226 - include board STEVAL-IDP005V1 as a kit item of type 'Evaluation Board'
2025-09-07 16:34:56,523 [INFO] DbBoardsSqlite:226 - include board STEVAL-IDP005V2 as a kit item of type 'Evaluation Board'
2025-09-07 16:34:56,555 [INFO] ApiDb:240 - Found 880 in-development CPN: [B-G473E-ZEST1S, B-WB1M-WPAN1, B-WBA5M-WPAN, B-WL5M-SUBG1, NUCLEO-C031C6, NUCLEO-C051C8, NUCLEO-C071RB, NUCLEO-C092RC, NUCLEO-H503RB, NUCLEO-H533RE, NUCLEO-H563ZI, NUCLEO-H7S3L8, NUCLEO-N657X0-Q, NUCLEO-U031R8, NUCLEO-U083RC, NUCLEO-U385RG-Q, NUCLEO-U545RE-Q, NUCLEO-U5A5ZJ-Q, NUCLEO-WB05KZ, NUCLEO-WB07CC, NUCLEO-WB09KE, NUCLEO-WBA52CG, NUCLEO-WBA55CG, NUCLEO-WL33CC1, NUCLEO-WL33CC2, STEVAL-PROTEUS1, STEVAL-SMARTAG2, STEVAL-STWINBX1, STM320518-EVAL, STM32C0116-DK, STM32C011D6Y3TR, STM32C011D6Y6TR, STM32C011F4P3, STM32C011F4P6, STM32C011F4U3, STM32C011F4U6TR, STM32C011F6P3, STM32C011F6P6, STM32C011F6U3, STM32C011F6U6TR, STM32C011J4M3, STM32C011J4M6, STM32C011J6M3, STM32C011J6M6, STM32C0316-DK, STM32C031C4T3, STM32C031C4T6, STM32C031C4U3, STM32C031C4U6, STM32C031C6T3, STM32C031C6T6, STM32C031C6U3, STM32C031C6U6, STM32C031F4P3, STM32C031F4P6, STM32C031F6P3, STM32C031F6P6, STM32C031G4U3, STM32C031G4U6, STM32C031G6U3, STM32C031G6U6, STM32C031K4T3, STM32C031K4T6, STM32C031K4U3, STM32C031K4U6, STM32C031K6T3, STM32C031K6T6, STM32C031K6U3, STM32C031K6U6, STM32C051C6T6, STM32C051C6U6, STM32C051C8T6, STM32C051C8U6, STM32C051D8Y6TR, STM32C051F6P6, STM32C051F8P6, STM32C051G6U6, STM32C051G8U6, STM32C051K6T6, STM32C051K6U6, STM32C051K8T6, STM32C071C8T6, STM32C071C8T6N, STM32C071C8U6, STM32C071C8U6N, STM32C071CBT6, STM32C071CBT6N, STM32C071CBU6, STM32C071CBU6N, STM32C071F8P6, STM32C071F8P6N, STM32C071FBP6, STM32C071FBP6N, STM32C071FBY6TR, STM32C071G8U6, STM32C071G8U6N, STM32C071GBU6, STM32C071GBU6N, STM32C071K8T6, STM32C071K8T6N, STM32C071K8U6, STM32C071K8U6N, STM32C071KBT6, STM32C071KBT6N, STM32C071KBU6, STM32C071KBU6N, STM32C071R8T6, STM32C071R8T6N, STM32C071RBI6N, STM32C071RBT6, STM32C071RBT6N, STM32C091CBT6, STM32C091CBU6, STM32C091CCT6, STM32C091CCU6, STM32C091ECY6TR, STM32C091FBP6, STM32C091FCP6, STM32C091GBU6, STM32C091GCU6, STM32C091KBT6, STM32C091KBU6, STM32C091KCT6, STM32C091KCU6, STM32C091RBT6, STM32C091RCI6, STM32C091RCT6, STM32C092CBT6, STM32C092CBU6, STM32C092CCT6, STM32C092CCU6, STM32C092ECY6TR, STM32C092FBP6, STM32C092FCP6, STM32C092GBU6, STM32C092GCU6, STM32C092KBT6, STM32C092KBU6, STM32C092KCT6, STM32C092KCU6, STM32C092RBT6, STM32C092RCI6, STM32C092RCT6, STM32G071K8TXN, STM32G071K8UXN, STM32G081GBU6N, STM32G081KBT6N, STM32G081KBUXN, STM32G0B1CCT6N, STM32G0B1KCT6, STM32G0B1NEY6TR, STM32G0B1RCT6N, STM32G0C1CCT6, STM32G0C1CCT6N, STM32G0C1CCU6N, STM32G0C1CET6N, STM32G0C1CEU6N, STM32G0C1KCT6, STM32G0C1NEY6TR, STM32G0C1RCI6N, STM32G0C1RCT6N, STM32G0C1REI6N, STM32G0C1RET6N, STM32G0C1VCI6, STM32G0C1VEI6, STM32G411C6T3, STM32G411C6T6, STM32G411C6U3, STM32G411C6U6, STM32G411C8T3, STM32G411C8T6, STM32G411C8U3, STM32G411C8U6, STM32G411CBT3, STM32G411CBT6, STM32G411CBU3, STM32G411CBU6, STM32G411K6T3, STM32G411K6T6, STM32G411K6U3, STM32G411K6U6, STM32G411K8T3, STM32G411K8T6, STM32G411K8U3, STM32G411K8U6, STM32G411KBT3, STM32G411KBT6, STM32G411KBU3, STM32G411KBU6, STM32G411M6T3, STM32G411M6T6, STM32G411M8T3, STM32G411M8T6, STM32G411MBT3, STM32G411MBT6, STM32G411R6T3, STM32G411R6T6, STM32G411R8T3, STM32G411R8T6, STM32G411RBT3, STM32G411RBT6, STM32G414CBT3, STM32G414CBT6, STM32G414CBU3, STM32G414CBU6, STM32G414CCT3, STM32G414CCT6, STM32G414CCU3, STM32G414CCU6, STM32G414MBT3, STM32G414MBT6, STM32G414MCT3, STM32G414MCT6, STM32G414RBT3, STM32G414RBT6, STM32G414RCT3, STM32G414RCT6, STM32G414VBT3, STM32G414VBT6, STM32G414VCT3, STM32G414VCT6, STM32G431CBT3Z, STM32G431RBT3Z, STM32G471CCT6, STM32G471CCU6, STM32G471CET3, STM32G471CET6, STM32G471CEU3, STM32G471CEU6, STM32G471MCT6, STM32G471MET3, STM32G471MET6, STM32G471MEY6TR, STM32G471QCT6, STM32G471QET3, STM32G471RCT6, STM32G471RET3, STM32G471RET6, STM32G471VCH6, STM32G471VCI6, STM32G471VCT6, STM32G471VEH3, STM32G471VEH6, STM32G471VEI3, STM32G471VEI6, STM32G471VET3, STM32G471VET6, STM32G473QET3Z, STM32G473RET3Z, STM32G474CCT6, STM32G491RET3Z, STM32H503CBT6, STM32H503CBU6, STM32H503EBY6TR, STM32H503KBU6, STM32H503RBT6, STM32H523CCT6, STM32H523CCU6, STM32H523CET6, STM32H523CEU6, STM32H523HEY6TR, STM32H523RCT6, STM32H523RET6, STM32H523VCI6, STM32H523VCT6, STM32H523VEI6, STM32H523VET6, STM32H523ZCJ6, STM32H523ZCT6, STM32H523ZEJ6, STM32H523ZET6, STM32H533CET6, STM32H533CEU6, STM32H533HEY6TR, STM32H533RET6, STM32H533VEI6, STM32H533VET6, STM32H533ZEJ6, STM32H533ZET6, STM32H562AGI6, STM32H562AII6, STM32H562IGK6, STM32H562IGT6, STM32H562IIK6, STM32H562IIT6, STM32H562RGT6, STM32H562RGV6, STM32H562RIT6, STM32H562RIV6, STM32H562VGT6, STM32H562VIT6, STM32H562ZGT6, STM32H562ZIT6, STM32H563AGI6, STM32H563AII3Q, STM32H563AII6, STM32H563IGK6, STM32H563IGT6, STM32H563IIK3Q, STM32H563IIK6, STM32H563IIT3Q, STM32H563IIT6, STM32H563MIY3QTR, STM32H563RGT6, STM32H563RGV6, STM32H563RIT6, STM32H563RIV6, STM32H563VGT6, STM32H563VIT3Q, STM32H563VIT6, STM32H563ZGT6, STM32H563ZIT3Q, STM32H563ZIT6, STM32H573AII3Q, STM32H573AII6, STM32H573I-DK, STM32H573IIK3Q, STM32H573IIK6, STM32H573IIT3Q, STM32H573IIT6, STM32H573MIY3QTR, STM32H573RIT6, STM32H573RIV6, STM32H573VIT3Q, STM32H573VIT6, STM32H573ZIT3Q, STM32H573ZIT6, STM32H7R3A8I6, STM32H7R3I8K6, STM32H7R3I8T6, STM32H7R3L8H6, STM32H7R3L8H6H, STM32H7R3R8V6, STM32H7R3V8H6, STM32H7R3V8T6, STM32H7R3V8Y6TR, STM32H7R3Z8J6, STM32H7R3Z8T6, STM32H7R7A8I6, STM32H7R7I8K6, STM32H7R7I8T6, STM32H7R7L8H6, STM32H7R7L8H6H, STM32H7R7Z8J6, STM32H7S3A8I6, STM32H7S3I8K6, STM32H7S3I8T6, STM32H7S3L8H6, STM32H7S3L8H6H, STM32H7S3R8V6, STM32H7S3V8H6, STM32H7S3V8T6, STM32H7S3V8Y6TR, STM32H7S3Z8J6, STM32H7S3Z8T6, STM32H7S78-DK, STM32H7S7A8I6, STM32H7S7I8K6, STM32H7S7I8T6, STM32H7S7L8H6, STM32H7S7L8H6H, STM32H7S7Z8J6, STM32L4R5QGI6STR, STM32MP131AAE3, STM32MP131AAF3, STM32MP131AAG3, STM32MP131CAE3, STM32MP131CAF3, STM32MP131CAG3, STM32MP131DAE7, STM32MP131DAF7, STM32MP131DAG7, STM32MP131FAE7, STM32MP131FAF7, STM32MP131FAG7, STM32MP133AAE3, STM32MP133AAF3, STM32MP133AAG3, STM32MP133CAE3, STM32MP133CAF3, STM32MP133CAG3, STM32MP133DAE7, STM32MP133DAF7, STM32MP133DAG7, STM32MP133FAE7, STM32MP133FAF7, STM32MP133FAG7, STM32MP135AAE3, STM32MP135AAF3, STM32MP135AAG3, STM32MP135CAE3, STM32MP135CAF3, STM32MP135CAG3, STM32MP135DAE7, STM32MP135DAF7, STM32MP135DAG7, STM32MP135F-DK, STM32MP135FAE7, STM32MP135FAF7, STM32MP135FAF7T, STM32MP135FAF7U, STM32MP135FAG7, STM32MP211AAL3, STM32MP211AAM3, STM32MP211AAN3, STM32MP211AAO3, STM32MP211CAL3, STM32MP211CAM3, STM32MP211CAN3, STM32MP211CAO3, STM32MP211DAL3, STM32MP211DAM3, STM32MP211DAN3, STM32MP211DAO3, STM32MP211FAL3, STM32MP211FAM3, STM32MP211FAN3, STM32MP211FAO3, STM32MP213AAL3, STM32MP213AAM3, STM32MP213AAN3, STM32MP213AAO3, STM32MP213CAL3, STM32MP213CAM3, STM32MP213CAN3, STM32MP213CAO3, STM32MP213DAL3, STM32MP213DAM3, STM32MP213DAN3, STM32MP213DAO3, STM32MP213FAL3, STM32MP213FAM3, STM32MP213FAN3, STM32MP213FAO3, STM32MP215AAL3, STM32MP215AAM3, STM32MP215AAN3, STM32MP215AAO3, STM32MP215CAL3, STM32MP215CAM3, STM32MP215CAN3, STM32MP215CAO3, STM32MP215DAL3, STM32MP215DAM3, STM32MP215DAN3, STM32MP215DAO3, STM32MP215F-DK, STM32MP215FAL3, STM32MP215FAM3, STM32MP215FAN3, STM32MP215FAO3, STM32MP231AAJ3, STM32MP231AAK3, STM32MP231AAL3, STM32MP231CAJ3, STM32MP231CAK3, STM32MP231CAL3, STM32MP231DAJ3, STM32MP231DAK3, STM32MP231DAL3, STM32MP231FAJ3, STM32MP231FAK3, STM32MP231FAL3, STM32MP233AAJ3, STM32MP233AAK3, STM32MP233AAL3, STM32MP233CAJ3, STM32MP233CAK3, STM32MP233CAL3, STM32MP233DAJ3, STM32MP233DAK3, STM32MP233DAL3, STM32MP233FAJ3, STM32MP233FAK3, STM32MP233FAL3, STM32MP235AAJ3, STM32MP235AAK3, STM32MP235AAL3, STM32MP235CAJ3, STM32MP235CAK3, STM32MP235CAL3, STM32MP235DAJ3, STM32MP235DAK3, STM32MP235DAL3, STM32MP235FAJ3, STM32MP235FAK3, STM32MP235FAL3, STM32MP251AAI3, STM32MP251AAK3, STM32MP251AAL3, STM32MP251CAI3, STM32MP251CAK3, STM32MP251CAL3, STM32MP251DAI3, STM32MP251DAK3, STM32MP251DAL3, STM32MP251FAI3, STM32MP251FAK3, STM32MP251FAL3, STM32MP253AAI3, STM32MP253AAK3, STM32MP253AAL3, STM32MP253CAI3, STM32MP253CAK3, STM32MP253CAL3, STM32MP253DAI3, STM32MP253DAK3, STM32MP253DAL3, STM32MP253FAI3, STM32MP253FAK3, STM32MP253FAL3, STM32MP255AAI3, STM32MP255AAK3, STM32MP255AAL3, STM32MP255CAI3, STM32MP255CAK3, STM32MP255CAL3, STM32MP255DAI3, STM32MP255DAK3, STM32MP255DAL3, STM32MP255FAI3, STM32MP255FAK3, STM32MP255FAL3, STM32MP257AAI3, STM32MP257AAK3, STM32MP257AAL3, STM32MP257CAI3, STM32MP257CAK3, STM32MP257CAL3, STM32MP257DAI3, STM32MP257DAK3, STM32MP257DAL3, STM32MP257F-DK, STM32MP257F-EV1, STM32MP257FAI3, STM32MP257FAK3, STM32MP257FAL3, STM32N645A0H3Q, STM32N645B0H3Q, STM32N645I0H3Q, STM32N645L0H3Q, STM32N645X0H3Q, STM32N645Z0H3Q, STM32N647A0H3Q, STM32N647B0H3Q, STM32N647I0H3Q, STM32N647L0H3Q, STM32N647X0H3Q, STM32N647Z0H3Q, STM32N655A0H3Q, STM32N655B0H3Q, STM32N655I0H3Q, STM32N655L0H3Q, STM32N655X0H3Q, STM32N655Z0H3Q, STM32N6570-DK, STM32N657A0H3Q, STM32N657B0H3Q, STM32N657I0H3Q, STM32N657L0H3Q, STM32N657X0H3Q, STM32N657Z0H3Q, STM32U031C6T6, STM32U031C6U6, STM32U031C8T6, STM32U031C8U6, STM32U031F4P6, STM32U031F6P6, STM32U031F8P6, STM32U031G6Y6TR, STM32U031G8Y6TR, STM32U031K4U6, STM32U031K6U6, STM32U031K8U6, STM32U031R6I6, STM32U031R6T6, STM32U031R8I6, STM32U031R8T6, STM32U073C8T6, STM32U073C8U6, STM32U073CBT6, STM32U073CBU6, STM32U073CCT6, STM32U073CCU6, STM32U073H8Y6TR, STM32U073HBY6TR, STM32U073HCY6TR, STM32U073K8U6, STM32U073KBU6, STM32U073KCU6, STM32U073M8I6, STM32U073M8T6, STM32U073MBI6, STM32U073MBT6, STM32U073MCI6, STM32U073MCT6, STM32U073R8I6, STM32U073R8T6, STM32U073RBI6, STM32U073RBT6, STM32U073RCI6, STM32U073RCT6, STM32U083C-DK, STM32U083CCT6, STM32U083CCU6, STM32U083HCY6TR, STM32U083KCU6, STM32U083MCI6, STM32U083MCT6, STM32U083RCI6, STM32U083RCT6, STM32U375CET6, STM32U375CET6Q, STM32U375CEU6, STM32U375CEU6Q, STM32U375CEY6QTR, STM32U375CGT6, STM32U375CGT6Q, STM32U375CGU6, STM32U375CGU6Q, STM32U375CGY6QTR, STM32U375KEU6, STM32U375KGU6, STM32U375REI6, STM32U375REI6Q, STM32U375RET6, STM32U375RET6Q, STM32U375REY6GTR, STM32U375REY6QTR, STM32U375RGI6, STM32U375RGI6Q, STM32U375RGT6, STM32U375RGT6Q, STM32U375RGY6GTR, STM32U375RGY6QTR, STM32U375VEI6, STM32U375VEI6Q, STM32U375VET6, STM32U375VET6Q, STM32U375VGI6, STM32U375VGI6Q, STM32U375VGT6, STM32U375VGT6Q, STM32U385CGT6, STM32U385CGT6Q, STM32U385CGU6, STM32U385CGU6Q, STM32U385CGY6QTR, STM32U385KGU6, STM32U385RGI6, STM32U385RGI6Q, STM32U385RGT6, STM32U385RGT6Q, STM32U385RGY6GTR, STM32U385RGY6QTR, STM32U385VGI6, STM32U385VGI6Q, STM32U385VGT6, STM32U385VGT6Q, STM32U535CBT6, STM32U535CBT6Q, STM32U535CBU6, STM32U535CBU6Q, STM32U535CCT6, STM32U535CCT6Q, STM32U535CCU6, STM32U535CCU6Q, STM32U535CET6, STM32U535CET6Q, STM32U535CEU6, STM32U535CEU6Q, STM32U535JEY6QTR, STM32U535NCY6QTR, STM32U535NEY6QTR, STM32U535RBI6, STM32U535RBI6Q, STM32U535RBT6, STM32U535RBT6Q, STM32U535RCI6, STM32U535RCI6Q, STM32U535RCT6, STM32U535RCT6Q, STM32U535REI6, STM32U535REI6Q, STM32U535RET6, STM32U535RET6Q, STM32U535VCI6, STM32U535VCI6Q, STM32U535VCT6, STM32U535VCT6Q, STM32U535VEI6, STM32U535VEI6Q, STM32U535VET6, STM32U535VET6Q, STM32U545CET6, STM32U545CET6Q, STM32U545CEU6, STM32U545CEU6Q, STM32U545JEY6QTR, STM32U545NEY6QTR, STM32U545REI6, STM32U545REI6Q, STM32U545RET6, STM32U545RET6Q, STM32U545VEI6, STM32U545VEI6Q, STM32U545VET6, STM32U545VET6Q, STM32U595AIH6, STM32U595AIH6Q, STM32U595AJH6, STM32U595AJH6Q, STM32U595QII6, STM32U595QII6Q, STM32U595QJI6, STM32U595QJI6Q, STM32U595RIT6, STM32U595RIT6Q, STM32U595RJT6, STM32U595RJT6Q, STM32U595VIT6, STM32U595VIT6Q, STM32U595VJT6, STM32U595VJT6Q, STM32U595ZIT6, STM32U595ZIT6Q, STM32U595ZIY6QTR, STM32U595ZJT6, STM32U595ZJT6Q, STM32U595ZJY6QTR, STM32U599BJY6QTR, STM32U599NIH6Q, STM32U599NJH6Q, STM32U599VIT6Q, STM32U599VJT6, STM32U599VJT6Q, STM32U599ZIT6Q, STM32U599ZIY6QTR, STM32U599ZJT6Q, STM32U599ZJY6QTR, STM32U5A5AJH6, STM32U5A5AJH6Q, STM32U5A5QII3Q , STM32U5A5QJI6, STM32U5A5QJI6Q, STM32U5A5RJT6, STM32U5A5RJT6Q, STM32U5A5VJT6, STM32U5A5VJT6Q, STM32U5A5ZJT6, STM32U5A5ZJT6Q, STM32U5A5ZJY6QTR, STM32U5A9BJY6QTR, STM32U5A9J-DK, STM32U5A9NJH6Q, STM32U5A9VJT6Q, STM32U5A9ZJT6Q, STM32U5A9ZJY6QTR, STM32U5F7VIT6, STM32U5F7VIT6Q, STM32U5F7VJT6, STM32U5F7VJT6Q, STM32U5F9BJY6QTR, STM32U5F9NJH6Q, STM32U5F9VIT6Q, STM32U5F9VJT6Q, STM32U5F9ZIJ6QTR, STM32U5F9ZIT6Q, STM32U5F9ZJJ6QTR, STM32U5F9ZJT6Q, STM32U5G7VJT6, STM32U5G7VJT6Q, STM32U5G9BJY6QTR, STM32U5G9J-DK1, STM32U5G9J-DK2, STM32U5G9NJH6Q, STM32U5G9VJT6Q, STM32U5G9ZJJ6QTR, STM32U5G9ZJT6Q, STM32WB05KZV6TR, STM32WB05KZV7TR, STM32WB05TZF6TR, STM32WB05TZF7TR, STM32WB06CCF6TR, STM32WB06CCF7TR, STM32WB06CCV6TR, STM32WB06CCV7TR, STM32WB06KCV6TR, STM32WB06KCV7TR, STM32WB07CCF6TR, STM32WB07CCF7TR, STM32WB07CCV6TR, STM32WB07CCV7TR, STM32WB07KCV6TR, STM32WB07KCV7TR, STM32WB09KEV6TR, STM32WB09KEV7TR, STM32WB09TEF6TR, STM32WB09TEF7TR, STM32WB1MMCH6, STM32WBA50KGU6, STM32WBA50KGU6TR, STM32WBA52CEU6, STM32WBA52CEU6TR, STM32WBA52CEU7, STM32WBA52CEU7TR, STM32WBA52CGU6, STM32WBA52CGU6TR, STM32WBA52CGU6U, STM32WBA52CGU7, STM32WBA52CGU7TR, STM32WBA52KEU6, STM32WBA52KEU6TR, STM32WBA52KGU6, STM32WBA52KGU6TR, STM32WBA54CEU6, STM32WBA54CEU6TR, STM32WBA54CEU7, STM32WBA54CEU7TR, STM32WBA54CGU6, STM32WBA54CGU6TR, STM32WBA54CGU7, STM32WBA54CGU7TR, STM32WBA54KEU6, STM32WBA54KEU6TR, STM32WBA54KEU7, STM32WBA54KEU7TR, STM32WBA54KGU6, STM32WBA54KGU6TR, STM32WBA54KGU7, STM32WBA54KGU7TR, STM32WBA55CEU6, STM32WBA55CEU6TR, STM32WBA55CEU7, STM32WBA55CEU7TR, STM32WBA55CGU6, STM32WBA55CGU6TR, STM32WBA55CGU6U, STM32WBA55CGU7, STM32WBA55CGU7TR, STM32WBA55G-DK1, STM32WBA55HEF6, STM32WBA55HEF7, STM32WBA55HGF6, STM32WBA55HGF7, STM32WBA55UEI6, STM32WBA55UEI6TR, STM32WBA55UEI7, STM32WBA55UEI7TR, STM32WBA55UGI6, STM32WBA55UGI6TR, STM32WBA55UGI7, STM32WBA55UGI7TR, STM32WBA5MMGH6TR, STM32WBA62MGF6, STM32WBA62MIF6, STM32WBA65MGF7, STM32WBA65MIF6, STM32WBA65MIF7, STM32WL30K8V6, STM32WL30KBV6, STM32WL31C8V6, STM32WL31CBV6, STM32WL31K8V6, STM32WL31KBV6, STM32WL33C8V6, STM32WL33C8V6X, STM32WL33CBV6, STM32WL33CBV6X, STM32WL33CCV6, STM32WL33CCV6A, STM32WL33CCV6X, STM32WL33K8V7, STM32WL33K8V7X, STM32WL33KBV7 , STM32WL33KBV7X, STM32WL33KCV7, STM32WL33KCV7X, STM32WL5MOCH6, STM32WL5MOCH6TR]
2025-09-07 16:34:56,673 [INFO] BoardInfo:889 - No configuration file found for board P-NUCLEO-WB55
2025-09-07 16:34:56,674 [INFO] DbBoards:161 - Kit is not supported: P-NUCLEO-WB55
2025-09-07 16:34:56,677 [INFO] BoardInfo:889 - No configuration file found for board STEVAL-BFA001V1B
2025-09-07 16:34:56,677 [INFO] DbBoards:161 - Kit is not supported: STEVAL-BFA001V1B
2025-09-07 16:34:56,678 [INFO] BoardInfo:889 - No configuration file found for board STEVAL-BFA001V2B
2025-09-07 16:34:56,678 [INFO] DbBoards:161 - Kit is not supported: STEVAL-BFA001V2B
2025-09-07 16:34:56,767 [INFO] DbBoards:168 - Found 212 boards, 209 are supported
2025-09-07 16:34:56,767 [INFO] DbBoards:169 - Found 212 boards, 43 of them is supported for  Bsp
2025-09-07 16:34:56,772 [INFO] ApiDb:423 - Load user favorites file /home/matijak/.stm32cubeide/favorites.boards.txt: 1 item(s)
2025-09-07 16:34:56,772 [INFO] ApiDb:427 - User favorites Boards=[B-L475E-IOT01A1]
2025-09-07 16:34:56,773 [INFO] DbBoards:198 - Set 1 / 1 favorites Boards
2025-09-07 16:34:56,773 [INFO] McuFinderGlobals:76 - Set McuFinderConnectedMode to true
2025-09-07 16:34:56,781 [INFO] MultiScanPanel:200 - Auto-refresh data requested => check proxy status ongoing
2025-09-07 16:34:56,784 [INFO] FinderPluginLoader:96 - Searching for filters in installed packs
2025-09-07 16:34:57,950 [INFO] LoadUrlFilesThread:185 - End of LoadServerUrlFiles without Thread
2025-09-07 16:34:58,012 [INFO] DetailPanel:341 - Set advertising image to /home/matijak/STM32Cube/Repository//en.2400x1350px.jpeg
2025-09-07 16:35:05,518 [INFO] MultiScanPanel:200 - Auto-refresh data requested => check proxy status ongoing
2025-09-07 16:35:05,656 [INFO] LoadUrlFilesThread:185 - End of LoadServerUrlFiles without Thread
2025-09-07 16:35:05,656 [INFO] DetailPanel:341 - Set advertising image to /home/matijak/STM32Cube/Repository//en.2400x1350px.jpeg
2025-09-07 16:35:05,669 [INFO] DbBoards:642 - Loading board mini-images...
2025-09-07 16:35:07,366 [ERROR] DbBoards:659 - Image file not found for board STM32MP215F-DK: /home/matijak/.stmcufinder/plugins/mcufinder//mcu//boards_images/STM32MP215F-DK.jpg
2025-09-07 16:35:07,458 [INFO] DbBoards:665 - Loaded 211 board mini-images
2025-09-07 16:35:07,498 [INFO] MultiScanPanel:200 - Auto-refresh data requested => check proxy status ongoing
2025-09-07 16:35:07,504 [INFO] ApiDb:668 - CubeFinder database Data Model version=2.1
2025-09-07 16:35:07,504 [INFO] ApiDb:669 - CubeFinder database Configuration version=3.0.39
2025-09-07 16:35:07,504 [INFO] ApiDb:670 - CubeFinder database generation date=2025-07-24 (1753349077)
2025-09-07 16:35:07,504 [INFO] ApiDb:671 - CubeFinder database FW Pack versions=[FP-ATR-ASTRA1_V2.0.0, FP-SNS-FLIGHT1_V5.1.0, FP-SNS-MOTENV1_V5.0.0, FP-SNS-MOTENVWB1_V1.4.0, FP-SNS-SMARTAG2_V1.2.0, FP-SNS-STBOX1_V2.0.0, STM32Cube_FW_C0_V1.4.0, STM32Cube_FW_F4_V1.28.2, STM32Cube_FW_F7_V1.17.3, STM32Cube_FW_G0_V1.6.2, STM32Cube_FW_G4_V1.6.1, STM32Cube_FW_H5_V1.5.0, STM32Cube_FW_H7RS_V1.2.0, STM32Cube_FW_H7_V1.12.1, STM32Cube_FW_L0_V1.12.2, STM32Cube_FW_L4_V1.18.1, STM32Cube_FW_L5_V1.5.1, STM32Cube_FW_N6_V1.2.0, STM32Cube_FW_U0_V1.3.0, STM32Cube_FW_U3_V1.2.0, STM32Cube_FW_U5_V1.8.0, STM32Cube_FW_WB0_V1.3.0, STM32Cube_FW_WBA_V1.7.0, STM32Cube_FW_WB_V1.23.0, STM32Cube_FW_WL3_V1.2.0, STM32Cube_FW_WL_V1.3.1, X-CUBE-ALGOBUILD_V1.4.0, X-CUBE-ALS_V1.0.2, X-CUBE-AZRTOS-F4_V1.1.0, X-CUBE-AZRTOS-F7_V1.1.0, X-CUBE-AZRTOS-G0_V1.1.0, X-CUBE-AZRTOS-G4_V2.0.0, X-CUBE-AZRTOS-H7RS_V1.1.0, X-CUBE-AZRTOS-H7_V3.4.0, X-CUBE-AZRTOS-L4_V2.0.0, X-CUBE-AZRTOS-L5_V2.0.0, X-CUBE-AZRTOS-WB_V2.0.0, X-CUBE-AZRTOS-WL_V2.0.0, X-CUBE-BLE1_V7.1.0, X-CUBE-BLE2_V3.3.0, X-CUBE-BLEMGR_V4.1.0, X-CUBE-EEPRMA1_V5.2.0, X-CUBE-FREERTOS_V1.3.1, X-CUBE-GNSS1_V6.0.0, X-CUBE-MEMS1_V11.3.0, X-CUBE-NFC4_V3.0.0, X-CUBE-NFC7_V2.0.0, X-CUBE-SFXS2LP1_V4.0.0, X-CUBE-ST67W61_V1.0.0, X-CUBE-SUBG2_V5.0.0, X-CUBE-TOF1_V3.4.3]
2025-09-07 16:35:08,078 [ERROR] DbExamplesSqlite:437 - Missing JSON key: board_cpn
2025-09-07 16:35:08,078 [ERROR] DbExamplesSqlite:437 - Missing JSON key: board_cpn
2025-09-07 16:35:08,078 [ERROR] DbExamplesSqlite:437 - Missing JSON key: board_cpn
2025-09-07 16:35:08,079 [ERROR] DbExamplesSqlite:437 - Missing JSON key: board_cpn
2025-09-07 16:35:08,172 [ERROR] DbExamplesSqlite:437 - Missing JSON key: board_cpn
2025-09-07 16:35:08,172 [ERROR] DbExamplesSqlite:437 - Missing JSON key: board_cpn
2025-09-07 16:35:08,172 [ERROR] DbExamplesSqlite:437 - Missing JSON key: board_cpn
2025-09-07 16:35:08,173 [ERROR] DbExamplesSqlite:437 - Missing JSON key: board_cpn
2025-09-07 16:35:08,173 [ERROR] DbExamplesSqlite:437 - Missing JSON key: board_cpn
2025-09-07 16:35:08,173 [ERROR] DbExamplesSqlite:437 - Missing JSON key: board_cpn
2025-09-07 16:35:08,173 [ERROR] DbExamplesSqlite:437 - Missing JSON key: board_cpn
2025-09-07 16:35:08,174 [ERROR] DbExamplesSqlite:437 - Missing JSON key: board_cpn
2025-09-07 16:35:08,174 [ERROR] DbExamplesSqlite:437 - Missing JSON key: board_cpn
2025-09-07 16:35:08,307 [ERROR] DbExamplesSqlite:437 - Missing JSON key: board_cpn
2025-09-07 16:35:08,308 [ERROR] DbExamplesSqlite:437 - Missing JSON key: board_cpn
2025-09-07 16:35:08,311 [INFO] DbExamplesSqlite:395 - Ignored 33 examples not supported by CubeIDE
2025-09-07 16:35:08,311 [INFO] DbExamplesSqlite:396 - Found 10866 examples active
2025-09-07 16:35:08,311 [INFO] DbExamplesSqlite:397 - Found 0 examples obsolete
2025-09-07 16:35:08,311 [INFO] DbExamplesSqlite:398 - Found 0 examples under development
2025-09-07 16:35:08,311 [INFO] DbExamplesSqlite:399 - Found 65 examples not building
2025-09-07 16:35:08,314 [INFO] DbExamples:125 - Found 10898 examples
2025-09-07 16:35:08,331 [INFO] DbExamples:222 - Found 134 boards with related examples
2025-09-07 16:35:08,332 [INFO] DbExamples:235 - Found 111 MCUs with related examples
2025-09-07 16:35:08,359 [INFO] ApiDb:423 - Load user favorites file /home/matijak/.stm32cubeide/favorites.examples.txt: 0 item(s)
2025-09-07 16:35:08,359 [INFO] ApiDb:427 - User favorites Examples=[]
2025-09-07 16:35:08,361 [INFO] DbExamples:250 - Set 0 / 0 favorites Examples
2025-09-07 16:35:09,102 [INFO] SoftwarePacks:127 - Download is needed for SW pack 'FP-ATR-ASTRA1_V2.0.0'
2025-09-07 16:35:09,103 [INFO] SoftwarePacks:127 - Download is needed for SW pack 'FP-SNS-FLIGHT1_V5.1.0'
2025-09-07 16:35:09,103 [INFO] SoftwarePacks:127 - Download is needed for SW pack 'FP-SNS-MOTENV1_V5.0.0'
2025-09-07 16:35:09,103 [INFO] SoftwarePacks:127 - Download is needed for SW pack 'FP-SNS-MOTENVWB1_V1.4.0'
2025-09-07 16:35:09,103 [INFO] SoftwarePacks:127 - Download is needed for SW pack 'FP-SNS-SMARTAG2_V1.2.0'
2025-09-07 16:35:09,103 [INFO] SoftwarePacks:127 - Download is needed for SW pack 'FP-SNS-STBOX1_V2.0.0'
2025-09-07 16:35:09,115 [INFO] SoftwarePacks:127 - Download is needed for SW pack 'STM32Cube_FW_C0_V1.4.0'
2025-09-07 16:35:09,123 [INFO] SoftwarePacks:127 - Download is needed for SW pack 'STM32Cube_FW_F4_V1.28.2'
2025-09-07 16:35:09,131 [INFO] SoftwarePacks:127 - Download is needed for SW pack 'STM32Cube_FW_F7_V1.17.3'
2025-09-07 16:35:09,137 [INFO] SoftwarePacks:127 - Download is needed for SW pack 'STM32Cube_FW_G0_V1.6.2'
2025-09-07 16:35:09,143 [INFO] SoftwarePacks:131 - Found SW pack 'STM32Cube_FW_G4_V1.6.1' up-to-date on disk.
2025-09-07 16:35:09,149 [INFO] SoftwarePacks:127 - Download is needed for SW pack 'STM32Cube_FW_H5_V1.5.0'
2025-09-07 16:35:09,155 [INFO] SoftwarePacks:127 - Download is needed for SW pack 'STM32Cube_FW_H7RS_V1.2.0'
2025-09-07 16:35:09,161 [INFO] SoftwarePacks:127 - Download is needed for SW pack 'STM32Cube_FW_H7_V1.12.1'
2025-09-07 16:35:09,167 [INFO] SoftwarePacks:127 - Download is needed for SW pack 'STM32Cube_FW_L0_V1.12.2'
2025-09-07 16:35:09,171 [INFO] SoftwarePacks:131 - Found SW pack 'STM32Cube_FW_L4_V1.18.1' up-to-date on disk.
2025-09-07 16:35:09,177 [INFO] SoftwarePacks:127 - Download is needed for SW pack 'STM32Cube_FW_L5_V1.5.1'
2025-09-07 16:35:09,183 [INFO] SoftwarePacks:127 - Download is needed for SW pack 'STM32Cube_FW_N6_V1.2.0'
2025-09-07 16:35:09,188 [INFO] SoftwarePacks:127 - Download is needed for SW pack 'STM32Cube_FW_U0_V1.3.0'
2025-09-07 16:35:09,193 [INFO] SoftwarePacks:127 - Download is needed for SW pack 'STM32Cube_FW_U3_V1.2.0'
2025-09-07 16:35:09,197 [INFO] SoftwarePacks:127 - Download is needed for SW pack 'STM32Cube_FW_U5_V1.8.0'
2025-09-07 16:35:09,202 [INFO] SoftwarePacks:127 - Download is needed for SW pack 'STM32Cube_FW_WB0_V1.3.0'
2025-09-07 16:35:09,206 [INFO] SoftwarePacks:127 - Download is needed for SW pack 'STM32Cube_FW_WBA_V1.7.0'
2025-09-07 16:35:09,210 [INFO] SoftwarePacks:127 - Download is needed for SW pack 'STM32Cube_FW_WB_V1.23.0'
2025-09-07 16:35:09,214 [INFO] SoftwarePacks:127 - Download is needed for SW pack 'STM32Cube_FW_WL3_V1.2.0'
2025-09-07 16:35:09,219 [INFO] SoftwarePacks:127 - Download is needed for SW pack 'STM32Cube_FW_WL_V1.3.1'
2025-09-07 16:35:09,219 [INFO] SoftwarePacks:127 - Download is needed for SW pack 'X-CUBE-ALGOBUILD_V1.4.0'
2025-09-07 16:35:09,219 [INFO] SoftwarePacks:127 - Download is needed for SW pack 'X-CUBE-ALS_V1.0.2'
2025-09-07 16:35:09,219 [INFO] SoftwarePacks:127 - Download is needed for SW pack 'X-CUBE-AZRTOS-F4_V1.1.0'
2025-09-07 16:35:09,220 [INFO] SoftwarePacks:127 - Download is needed for SW pack 'X-CUBE-AZRTOS-F7_V1.1.0'
2025-09-07 16:35:09,220 [INFO] SoftwarePacks:127 - Download is needed for SW pack 'X-CUBE-AZRTOS-G0_V1.1.0'
2025-09-07 16:35:09,220 [INFO] SoftwarePacks:127 - Download is needed for SW pack 'X-CUBE-AZRTOS-G4_V2.0.0'
2025-09-07 16:35:09,220 [INFO] SoftwarePacks:127 - Download is needed for SW pack 'X-CUBE-AZRTOS-H7RS_V1.1.0'
2025-09-07 16:35:09,220 [INFO] SoftwarePacks:127 - Download is needed for SW pack 'X-CUBE-AZRTOS-H7_V3.4.0'
2025-09-07 16:35:09,220 [INFO] SoftwarePacks:127 - Download is needed for SW pack 'X-CUBE-AZRTOS-L4_V2.0.0'
2025-09-07 16:35:09,220 [INFO] SoftwarePacks:127 - Download is needed for SW pack 'X-CUBE-AZRTOS-L5_V2.0.0'
2025-09-07 16:35:09,220 [INFO] SoftwarePacks:127 - Download is needed for SW pack 'X-CUBE-AZRTOS-WB_V2.0.0'
2025-09-07 16:35:09,221 [INFO] SoftwarePacks:127 - Download is needed for SW pack 'X-CUBE-AZRTOS-WL_V2.0.0'
2025-09-07 16:35:09,221 [INFO] SoftwarePacks:127 - Download is needed for SW pack 'X-CUBE-BLE1_V7.1.0'
2025-09-07 16:35:09,221 [INFO] SoftwarePacks:127 - Download is needed for SW pack 'X-CUBE-BLE2_V3.3.0'
2025-09-07 16:35:09,221 [INFO] SoftwarePacks:127 - Download is needed for SW pack 'X-CUBE-BLEMGR_V4.1.0'
2025-09-07 16:35:09,221 [INFO] SoftwarePacks:127 - Download is needed for SW pack 'X-CUBE-EEPRMA1_V5.2.0'
2025-09-07 16:35:09,221 [INFO] SoftwarePacks:127 - Download is needed for SW pack 'X-CUBE-FREERTOS_V1.3.1'
2025-09-07 16:35:09,221 [INFO] SoftwarePacks:127 - Download is needed for SW pack 'X-CUBE-GNSS1_V6.0.0'
2025-09-07 16:35:09,221 [INFO] SoftwarePacks:127 - Download is needed for SW pack 'X-CUBE-MEMS1_V11.3.0'
2025-09-07 16:35:09,221 [INFO] SoftwarePacks:127 - Download is needed for SW pack 'X-CUBE-NFC4_V3.0.0'
2025-09-07 16:35:09,221 [INFO] SoftwarePacks:127 - Download is needed for SW pack 'X-CUBE-NFC7_V2.0.0'
2025-09-07 16:35:09,221 [INFO] SoftwarePacks:127 - Download is needed for SW pack 'X-CUBE-SFXS2LP1_V4.0.0'
2025-09-07 16:35:09,222 [INFO] SoftwarePacks:127 - Download is needed for SW pack 'X-CUBE-ST67W61_V1.0.0'
2025-09-07 16:35:09,222 [INFO] SoftwarePacks:127 - Download is needed for SW pack 'X-CUBE-SUBG2_V5.0.0'
2025-09-07 16:35:09,222 [INFO] SoftwarePacks:127 - Download is needed for SW pack 'X-CUBE-TOF1_V3.4.3'
2025-09-07 16:35:10,161 [INFO] LoadUrlFilesThread:185 - End of LoadServerUrlFiles without Thread
2025-09-07 16:35:10,162 [INFO] DetailPanel:341 - Set advertising image to /home/matijak/STM32Cube/Repository//en.2400x1350px.jpeg
2025-09-07 16:35:10,766 [ERROR] AppliInfo:139 - Unknown STM32CubeMX version: 6.12.1
2025-09-07 16:35:21,425 [ERROR] LogOutputStream:75 - [STDERR_REDIRECT] Sep 07, 2025 4:35:21 PM java.util.prefs.FileSystemPreferences checkLockFile0ErrorCode
2025-09-07 16:35:21,426 [ERROR] LogOutputStream:75 - [STDERR_REDIRECT] WARNING: Could not lock System prefs. Unix error code 2.
2025-09-07 16:35:21,426 [ERROR] LogOutputStream:75 - [STDERR_REDIRECT] 
2025-09-07 16:35:21,427 [ERROR] LogOutputStream:75 - [STDERR_REDIRECT] Sep 07, 2025 4:35:21 PM java.util.prefs.FileSystemPreferences syncWorld
2025-09-07 16:35:21,428 [ERROR] LogOutputStream:75 - [STDERR_REDIRECT] WARNING: Couldn't flush system prefs: java.util.prefs.BackingStoreException: Couldn't get file lock.
2025-09-07 16:35:21,428 [ERROR] LogOutputStream:75 - [STDERR_REDIRECT] 
2025-09-07 16:35:51,424 [ERROR] LogOutputStream:75 - [STDERR_REDIRECT] Sep 07, 2025 4:35:51 PM java.util.prefs.FileSystemPreferences checkLockFile0ErrorCode
2025-09-07 16:35:51,424 [ERROR] LogOutputStream:75 - [STDERR_REDIRECT] WARNING: Could not lock System prefs. Unix error code 2.
2025-09-07 16:35:51,425 [ERROR] LogOutputStream:75 - [STDERR_REDIRECT] 
2025-09-07 16:35:51,426 [ERROR] LogOutputStream:75 - [STDERR_REDIRECT] Sep 07, 2025 4:35:51 PM java.util.prefs.FileSystemPreferences syncWorld
2025-09-07 16:35:51,427 [ERROR] LogOutputStream:75 - [STDERR_REDIRECT] WARNING: Couldn't flush system prefs: java.util.prefs.BackingStoreException: Couldn't get file lock.
2025-09-07 16:35:51,427 [ERROR] LogOutputStream:75 - [STDERR_REDIRECT] 
2025-09-07 16:36:21,425 [ERROR] LogOutputStream:75 - [STDERR_REDIRECT] Sep 07, 2025 4:36:21 PM java.util.prefs.FileSystemPreferences checkLockFile0ErrorCode
2025-09-07 16:36:21,426 [ERROR] LogOutputStream:75 - [STDERR_REDIRECT] WARNING: Could not lock System prefs. Unix error code 2.
2025-09-07 16:36:21,426 [ERROR] LogOutputStream:75 - [STDERR_REDIRECT] 
2025-09-07 16:36:21,428 [ERROR] LogOutputStream:75 - [STDERR_REDIRECT] Sep 07, 2025 4:36:21 PM java.util.prefs.FileSystemPreferences syncWorld
2025-09-07 16:36:21,429 [ERROR] LogOutputStream:75 - [STDERR_REDIRECT] WARNING: Couldn't flush system prefs: java.util.prefs.BackingStoreException: Couldn't get file lock.
2025-09-07 16:36:21,429 [ERROR] LogOutputStream:75 - [STDERR_REDIRECT] 
2025-09-07 16:36:29,015 [INFO] SoftwarePacks:190 - Size of SW pack 'STM32Cube_FW_L4_V1.18.1' is: 978.0 MB
2025-09-07 16:36:51,426 [ERROR] LogOutputStream:75 - [STDERR_REDIRECT] Sep 07, 2025 4:36:51 PM java.util.prefs.FileSystemPreferences checkLockFile0ErrorCode
2025-09-07 16:36:51,427 [ERROR] LogOutputStream:75 - [STDERR_REDIRECT] WARNING: Could not lock System prefs. Unix error code 2.
2025-09-07 16:36:51,427 [ERROR] LogOutputStream:75 - [STDERR_REDIRECT] 
2025-09-07 16:36:51,428 [ERROR] LogOutputStream:75 - [STDERR_REDIRECT] Sep 07, 2025 4:36:51 PM java.util.prefs.FileSystemPreferences syncWorld
2025-09-07 16:36:51,429 [ERROR] LogOutputStream:75 - [STDERR_REDIRECT] WARNING: Couldn't flush system prefs: java.util.prefs.BackingStoreException: Couldn't get file lock.
2025-09-07 16:36:51,429 [ERROR] LogOutputStream:75 - [STDERR_REDIRECT] 
2025-09-07 16:36:55,133 [INFO] ExampleToolKit:675 - [info] 2025/09/07 16:36:55
2025-09-07 16:36:55,134 [INFO] ExampleToolKit:723 - [info] Start Project: WiFi_Client_Server
2025-09-07 16:36:55,134 [WARN] ExampleToolKit:785 - [WARNING] IDE PROJECT 'SW4STM32' NOT FOUND
2025-09-07 16:36:55,134 [INFO] ExampleToolKit:817 - [info] Project path: /home/matijak/programiranje/spyrosoft/STM32CubeIDE/WiFi_Client_Server
2025-09-07 16:36:55,195 [WARN] ExampleToolKit:2178 - [WARNING] IDE PROJECT 'SW4STM32'NOT FOUND
2025-09-07 16:36:55,210 [INFO] ExampleToolKit:1070 - [info] SW Package located in: /home/matijak/STM32Cube/Repository/STM32Cube_FW_L4_V1.18.1
2025-09-07 16:36:55,211 [INFO] ExampleToolKit:1075 - [info] SW Package copy: LITE
2025-09-07 16:36:55,256 [INFO] ExampleToolKit:1553 - [info] copy alt file src : /home/matijak/STM32Cube/Repository/STM32Cube_FW_L4_V1.18.1/Projects/B-L475E-IOT01A/Applications/WiFi/WiFi_Client_Server/../Common/Src/es_wifi_io.c
2025-09-07 16:36:55,290 [INFO] ExampleToolKit:1501 - [info] copy alt directory src : /home/matijak/STM32Cube/Repository/STM32Cube_FW_L4_V1.18.1/Projects/B-L475E-IOT01A/Applications/WiFi/WiFi_Client_Server/../Common/Inc
2025-09-07 16:36:55,292 [INFO] ExampleToolKit:1553 - [info] copy alt file src : /home/matijak/STM32Cube/Repository/STM32Cube_FW_L4_V1.18.1/Projects/B-L475E-IOT01A/Applications/WiFi/WiFi_Client_Server/../Common/Src/es_wifi.c
2025-09-07 16:36:55,292 [INFO] ExampleToolKit:1553 - [info] copy alt file src : /home/matijak/STM32Cube/Repository/STM32Cube_FW_L4_V1.18.1/Projects/B-L475E-IOT01A/Applications/WiFi/WiFi_Client_Server/../Common/Src/wifi.c
2025-09-07 16:36:57,858 [INFO] ExampleToolKit:889 - [info] Project 'WiFi_Client_Server' installed successfully
2025-09-07 16:36:57,859 [INFO] ExampleToolKit:915 - [info] 2025/09/07 16:36:57
2025-09-07 16:36:57,861 [INFO] ExampleToolKit:1034 - [info] Elapsed time: 0h 0m 2s 727ms
2025-09-07 16:36:59,654 [INFO] McuFinderGlobals:76 - Set McuFinderConnectedMode to true
2025-09-07 16:36:59,660 [INFO] ApiDb:448 - Save user favorites file /home/matijak/.stm32cubeide/favorites.mcus.txt: 0 item(s)
2025-09-07 16:36:59,660 [INFO] ApiDb:452 - User favorites MCUs=[]
2025-09-07 16:36:59,662 [INFO] ApiDb:448 - Save user favorites file /home/matijak/.stm32cubeide/favorites.boards.txt: 1 item(s)
2025-09-07 16:36:59,662 [INFO] ApiDb:452 - User favorites Boards=[B-L475E-IOT01A1]
2025-09-07 16:36:59,667 [INFO] ApiDb:448 - Save user favorites file /home/matijak/.stm32cubeide/favorites.examples.txt: 0 item(s)
2025-09-07 16:36:59,667 [INFO] ApiDb:452 - User favorites Examples=[]
2025-09-07 16:37:21,431 [ERROR] LogOutputStream:75 - [STDERR_REDIRECT] Sep 07, 2025 4:37:21 PM java.util.prefs.FileSystemPreferences checkLockFile0ErrorCode
2025-09-07 16:37:21,432 [ERROR] LogOutputStream:75 - [STDERR_REDIRECT] WARNING: Could not lock System prefs. Unix error code 2.
2025-09-07 16:37:21,432 [ERROR] LogOutputStream:75 - [STDERR_REDIRECT] 
2025-09-07 16:37:21,433 [ERROR] LogOutputStream:75 - [STDERR_REDIRECT] Sep 07, 2025 4:37:21 PM java.util.prefs.FileSystemPreferences syncWorld
2025-09-07 16:37:21,434 [ERROR] LogOutputStream:75 - [STDERR_REDIRECT] WARNING: Couldn't flush system prefs: java.util.prefs.BackingStoreException: Couldn't get file lock.
2025-09-07 16:37:21,435 [ERROR] LogOutputStream:75 - [STDERR_REDIRECT] 
2025-09-07 16:37:51,424 [ERROR] LogOutputStream:75 - [STDERR_REDIRECT] Sep 07, 2025 4:37:51 PM java.util.prefs.FileSystemPreferences checkLockFile0ErrorCode
2025-09-07 16:37:51,425 [ERROR] LogOutputStream:75 - [STDERR_REDIRECT] WARNING: Could not lock System prefs. Unix error code 2.
2025-09-07 16:37:51,425 [ERROR] LogOutputStream:75 - [STDERR_REDIRECT] 
2025-09-07 16:37:51,426 [ERROR] LogOutputStream:75 - [STDERR_REDIRECT] Sep 07, 2025 4:37:51 PM java.util.prefs.FileSystemPreferences syncWorld
2025-09-07 16:37:51,427 [ERROR] LogOutputStream:75 - [STDERR_REDIRECT] WARNING: Couldn't flush system prefs: java.util.prefs.BackingStoreException: Couldn't get file lock.
2025-09-07 16:37:51,427 [ERROR] LogOutputStream:75 - [STDERR_REDIRECT] 
2025-09-07 16:38:21,425 [ERROR] LogOutputStream:75 - [STDERR_REDIRECT] Sep 07, 2025 4:38:21 PM java.util.prefs.FileSystemPreferences checkLockFile0ErrorCode
2025-09-07 16:38:21,426 [ERROR] LogOutputStream:75 - [STDERR_REDIRECT] WARNING: Could not lock System prefs. Unix error code 2.
2025-09-07 16:38:21,426 [ERROR] LogOutputStream:75 - [STDERR_REDIRECT] 
2025-09-07 16:38:21,427 [ERROR] LogOutputStream:75 - [STDERR_REDIRECT] Sep 07, 2025 4:38:21 PM java.util.prefs.FileSystemPreferences syncWorld
2025-09-07 16:38:21,428 [ERROR] LogOutputStream:75 - [STDERR_REDIRECT] WARNING: Couldn't flush system prefs: java.util.prefs.BackingStoreException: Couldn't get file lock.
2025-09-07 16:38:21,428 [ERROR] LogOutputStream:75 - [STDERR_REDIRECT] 
2025-09-07 16:38:51,425 [ERROR] LogOutputStream:75 - [STDERR_REDIRECT] Sep 07, 2025 4:38:51 PM java.util.prefs.FileSystemPreferences checkLockFile0ErrorCode
2025-09-07 16:38:51,426 [ERROR] LogOutputStream:75 - [STDERR_REDIRECT] WARNING: Could not lock System prefs. Unix error code 2.
2025-09-07 16:38:51,426 [ERROR] LogOutputStream:75 - [STDERR_REDIRECT] 
2025-09-07 16:38:51,427 [ERROR] LogOutputStream:75 - [STDERR_REDIRECT] Sep 07, 2025 4:38:51 PM java.util.prefs.FileSystemPreferences syncWorld
2025-09-07 16:38:51,428 [ERROR] LogOutputStream:75 - [STDERR_REDIRECT] WARNING: Couldn't flush system prefs: java.util.prefs.BackingStoreException: Couldn't get file lock.
2025-09-07 16:38:51,428 [ERROR] LogOutputStream:75 - [STDERR_REDIRECT] 
2025-09-07 16:39:21,425 [ERROR] LogOutputStream:75 - [STDERR_REDIRECT] Sep 07, 2025 4:39:21 PM java.util.prefs.FileSystemPreferences checkLockFile0ErrorCode
2025-09-07 16:39:21,425 [ERROR] LogOutputStream:75 - [STDERR_REDIRECT] WARNING: Could not lock System prefs. Unix error code 2.
2025-09-07 16:39:21,426 [ERROR] LogOutputStream:75 - [STDERR_REDIRECT] 
2025-09-07 16:39:21,427 [ERROR] LogOutputStream:75 - [STDERR_REDIRECT] Sep 07, 2025 4:39:21 PM java.util.prefs.FileSystemPreferences syncWorld
2025-09-07 16:39:21,428 [ERROR] LogOutputStream:75 - [STDERR_REDIRECT] WARNING: Couldn't flush system prefs: java.util.prefs.BackingStoreException: Couldn't get file lock.
2025-09-07 16:39:21,428 [ERROR] LogOutputStream:75 - [STDERR_REDIRECT] 
2025-09-07 16:39:51,425 [ERROR] LogOutputStream:75 - [STDERR_REDIRECT] Sep 07, 2025 4:39:51 PM java.util.prefs.FileSystemPreferences checkLockFile0ErrorCode
2025-09-07 16:39:51,425 [ERROR] LogOutputStream:75 - [STDERR_REDIRECT] WARNING: Could not lock System prefs. Unix error code 2.
2025-09-07 16:39:51,426 [ERROR] LogOutputStream:75 - [STDERR_REDIRECT] 
2025-09-07 16:39:51,426 [ERROR] LogOutputStream:75 - [STDERR_REDIRECT] Sep 07, 2025 4:39:51 PM java.util.prefs.FileSystemPreferences syncWorld
2025-09-07 16:39:51,427 [ERROR] LogOutputStream:75 - [STDERR_REDIRECT] WARNING: Couldn't flush system prefs: java.util.prefs.BackingStoreException: Couldn't get file lock.
2025-09-07 16:39:51,428 [ERROR] LogOutputStream:75 - [STDERR_REDIRECT] 
2025-09-07 16:40:21,424 [ERROR] LogOutputStream:75 - [STDERR_REDIRECT] Sep 07, 2025 4:40:21 PM java.util.prefs.FileSystemPreferences checkLockFile0ErrorCode
2025-09-07 16:40:21,425 [ERROR] LogOutputStream:75 - [STDERR_REDIRECT] WARNING: Could not lock System prefs. Unix error code 2.
2025-09-07 16:40:21,425 [ERROR] LogOutputStream:75 - [STDERR_REDIRECT] 
2025-09-07 16:40:21,426 [ERROR] LogOutputStream:75 - [STDERR_REDIRECT] Sep 07, 2025 4:40:21 PM java.util.prefs.FileSystemPreferences syncWorld
2025-09-07 16:40:21,427 [ERROR] LogOutputStream:75 - [STDERR_REDIRECT] WARNING: Couldn't flush system prefs: java.util.prefs.BackingStoreException: Couldn't get file lock.
2025-09-07 16:40:21,428 [ERROR] LogOutputStream:75 - [STDERR_REDIRECT] 
2025-09-07 16:40:51,424 [ERROR] LogOutputStream:75 - [STDERR_REDIRECT] Sep 07, 2025 4:40:51 PM java.util.prefs.FileSystemPreferences checkLockFile0ErrorCode
2025-09-07 16:40:51,425 [ERROR] LogOutputStream:75 - [STDERR_REDIRECT] WARNING: Could not lock System prefs. Unix error code 2.
2025-09-07 16:40:51,425 [ERROR] LogOutputStream:75 - [STDERR_REDIRECT] 
2025-09-07 16:40:51,426 [ERROR] LogOutputStream:75 - [STDERR_REDIRECT] Sep 07, 2025 4:40:51 PM java.util.prefs.FileSystemPreferences syncWorld
2025-09-07 16:40:51,427 [ERROR] LogOutputStream:75 - [STDERR_REDIRECT] WARNING: Couldn't flush system prefs: java.util.prefs.BackingStoreException: Couldn't get file lock.
2025-09-07 16:40:51,427 [ERROR] LogOutputStream:75 - [STDERR_REDIRECT] 
2025-09-07 16:41:21,424 [ERROR] LogOutputStream:75 - [STDERR_REDIRECT] Sep 07, 2025 4:41:21 PM java.util.prefs.FileSystemPreferences checkLockFile0ErrorCode
2025-09-07 16:41:21,425 [ERROR] LogOutputStream:75 - [STDERR_REDIRECT] WARNING: Could not lock System prefs. Unix error code 2.
2025-09-07 16:41:21,425 [ERROR] LogOutputStream:75 - [STDERR_REDIRECT] 
2025-09-07 16:41:21,426 [ERROR] LogOutputStream:75 - [STDERR_REDIRECT] Sep 07, 2025 4:41:21 PM java.util.prefs.FileSystemPreferences syncWorld
2025-09-07 16:41:21,427 [ERROR] LogOutputStream:75 - [STDERR_REDIRECT] WARNING: Couldn't flush system prefs: java.util.prefs.BackingStoreException: Couldn't get file lock.
2025-09-07 16:41:21,427 [ERROR] LogOutputStream:75 - [STDERR_REDIRECT] 
2025-09-07 16:41:51,425 [ERROR] LogOutputStream:75 - [STDERR_REDIRECT] Sep 07, 2025 4:41:51 PM java.util.prefs.FileSystemPreferences checkLockFile0ErrorCode
2025-09-07 16:41:51,425 [ERROR] LogOutputStream:75 - [STDERR_REDIRECT] WARNING: Could not lock System prefs. Unix error code 2.
2025-09-07 16:41:51,425 [ERROR] LogOutputStream:75 - [STDERR_REDIRECT] 
2025-09-07 16:41:51,426 [ERROR] LogOutputStream:75 - [STDERR_REDIRECT] Sep 07, 2025 4:41:51 PM java.util.prefs.FileSystemPreferences syncWorld
2025-09-07 16:41:51,427 [ERROR] LogOutputStream:75 - [STDERR_REDIRECT] WARNING: Couldn't flush system prefs: java.util.prefs.BackingStoreException: Couldn't get file lock.
2025-09-07 16:41:51,427 [ERROR] LogOutputStream:75 - [STDERR_REDIRECT] 
2025-09-07 16:42:21,425 [ERROR] LogOutputStream:75 - [STDERR_REDIRECT] Sep 07, 2025 4:42:21 PM java.util.prefs.FileSystemPreferences checkLockFile0ErrorCode
2025-09-07 16:42:21,425 [ERROR] LogOutputStream:75 - [STDERR_REDIRECT] WARNING: Could not lock System prefs. Unix error code 2.
2025-09-07 16:42:21,426 [ERROR] LogOutputStream:75 - [STDERR_REDIRECT] 
2025-09-07 16:42:21,427 [ERROR] LogOutputStream:75 - [STDERR_REDIRECT] Sep 07, 2025 4:42:21 PM java.util.prefs.FileSystemPreferences syncWorld
2025-09-07 16:42:21,429 [ERROR] LogOutputStream:75 - [STDERR_REDIRECT] WARNING: Couldn't flush system prefs: java.util.prefs.BackingStoreException: Couldn't get file lock.
2025-09-07 16:42:21,429 [ERROR] LogOutputStream:75 - [STDERR_REDIRECT] 
2025-09-07 16:42:51,425 [ERROR] LogOutputStream:75 - [STDERR_REDIRECT] Sep 07, 2025 4:42:51 PM java.util.prefs.FileSystemPreferences checkLockFile0ErrorCode
2025-09-07 16:42:51,426 [ERROR] LogOutputStream:75 - [STDERR_REDIRECT] WARNING: Could not lock System prefs. Unix error code 2.
2025-09-07 16:42:51,426 [ERROR] LogOutputStream:75 - [STDERR_REDIRECT] 
2025-09-07 16:42:51,428 [ERROR] LogOutputStream:75 - [STDERR_REDIRECT] Sep 07, 2025 4:42:51 PM java.util.prefs.FileSystemPreferences syncWorld
2025-09-07 16:42:51,429 [ERROR] LogOutputStream:75 - [STDERR_REDIRECT] WARNING: Couldn't flush system prefs: java.util.prefs.BackingStoreException: Couldn't get file lock.
2025-09-07 16:42:51,429 [ERROR] LogOutputStream:75 - [STDERR_REDIRECT] 
2025-09-07 16:43:21,425 [ERROR] LogOutputStream:75 - [STDERR_REDIRECT] Sep 07, 2025 4:43:21 PM java.util.prefs.FileSystemPreferences checkLockFile0ErrorCode
2025-09-07 16:43:21,426 [ERROR] LogOutputStream:75 - [STDERR_REDIRECT] WARNING: Could not lock System prefs. Unix error code 2.
2025-09-07 16:43:21,426 [ERROR] LogOutputStream:75 - [STDERR_REDIRECT] 
2025-09-07 16:43:21,428 [ERROR] LogOutputStream:75 - [STDERR_REDIRECT] Sep 07, 2025 4:43:21 PM java.util.prefs.FileSystemPreferences syncWorld
2025-09-07 16:43:21,429 [ERROR] LogOutputStream:75 - [STDERR_REDIRECT] WARNING: Couldn't flush system prefs: java.util.prefs.BackingStoreException: Couldn't get file lock.
2025-09-07 16:43:21,429 [ERROR] LogOutputStream:75 - [STDERR_REDIRECT] 
2025-09-07 16:43:51,425 [ERROR] LogOutputStream:75 - [STDERR_REDIRECT] Sep 07, 2025 4:43:51 PM java.util.prefs.FileSystemPreferences checkLockFile0ErrorCode
2025-09-07 16:43:51,426 [ERROR] LogOutputStream:75 - [STDERR_REDIRECT] WARNING: Could not lock System prefs. Unix error code 2.
2025-09-07 16:43:51,426 [ERROR] LogOutputStream:75 - [STDERR_REDIRECT] 
2025-09-07 16:43:51,427 [ERROR] LogOutputStream:75 - [STDERR_REDIRECT] Sep 07, 2025 4:43:51 PM java.util.prefs.FileSystemPreferences syncWorld
2025-09-07 16:43:51,428 [ERROR] LogOutputStream:75 - [STDERR_REDIRECT] WARNING: Couldn't flush system prefs: java.util.prefs.BackingStoreException: Couldn't get file lock.
2025-09-07 16:43:51,428 [ERROR] LogOutputStream:75 - [STDERR_REDIRECT] 
2025-09-07 16:44:21,426 [ERROR] LogOutputStream:75 - [STDERR_REDIRECT] Sep 07, 2025 4:44:21 PM java.util.prefs.FileSystemPreferences checkLockFile0ErrorCode
2025-09-07 16:44:21,426 [ERROR] LogOutputStream:75 - [STDERR_REDIRECT] WARNING: Could not lock System prefs. Unix error code 2.
2025-09-07 16:44:21,426 [ERROR] LogOutputStream:75 - [STDERR_REDIRECT] 
2025-09-07 16:44:21,427 [ERROR] LogOutputStream:75 - [STDERR_REDIRECT] Sep 07, 2025 4:44:21 PM java.util.prefs.FileSystemPreferences syncWorld
2025-09-07 16:44:21,428 [ERROR] LogOutputStream:75 - [STDERR_REDIRECT] WARNING: Couldn't flush system prefs: java.util.prefs.BackingStoreException: Couldn't get file lock.
2025-09-07 16:44:21,428 [ERROR] LogOutputStream:75 - [STDERR_REDIRECT] 
2025-09-07 16:44:51,427 [ERROR] LogOutputStream:75 - [STDERR_REDIRECT] Sep 07, 2025 4:44:51 PM java.util.prefs.FileSystemPreferences checkLockFile0ErrorCode
2025-09-07 16:44:51,428 [ERROR] LogOutputStream:75 - [STDERR_REDIRECT] WARNING: Could not lock System prefs. Unix error code 2.
2025-09-07 16:44:51,428 [ERROR] LogOutputStream:75 - [STDERR_REDIRECT] 
2025-09-07 16:44:51,429 [ERROR] LogOutputStream:75 - [STDERR_REDIRECT] Sep 07, 2025 4:44:51 PM java.util.prefs.FileSystemPreferences syncWorld
2025-09-07 16:44:51,430 [ERROR] LogOutputStream:75 - [STDERR_REDIRECT] WARNING: Couldn't flush system prefs: java.util.prefs.BackingStoreException: Couldn't get file lock.
2025-09-07 16:44:51,430 [ERROR] LogOutputStream:75 - [STDERR_REDIRECT] 
2025-09-07 16:45:21,427 [ERROR] LogOutputStream:75 - [STDERR_REDIRECT] Sep 07, 2025 4:45:21 PM java.util.prefs.FileSystemPreferences checkLockFile0ErrorCode
2025-09-07 16:45:21,428 [ERROR] LogOutputStream:75 - [STDERR_REDIRECT] WARNING: Could not lock System prefs. Unix error code 2.
2025-09-07 16:45:21,428 [ERROR] LogOutputStream:75 - [STDERR_REDIRECT] 
2025-09-07 16:45:21,429 [ERROR] LogOutputStream:75 - [STDERR_REDIRECT] Sep 07, 2025 4:45:21 PM java.util.prefs.FileSystemPreferences syncWorld
2025-09-07 16:45:21,430 [ERROR] LogOutputStream:75 - [STDERR_REDIRECT] WARNING: Couldn't flush system prefs: java.util.prefs.BackingStoreException: Couldn't get file lock.
2025-09-07 16:45:21,430 [ERROR] LogOutputStream:75 - [STDERR_REDIRECT] 
2025-09-07 16:45:51,426 [ERROR] LogOutputStream:75 - [STDERR_REDIRECT] Sep 07, 2025 4:45:51 PM java.util.prefs.FileSystemPreferences checkLockFile0ErrorCode
2025-09-07 16:45:51,427 [ERROR] LogOutputStream:75 - [STDERR_REDIRECT] WARNING: Could not lock System prefs. Unix error code 2.
2025-09-07 16:45:51,427 [ERROR] LogOutputStream:75 - [STDERR_REDIRECT] 
2025-09-07 16:45:51,428 [ERROR] LogOutputStream:75 - [STDERR_REDIRECT] Sep 07, 2025 4:45:51 PM java.util.prefs.FileSystemPreferences syncWorld
2025-09-07 16:45:51,429 [ERROR] LogOutputStream:75 - [STDERR_REDIRECT] WARNING: Couldn't flush system prefs: java.util.prefs.BackingStoreException: Couldn't get file lock.
2025-09-07 16:45:51,429 [ERROR] LogOutputStream:75 - [STDERR_REDIRECT] 
2025-09-07 16:46:21,426 [ERROR] LogOutputStream:75 - [STDERR_REDIRECT] Sep 07, 2025 4:46:21 PM java.util.prefs.FileSystemPreferences checkLockFile0ErrorCode
2025-09-07 16:46:21,427 [ERROR] LogOutputStream:75 - [STDERR_REDIRECT] WARNING: Could not lock System prefs. Unix error code 2.
2025-09-07 16:46:21,427 [ERROR] LogOutputStream:75 - [STDERR_REDIRECT] 
2025-09-07 16:46:21,428 [ERROR] LogOutputStream:75 - [STDERR_REDIRECT] Sep 07, 2025 4:46:21 PM java.util.prefs.FileSystemPreferences syncWorld
2025-09-07 16:46:21,429 [ERROR] LogOutputStream:75 - [STDERR_REDIRECT] WARNING: Couldn't flush system prefs: java.util.prefs.BackingStoreException: Couldn't get file lock.
2025-09-07 16:46:21,429 [ERROR] LogOutputStream:75 - [STDERR_REDIRECT] 
2025-09-07 16:46:51,426 [ERROR] LogOutputStream:75 - [STDERR_REDIRECT] Sep 07, 2025 4:46:51 PM java.util.prefs.FileSystemPreferences checkLockFile0ErrorCode
2025-09-07 16:46:51,427 [ERROR] LogOutputStream:75 - [STDERR_REDIRECT] WARNING: Could not lock System prefs. Unix error code 2.
2025-09-07 16:46:51,427 [ERROR] LogOutputStream:75 - [STDERR_REDIRECT] 
2025-09-07 16:46:51,428 [ERROR] LogOutputStream:75 - [STDERR_REDIRECT] Sep 07, 2025 4:46:51 PM java.util.prefs.FileSystemPreferences syncWorld
2025-09-07 16:46:51,429 [ERROR] LogOutputStream:75 - [STDERR_REDIRECT] WARNING: Couldn't flush system prefs: java.util.prefs.BackingStoreException: Couldn't get file lock.
2025-09-07 16:46:51,429 [ERROR] LogOutputStream:75 - [STDERR_REDIRECT] 
2025-09-07 16:47:21,427 [ERROR] LogOutputStream:75 - [STDERR_REDIRECT] Sep 07, 2025 4:47:21 PM java.util.prefs.FileSystemPreferences checkLockFile0ErrorCode
2025-09-07 16:47:21,427 [ERROR] LogOutputStream:75 - [STDERR_REDIRECT] WARNING: Could not lock System prefs. Unix error code 2.
2025-09-07 16:47:21,428 [ERROR] LogOutputStream:75 - [STDERR_REDIRECT] 
2025-09-07 16:47:21,428 [ERROR] LogOutputStream:75 - [STDERR_REDIRECT] Sep 07, 2025 4:47:21 PM java.util.prefs.FileSystemPreferences syncWorld
2025-09-07 16:47:21,429 [ERROR] LogOutputStream:75 - [STDERR_REDIRECT] WARNING: Couldn't flush system prefs: java.util.prefs.BackingStoreException: Couldn't get file lock.
2025-09-07 16:47:21,429 [ERROR] LogOutputStream:75 - [STDERR_REDIRECT] 
2025-09-07 16:47:51,426 [ERROR] LogOutputStream:75 - [STDERR_REDIRECT] Sep 07, 2025 4:47:51 PM java.util.prefs.FileSystemPreferences checkLockFile0ErrorCode
2025-09-07 16:47:51,427 [ERROR] LogOutputStream:75 - [STDERR_REDIRECT] WARNING: Could not lock System prefs. Unix error code 2.
2025-09-07 16:47:51,427 [ERROR] LogOutputStream:75 - [STDERR_REDIRECT] 
2025-09-07 16:47:51,428 [ERROR] LogOutputStream:75 - [STDERR_REDIRECT] Sep 07, 2025 4:47:51 PM java.util.prefs.FileSystemPreferences syncWorld
2025-09-07 16:47:51,428 [ERROR] LogOutputStream:75 - [STDERR_REDIRECT] WARNING: Couldn't flush system prefs: java.util.prefs.BackingStoreException: Couldn't get file lock.
2025-09-07 16:47:51,429 [ERROR] LogOutputStream:75 - [STDERR_REDIRECT] 
2025-09-07 16:48:21,426 [ERROR] LogOutputStream:75 - [STDERR_REDIRECT] Sep 07, 2025 4:48:21 PM java.util.prefs.FileSystemPreferences checkLockFile0ErrorCode
2025-09-07 16:48:21,427 [ERROR] LogOutputStream:75 - [STDERR_REDIRECT] WARNING: Could not lock System prefs. Unix error code 2.
2025-09-07 16:48:21,427 [ERROR] LogOutputStream:75 - [STDERR_REDIRECT] 
2025-09-07 16:48:21,428 [ERROR] LogOutputStream:75 - [STDERR_REDIRECT] Sep 07, 2025 4:48:21 PM java.util.prefs.FileSystemPreferences syncWorld
2025-09-07 16:48:21,429 [ERROR] LogOutputStream:75 - [STDERR_REDIRECT] WARNING: Couldn't flush system prefs: java.util.prefs.BackingStoreException: Couldn't get file lock.
2025-09-07 16:48:21,429 [ERROR] LogOutputStream:75 - [STDERR_REDIRECT] 
2025-09-07 16:48:51,426 [ERROR] LogOutputStream:75 - [STDERR_REDIRECT] Sep 07, 2025 4:48:51 PM java.util.prefs.FileSystemPreferences checkLockFile0ErrorCode
2025-09-07 16:48:51,427 [ERROR] LogOutputStream:75 - [STDERR_REDIRECT] WARNING: Could not lock System prefs. Unix error code 2.
2025-09-07 16:48:51,427 [ERROR] LogOutputStream:75 - [STDERR_REDIRECT] 
2025-09-07 16:48:51,428 [ERROR] LogOutputStream:75 - [STDERR_REDIRECT] Sep 07, 2025 4:48:51 PM java.util.prefs.FileSystemPreferences syncWorld
2025-09-07 16:48:51,429 [ERROR] LogOutputStream:75 - [STDERR_REDIRECT] WARNING: Couldn't flush system prefs: java.util.prefs.BackingStoreException: Couldn't get file lock.
2025-09-07 16:48:51,429 [ERROR] LogOutputStream:75 - [STDERR_REDIRECT] 
2025-09-07 16:49:21,427 [ERROR] LogOutputStream:75 - [STDERR_REDIRECT] Sep 07, 2025 4:49:21 PM java.util.prefs.FileSystemPreferences checkLockFile0ErrorCode
2025-09-07 16:49:21,428 [ERROR] LogOutputStream:75 - [STDERR_REDIRECT] WARNING: Could not lock System prefs. Unix error code 2.
2025-09-07 16:49:21,428 [ERROR] LogOutputStream:75 - [STDERR_REDIRECT] 
2025-09-07 16:49:21,429 [ERROR] LogOutputStream:75 - [STDERR_REDIRECT] Sep 07, 2025 4:49:21 PM java.util.prefs.FileSystemPreferences syncWorld
2025-09-07 16:49:21,430 [ERROR] LogOutputStream:75 - [STDERR_REDIRECT] WARNING: Couldn't flush system prefs: java.util.prefs.BackingStoreException: Couldn't get file lock.
2025-09-07 16:49:21,430 [ERROR] LogOutputStream:75 - [STDERR_REDIRECT] 
2025-09-07 16:49:51,426 [ERROR] LogOutputStream:75 - [STDERR_REDIRECT] Sep 07, 2025 4:49:51 PM java.util.prefs.FileSystemPreferences checkLockFile0ErrorCode
2025-09-07 16:49:51,427 [ERROR] LogOutputStream:75 - [STDERR_REDIRECT] WARNING: Could not lock System prefs. Unix error code 2.
2025-09-07 16:49:51,427 [ERROR] LogOutputStream:75 - [STDERR_REDIRECT] 
2025-09-07 16:49:51,428 [ERROR] LogOutputStream:75 - [STDERR_REDIRECT] Sep 07, 2025 4:49:51 PM java.util.prefs.FileSystemPreferences syncWorld
2025-09-07 16:49:51,429 [ERROR] LogOutputStream:75 - [STDERR_REDIRECT] WARNING: Couldn't flush system prefs: java.util.prefs.BackingStoreException: Couldn't get file lock.
2025-09-07 16:49:51,429 [ERROR] LogOutputStream:75 - [STDERR_REDIRECT] 
2025-09-07 16:50:21,426 [ERROR] LogOutputStream:75 - [STDERR_REDIRECT] Sep 07, 2025 4:50:21 PM java.util.prefs.FileSystemPreferences checkLockFile0ErrorCode
2025-09-07 16:50:21,427 [ERROR] LogOutputStream:75 - [STDERR_REDIRECT] WARNING: Could not lock System prefs. Unix error code 2.
2025-09-07 16:50:21,427 [ERROR] LogOutputStream:75 - [STDERR_REDIRECT] 
2025-09-07 16:50:21,427 [ERROR] LogOutputStream:75 - [STDERR_REDIRECT] Sep 07, 2025 4:50:21 PM java.util.prefs.FileSystemPreferences syncWorld
2025-09-07 16:50:21,428 [ERROR] LogOutputStream:75 - [STDERR_REDIRECT] WARNING: Couldn't flush system prefs: java.util.prefs.BackingStoreException: Couldn't get file lock.
2025-09-07 16:50:21,428 [ERROR] LogOutputStream:75 - [STDERR_REDIRECT] 
2025-09-07 16:50:51,426 [ERROR] LogOutputStream:75 - [STDERR_REDIRECT] Sep 07, 2025 4:50:51 PM java.util.prefs.FileSystemPreferences checkLockFile0ErrorCode
2025-09-07 16:50:51,427 [ERROR] LogOutputStream:75 - [STDERR_REDIRECT] WARNING: Could not lock System prefs. Unix error code 2.
2025-09-07 16:50:51,427 [ERROR] LogOutputStream:75 - [STDERR_REDIRECT] 
2025-09-07 16:50:51,428 [ERROR] LogOutputStream:75 - [STDERR_REDIRECT] Sep 07, 2025 4:50:51 PM java.util.prefs.FileSystemPreferences syncWorld
2025-09-07 16:50:51,429 [ERROR] LogOutputStream:75 - [STDERR_REDIRECT] WARNING: Couldn't flush system prefs: java.util.prefs.BackingStoreException: Couldn't get file lock.
2025-09-07 16:50:51,429 [ERROR] LogOutputStream:75 - [STDERR_REDIRECT] 
2025-09-07 16:51:21,426 [ERROR] LogOutputStream:75 - [STDERR_REDIRECT] Sep 07, 2025 4:51:21 PM java.util.prefs.FileSystemPreferences checkLockFile0ErrorCode
2025-09-07 16:51:21,427 [ERROR] LogOutputStream:75 - [STDERR_REDIRECT] WARNING: Could not lock System prefs. Unix error code 2.
2025-09-07 16:51:21,427 [ERROR] LogOutputStream:75 - [STDERR_REDIRECT] 
2025-09-07 16:51:21,428 [ERROR] LogOutputStream:75 - [STDERR_REDIRECT] Sep 07, 2025 4:51:21 PM java.util.prefs.FileSystemPreferences syncWorld
2025-09-07 16:51:21,429 [ERROR] LogOutputStream:75 - [STDERR_REDIRECT] WARNING: Couldn't flush system prefs: java.util.prefs.BackingStoreException: Couldn't get file lock.
2025-09-07 16:51:21,429 [ERROR] LogOutputStream:75 - [STDERR_REDIRECT] 
2025-09-07 16:51:51,426 [ERROR] LogOutputStream:75 - [STDERR_REDIRECT] Sep 07, 2025 4:51:51 PM java.util.prefs.FileSystemPreferences checkLockFile0ErrorCode
2025-09-07 16:51:51,427 [ERROR] LogOutputStream:75 - [STDERR_REDIRECT] WARNING: Could not lock System prefs. Unix error code 2.
2025-09-07 16:51:51,427 [ERROR] LogOutputStream:75 - [STDERR_REDIRECT] 
2025-09-07 16:51:51,428 [ERROR] LogOutputStream:75 - [STDERR_REDIRECT] Sep 07, 2025 4:51:51 PM java.util.prefs.FileSystemPreferences syncWorld
2025-09-07 16:51:51,429 [ERROR] LogOutputStream:75 - [STDERR_REDIRECT] WARNING: Couldn't flush system prefs: java.util.prefs.BackingStoreException: Couldn't get file lock.
2025-09-07 16:51:51,429 [ERROR] LogOutputStream:75 - [STDERR_REDIRECT] 
2025-09-07 16:52:21,427 [ERROR] LogOutputStream:75 - [STDERR_REDIRECT] Sep 07, 2025 4:52:21 PM java.util.prefs.FileSystemPreferences checkLockFile0ErrorCode
2025-09-07 16:52:21,427 [ERROR] LogOutputStream:75 - [STDERR_REDIRECT] WARNING: Could not lock System prefs. Unix error code 2.
2025-09-07 16:52:21,427 [ERROR] LogOutputStream:75 - [STDERR_REDIRECT] 
2025-09-07 16:52:21,428 [ERROR] LogOutputStream:75 - [STDERR_REDIRECT] Sep 07, 2025 4:52:21 PM java.util.prefs.FileSystemPreferences syncWorld
2025-09-07 16:52:21,429 [ERROR] LogOutputStream:75 - [STDERR_REDIRECT] WARNING: Couldn't flush system prefs: java.util.prefs.BackingStoreException: Couldn't get file lock.
2025-09-07 16:52:21,429 [ERROR] LogOutputStream:75 - [STDERR_REDIRECT] 
2025-09-07 16:52:51,427 [ERROR] LogOutputStream:75 - [STDERR_REDIRECT] Sep 07, 2025 4:52:51 PM java.util.prefs.FileSystemPreferences checkLockFile0ErrorCode
2025-09-07 16:52:51,427 [ERROR] LogOutputStream:75 - [STDERR_REDIRECT] WARNING: Could not lock System prefs. Unix error code 2.
2025-09-07 16:52:51,427 [ERROR] LogOutputStream:75 - [STDERR_REDIRECT] 
2025-09-07 16:52:51,429 [ERROR] LogOutputStream:75 - [STDERR_REDIRECT] Sep 07, 2025 4:52:51 PM java.util.prefs.FileSystemPreferences syncWorld
2025-09-07 16:52:51,430 [ERROR] LogOutputStream:75 - [STDERR_REDIRECT] WARNING: Couldn't flush system prefs: java.util.prefs.BackingStoreException: Couldn't get file lock.
2025-09-07 16:52:51,430 [ERROR] LogOutputStream:75 - [STDERR_REDIRECT] 
2025-09-07 16:53:21,426 [ERROR] LogOutputStream:75 - [STDERR_REDIRECT] Sep 07, 2025 4:53:21 PM java.util.prefs.FileSystemPreferences checkLockFile0ErrorCode
2025-09-07 16:53:21,427 [ERROR] LogOutputStream:75 - [STDERR_REDIRECT] WARNING: Could not lock System prefs. Unix error code 2.
2025-09-07 16:53:21,427 [ERROR] LogOutputStream:75 - [STDERR_REDIRECT] 
2025-09-07 16:53:21,428 [ERROR] LogOutputStream:75 - [STDERR_REDIRECT] Sep 07, 2025 4:53:21 PM java.util.prefs.FileSystemPreferences syncWorld
2025-09-07 16:53:21,429 [ERROR] LogOutputStream:75 - [STDERR_REDIRECT] WARNING: Couldn't flush system prefs: java.util.prefs.BackingStoreException: Couldn't get file lock.
2025-09-07 16:53:21,429 [ERROR] LogOutputStream:75 - [STDERR_REDIRECT] 
2025-09-07 16:53:51,427 [ERROR] LogOutputStream:75 - [STDERR_REDIRECT] Sep 07, 2025 4:53:51 PM java.util.prefs.FileSystemPreferences checkLockFile0ErrorCode
2025-09-07 16:53:51,428 [ERROR] LogOutputStream:75 - [STDERR_REDIRECT] WARNING: Could not lock System prefs. Unix error code 2.
2025-09-07 16:53:51,428 [ERROR] LogOutputStream:75 - [STDERR_REDIRECT] 
2025-09-07 16:53:51,428 [ERROR] LogOutputStream:75 - [STDERR_REDIRECT] Sep 07, 2025 4:53:51 PM java.util.prefs.FileSystemPreferences syncWorld
2025-09-07 16:53:51,429 [ERROR] LogOutputStream:75 - [STDERR_REDIRECT] WARNING: Couldn't flush system prefs: java.util.prefs.BackingStoreException: Couldn't get file lock.
2025-09-07 16:53:51,429 [ERROR] LogOutputStream:75 - [STDERR_REDIRECT] 
2025-09-07 16:54:21,427 [ERROR] LogOutputStream:75 - [STDERR_REDIRECT] Sep 07, 2025 4:54:21 PM java.util.prefs.FileSystemPreferences checkLockFile0ErrorCode
2025-09-07 16:54:21,427 [ERROR] LogOutputStream:75 - [STDERR_REDIRECT] WARNING: Could not lock System prefs. Unix error code 2.
2025-09-07 16:54:21,427 [ERROR] LogOutputStream:75 - [STDERR_REDIRECT] 
2025-09-07 16:54:21,428 [ERROR] LogOutputStream:75 - [STDERR_REDIRECT] Sep 07, 2025 4:54:21 PM java.util.prefs.FileSystemPreferences syncWorld
2025-09-07 16:54:21,429 [ERROR] LogOutputStream:75 - [STDERR_REDIRECT] WARNING: Couldn't flush system prefs: java.util.prefs.BackingStoreException: Couldn't get file lock.
2025-09-07 16:54:21,429 [ERROR] LogOutputStream:75 - [STDERR_REDIRECT] 
2025-09-07 16:54:51,428 [ERROR] LogOutputStream:75 - [STDERR_REDIRECT] Sep 07, 2025 4:54:51 PM java.util.prefs.FileSystemPreferences checkLockFile0ErrorCode
2025-09-07 16:54:51,429 [ERROR] LogOutputStream:75 - [STDERR_REDIRECT] WARNING: Could not lock System prefs. Unix error code 2.
2025-09-07 16:54:51,429 [ERROR] LogOutputStream:75 - [STDERR_REDIRECT] 
2025-09-07 16:54:51,430 [ERROR] LogOutputStream:75 - [STDERR_REDIRECT] Sep 07, 2025 4:54:51 PM java.util.prefs.FileSystemPreferences syncWorld
2025-09-07 16:54:51,431 [ERROR] LogOutputStream:75 - [STDERR_REDIRECT] WARNING: Couldn't flush system prefs: java.util.prefs.BackingStoreException: Couldn't get file lock.
2025-09-07 16:54:51,432 [ERROR] LogOutputStream:75 - [STDERR_REDIRECT] 
2025-09-07 16:55:21,429 [ERROR] LogOutputStream:75 - [STDERR_REDIRECT] Sep 07, 2025 4:55:21 PM java.util.prefs.FileSystemPreferences checkLockFile0ErrorCode
2025-09-07 16:55:21,430 [ERROR] LogOutputStream:75 - [STDERR_REDIRECT] WARNING: Could not lock System prefs. Unix error code 2.
2025-09-07 16:55:21,430 [ERROR] LogOutputStream:75 - [STDERR_REDIRECT] 
2025-09-07 16:55:21,431 [ERROR] LogOutputStream:75 - [STDERR_REDIRECT] Sep 07, 2025 4:55:21 PM java.util.prefs.FileSystemPreferences syncWorld
2025-09-07 16:55:21,432 [ERROR] LogOutputStream:75 - [STDERR_REDIRECT] WARNING: Couldn't flush system prefs: java.util.prefs.BackingStoreException: Couldn't get file lock.
2025-09-07 16:55:21,432 [ERROR] LogOutputStream:75 - [STDERR_REDIRECT] 
2025-09-07 16:55:51,428 [ERROR] LogOutputStream:75 - [STDERR_REDIRECT] Sep 07, 2025 4:55:51 PM java.util.prefs.FileSystemPreferences checkLockFile0ErrorCode
2025-09-07 16:55:51,430 [ERROR] LogOutputStream:75 - [STDERR_REDIRECT] WARNING: Could not lock System prefs. Unix error code 2.
2025-09-07 16:55:51,430 [ERROR] LogOutputStream:75 - [STDERR_REDIRECT] 
2025-09-07 16:55:51,431 [ERROR] LogOutputStream:75 - [STDERR_REDIRECT] Sep 07, 2025 4:55:51 PM java.util.prefs.FileSystemPreferences syncWorld
2025-09-07 16:55:51,432 [ERROR] LogOutputStream:75 - [STDERR_REDIRECT] WARNING: Couldn't flush system prefs: java.util.prefs.BackingStoreException: Couldn't get file lock.
2025-09-07 16:55:51,432 [ERROR] LogOutputStream:75 - [STDERR_REDIRECT] 
2025-09-07 16:56:21,427 [ERROR] LogOutputStream:75 - [STDERR_REDIRECT] Sep 07, 2025 4:56:21 PM java.util.prefs.FileSystemPreferences checkLockFile0ErrorCode
2025-09-07 16:56:21,428 [ERROR] LogOutputStream:75 - [STDERR_REDIRECT] WARNING: Could not lock System prefs. Unix error code 2.
2025-09-07 16:56:21,428 [ERROR] LogOutputStream:75 - [STDERR_REDIRECT] 
2025-09-07 16:56:21,429 [ERROR] LogOutputStream:75 - [STDERR_REDIRECT] Sep 07, 2025 4:56:21 PM java.util.prefs.FileSystemPreferences syncWorld
2025-09-07 16:56:21,430 [ERROR] LogOutputStream:75 - [STDERR_REDIRECT] WARNING: Couldn't flush system prefs: java.util.prefs.BackingStoreException: Couldn't get file lock.
2025-09-07 16:56:21,430 [ERROR] LogOutputStream:75 - [STDERR_REDIRECT] 
2025-09-07 16:56:51,427 [ERROR] LogOutputStream:75 - [STDERR_REDIRECT] Sep 07, 2025 4:56:51 PM java.util.prefs.FileSystemPreferences checkLockFile0ErrorCode
2025-09-07 16:56:51,428 [ERROR] LogOutputStream:75 - [STDERR_REDIRECT] WARNING: Could not lock System prefs. Unix error code 2.
2025-09-07 16:56:51,428 [ERROR] LogOutputStream:75 - [STDERR_REDIRECT] 
2025-09-07 16:56:51,429 [ERROR] LogOutputStream:75 - [STDERR_REDIRECT] Sep 07, 2025 4:56:51 PM java.util.prefs.FileSystemPreferences syncWorld
2025-09-07 16:56:51,430 [ERROR] LogOutputStream:75 - [STDERR_REDIRECT] WARNING: Couldn't flush system prefs: java.util.prefs.BackingStoreException: Couldn't get file lock.
2025-09-07 16:56:51,430 [ERROR] LogOutputStream:75 - [STDERR_REDIRECT] 
2025-09-07 16:57:21,430 [ERROR] LogOutputStream:75 - [STDERR_REDIRECT] Sep 07, 2025 4:57:21 PM java.util.prefs.FileSystemPreferences checkLockFile0ErrorCode
2025-09-07 16:57:21,431 [ERROR] LogOutputStream:75 - [STDERR_REDIRECT] WARNING: Could not lock System prefs. Unix error code 2.
2025-09-07 16:57:21,432 [ERROR] LogOutputStream:75 - [STDERR_REDIRECT] 
2025-09-07 16:57:21,433 [ERROR] LogOutputStream:75 - [STDERR_REDIRECT] Sep 07, 2025 4:57:21 PM java.util.prefs.FileSystemPreferences syncWorld
2025-09-07 16:57:21,435 [ERROR] LogOutputStream:75 - [STDERR_REDIRECT] WARNING: Couldn't flush system prefs: java.util.prefs.BackingStoreException: Couldn't get file lock.
2025-09-07 16:57:21,435 [ERROR] LogOutputStream:75 - [STDERR_REDIRECT] 
2025-09-07 16:57:51,427 [ERROR] LogOutputStream:75 - [STDERR_REDIRECT] Sep 07, 2025 4:57:51 PM java.util.prefs.FileSystemPreferences checkLockFile0ErrorCode
2025-09-07 16:57:51,428 [ERROR] LogOutputStream:75 - [STDERR_REDIRECT] WARNING: Could not lock System prefs. Unix error code 2.
2025-09-07 16:57:51,428 [ERROR] LogOutputStream:75 - [STDERR_REDIRECT] 
2025-09-07 16:57:51,428 [ERROR] LogOutputStream:75 - [STDERR_REDIRECT] Sep 07, 2025 4:57:51 PM java.util.prefs.FileSystemPreferences syncWorld
2025-09-07 16:57:51,429 [ERROR] LogOutputStream:75 - [STDERR_REDIRECT] WARNING: Couldn't flush system prefs: java.util.prefs.BackingStoreException: Couldn't get file lock.
2025-09-07 16:57:51,429 [ERROR] LogOutputStream:75 - [STDERR_REDIRECT] 
2025-09-07 16:58:21,428 [ERROR] LogOutputStream:75 - [STDERR_REDIRECT] Sep 07, 2025 4:58:21 PM java.util.prefs.FileSystemPreferences checkLockFile0ErrorCode
2025-09-07 16:58:21,428 [ERROR] LogOutputStream:75 - [STDERR_REDIRECT] WARNING: Could not lock System prefs. Unix error code 2.
2025-09-07 16:58:21,428 [ERROR] LogOutputStream:75 - [STDERR_REDIRECT] 
2025-09-07 16:58:21,429 [ERROR] LogOutputStream:75 - [STDERR_REDIRECT] Sep 07, 2025 4:58:21 PM java.util.prefs.FileSystemPreferences syncWorld
2025-09-07 16:58:21,430 [ERROR] LogOutputStream:75 - [STDERR_REDIRECT] WARNING: Couldn't flush system prefs: java.util.prefs.BackingStoreException: Couldn't get file lock.
2025-09-07 16:58:21,430 [ERROR] LogOutputStream:75 - [STDERR_REDIRECT] 
2025-09-07 16:58:51,429 [ERROR] LogOutputStream:75 - [STDERR_REDIRECT] Sep 07, 2025 4:58:51 PM java.util.prefs.FileSystemPreferences checkLockFile0ErrorCode
2025-09-07 16:58:51,429 [ERROR] LogOutputStream:75 - [STDERR_REDIRECT] WARNING: Could not lock System prefs. Unix error code 2.
2025-09-07 16:58:51,429 [ERROR] LogOutputStream:75 - [STDERR_REDIRECT] 
2025-09-07 16:58:51,430 [ERROR] LogOutputStream:75 - [STDERR_REDIRECT] Sep 07, 2025 4:58:51 PM java.util.prefs.FileSystemPreferences syncWorld
2025-09-07 16:58:51,431 [ERROR] LogOutputStream:75 - [STDERR_REDIRECT] WARNING: Couldn't flush system prefs: java.util.prefs.BackingStoreException: Couldn't get file lock.
2025-09-07 16:58:51,431 [ERROR] LogOutputStream:75 - [STDERR_REDIRECT] 
2025-09-07 16:59:21,428 [ERROR] LogOutputStream:75 - [STDERR_REDIRECT] Sep 07, 2025 4:59:21 PM java.util.prefs.FileSystemPreferences checkLockFile0ErrorCode
2025-09-07 16:59:21,429 [ERROR] LogOutputStream:75 - [STDERR_REDIRECT] WARNING: Could not lock System prefs. Unix error code 2.
2025-09-07 16:59:21,429 [ERROR] LogOutputStream:75 - [STDERR_REDIRECT] 
2025-09-07 16:59:21,430 [ERROR] LogOutputStream:75 - [STDERR_REDIRECT] Sep 07, 2025 4:59:21 PM java.util.prefs.FileSystemPreferences syncWorld
2025-09-07 16:59:21,431 [ERROR] LogOutputStream:75 - [STDERR_REDIRECT] WARNING: Couldn't flush system prefs: java.util.prefs.BackingStoreException: Couldn't get file lock.
2025-09-07 16:59:21,432 [ERROR] LogOutputStream:75 - [STDERR_REDIRECT] 
2025-09-07 16:59:51,427 [ERROR] LogOutputStream:75 - [STDERR_REDIRECT] Sep 07, 2025 4:59:51 PM java.util.prefs.FileSystemPreferences checkLockFile0ErrorCode
2025-09-07 16:59:51,428 [ERROR] LogOutputStream:75 - [STDERR_REDIRECT] WARNING: Could not lock System prefs. Unix error code 2.
2025-09-07 16:59:51,428 [ERROR] LogOutputStream:75 - [STDERR_REDIRECT] 
2025-09-07 16:59:51,429 [ERROR] LogOutputStream:75 - [STDERR_REDIRECT] Sep 07, 2025 4:59:51 PM java.util.prefs.FileSystemPreferences syncWorld
2025-09-07 16:59:51,430 [ERROR] LogOutputStream:75 - [STDERR_REDIRECT] WARNING: Couldn't flush system prefs: java.util.prefs.BackingStoreException: Couldn't get file lock.
2025-09-07 16:59:51,430 [ERROR] LogOutputStream:75 - [STDERR_REDIRECT] 
2025-09-07 17:00:21,428 [ERROR] LogOutputStream:75 - [STDERR_REDIRECT] Sep 07, 2025 5:00:21 PM java.util.prefs.FileSystemPreferences checkLockFile0ErrorCode
2025-09-07 17:00:21,428 [ERROR] LogOutputStream:75 - [STDERR_REDIRECT] WARNING: Could not lock System prefs. Unix error code 2.
2025-09-07 17:00:21,429 [ERROR] LogOutputStream:75 - [STDERR_REDIRECT] 
2025-09-07 17:00:21,429 [ERROR] LogOutputStream:75 - [STDERR_REDIRECT] Sep 07, 2025 5:00:21 PM java.util.prefs.FileSystemPreferences syncWorld
2025-09-07 17:00:21,430 [ERROR] LogOutputStream:75 - [STDERR_REDIRECT] WARNING: Couldn't flush system prefs: java.util.prefs.BackingStoreException: Couldn't get file lock.
2025-09-07 17:00:21,430 [ERROR] LogOutputStream:75 - [STDERR_REDIRECT] 
2025-09-07 17:00:51,429 [ERROR] LogOutputStream:75 - [STDERR_REDIRECT] Sep 07, 2025 5:00:51 PM java.util.prefs.FileSystemPreferences checkLockFile0ErrorCode
2025-09-07 17:00:51,430 [ERROR] LogOutputStream:75 - [STDERR_REDIRECT] WARNING: Could not lock System prefs. Unix error code 2.
2025-09-07 17:00:51,430 [ERROR] LogOutputStream:75 - [STDERR_REDIRECT] 
2025-09-07 17:00:51,431 [ERROR] LogOutputStream:75 - [STDERR_REDIRECT] Sep 07, 2025 5:00:51 PM java.util.prefs.FileSystemPreferences syncWorld
2025-09-07 17:00:51,432 [ERROR] LogOutputStream:75 - [STDERR_REDIRECT] WARNING: Couldn't flush system prefs: java.util.prefs.BackingStoreException: Couldn't get file lock.
2025-09-07 17:00:51,432 [ERROR] LogOutputStream:75 - [STDERR_REDIRECT] 
2025-09-07 17:01:21,428 [ERROR] LogOutputStream:75 - [STDERR_REDIRECT] Sep 07, 2025 5:01:21 PM java.util.prefs.FileSystemPreferences checkLockFile0ErrorCode
2025-09-07 17:01:21,428 [ERROR] LogOutputStream:75 - [STDERR_REDIRECT] WARNING: Could not lock System prefs. Unix error code 2.
2025-09-07 17:01:21,428 [ERROR] LogOutputStream:75 - [STDERR_REDIRECT] 
2025-09-07 17:01:21,429 [ERROR] LogOutputStream:75 - [STDERR_REDIRECT] Sep 07, 2025 5:01:21 PM java.util.prefs.FileSystemPreferences syncWorld
2025-09-07 17:01:21,430 [ERROR] LogOutputStream:75 - [STDERR_REDIRECT] WARNING: Couldn't flush system prefs: java.util.prefs.BackingStoreException: Couldn't get file lock.
2025-09-07 17:01:21,430 [ERROR] LogOutputStream:75 - [STDERR_REDIRECT] 
2025-09-07 17:01:51,429 [ERROR] LogOutputStream:75 - [STDERR_REDIRECT] Sep 07, 2025 5:01:51 PM java.util.prefs.FileSystemPreferences checkLockFile0ErrorCode
2025-09-07 17:01:51,429 [ERROR] LogOutputStream:75 - [STDERR_REDIRECT] WARNING: Could not lock System prefs. Unix error code 2.
2025-09-07 17:01:51,430 [ERROR] LogOutputStream:75 - [STDERR_REDIRECT] 
2025-09-07 17:01:51,430 [ERROR] LogOutputStream:75 - [STDERR_REDIRECT] Sep 07, 2025 5:01:51 PM java.util.prefs.FileSystemPreferences syncWorld
2025-09-07 17:01:51,431 [ERROR] LogOutputStream:75 - [STDERR_REDIRECT] WARNING: Couldn't flush system prefs: java.util.prefs.BackingStoreException: Couldn't get file lock.
2025-09-07 17:01:51,431 [ERROR] LogOutputStream:75 - [STDERR_REDIRECT] 
2025-09-07 17:02:21,430 [ERROR] LogOutputStream:75 - [STDERR_REDIRECT] Sep 07, 2025 5:02:21 PM java.util.prefs.FileSystemPreferences checkLockFile0ErrorCode
2025-09-07 17:02:21,430 [ERROR] LogOutputStream:75 - [STDERR_REDIRECT] WARNING: Could not lock System prefs. Unix error code 2.
2025-09-07 17:02:21,430 [ERROR] LogOutputStream:75 - [STDERR_REDIRECT] 
2025-09-07 17:02:21,431 [ERROR] LogOutputStream:75 - [STDERR_REDIRECT] Sep 07, 2025 5:02:21 PM java.util.prefs.FileSystemPreferences syncWorld
2025-09-07 17:02:21,432 [ERROR] LogOutputStream:75 - [STDERR_REDIRECT] WARNING: Couldn't flush system prefs: java.util.prefs.BackingStoreException: Couldn't get file lock.
2025-09-07 17:02:21,432 [ERROR] LogOutputStream:75 - [STDERR_REDIRECT] 
2025-09-07 17:02:51,430 [ERROR] LogOutputStream:75 - [STDERR_REDIRECT] Sep 07, 2025 5:02:51 PM java.util.prefs.FileSystemPreferences checkLockFile0ErrorCode
2025-09-07 17:02:51,430 [ERROR] LogOutputStream:75 - [STDERR_REDIRECT] WARNING: Could not lock System prefs. Unix error code 2.
2025-09-07 17:02:51,431 [ERROR] LogOutputStream:75 - [STDERR_REDIRECT] 
2025-09-07 17:02:51,431 [ERROR] LogOutputStream:75 - [STDERR_REDIRECT] Sep 07, 2025 5:02:51 PM java.util.prefs.FileSystemPreferences syncWorld
2025-09-07 17:02:51,432 [ERROR] LogOutputStream:75 - [STDERR_REDIRECT] WARNING: Couldn't flush system prefs: java.util.prefs.BackingStoreException: Couldn't get file lock.
2025-09-07 17:02:51,432 [ERROR] LogOutputStream:75 - [STDERR_REDIRECT] 
2025-09-07 17:03:21,429 [ERROR] LogOutputStream:75 - [STDERR_REDIRECT] Sep 07, 2025 5:03:21 PM java.util.prefs.FileSystemPreferences checkLockFile0ErrorCode
2025-09-07 17:03:21,430 [ERROR] LogOutputStream:75 - [STDERR_REDIRECT] WARNING: Could not lock System prefs. Unix error code 2.
2025-09-07 17:03:21,430 [ERROR] LogOutputStream:75 - [STDERR_REDIRECT] 
2025-09-07 17:03:21,431 [ERROR] LogOutputStream:75 - [STDERR_REDIRECT] Sep 07, 2025 5:03:21 PM java.util.prefs.FileSystemPreferences syncWorld
2025-09-07 17:03:21,432 [ERROR] LogOutputStream:75 - [STDERR_REDIRECT] WARNING: Couldn't flush system prefs: java.util.prefs.BackingStoreException: Couldn't get file lock.
2025-09-07 17:03:21,432 [ERROR] LogOutputStream:75 - [STDERR_REDIRECT] 
2025-09-07 17:03:51,431 [ERROR] LogOutputStream:75 - [STDERR_REDIRECT] Sep 07, 2025 5:03:51 PM java.util.prefs.FileSystemPreferences checkLockFile0ErrorCode
2025-09-07 17:03:51,431 [ERROR] LogOutputStream:75 - [STDERR_REDIRECT] WARNING: Could not lock System prefs. Unix error code 2.
2025-09-07 17:03:51,432 [ERROR] LogOutputStream:75 - [STDERR_REDIRECT] 
2025-09-07 17:03:51,433 [ERROR] LogOutputStream:75 - [STDERR_REDIRECT] Sep 07, 2025 5:03:51 PM java.util.prefs.FileSystemPreferences syncWorld
2025-09-07 17:03:51,433 [ERROR] LogOutputStream:75 - [STDERR_REDIRECT] WARNING: Couldn't flush system prefs: java.util.prefs.BackingStoreException: Couldn't get file lock.
2025-09-07 17:03:51,434 [ERROR] LogOutputStream:75 - [STDERR_REDIRECT] 
2025-09-07 17:04:21,430 [ERROR] LogOutputStream:75 - [STDERR_REDIRECT] Sep 07, 2025 5:04:21 PM java.util.prefs.FileSystemPreferences checkLockFile0ErrorCode
2025-09-07 17:04:21,431 [ERROR] LogOutputStream:75 - [STDERR_REDIRECT] WARNING: Could not lock System prefs. Unix error code 2.
2025-09-07 17:04:21,431 [ERROR] LogOutputStream:75 - [STDERR_REDIRECT] 
2025-09-07 17:04:21,432 [ERROR] LogOutputStream:75 - [STDERR_REDIRECT] Sep 07, 2025 5:04:21 PM java.util.prefs.FileSystemPreferences syncWorld
2025-09-07 17:04:21,433 [ERROR] LogOutputStream:75 - [STDERR_REDIRECT] WARNING: Couldn't flush system prefs: java.util.prefs.BackingStoreException: Couldn't get file lock.
2025-09-07 17:04:21,433 [ERROR] LogOutputStream:75 - [STDERR_REDIRECT] 
2025-09-07 17:04:51,430 [ERROR] LogOutputStream:75 - [STDERR_REDIRECT] Sep 07, 2025 5:04:51 PM java.util.prefs.FileSystemPreferences checkLockFile0ErrorCode
2025-09-07 17:04:51,431 [ERROR] LogOutputStream:75 - [STDERR_REDIRECT] WARNING: Could not lock System prefs. Unix error code 2.
2025-09-07 17:04:51,431 [ERROR] LogOutputStream:75 - [STDERR_REDIRECT] 
2025-09-07 17:04:51,432 [ERROR] LogOutputStream:75 - [STDERR_REDIRECT] Sep 07, 2025 5:04:51 PM java.util.prefs.FileSystemPreferences syncWorld
2025-09-07 17:04:51,433 [ERROR] LogOutputStream:75 - [STDERR_REDIRECT] WARNING: Couldn't flush system prefs: java.util.prefs.BackingStoreException: Couldn't get file lock.
2025-09-07 17:04:51,433 [ERROR] LogOutputStream:75 - [STDERR_REDIRECT] 
2025-09-07 17:05:21,431 [ERROR] LogOutputStream:75 - [STDERR_REDIRECT] Sep 07, 2025 5:05:21 PM java.util.prefs.FileSystemPreferences checkLockFile0ErrorCode
2025-09-07 17:05:21,431 [ERROR] LogOutputStream:75 - [STDERR_REDIRECT] WARNING: Could not lock System prefs. Unix error code 2.
2025-09-07 17:05:21,432 [ERROR] LogOutputStream:75 - [STDERR_REDIRECT] 
2025-09-07 17:05:21,433 [ERROR] LogOutputStream:75 - [STDERR_REDIRECT] Sep 07, 2025 5:05:21 PM java.util.prefs.FileSystemPreferences syncWorld
2025-09-07 17:05:21,434 [ERROR] LogOutputStream:75 - [STDERR_REDIRECT] WARNING: Couldn't flush system prefs: java.util.prefs.BackingStoreException: Couldn't get file lock.
2025-09-07 17:05:21,434 [ERROR] LogOutputStream:75 - [STDERR_REDIRECT] 
2025-09-07 17:05:51,430 [ERROR] LogOutputStream:75 - [STDERR_REDIRECT] Sep 07, 2025 5:05:51 PM java.util.prefs.FileSystemPreferences checkLockFile0ErrorCode
2025-09-07 17:05:51,430 [ERROR] LogOutputStream:75 - [STDERR_REDIRECT] WARNING: Could not lock System prefs. Unix error code 2.
2025-09-07 17:05:51,430 [ERROR] LogOutputStream:75 - [STDERR_REDIRECT] 
2025-09-07 17:05:51,431 [ERROR] LogOutputStream:75 - [STDERR_REDIRECT] Sep 07, 2025 5:05:51 PM java.util.prefs.FileSystemPreferences syncWorld
2025-09-07 17:05:51,432 [ERROR] LogOutputStream:75 - [STDERR_REDIRECT] WARNING: Couldn't flush system prefs: java.util.prefs.BackingStoreException: Couldn't get file lock.
2025-09-07 17:05:51,432 [ERROR] LogOutputStream:75 - [STDERR_REDIRECT] 
2025-09-07 17:06:21,430 [ERROR] LogOutputStream:75 - [STDERR_REDIRECT] Sep 07, 2025 5:06:21 PM java.util.prefs.FileSystemPreferences checkLockFile0ErrorCode
2025-09-07 17:06:21,430 [ERROR] LogOutputStream:75 - [STDERR_REDIRECT] WARNING: Could not lock System prefs. Unix error code 2.
2025-09-07 17:06:21,430 [ERROR] LogOutputStream:75 - [STDERR_REDIRECT] 
2025-09-07 17:06:21,431 [ERROR] LogOutputStream:75 - [STDERR_REDIRECT] Sep 07, 2025 5:06:21 PM java.util.prefs.FileSystemPreferences syncWorld
2025-09-07 17:06:21,432 [ERROR] LogOutputStream:75 - [STDERR_REDIRECT] WARNING: Couldn't flush system prefs: java.util.prefs.BackingStoreException: Couldn't get file lock.
2025-09-07 17:06:21,432 [ERROR] LogOutputStream:75 - [STDERR_REDIRECT] 
2025-09-07 17:06:22,912 [INFO] WebApp:194 - Connection lost
2025-09-07 17:06:23,554 [INFO] WebApp:191 - Connection restablished
2025-09-07 17:06:51,433 [ERROR] LogOutputStream:75 - [STDERR_REDIRECT] Sep 07, 2025 5:06:51 PM java.util.prefs.FileSystemPreferences checkLockFile0ErrorCode
2025-09-07 17:06:51,434 [ERROR] LogOutputStream:75 - [STDERR_REDIRECT] WARNING: Could not lock System prefs. Unix error code 2.
2025-09-07 17:06:51,434 [ERROR] LogOutputStream:75 - [STDERR_REDIRECT] 
2025-09-07 17:06:51,435 [ERROR] LogOutputStream:75 - [STDERR_REDIRECT] Sep 07, 2025 5:06:51 PM java.util.prefs.FileSystemPreferences syncWorld
2025-09-07 17:06:51,435 [ERROR] LogOutputStream:75 - [STDERR_REDIRECT] WARNING: Couldn't flush system prefs: java.util.prefs.BackingStoreException: Couldn't get file lock.
2025-09-07 17:06:51,435 [ERROR] LogOutputStream:75 - [STDERR_REDIRECT] 
2025-09-07 17:07:21,430 [ERROR] LogOutputStream:75 - [STDERR_REDIRECT] Sep 07, 2025 5:07:21 PM java.util.prefs.FileSystemPreferences checkLockFile0ErrorCode
2025-09-07 17:07:21,431 [ERROR] LogOutputStream:75 - [STDERR_REDIRECT] WARNING: Could not lock System prefs. Unix error code 2.
2025-09-07 17:07:21,431 [ERROR] LogOutputStream:75 - [STDERR_REDIRECT] 
2025-09-07 17:07:21,432 [ERROR] LogOutputStream:75 - [STDERR_REDIRECT] Sep 07, 2025 5:07:21 PM java.util.prefs.FileSystemPreferences syncWorld
2025-09-07 17:07:21,433 [ERROR] LogOutputStream:75 - [STDERR_REDIRECT] WARNING: Couldn't flush system prefs: java.util.prefs.BackingStoreException: Couldn't get file lock.
2025-09-07 17:07:21,434 [ERROR] LogOutputStream:75 - [STDERR_REDIRECT] 
2025-09-07 17:07:51,430 [ERROR] LogOutputStream:75 - [STDERR_REDIRECT] Sep 07, 2025 5:07:51 PM java.util.prefs.FileSystemPreferences checkLockFile0ErrorCode
2025-09-07 17:07:51,430 [ERROR] LogOutputStream:75 - [STDERR_REDIRECT] WARNING: Could not lock System prefs. Unix error code 2.
2025-09-07 17:07:51,431 [ERROR] LogOutputStream:75 - [STDERR_REDIRECT] 
2025-09-07 17:07:51,431 [ERROR] LogOutputStream:75 - [STDERR_REDIRECT] Sep 07, 2025 5:07:51 PM java.util.prefs.FileSystemPreferences syncWorld
2025-09-07 17:07:51,432 [ERROR] LogOutputStream:75 - [STDERR_REDIRECT] WARNING: Couldn't flush system prefs: java.util.prefs.BackingStoreException: Couldn't get file lock.
2025-09-07 17:07:51,432 [ERROR] LogOutputStream:75 - [STDERR_REDIRECT] 
2025-09-07 17:08:21,430 [ERROR] LogOutputStream:75 - [STDERR_REDIRECT] Sep 07, 2025 5:08:21 PM java.util.prefs.FileSystemPreferences checkLockFile0ErrorCode
2025-09-07 17:08:21,431 [ERROR] LogOutputStream:75 - [STDERR_REDIRECT] WARNING: Could not lock System prefs. Unix error code 2.
2025-09-07 17:08:21,431 [ERROR] LogOutputStream:75 - [STDERR_REDIRECT] 
2025-09-07 17:08:21,432 [ERROR] LogOutputStream:75 - [STDERR_REDIRECT] Sep 07, 2025 5:08:21 PM java.util.prefs.FileSystemPreferences syncWorld
2025-09-07 17:08:21,433 [ERROR] LogOutputStream:75 - [STDERR_REDIRECT] WARNING: Couldn't flush system prefs: java.util.prefs.BackingStoreException: Couldn't get file lock.
2025-09-07 17:08:21,433 [ERROR] LogOutputStream:75 - [STDERR_REDIRECT] 
2025-09-07 17:08:37,554 [INFO] WebApp:194 - Connection lost
2025-09-07 17:08:51,429 [ERROR] LogOutputStream:75 - [STDERR_REDIRECT] Sep 07, 2025 5:08:51 PM java.util.prefs.FileSystemPreferences checkLockFile0ErrorCode
2025-09-07 17:08:51,430 [ERROR] LogOutputStream:75 - [STDERR_REDIRECT] WARNING: Could not lock System prefs. Unix error code 2.
2025-09-07 17:08:51,430 [ERROR] LogOutputStream:75 - [STDERR_REDIRECT] 
2025-09-07 17:08:51,431 [ERROR] LogOutputStream:75 - [STDERR_REDIRECT] Sep 07, 2025 5:08:51 PM java.util.prefs.FileSystemPreferences syncWorld
2025-09-07 17:08:51,432 [ERROR] LogOutputStream:75 - [STDERR_REDIRECT] WARNING: Couldn't flush system prefs: java.util.prefs.BackingStoreException: Couldn't get file lock.
2025-09-07 17:08:51,432 [ERROR] LogOutputStream:75 - [STDERR_REDIRECT] 
2025-09-07 17:08:57,641 [INFO] WebApp:191 - Connection restablished
2025-09-07 17:09:21,431 [ERROR] LogOutputStream:75 - [STDERR_REDIRECT] Sep 07, 2025 5:09:21 PM java.util.prefs.FileSystemPreferences checkLockFile0ErrorCode
2025-09-07 17:09:21,432 [ERROR] LogOutputStream:75 - [STDERR_REDIRECT] WARNING: Could not lock System prefs. Unix error code 2.
2025-09-07 17:09:21,432 [ERROR] LogOutputStream:75 - [STDERR_REDIRECT] 
2025-09-07 17:09:21,433 [ERROR] LogOutputStream:75 - [STDERR_REDIRECT] Sep 07, 2025 5:09:21 PM java.util.prefs.FileSystemPreferences syncWorld
2025-09-07 17:09:21,434 [ERROR] LogOutputStream:75 - [STDERR_REDIRECT] WARNING: Couldn't flush system prefs: java.util.prefs.BackingStoreException: Couldn't get file lock.
2025-09-07 17:09:21,434 [ERROR] LogOutputStream:75 - [STDERR_REDIRECT] 
2025-09-07 17:09:51,430 [ERROR] LogOutputStream:75 - [STDERR_REDIRECT] Sep 07, 2025 5:09:51 PM java.util.prefs.FileSystemPreferences checkLockFile0ErrorCode
2025-09-07 17:09:51,430 [ERROR] LogOutputStream:75 - [STDERR_REDIRECT] WARNING: Could not lock System prefs. Unix error code 2.
2025-09-07 17:09:51,431 [ERROR] LogOutputStream:75 - [STDERR_REDIRECT] 
2025-09-07 17:09:51,431 [ERROR] LogOutputStream:75 - [STDERR_REDIRECT] Sep 07, 2025 5:09:51 PM java.util.prefs.FileSystemPreferences syncWorld
2025-09-07 17:09:51,432 [ERROR] LogOutputStream:75 - [STDERR_REDIRECT] WARNING: Couldn't flush system prefs: java.util.prefs.BackingStoreException: Couldn't get file lock.
2025-09-07 17:09:51,432 [ERROR] LogOutputStream:75 - [STDERR_REDIRECT] 
2025-09-07 17:10:21,430 [ERROR] LogOutputStream:75 - [STDERR_REDIRECT] Sep 07, 2025 5:10:21 PM java.util.prefs.FileSystemPreferences checkLockFile0ErrorCode
2025-09-07 17:10:21,431 [ERROR] LogOutputStream:75 - [STDERR_REDIRECT] WARNING: Could not lock System prefs. Unix error code 2.
2025-09-07 17:10:21,431 [ERROR] LogOutputStream:75 - [STDERR_REDIRECT] 
2025-09-07 17:10:21,432 [ERROR] LogOutputStream:75 - [STDERR_REDIRECT] Sep 07, 2025 5:10:21 PM java.util.prefs.FileSystemPreferences syncWorld
2025-09-07 17:10:21,432 [ERROR] LogOutputStream:75 - [STDERR_REDIRECT] WARNING: Couldn't flush system prefs: java.util.prefs.BackingStoreException: Couldn't get file lock.
2025-09-07 17:10:21,433 [ERROR] LogOutputStream:75 - [STDERR_REDIRECT] 
2025-09-07 17:10:51,429 [ERROR] LogOutputStream:75 - [STDERR_REDIRECT] Sep 07, 2025 5:10:51 PM java.util.prefs.FileSystemPreferences checkLockFile0ErrorCode
2025-09-07 17:10:51,430 [ERROR] LogOutputStream:75 - [STDERR_REDIRECT] WARNING: Could not lock System prefs. Unix error code 2.
2025-09-07 17:10:51,430 [ERROR] LogOutputStream:75 - [STDERR_REDIRECT] 
2025-09-07 17:10:51,431 [ERROR] LogOutputStream:75 - [STDERR_REDIRECT] Sep 07, 2025 5:10:51 PM java.util.prefs.FileSystemPreferences syncWorld
2025-09-07 17:10:51,432 [ERROR] LogOutputStream:75 - [STDERR_REDIRECT] WARNING: Couldn't flush system prefs: java.util.prefs.BackingStoreException: Couldn't get file lock.
2025-09-07 17:10:51,432 [ERROR] LogOutputStream:75 - [STDERR_REDIRECT] 
2025-09-07 17:11:21,430 [ERROR] LogOutputStream:75 - [STDERR_REDIRECT] Sep 07, 2025 5:11:21 PM java.util.prefs.FileSystemPreferences checkLockFile0ErrorCode
2025-09-07 17:11:21,431 [ERROR] LogOutputStream:75 - [STDERR_REDIRECT] WARNING: Could not lock System prefs. Unix error code 2.
2025-09-07 17:11:21,431 [ERROR] LogOutputStream:75 - [STDERR_REDIRECT] 
2025-09-07 17:11:21,432 [ERROR] LogOutputStream:75 - [STDERR_REDIRECT] Sep 07, 2025 5:11:21 PM java.util.prefs.FileSystemPreferences syncWorld
2025-09-07 17:11:21,433 [ERROR] LogOutputStream:75 - [STDERR_REDIRECT] WARNING: Couldn't flush system prefs: java.util.prefs.BackingStoreException: Couldn't get file lock.
2025-09-07 17:11:21,433 [ERROR] LogOutputStream:75 - [STDERR_REDIRECT] 
2025-09-07 17:11:51,430 [ERROR] LogOutputStream:75 - [STDERR_REDIRECT] Sep 07, 2025 5:11:51 PM java.util.prefs.FileSystemPreferences checkLockFile0ErrorCode
2025-09-07 17:11:51,431 [ERROR] LogOutputStream:75 - [STDERR_REDIRECT] WARNING: Could not lock System prefs. Unix error code 2.
2025-09-07 17:11:51,431 [ERROR] LogOutputStream:75 - [STDERR_REDIRECT] 
2025-09-07 17:11:51,432 [ERROR] LogOutputStream:75 - [STDERR_REDIRECT] Sep 07, 2025 5:11:51 PM java.util.prefs.FileSystemPreferences syncWorld
2025-09-07 17:11:51,433 [ERROR] LogOutputStream:75 - [STDERR_REDIRECT] WARNING: Couldn't flush system prefs: java.util.prefs.BackingStoreException: Couldn't get file lock.
2025-09-07 17:11:51,433 [ERROR] LogOutputStream:75 - [STDERR_REDIRECT] 
2025-09-07 17:12:21,430 [ERROR] LogOutputStream:75 - [STDERR_REDIRECT] Sep 07, 2025 5:12:21 PM java.util.prefs.FileSystemPreferences checkLockFile0ErrorCode
2025-09-07 17:12:21,431 [ERROR] LogOutputStream:75 - [STDERR_REDIRECT] WARNING: Could not lock System prefs. Unix error code 2.
2025-09-07 17:12:21,431 [ERROR] LogOutputStream:75 - [STDERR_REDIRECT] 
2025-09-07 17:12:21,432 [ERROR] LogOutputStream:75 - [STDERR_REDIRECT] Sep 07, 2025 5:12:21 PM java.util.prefs.FileSystemPreferences syncWorld
2025-09-07 17:12:21,433 [ERROR] LogOutputStream:75 - [STDERR_REDIRECT] WARNING: Couldn't flush system prefs: java.util.prefs.BackingStoreException: Couldn't get file lock.
2025-09-07 17:12:21,433 [ERROR] LogOutputStream:75 - [STDERR_REDIRECT] 
2025-09-07 17:12:51,430 [ERROR] LogOutputStream:75 - [STDERR_REDIRECT] Sep 07, 2025 5:12:51 PM java.util.prefs.FileSystemPreferences checkLockFile0ErrorCode
2025-09-07 17:12:51,430 [ERROR] LogOutputStream:75 - [STDERR_REDIRECT] WARNING: Could not lock System prefs. Unix error code 2.
2025-09-07 17:12:51,431 [ERROR] LogOutputStream:75 - [STDERR_REDIRECT] 
2025-09-07 17:12:51,431 [ERROR] LogOutputStream:75 - [STDERR_REDIRECT] Sep 07, 2025 5:12:51 PM java.util.prefs.FileSystemPreferences syncWorld
2025-09-07 17:12:51,432 [ERROR] LogOutputStream:75 - [STDERR_REDIRECT] WARNING: Couldn't flush system prefs: java.util.prefs.BackingStoreException: Couldn't get file lock.
2025-09-07 17:12:51,432 [ERROR] LogOutputStream:75 - [STDERR_REDIRECT] 
2025-09-07 17:13:21,430 [ERROR] LogOutputStream:75 - [STDERR_REDIRECT] Sep 07, 2025 5:13:21 PM java.util.prefs.FileSystemPreferences checkLockFile0ErrorCode
2025-09-07 17:13:21,430 [ERROR] LogOutputStream:75 - [STDERR_REDIRECT] WARNING: Could not lock System prefs. Unix error code 2.
2025-09-07 17:13:21,431 [ERROR] LogOutputStream:75 - [STDERR_REDIRECT] 
2025-09-07 17:13:21,431 [ERROR] LogOutputStream:75 - [STDERR_REDIRECT] Sep 07, 2025 5:13:21 PM java.util.prefs.FileSystemPreferences syncWorld
2025-09-07 17:13:21,432 [ERROR] LogOutputStream:75 - [STDERR_REDIRECT] WARNING: Couldn't flush system prefs: java.util.prefs.BackingStoreException: Couldn't get file lock.
2025-09-07 17:13:21,432 [ERROR] LogOutputStream:75 - [STDERR_REDIRECT] 
2025-09-07 17:13:51,430 [ERROR] LogOutputStream:75 - [STDERR_REDIRECT] Sep 07, 2025 5:13:51 PM java.util.prefs.FileSystemPreferences checkLockFile0ErrorCode
2025-09-07 17:13:51,431 [ERROR] LogOutputStream:75 - [STDERR_REDIRECT] WARNING: Could not lock System prefs. Unix error code 2.
2025-09-07 17:13:51,431 [ERROR] LogOutputStream:75 - [STDERR_REDIRECT] 
2025-09-07 17:13:51,432 [ERROR] LogOutputStream:75 - [STDERR_REDIRECT] Sep 07, 2025 5:13:51 PM java.util.prefs.FileSystemPreferences syncWorld
2025-09-07 17:13:51,433 [ERROR] LogOutputStream:75 - [STDERR_REDIRECT] WARNING: Couldn't flush system prefs: java.util.prefs.BackingStoreException: Couldn't get file lock.
2025-09-07 17:13:51,433 [ERROR] LogOutputStream:75 - [STDERR_REDIRECT] 
2025-09-07 17:14:21,430 [ERROR] LogOutputStream:75 - [STDERR_REDIRECT] Sep 07, 2025 5:14:21 PM java.util.prefs.FileSystemPreferences checkLockFile0ErrorCode
2025-09-07 17:14:21,431 [ERROR] LogOutputStream:75 - [STDERR_REDIRECT] WARNING: Could not lock System prefs. Unix error code 2.
2025-09-07 17:14:21,431 [ERROR] LogOutputStream:75 - [STDERR_REDIRECT] 
2025-09-07 17:14:21,433 [ERROR] LogOutputStream:75 - [STDERR_REDIRECT] Sep 07, 2025 5:14:21 PM java.util.prefs.FileSystemPreferences syncWorld
2025-09-07 17:14:21,434 [ERROR] LogOutputStream:75 - [STDERR_REDIRECT] WARNING: Couldn't flush system prefs: java.util.prefs.BackingStoreException: Couldn't get file lock.
2025-09-07 17:14:21,435 [ERROR] LogOutputStream:75 - [STDERR_REDIRECT] 
2025-09-07 17:14:51,430 [ERROR] LogOutputStream:75 - [STDERR_REDIRECT] Sep 07, 2025 5:14:51 PM java.util.prefs.FileSystemPreferences checkLockFile0ErrorCode
2025-09-07 17:14:51,431 [ERROR] LogOutputStream:75 - [STDERR_REDIRECT] WARNING: Could not lock System prefs. Unix error code 2.
2025-09-07 17:14:51,431 [ERROR] LogOutputStream:75 - [STDERR_REDIRECT] 
2025-09-07 17:14:51,431 [ERROR] LogOutputStream:75 - [STDERR_REDIRECT] Sep 07, 2025 5:14:51 PM java.util.prefs.FileSystemPreferences syncWorld
2025-09-07 17:14:51,432 [ERROR] LogOutputStream:75 - [STDERR_REDIRECT] WARNING: Couldn't flush system prefs: java.util.prefs.BackingStoreException: Couldn't get file lock.
2025-09-07 17:14:51,432 [ERROR] LogOutputStream:75 - [STDERR_REDIRECT] 
2025-09-07 17:14:57,507 [INFO] WebApp:194 - Connection lost
2025-09-07 17:14:57,791 [INFO] WebApp:191 - Connection restablished
2025-09-07 17:14:59,983 [INFO] WebApp:194 - Connection lost
2025-09-07 17:15:00,198 [INFO] WebApp:191 - Connection restablished
2025-09-07 17:15:21,433 [ERROR] LogOutputStream:75 - [STDERR_REDIRECT] Sep 07, 2025 5:15:21 PM java.util.prefs.FileSystemPreferences checkLockFile0ErrorCode
2025-09-07 17:15:21,434 [ERROR] LogOutputStream:75 - [STDERR_REDIRECT] WARNING: Could not lock System prefs. Unix error code 2.
2025-09-07 17:15:21,434 [ERROR] LogOutputStream:75 - [STDERR_REDIRECT] 
2025-09-07 17:15:21,435 [ERROR] LogOutputStream:75 - [STDERR_REDIRECT] Sep 07, 2025 5:15:21 PM java.util.prefs.FileSystemPreferences syncWorld
2025-09-07 17:15:21,436 [ERROR] LogOutputStream:75 - [STDERR_REDIRECT] WARNING: Couldn't flush system prefs: java.util.prefs.BackingStoreException: Couldn't get file lock.
2025-09-07 17:15:21,436 [ERROR] LogOutputStream:75 - [STDERR_REDIRECT] 
2025-09-07 17:15:51,431 [ERROR] LogOutputStream:75 - [STDERR_REDIRECT] Sep 07, 2025 5:15:51 PM java.util.prefs.FileSystemPreferences checkLockFile0ErrorCode
2025-09-07 17:15:51,432 [ERROR] LogOutputStream:75 - [STDERR_REDIRECT] WARNING: Could not lock System prefs. Unix error code 2.
2025-09-07 17:15:51,432 [ERROR] LogOutputStream:75 - [STDERR_REDIRECT] 
2025-09-07 17:15:51,433 [ERROR] LogOutputStream:75 - [STDERR_REDIRECT] Sep 07, 2025 5:15:51 PM java.util.prefs.FileSystemPreferences syncWorld
2025-09-07 17:15:51,433 [ERROR] LogOutputStream:75 - [STDERR_REDIRECT] WARNING: Couldn't flush system prefs: java.util.prefs.BackingStoreException: Couldn't get file lock.
2025-09-07 17:15:51,434 [ERROR] LogOutputStream:75 - [STDERR_REDIRECT] 
2025-09-07 17:16:21,431 [ERROR] LogOutputStream:75 - [STDERR_REDIRECT] Sep 07, 2025 5:16:21 PM java.util.prefs.FileSystemPreferences checkLockFile0ErrorCode
2025-09-07 17:16:21,431 [ERROR] LogOutputStream:75 - [STDERR_REDIRECT] WARNING: Could not lock System prefs. Unix error code 2.
2025-09-07 17:16:21,431 [ERROR] LogOutputStream:75 - [STDERR_REDIRECT] 
2025-09-07 17:16:21,432 [ERROR] LogOutputStream:75 - [STDERR_REDIRECT] Sep 07, 2025 5:16:21 PM java.util.prefs.FileSystemPreferences syncWorld
2025-09-07 17:16:21,433 [ERROR] LogOutputStream:75 - [STDERR_REDIRECT] WARNING: Couldn't flush system prefs: java.util.prefs.BackingStoreException: Couldn't get file lock.
2025-09-07 17:16:21,433 [ERROR] LogOutputStream:75 - [STDERR_REDIRECT] 
2025-09-07 17:16:51,431 [ERROR] LogOutputStream:75 - [STDERR_REDIRECT] Sep 07, 2025 5:16:51 PM java.util.prefs.FileSystemPreferences checkLockFile0ErrorCode
2025-09-07 17:16:51,431 [ERROR] LogOutputStream:75 - [STDERR_REDIRECT] WARNING: Could not lock System prefs. Unix error code 2.
2025-09-07 17:16:51,432 [ERROR] LogOutputStream:75 - [STDERR_REDIRECT] 
2025-09-07 17:16:51,432 [ERROR] LogOutputStream:75 - [STDERR_REDIRECT] Sep 07, 2025 5:16:51 PM java.util.prefs.FileSystemPreferences syncWorld
2025-09-07 17:16:51,433 [ERROR] LogOutputStream:75 - [STDERR_REDIRECT] WARNING: Couldn't flush system prefs: java.util.prefs.BackingStoreException: Couldn't get file lock.
2025-09-07 17:16:51,433 [ERROR] LogOutputStream:75 - [STDERR_REDIRECT] 
2025-09-07 17:17:21,431 [ERROR] LogOutputStream:75 - [STDERR_REDIRECT] Sep 07, 2025 5:17:21 PM java.util.prefs.FileSystemPreferences checkLockFile0ErrorCode
2025-09-07 17:17:21,432 [ERROR] LogOutputStream:75 - [STDERR_REDIRECT] WARNING: Could not lock System prefs. Unix error code 2.
2025-09-07 17:17:21,432 [ERROR] LogOutputStream:75 - [STDERR_REDIRECT] 
2025-09-07 17:17:21,433 [ERROR] LogOutputStream:75 - [STDERR_REDIRECT] Sep 07, 2025 5:17:21 PM java.util.prefs.FileSystemPreferences syncWorld
2025-09-07 17:17:21,434 [ERROR] LogOutputStream:75 - [STDERR_REDIRECT] WARNING: Couldn't flush system prefs: java.util.prefs.BackingStoreException: Couldn't get file lock.
2025-09-07 17:17:21,434 [ERROR] LogOutputStream:75 - [STDERR_REDIRECT] 
2025-09-07 17:17:51,431 [ERROR] LogOutputStream:75 - [STDERR_REDIRECT] Sep 07, 2025 5:17:51 PM java.util.prefs.FileSystemPreferences checkLockFile0ErrorCode
2025-09-07 17:17:51,432 [ERROR] LogOutputStream:75 - [STDERR_REDIRECT] WARNING: Could not lock System prefs. Unix error code 2.
2025-09-07 17:17:51,432 [ERROR] LogOutputStream:75 - [STDERR_REDIRECT] 
2025-09-07 17:17:51,432 [ERROR] LogOutputStream:75 - [STDERR_REDIRECT] Sep 07, 2025 5:17:51 PM java.util.prefs.FileSystemPreferences syncWorld
2025-09-07 17:17:51,433 [ERROR] LogOutputStream:75 - [STDERR_REDIRECT] WARNING: Couldn't flush system prefs: java.util.prefs.BackingStoreException: Couldn't get file lock.
2025-09-07 17:17:51,433 [ERROR] LogOutputStream:75 - [STDERR_REDIRECT] 
2025-09-07 17:18:21,431 [ERROR] LogOutputStream:75 - [STDERR_REDIRECT] Sep 07, 2025 5:18:21 PM java.util.prefs.FileSystemPreferences checkLockFile0ErrorCode
2025-09-07 17:18:21,432 [ERROR] LogOutputStream:75 - [STDERR_REDIRECT] WARNING: Could not lock System prefs. Unix error code 2.
2025-09-07 17:18:21,432 [ERROR] LogOutputStream:75 - [STDERR_REDIRECT] 
2025-09-07 17:18:21,433 [ERROR] LogOutputStream:75 - [STDERR_REDIRECT] Sep 07, 2025 5:18:21 PM java.util.prefs.FileSystemPreferences syncWorld
2025-09-07 17:18:21,434 [ERROR] LogOutputStream:75 - [STDERR_REDIRECT] WARNING: Couldn't flush system prefs: java.util.prefs.BackingStoreException: Couldn't get file lock.
2025-09-07 17:18:21,434 [ERROR] LogOutputStream:75 - [STDERR_REDIRECT] 
2025-09-07 17:18:51,431 [ERROR] LogOutputStream:75 - [STDERR_REDIRECT] Sep 07, 2025 5:18:51 PM java.util.prefs.FileSystemPreferences checkLockFile0ErrorCode
2025-09-07 17:18:51,431 [ERROR] LogOutputStream:75 - [STDERR_REDIRECT] WARNING: Could not lock System prefs. Unix error code 2.
2025-09-07 17:18:51,431 [ERROR] LogOutputStream:75 - [STDERR_REDIRECT] 
2025-09-07 17:18:51,432 [ERROR] LogOutputStream:75 - [STDERR_REDIRECT] Sep 07, 2025 5:18:51 PM java.util.prefs.FileSystemPreferences syncWorld
2025-09-07 17:18:51,433 [ERROR] LogOutputStream:75 - [STDERR_REDIRECT] WARNING: Couldn't flush system prefs: java.util.prefs.BackingStoreException: Couldn't get file lock.
2025-09-07 17:18:51,433 [ERROR] LogOutputStream:75 - [STDERR_REDIRECT] 
2025-09-07 17:19:21,431 [ERROR] LogOutputStream:75 - [STDERR_REDIRECT] Sep 07, 2025 5:19:21 PM java.util.prefs.FileSystemPreferences checkLockFile0ErrorCode
2025-09-07 17:19:21,432 [ERROR] LogOutputStream:75 - [STDERR_REDIRECT] WARNING: Could not lock System prefs. Unix error code 2.
2025-09-07 17:19:21,432 [ERROR] LogOutputStream:75 - [STDERR_REDIRECT] 
2025-09-07 17:19:21,433 [ERROR] LogOutputStream:75 - [STDERR_REDIRECT] Sep 07, 2025 5:19:21 PM java.util.prefs.FileSystemPreferences syncWorld
2025-09-07 17:19:21,434 [ERROR] LogOutputStream:75 - [STDERR_REDIRECT] WARNING: Couldn't flush system prefs: java.util.prefs.BackingStoreException: Couldn't get file lock.
2025-09-07 17:19:21,434 [ERROR] LogOutputStream:75 - [STDERR_REDIRECT] 
2025-09-07 17:19:51,432 [ERROR] LogOutputStream:75 - [STDERR_REDIRECT] Sep 07, 2025 5:19:51 PM java.util.prefs.FileSystemPreferences checkLockFile0ErrorCode
2025-09-07 17:19:51,432 [ERROR] LogOutputStream:75 - [STDERR_REDIRECT] WARNING: Could not lock System prefs. Unix error code 2.
2025-09-07 17:19:51,432 [ERROR] LogOutputStream:75 - [STDERR_REDIRECT] 
2025-09-07 17:19:51,433 [ERROR] LogOutputStream:75 - [STDERR_REDIRECT] Sep 07, 2025 5:19:51 PM java.util.prefs.FileSystemPreferences syncWorld
2025-09-07 17:19:51,434 [ERROR] LogOutputStream:75 - [STDERR_REDIRECT] WARNING: Couldn't flush system prefs: java.util.prefs.BackingStoreException: Couldn't get file lock.
2025-09-07 17:19:51,434 [ERROR] LogOutputStream:75 - [STDERR_REDIRECT] 
2025-09-07 17:20:21,433 [ERROR] LogOutputStream:75 - [STDERR_REDIRECT] Sep 07, 2025 5:20:21 PM java.util.prefs.FileSystemPreferences checkLockFile0ErrorCode
2025-09-07 17:20:21,434 [ERROR] LogOutputStream:75 - [STDERR_REDIRECT] WARNING: Could not lock System prefs. Unix error code 2.
2025-09-07 17:20:21,434 [ERROR] LogOutputStream:75 - [STDERR_REDIRECT] 
2025-09-07 17:20:21,435 [ERROR] LogOutputStream:75 - [STDERR_REDIRECT] Sep 07, 2025 5:20:21 PM java.util.prefs.FileSystemPreferences syncWorld
2025-09-07 17:20:21,435 [ERROR] LogOutputStream:75 - [STDERR_REDIRECT] WARNING: Couldn't flush system prefs: java.util.prefs.BackingStoreException: Couldn't get file lock.
2025-09-07 17:20:21,436 [ERROR] LogOutputStream:75 - [STDERR_REDIRECT] 
2025-09-07 17:20:51,431 [ERROR] LogOutputStream:75 - [STDERR_REDIRECT] Sep 07, 2025 5:20:51 PM java.util.prefs.FileSystemPreferences checkLockFile0ErrorCode
2025-09-07 17:20:51,432 [ERROR] LogOutputStream:75 - [STDERR_REDIRECT] WARNING: Could not lock System prefs. Unix error code 2.
2025-09-07 17:20:51,432 [ERROR] LogOutputStream:75 - [STDERR_REDIRECT] 
2025-09-07 17:20:51,433 [ERROR] LogOutputStream:75 - [STDERR_REDIRECT] Sep 07, 2025 5:20:51 PM java.util.prefs.FileSystemPreferences syncWorld
2025-09-07 17:20:51,434 [ERROR] LogOutputStream:75 - [STDERR_REDIRECT] WARNING: Couldn't flush system prefs: java.util.prefs.BackingStoreException: Couldn't get file lock.
2025-09-07 17:20:51,434 [ERROR] LogOutputStream:75 - [STDERR_REDIRECT] 
2025-09-07 17:21:21,431 [ERROR] LogOutputStream:75 - [STDERR_REDIRECT] Sep 07, 2025 5:21:21 PM java.util.prefs.FileSystemPreferences checkLockFile0ErrorCode
2025-09-07 17:21:21,432 [ERROR] LogOutputStream:75 - [STDERR_REDIRECT] WARNING: Could not lock System prefs. Unix error code 2.
2025-09-07 17:21:21,432 [ERROR] LogOutputStream:75 - [STDERR_REDIRECT] 
2025-09-07 17:21:21,433 [ERROR] LogOutputStream:75 - [STDERR_REDIRECT] Sep 07, 2025 5:21:21 PM java.util.prefs.FileSystemPreferences syncWorld
2025-09-07 17:21:21,434 [ERROR] LogOutputStream:75 - [STDERR_REDIRECT] WARNING: Couldn't flush system prefs: java.util.prefs.BackingStoreException: Couldn't get file lock.
2025-09-07 17:21:21,434 [ERROR] LogOutputStream:75 - [STDERR_REDIRECT] 
2025-09-07 17:21:51,431 [ERROR] LogOutputStream:75 - [STDERR_REDIRECT] Sep 07, 2025 5:21:51 PM java.util.prefs.FileSystemPreferences checkLockFile0ErrorCode
2025-09-07 17:21:51,431 [ERROR] LogOutputStream:75 - [STDERR_REDIRECT] WARNING: Could not lock System prefs. Unix error code 2.
2025-09-07 17:21:51,431 [ERROR] LogOutputStream:75 - [STDERR_REDIRECT] 
2025-09-07 17:21:51,432 [ERROR] LogOutputStream:75 - [STDERR_REDIRECT] Sep 07, 2025 5:21:51 PM java.util.prefs.FileSystemPreferences syncWorld
2025-09-07 17:21:51,433 [ERROR] LogOutputStream:75 - [STDERR_REDIRECT] WARNING: Couldn't flush system prefs: java.util.prefs.BackingStoreException: Couldn't get file lock.
2025-09-07 17:21:51,433 [ERROR] LogOutputStream:75 - [STDERR_REDIRECT] 
2025-09-07 17:22:21,431 [ERROR] LogOutputStream:75 - [STDERR_REDIRECT] Sep 07, 2025 5:22:21 PM java.util.prefs.FileSystemPreferences checkLockFile0ErrorCode
2025-09-07 17:22:21,432 [ERROR] LogOutputStream:75 - [STDERR_REDIRECT] WARNING: Could not lock System prefs. Unix error code 2.
2025-09-07 17:22:21,432 [ERROR] LogOutputStream:75 - [STDERR_REDIRECT] 
2025-09-07 17:22:21,433 [ERROR] LogOutputStream:75 - [STDERR_REDIRECT] Sep 07, 2025 5:22:21 PM java.util.prefs.FileSystemPreferences syncWorld
2025-09-07 17:22:21,434 [ERROR] LogOutputStream:75 - [STDERR_REDIRECT] WARNING: Couldn't flush system prefs: java.util.prefs.BackingStoreException: Couldn't get file lock.
2025-09-07 17:22:21,434 [ERROR] LogOutputStream:75 - [STDERR_REDIRECT] 
2025-09-07 17:22:51,431 [ERROR] LogOutputStream:75 - [STDERR_REDIRECT] Sep 07, 2025 5:22:51 PM java.util.prefs.FileSystemPreferences checkLockFile0ErrorCode
2025-09-07 17:22:51,431 [ERROR] LogOutputStream:75 - [STDERR_REDIRECT] WARNING: Could not lock System prefs. Unix error code 2.
2025-09-07 17:22:51,432 [ERROR] LogOutputStream:75 - [STDERR_REDIRECT] 
2025-09-07 17:22:51,432 [ERROR] LogOutputStream:75 - [STDERR_REDIRECT] Sep 07, 2025 5:22:51 PM java.util.prefs.FileSystemPreferences syncWorld
2025-09-07 17:22:51,433 [ERROR] LogOutputStream:75 - [STDERR_REDIRECT] WARNING: Couldn't flush system prefs: java.util.prefs.BackingStoreException: Couldn't get file lock.
2025-09-07 17:22:51,433 [ERROR] LogOutputStream:75 - [STDERR_REDIRECT] 
2025-09-07 17:23:21,432 [ERROR] LogOutputStream:75 - [STDERR_REDIRECT] Sep 07, 2025 5:23:21 PM java.util.prefs.FileSystemPreferences checkLockFile0ErrorCode
2025-09-07 17:23:21,432 [ERROR] LogOutputStream:75 - [STDERR_REDIRECT] WARNING: Could not lock System prefs. Unix error code 2.
2025-09-07 17:23:21,432 [ERROR] LogOutputStream:75 - [STDERR_REDIRECT] 
2025-09-07 17:23:21,433 [ERROR] LogOutputStream:75 - [STDERR_REDIRECT] Sep 07, 2025 5:23:21 PM java.util.prefs.FileSystemPreferences syncWorld
2025-09-07 17:23:21,434 [ERROR] LogOutputStream:75 - [STDERR_REDIRECT] WARNING: Couldn't flush system prefs: java.util.prefs.BackingStoreException: Couldn't get file lock.
2025-09-07 17:23:21,434 [ERROR] LogOutputStream:75 - [STDERR_REDIRECT] 
2025-09-07 17:23:51,431 [ERROR] LogOutputStream:75 - [STDERR_REDIRECT] Sep 07, 2025 5:23:51 PM java.util.prefs.FileSystemPreferences checkLockFile0ErrorCode
2025-09-07 17:23:51,432 [ERROR] LogOutputStream:75 - [STDERR_REDIRECT] WARNING: Could not lock System prefs. Unix error code 2.
2025-09-07 17:23:51,432 [ERROR] LogOutputStream:75 - [STDERR_REDIRECT] 
2025-09-07 17:23:51,433 [ERROR] LogOutputStream:75 - [STDERR_REDIRECT] Sep 07, 2025 5:23:51 PM java.util.prefs.FileSystemPreferences syncWorld
2025-09-07 17:23:51,434 [ERROR] LogOutputStream:75 - [STDERR_REDIRECT] WARNING: Couldn't flush system prefs: java.util.prefs.BackingStoreException: Couldn't get file lock.
2025-09-07 17:23:51,434 [ERROR] LogOutputStream:75 - [STDERR_REDIRECT] 
2025-09-07 17:24:21,431 [ERROR] LogOutputStream:75 - [STDERR_REDIRECT] Sep 07, 2025 5:24:21 PM java.util.prefs.FileSystemPreferences checkLockFile0ErrorCode
2025-09-07 17:24:21,431 [ERROR] LogOutputStream:75 - [STDERR_REDIRECT] WARNING: Could not lock System prefs. Unix error code 2.
2025-09-07 17:24:21,431 [ERROR] LogOutputStream:75 - [STDERR_REDIRECT] 
2025-09-07 17:24:21,432 [ERROR] LogOutputStream:75 - [STDERR_REDIRECT] Sep 07, 2025 5:24:21 PM java.util.prefs.FileSystemPreferences syncWorld
2025-09-07 17:24:21,433 [ERROR] LogOutputStream:75 - [STDERR_REDIRECT] WARNING: Couldn't flush system prefs: java.util.prefs.BackingStoreException: Couldn't get file lock.
2025-09-07 17:24:21,433 [ERROR] LogOutputStream:75 - [STDERR_REDIRECT] 
2025-09-07 17:24:51,432 [ERROR] LogOutputStream:75 - [STDERR_REDIRECT] Sep 07, 2025 5:24:51 PM java.util.prefs.FileSystemPreferences checkLockFile0ErrorCode
2025-09-07 17:24:51,433 [ERROR] LogOutputStream:75 - [STDERR_REDIRECT] WARNING: Could not lock System prefs. Unix error code 2.
2025-09-07 17:24:51,433 [ERROR] LogOutputStream:75 - [STDERR_REDIRECT] 
2025-09-07 17:24:51,434 [ERROR] LogOutputStream:75 - [STDERR_REDIRECT] Sep 07, 2025 5:24:51 PM java.util.prefs.FileSystemPreferences syncWorld
2025-09-07 17:24:51,435 [ERROR] LogOutputStream:75 - [STDERR_REDIRECT] WARNING: Couldn't flush system prefs: java.util.prefs.BackingStoreException: Couldn't get file lock.
2025-09-07 17:24:51,435 [ERROR] LogOutputStream:75 - [STDERR_REDIRECT] 
2025-09-07 17:25:21,431 [ERROR] LogOutputStream:75 - [STDERR_REDIRECT] Sep 07, 2025 5:25:21 PM java.util.prefs.FileSystemPreferences checkLockFile0ErrorCode
2025-09-07 17:25:21,432 [ERROR] LogOutputStream:75 - [STDERR_REDIRECT] WARNING: Could not lock System prefs. Unix error code 2.
2025-09-07 17:25:21,432 [ERROR] LogOutputStream:75 - [STDERR_REDIRECT] 
2025-09-07 17:25:21,433 [ERROR] LogOutputStream:75 - [STDERR_REDIRECT] Sep 07, 2025 5:25:21 PM java.util.prefs.FileSystemPreferences syncWorld
2025-09-07 17:25:21,434 [ERROR] LogOutputStream:75 - [STDERR_REDIRECT] WARNING: Couldn't flush system prefs: java.util.prefs.BackingStoreException: Couldn't get file lock.
2025-09-07 17:25:21,434 [ERROR] LogOutputStream:75 - [STDERR_REDIRECT] 
2025-09-07 17:25:51,431 [ERROR] LogOutputStream:75 - [STDERR_REDIRECT] Sep 07, 2025 5:25:51 PM java.util.prefs.FileSystemPreferences checkLockFile0ErrorCode
2025-09-07 17:25:51,432 [ERROR] LogOutputStream:75 - [STDERR_REDIRECT] WARNING: Could not lock System prefs. Unix error code 2.
2025-09-07 17:25:51,432 [ERROR] LogOutputStream:75 - [STDERR_REDIRECT] 
2025-09-07 17:25:51,432 [ERROR] LogOutputStream:75 - [STDERR_REDIRECT] Sep 07, 2025 5:25:51 PM java.util.prefs.FileSystemPreferences syncWorld
2025-09-07 17:25:51,433 [ERROR] LogOutputStream:75 - [STDERR_REDIRECT] WARNING: Couldn't flush system prefs: java.util.prefs.BackingStoreException: Couldn't get file lock.
2025-09-07 17:25:51,433 [ERROR] LogOutputStream:75 - [STDERR_REDIRECT] 
2025-09-07 17:26:21,432 [ERROR] LogOutputStream:75 - [STDERR_REDIRECT] Sep 07, 2025 5:26:21 PM java.util.prefs.FileSystemPreferences checkLockFile0ErrorCode
2025-09-07 17:26:21,433 [ERROR] LogOutputStream:75 - [STDERR_REDIRECT] WARNING: Could not lock System prefs. Unix error code 2.
2025-09-07 17:26:21,433 [ERROR] LogOutputStream:75 - [STDERR_REDIRECT] 
2025-09-07 17:26:21,433 [ERROR] LogOutputStream:75 - [STDERR_REDIRECT] Sep 07, 2025 5:26:21 PM java.util.prefs.FileSystemPreferences syncWorld
2025-09-07 17:26:21,434 [ERROR] LogOutputStream:75 - [STDERR_REDIRECT] WARNING: Couldn't flush system prefs: java.util.prefs.BackingStoreException: Couldn't get file lock.
2025-09-07 17:26:21,434 [ERROR] LogOutputStream:75 - [STDERR_REDIRECT] 
2025-09-07 17:26:51,431 [ERROR] LogOutputStream:75 - [STDERR_REDIRECT] Sep 07, 2025 5:26:51 PM java.util.prefs.FileSystemPreferences checkLockFile0ErrorCode
2025-09-07 17:26:51,432 [ERROR] LogOutputStream:75 - [STDERR_REDIRECT] WARNING: Could not lock System prefs. Unix error code 2.
2025-09-07 17:26:51,432 [ERROR] LogOutputStream:75 - [STDERR_REDIRECT] 
2025-09-07 17:26:51,432 [ERROR] LogOutputStream:75 - [STDERR_REDIRECT] Sep 07, 2025 5:26:51 PM java.util.prefs.FileSystemPreferences syncWorld
2025-09-07 17:26:51,433 [ERROR] LogOutputStream:75 - [STDERR_REDIRECT] WARNING: Couldn't flush system prefs: java.util.prefs.BackingStoreException: Couldn't get file lock.
2025-09-07 17:26:51,433 [ERROR] LogOutputStream:75 - [STDERR_REDIRECT] 
2025-09-07 17:27:21,431 [ERROR] LogOutputStream:75 - [STDERR_REDIRECT] Sep 07, 2025 5:27:21 PM java.util.prefs.FileSystemPreferences checkLockFile0ErrorCode
2025-09-07 17:27:21,432 [ERROR] LogOutputStream:75 - [STDERR_REDIRECT] WARNING: Could not lock System prefs. Unix error code 2.
2025-09-07 17:27:21,432 [ERROR] LogOutputStream:75 - [STDERR_REDIRECT] 
2025-09-07 17:27:21,433 [ERROR] LogOutputStream:75 - [STDERR_REDIRECT] Sep 07, 2025 5:27:21 PM java.util.prefs.FileSystemPreferences syncWorld
2025-09-07 17:27:21,433 [ERROR] LogOutputStream:75 - [STDERR_REDIRECT] WARNING: Couldn't flush system prefs: java.util.prefs.BackingStoreException: Couldn't get file lock.
2025-09-07 17:27:21,433 [ERROR] LogOutputStream:75 - [STDERR_REDIRECT] 
2025-09-07 17:27:51,432 [ERROR] LogOutputStream:75 - [STDERR_REDIRECT] Sep 07, 2025 5:27:51 PM java.util.prefs.FileSystemPreferences checkLockFile0ErrorCode
2025-09-07 17:27:51,432 [ERROR] LogOutputStream:75 - [STDERR_REDIRECT] WARNING: Could not lock System prefs. Unix error code 2.
2025-09-07 17:27:51,432 [ERROR] LogOutputStream:75 - [STDERR_REDIRECT] 
2025-09-07 17:27:51,433 [ERROR] LogOutputStream:75 - [STDERR_REDIRECT] Sep 07, 2025 5:27:51 PM java.util.prefs.FileSystemPreferences syncWorld
2025-09-07 17:27:51,434 [ERROR] LogOutputStream:75 - [STDERR_REDIRECT] WARNING: Couldn't flush system prefs: java.util.prefs.BackingStoreException: Couldn't get file lock.
2025-09-07 17:27:51,434 [ERROR] LogOutputStream:75 - [STDERR_REDIRECT] 
2025-09-07 17:28:21,433 [ERROR] LogOutputStream:75 - [STDERR_REDIRECT] Sep 07, 2025 5:28:21 PM java.util.prefs.FileSystemPreferences checkLockFile0ErrorCode
2025-09-07 17:28:21,433 [ERROR] LogOutputStream:75 - [STDERR_REDIRECT] WARNING: Could not lock System prefs. Unix error code 2.
2025-09-07 17:28:21,433 [ERROR] LogOutputStream:75 - [STDERR_REDIRECT] 
2025-09-07 17:28:21,434 [ERROR] LogOutputStream:75 - [STDERR_REDIRECT] Sep 07, 2025 5:28:21 PM java.util.prefs.FileSystemPreferences syncWorld
2025-09-07 17:28:21,435 [ERROR] LogOutputStream:75 - [STDERR_REDIRECT] WARNING: Couldn't flush system prefs: java.util.prefs.BackingStoreException: Couldn't get file lock.
2025-09-07 17:28:21,435 [ERROR] LogOutputStream:75 - [STDERR_REDIRECT] 
2025-09-07 17:28:51,433 [ERROR] LogOutputStream:75 - [STDERR_REDIRECT] Sep 07, 2025 5:28:51 PM java.util.prefs.FileSystemPreferences checkLockFile0ErrorCode
2025-09-07 17:28:51,434 [ERROR] LogOutputStream:75 - [STDERR_REDIRECT] WARNING: Could not lock System prefs. Unix error code 2.
2025-09-07 17:28:51,434 [ERROR] LogOutputStream:75 - [STDERR_REDIRECT] 
2025-09-07 17:28:51,435 [ERROR] LogOutputStream:75 - [STDERR_REDIRECT] Sep 07, 2025 5:28:51 PM java.util.prefs.FileSystemPreferences syncWorld
2025-09-07 17:28:51,436 [ERROR] LogOutputStream:75 - [STDERR_REDIRECT] WARNING: Couldn't flush system prefs: java.util.prefs.BackingStoreException: Couldn't get file lock.
2025-09-07 17:28:51,436 [ERROR] LogOutputStream:75 - [STDERR_REDIRECT] 
2025-09-07 17:29:21,433 [ERROR] LogOutputStream:75 - [STDERR_REDIRECT] Sep 07, 2025 5:29:21 PM java.util.prefs.FileSystemPreferences checkLockFile0ErrorCode
2025-09-07 17:29:21,434 [ERROR] LogOutputStream:75 - [STDERR_REDIRECT] WARNING: Could not lock System prefs. Unix error code 2.
2025-09-07 17:29:21,434 [ERROR] LogOutputStream:75 - [STDERR_REDIRECT] 
2025-09-07 17:29:21,435 [ERROR] LogOutputStream:75 - [STDERR_REDIRECT] Sep 07, 2025 5:29:21 PM java.util.prefs.FileSystemPreferences syncWorld
2025-09-07 17:29:21,436 [ERROR] LogOutputStream:75 - [STDERR_REDIRECT] WARNING: Couldn't flush system prefs: java.util.prefs.BackingStoreException: Couldn't get file lock.
2025-09-07 17:29:21,436 [ERROR] LogOutputStream:75 - [STDERR_REDIRECT] 
2025-09-07 17:29:51,436 [ERROR] LogOutputStream:75 - [STDERR_REDIRECT] Sep 07, 2025 5:29:51 PM java.util.prefs.FileSystemPreferences checkLockFile0ErrorCode
2025-09-07 17:29:51,437 [ERROR] LogOutputStream:75 - [STDERR_REDIRECT] WARNING: Could not lock System prefs. Unix error code 2.
2025-09-07 17:29:51,437 [ERROR] LogOutputStream:75 - [STDERR_REDIRECT] 
2025-09-07 17:29:51,437 [ERROR] LogOutputStream:75 - [STDERR_REDIRECT] Sep 07, 2025 5:29:51 PM java.util.prefs.FileSystemPreferences syncWorld
2025-09-07 17:29:51,438 [ERROR] LogOutputStream:75 - [STDERR_REDIRECT] WARNING: Couldn't flush system prefs: java.util.prefs.BackingStoreException: Couldn't get file lock.
2025-09-07 17:29:51,438 [ERROR] LogOutputStream:75 - [STDERR_REDIRECT] 
2025-09-07 17:30:21,434 [ERROR] LogOutputStream:75 - [STDERR_REDIRECT] Sep 07, 2025 5:30:21 PM java.util.prefs.FileSystemPreferences checkLockFile0ErrorCode
2025-09-07 17:30:21,435 [ERROR] LogOutputStream:75 - [STDERR_REDIRECT] WARNING: Could not lock System prefs. Unix error code 2.
2025-09-07 17:30:21,435 [ERROR] LogOutputStream:75 - [STDERR_REDIRECT] 
2025-09-07 17:30:21,436 [ERROR] LogOutputStream:75 - [STDERR_REDIRECT] Sep 07, 2025 5:30:21 PM java.util.prefs.FileSystemPreferences syncWorld
2025-09-07 17:30:21,437 [ERROR] LogOutputStream:75 - [STDERR_REDIRECT] WARNING: Couldn't flush system prefs: java.util.prefs.BackingStoreException: Couldn't get file lock.
2025-09-07 17:30:21,437 [ERROR] LogOutputStream:75 - [STDERR_REDIRECT] 
2025-09-07 17:30:51,435 [ERROR] LogOutputStream:75 - [STDERR_REDIRECT] Sep 07, 2025 5:30:51 PM java.util.prefs.FileSystemPreferences checkLockFile0ErrorCode
2025-09-07 17:30:51,435 [ERROR] LogOutputStream:75 - [STDERR_REDIRECT] WARNING: Could not lock System prefs. Unix error code 2.
2025-09-07 17:30:51,435 [ERROR] LogOutputStream:75 - [STDERR_REDIRECT] 
2025-09-07 17:30:51,436 [ERROR] LogOutputStream:75 - [STDERR_REDIRECT] Sep 07, 2025 5:30:51 PM java.util.prefs.FileSystemPreferences syncWorld
2025-09-07 17:30:51,437 [ERROR] LogOutputStream:75 - [STDERR_REDIRECT] WARNING: Couldn't flush system prefs: java.util.prefs.BackingStoreException: Couldn't get file lock.
2025-09-07 17:30:51,437 [ERROR] LogOutputStream:75 - [STDERR_REDIRECT] 
2025-09-07 17:31:21,434 [ERROR] LogOutputStream:75 - [STDERR_REDIRECT] Sep 07, 2025 5:31:21 PM java.util.prefs.FileSystemPreferences checkLockFile0ErrorCode
2025-09-07 17:31:21,435 [ERROR] LogOutputStream:75 - [STDERR_REDIRECT] WARNING: Could not lock System prefs. Unix error code 2.
2025-09-07 17:31:21,435 [ERROR] LogOutputStream:75 - [STDERR_REDIRECT] 
2025-09-07 17:31:21,435 [ERROR] LogOutputStream:75 - [STDERR_REDIRECT] Sep 07, 2025 5:31:21 PM java.util.prefs.FileSystemPreferences syncWorld
2025-09-07 17:31:21,436 [ERROR] LogOutputStream:75 - [STDERR_REDIRECT] WARNING: Couldn't flush system prefs: java.util.prefs.BackingStoreException: Couldn't get file lock.
2025-09-07 17:31:21,436 [ERROR] LogOutputStream:75 - [STDERR_REDIRECT] 
2025-09-07 17:31:51,434 [ERROR] LogOutputStream:75 - [STDERR_REDIRECT] Sep 07, 2025 5:31:51 PM java.util.prefs.FileSystemPreferences checkLockFile0ErrorCode
2025-09-07 17:31:51,434 [ERROR] LogOutputStream:75 - [STDERR_REDIRECT] WARNING: Could not lock System prefs. Unix error code 2.
2025-09-07 17:31:51,435 [ERROR] LogOutputStream:75 - [STDERR_REDIRECT] 
2025-09-07 17:31:51,435 [ERROR] LogOutputStream:75 - [STDERR_REDIRECT] Sep 07, 2025 5:31:51 PM java.util.prefs.FileSystemPreferences syncWorld
2025-09-07 17:31:51,436 [ERROR] LogOutputStream:75 - [STDERR_REDIRECT] WARNING: Couldn't flush system prefs: java.util.prefs.BackingStoreException: Couldn't get file lock.
2025-09-07 17:31:51,436 [ERROR] LogOutputStream:75 - [STDERR_REDIRECT] 
2025-09-07 17:32:21,437 [ERROR] LogOutputStream:75 - [STDERR_REDIRECT] Sep 07, 2025 5:32:21 PM java.util.prefs.FileSystemPreferences checkLockFile0ErrorCode
2025-09-07 17:32:21,438 [ERROR] LogOutputStream:75 - [STDERR_REDIRECT] WARNING: Could not lock System prefs. Unix error code 2.
2025-09-07 17:32:21,438 [ERROR] LogOutputStream:75 - [STDERR_REDIRECT] 
2025-09-07 17:32:21,438 [ERROR] LogOutputStream:75 - [STDERR_REDIRECT] Sep 07, 2025 5:32:21 PM java.util.prefs.FileSystemPreferences syncWorld
2025-09-07 17:32:21,439 [ERROR] LogOutputStream:75 - [STDERR_REDIRECT] WARNING: Couldn't flush system prefs: java.util.prefs.BackingStoreException: Couldn't get file lock.
2025-09-07 17:32:21,439 [ERROR] LogOutputStream:75 - [STDERR_REDIRECT] 
2025-09-07 17:32:51,437 [ERROR] LogOutputStream:75 - [STDERR_REDIRECT] Sep 07, 2025 5:32:51 PM java.util.prefs.FileSystemPreferences checkLockFile0ErrorCode
2025-09-07 17:32:51,437 [ERROR] LogOutputStream:75 - [STDERR_REDIRECT] WARNING: Could not lock System prefs. Unix error code 2.
2025-09-07 17:32:51,438 [ERROR] LogOutputStream:75 - [STDERR_REDIRECT] 
2025-09-07 17:32:51,438 [ERROR] LogOutputStream:75 - [STDERR_REDIRECT] Sep 07, 2025 5:32:51 PM java.util.prefs.FileSystemPreferences syncWorld
2025-09-07 17:32:51,439 [ERROR] LogOutputStream:75 - [STDERR_REDIRECT] WARNING: Couldn't flush system prefs: java.util.prefs.BackingStoreException: Couldn't get file lock.
2025-09-07 17:32:51,439 [ERROR] LogOutputStream:75 - [STDERR_REDIRECT] 
2025-09-07 17:33:21,435 [ERROR] LogOutputStream:75 - [STDERR_REDIRECT] Sep 07, 2025 5:33:21 PM java.util.prefs.FileSystemPreferences checkLockFile0ErrorCode
2025-09-07 17:33:21,436 [ERROR] LogOutputStream:75 - [STDERR_REDIRECT] WARNING: Could not lock System prefs. Unix error code 2.
2025-09-07 17:33:21,436 [ERROR] LogOutputStream:75 - [STDERR_REDIRECT] 
2025-09-07 17:33:21,437 [ERROR] LogOutputStream:75 - [STDERR_REDIRECT] Sep 07, 2025 5:33:21 PM java.util.prefs.FileSystemPreferences syncWorld
2025-09-07 17:33:21,438 [ERROR] LogOutputStream:75 - [STDERR_REDIRECT] WARNING: Couldn't flush system prefs: java.util.prefs.BackingStoreException: Couldn't get file lock.
2025-09-07 17:33:21,438 [ERROR] LogOutputStream:75 - [STDERR_REDIRECT] 
2025-09-07 17:33:51,434 [ERROR] LogOutputStream:75 - [STDERR_REDIRECT] Sep 07, 2025 5:33:51 PM java.util.prefs.FileSystemPreferences checkLockFile0ErrorCode
2025-09-07 17:33:51,435 [ERROR] LogOutputStream:75 - [STDERR_REDIRECT] WARNING: Could not lock System prefs. Unix error code 2.
2025-09-07 17:33:51,435 [ERROR] LogOutputStream:75 - [STDERR_REDIRECT] 
2025-09-07 17:33:51,436 [ERROR] LogOutputStream:75 - [STDERR_REDIRECT] Sep 07, 2025 5:33:51 PM java.util.prefs.FileSystemPreferences syncWorld
2025-09-07 17:33:51,437 [ERROR] LogOutputStream:75 - [STDERR_REDIRECT] WARNING: Couldn't flush system prefs: java.util.prefs.BackingStoreException: Couldn't get file lock.
2025-09-07 17:33:51,437 [ERROR] LogOutputStream:75 - [STDERR_REDIRECT] 
2025-09-07 17:34:15,048 [ERROR] LogOutputStream:75 - [STDERR_REDIRECT] 
2025-09-07 17:34:15,050 [ERROR] LogOutputStream:75 - [STDERR_REDIRECT] 
