2025-09-09 09:53:10,635 [INFO] Activator:176 - 


2025-09-09 09:53:10,638 [INFO] Activator:177 - !SESSION log4j initialized
2025-09-09 09:53:14,089 [INFO] LogOutputStream:77 - [STDOUT_REDIRECT] 
2025-09-09 09:53:14,869 [INFO] ApplicationProperties:184 - Using Application install path: /opt/st/stm32cubeide_1.19.0/plugins/com.st.stm32cube.common.mx_6.15.0.202507011659
2025-09-09 09:53:14,881 [INFO] DbMcusXml:78 - Set database path to: /opt/st/stm32cubeide_1.19.0/plugins/com.st.stm32cube.common.mx_6.15.0.202507011659//db//mcu/
2025-09-09 09:53:14,882 [INFO] ApiDb:274 - Set plugin database path to: /opt/st/stm32cubeide_1.19.0/plugins/com.st.stm32cube.common.mx_6.15.0.202507011659//db//plugins/boardmanager/
2025-09-09 09:53:14,882 [WARN] ApiDb:259 - Overriding images path with different value:  => /opt/st/stm32cubeide_1.19.0/plugins/com.st.stm32cube.common.mx_6.15.0.202507011659//db//plugins/mcufinder/images/
2025-09-09 09:53:14,886 [INFO] ApiDb:250 - Set database path to: /home/matijak/.stmcufinder/plugins/mcufinder//mcu/
2025-09-09 09:53:14,887 [INFO] DbMcusAds:125 - Set database path to: /home/matijak/.stmcufinder/plugins/mcufinder//mcu/
2025-09-09 09:53:14,888 [INFO] CrossReferenceDbSqlite:203 - Set database path to: /home/matijak/.stmcufinder/plugins/mcufinder//mcu/cs/
2025-09-09 09:53:14,972 [INFO] RulesReader:64 - Compatibility file has been processed (317 Rules)
2025-09-09 09:53:15,025 [INFO] DbMcusXml:78 - Set database path to: /opt/st/stm32cubeide_1.19.0/plugins/com.st.stm32cube.common.mx_6.15.0.202507011659//db//mcu/
2025-09-09 09:53:15,025 [INFO] ApiDb:274 - Set plugin database path to: /opt/st/stm32cubeide_1.19.0/plugins/com.st.stm32cube.common.mx_6.15.0.202507011659//db//plugins/boardmanager/
2025-09-09 09:53:15,025 [INFO] ApiDb:261 - Set plugin images path to: /opt/st/stm32cubeide_1.19.0/plugins/com.st.stm32cube.common.mx_6.15.0.202507011659//db//plugins/mcufinder/images/
2025-09-09 09:53:15,025 [WARN] DbFile:41 - Overriding database path with different value: /home/matijak/.stmcufinder/plugins/mcufinder/ => /home/matijak/.stmcufinder/plugins/mcufinder
2025-09-09 09:53:15,026 [INFO] ApiDb:250 - Set database path to: /home/matijak/.stmcufinder/plugins/mcufinder//mcu/
2025-09-09 09:53:15,026 [WARN] DbFile:41 - Overriding database path with different value: /home/matijak/.stmcufinder/plugins/mcufinder/ => /home/matijak/.stmcufinder/plugins/mcufinder
2025-09-09 09:53:15,026 [INFO] DbMcusAds:125 - Set database path to: /home/matijak/.stmcufinder/plugins/mcufinder//mcu/
2025-09-09 09:53:15,026 [WARN] DbFile:41 - Overriding database path with different value: /home/matijak/.stmcufinder/plugins/mcufinder/ => /home/matijak/.stmcufinder/plugins/mcufinder
2025-09-09 09:53:15,026 [WARN] DbFile:41 - Overriding database path with different value: /home/matijak/.stmcufinder/plugins/mcufinder/ => /home/matijak/.stmcufinder/plugins/mcufinder
2025-09-09 09:53:15,026 [INFO] CrossReferenceDbSqlite:203 - Set database path to: /home/matijak/.stmcufinder/plugins/mcufinder//mcu/cs/
2025-09-09 09:53:15,081 [INFO] MainPanel:274 - HeapMemory: 268435456
2025-09-09 09:53:15,277 [INFO] DbMcusXml:78 - Set database path to: /opt/st/stm32cubeide_1.19.0/plugins/com.st.stm32cube.common.mx_6.15.0.202507011659//db//mcu/
2025-09-09 09:53:15,277 [INFO] ApiDb:274 - Set plugin database path to: /opt/st/stm32cubeide_1.19.0/plugins/com.st.stm32cube.common.mx_6.15.0.202507011659//db//plugins/boardmanager/
2025-09-09 09:53:15,277 [INFO] ApiDb:261 - Set plugin images path to: /opt/st/stm32cubeide_1.19.0/plugins/com.st.stm32cube.common.mx_6.15.0.202507011659//db//plugins/mcufinder/images/
2025-09-09 09:53:15,277 [WARN] DbFile:41 - Overriding database path with different value: /home/matijak/.stmcufinder/plugins/mcufinder/ => /home/matijak/.stmcufinder/plugins/mcufinder
2025-09-09 09:53:15,277 [INFO] ApiDb:250 - Set database path to: /home/matijak/.stmcufinder/plugins/mcufinder//mcu/
2025-09-09 09:53:15,277 [WARN] DbFile:41 - Overriding database path with different value: /home/matijak/.stmcufinder/plugins/mcufinder/ => /home/matijak/.stmcufinder/plugins/mcufinder
2025-09-09 09:53:15,277 [INFO] DbMcusAds:125 - Set database path to: /home/matijak/.stmcufinder/plugins/mcufinder//mcu/
2025-09-09 09:53:15,277 [WARN] DbFile:41 - Overriding database path with different value: /home/matijak/.stmcufinder/plugins/mcufinder/ => /home/matijak/.stmcufinder/plugins/mcufinder
2025-09-09 09:53:15,277 [WARN] DbFile:41 - Overriding database path with different value: /home/matijak/.stmcufinder/plugins/mcufinder/ => /home/matijak/.stmcufinder/plugins/mcufinder
2025-09-09 09:53:15,278 [INFO] CrossReferenceDbSqlite:203 - Set database path to: /home/matijak/.stmcufinder/plugins/mcufinder//mcu/cs/
2025-09-09 09:53:15,290 [INFO] ApplicationProperties:184 - Using Application install path: /opt/st/stm32cubeide_1.19.0/plugins/com.st.stm32cube.common.mx_6.15.0.202507011659
2025-09-09 09:53:15,291 [INFO] PluginManage:196 - Search for loadable plugins [exclusion list=, ]
2025-09-09 09:53:15,292 [INFO] PluginManage:310 - Check plugin analytics
2025-09-09 09:53:15,408 [INFO] AnalyticsPlugin:253 - Accepted Software Licenses: 
2025-09-09 09:53:15,408 [INFO] AnalyticsPlugin:255 - Accepted CMSIS Pack Licenses: 
2025-09-09 09:53:15,408 [INFO] AnalyticsPlugin:257 - Accepted Firmware Licenses: FW.L4.1.18.0,FW.G4.1.6.0
2025-09-09 09:53:15,409 [INFO] PluginManage:359 - Loaded plugin analytics (category:tool,tabindex:-1)
2025-09-09 09:53:15,410 [INFO] PluginManage:310 - Check plugin cadmodel
2025-09-09 09:53:15,413 [INFO] CADModel:105 - Init CAD model plugin
2025-09-09 09:53:15,413 [INFO] PluginManage:359 - Loaded plugin cadmodel (category:power,tabindex:5)
2025-09-09 09:53:15,413 [INFO] PluginManage:310 - Check plugin clock
2025-09-09 09:53:15,420 [INFO] PluginManage:359 - Loaded plugin clock (category:base,tabindex:2)
2025-09-09 09:53:15,420 [INFO] PluginManage:310 - Check plugin ddr
2025-09-09 09:53:15,421 [INFO] PluginManage:359 - Loaded plugin ddr (category:tool,tabindex:6)
2025-09-09 09:53:15,421 [INFO] PluginManage:310 - Check plugin filemanager
2025-09-09 09:53:15,525 [INFO] PluginManage:359 - Loaded plugin filemanager (category:base,tabindex:10)
2025-09-09 09:53:15,525 [INFO] PluginManage:310 - Check plugin ipmanager
2025-09-09 09:53:15,529 [INFO] PluginManage:359 - Loaded plugin ipmanager (category:base,tabindex:5)
2025-09-09 09:53:15,530 [INFO] PluginManage:310 - Check plugin lpbam
2025-09-09 09:53:15,538 [INFO] PluginManage:359 - Loaded plugin lpbam (category:base,tabindex:0)
2025-09-09 09:53:15,538 [INFO] PluginManage:310 - Check plugin memorymap
2025-09-09 09:53:15,547 [INFO] PluginManage:359 - Loaded plugin memorymap (category:base,tabindex:4)
2025-09-09 09:53:15,547 [INFO] PluginManage:310 - Check plugin pinoutandconfiguration
2025-09-09 09:53:15,553 [INFO] PluginManage:359 - Loaded plugin pinoutandconfiguration (category:base,tabindex:1)
2025-09-09 09:53:15,553 [INFO] PluginManage:310 - Check plugin pinoutconfig
2025-09-09 09:53:15,618 [WARN] SupportedApi:132 - Cannot load RTOS API schema: s4s-elt-must-match.1: The content of 'definitions' must match (annotation?, (simpleType | complexType)?, (unique | key | keyref)*)). A problem was found starting at: attribute.
2025-09-09 09:53:15,727 [INFO] PluginManage:359 - Loaded plugin pinoutconfig (category:base,tabindex:0)
2025-09-09 09:53:15,727 [INFO] PluginManage:310 - Check plugin power
2025-09-09 09:53:15,735 [INFO] PluginManage:359 - Loaded plugin power (category:power,tabindex:4)
2025-09-09 09:53:15,735 [INFO] PluginManage:310 - Check plugin projectmanager
2025-09-09 09:53:15,748 [INFO] PluginManage:359 - Loaded plugin projectmanager (category:projectmanager,tabindex:4)
2025-09-09 09:53:15,748 [INFO] PluginManage:310 - Check plugin rif
2025-09-09 09:53:15,756 [INFO] PluginManage:359 - Loaded plugin rif (category:base,tabindex:3)
2025-09-09 09:53:15,756 [INFO] PluginManage:310 - Check plugin thirdparty
2025-09-09 09:53:15,851 [INFO] PluginManage:359 - Loaded plugin thirdparty (category:base,tabindex:-1)
2025-09-09 09:53:15,851 [WARN] IntegrityCheckThread:84 - waiting for thirdparty lock release [integrity check]
2025-09-09 09:53:15,851 [INFO] IntegrityCheckThread:86 - entering critical section [integrity check]
2025-09-09 09:53:15,851 [INFO] PluginManage:310 - Check plugin tools
2025-09-09 09:53:15,852 [INFO] ThirdPartyUpdaterWithRetryManager:70 - Updater plugin not ready yet. [1/15]
2025-09-09 09:53:15,854 [INFO] PluginManage:359 - Loaded plugin tools (category:base,tabindex:7)
2025-09-09 09:53:15,854 [INFO] PluginManage:310 - Check plugin tutovideos
2025-09-09 09:53:16,017 [INFO] PluginManage:359 - Loaded plugin tutovideos (category:base,tabindex:-1)
2025-09-09 09:53:16,018 [INFO] PluginManage:310 - Check plugin updater
2025-09-09 09:53:16,040 [INFO] PluginManage:359 - Loaded plugin updater (category:base,tabindex:12)
2025-09-09 09:53:16,040 [INFO] PluginManage:310 - Check plugin userauth
2025-09-09 09:53:16,044 [INFO] UserAuth:118 - Init User Auth plugin
2025-09-09 09:53:16,045 [INFO] PluginManage:359 - Loaded plugin userauth (category:base,tabindex:14)
2025-09-09 09:53:16,045 [INFO] PluginManage:283 - PluginManage : Loaded plugins [18]
2025-09-09 09:53:16,173 [INFO] PinOutPanel:1589 - setPackage(No Configuration,No Configuration)
2025-09-09 09:53:16,227 [INFO] CADModel:165 - CPN selected for project level
2025-09-09 09:53:16,227 [INFO] CADModel:114 - Register for checkConnection events
2025-09-09 09:53:16,243 [INFO] IPUIPlugin:80 - create IPUIPlugin
2025-09-09 09:53:16,243 [INFO] PluginManager:220 - loadIPPluginJar : add adc
2025-09-09 09:53:16,245 [INFO] IPUIPlugin:80 - create IPUIPlugin
2025-09-09 09:53:16,245 [INFO] PluginManager:220 - loadIPPluginJar : add aes
2025-09-09 09:53:16,247 [INFO] IPUIPlugin:80 - create IPUIPlugin
2025-09-09 09:53:16,247 [INFO] PluginManager:220 - loadIPPluginJar : add can
2025-09-09 09:53:16,248 [INFO] IPUIPlugin:80 - create IPUIPlugin
2025-09-09 09:53:16,249 [INFO] PluginManager:220 - loadIPPluginJar : add comp
2025-09-09 09:53:16,250 [INFO] IPUIPlugin:80 - create IPUIPlugin
2025-09-09 09:53:16,250 [INFO] PluginManager:220 - loadIPPluginJar : add cryp
2025-09-09 09:53:16,253 [INFO] IPUIPlugin:80 - create IPUIPlugin
2025-09-09 09:53:16,254 [INFO] PluginManager:220 - loadIPPluginJar : add ddr_ctrl_phy
2025-09-09 09:53:16,256 [INFO] IPUIPlugin:80 - create IPUIPlugin
2025-09-09 09:53:16,256 [INFO] PluginManager:220 - loadIPPluginJar : add dfsdm
2025-09-09 09:53:16,261 [INFO] IPUIPlugin:80 - create IPUIPlugin
2025-09-09 09:53:16,261 [INFO] PluginManager:220 - loadIPPluginJar : add dma
2025-09-09 09:53:16,263 [INFO] IPUIPlugin:80 - create IPUIPlugin
2025-09-09 09:53:16,264 [INFO] PluginManager:220 - loadIPPluginJar : add dma3
2025-09-09 09:53:16,266 [INFO] IPUIPlugin:80 - create IPUIPlugin
2025-09-09 09:53:16,266 [INFO] PluginManager:220 - loadIPPluginJar : add extmemmanager
2025-09-09 09:53:16,267 [INFO] IPUIPlugin:80 - create IPUIPlugin
2025-09-09 09:53:16,268 [INFO] PluginManager:220 - loadIPPluginJar : add fatfs
2025-09-09 09:53:16,272 [INFO] IPUIPlugin:80 - create IPUIPlugin
2025-09-09 09:53:16,273 [INFO] PluginManager:220 - loadIPPluginJar : add fmc
2025-09-09 09:53:16,277 [INFO] IPUIPlugin:80 - create IPUIPlugin
2025-09-09 09:53:16,278 [INFO] PluginManager:220 - loadIPPluginJar : add freertos
2025-09-09 09:53:16,287 [INFO] IPUIPlugin:80 - create IPUIPlugin
2025-09-09 09:53:16,287 [INFO] PluginManager:220 - loadIPPluginJar : add genericplugin
2025-09-09 09:53:16,289 [INFO] IPUIPlugin:80 - create IPUIPlugin
2025-09-09 09:53:16,289 [INFO] PluginManager:220 - loadIPPluginJar : add gfxmmu
2025-09-09 09:53:16,294 [INFO] IPUIPlugin:80 - create IPUIPlugin
2025-09-09 09:53:16,295 [INFO] PluginManager:220 - loadIPPluginJar : add gic
2025-09-09 09:53:16,299 [INFO] IPUIPlugin:80 - create IPUIPlugin
2025-09-09 09:53:16,299 [INFO] PluginManager:220 - loadIPPluginJar : add gpio
2025-09-09 09:53:16,302 [INFO] IPUIPlugin:80 - create IPUIPlugin
2025-09-09 09:53:16,302 [INFO] PluginManager:220 - loadIPPluginJar : add gtzc
2025-09-09 09:53:16,305 [INFO] IPUIPlugin:80 - create IPUIPlugin
2025-09-09 09:53:16,305 [INFO] PluginManager:220 - loadIPPluginJar : add hash
2025-09-09 09:53:16,307 [INFO] IPUIPlugin:80 - create IPUIPlugin
2025-09-09 09:53:16,307 [INFO] PluginManager:220 - loadIPPluginJar : add i2c
2025-09-09 09:53:16,309 [INFO] IPUIPlugin:80 - create IPUIPlugin
2025-09-09 09:53:16,309 [INFO] PluginManager:220 - loadIPPluginJar : add i2s
2025-09-09 09:53:16,311 [INFO] IPUIPlugin:80 - create IPUIPlugin
2025-09-09 09:53:16,311 [INFO] PluginManager:220 - loadIPPluginJar : add i3c
2025-09-09 09:53:16,313 [INFO] IPUIPlugin:80 - create IPUIPlugin
2025-09-09 09:53:16,314 [INFO] PluginManager:220 - loadIPPluginJar : add ipddr
2025-09-09 09:53:16,320 [INFO] IPUIPlugin:80 - create IPUIPlugin
2025-09-09 09:53:16,321 [INFO] PluginManager:220 - loadIPPluginJar : add linkedlist
2025-09-09 09:53:16,323 [INFO] IPUIPlugin:80 - create IPUIPlugin
2025-09-09 09:53:16,324 [INFO] PluginManager:220 - loadIPPluginJar : add lorawan
2025-09-09 09:53:16,325 [INFO] IPUIPlugin:80 - create IPUIPlugin
2025-09-09 09:53:16,325 [INFO] PluginManager:220 - loadIPPluginJar : add ltdc
2025-09-09 09:53:16,330 [INFO] IPUIPlugin:80 - create IPUIPlugin
2025-09-09 09:53:16,330 [INFO] PluginManager:220 - loadIPPluginJar : add mdma
2025-09-09 09:53:16,334 [INFO] IPUIPlugin:80 - create IPUIPlugin
2025-09-09 09:53:16,334 [INFO] PluginManager:220 - loadIPPluginJar : add nvic
2025-09-09 09:53:16,337 [INFO] IPUIPlugin:80 - create IPUIPlugin
2025-09-09 09:53:16,338 [INFO] PluginManager:220 - loadIPPluginJar : add opamp
2025-09-09 09:53:16,340 [INFO] IPUIPlugin:80 - create IPUIPlugin
2025-09-09 09:53:16,340 [INFO] PluginManager:220 - loadIPPluginJar : add openamp
2025-09-09 09:53:16,343 [INFO] IPUIPlugin:80 - create IPUIPlugin
2025-09-09 09:53:16,343 [INFO] PluginManager:220 - loadIPPluginJar : add pdm2pcm
2025-09-09 09:53:16,348 [INFO] IPUIPlugin:80 - create IPUIPlugin
2025-09-09 09:53:16,351 [INFO] PluginManager:220 - loadIPPluginJar : add plateformsettings
2025-09-09 09:53:16,352 [INFO] IPUIPlugin:80 - create IPUIPlugin
2025-09-09 09:53:16,352 [INFO] PluginManager:220 - loadIPPluginJar : add quadspi
2025-09-09 09:53:16,354 [INFO] IPUIPlugin:80 - create IPUIPlugin
2025-09-09 09:53:16,354 [INFO] PluginManager:220 - loadIPPluginJar : add radio
2025-09-09 09:53:16,357 [INFO] IPUIPlugin:80 - create IPUIPlugin
2025-09-09 09:53:16,357 [INFO] PluginManager:220 - loadIPPluginJar : add resmgrutility
2025-09-09 09:53:16,360 [INFO] IPUIPlugin:80 - create IPUIPlugin
2025-09-09 09:53:16,360 [INFO] PluginManager:220 - loadIPPluginJar : add sai
2025-09-09 09:53:16,361 [INFO] IPUIPlugin:80 - create IPUIPlugin
2025-09-09 09:53:16,361 [INFO] PluginManager:220 - loadIPPluginJar : add spi
2025-09-09 09:53:16,368 [INFO] IPUIPlugin:80 - create IPUIPlugin
2025-09-09 09:53:16,369 [INFO] PluginManager:220 - loadIPPluginJar : add stm32_wpan
2025-09-09 09:53:16,370 [INFO] IPUIPlugin:80 - create IPUIPlugin
2025-09-09 09:53:16,370 [INFO] PluginManager:220 - loadIPPluginJar : add tim
2025-09-09 09:53:16,374 [INFO] IPUIPlugin:80 - create IPUIPlugin
2025-09-09 09:53:16,374 [INFO] PluginManager:220 - loadIPPluginJar : add touchsensing
2025-09-09 09:53:16,376 [INFO] IPUIPlugin:80 - create IPUIPlugin
2025-09-09 09:53:16,376 [INFO] PluginManager:220 - loadIPPluginJar : add tracer_emb
2025-09-09 09:53:16,379 [INFO] IPUIPlugin:80 - create IPUIPlugin
2025-09-09 09:53:16,379 [INFO] PluginManager:220 - loadIPPluginJar : add ts
2025-09-09 09:53:16,381 [INFO] IPUIPlugin:80 - create IPUIPlugin
2025-09-09 09:53:16,381 [INFO] PluginManager:220 - loadIPPluginJar : add tsc
2025-09-09 09:53:16,383 [INFO] IPUIPlugin:80 - create IPUIPlugin
2025-09-09 09:53:16,383 [INFO] PluginManager:220 - loadIPPluginJar : add ucpd
2025-09-09 09:53:16,385 [INFO] IPUIPlugin:80 - create IPUIPlugin
2025-09-09 09:53:16,386 [INFO] PluginManager:220 - loadIPPluginJar : add usart
2025-09-09 09:53:16,389 [INFO] IPUIPlugin:80 - create IPUIPlugin
2025-09-09 09:53:16,389 [INFO] PluginManager:220 - loadIPPluginJar : add usbx
2025-09-09 09:53:16,493 [FATAL] Updater:351 - Updater called before beeing initialized
2025-09-09 09:53:16,515 [INFO] RulesReader:64 - Compatibility file has been processed (317 Rules)
2025-09-09 09:53:16,524 [INFO] RulesReader:64 - Compatibility file has been processed (317 Rules)
2025-09-09 09:53:16,531 [INFO] CADModel:165 - CPN selected for project level
2025-09-09 09:53:16,531 [INFO] CADModel:114 - Register for checkConnection events
2025-09-09 09:53:16,531 [FATAL] Updater:351 - Updater called before beeing initialized
2025-09-09 09:53:16,531 [ERROR] CADModel:125 - Updater not yet initialized, retry later 
2025-09-09 09:53:16,622 [FATAL] Updater:351 - Updater called before beeing initialized
2025-09-09 09:53:16,623 [INFO] CADModel:165 - CPN selected for project level
2025-09-09 09:53:16,623 [INFO] CADModel:114 - Register for checkConnection events
2025-09-09 09:53:16,623 [FATAL] Updater:351 - Updater called before beeing initialized
2025-09-09 09:53:16,623 [ERROR] CADModel:125 - Updater not yet initialized, retry later 
2025-09-09 09:53:16,626 [FATAL] Updater:351 - Updater called before beeing initialized
2025-09-09 09:53:16,687 [FATAL] Updater:351 - Updater called before beeing initialized
2025-09-09 09:53:16,691 [INFO] DbMcusAds:53 - JSON generation date=Tue Jul 08 10:14:23 CEST 2025 (1751962463582)
2025-09-09 09:53:16,691 [FATAL] Updater:351 - Updater called before beeing initialized
2025-09-09 09:53:16,717 [WARN] DetailPanel:346 - Failed to get advertising image, set to default
2025-09-09 09:53:16,770 [FATAL] Updater:351 - Updater called before beeing initialized
2025-09-09 09:53:16,771 [FATAL] Updater:351 - Updater called before beeing initialized
2025-09-09 09:53:16,771 [FATAL] Updater:351 - Updater called before beeing initialized
2025-09-09 09:53:16,771 [WARN] DetailPanel:346 - Failed to get advertising image, set to default
2025-09-09 09:53:16,772 [FATAL] Updater:351 - Updater called before beeing initialized
2025-09-09 09:53:16,794 [ERROR] Updater:1198 - MainUpdater not yet initialized. External WinMGr cannot be set.
2025-09-09 09:53:16,795 [INFO] Updater:1134 - Updater Version found : 6.15.0
2025-09-09 09:53:16,809 [INFO] ApplicationProperties:184 - Using Application install path: /opt/st/stm32cubeide_1.19.0/plugins/com.st.stm32cube.common.mx_6.15.0.202507011659
2025-09-09 09:53:16,819 [ERROR] LogOutputStream:75 - [STDERR_REDIRECT] Sep 09, 2025 9:53:16 AM java.util.prefs.FileSystemPreferences$2 run
2025-09-09 09:53:16,820 [ERROR] LogOutputStream:75 - [STDERR_REDIRECT] WARNING: Could not create system preferences directory. System preferences are unusable.
2025-09-09 09:53:16,820 [ERROR] LogOutputStream:75 - [STDERR_REDIRECT] 
2025-09-09 09:53:17,259 [INFO] MainUpdater:2872 - connection check result : 10
2025-09-09 09:53:17,259 [INFO] MainUpdater:289 - Updater Check For Update Now.
2025-09-09 09:53:17,260 [INFO] MicroXplorer:498 - Change Database Version : DB.6.0.150
2025-09-09 09:53:17,273 [INFO] McuFinderGlobals:63 - Set McuFinder mode to 2 (CubeIDE integrated)
2025-09-09 09:53:17,273 [INFO] UserAuth:487 - Internet connection configuration mode: 1
2025-09-09 09:53:17,293 [INFO] JxBrowserEngine:152 - Initiate JxBrowser Engine with user profile folder
2025-09-09 09:53:17,424 [INFO] CheckServerUpdateThread:120 - End of CheckServer Thread
2025-09-09 09:53:18,008 [INFO] WebApp:169 - Instantiating new browser for Auth
2025-09-09 09:53:18,485 [INFO] WebApp:463 - Apply proxy settings
2025-09-09 09:53:18,486 [INFO] WebApp:548 - Chromium requires no authentication
2025-09-09 09:53:18,492 [INFO] WebApp:491 - Direct internet connection detected
2025-09-09 09:53:18,506 [INFO] WebApp:900 - Register for checkConnection events
2025-09-09 09:53:18,506 [INFO] WebApp:463 - Apply proxy settings
2025-09-09 09:53:18,507 [INFO] WebApp:548 - Chromium requires no authentication
2025-09-09 09:53:18,507 [INFO] WebApp:491 - Direct internet connection detected
2025-09-09 09:53:18,610 [INFO] WebApp:225 - Starting web application
2025-09-09 09:53:18,610 [INFO] WebApp:593 - Web application path used /opt/st/stm32cubeide_1.19.0/plugins/com.st.stm32cube.common.mx_6.15.0.202507011659/db/plugins/mcufinder/reactClient1/index.html
2025-09-09 09:53:18,684 [INFO] UserAuth:487 - Internet connection configuration mode: 1
2025-09-09 09:53:18,978 [WARN] PackLoader:240 - Cannot read IP mode file for STMicroelectronics.FP-SNS-MOTENVWB1.1.4.0
2025-09-09 09:53:18,984 [WARN] PackLoader:240 - Cannot read IP mode file for STMicroelectronics.FP-ATR-ASTRA1.2.0.2
2025-09-09 09:53:18,989 [WARN] PackLoader:240 - Cannot read IP mode file for STMicroelectronics.X-CUBE-SMBUS.2.1.0
2025-09-09 09:53:18,993 [WARN] PackLoader:240 - Cannot read IP mode file for STMicroelectronics.X-CUBE-ST60.1.0.0
2025-09-09 09:53:19,017 [WARN] PackLoader:240 - Cannot read IP mode file for STMicroelectronics.X-CUBE-AZRTOS-F7.1.1.0
2025-09-09 09:53:19,032 [WARN] PackLoader:240 - Cannot read IP mode file for WES.I-CUBE-Cesium.1.4.0
2025-09-09 09:53:19,061 [WARN] PackLoader:240 - Cannot read IP mode file for Infineon.AIROC-Wi-Fi-Bluetooth-STM32.1.7.1
2025-09-09 09:53:19,102 [WARN] PackLoader:240 - Cannot read IP mode file for STMicroelectronics.X-CUBE-AZRTOS-H7.3.4.0
2025-09-09 09:53:19,116 [WARN] PackLoader:240 - Cannot read IP mode file for STMicroelectronics.X-CUBE-DISPLAY.3.0.0
2025-09-09 09:53:19,129 [WARN] PackLoader:240 - Cannot read IP mode file for STMicroelectronics.X-CUBE-NFC10.1.0.0
2025-09-09 09:53:19,134 [WARN] PackLoader:240 - Cannot read IP mode file for emotas.I-CUBE-CANOPEN.1.3.0
2025-09-09 09:53:19,142 [WARN] PackLoader:240 - Cannot read IP mode file for STMicroelectronics.FP-SNS-STBOX1.2.1.0
2025-09-09 09:53:19,148 [WARN] PackLoader:240 - Cannot read IP mode file for STMicroelectronics.FP-SNS-SMARTAG2.1.2.0
2025-09-09 09:53:19,153 [WARN] PackLoader:240 - Cannot read IP mode file for STMicroelectronics.FP-SNS-FLIGHT1.5.1.0
2025-09-09 09:53:19,154 [INFO] WebApp:191 - Connection restablished
2025-09-09 09:53:19,161 [INFO] LogOutputStream:77 - [STDOUT_REDIRECT] 1 : Invalid condition id : UX_CORESTACK_Condition cause : null
2025-09-09 09:53:19,162 [INFO] LogOutputStream:77 - [STDOUT_REDIRECT] 1 : Invalid condition id : UX_CORESTACK_Condition cause : null
2025-09-09 09:53:19,163 [INFO] LogOutputStream:77 - [STDOUT_REDIRECT] 1 : Invalid condition id : UX_CORESTACK_Condition cause : null
2025-09-09 09:53:19,164 [INFO] LogOutputStream:77 - [STDOUT_REDIRECT] 1 : Invalid condition id : UX_CORESTACK_Condition cause : null
2025-09-09 09:53:19,164 [INFO] LogOutputStream:77 - [STDOUT_REDIRECT] 1 : Invalid condition id : UX_CORESTACK_Condition cause : null
2025-09-09 09:53:19,167 [WARN] PackLoader:240 - Cannot read IP mode file for STMicroelectronics.X-CUBE-AZRTOS-WL.2.0.0
2025-09-09 09:53:19,172 [WARN] PackLoader:240 - Cannot read IP mode file for STMicroelectronics.FP-SNS-MOTENV1.5.0.0
2025-09-09 09:53:19,177 [WARN] PackLoader:240 - Cannot read IP mode file for STMicroelectronics.X-CUBE-BLE2.3.3.0
2025-09-09 09:53:19,182 [WARN] PackLoader:240 - Cannot read IP mode file for STMicroelectronics.X-CUBE-NFC9.1.0.0
2025-09-09 09:53:19,186 [WARN] PackLoader:240 - Cannot read IP mode file for wolfSSL.I-CUBE-wolfSSL.5.8.2
2025-09-09 09:53:19,190 [WARN] PackLoader:240 - Cannot read IP mode file for STMicroelectronics.X-CUBE-BLE1.7.1.0
2025-09-09 09:53:19,193 [WARN] PackLoader:240 - Cannot read IP mode file for wolfSSL.I-CUBE-wolfMQTT.1.19.2
2025-09-09 09:53:19,198 [WARN] PackLoader:240 - Cannot read IP mode file for STMicroelectronics.X-CUBE-EEPRMA1.5.2.0
2025-09-09 09:53:19,223 [WARN] PackLoader:240 - Cannot read IP mode file for STMicroelectronics.X-CUBE-AZRTOS-G0.1.1.0
2025-09-09 09:53:19,234 [WARN] PackLoader:240 - Cannot read IP mode file for STMicroelectronics.X-CUBE-SAFEA1.1.2.2
2025-09-09 09:53:19,241 [WARN] PackLoader:240 - Cannot read IP mode file for STMicroelectronics.X-CUBE-NFC4.3.0.0
2025-09-09 09:53:19,250 [WARN] PackLoader:240 - Cannot read IP mode file for EmbeddedOffice.I-CUBE-FS-RTOS.1.0.1
2025-09-09 09:53:19,257 [WARN] PackLoader:240 - Cannot read IP mode file for STMicroelectronics.X-CUBE-WB05N.2.0.0
2025-09-09 09:53:19,262 [WARN] PackLoader:240 - Cannot read IP mode file for wolfSSL.I-CUBE-wolfTPM.3.8.0
2025-09-09 09:53:19,268 [WARN] PackLoader:240 - Cannot read IP mode file for STMicroelectronics.X-CUBE-TCPP.4.2.0
2025-09-09 09:53:19,275 [WARN] PackLoader:240 - Cannot read IP mode file for RealThread.X-CUBE-RT-Thread_Nano.4.1.1
2025-09-09 09:53:19,303 [WARN] PackLoader:240 - Cannot read IP mode file for STMicroelectronics.FP-ATR-SIGFOX1.3.2.0
2025-09-09 09:53:19,312 [WARN] PackLoader:240 - Cannot read IP mode file for ITTIA_DB.I-CUBE-ITTIADB.8.9.0
2025-09-09 09:53:19,321 [WARN] PackLoader:240 - Cannot read IP mode file for STMicroelectronics.X-CUBE-ST67W61.1.0.0
2025-09-09 09:53:19,325 [WARN] PackLoader:240 - Cannot read IP mode file for STMicroelectronics.X-CUBE-AI.10.2.0
2025-09-09 09:53:19,356 [WARN] PackLoader:240 - Cannot read IP mode file for SEGGER.I-CUBE-embOS.1.3.1
2025-09-09 09:53:19,405 [WARN] PackLoader:240 - Cannot read IP mode file for STMicroelectronics.X-CUBE-ALGOBUILD.1.4.0
2025-09-09 09:53:19,462 [WARN] PackLoader:240 - Cannot read IP mode file for STMicroelectronics.X-CUBE-MEMS1.11.3.0
2025-09-09 09:53:19,598 [WARN] PackLoader:240 - Cannot read IP mode file for STMicroelectronics.X-CUBE-PM33A1.1.0.0
2025-09-09 09:53:19,613 [WARN] PackLoader:240 - Cannot read IP mode file for STMicroelectronics.X-CUBE-AZRTOS-F4.1.1.0
2025-09-09 09:53:19,619 [WARN] PackLoader:240 - Cannot read IP mode file for Avnet-IotConnect.X-CUBE-IoTC-DA16k-PMOD.1.0.0
2025-09-09 09:53:19,623 [WARN] PackLoader:240 - Cannot read IP mode file for STMicroelectronics.X-CUBE-ISPU.2.1.0
2025-09-09 09:53:19,630 [WARN] PackLoader:240 - Cannot read IP mode file for STMicroelectronics.X-CUBE-NFC12.1.0.0
2025-09-09 09:53:19,647 [WARN] PackLoader:240 - Cannot read IP mode file for STMicroelectronics.X-CUBE-AZRTOS-L5.2.0.0
2025-09-09 09:53:19,658 [WARN] PackLoader:240 - Cannot read IP mode file for STMicroelectronics.X-CUBE-NFC6.3.1.0
2025-09-09 09:53:19,665 [WARN] PackLoader:240 - Cannot read IP mode file for STMicroelectronics.X-CUBE-FREERTOS.1.3.1
2025-09-09 09:53:19,670 [WARN] PackLoader:240 - Cannot read IP mode file for STMicroelectronics.FP-SNS-STAIOTCFT.1.0.0
2025-09-09 09:53:19,675 [WARN] PackLoader:240 - Cannot read IP mode file for STMicroelectronics.X-CUBE-DPower.1.3.0
2025-09-09 09:53:19,697 [WARN] ConditionMgr:438 - getConditionDescription Invalid condition id : LAN8742 Phy interface Condition cause : null
2025-09-09 09:53:19,698 [WARN] PackLoader:240 - Cannot read IP mode file for STMicroelectronics.X-CUBE-AZRTOS-L4.2.0.0
2025-09-09 09:53:19,700 [WARN] ConditionMgr:1044 - genDependencies : Invalid condition id : LAN8742 Phy interface Condition cause : null
2025-09-09 09:53:19,700 [WARN] ConditionMgr:1044 - genDependencies : Invalid condition id : LAN8742 Phy interface Condition cause : null
2025-09-09 09:53:19,701 [WARN] ConditionMgr:1044 - genDependencies : Invalid condition id : LAN8742 Phy interface Condition cause : null
2025-09-09 09:53:19,708 [WARN] PackLoader:240 - Cannot read IP mode file for STMicroelectronics.X-CUBE-SFXS2LP1.4.0.0
2025-09-09 09:53:19,719 [WARN] PackLoader:240 - Cannot read IP mode file for STMicroelectronics.X-CUBE-BLEMGR.4.1.0
2025-09-09 09:53:19,735 [WARN] ConditionMgr:438 - getConditionDescription Invalid condition id : UX DEVICE CLASS RTOS Condition cause : null
2025-09-09 09:53:19,735 [WARN] ConditionMgr:438 - getConditionDescription Invalid condition id : UX DEVICE CLASS RTOS Condition cause : null
2025-09-09 09:53:19,738 [WARN] PackLoader:240 - Cannot read IP mode file for STMicroelectronics.X-CUBE-AZRTOS-WB.2.0.0
2025-09-09 09:53:19,739 [WARN] ConditionMgr:1044 - genDependencies : Invalid condition id : UX DEVICE CLASS RTOS Condition cause : null
2025-09-09 09:53:19,739 [WARN] ConditionMgr:1044 - genDependencies : Invalid condition id : UX DEVICE CLASS RTOS Condition cause : null
2025-09-09 09:53:19,739 [WARN] ConditionMgr:1044 - genDependencies : Invalid condition id : UX DEVICE CLASS RTOS Condition cause : null
2025-09-09 09:53:19,740 [WARN] ConditionMgr:1044 - genDependencies : Invalid condition id : UX DEVICE CLASS RTOS Condition cause : null
2025-09-09 09:53:19,740 [WARN] ConditionMgr:1044 - genDependencies : Invalid condition id : UX DEVICE CLASS RTOS Condition cause : null
2025-09-09 09:53:19,745 [WARN] PackLoader:240 - Cannot read IP mode file for STMicroelectronics.X-CUBE-GNSS1.7.0.1
2025-09-09 09:53:19,750 [WARN] PackLoader:240 - Cannot read IP mode file for STMicroelectronics.X-CUBE-TOUCHGFX.4.25.0
2025-09-09 09:53:19,754 [WARN] ConditionMgr:438 - getConditionDescription Invalid condition id : Cortex-A Device cause : null
2025-09-09 09:53:19,767 [WARN] ConditionMgr:1044 - genDependencies : Invalid condition id : Cortex-A Device cause : null
2025-09-09 09:53:19,768 [WARN] ConditionMgr:1044 - genDependencies : Invalid condition id : Cortex-A Device cause : null
2025-09-09 09:53:19,768 [WARN] ConditionMgr:1044 - genDependencies : Invalid condition id : Cortex-A Device cause : null
2025-09-09 09:53:19,777 [WARN] PackLoader:240 - Cannot read IP mode file for STMicroelectronics.X-CUBE-SUBG2.5.0.0
2025-09-09 09:53:19,800 [WARN] PackLoader:240 - Cannot read IP mode file for STMicroelectronics.X-CUBE-AZRTOS-H7RS.1.1.0
2025-09-09 09:53:19,806 [WARN] PackLoader:240 - Cannot read IP mode file for Cesanta.I-CUBE-Mongoose.7.13.0
2025-09-09 09:53:19,818 [WARN] PackLoader:240 - Cannot read IP mode file for STMicroelectronics.X-CUBE-AZRTOS-G4.2.0.0
2025-09-09 09:53:19,823 [WARN] PackLoader:240 - Cannot read IP mode file for wolfSSL.I-CUBE-wolfSSH.1.4.20
2025-09-09 09:53:19,827 [WARN] PackLoader:240 - Cannot read IP mode file for STMicroelectronics.X-CUBE-NFC7.2.0.0
2025-09-09 09:53:19,842 [WARN] PackLoader:240 - Cannot read IP mode file for STMicroelectronics.X-CUBE-IPS.3.1.0
2025-09-09 09:53:19,853 [WARN] PackLoader:240 - Cannot read IP mode file for STMicroelectronics.X-CUBE-ALS.1.0.2
2025-09-09 09:53:19,858 [WARN] PackLoader:240 - Cannot read IP mode file for STMicroelectronics.X-CUBE-STSE01.1.0.0
2025-09-09 09:53:19,867 [WARN] PackLoader:240 - Cannot read IP mode file for STMicroelectronics.X-CUBE-TOF1.3.4.3
2025-09-09 09:53:19,878 [INFO] ThirdParty:978 - Integrity check success = true
2025-09-09 09:53:19,878 [INFO] IntegrityCheckThread:100 - exiting critical section [integrity check]
2025-09-09 09:53:19,878 [INFO] IntegrityCheckThread:103 - End integrity checks thread
2025-09-09 09:53:45,783 [ERROR] LogOutputStream:75 - [STDERR_REDIRECT] Sep 09, 2025 9:53:45 AM java.util.prefs.FileSystemPreferences checkLockFile0ErrorCode
2025-09-09 09:53:45,784 [ERROR] LogOutputStream:75 - [STDERR_REDIRECT] WARNING: Could not lock System prefs. Unix error code 2.
2025-09-09 09:53:45,784 [ERROR] LogOutputStream:75 - [STDERR_REDIRECT] 
2025-09-09 09:53:45,785 [ERROR] LogOutputStream:75 - [STDERR_REDIRECT] Sep 09, 2025 9:53:45 AM java.util.prefs.FileSystemPreferences syncWorld
2025-09-09 09:53:45,786 [ERROR] LogOutputStream:75 - [STDERR_REDIRECT] WARNING: Couldn't flush system prefs: java.util.prefs.BackingStoreException: Couldn't get file lock.
2025-09-09 09:53:45,786 [ERROR] LogOutputStream:75 - [STDERR_REDIRECT] 
2025-09-09 09:54:15,776 [ERROR] LogOutputStream:75 - [STDERR_REDIRECT] Sep 09, 2025 9:54:15 AM java.util.prefs.FileSystemPreferences checkLockFile0ErrorCode
2025-09-09 09:54:15,776 [ERROR] LogOutputStream:75 - [STDERR_REDIRECT] WARNING: Could not lock System prefs. Unix error code 2.
2025-09-09 09:54:15,776 [ERROR] LogOutputStream:75 - [STDERR_REDIRECT] 
2025-09-09 09:54:15,777 [ERROR] LogOutputStream:75 - [STDERR_REDIRECT] Sep 09, 2025 9:54:15 AM java.util.prefs.FileSystemPreferences syncWorld
2025-09-09 09:54:15,778 [ERROR] LogOutputStream:75 - [STDERR_REDIRECT] WARNING: Couldn't flush system prefs: java.util.prefs.BackingStoreException: Couldn't get file lock.
2025-09-09 09:54:15,778 [ERROR] LogOutputStream:75 - [STDERR_REDIRECT] 
2025-09-09 09:54:45,775 [ERROR] LogOutputStream:75 - [STDERR_REDIRECT] Sep 09, 2025 9:54:45 AM java.util.prefs.FileSystemPreferences checkLockFile0ErrorCode
2025-09-09 09:54:45,776 [ERROR] LogOutputStream:75 - [STDERR_REDIRECT] WARNING: Could not lock System prefs. Unix error code 2.
2025-09-09 09:54:45,776 [ERROR] LogOutputStream:75 - [STDERR_REDIRECT] 
2025-09-09 09:54:45,777 [ERROR] LogOutputStream:75 - [STDERR_REDIRECT] Sep 09, 2025 9:54:45 AM java.util.prefs.FileSystemPreferences syncWorld
2025-09-09 09:54:45,777 [ERROR] LogOutputStream:75 - [STDERR_REDIRECT] WARNING: Couldn't flush system prefs: java.util.prefs.BackingStoreException: Couldn't get file lock.
2025-09-09 09:54:45,777 [ERROR] LogOutputStream:75 - [STDERR_REDIRECT] 
2025-09-09 09:55:15,776 [ERROR] LogOutputStream:75 - [STDERR_REDIRECT] Sep 09, 2025 9:55:15 AM java.util.prefs.FileSystemPreferences checkLockFile0ErrorCode
2025-09-09 09:55:15,776 [ERROR] LogOutputStream:75 - [STDERR_REDIRECT] WARNING: Could not lock System prefs. Unix error code 2.
2025-09-09 09:55:15,777 [ERROR] LogOutputStream:75 - [STDERR_REDIRECT] 
2025-09-09 09:55:15,777 [ERROR] LogOutputStream:75 - [STDERR_REDIRECT] Sep 09, 2025 9:55:15 AM java.util.prefs.FileSystemPreferences syncWorld
2025-09-09 09:55:15,778 [ERROR] LogOutputStream:75 - [STDERR_REDIRECT] WARNING: Couldn't flush system prefs: java.util.prefs.BackingStoreException: Couldn't get file lock.
2025-09-09 09:55:15,778 [ERROR] LogOutputStream:75 - [STDERR_REDIRECT] 
2025-09-09 09:55:45,777 [ERROR] LogOutputStream:75 - [STDERR_REDIRECT] Sep 09, 2025 9:55:45 AM java.util.prefs.FileSystemPreferences checkLockFile0ErrorCode
2025-09-09 09:55:45,778 [ERROR] LogOutputStream:75 - [STDERR_REDIRECT] WARNING: Could not lock System prefs. Unix error code 2.
2025-09-09 09:55:45,779 [ERROR] LogOutputStream:75 - [STDERR_REDIRECT] 
2025-09-09 09:55:45,780 [ERROR] LogOutputStream:75 - [STDERR_REDIRECT] Sep 09, 2025 9:55:45 AM java.util.prefs.FileSystemPreferences syncWorld
2025-09-09 09:55:45,782 [ERROR] LogOutputStream:75 - [STDERR_REDIRECT] WARNING: Couldn't flush system prefs: java.util.prefs.BackingStoreException: Couldn't get file lock.
2025-09-09 09:55:45,782 [ERROR] LogOutputStream:75 - [STDERR_REDIRECT] 
2025-09-09 09:56:15,780 [ERROR] LogOutputStream:75 - [STDERR_REDIRECT] Sep 09, 2025 9:56:15 AM java.util.prefs.FileSystemPreferences checkLockFile0ErrorCode
2025-09-09 09:56:15,780 [ERROR] LogOutputStream:75 - [STDERR_REDIRECT] WARNING: Could not lock System prefs. Unix error code 2.
2025-09-09 09:56:15,780 [ERROR] LogOutputStream:75 - [STDERR_REDIRECT] 
2025-09-09 09:56:15,781 [ERROR] LogOutputStream:75 - [STDERR_REDIRECT] Sep 09, 2025 9:56:15 AM java.util.prefs.FileSystemPreferences syncWorld
2025-09-09 09:56:15,782 [ERROR] LogOutputStream:75 - [STDERR_REDIRECT] WARNING: Couldn't flush system prefs: java.util.prefs.BackingStoreException: Couldn't get file lock.
2025-09-09 09:56:15,782 [ERROR] LogOutputStream:75 - [STDERR_REDIRECT] 
2025-09-09 09:56:45,777 [ERROR] LogOutputStream:75 - [STDERR_REDIRECT] Sep 09, 2025 9:56:45 AM java.util.prefs.FileSystemPreferences checkLockFile0ErrorCode
2025-09-09 09:56:45,777 [ERROR] LogOutputStream:75 - [STDERR_REDIRECT] WARNING: Could not lock System prefs. Unix error code 2.
2025-09-09 09:56:45,778 [ERROR] LogOutputStream:75 - [STDERR_REDIRECT] 
2025-09-09 09:56:45,778 [ERROR] LogOutputStream:75 - [STDERR_REDIRECT] Sep 09, 2025 9:56:45 AM java.util.prefs.FileSystemPreferences syncWorld
2025-09-09 09:56:45,779 [ERROR] LogOutputStream:75 - [STDERR_REDIRECT] WARNING: Couldn't flush system prefs: java.util.prefs.BackingStoreException: Couldn't get file lock.
2025-09-09 09:56:45,779 [ERROR] LogOutputStream:75 - [STDERR_REDIRECT] 
2025-09-09 09:57:15,778 [ERROR] LogOutputStream:75 - [STDERR_REDIRECT] Sep 09, 2025 9:57:15 AM java.util.prefs.FileSystemPreferences checkLockFile0ErrorCode
2025-09-09 09:57:15,779 [ERROR] LogOutputStream:75 - [STDERR_REDIRECT] WARNING: Could not lock System prefs. Unix error code 2.
2025-09-09 09:57:15,779 [ERROR] LogOutputStream:75 - [STDERR_REDIRECT] 
2025-09-09 09:57:15,780 [ERROR] LogOutputStream:75 - [STDERR_REDIRECT] Sep 09, 2025 9:57:15 AM java.util.prefs.FileSystemPreferences syncWorld
2025-09-09 09:57:15,780 [ERROR] LogOutputStream:75 - [STDERR_REDIRECT] WARNING: Couldn't flush system prefs: java.util.prefs.BackingStoreException: Couldn't get file lock.
2025-09-09 09:57:15,780 [ERROR] LogOutputStream:75 - [STDERR_REDIRECT] 
2025-09-09 09:57:45,778 [ERROR] LogOutputStream:75 - [STDERR_REDIRECT] Sep 09, 2025 9:57:45 AM java.util.prefs.FileSystemPreferences checkLockFile0ErrorCode
2025-09-09 09:57:45,778 [ERROR] LogOutputStream:75 - [STDERR_REDIRECT] WARNING: Could not lock System prefs. Unix error code 2.
2025-09-09 09:57:45,778 [ERROR] LogOutputStream:75 - [STDERR_REDIRECT] 
2025-09-09 09:57:45,779 [ERROR] LogOutputStream:75 - [STDERR_REDIRECT] Sep 09, 2025 9:57:45 AM java.util.prefs.FileSystemPreferences syncWorld
2025-09-09 09:57:45,780 [ERROR] LogOutputStream:75 - [STDERR_REDIRECT] WARNING: Couldn't flush system prefs: java.util.prefs.BackingStoreException: Couldn't get file lock.
2025-09-09 09:57:45,780 [ERROR] LogOutputStream:75 - [STDERR_REDIRECT] 
2025-09-09 09:58:15,780 [ERROR] LogOutputStream:75 - [STDERR_REDIRECT] Sep 09, 2025 9:58:15 AM java.util.prefs.FileSystemPreferences checkLockFile0ErrorCode
2025-09-09 09:58:15,780 [ERROR] LogOutputStream:75 - [STDERR_REDIRECT] WARNING: Could not lock System prefs. Unix error code 2.
2025-09-09 09:58:15,780 [ERROR] LogOutputStream:75 - [STDERR_REDIRECT] 
2025-09-09 09:58:15,781 [ERROR] LogOutputStream:75 - [STDERR_REDIRECT] Sep 09, 2025 9:58:15 AM java.util.prefs.FileSystemPreferences syncWorld
2025-09-09 09:58:15,781 [ERROR] LogOutputStream:75 - [STDERR_REDIRECT] WARNING: Couldn't flush system prefs: java.util.prefs.BackingStoreException: Couldn't get file lock.
2025-09-09 09:58:15,782 [ERROR] LogOutputStream:75 - [STDERR_REDIRECT] 
2025-09-09 09:58:45,777 [ERROR] LogOutputStream:75 - [STDERR_REDIRECT] Sep 09, 2025 9:58:45 AM java.util.prefs.FileSystemPreferences checkLockFile0ErrorCode
2025-09-09 09:58:45,778 [ERROR] LogOutputStream:75 - [STDERR_REDIRECT] WARNING: Could not lock System prefs. Unix error code 2.
2025-09-09 09:58:45,778 [ERROR] LogOutputStream:75 - [STDERR_REDIRECT] 
2025-09-09 09:58:45,779 [ERROR] LogOutputStream:75 - [STDERR_REDIRECT] Sep 09, 2025 9:58:45 AM java.util.prefs.FileSystemPreferences syncWorld
2025-09-09 09:58:45,779 [ERROR] LogOutputStream:75 - [STDERR_REDIRECT] WARNING: Couldn't flush system prefs: java.util.prefs.BackingStoreException: Couldn't get file lock.
2025-09-09 09:58:45,779 [ERROR] LogOutputStream:75 - [STDERR_REDIRECT] 
2025-09-09 09:59:15,778 [ERROR] LogOutputStream:75 - [STDERR_REDIRECT] Sep 09, 2025 9:59:15 AM java.util.prefs.FileSystemPreferences checkLockFile0ErrorCode
2025-09-09 09:59:15,778 [ERROR] LogOutputStream:75 - [STDERR_REDIRECT] WARNING: Could not lock System prefs. Unix error code 2.
2025-09-09 09:59:15,778 [ERROR] LogOutputStream:75 - [STDERR_REDIRECT] 
2025-09-09 09:59:15,779 [ERROR] LogOutputStream:75 - [STDERR_REDIRECT] Sep 09, 2025 9:59:15 AM java.util.prefs.FileSystemPreferences syncWorld
2025-09-09 09:59:15,779 [ERROR] LogOutputStream:75 - [STDERR_REDIRECT] WARNING: Couldn't flush system prefs: java.util.prefs.BackingStoreException: Couldn't get file lock.
2025-09-09 09:59:15,779 [ERROR] LogOutputStream:75 - [STDERR_REDIRECT] 
2025-09-09 09:59:45,778 [ERROR] LogOutputStream:75 - [STDERR_REDIRECT] Sep 09, 2025 9:59:45 AM java.util.prefs.FileSystemPreferences checkLockFile0ErrorCode
2025-09-09 09:59:45,779 [ERROR] LogOutputStream:75 - [STDERR_REDIRECT] WARNING: Could not lock System prefs. Unix error code 2.
2025-09-09 09:59:45,779 [ERROR] LogOutputStream:75 - [STDERR_REDIRECT] 
2025-09-09 09:59:45,779 [ERROR] LogOutputStream:75 - [STDERR_REDIRECT] Sep 09, 2025 9:59:45 AM java.util.prefs.FileSystemPreferences syncWorld
2025-09-09 09:59:45,780 [ERROR] LogOutputStream:75 - [STDERR_REDIRECT] WARNING: Couldn't flush system prefs: java.util.prefs.BackingStoreException: Couldn't get file lock.
2025-09-09 09:59:45,780 [ERROR] LogOutputStream:75 - [STDERR_REDIRECT] 
2025-09-09 10:00:15,782 [ERROR] LogOutputStream:75 - [STDERR_REDIRECT] Sep 09, 2025 10:00:15 AM java.util.prefs.FileSystemPreferences checkLockFile0ErrorCode
2025-09-09 10:00:15,783 [ERROR] LogOutputStream:75 - [STDERR_REDIRECT] WARNING: Could not lock System prefs. Unix error code 2.
2025-09-09 10:00:15,784 [ERROR] LogOutputStream:75 - [STDERR_REDIRECT] 
2025-09-09 10:00:15,785 [ERROR] LogOutputStream:75 - [STDERR_REDIRECT] Sep 09, 2025 10:00:15 AM java.util.prefs.FileSystemPreferences syncWorld
2025-09-09 10:00:15,786 [ERROR] LogOutputStream:75 - [STDERR_REDIRECT] WARNING: Couldn't flush system prefs: java.util.prefs.BackingStoreException: Couldn't get file lock.
2025-09-09 10:00:15,787 [ERROR] LogOutputStream:75 - [STDERR_REDIRECT] 
2025-09-09 10:00:45,782 [ERROR] LogOutputStream:75 - [STDERR_REDIRECT] Sep 09, 2025 10:00:45 AM java.util.prefs.FileSystemPreferences checkLockFile0ErrorCode
2025-09-09 10:00:45,783 [ERROR] LogOutputStream:75 - [STDERR_REDIRECT] WARNING: Could not lock System prefs. Unix error code 2.
2025-09-09 10:00:45,783 [ERROR] LogOutputStream:75 - [STDERR_REDIRECT] 
2025-09-09 10:00:45,784 [ERROR] LogOutputStream:75 - [STDERR_REDIRECT] Sep 09, 2025 10:00:45 AM java.util.prefs.FileSystemPreferences syncWorld
2025-09-09 10:00:45,785 [ERROR] LogOutputStream:75 - [STDERR_REDIRECT] WARNING: Couldn't flush system prefs: java.util.prefs.BackingStoreException: Couldn't get file lock.
2025-09-09 10:00:45,786 [ERROR] LogOutputStream:75 - [STDERR_REDIRECT] 
2025-09-09 10:01:15,779 [ERROR] LogOutputStream:75 - [STDERR_REDIRECT] Sep 09, 2025 10:01:15 AM java.util.prefs.FileSystemPreferences checkLockFile0ErrorCode
2025-09-09 10:01:15,781 [ERROR] LogOutputStream:75 - [STDERR_REDIRECT] WARNING: Could not lock System prefs. Unix error code 2.
2025-09-09 10:01:15,781 [ERROR] LogOutputStream:75 - [STDERR_REDIRECT] 
2025-09-09 10:01:15,783 [ERROR] LogOutputStream:75 - [STDERR_REDIRECT] Sep 09, 2025 10:01:15 AM java.util.prefs.FileSystemPreferences syncWorld
2025-09-09 10:01:15,785 [ERROR] LogOutputStream:75 - [STDERR_REDIRECT] WARNING: Couldn't flush system prefs: java.util.prefs.BackingStoreException: Couldn't get file lock.
2025-09-09 10:01:15,785 [ERROR] LogOutputStream:75 - [STDERR_REDIRECT] 
2025-09-09 10:01:45,779 [ERROR] LogOutputStream:75 - [STDERR_REDIRECT] Sep 09, 2025 10:01:45 AM java.util.prefs.FileSystemPreferences checkLockFile0ErrorCode
2025-09-09 10:01:45,780 [ERROR] LogOutputStream:75 - [STDERR_REDIRECT] WARNING: Could not lock System prefs. Unix error code 2.
2025-09-09 10:01:45,780 [ERROR] LogOutputStream:75 - [STDERR_REDIRECT] 
2025-09-09 10:01:45,781 [ERROR] LogOutputStream:75 - [STDERR_REDIRECT] Sep 09, 2025 10:01:45 AM java.util.prefs.FileSystemPreferences syncWorld
2025-09-09 10:01:45,783 [ERROR] LogOutputStream:75 - [STDERR_REDIRECT] WARNING: Couldn't flush system prefs: java.util.prefs.BackingStoreException: Couldn't get file lock.
2025-09-09 10:01:45,783 [ERROR] LogOutputStream:75 - [STDERR_REDIRECT] 
2025-09-09 10:02:15,778 [ERROR] LogOutputStream:75 - [STDERR_REDIRECT] Sep 09, 2025 10:02:15 AM java.util.prefs.FileSystemPreferences checkLockFile0ErrorCode
2025-09-09 10:02:15,779 [ERROR] LogOutputStream:75 - [STDERR_REDIRECT] WARNING: Could not lock System prefs. Unix error code 2.
2025-09-09 10:02:15,779 [ERROR] LogOutputStream:75 - [STDERR_REDIRECT] 
2025-09-09 10:02:15,780 [ERROR] LogOutputStream:75 - [STDERR_REDIRECT] Sep 09, 2025 10:02:15 AM java.util.prefs.FileSystemPreferences syncWorld
2025-09-09 10:02:15,781 [ERROR] LogOutputStream:75 - [STDERR_REDIRECT] WARNING: Couldn't flush system prefs: java.util.prefs.BackingStoreException: Couldn't get file lock.
2025-09-09 10:02:15,781 [ERROR] LogOutputStream:75 - [STDERR_REDIRECT] 
2025-09-09 10:02:45,783 [ERROR] LogOutputStream:75 - [STDERR_REDIRECT] Sep 09, 2025 10:02:45 AM java.util.prefs.FileSystemPreferences checkLockFile0ErrorCode
2025-09-09 10:02:45,784 [ERROR] LogOutputStream:75 - [STDERR_REDIRECT] WARNING: Could not lock System prefs. Unix error code 2.
2025-09-09 10:02:45,784 [ERROR] LogOutputStream:75 - [STDERR_REDIRECT] 
2025-09-09 10:02:45,785 [ERROR] LogOutputStream:75 - [STDERR_REDIRECT] Sep 09, 2025 10:02:45 AM java.util.prefs.FileSystemPreferences syncWorld
2025-09-09 10:02:45,787 [ERROR] LogOutputStream:75 - [STDERR_REDIRECT] WARNING: Couldn't flush system prefs: java.util.prefs.BackingStoreException: Couldn't get file lock.
2025-09-09 10:02:45,787 [ERROR] LogOutputStream:75 - [STDERR_REDIRECT] 
2025-09-09 10:03:15,779 [ERROR] LogOutputStream:75 - [STDERR_REDIRECT] Sep 09, 2025 10:03:15 AM java.util.prefs.FileSystemPreferences checkLockFile0ErrorCode
2025-09-09 10:03:15,780 [ERROR] LogOutputStream:75 - [STDERR_REDIRECT] WARNING: Could not lock System prefs. Unix error code 2.
2025-09-09 10:03:15,780 [ERROR] LogOutputStream:75 - [STDERR_REDIRECT] 
2025-09-09 10:03:15,782 [ERROR] LogOutputStream:75 - [STDERR_REDIRECT] Sep 09, 2025 10:03:15 AM java.util.prefs.FileSystemPreferences syncWorld
2025-09-09 10:03:15,783 [ERROR] LogOutputStream:75 - [STDERR_REDIRECT] WARNING: Couldn't flush system prefs: java.util.prefs.BackingStoreException: Couldn't get file lock.
2025-09-09 10:03:15,784 [ERROR] LogOutputStream:75 - [STDERR_REDIRECT] 
2025-09-09 10:03:45,781 [ERROR] LogOutputStream:75 - [STDERR_REDIRECT] Sep 09, 2025 10:03:45 AM java.util.prefs.FileSystemPreferences checkLockFile0ErrorCode
2025-09-09 10:03:45,781 [ERROR] LogOutputStream:75 - [STDERR_REDIRECT] WARNING: Could not lock System prefs. Unix error code 2.
2025-09-09 10:03:45,782 [ERROR] LogOutputStream:75 - [STDERR_REDIRECT] 
2025-09-09 10:03:45,783 [ERROR] LogOutputStream:75 - [STDERR_REDIRECT] Sep 09, 2025 10:03:45 AM java.util.prefs.FileSystemPreferences syncWorld
2025-09-09 10:03:45,784 [ERROR] LogOutputStream:75 - [STDERR_REDIRECT] WARNING: Couldn't flush system prefs: java.util.prefs.BackingStoreException: Couldn't get file lock.
2025-09-09 10:03:45,784 [ERROR] LogOutputStream:75 - [STDERR_REDIRECT] 
2025-09-09 10:04:15,780 [ERROR] LogOutputStream:75 - [STDERR_REDIRECT] Sep 09, 2025 10:04:15 AM java.util.prefs.FileSystemPreferences checkLockFile0ErrorCode
2025-09-09 10:04:15,780 [ERROR] LogOutputStream:75 - [STDERR_REDIRECT] WARNING: Could not lock System prefs. Unix error code 2.
2025-09-09 10:04:15,781 [ERROR] LogOutputStream:75 - [STDERR_REDIRECT] 
2025-09-09 10:04:15,781 [ERROR] LogOutputStream:75 - [STDERR_REDIRECT] Sep 09, 2025 10:04:15 AM java.util.prefs.FileSystemPreferences syncWorld
2025-09-09 10:04:15,782 [ERROR] LogOutputStream:75 - [STDERR_REDIRECT] WARNING: Couldn't flush system prefs: java.util.prefs.BackingStoreException: Couldn't get file lock.
2025-09-09 10:04:15,782 [ERROR] LogOutputStream:75 - [STDERR_REDIRECT] 
2025-09-09 10:04:45,779 [ERROR] LogOutputStream:75 - [STDERR_REDIRECT] Sep 09, 2025 10:04:45 AM java.util.prefs.FileSystemPreferences checkLockFile0ErrorCode
2025-09-09 10:04:45,780 [ERROR] LogOutputStream:75 - [STDERR_REDIRECT] WARNING: Could not lock System prefs. Unix error code 2.
2025-09-09 10:04:45,780 [ERROR] LogOutputStream:75 - [STDERR_REDIRECT] 
2025-09-09 10:04:45,781 [ERROR] LogOutputStream:75 - [STDERR_REDIRECT] Sep 09, 2025 10:04:45 AM java.util.prefs.FileSystemPreferences syncWorld
2025-09-09 10:04:45,782 [ERROR] LogOutputStream:75 - [STDERR_REDIRECT] WARNING: Couldn't flush system prefs: java.util.prefs.BackingStoreException: Couldn't get file lock.
2025-09-09 10:04:45,782 [ERROR] LogOutputStream:75 - [STDERR_REDIRECT] 
2025-09-09 10:05:15,780 [ERROR] LogOutputStream:75 - [STDERR_REDIRECT] Sep 09, 2025 10:05:15 AM java.util.prefs.FileSystemPreferences checkLockFile0ErrorCode
2025-09-09 10:05:15,780 [ERROR] LogOutputStream:75 - [STDERR_REDIRECT] WARNING: Could not lock System prefs. Unix error code 2.
2025-09-09 10:05:15,780 [ERROR] LogOutputStream:75 - [STDERR_REDIRECT] 
2025-09-09 10:05:15,781 [ERROR] LogOutputStream:75 - [STDERR_REDIRECT] Sep 09, 2025 10:05:15 AM java.util.prefs.FileSystemPreferences syncWorld
2025-09-09 10:05:15,782 [ERROR] LogOutputStream:75 - [STDERR_REDIRECT] WARNING: Couldn't flush system prefs: java.util.prefs.BackingStoreException: Couldn't get file lock.
2025-09-09 10:05:15,782 [ERROR] LogOutputStream:75 - [STDERR_REDIRECT] 
2025-09-09 10:05:45,780 [ERROR] LogOutputStream:75 - [STDERR_REDIRECT] Sep 09, 2025 10:05:45 AM java.util.prefs.FileSystemPreferences checkLockFile0ErrorCode
2025-09-09 10:05:45,781 [ERROR] LogOutputStream:75 - [STDERR_REDIRECT] WARNING: Could not lock System prefs. Unix error code 2.
2025-09-09 10:05:45,781 [ERROR] LogOutputStream:75 - [STDERR_REDIRECT] 
2025-09-09 10:05:45,782 [ERROR] LogOutputStream:75 - [STDERR_REDIRECT] Sep 09, 2025 10:05:45 AM java.util.prefs.FileSystemPreferences syncWorld
2025-09-09 10:05:45,783 [ERROR] LogOutputStream:75 - [STDERR_REDIRECT] WARNING: Couldn't flush system prefs: java.util.prefs.BackingStoreException: Couldn't get file lock.
2025-09-09 10:05:45,783 [ERROR] LogOutputStream:75 - [STDERR_REDIRECT] 
2025-09-09 10:06:15,782 [ERROR] LogOutputStream:75 - [STDERR_REDIRECT] Sep 09, 2025 10:06:15 AM java.util.prefs.FileSystemPreferences checkLockFile0ErrorCode
2025-09-09 10:06:15,783 [ERROR] LogOutputStream:75 - [STDERR_REDIRECT] WARNING: Could not lock System prefs. Unix error code 2.
2025-09-09 10:06:15,783 [ERROR] LogOutputStream:75 - [STDERR_REDIRECT] 
2025-09-09 10:06:15,784 [ERROR] LogOutputStream:75 - [STDERR_REDIRECT] Sep 09, 2025 10:06:15 AM java.util.prefs.FileSystemPreferences syncWorld
2025-09-09 10:06:15,785 [ERROR] LogOutputStream:75 - [STDERR_REDIRECT] WARNING: Couldn't flush system prefs: java.util.prefs.BackingStoreException: Couldn't get file lock.
2025-09-09 10:06:15,785 [ERROR] LogOutputStream:75 - [STDERR_REDIRECT] 
2025-09-09 10:06:45,779 [ERROR] LogOutputStream:75 - [STDERR_REDIRECT] Sep 09, 2025 10:06:45 AM java.util.prefs.FileSystemPreferences checkLockFile0ErrorCode
2025-09-09 10:06:45,780 [ERROR] LogOutputStream:75 - [STDERR_REDIRECT] WARNING: Could not lock System prefs. Unix error code 2.
2025-09-09 10:06:45,780 [ERROR] LogOutputStream:75 - [STDERR_REDIRECT] 
2025-09-09 10:06:45,781 [ERROR] LogOutputStream:75 - [STDERR_REDIRECT] Sep 09, 2025 10:06:45 AM java.util.prefs.FileSystemPreferences syncWorld
2025-09-09 10:06:45,781 [ERROR] LogOutputStream:75 - [STDERR_REDIRECT] WARNING: Couldn't flush system prefs: java.util.prefs.BackingStoreException: Couldn't get file lock.
2025-09-09 10:06:45,781 [ERROR] LogOutputStream:75 - [STDERR_REDIRECT] 
2025-09-09 10:07:15,780 [ERROR] LogOutputStream:75 - [STDERR_REDIRECT] Sep 09, 2025 10:07:15 AM java.util.prefs.FileSystemPreferences checkLockFile0ErrorCode
2025-09-09 10:07:15,781 [ERROR] LogOutputStream:75 - [STDERR_REDIRECT] WARNING: Could not lock System prefs. Unix error code 2.
2025-09-09 10:07:15,781 [ERROR] LogOutputStream:75 - [STDERR_REDIRECT] 
2025-09-09 10:07:15,783 [ERROR] LogOutputStream:75 - [STDERR_REDIRECT] Sep 09, 2025 10:07:15 AM java.util.prefs.FileSystemPreferences syncWorld
2025-09-09 10:07:15,784 [ERROR] LogOutputStream:75 - [STDERR_REDIRECT] WARNING: Couldn't flush system prefs: java.util.prefs.BackingStoreException: Couldn't get file lock.
2025-09-09 10:07:15,784 [ERROR] LogOutputStream:75 - [STDERR_REDIRECT] 
2025-09-09 10:07:45,779 [ERROR] LogOutputStream:75 - [STDERR_REDIRECT] Sep 09, 2025 10:07:45 AM java.util.prefs.FileSystemPreferences checkLockFile0ErrorCode
2025-09-09 10:07:45,779 [ERROR] LogOutputStream:75 - [STDERR_REDIRECT] WARNING: Could not lock System prefs. Unix error code 2.
2025-09-09 10:07:45,780 [ERROR] LogOutputStream:75 - [STDERR_REDIRECT] 
2025-09-09 10:07:45,780 [ERROR] LogOutputStream:75 - [STDERR_REDIRECT] Sep 09, 2025 10:07:45 AM java.util.prefs.FileSystemPreferences syncWorld
2025-09-09 10:07:45,781 [ERROR] LogOutputStream:75 - [STDERR_REDIRECT] WARNING: Couldn't flush system prefs: java.util.prefs.BackingStoreException: Couldn't get file lock.
2025-09-09 10:07:45,781 [ERROR] LogOutputStream:75 - [STDERR_REDIRECT] 
2025-09-09 10:08:15,779 [ERROR] LogOutputStream:75 - [STDERR_REDIRECT] Sep 09, 2025 10:08:15 AM java.util.prefs.FileSystemPreferences checkLockFile0ErrorCode
2025-09-09 10:08:15,780 [ERROR] LogOutputStream:75 - [STDERR_REDIRECT] WARNING: Could not lock System prefs. Unix error code 2.
2025-09-09 10:08:15,780 [ERROR] LogOutputStream:75 - [STDERR_REDIRECT] 
2025-09-09 10:08:15,781 [ERROR] LogOutputStream:75 - [STDERR_REDIRECT] Sep 09, 2025 10:08:15 AM java.util.prefs.FileSystemPreferences syncWorld
2025-09-09 10:08:15,782 [ERROR] LogOutputStream:75 - [STDERR_REDIRECT] WARNING: Couldn't flush system prefs: java.util.prefs.BackingStoreException: Couldn't get file lock.
2025-09-09 10:08:15,782 [ERROR] LogOutputStream:75 - [STDERR_REDIRECT] 
2025-09-09 10:08:45,780 [ERROR] LogOutputStream:75 - [STDERR_REDIRECT] Sep 09, 2025 10:08:45 AM java.util.prefs.FileSystemPreferences checkLockFile0ErrorCode
2025-09-09 10:08:45,781 [ERROR] LogOutputStream:75 - [STDERR_REDIRECT] WARNING: Could not lock System prefs. Unix error code 2.
2025-09-09 10:08:45,781 [ERROR] LogOutputStream:75 - [STDERR_REDIRECT] 
2025-09-09 10:08:45,782 [ERROR] LogOutputStream:75 - [STDERR_REDIRECT] Sep 09, 2025 10:08:45 AM java.util.prefs.FileSystemPreferences syncWorld
2025-09-09 10:08:45,783 [ERROR] LogOutputStream:75 - [STDERR_REDIRECT] WARNING: Couldn't flush system prefs: java.util.prefs.BackingStoreException: Couldn't get file lock.
2025-09-09 10:08:45,783 [ERROR] LogOutputStream:75 - [STDERR_REDIRECT] 
2025-09-09 10:09:15,780 [ERROR] LogOutputStream:75 - [STDERR_REDIRECT] Sep 09, 2025 10:09:15 AM java.util.prefs.FileSystemPreferences checkLockFile0ErrorCode
2025-09-09 10:09:15,781 [ERROR] LogOutputStream:75 - [STDERR_REDIRECT] WARNING: Could not lock System prefs. Unix error code 2.
2025-09-09 10:09:15,781 [ERROR] LogOutputStream:75 - [STDERR_REDIRECT] 
2025-09-09 10:09:15,782 [ERROR] LogOutputStream:75 - [STDERR_REDIRECT] Sep 09, 2025 10:09:15 AM java.util.prefs.FileSystemPreferences syncWorld
2025-09-09 10:09:15,783 [ERROR] LogOutputStream:75 - [STDERR_REDIRECT] WARNING: Couldn't flush system prefs: java.util.prefs.BackingStoreException: Couldn't get file lock.
2025-09-09 10:09:15,784 [ERROR] LogOutputStream:75 - [STDERR_REDIRECT] 
2025-09-09 10:09:45,779 [ERROR] LogOutputStream:75 - [STDERR_REDIRECT] Sep 09, 2025 10:09:45 AM java.util.prefs.FileSystemPreferences checkLockFile0ErrorCode
2025-09-09 10:09:45,780 [ERROR] LogOutputStream:75 - [STDERR_REDIRECT] WARNING: Could not lock System prefs. Unix error code 2.
2025-09-09 10:09:45,780 [ERROR] LogOutputStream:75 - [STDERR_REDIRECT] 
2025-09-09 10:09:45,781 [ERROR] LogOutputStream:75 - [STDERR_REDIRECT] Sep 09, 2025 10:09:45 AM java.util.prefs.FileSystemPreferences syncWorld
2025-09-09 10:09:45,782 [ERROR] LogOutputStream:75 - [STDERR_REDIRECT] WARNING: Couldn't flush system prefs: java.util.prefs.BackingStoreException: Couldn't get file lock.
2025-09-09 10:09:45,782 [ERROR] LogOutputStream:75 - [STDERR_REDIRECT] 
2025-09-09 10:10:15,783 [ERROR] LogOutputStream:75 - [STDERR_REDIRECT] Sep 09, 2025 10:10:15 AM java.util.prefs.FileSystemPreferences checkLockFile0ErrorCode
2025-09-09 10:10:15,784 [ERROR] LogOutputStream:75 - [STDERR_REDIRECT] WARNING: Could not lock System prefs. Unix error code 2.
2025-09-09 10:10:15,784 [ERROR] LogOutputStream:75 - [STDERR_REDIRECT] 
2025-09-09 10:10:15,785 [ERROR] LogOutputStream:75 - [STDERR_REDIRECT] Sep 09, 2025 10:10:15 AM java.util.prefs.FileSystemPreferences syncWorld
2025-09-09 10:10:15,787 [ERROR] LogOutputStream:75 - [STDERR_REDIRECT] WARNING: Couldn't flush system prefs: java.util.prefs.BackingStoreException: Couldn't get file lock.
2025-09-09 10:10:15,787 [ERROR] LogOutputStream:75 - [STDERR_REDIRECT] 
2025-09-09 10:10:45,779 [ERROR] LogOutputStream:75 - [STDERR_REDIRECT] Sep 09, 2025 10:10:45 AM java.util.prefs.FileSystemPreferences checkLockFile0ErrorCode
2025-09-09 10:10:45,780 [ERROR] LogOutputStream:75 - [STDERR_REDIRECT] WARNING: Could not lock System prefs. Unix error code 2.
2025-09-09 10:10:45,780 [ERROR] LogOutputStream:75 - [STDERR_REDIRECT] 
2025-09-09 10:10:45,780 [ERROR] LogOutputStream:75 - [STDERR_REDIRECT] Sep 09, 2025 10:10:45 AM java.util.prefs.FileSystemPreferences syncWorld
2025-09-09 10:10:45,781 [ERROR] LogOutputStream:75 - [STDERR_REDIRECT] WARNING: Couldn't flush system prefs: java.util.prefs.BackingStoreException: Couldn't get file lock.
2025-09-09 10:10:45,781 [ERROR] LogOutputStream:75 - [STDERR_REDIRECT] 
2025-09-09 10:11:15,779 [ERROR] LogOutputStream:75 - [STDERR_REDIRECT] Sep 09, 2025 10:11:15 AM java.util.prefs.FileSystemPreferences checkLockFile0ErrorCode
2025-09-09 10:11:15,780 [ERROR] LogOutputStream:75 - [STDERR_REDIRECT] WARNING: Could not lock System prefs. Unix error code 2.
2025-09-09 10:11:15,780 [ERROR] LogOutputStream:75 - [STDERR_REDIRECT] 
2025-09-09 10:11:15,780 [ERROR] LogOutputStream:75 - [STDERR_REDIRECT] Sep 09, 2025 10:11:15 AM java.util.prefs.FileSystemPreferences syncWorld
2025-09-09 10:11:15,781 [ERROR] LogOutputStream:75 - [STDERR_REDIRECT] WARNING: Couldn't flush system prefs: java.util.prefs.BackingStoreException: Couldn't get file lock.
2025-09-09 10:11:15,781 [ERROR] LogOutputStream:75 - [STDERR_REDIRECT] 
2025-09-09 10:11:45,780 [ERROR] LogOutputStream:75 - [STDERR_REDIRECT] Sep 09, 2025 10:11:45 AM java.util.prefs.FileSystemPreferences checkLockFile0ErrorCode
2025-09-09 10:11:45,781 [ERROR] LogOutputStream:75 - [STDERR_REDIRECT] WARNING: Could not lock System prefs. Unix error code 2.
2025-09-09 10:11:45,781 [ERROR] LogOutputStream:75 - [STDERR_REDIRECT] 
2025-09-09 10:11:45,782 [ERROR] LogOutputStream:75 - [STDERR_REDIRECT] Sep 09, 2025 10:11:45 AM java.util.prefs.FileSystemPreferences syncWorld
2025-09-09 10:11:45,783 [ERROR] LogOutputStream:75 - [STDERR_REDIRECT] WARNING: Couldn't flush system prefs: java.util.prefs.BackingStoreException: Couldn't get file lock.
2025-09-09 10:11:45,783 [ERROR] LogOutputStream:75 - [STDERR_REDIRECT] 
2025-09-09 10:12:15,779 [ERROR] LogOutputStream:75 - [STDERR_REDIRECT] Sep 09, 2025 10:12:15 AM java.util.prefs.FileSystemPreferences checkLockFile0ErrorCode
2025-09-09 10:12:15,780 [ERROR] LogOutputStream:75 - [STDERR_REDIRECT] WARNING: Could not lock System prefs. Unix error code 2.
2025-09-09 10:12:15,780 [ERROR] LogOutputStream:75 - [STDERR_REDIRECT] 
2025-09-09 10:12:15,781 [ERROR] LogOutputStream:75 - [STDERR_REDIRECT] Sep 09, 2025 10:12:15 AM java.util.prefs.FileSystemPreferences syncWorld
2025-09-09 10:12:15,782 [ERROR] LogOutputStream:75 - [STDERR_REDIRECT] WARNING: Couldn't flush system prefs: java.util.prefs.BackingStoreException: Couldn't get file lock.
2025-09-09 10:12:15,782 [ERROR] LogOutputStream:75 - [STDERR_REDIRECT] 
2025-09-09 10:12:45,779 [ERROR] LogOutputStream:75 - [STDERR_REDIRECT] Sep 09, 2025 10:12:45 AM java.util.prefs.FileSystemPreferences checkLockFile0ErrorCode
2025-09-09 10:12:45,780 [ERROR] LogOutputStream:75 - [STDERR_REDIRECT] WARNING: Could not lock System prefs. Unix error code 2.
2025-09-09 10:12:45,780 [ERROR] LogOutputStream:75 - [STDERR_REDIRECT] 
2025-09-09 10:12:45,781 [ERROR] LogOutputStream:75 - [STDERR_REDIRECT] Sep 09, 2025 10:12:45 AM java.util.prefs.FileSystemPreferences syncWorld
2025-09-09 10:12:45,781 [ERROR] LogOutputStream:75 - [STDERR_REDIRECT] WARNING: Couldn't flush system prefs: java.util.prefs.BackingStoreException: Couldn't get file lock.
2025-09-09 10:12:45,782 [ERROR] LogOutputStream:75 - [STDERR_REDIRECT] 
2025-09-09 10:13:15,779 [ERROR] LogOutputStream:75 - [STDERR_REDIRECT] Sep 09, 2025 10:13:15 AM java.util.prefs.FileSystemPreferences checkLockFile0ErrorCode
2025-09-09 10:13:15,780 [ERROR] LogOutputStream:75 - [STDERR_REDIRECT] WARNING: Could not lock System prefs. Unix error code 2.
2025-09-09 10:13:15,780 [ERROR] LogOutputStream:75 - [STDERR_REDIRECT] 
2025-09-09 10:13:15,782 [ERROR] LogOutputStream:75 - [STDERR_REDIRECT] Sep 09, 2025 10:13:15 AM java.util.prefs.FileSystemPreferences syncWorld
2025-09-09 10:13:15,783 [ERROR] LogOutputStream:75 - [STDERR_REDIRECT] WARNING: Couldn't flush system prefs: java.util.prefs.BackingStoreException: Couldn't get file lock.
2025-09-09 10:13:15,783 [ERROR] LogOutputStream:75 - [STDERR_REDIRECT] 
2025-09-09 10:13:30,722 [ERROR] LogOutputStream:75 - [STDERR_REDIRECT] 
2025-09-09 10:15:35,629 [INFO] Activator:176 - 


2025-09-09 10:15:35,630 [INFO] Activator:177 - !SESSION log4j initialized
2025-09-09 10:15:38,621 [INFO] LogOutputStream:77 - [STDOUT_REDIRECT] 
2025-09-09 10:15:39,314 [INFO] ApplicationProperties:184 - Using Application install path: /opt/st/stm32cubeide_1.19.0/plugins/com.st.stm32cube.common.mx_6.15.0.202507011659
2025-09-09 10:15:39,326 [INFO] DbMcusXml:78 - Set database path to: /opt/st/stm32cubeide_1.19.0/plugins/com.st.stm32cube.common.mx_6.15.0.202507011659//db//mcu/
2025-09-09 10:15:39,327 [INFO] ApiDb:274 - Set plugin database path to: /opt/st/stm32cubeide_1.19.0/plugins/com.st.stm32cube.common.mx_6.15.0.202507011659//db//plugins/boardmanager/
2025-09-09 10:15:39,327 [WARN] ApiDb:259 - Overriding images path with different value:  => /opt/st/stm32cubeide_1.19.0/plugins/com.st.stm32cube.common.mx_6.15.0.202507011659//db//plugins/mcufinder/images/
2025-09-09 10:15:39,330 [INFO] ApiDb:250 - Set database path to: /home/matijak/.stmcufinder/plugins/mcufinder//mcu/
2025-09-09 10:15:39,331 [INFO] DbMcusAds:125 - Set database path to: /home/matijak/.stmcufinder/plugins/mcufinder//mcu/
2025-09-09 10:15:39,332 [INFO] CrossReferenceDbSqlite:203 - Set database path to: /home/matijak/.stmcufinder/plugins/mcufinder//mcu/cs/
2025-09-09 10:15:39,408 [INFO] RulesReader:64 - Compatibility file has been processed (317 Rules)
2025-09-09 10:15:39,454 [INFO] DbMcusXml:78 - Set database path to: /opt/st/stm32cubeide_1.19.0/plugins/com.st.stm32cube.common.mx_6.15.0.202507011659//db//mcu/
2025-09-09 10:15:39,454 [INFO] ApiDb:274 - Set plugin database path to: /opt/st/stm32cubeide_1.19.0/plugins/com.st.stm32cube.common.mx_6.15.0.202507011659//db//plugins/boardmanager/
2025-09-09 10:15:39,455 [INFO] ApiDb:261 - Set plugin images path to: /opt/st/stm32cubeide_1.19.0/plugins/com.st.stm32cube.common.mx_6.15.0.202507011659//db//plugins/mcufinder/images/
2025-09-09 10:15:39,455 [WARN] DbFile:41 - Overriding database path with different value: /home/matijak/.stmcufinder/plugins/mcufinder/ => /home/matijak/.stmcufinder/plugins/mcufinder
2025-09-09 10:15:39,455 [INFO] ApiDb:250 - Set database path to: /home/matijak/.stmcufinder/plugins/mcufinder//mcu/
2025-09-09 10:15:39,455 [WARN] DbFile:41 - Overriding database path with different value: /home/matijak/.stmcufinder/plugins/mcufinder/ => /home/matijak/.stmcufinder/plugins/mcufinder
2025-09-09 10:15:39,455 [INFO] DbMcusAds:125 - Set database path to: /home/matijak/.stmcufinder/plugins/mcufinder//mcu/
2025-09-09 10:15:39,455 [WARN] DbFile:41 - Overriding database path with different value: /home/matijak/.stmcufinder/plugins/mcufinder/ => /home/matijak/.stmcufinder/plugins/mcufinder
2025-09-09 10:15:39,455 [WARN] DbFile:41 - Overriding database path with different value: /home/matijak/.stmcufinder/plugins/mcufinder/ => /home/matijak/.stmcufinder/plugins/mcufinder
2025-09-09 10:15:39,455 [INFO] CrossReferenceDbSqlite:203 - Set database path to: /home/matijak/.stmcufinder/plugins/mcufinder//mcu/cs/
2025-09-09 10:15:39,508 [INFO] MainPanel:274 - HeapMemory: 268435456
2025-09-09 10:15:39,617 [INFO] DbMcusXml:78 - Set database path to: /opt/st/stm32cubeide_1.19.0/plugins/com.st.stm32cube.common.mx_6.15.0.202507011659//db//mcu/
2025-09-09 10:15:39,617 [INFO] ApiDb:274 - Set plugin database path to: /opt/st/stm32cubeide_1.19.0/plugins/com.st.stm32cube.common.mx_6.15.0.202507011659//db//plugins/boardmanager/
2025-09-09 10:15:39,617 [INFO] ApiDb:261 - Set plugin images path to: /opt/st/stm32cubeide_1.19.0/plugins/com.st.stm32cube.common.mx_6.15.0.202507011659//db//plugins/mcufinder/images/
2025-09-09 10:15:39,617 [WARN] DbFile:41 - Overriding database path with different value: /home/matijak/.stmcufinder/plugins/mcufinder/ => /home/matijak/.stmcufinder/plugins/mcufinder
2025-09-09 10:15:39,617 [INFO] ApiDb:250 - Set database path to: /home/matijak/.stmcufinder/plugins/mcufinder//mcu/
2025-09-09 10:15:39,617 [WARN] DbFile:41 - Overriding database path with different value: /home/matijak/.stmcufinder/plugins/mcufinder/ => /home/matijak/.stmcufinder/plugins/mcufinder
2025-09-09 10:15:39,617 [INFO] DbMcusAds:125 - Set database path to: /home/matijak/.stmcufinder/plugins/mcufinder//mcu/
2025-09-09 10:15:39,618 [WARN] DbFile:41 - Overriding database path with different value: /home/matijak/.stmcufinder/plugins/mcufinder/ => /home/matijak/.stmcufinder/plugins/mcufinder
2025-09-09 10:15:39,618 [WARN] DbFile:41 - Overriding database path with different value: /home/matijak/.stmcufinder/plugins/mcufinder/ => /home/matijak/.stmcufinder/plugins/mcufinder
2025-09-09 10:15:39,618 [INFO] CrossReferenceDbSqlite:203 - Set database path to: /home/matijak/.stmcufinder/plugins/mcufinder//mcu/cs/
2025-09-09 10:15:39,629 [INFO] ApplicationProperties:184 - Using Application install path: /opt/st/stm32cubeide_1.19.0/plugins/com.st.stm32cube.common.mx_6.15.0.202507011659
2025-09-09 10:15:39,630 [INFO] PluginManage:196 - Search for loadable plugins [exclusion list=, ]
2025-09-09 10:15:39,631 [INFO] PluginManage:310 - Check plugin analytics
2025-09-09 10:15:39,741 [INFO] AnalyticsPlugin:253 - Accepted Software Licenses: 
2025-09-09 10:15:39,741 [INFO] AnalyticsPlugin:255 - Accepted CMSIS Pack Licenses: 
2025-09-09 10:15:39,742 [INFO] AnalyticsPlugin:257 - Accepted Firmware Licenses: FW.L4.1.18.0,FW.G4.1.6.0
2025-09-09 10:15:39,743 [INFO] PluginManage:359 - Loaded plugin analytics (category:tool,tabindex:-1)
2025-09-09 10:15:39,743 [INFO] PluginManage:310 - Check plugin cadmodel
2025-09-09 10:15:39,747 [INFO] CADModel:105 - Init CAD model plugin
2025-09-09 10:15:39,747 [INFO] PluginManage:359 - Loaded plugin cadmodel (category:power,tabindex:5)
2025-09-09 10:15:39,747 [INFO] PluginManage:310 - Check plugin clock
2025-09-09 10:15:39,753 [INFO] PluginManage:359 - Loaded plugin clock (category:base,tabindex:2)
2025-09-09 10:15:39,753 [INFO] PluginManage:310 - Check plugin ddr
2025-09-09 10:15:39,755 [INFO] PluginManage:359 - Loaded plugin ddr (category:tool,tabindex:6)
2025-09-09 10:15:39,755 [INFO] PluginManage:310 - Check plugin filemanager
2025-09-09 10:15:39,852 [INFO] PluginManage:359 - Loaded plugin filemanager (category:base,tabindex:10)
2025-09-09 10:15:39,852 [INFO] PluginManage:310 - Check plugin ipmanager
2025-09-09 10:15:39,856 [INFO] PluginManage:359 - Loaded plugin ipmanager (category:base,tabindex:5)
2025-09-09 10:15:39,856 [INFO] PluginManage:310 - Check plugin lpbam
2025-09-09 10:15:39,863 [INFO] PluginManage:359 - Loaded plugin lpbam (category:base,tabindex:0)
2025-09-09 10:15:39,863 [INFO] PluginManage:310 - Check plugin memorymap
2025-09-09 10:15:39,873 [INFO] PluginManage:359 - Loaded plugin memorymap (category:base,tabindex:4)
2025-09-09 10:15:39,873 [INFO] PluginManage:310 - Check plugin pinoutandconfiguration
2025-09-09 10:15:39,879 [INFO] PluginManage:359 - Loaded plugin pinoutandconfiguration (category:base,tabindex:1)
2025-09-09 10:15:39,879 [INFO] PluginManage:310 - Check plugin pinoutconfig
2025-09-09 10:15:39,939 [WARN] SupportedApi:132 - Cannot load RTOS API schema: s4s-elt-must-match.1: The content of 'definitions' must match (annotation?, (simpleType | complexType)?, (unique | key | keyref)*)). A problem was found starting at: attribute.
2025-09-09 10:15:40,036 [INFO] PluginManage:359 - Loaded plugin pinoutconfig (category:base,tabindex:0)
2025-09-09 10:15:40,036 [INFO] PluginManage:310 - Check plugin power
2025-09-09 10:15:40,044 [INFO] PluginManage:359 - Loaded plugin power (category:power,tabindex:4)
2025-09-09 10:15:40,044 [INFO] PluginManage:310 - Check plugin projectmanager
2025-09-09 10:15:40,056 [INFO] PluginManage:359 - Loaded plugin projectmanager (category:projectmanager,tabindex:4)
2025-09-09 10:15:40,056 [INFO] PluginManage:310 - Check plugin rif
2025-09-09 10:15:40,063 [INFO] PluginManage:359 - Loaded plugin rif (category:base,tabindex:3)
2025-09-09 10:15:40,063 [INFO] PluginManage:310 - Check plugin thirdparty
2025-09-09 10:15:40,150 [INFO] PluginManage:359 - Loaded plugin thirdparty (category:base,tabindex:-1)
2025-09-09 10:15:40,151 [INFO] PluginManage:310 - Check plugin tools
2025-09-09 10:15:40,150 [WARN] IntegrityCheckThread:84 - waiting for thirdparty lock release [integrity check]
2025-09-09 10:15:40,151 [INFO] IntegrityCheckThread:86 - entering critical section [integrity check]
2025-09-09 10:15:40,151 [INFO] ThirdPartyUpdaterWithRetryManager:70 - Updater plugin not ready yet. [1/15]
2025-09-09 10:15:40,154 [INFO] PluginManage:359 - Loaded plugin tools (category:base,tabindex:7)
2025-09-09 10:15:40,154 [INFO] PluginManage:310 - Check plugin tutovideos
2025-09-09 10:15:40,297 [INFO] PluginManage:359 - Loaded plugin tutovideos (category:base,tabindex:-1)
2025-09-09 10:15:40,297 [INFO] PluginManage:310 - Check plugin updater
2025-09-09 10:15:40,320 [INFO] PluginManage:359 - Loaded plugin updater (category:base,tabindex:12)
2025-09-09 10:15:40,321 [INFO] PluginManage:310 - Check plugin userauth
2025-09-09 10:15:40,324 [INFO] UserAuth:118 - Init User Auth plugin
2025-09-09 10:15:40,325 [INFO] PluginManage:359 - Loaded plugin userauth (category:base,tabindex:14)
2025-09-09 10:15:40,325 [INFO] PluginManage:283 - PluginManage : Loaded plugins [18]
2025-09-09 10:15:40,458 [INFO] PinOutPanel:1589 - setPackage(No Configuration,No Configuration)
2025-09-09 10:15:40,514 [INFO] CADModel:165 - CPN selected for project level
2025-09-09 10:15:40,514 [INFO] CADModel:114 - Register for checkConnection events
2025-09-09 10:15:40,528 [INFO] IPUIPlugin:80 - create IPUIPlugin
2025-09-09 10:15:40,528 [INFO] PluginManager:220 - loadIPPluginJar : add adc
2025-09-09 10:15:40,531 [INFO] IPUIPlugin:80 - create IPUIPlugin
2025-09-09 10:15:40,531 [INFO] PluginManager:220 - loadIPPluginJar : add aes
2025-09-09 10:15:40,532 [INFO] IPUIPlugin:80 - create IPUIPlugin
2025-09-09 10:15:40,533 [INFO] PluginManager:220 - loadIPPluginJar : add can
2025-09-09 10:15:40,533 [INFO] IPUIPlugin:80 - create IPUIPlugin
2025-09-09 10:15:40,534 [INFO] PluginManager:220 - loadIPPluginJar : add comp
2025-09-09 10:15:40,535 [INFO] IPUIPlugin:80 - create IPUIPlugin
2025-09-09 10:15:40,535 [INFO] PluginManager:220 - loadIPPluginJar : add cryp
2025-09-09 10:15:40,538 [INFO] IPUIPlugin:80 - create IPUIPlugin
2025-09-09 10:15:40,538 [INFO] PluginManager:220 - loadIPPluginJar : add ddr_ctrl_phy
2025-09-09 10:15:40,540 [INFO] IPUIPlugin:80 - create IPUIPlugin
2025-09-09 10:15:40,540 [INFO] PluginManager:220 - loadIPPluginJar : add dfsdm
2025-09-09 10:15:40,544 [INFO] IPUIPlugin:80 - create IPUIPlugin
2025-09-09 10:15:40,544 [INFO] PluginManager:220 - loadIPPluginJar : add dma
2025-09-09 10:15:40,546 [INFO] IPUIPlugin:80 - create IPUIPlugin
2025-09-09 10:15:40,546 [INFO] PluginManager:220 - loadIPPluginJar : add dma3
2025-09-09 10:15:40,547 [INFO] IPUIPlugin:80 - create IPUIPlugin
2025-09-09 10:15:40,547 [INFO] PluginManager:220 - loadIPPluginJar : add extmemmanager
2025-09-09 10:15:40,548 [INFO] IPUIPlugin:80 - create IPUIPlugin
2025-09-09 10:15:40,548 [INFO] PluginManager:220 - loadIPPluginJar : add fatfs
2025-09-09 10:15:40,552 [INFO] IPUIPlugin:80 - create IPUIPlugin
2025-09-09 10:15:40,552 [INFO] PluginManager:220 - loadIPPluginJar : add fmc
2025-09-09 10:15:40,557 [INFO] IPUIPlugin:80 - create IPUIPlugin
2025-09-09 10:15:40,558 [INFO] PluginManager:220 - loadIPPluginJar : add freertos
2025-09-09 10:15:40,559 [INFO] IPUIPlugin:80 - create IPUIPlugin
2025-09-09 10:15:40,559 [INFO] PluginManager:220 - loadIPPluginJar : add genericplugin
2025-09-09 10:15:40,561 [INFO] IPUIPlugin:80 - create IPUIPlugin
2025-09-09 10:15:40,561 [INFO] PluginManager:220 - loadIPPluginJar : add gfxmmu
2025-09-09 10:15:40,565 [INFO] IPUIPlugin:80 - create IPUIPlugin
2025-09-09 10:15:40,565 [INFO] PluginManager:220 - loadIPPluginJar : add gic
2025-09-09 10:15:40,569 [INFO] IPUIPlugin:80 - create IPUIPlugin
2025-09-09 10:15:40,569 [INFO] PluginManager:220 - loadIPPluginJar : add gpio
2025-09-09 10:15:40,572 [INFO] IPUIPlugin:80 - create IPUIPlugin
2025-09-09 10:15:40,572 [INFO] PluginManager:220 - loadIPPluginJar : add gtzc
2025-09-09 10:15:40,574 [INFO] IPUIPlugin:80 - create IPUIPlugin
2025-09-09 10:15:40,574 [INFO] PluginManager:220 - loadIPPluginJar : add hash
2025-09-09 10:15:40,577 [INFO] IPUIPlugin:80 - create IPUIPlugin
2025-09-09 10:15:40,577 [INFO] PluginManager:220 - loadIPPluginJar : add i2c
2025-09-09 10:15:40,578 [INFO] IPUIPlugin:80 - create IPUIPlugin
2025-09-09 10:15:40,578 [INFO] PluginManager:220 - loadIPPluginJar : add i2s
2025-09-09 10:15:40,580 [INFO] IPUIPlugin:80 - create IPUIPlugin
2025-09-09 10:15:40,580 [INFO] PluginManager:220 - loadIPPluginJar : add i3c
2025-09-09 10:15:40,584 [INFO] IPUIPlugin:80 - create IPUIPlugin
2025-09-09 10:15:40,584 [INFO] PluginManager:220 - loadIPPluginJar : add ipddr
2025-09-09 10:15:40,591 [INFO] IPUIPlugin:80 - create IPUIPlugin
2025-09-09 10:15:40,592 [INFO] PluginManager:220 - loadIPPluginJar : add linkedlist
2025-09-09 10:15:40,594 [INFO] IPUIPlugin:80 - create IPUIPlugin
2025-09-09 10:15:40,594 [INFO] PluginManager:220 - loadIPPluginJar : add lorawan
2025-09-09 10:15:40,595 [INFO] IPUIPlugin:80 - create IPUIPlugin
2025-09-09 10:15:40,595 [INFO] PluginManager:220 - loadIPPluginJar : add ltdc
2025-09-09 10:15:40,600 [INFO] IPUIPlugin:80 - create IPUIPlugin
2025-09-09 10:15:40,600 [INFO] PluginManager:220 - loadIPPluginJar : add mdma
2025-09-09 10:15:40,605 [INFO] IPUIPlugin:80 - create IPUIPlugin
2025-09-09 10:15:40,605 [INFO] PluginManager:220 - loadIPPluginJar : add nvic
2025-09-09 10:15:40,607 [INFO] IPUIPlugin:80 - create IPUIPlugin
2025-09-09 10:15:40,608 [INFO] PluginManager:220 - loadIPPluginJar : add opamp
2025-09-09 10:15:40,610 [INFO] IPUIPlugin:80 - create IPUIPlugin
2025-09-09 10:15:40,610 [INFO] PluginManager:220 - loadIPPluginJar : add openamp
2025-09-09 10:15:40,612 [INFO] IPUIPlugin:80 - create IPUIPlugin
2025-09-09 10:15:40,612 [INFO] PluginManager:220 - loadIPPluginJar : add pdm2pcm
2025-09-09 10:15:40,618 [INFO] IPUIPlugin:80 - create IPUIPlugin
2025-09-09 10:15:40,620 [INFO] PluginManager:220 - loadIPPluginJar : add plateformsettings
2025-09-09 10:15:40,621 [INFO] IPUIPlugin:80 - create IPUIPlugin
2025-09-09 10:15:40,621 [INFO] PluginManager:220 - loadIPPluginJar : add quadspi
2025-09-09 10:15:40,623 [INFO] IPUIPlugin:80 - create IPUIPlugin
2025-09-09 10:15:40,623 [INFO] PluginManager:220 - loadIPPluginJar : add radio
2025-09-09 10:15:40,627 [INFO] IPUIPlugin:80 - create IPUIPlugin
2025-09-09 10:15:40,627 [INFO] PluginManager:220 - loadIPPluginJar : add resmgrutility
2025-09-09 10:15:40,630 [INFO] IPUIPlugin:80 - create IPUIPlugin
2025-09-09 10:15:40,630 [INFO] PluginManager:220 - loadIPPluginJar : add sai
2025-09-09 10:15:40,631 [INFO] IPUIPlugin:80 - create IPUIPlugin
2025-09-09 10:15:40,631 [INFO] PluginManager:220 - loadIPPluginJar : add spi
2025-09-09 10:15:40,637 [INFO] IPUIPlugin:80 - create IPUIPlugin
2025-09-09 10:15:40,637 [INFO] PluginManager:220 - loadIPPluginJar : add stm32_wpan
2025-09-09 10:15:40,639 [INFO] IPUIPlugin:80 - create IPUIPlugin
2025-09-09 10:15:40,639 [INFO] PluginManager:220 - loadIPPluginJar : add tim
2025-09-09 10:15:40,641 [INFO] IPUIPlugin:80 - create IPUIPlugin
2025-09-09 10:15:40,641 [INFO] PluginManager:220 - loadIPPluginJar : add touchsensing
2025-09-09 10:15:40,643 [INFO] IPUIPlugin:80 - create IPUIPlugin
2025-09-09 10:15:40,643 [INFO] PluginManager:220 - loadIPPluginJar : add tracer_emb
2025-09-09 10:15:40,644 [INFO] IPUIPlugin:80 - create IPUIPlugin
2025-09-09 10:15:40,644 [INFO] PluginManager:220 - loadIPPluginJar : add ts
2025-09-09 10:15:40,645 [INFO] IPUIPlugin:80 - create IPUIPlugin
2025-09-09 10:15:40,645 [INFO] PluginManager:220 - loadIPPluginJar : add tsc
2025-09-09 10:15:40,646 [INFO] IPUIPlugin:80 - create IPUIPlugin
2025-09-09 10:15:40,646 [INFO] PluginManager:220 - loadIPPluginJar : add ucpd
2025-09-09 10:15:40,648 [INFO] IPUIPlugin:80 - create IPUIPlugin
2025-09-09 10:15:40,648 [INFO] PluginManager:220 - loadIPPluginJar : add usart
2025-09-09 10:15:40,649 [INFO] IPUIPlugin:80 - create IPUIPlugin
2025-09-09 10:15:40,650 [INFO] PluginManager:220 - loadIPPluginJar : add usbx
2025-09-09 10:15:40,742 [FATAL] Updater:351 - Updater called before beeing initialized
2025-09-09 10:15:40,762 [INFO] RulesReader:64 - Compatibility file has been processed (317 Rules)
2025-09-09 10:15:40,771 [INFO] RulesReader:64 - Compatibility file has been processed (317 Rules)
2025-09-09 10:15:40,778 [INFO] CADModel:165 - CPN selected for project level
2025-09-09 10:15:40,778 [INFO] CADModel:114 - Register for checkConnection events
2025-09-09 10:15:40,778 [FATAL] Updater:351 - Updater called before beeing initialized
2025-09-09 10:15:40,778 [ERROR] CADModel:125 - Updater not yet initialized, retry later 
2025-09-09 10:15:40,876 [FATAL] Updater:351 - Updater called before beeing initialized
2025-09-09 10:15:40,878 [INFO] CADModel:165 - CPN selected for project level
2025-09-09 10:15:40,878 [INFO] CADModel:114 - Register for checkConnection events
2025-09-09 10:15:40,878 [FATAL] Updater:351 - Updater called before beeing initialized
2025-09-09 10:15:40,878 [ERROR] CADModel:125 - Updater not yet initialized, retry later 
2025-09-09 10:15:40,880 [FATAL] Updater:351 - Updater called before beeing initialized
2025-09-09 10:15:40,944 [FATAL] Updater:351 - Updater called before beeing initialized
2025-09-09 10:15:40,947 [INFO] DbMcusAds:53 - JSON generation date=Tue Jul 08 10:14:23 CEST 2025 (1751962463582)
2025-09-09 10:15:40,948 [FATAL] Updater:351 - Updater called before beeing initialized
2025-09-09 10:15:40,972 [WARN] DetailPanel:346 - Failed to get advertising image, set to default
2025-09-09 10:15:41,019 [FATAL] Updater:351 - Updater called before beeing initialized
2025-09-09 10:15:41,020 [FATAL] Updater:351 - Updater called before beeing initialized
2025-09-09 10:15:41,020 [FATAL] Updater:351 - Updater called before beeing initialized
2025-09-09 10:15:41,020 [WARN] DetailPanel:346 - Failed to get advertising image, set to default
2025-09-09 10:15:41,021 [FATAL] Updater:351 - Updater called before beeing initialized
2025-09-09 10:15:41,043 [ERROR] Updater:1198 - MainUpdater not yet initialized. External WinMGr cannot be set.
2025-09-09 10:15:41,045 [INFO] Updater:1134 - Updater Version found : 6.15.0
2025-09-09 10:15:41,057 [INFO] ApplicationProperties:184 - Using Application install path: /opt/st/stm32cubeide_1.19.0/plugins/com.st.stm32cube.common.mx_6.15.0.202507011659
2025-09-09 10:15:41,066 [ERROR] LogOutputStream:75 - [STDERR_REDIRECT] Sep 09, 2025 10:15:41 AM java.util.prefs.FileSystemPreferences$2 run
2025-09-09 10:15:41,066 [ERROR] LogOutputStream:75 - [STDERR_REDIRECT] WARNING: Could not create system preferences directory. System preferences are unusable.
2025-09-09 10:15:41,067 [ERROR] LogOutputStream:75 - [STDERR_REDIRECT] 
2025-09-09 10:15:41,442 [INFO] MainUpdater:2872 - connection check result : 10
2025-09-09 10:15:41,443 [INFO] MainUpdater:289 - Updater Check For Update Now.
2025-09-09 10:15:41,443 [INFO] MicroXplorer:498 - Change Database Version : DB.6.0.150
2025-09-09 10:15:41,455 [INFO] McuFinderGlobals:63 - Set McuFinder mode to 2 (CubeIDE integrated)
2025-09-09 10:15:41,455 [INFO] UserAuth:487 - Internet connection configuration mode: 1
2025-09-09 10:15:41,473 [INFO] JxBrowserEngine:152 - Initiate JxBrowser Engine with user profile folder
2025-09-09 10:15:41,602 [INFO] CheckServerUpdateThread:120 - End of CheckServer Thread
2025-09-09 10:15:42,112 [INFO] WebApp:169 - Instantiating new browser for Auth
2025-09-09 10:15:42,554 [INFO] WebApp:463 - Apply proxy settings
2025-09-09 10:15:42,554 [INFO] WebApp:548 - Chromium requires no authentication
2025-09-09 10:15:42,560 [INFO] WebApp:491 - Direct internet connection detected
2025-09-09 10:15:42,574 [INFO] WebApp:900 - Register for checkConnection events
2025-09-09 10:15:42,574 [INFO] WebApp:463 - Apply proxy settings
2025-09-09 10:15:42,574 [INFO] WebApp:548 - Chromium requires no authentication
2025-09-09 10:15:42,574 [INFO] WebApp:491 - Direct internet connection detected
2025-09-09 10:15:42,659 [INFO] WebApp:225 - Starting web application
2025-09-09 10:15:42,659 [INFO] WebApp:593 - Web application path used /opt/st/stm32cubeide_1.19.0/plugins/com.st.stm32cube.common.mx_6.15.0.202507011659/db/plugins/mcufinder/reactClient1/index.html
2025-09-09 10:15:42,728 [INFO] UserAuth:487 - Internet connection configuration mode: 1
2025-09-09 10:15:43,130 [INFO] WebApp:191 - Connection restablished
2025-09-09 10:15:43,269 [WARN] PackLoader:240 - Cannot read IP mode file for STMicroelectronics.FP-SNS-MOTENVWB1.1.4.0
2025-09-09 10:15:43,277 [WARN] PackLoader:240 - Cannot read IP mode file for STMicroelectronics.FP-ATR-ASTRA1.2.0.2
2025-09-09 10:15:43,284 [WARN] PackLoader:240 - Cannot read IP mode file for STMicroelectronics.X-CUBE-SMBUS.2.1.0
2025-09-09 10:15:43,287 [WARN] PackLoader:240 - Cannot read IP mode file for STMicroelectronics.X-CUBE-ST60.1.0.0
2025-09-09 10:15:43,312 [WARN] PackLoader:240 - Cannot read IP mode file for STMicroelectronics.X-CUBE-AZRTOS-F7.1.1.0
2025-09-09 10:15:43,323 [WARN] PackLoader:240 - Cannot read IP mode file for WES.I-CUBE-Cesium.1.4.0
2025-09-09 10:15:43,346 [WARN] PackLoader:240 - Cannot read IP mode file for Infineon.AIROC-Wi-Fi-Bluetooth-STM32.1.7.1
2025-09-09 10:15:43,376 [WARN] PackLoader:240 - Cannot read IP mode file for STMicroelectronics.X-CUBE-AZRTOS-H7.3.4.0
2025-09-09 10:15:43,387 [WARN] PackLoader:240 - Cannot read IP mode file for STMicroelectronics.X-CUBE-DISPLAY.3.0.0
2025-09-09 10:15:43,400 [WARN] PackLoader:240 - Cannot read IP mode file for STMicroelectronics.X-CUBE-NFC10.1.0.0
2025-09-09 10:15:43,406 [WARN] PackLoader:240 - Cannot read IP mode file for emotas.I-CUBE-CANOPEN.1.3.0
2025-09-09 10:15:43,414 [WARN] PackLoader:240 - Cannot read IP mode file for STMicroelectronics.FP-SNS-STBOX1.2.1.0
2025-09-09 10:15:43,433 [WARN] PackLoader:240 - Cannot read IP mode file for STMicroelectronics.FP-SNS-SMARTAG2.1.2.0
2025-09-09 10:15:43,438 [WARN] PackLoader:240 - Cannot read IP mode file for STMicroelectronics.FP-SNS-FLIGHT1.5.1.0
2025-09-09 10:15:43,450 [INFO] LogOutputStream:77 - [STDOUT_REDIRECT] 1 : Invalid condition id : UX_CORESTACK_Condition cause : null
2025-09-09 10:15:43,451 [INFO] LogOutputStream:77 - [STDOUT_REDIRECT] 1 : Invalid condition id : UX_CORESTACK_Condition cause : null
2025-09-09 10:15:43,453 [INFO] LogOutputStream:77 - [STDOUT_REDIRECT] 1 : Invalid condition id : UX_CORESTACK_Condition cause : null
2025-09-09 10:15:43,454 [INFO] LogOutputStream:77 - [STDOUT_REDIRECT] 1 : Invalid condition id : UX_CORESTACK_Condition cause : null
2025-09-09 10:15:43,455 [INFO] LogOutputStream:77 - [STDOUT_REDIRECT] 1 : Invalid condition id : UX_CORESTACK_Condition cause : null
2025-09-09 10:15:43,459 [WARN] PackLoader:240 - Cannot read IP mode file for STMicroelectronics.X-CUBE-AZRTOS-WL.2.0.0
2025-09-09 10:15:43,466 [WARN] PackLoader:240 - Cannot read IP mode file for STMicroelectronics.FP-SNS-MOTENV1.5.0.0
2025-09-09 10:15:43,475 [WARN] PackLoader:240 - Cannot read IP mode file for STMicroelectronics.X-CUBE-BLE2.3.3.0
2025-09-09 10:15:43,483 [WARN] PackLoader:240 - Cannot read IP mode file for STMicroelectronics.X-CUBE-NFC9.1.0.0
2025-09-09 10:15:43,509 [WARN] PackLoader:240 - Cannot read IP mode file for wolfSSL.I-CUBE-wolfSSL.5.8.2
2025-09-09 10:15:43,517 [WARN] PackLoader:240 - Cannot read IP mode file for STMicroelectronics.X-CUBE-BLE1.7.1.0
2025-09-09 10:15:43,522 [WARN] PackLoader:240 - Cannot read IP mode file for wolfSSL.I-CUBE-wolfMQTT.1.19.2
2025-09-09 10:15:43,529 [WARN] PackLoader:240 - Cannot read IP mode file for STMicroelectronics.X-CUBE-EEPRMA1.5.2.0
2025-09-09 10:15:43,550 [WARN] PackLoader:240 - Cannot read IP mode file for STMicroelectronics.X-CUBE-AZRTOS-G0.1.1.0
2025-09-09 10:15:43,558 [WARN] PackLoader:240 - Cannot read IP mode file for STMicroelectronics.X-CUBE-SAFEA1.1.2.2
2025-09-09 10:15:43,564 [WARN] PackLoader:240 - Cannot read IP mode file for STMicroelectronics.X-CUBE-NFC4.3.0.0
2025-09-09 10:15:43,573 [WARN] PackLoader:240 - Cannot read IP mode file for EmbeddedOffice.I-CUBE-FS-RTOS.1.0.1
2025-09-09 10:15:43,578 [WARN] PackLoader:240 - Cannot read IP mode file for STMicroelectronics.X-CUBE-WB05N.2.0.0
2025-09-09 10:15:43,581 [WARN] PackLoader:240 - Cannot read IP mode file for wolfSSL.I-CUBE-wolfTPM.3.8.0
2025-09-09 10:15:43,586 [WARN] PackLoader:240 - Cannot read IP mode file for STMicroelectronics.X-CUBE-TCPP.4.2.0
2025-09-09 10:15:43,592 [WARN] PackLoader:240 - Cannot read IP mode file for RealThread.X-CUBE-RT-Thread_Nano.4.1.1
2025-09-09 10:15:43,595 [WARN] PackLoader:240 - Cannot read IP mode file for STMicroelectronics.FP-ATR-SIGFOX1.3.2.0
2025-09-09 10:15:43,600 [WARN] PackLoader:240 - Cannot read IP mode file for ITTIA_DB.I-CUBE-ITTIADB.8.9.0
2025-09-09 10:15:43,604 [WARN] PackLoader:240 - Cannot read IP mode file for STMicroelectronics.X-CUBE-ST67W61.1.0.0
2025-09-09 10:15:43,607 [WARN] PackLoader:240 - Cannot read IP mode file for STMicroelectronics.X-CUBE-AI.10.2.0
2025-09-09 10:15:43,627 [WARN] PackLoader:240 - Cannot read IP mode file for SEGGER.I-CUBE-embOS.1.3.1
2025-09-09 10:15:43,660 [WARN] PackLoader:240 - Cannot read IP mode file for STMicroelectronics.X-CUBE-ALGOBUILD.1.4.0
2025-09-09 10:15:43,703 [WARN] PackLoader:240 - Cannot read IP mode file for STMicroelectronics.X-CUBE-MEMS1.11.3.0
2025-09-09 10:15:43,829 [WARN] PackLoader:240 - Cannot read IP mode file for STMicroelectronics.X-CUBE-PM33A1.1.0.0
2025-09-09 10:15:43,845 [WARN] PackLoader:240 - Cannot read IP mode file for STMicroelectronics.X-CUBE-AZRTOS-F4.1.1.0
2025-09-09 10:15:43,851 [WARN] PackLoader:240 - Cannot read IP mode file for Avnet-IotConnect.X-CUBE-IoTC-DA16k-PMOD.1.0.0
2025-09-09 10:15:43,861 [WARN] PackLoader:240 - Cannot read IP mode file for STMicroelectronics.X-CUBE-ISPU.2.1.0
2025-09-09 10:15:43,867 [WARN] PackLoader:240 - Cannot read IP mode file for STMicroelectronics.X-CUBE-NFC12.1.0.0
2025-09-09 10:15:43,881 [WARN] PackLoader:240 - Cannot read IP mode file for STMicroelectronics.X-CUBE-AZRTOS-L5.2.0.0
2025-09-09 10:15:43,892 [WARN] PackLoader:240 - Cannot read IP mode file for STMicroelectronics.X-CUBE-NFC6.3.1.0
2025-09-09 10:15:43,898 [WARN] PackLoader:240 - Cannot read IP mode file for STMicroelectronics.X-CUBE-FREERTOS.1.3.1
2025-09-09 10:15:43,903 [WARN] PackLoader:240 - Cannot read IP mode file for STMicroelectronics.FP-SNS-STAIOTCFT.1.0.0
2025-09-09 10:15:43,910 [WARN] PackLoader:240 - Cannot read IP mode file for STMicroelectronics.X-CUBE-DPower.1.3.0
2025-09-09 10:15:43,927 [WARN] ConditionMgr:438 - getConditionDescription Invalid condition id : LAN8742 Phy interface Condition cause : null
2025-09-09 10:15:43,928 [WARN] PackLoader:240 - Cannot read IP mode file for STMicroelectronics.X-CUBE-AZRTOS-L4.2.0.0
2025-09-09 10:15:43,929 [WARN] ConditionMgr:1044 - genDependencies : Invalid condition id : LAN8742 Phy interface Condition cause : null
2025-09-09 10:15:43,929 [WARN] ConditionMgr:1044 - genDependencies : Invalid condition id : LAN8742 Phy interface Condition cause : null
2025-09-09 10:15:43,930 [WARN] ConditionMgr:1044 - genDependencies : Invalid condition id : LAN8742 Phy interface Condition cause : null
2025-09-09 10:15:43,938 [WARN] PackLoader:240 - Cannot read IP mode file for STMicroelectronics.X-CUBE-SFXS2LP1.4.0.0
2025-09-09 10:15:43,950 [WARN] PackLoader:240 - Cannot read IP mode file for STMicroelectronics.X-CUBE-BLEMGR.4.1.0
2025-09-09 10:15:43,967 [WARN] ConditionMgr:438 - getConditionDescription Invalid condition id : UX DEVICE CLASS RTOS Condition cause : null
2025-09-09 10:15:43,967 [WARN] ConditionMgr:438 - getConditionDescription Invalid condition id : UX DEVICE CLASS RTOS Condition cause : null
2025-09-09 10:15:43,970 [WARN] PackLoader:240 - Cannot read IP mode file for STMicroelectronics.X-CUBE-AZRTOS-WB.2.0.0
2025-09-09 10:15:43,971 [WARN] ConditionMgr:1044 - genDependencies : Invalid condition id : UX DEVICE CLASS RTOS Condition cause : null
2025-09-09 10:15:43,971 [WARN] ConditionMgr:1044 - genDependencies : Invalid condition id : UX DEVICE CLASS RTOS Condition cause : null
2025-09-09 10:15:43,971 [WARN] ConditionMgr:1044 - genDependencies : Invalid condition id : UX DEVICE CLASS RTOS Condition cause : null
2025-09-09 10:15:43,972 [WARN] ConditionMgr:1044 - genDependencies : Invalid condition id : UX DEVICE CLASS RTOS Condition cause : null
2025-09-09 10:15:43,972 [WARN] ConditionMgr:1044 - genDependencies : Invalid condition id : UX DEVICE CLASS RTOS Condition cause : null
2025-09-09 10:15:43,978 [WARN] PackLoader:240 - Cannot read IP mode file for STMicroelectronics.X-CUBE-GNSS1.7.0.1
2025-09-09 10:15:43,983 [WARN] PackLoader:240 - Cannot read IP mode file for STMicroelectronics.X-CUBE-TOUCHGFX.4.25.0
2025-09-09 10:15:43,986 [WARN] ConditionMgr:438 - getConditionDescription Invalid condition id : Cortex-A Device cause : null
2025-09-09 10:15:44,002 [WARN] ConditionMgr:1044 - genDependencies : Invalid condition id : Cortex-A Device cause : null
2025-09-09 10:15:44,002 [WARN] ConditionMgr:1044 - genDependencies : Invalid condition id : Cortex-A Device cause : null
2025-09-09 10:15:44,002 [WARN] ConditionMgr:1044 - genDependencies : Invalid condition id : Cortex-A Device cause : null
2025-09-09 10:15:44,014 [WARN] PackLoader:240 - Cannot read IP mode file for STMicroelectronics.X-CUBE-SUBG2.5.0.0
2025-09-09 10:15:44,037 [WARN] PackLoader:240 - Cannot read IP mode file for STMicroelectronics.X-CUBE-AZRTOS-H7RS.1.1.0
2025-09-09 10:15:44,044 [WARN] PackLoader:240 - Cannot read IP mode file for Cesanta.I-CUBE-Mongoose.7.13.0
2025-09-09 10:15:44,052 [WARN] PackLoader:240 - Cannot read IP mode file for STMicroelectronics.X-CUBE-AZRTOS-G4.2.0.0
2025-09-09 10:15:44,056 [WARN] PackLoader:240 - Cannot read IP mode file for wolfSSL.I-CUBE-wolfSSH.1.4.20
2025-09-09 10:15:44,061 [WARN] PackLoader:240 - Cannot read IP mode file for STMicroelectronics.X-CUBE-NFC7.2.0.0
2025-09-09 10:15:44,072 [WARN] PackLoader:240 - Cannot read IP mode file for STMicroelectronics.X-CUBE-IPS.3.1.0
2025-09-09 10:15:44,084 [WARN] PackLoader:240 - Cannot read IP mode file for STMicroelectronics.X-CUBE-ALS.1.0.2
2025-09-09 10:15:44,088 [WARN] PackLoader:240 - Cannot read IP mode file for STMicroelectronics.X-CUBE-STSE01.1.0.0
2025-09-09 10:15:44,097 [WARN] PackLoader:240 - Cannot read IP mode file for STMicroelectronics.X-CUBE-TOF1.3.4.3
2025-09-09 10:15:44,105 [INFO] ThirdParty:978 - Integrity check success = true
2025-09-09 10:15:44,105 [INFO] IntegrityCheckThread:100 - exiting critical section [integrity check]
2025-09-09 10:15:44,106 [INFO] IntegrityCheckThread:103 - End integrity checks thread
2025-09-09 10:16:10,318 [ERROR] LogOutputStream:75 - [STDERR_REDIRECT] Sep 09, 2025 10:16:10 AM java.util.prefs.FileSystemPreferences checkLockFile0ErrorCode
2025-09-09 10:16:10,319 [ERROR] LogOutputStream:75 - [STDERR_REDIRECT] WARNING: Could not lock System prefs. Unix error code 2.
2025-09-09 10:16:10,319 [ERROR] LogOutputStream:75 - [STDERR_REDIRECT] 
2025-09-09 10:16:10,320 [ERROR] LogOutputStream:75 - [STDERR_REDIRECT] Sep 09, 2025 10:16:10 AM java.util.prefs.FileSystemPreferences syncWorld
2025-09-09 10:16:10,321 [ERROR] LogOutputStream:75 - [STDERR_REDIRECT] WARNING: Couldn't flush system prefs: java.util.prefs.BackingStoreException: Couldn't get file lock.
2025-09-09 10:16:10,321 [ERROR] LogOutputStream:75 - [STDERR_REDIRECT] 
2025-09-09 10:16:40,303 [ERROR] LogOutputStream:75 - [STDERR_REDIRECT] Sep 09, 2025 10:16:40 AM java.util.prefs.FileSystemPreferences checkLockFile0ErrorCode
2025-09-09 10:16:40,305 [ERROR] LogOutputStream:75 - [STDERR_REDIRECT] WARNING: Could not lock System prefs. Unix error code 2.
2025-09-09 10:16:40,306 [ERROR] LogOutputStream:75 - [STDERR_REDIRECT] 
2025-09-09 10:16:40,308 [ERROR] LogOutputStream:75 - [STDERR_REDIRECT] Sep 09, 2025 10:16:40 AM java.util.prefs.FileSystemPreferences syncWorld
2025-09-09 10:16:40,309 [ERROR] LogOutputStream:75 - [STDERR_REDIRECT] WARNING: Couldn't flush system prefs: java.util.prefs.BackingStoreException: Couldn't get file lock.
2025-09-09 10:16:40,310 [ERROR] LogOutputStream:75 - [STDERR_REDIRECT] 
2025-09-09 10:17:10,301 [ERROR] LogOutputStream:75 - [STDERR_REDIRECT] Sep 09, 2025 10:17:10 AM java.util.prefs.FileSystemPreferences checkLockFile0ErrorCode
2025-09-09 10:17:10,302 [ERROR] LogOutputStream:75 - [STDERR_REDIRECT] WARNING: Could not lock System prefs. Unix error code 2.
2025-09-09 10:17:10,302 [ERROR] LogOutputStream:75 - [STDERR_REDIRECT] 
2025-09-09 10:17:10,304 [ERROR] LogOutputStream:75 - [STDERR_REDIRECT] Sep 09, 2025 10:17:10 AM java.util.prefs.FileSystemPreferences syncWorld
2025-09-09 10:17:10,305 [ERROR] LogOutputStream:75 - [STDERR_REDIRECT] WARNING: Couldn't flush system prefs: java.util.prefs.BackingStoreException: Couldn't get file lock.
2025-09-09 10:17:10,305 [ERROR] LogOutputStream:75 - [STDERR_REDIRECT] 
2025-09-09 10:17:40,303 [ERROR] LogOutputStream:75 - [STDERR_REDIRECT] Sep 09, 2025 10:17:40 AM java.util.prefs.FileSystemPreferences checkLockFile0ErrorCode
2025-09-09 10:17:40,304 [ERROR] LogOutputStream:75 - [STDERR_REDIRECT] WARNING: Could not lock System prefs. Unix error code 2.
2025-09-09 10:17:40,304 [ERROR] LogOutputStream:75 - [STDERR_REDIRECT] 
2025-09-09 10:17:40,305 [ERROR] LogOutputStream:75 - [STDERR_REDIRECT] Sep 09, 2025 10:17:40 AM java.util.prefs.FileSystemPreferences syncWorld
2025-09-09 10:17:40,305 [ERROR] LogOutputStream:75 - [STDERR_REDIRECT] WARNING: Couldn't flush system prefs: java.util.prefs.BackingStoreException: Couldn't get file lock.
2025-09-09 10:17:40,305 [ERROR] LogOutputStream:75 - [STDERR_REDIRECT] 
2025-09-09 10:18:10,306 [ERROR] LogOutputStream:75 - [STDERR_REDIRECT] Sep 09, 2025 10:18:10 AM java.util.prefs.FileSystemPreferences checkLockFile0ErrorCode
2025-09-09 10:18:10,307 [ERROR] LogOutputStream:75 - [STDERR_REDIRECT] WARNING: Could not lock System prefs. Unix error code 2.
2025-09-09 10:18:10,307 [ERROR] LogOutputStream:75 - [STDERR_REDIRECT] 
2025-09-09 10:18:10,309 [ERROR] LogOutputStream:75 - [STDERR_REDIRECT] Sep 09, 2025 10:18:10 AM java.util.prefs.FileSystemPreferences syncWorld
2025-09-09 10:18:10,310 [ERROR] LogOutputStream:75 - [STDERR_REDIRECT] WARNING: Couldn't flush system prefs: java.util.prefs.BackingStoreException: Couldn't get file lock.
2025-09-09 10:18:10,310 [ERROR] LogOutputStream:75 - [STDERR_REDIRECT] 
2025-09-09 10:18:40,302 [ERROR] LogOutputStream:75 - [STDERR_REDIRECT] Sep 09, 2025 10:18:40 AM java.util.prefs.FileSystemPreferences checkLockFile0ErrorCode
2025-09-09 10:18:40,302 [ERROR] LogOutputStream:75 - [STDERR_REDIRECT] WARNING: Could not lock System prefs. Unix error code 2.
2025-09-09 10:18:40,303 [ERROR] LogOutputStream:75 - [STDERR_REDIRECT] 
2025-09-09 10:18:40,304 [ERROR] LogOutputStream:75 - [STDERR_REDIRECT] Sep 09, 2025 10:18:40 AM java.util.prefs.FileSystemPreferences syncWorld
2025-09-09 10:18:40,305 [ERROR] LogOutputStream:75 - [STDERR_REDIRECT] WARNING: Couldn't flush system prefs: java.util.prefs.BackingStoreException: Couldn't get file lock.
2025-09-09 10:18:40,305 [ERROR] LogOutputStream:75 - [STDERR_REDIRECT] 
2025-09-09 10:19:10,302 [ERROR] LogOutputStream:75 - [STDERR_REDIRECT] Sep 09, 2025 10:19:10 AM java.util.prefs.FileSystemPreferences checkLockFile0ErrorCode
2025-09-09 10:19:10,302 [ERROR] LogOutputStream:75 - [STDERR_REDIRECT] WARNING: Could not lock System prefs. Unix error code 2.
2025-09-09 10:19:10,303 [ERROR] LogOutputStream:75 - [STDERR_REDIRECT] 
2025-09-09 10:19:10,303 [ERROR] LogOutputStream:75 - [STDERR_REDIRECT] Sep 09, 2025 10:19:10 AM java.util.prefs.FileSystemPreferences syncWorld
2025-09-09 10:19:10,304 [ERROR] LogOutputStream:75 - [STDERR_REDIRECT] WARNING: Couldn't flush system prefs: java.util.prefs.BackingStoreException: Couldn't get file lock.
2025-09-09 10:19:10,305 [ERROR] LogOutputStream:75 - [STDERR_REDIRECT] 
2025-09-09 10:19:40,302 [ERROR] LogOutputStream:75 - [STDERR_REDIRECT] Sep 09, 2025 10:19:40 AM java.util.prefs.FileSystemPreferences checkLockFile0ErrorCode
2025-09-09 10:19:40,303 [ERROR] LogOutputStream:75 - [STDERR_REDIRECT] WARNING: Could not lock System prefs. Unix error code 2.
2025-09-09 10:19:40,303 [ERROR] LogOutputStream:75 - [STDERR_REDIRECT] 
2025-09-09 10:19:40,304 [ERROR] LogOutputStream:75 - [STDERR_REDIRECT] Sep 09, 2025 10:19:40 AM java.util.prefs.FileSystemPreferences syncWorld
2025-09-09 10:19:40,305 [ERROR] LogOutputStream:75 - [STDERR_REDIRECT] WARNING: Couldn't flush system prefs: java.util.prefs.BackingStoreException: Couldn't get file lock.
2025-09-09 10:19:40,305 [ERROR] LogOutputStream:75 - [STDERR_REDIRECT] 
2025-09-09 10:20:10,302 [ERROR] LogOutputStream:75 - [STDERR_REDIRECT] Sep 09, 2025 10:20:10 AM java.util.prefs.FileSystemPreferences checkLockFile0ErrorCode
2025-09-09 10:20:10,303 [ERROR] LogOutputStream:75 - [STDERR_REDIRECT] WARNING: Could not lock System prefs. Unix error code 2.
2025-09-09 10:20:10,303 [ERROR] LogOutputStream:75 - [STDERR_REDIRECT] 
2025-09-09 10:20:10,304 [ERROR] LogOutputStream:75 - [STDERR_REDIRECT] Sep 09, 2025 10:20:10 AM java.util.prefs.FileSystemPreferences syncWorld
2025-09-09 10:20:10,305 [ERROR] LogOutputStream:75 - [STDERR_REDIRECT] WARNING: Couldn't flush system prefs: java.util.prefs.BackingStoreException: Couldn't get file lock.
2025-09-09 10:20:10,305 [ERROR] LogOutputStream:75 - [STDERR_REDIRECT] 
2025-09-09 10:20:40,302 [ERROR] LogOutputStream:75 - [STDERR_REDIRECT] Sep 09, 2025 10:20:40 AM java.util.prefs.FileSystemPreferences checkLockFile0ErrorCode
2025-09-09 10:20:40,302 [ERROR] LogOutputStream:75 - [STDERR_REDIRECT] WARNING: Could not lock System prefs. Unix error code 2.
2025-09-09 10:20:40,303 [ERROR] LogOutputStream:75 - [STDERR_REDIRECT] 
2025-09-09 10:20:40,303 [ERROR] LogOutputStream:75 - [STDERR_REDIRECT] Sep 09, 2025 10:20:40 AM java.util.prefs.FileSystemPreferences syncWorld
2025-09-09 10:20:40,304 [ERROR] LogOutputStream:75 - [STDERR_REDIRECT] WARNING: Couldn't flush system prefs: java.util.prefs.BackingStoreException: Couldn't get file lock.
2025-09-09 10:20:40,305 [ERROR] LogOutputStream:75 - [STDERR_REDIRECT] 
2025-09-09 10:21:10,301 [ERROR] LogOutputStream:75 - [STDERR_REDIRECT] Sep 09, 2025 10:21:10 AM java.util.prefs.FileSystemPreferences checkLockFile0ErrorCode
2025-09-09 10:21:10,302 [ERROR] LogOutputStream:75 - [STDERR_REDIRECT] WARNING: Could not lock System prefs. Unix error code 2.
2025-09-09 10:21:10,302 [ERROR] LogOutputStream:75 - [STDERR_REDIRECT] 
2025-09-09 10:21:10,303 [ERROR] LogOutputStream:75 - [STDERR_REDIRECT] Sep 09, 2025 10:21:10 AM java.util.prefs.FileSystemPreferences syncWorld
2025-09-09 10:21:10,305 [ERROR] LogOutputStream:75 - [STDERR_REDIRECT] WARNING: Couldn't flush system prefs: java.util.prefs.BackingStoreException: Couldn't get file lock.
2025-09-09 10:21:10,305 [ERROR] LogOutputStream:75 - [STDERR_REDIRECT] 
2025-09-09 10:21:40,301 [ERROR] LogOutputStream:75 - [STDERR_REDIRECT] Sep 09, 2025 10:21:40 AM java.util.prefs.FileSystemPreferences checkLockFile0ErrorCode
2025-09-09 10:21:40,302 [ERROR] LogOutputStream:75 - [STDERR_REDIRECT] WARNING: Could not lock System prefs. Unix error code 2.
2025-09-09 10:21:40,302 [ERROR] LogOutputStream:75 - [STDERR_REDIRECT] 
2025-09-09 10:21:40,303 [ERROR] LogOutputStream:75 - [STDERR_REDIRECT] Sep 09, 2025 10:21:40 AM java.util.prefs.FileSystemPreferences syncWorld
2025-09-09 10:21:40,304 [ERROR] LogOutputStream:75 - [STDERR_REDIRECT] WARNING: Couldn't flush system prefs: java.util.prefs.BackingStoreException: Couldn't get file lock.
2025-09-09 10:21:40,305 [ERROR] LogOutputStream:75 - [STDERR_REDIRECT] 
2025-09-09 10:22:10,301 [ERROR] LogOutputStream:75 - [STDERR_REDIRECT] Sep 09, 2025 10:22:10 AM java.util.prefs.FileSystemPreferences checkLockFile0ErrorCode
2025-09-09 10:22:10,302 [ERROR] LogOutputStream:75 - [STDERR_REDIRECT] WARNING: Could not lock System prefs. Unix error code 2.
2025-09-09 10:22:10,303 [ERROR] LogOutputStream:75 - [STDERR_REDIRECT] 
2025-09-09 10:22:10,305 [ERROR] LogOutputStream:75 - [STDERR_REDIRECT] Sep 09, 2025 10:22:10 AM java.util.prefs.FileSystemPreferences syncWorld
2025-09-09 10:22:10,307 [ERROR] LogOutputStream:75 - [STDERR_REDIRECT] WARNING: Couldn't flush system prefs: java.util.prefs.BackingStoreException: Couldn't get file lock.
2025-09-09 10:22:10,307 [ERROR] LogOutputStream:75 - [STDERR_REDIRECT] 
2025-09-09 10:22:40,302 [ERROR] LogOutputStream:75 - [STDERR_REDIRECT] Sep 09, 2025 10:22:40 AM java.util.prefs.FileSystemPreferences checkLockFile0ErrorCode
2025-09-09 10:22:40,303 [ERROR] LogOutputStream:75 - [STDERR_REDIRECT] WARNING: Could not lock System prefs. Unix error code 2.
2025-09-09 10:22:40,303 [ERROR] LogOutputStream:75 - [STDERR_REDIRECT] 
2025-09-09 10:22:40,304 [ERROR] LogOutputStream:75 - [STDERR_REDIRECT] Sep 09, 2025 10:22:40 AM java.util.prefs.FileSystemPreferences syncWorld
2025-09-09 10:22:40,305 [ERROR] LogOutputStream:75 - [STDERR_REDIRECT] WARNING: Couldn't flush system prefs: java.util.prefs.BackingStoreException: Couldn't get file lock.
2025-09-09 10:22:40,305 [ERROR] LogOutputStream:75 - [STDERR_REDIRECT] 
2025-09-09 10:23:10,301 [ERROR] LogOutputStream:75 - [STDERR_REDIRECT] Sep 09, 2025 10:23:10 AM java.util.prefs.FileSystemPreferences checkLockFile0ErrorCode
2025-09-09 10:23:10,302 [ERROR] LogOutputStream:75 - [STDERR_REDIRECT] WARNING: Could not lock System prefs. Unix error code 2.
2025-09-09 10:23:10,302 [ERROR] LogOutputStream:75 - [STDERR_REDIRECT] 
2025-09-09 10:23:10,303 [ERROR] LogOutputStream:75 - [STDERR_REDIRECT] Sep 09, 2025 10:23:10 AM java.util.prefs.FileSystemPreferences syncWorld
2025-09-09 10:23:10,304 [ERROR] LogOutputStream:75 - [STDERR_REDIRECT] WARNING: Couldn't flush system prefs: java.util.prefs.BackingStoreException: Couldn't get file lock.
2025-09-09 10:23:10,304 [ERROR] LogOutputStream:75 - [STDERR_REDIRECT] 
2025-09-09 10:23:40,302 [ERROR] LogOutputStream:75 - [STDERR_REDIRECT] Sep 09, 2025 10:23:40 AM java.util.prefs.FileSystemPreferences checkLockFile0ErrorCode
2025-09-09 10:23:40,303 [ERROR] LogOutputStream:75 - [STDERR_REDIRECT] WARNING: Could not lock System prefs. Unix error code 2.
2025-09-09 10:23:40,303 [ERROR] LogOutputStream:75 - [STDERR_REDIRECT] 
2025-09-09 10:23:40,304 [ERROR] LogOutputStream:75 - [STDERR_REDIRECT] Sep 09, 2025 10:23:40 AM java.util.prefs.FileSystemPreferences syncWorld
2025-09-09 10:23:40,305 [ERROR] LogOutputStream:75 - [STDERR_REDIRECT] WARNING: Couldn't flush system prefs: java.util.prefs.BackingStoreException: Couldn't get file lock.
2025-09-09 10:23:40,305 [ERROR] LogOutputStream:75 - [STDERR_REDIRECT] 
2025-09-09 10:24:10,302 [ERROR] LogOutputStream:75 - [STDERR_REDIRECT] Sep 09, 2025 10:24:10 AM java.util.prefs.FileSystemPreferences checkLockFile0ErrorCode
2025-09-09 10:24:10,303 [ERROR] LogOutputStream:75 - [STDERR_REDIRECT] WARNING: Could not lock System prefs. Unix error code 2.
2025-09-09 10:24:10,303 [ERROR] LogOutputStream:75 - [STDERR_REDIRECT] 
2025-09-09 10:24:10,304 [ERROR] LogOutputStream:75 - [STDERR_REDIRECT] Sep 09, 2025 10:24:10 AM java.util.prefs.FileSystemPreferences syncWorld
2025-09-09 10:24:10,305 [ERROR] LogOutputStream:75 - [STDERR_REDIRECT] WARNING: Couldn't flush system prefs: java.util.prefs.BackingStoreException: Couldn't get file lock.
2025-09-09 10:24:10,305 [ERROR] LogOutputStream:75 - [STDERR_REDIRECT] 
2025-09-09 10:24:40,301 [ERROR] LogOutputStream:75 - [STDERR_REDIRECT] Sep 09, 2025 10:24:40 AM java.util.prefs.FileSystemPreferences checkLockFile0ErrorCode
2025-09-09 10:24:40,302 [ERROR] LogOutputStream:75 - [STDERR_REDIRECT] WARNING: Could not lock System prefs. Unix error code 2.
2025-09-09 10:24:40,302 [ERROR] LogOutputStream:75 - [STDERR_REDIRECT] 
2025-09-09 10:24:40,302 [ERROR] LogOutputStream:75 - [STDERR_REDIRECT] Sep 09, 2025 10:24:40 AM java.util.prefs.FileSystemPreferences syncWorld
2025-09-09 10:24:40,303 [ERROR] LogOutputStream:75 - [STDERR_REDIRECT] WARNING: Couldn't flush system prefs: java.util.prefs.BackingStoreException: Couldn't get file lock.
2025-09-09 10:24:40,303 [ERROR] LogOutputStream:75 - [STDERR_REDIRECT] 
2025-09-09 10:25:10,303 [ERROR] LogOutputStream:75 - [STDERR_REDIRECT] Sep 09, 2025 10:25:10 AM java.util.prefs.FileSystemPreferences checkLockFile0ErrorCode
2025-09-09 10:25:10,304 [ERROR] LogOutputStream:75 - [STDERR_REDIRECT] WARNING: Could not lock System prefs. Unix error code 2.
2025-09-09 10:25:10,304 [ERROR] LogOutputStream:75 - [STDERR_REDIRECT] 
2025-09-09 10:25:10,305 [ERROR] LogOutputStream:75 - [STDERR_REDIRECT] Sep 09, 2025 10:25:10 AM java.util.prefs.FileSystemPreferences syncWorld
2025-09-09 10:25:10,306 [ERROR] LogOutputStream:75 - [STDERR_REDIRECT] WARNING: Couldn't flush system prefs: java.util.prefs.BackingStoreException: Couldn't get file lock.
2025-09-09 10:25:10,306 [ERROR] LogOutputStream:75 - [STDERR_REDIRECT] 
2025-09-09 10:25:40,303 [ERROR] LogOutputStream:75 - [STDERR_REDIRECT] Sep 09, 2025 10:25:40 AM java.util.prefs.FileSystemPreferences checkLockFile0ErrorCode
2025-09-09 10:25:40,303 [ERROR] LogOutputStream:75 - [STDERR_REDIRECT] WARNING: Could not lock System prefs. Unix error code 2.
2025-09-09 10:25:40,304 [ERROR] LogOutputStream:75 - [STDERR_REDIRECT] 
2025-09-09 10:25:40,305 [ERROR] LogOutputStream:75 - [STDERR_REDIRECT] Sep 09, 2025 10:25:40 AM java.util.prefs.FileSystemPreferences syncWorld
2025-09-09 10:25:40,306 [ERROR] LogOutputStream:75 - [STDERR_REDIRECT] WARNING: Couldn't flush system prefs: java.util.prefs.BackingStoreException: Couldn't get file lock.
2025-09-09 10:25:40,306 [ERROR] LogOutputStream:75 - [STDERR_REDIRECT] 
2025-09-09 10:26:10,302 [ERROR] LogOutputStream:75 - [STDERR_REDIRECT] Sep 09, 2025 10:26:10 AM java.util.prefs.FileSystemPreferences checkLockFile0ErrorCode
2025-09-09 10:26:10,303 [ERROR] LogOutputStream:75 - [STDERR_REDIRECT] WARNING: Could not lock System prefs. Unix error code 2.
2025-09-09 10:26:10,303 [ERROR] LogOutputStream:75 - [STDERR_REDIRECT] 
2025-09-09 10:26:10,304 [ERROR] LogOutputStream:75 - [STDERR_REDIRECT] Sep 09, 2025 10:26:10 AM java.util.prefs.FileSystemPreferences syncWorld
2025-09-09 10:26:10,305 [ERROR] LogOutputStream:75 - [STDERR_REDIRECT] WARNING: Couldn't flush system prefs: java.util.prefs.BackingStoreException: Couldn't get file lock.
2025-09-09 10:26:10,305 [ERROR] LogOutputStream:75 - [STDERR_REDIRECT] 
2025-09-09 10:26:40,302 [ERROR] LogOutputStream:75 - [STDERR_REDIRECT] Sep 09, 2025 10:26:40 AM java.util.prefs.FileSystemPreferences checkLockFile0ErrorCode
2025-09-09 10:26:40,303 [ERROR] LogOutputStream:75 - [STDERR_REDIRECT] WARNING: Could not lock System prefs. Unix error code 2.
2025-09-09 10:26:40,303 [ERROR] LogOutputStream:75 - [STDERR_REDIRECT] 
2025-09-09 10:26:40,304 [ERROR] LogOutputStream:75 - [STDERR_REDIRECT] Sep 09, 2025 10:26:40 AM java.util.prefs.FileSystemPreferences syncWorld
2025-09-09 10:26:40,305 [ERROR] LogOutputStream:75 - [STDERR_REDIRECT] WARNING: Couldn't flush system prefs: java.util.prefs.BackingStoreException: Couldn't get file lock.
2025-09-09 10:26:40,305 [ERROR] LogOutputStream:75 - [STDERR_REDIRECT] 
2025-09-09 10:27:10,303 [ERROR] LogOutputStream:75 - [STDERR_REDIRECT] Sep 09, 2025 10:27:10 AM java.util.prefs.FileSystemPreferences checkLockFile0ErrorCode
2025-09-09 10:27:10,304 [ERROR] LogOutputStream:75 - [STDERR_REDIRECT] WARNING: Could not lock System prefs. Unix error code 2.
2025-09-09 10:27:10,305 [ERROR] LogOutputStream:75 - [STDERR_REDIRECT] 
2025-09-09 10:27:10,306 [ERROR] LogOutputStream:75 - [STDERR_REDIRECT] Sep 09, 2025 10:27:10 AM java.util.prefs.FileSystemPreferences syncWorld
2025-09-09 10:27:10,307 [ERROR] LogOutputStream:75 - [STDERR_REDIRECT] WARNING: Couldn't flush system prefs: java.util.prefs.BackingStoreException: Couldn't get file lock.
2025-09-09 10:27:10,307 [ERROR] LogOutputStream:75 - [STDERR_REDIRECT] 
2025-09-09 10:27:40,302 [ERROR] LogOutputStream:75 - [STDERR_REDIRECT] Sep 09, 2025 10:27:40 AM java.util.prefs.FileSystemPreferences checkLockFile0ErrorCode
2025-09-09 10:27:40,303 [ERROR] LogOutputStream:75 - [STDERR_REDIRECT] WARNING: Could not lock System prefs. Unix error code 2.
2025-09-09 10:27:40,303 [ERROR] LogOutputStream:75 - [STDERR_REDIRECT] 
2025-09-09 10:27:40,303 [ERROR] LogOutputStream:75 - [STDERR_REDIRECT] Sep 09, 2025 10:27:40 AM java.util.prefs.FileSystemPreferences syncWorld
2025-09-09 10:27:40,304 [ERROR] LogOutputStream:75 - [STDERR_REDIRECT] WARNING: Couldn't flush system prefs: java.util.prefs.BackingStoreException: Couldn't get file lock.
2025-09-09 10:27:40,304 [ERROR] LogOutputStream:75 - [STDERR_REDIRECT] 
2025-09-09 10:28:10,303 [ERROR] LogOutputStream:75 - [STDERR_REDIRECT] Sep 09, 2025 10:28:10 AM java.util.prefs.FileSystemPreferences checkLockFile0ErrorCode
2025-09-09 10:28:10,304 [ERROR] LogOutputStream:75 - [STDERR_REDIRECT] WARNING: Could not lock System prefs. Unix error code 2.
2025-09-09 10:28:10,304 [ERROR] LogOutputStream:75 - [STDERR_REDIRECT] 
2025-09-09 10:28:10,305 [ERROR] LogOutputStream:75 - [STDERR_REDIRECT] Sep 09, 2025 10:28:10 AM java.util.prefs.FileSystemPreferences syncWorld
2025-09-09 10:28:10,306 [ERROR] LogOutputStream:75 - [STDERR_REDIRECT] WARNING: Couldn't flush system prefs: java.util.prefs.BackingStoreException: Couldn't get file lock.
2025-09-09 10:28:10,306 [ERROR] LogOutputStream:75 - [STDERR_REDIRECT] 
2025-09-09 10:28:40,304 [ERROR] LogOutputStream:75 - [STDERR_REDIRECT] Sep 09, 2025 10:28:40 AM java.util.prefs.FileSystemPreferences checkLockFile0ErrorCode
2025-09-09 10:28:40,304 [ERROR] LogOutputStream:75 - [STDERR_REDIRECT] WARNING: Could not lock System prefs. Unix error code 2.
2025-09-09 10:28:40,304 [ERROR] LogOutputStream:75 - [STDERR_REDIRECT] 
2025-09-09 10:28:40,305 [ERROR] LogOutputStream:75 - [STDERR_REDIRECT] Sep 09, 2025 10:28:40 AM java.util.prefs.FileSystemPreferences syncWorld
2025-09-09 10:28:40,306 [ERROR] LogOutputStream:75 - [STDERR_REDIRECT] WARNING: Couldn't flush system prefs: java.util.prefs.BackingStoreException: Couldn't get file lock.
2025-09-09 10:28:40,306 [ERROR] LogOutputStream:75 - [STDERR_REDIRECT] 
2025-09-09 10:29:10,304 [ERROR] LogOutputStream:75 - [STDERR_REDIRECT] Sep 09, 2025 10:29:10 AM java.util.prefs.FileSystemPreferences checkLockFile0ErrorCode
2025-09-09 10:29:10,304 [ERROR] LogOutputStream:75 - [STDERR_REDIRECT] WARNING: Could not lock System prefs. Unix error code 2.
2025-09-09 10:29:10,305 [ERROR] LogOutputStream:75 - [STDERR_REDIRECT] 
2025-09-09 10:29:10,305 [ERROR] LogOutputStream:75 - [STDERR_REDIRECT] Sep 09, 2025 10:29:10 AM java.util.prefs.FileSystemPreferences syncWorld
2025-09-09 10:29:10,306 [ERROR] LogOutputStream:75 - [STDERR_REDIRECT] WARNING: Couldn't flush system prefs: java.util.prefs.BackingStoreException: Couldn't get file lock.
2025-09-09 10:29:10,307 [ERROR] LogOutputStream:75 - [STDERR_REDIRECT] 
2025-09-09 10:29:40,303 [ERROR] LogOutputStream:75 - [STDERR_REDIRECT] Sep 09, 2025 10:29:40 AM java.util.prefs.FileSystemPreferences checkLockFile0ErrorCode
2025-09-09 10:29:40,304 [ERROR] LogOutputStream:75 - [STDERR_REDIRECT] WARNING: Could not lock System prefs. Unix error code 2.
2025-09-09 10:29:40,304 [ERROR] LogOutputStream:75 - [STDERR_REDIRECT] 
2025-09-09 10:29:40,305 [ERROR] LogOutputStream:75 - [STDERR_REDIRECT] Sep 09, 2025 10:29:40 AM java.util.prefs.FileSystemPreferences syncWorld
2025-09-09 10:29:40,306 [ERROR] LogOutputStream:75 - [STDERR_REDIRECT] WARNING: Couldn't flush system prefs: java.util.prefs.BackingStoreException: Couldn't get file lock.
2025-09-09 10:29:40,306 [ERROR] LogOutputStream:75 - [STDERR_REDIRECT] 
2025-09-09 10:30:10,303 [ERROR] LogOutputStream:75 - [STDERR_REDIRECT] Sep 09, 2025 10:30:10 AM java.util.prefs.FileSystemPreferences checkLockFile0ErrorCode
2025-09-09 10:30:10,304 [ERROR] LogOutputStream:75 - [STDERR_REDIRECT] WARNING: Could not lock System prefs. Unix error code 2.
2025-09-09 10:30:10,304 [ERROR] LogOutputStream:75 - [STDERR_REDIRECT] 
2025-09-09 10:30:10,305 [ERROR] LogOutputStream:75 - [STDERR_REDIRECT] Sep 09, 2025 10:30:10 AM java.util.prefs.FileSystemPreferences syncWorld
2025-09-09 10:30:10,306 [ERROR] LogOutputStream:75 - [STDERR_REDIRECT] WARNING: Couldn't flush system prefs: java.util.prefs.BackingStoreException: Couldn't get file lock.
2025-09-09 10:30:10,306 [ERROR] LogOutputStream:75 - [STDERR_REDIRECT] 
2025-09-09 10:30:40,304 [ERROR] LogOutputStream:75 - [STDERR_REDIRECT] Sep 09, 2025 10:30:40 AM java.util.prefs.FileSystemPreferences checkLockFile0ErrorCode
2025-09-09 10:30:40,305 [ERROR] LogOutputStream:75 - [STDERR_REDIRECT] WARNING: Could not lock System prefs. Unix error code 2.
2025-09-09 10:30:40,305 [ERROR] LogOutputStream:75 - [STDERR_REDIRECT] 
2025-09-09 10:30:40,306 [ERROR] LogOutputStream:75 - [STDERR_REDIRECT] Sep 09, 2025 10:30:40 AM java.util.prefs.FileSystemPreferences syncWorld
2025-09-09 10:30:40,307 [ERROR] LogOutputStream:75 - [STDERR_REDIRECT] WARNING: Couldn't flush system prefs: java.util.prefs.BackingStoreException: Couldn't get file lock.
2025-09-09 10:30:40,307 [ERROR] LogOutputStream:75 - [STDERR_REDIRECT] 
2025-09-09 10:31:10,304 [ERROR] LogOutputStream:75 - [STDERR_REDIRECT] Sep 09, 2025 10:31:10 AM java.util.prefs.FileSystemPreferences checkLockFile0ErrorCode
2025-09-09 10:31:10,305 [ERROR] LogOutputStream:75 - [STDERR_REDIRECT] WARNING: Could not lock System prefs. Unix error code 2.
2025-09-09 10:31:10,305 [ERROR] LogOutputStream:75 - [STDERR_REDIRECT] 
2025-09-09 10:31:10,306 [ERROR] LogOutputStream:75 - [STDERR_REDIRECT] Sep 09, 2025 10:31:10 AM java.util.prefs.FileSystemPreferences syncWorld
2025-09-09 10:31:10,307 [ERROR] LogOutputStream:75 - [STDERR_REDIRECT] WARNING: Couldn't flush system prefs: java.util.prefs.BackingStoreException: Couldn't get file lock.
2025-09-09 10:31:10,307 [ERROR] LogOutputStream:75 - [STDERR_REDIRECT] 
2025-09-09 10:31:40,304 [ERROR] LogOutputStream:75 - [STDERR_REDIRECT] Sep 09, 2025 10:31:40 AM java.util.prefs.FileSystemPreferences checkLockFile0ErrorCode
2025-09-09 10:31:40,305 [ERROR] LogOutputStream:75 - [STDERR_REDIRECT] WARNING: Could not lock System prefs. Unix error code 2.
2025-09-09 10:31:40,305 [ERROR] LogOutputStream:75 - [STDERR_REDIRECT] 
2025-09-09 10:31:40,306 [ERROR] LogOutputStream:75 - [STDERR_REDIRECT] Sep 09, 2025 10:31:40 AM java.util.prefs.FileSystemPreferences syncWorld
2025-09-09 10:31:40,307 [ERROR] LogOutputStream:75 - [STDERR_REDIRECT] WARNING: Couldn't flush system prefs: java.util.prefs.BackingStoreException: Couldn't get file lock.
2025-09-09 10:31:40,307 [ERROR] LogOutputStream:75 - [STDERR_REDIRECT] 
2025-09-09 10:32:10,305 [ERROR] LogOutputStream:75 - [STDERR_REDIRECT] Sep 09, 2025 10:32:10 AM java.util.prefs.FileSystemPreferences checkLockFile0ErrorCode
2025-09-09 10:32:10,306 [ERROR] LogOutputStream:75 - [STDERR_REDIRECT] WARNING: Could not lock System prefs. Unix error code 2.
2025-09-09 10:32:10,306 [ERROR] LogOutputStream:75 - [STDERR_REDIRECT] 
2025-09-09 10:32:10,307 [ERROR] LogOutputStream:75 - [STDERR_REDIRECT] Sep 09, 2025 10:32:10 AM java.util.prefs.FileSystemPreferences syncWorld
2025-09-09 10:32:10,308 [ERROR] LogOutputStream:75 - [STDERR_REDIRECT] WARNING: Couldn't flush system prefs: java.util.prefs.BackingStoreException: Couldn't get file lock.
2025-09-09 10:32:10,308 [ERROR] LogOutputStream:75 - [STDERR_REDIRECT] 
2025-09-09 10:32:40,305 [ERROR] LogOutputStream:75 - [STDERR_REDIRECT] Sep 09, 2025 10:32:40 AM java.util.prefs.FileSystemPreferences checkLockFile0ErrorCode
2025-09-09 10:32:40,306 [ERROR] LogOutputStream:75 - [STDERR_REDIRECT] WARNING: Could not lock System prefs. Unix error code 2.
2025-09-09 10:32:40,306 [ERROR] LogOutputStream:75 - [STDERR_REDIRECT] 
2025-09-09 10:32:40,306 [ERROR] LogOutputStream:75 - [STDERR_REDIRECT] Sep 09, 2025 10:32:40 AM java.util.prefs.FileSystemPreferences syncWorld
2025-09-09 10:32:40,307 [ERROR] LogOutputStream:75 - [STDERR_REDIRECT] WARNING: Couldn't flush system prefs: java.util.prefs.BackingStoreException: Couldn't get file lock.
2025-09-09 10:32:40,307 [ERROR] LogOutputStream:75 - [STDERR_REDIRECT] 
2025-09-09 10:33:10,304 [ERROR] LogOutputStream:75 - [STDERR_REDIRECT] Sep 09, 2025 10:33:10 AM java.util.prefs.FileSystemPreferences checkLockFile0ErrorCode
2025-09-09 10:33:10,305 [ERROR] LogOutputStream:75 - [STDERR_REDIRECT] WARNING: Could not lock System prefs. Unix error code 2.
2025-09-09 10:33:10,305 [ERROR] LogOutputStream:75 - [STDERR_REDIRECT] 
2025-09-09 10:33:10,306 [ERROR] LogOutputStream:75 - [STDERR_REDIRECT] Sep 09, 2025 10:33:10 AM java.util.prefs.FileSystemPreferences syncWorld
2025-09-09 10:33:10,306 [ERROR] LogOutputStream:75 - [STDERR_REDIRECT] WARNING: Couldn't flush system prefs: java.util.prefs.BackingStoreException: Couldn't get file lock.
2025-09-09 10:33:10,307 [ERROR] LogOutputStream:75 - [STDERR_REDIRECT] 
2025-09-09 10:33:40,304 [ERROR] LogOutputStream:75 - [STDERR_REDIRECT] Sep 09, 2025 10:33:40 AM java.util.prefs.FileSystemPreferences checkLockFile0ErrorCode
2025-09-09 10:33:40,305 [ERROR] LogOutputStream:75 - [STDERR_REDIRECT] WARNING: Could not lock System prefs. Unix error code 2.
2025-09-09 10:33:40,305 [ERROR] LogOutputStream:75 - [STDERR_REDIRECT] 
2025-09-09 10:33:40,306 [ERROR] LogOutputStream:75 - [STDERR_REDIRECT] Sep 09, 2025 10:33:40 AM java.util.prefs.FileSystemPreferences syncWorld
2025-09-09 10:33:40,307 [ERROR] LogOutputStream:75 - [STDERR_REDIRECT] WARNING: Couldn't flush system prefs: java.util.prefs.BackingStoreException: Couldn't get file lock.
2025-09-09 10:33:40,307 [ERROR] LogOutputStream:75 - [STDERR_REDIRECT] 
2025-09-09 10:34:10,305 [ERROR] LogOutputStream:75 - [STDERR_REDIRECT] Sep 09, 2025 10:34:10 AM java.util.prefs.FileSystemPreferences checkLockFile0ErrorCode
2025-09-09 10:34:10,305 [ERROR] LogOutputStream:75 - [STDERR_REDIRECT] WARNING: Could not lock System prefs. Unix error code 2.
2025-09-09 10:34:10,306 [ERROR] LogOutputStream:75 - [STDERR_REDIRECT] 
2025-09-09 10:34:10,306 [ERROR] LogOutputStream:75 - [STDERR_REDIRECT] Sep 09, 2025 10:34:10 AM java.util.prefs.FileSystemPreferences syncWorld
2025-09-09 10:34:10,307 [ERROR] LogOutputStream:75 - [STDERR_REDIRECT] WARNING: Couldn't flush system prefs: java.util.prefs.BackingStoreException: Couldn't get file lock.
2025-09-09 10:34:10,307 [ERROR] LogOutputStream:75 - [STDERR_REDIRECT] 
2025-09-09 10:34:40,305 [ERROR] LogOutputStream:75 - [STDERR_REDIRECT] Sep 09, 2025 10:34:40 AM java.util.prefs.FileSystemPreferences checkLockFile0ErrorCode
2025-09-09 10:34:40,305 [ERROR] LogOutputStream:75 - [STDERR_REDIRECT] WARNING: Could not lock System prefs. Unix error code 2.
2025-09-09 10:34:40,306 [ERROR] LogOutputStream:75 - [STDERR_REDIRECT] 
2025-09-09 10:34:40,306 [ERROR] LogOutputStream:75 - [STDERR_REDIRECT] Sep 09, 2025 10:34:40 AM java.util.prefs.FileSystemPreferences syncWorld
2025-09-09 10:34:40,307 [ERROR] LogOutputStream:75 - [STDERR_REDIRECT] WARNING: Couldn't flush system prefs: java.util.prefs.BackingStoreException: Couldn't get file lock.
2025-09-09 10:34:40,307 [ERROR] LogOutputStream:75 - [STDERR_REDIRECT] 
2025-09-09 10:35:10,306 [ERROR] LogOutputStream:75 - [STDERR_REDIRECT] Sep 09, 2025 10:35:10 AM java.util.prefs.FileSystemPreferences checkLockFile0ErrorCode
2025-09-09 10:35:10,306 [ERROR] LogOutputStream:75 - [STDERR_REDIRECT] WARNING: Could not lock System prefs. Unix error code 2.
2025-09-09 10:35:10,307 [ERROR] LogOutputStream:75 - [STDERR_REDIRECT] 
2025-09-09 10:35:10,307 [ERROR] LogOutputStream:75 - [STDERR_REDIRECT] Sep 09, 2025 10:35:10 AM java.util.prefs.FileSystemPreferences syncWorld
2025-09-09 10:35:10,308 [ERROR] LogOutputStream:75 - [STDERR_REDIRECT] WARNING: Couldn't flush system prefs: java.util.prefs.BackingStoreException: Couldn't get file lock.
2025-09-09 10:35:10,308 [ERROR] LogOutputStream:75 - [STDERR_REDIRECT] 
2025-09-09 10:35:40,306 [ERROR] LogOutputStream:75 - [STDERR_REDIRECT] Sep 09, 2025 10:35:40 AM java.util.prefs.FileSystemPreferences checkLockFile0ErrorCode
2025-09-09 10:35:40,307 [ERROR] LogOutputStream:75 - [STDERR_REDIRECT] WARNING: Could not lock System prefs. Unix error code 2.
2025-09-09 10:35:40,307 [ERROR] LogOutputStream:75 - [STDERR_REDIRECT] 
2025-09-09 10:35:40,307 [ERROR] LogOutputStream:75 - [STDERR_REDIRECT] Sep 09, 2025 10:35:40 AM java.util.prefs.FileSystemPreferences syncWorld
2025-09-09 10:35:40,308 [ERROR] LogOutputStream:75 - [STDERR_REDIRECT] WARNING: Couldn't flush system prefs: java.util.prefs.BackingStoreException: Couldn't get file lock.
2025-09-09 10:35:40,308 [ERROR] LogOutputStream:75 - [STDERR_REDIRECT] 
2025-09-09 10:36:10,306 [ERROR] LogOutputStream:75 - [STDERR_REDIRECT] Sep 09, 2025 10:36:10 AM java.util.prefs.FileSystemPreferences checkLockFile0ErrorCode
2025-09-09 10:36:10,307 [ERROR] LogOutputStream:75 - [STDERR_REDIRECT] WARNING: Could not lock System prefs. Unix error code 2.
2025-09-09 10:36:10,307 [ERROR] LogOutputStream:75 - [STDERR_REDIRECT] 
2025-09-09 10:36:10,308 [ERROR] LogOutputStream:75 - [STDERR_REDIRECT] Sep 09, 2025 10:36:10 AM java.util.prefs.FileSystemPreferences syncWorld
2025-09-09 10:36:10,309 [ERROR] LogOutputStream:75 - [STDERR_REDIRECT] WARNING: Couldn't flush system prefs: java.util.prefs.BackingStoreException: Couldn't get file lock.
2025-09-09 10:36:10,309 [ERROR] LogOutputStream:75 - [STDERR_REDIRECT] 
2025-09-09 10:36:40,306 [ERROR] LogOutputStream:75 - [STDERR_REDIRECT] Sep 09, 2025 10:36:40 AM java.util.prefs.FileSystemPreferences checkLockFile0ErrorCode
2025-09-09 10:36:40,306 [ERROR] LogOutputStream:75 - [STDERR_REDIRECT] WARNING: Could not lock System prefs. Unix error code 2.
2025-09-09 10:36:40,306 [ERROR] LogOutputStream:75 - [STDERR_REDIRECT] 
2025-09-09 10:36:40,307 [ERROR] LogOutputStream:75 - [STDERR_REDIRECT] Sep 09, 2025 10:36:40 AM java.util.prefs.FileSystemPreferences syncWorld
2025-09-09 10:36:40,308 [ERROR] LogOutputStream:75 - [STDERR_REDIRECT] WARNING: Couldn't flush system prefs: java.util.prefs.BackingStoreException: Couldn't get file lock.
2025-09-09 10:36:40,308 [ERROR] LogOutputStream:75 - [STDERR_REDIRECT] 
2025-09-09 10:37:10,307 [ERROR] LogOutputStream:75 - [STDERR_REDIRECT] Sep 09, 2025 10:37:10 AM java.util.prefs.FileSystemPreferences checkLockFile0ErrorCode
2025-09-09 10:37:10,307 [ERROR] LogOutputStream:75 - [STDERR_REDIRECT] WARNING: Could not lock System prefs. Unix error code 2.
2025-09-09 10:37:10,307 [ERROR] LogOutputStream:75 - [STDERR_REDIRECT] 
2025-09-09 10:37:10,308 [ERROR] LogOutputStream:75 - [STDERR_REDIRECT] Sep 09, 2025 10:37:10 AM java.util.prefs.FileSystemPreferences syncWorld
2025-09-09 10:37:10,309 [ERROR] LogOutputStream:75 - [STDERR_REDIRECT] WARNING: Couldn't flush system prefs: java.util.prefs.BackingStoreException: Couldn't get file lock.
2025-09-09 10:37:10,309 [ERROR] LogOutputStream:75 - [STDERR_REDIRECT] 
2025-09-09 10:37:40,307 [ERROR] LogOutputStream:75 - [STDERR_REDIRECT] Sep 09, 2025 10:37:40 AM java.util.prefs.FileSystemPreferences checkLockFile0ErrorCode
2025-09-09 10:37:40,308 [ERROR] LogOutputStream:75 - [STDERR_REDIRECT] WARNING: Could not lock System prefs. Unix error code 2.
2025-09-09 10:37:40,308 [ERROR] LogOutputStream:75 - [STDERR_REDIRECT] 
2025-09-09 10:37:40,308 [ERROR] LogOutputStream:75 - [STDERR_REDIRECT] Sep 09, 2025 10:37:40 AM java.util.prefs.FileSystemPreferences syncWorld
2025-09-09 10:37:40,309 [ERROR] LogOutputStream:75 - [STDERR_REDIRECT] WARNING: Couldn't flush system prefs: java.util.prefs.BackingStoreException: Couldn't get file lock.
2025-09-09 10:37:40,309 [ERROR] LogOutputStream:75 - [STDERR_REDIRECT] 
2025-09-09 10:38:10,307 [ERROR] LogOutputStream:75 - [STDERR_REDIRECT] Sep 09, 2025 10:38:10 AM java.util.prefs.FileSystemPreferences checkLockFile0ErrorCode
2025-09-09 10:38:10,308 [ERROR] LogOutputStream:75 - [STDERR_REDIRECT] WARNING: Could not lock System prefs. Unix error code 2.
2025-09-09 10:38:10,308 [ERROR] LogOutputStream:75 - [STDERR_REDIRECT] 
2025-09-09 10:38:10,309 [ERROR] LogOutputStream:75 - [STDERR_REDIRECT] Sep 09, 2025 10:38:10 AM java.util.prefs.FileSystemPreferences syncWorld
2025-09-09 10:38:10,310 [ERROR] LogOutputStream:75 - [STDERR_REDIRECT] WARNING: Couldn't flush system prefs: java.util.prefs.BackingStoreException: Couldn't get file lock.
2025-09-09 10:38:10,310 [ERROR] LogOutputStream:75 - [STDERR_REDIRECT] 
2025-09-09 10:38:40,308 [ERROR] LogOutputStream:75 - [STDERR_REDIRECT] Sep 09, 2025 10:38:40 AM java.util.prefs.FileSystemPreferences checkLockFile0ErrorCode
2025-09-09 10:38:40,309 [ERROR] LogOutputStream:75 - [STDERR_REDIRECT] WARNING: Could not lock System prefs. Unix error code 2.
2025-09-09 10:38:40,309 [ERROR] LogOutputStream:75 - [STDERR_REDIRECT] 
2025-09-09 10:38:40,310 [ERROR] LogOutputStream:75 - [STDERR_REDIRECT] Sep 09, 2025 10:38:40 AM java.util.prefs.FileSystemPreferences syncWorld
2025-09-09 10:38:40,311 [ERROR] LogOutputStream:75 - [STDERR_REDIRECT] WARNING: Couldn't flush system prefs: java.util.prefs.BackingStoreException: Couldn't get file lock.
2025-09-09 10:38:40,311 [ERROR] LogOutputStream:75 - [STDERR_REDIRECT] 
2025-09-09 10:39:10,307 [ERROR] LogOutputStream:75 - [STDERR_REDIRECT] Sep 09, 2025 10:39:10 AM java.util.prefs.FileSystemPreferences checkLockFile0ErrorCode
2025-09-09 10:39:10,308 [ERROR] LogOutputStream:75 - [STDERR_REDIRECT] WARNING: Could not lock System prefs. Unix error code 2.
2025-09-09 10:39:10,308 [ERROR] LogOutputStream:75 - [STDERR_REDIRECT] 
2025-09-09 10:39:10,309 [ERROR] LogOutputStream:75 - [STDERR_REDIRECT] Sep 09, 2025 10:39:10 AM java.util.prefs.FileSystemPreferences syncWorld
2025-09-09 10:39:10,311 [ERROR] LogOutputStream:75 - [STDERR_REDIRECT] WARNING: Couldn't flush system prefs: java.util.prefs.BackingStoreException: Couldn't get file lock.
2025-09-09 10:39:10,311 [ERROR] LogOutputStream:75 - [STDERR_REDIRECT] 
2025-09-09 10:39:40,307 [ERROR] LogOutputStream:75 - [STDERR_REDIRECT] Sep 09, 2025 10:39:40 AM java.util.prefs.FileSystemPreferences checkLockFile0ErrorCode
2025-09-09 10:39:40,307 [ERROR] LogOutputStream:75 - [STDERR_REDIRECT] WARNING: Could not lock System prefs. Unix error code 2.
2025-09-09 10:39:40,307 [ERROR] LogOutputStream:75 - [STDERR_REDIRECT] 
2025-09-09 10:39:40,308 [ERROR] LogOutputStream:75 - [STDERR_REDIRECT] Sep 09, 2025 10:39:40 AM java.util.prefs.FileSystemPreferences syncWorld
2025-09-09 10:39:40,309 [ERROR] LogOutputStream:75 - [STDERR_REDIRECT] WARNING: Couldn't flush system prefs: java.util.prefs.BackingStoreException: Couldn't get file lock.
2025-09-09 10:39:40,309 [ERROR] LogOutputStream:75 - [STDERR_REDIRECT] 
2025-09-09 10:40:04,769 [INFO] McuFinderGlobals:63 - Set McuFinder mode to 2 (CubeIDE integrated)
2025-09-09 10:40:04,772 [INFO] MainUpdater:2872 - connection check result : 10
2025-09-09 10:40:05,244 [INFO] ApiDb:581 - Connected to CubeFinder SQLite database (/home/matijak/.stmcufinder/plugins/mcufinder/mcu/cube-finder-db.db)
2025-09-09 10:40:05,329 [INFO] ApiDb:668 - CubeFinder database Data Model version=2.1
2025-09-09 10:40:05,329 [INFO] ApiDb:669 - CubeFinder database Configuration version=3.0.39
2025-09-09 10:40:05,330 [INFO] ApiDb:670 - CubeFinder database generation date=2025-07-24 (1753349077)
2025-09-09 10:40:05,330 [INFO] ApiDb:671 - CubeFinder database FW Pack versions=[FP-ATR-ASTRA1_V2.0.0, FP-SNS-FLIGHT1_V5.1.0, FP-SNS-MOTENV1_V5.0.0, FP-SNS-MOTENVWB1_V1.4.0, FP-SNS-SMARTAG2_V1.2.0, FP-SNS-STBOX1_V2.0.0, STM32Cube_FW_C0_V1.4.0, STM32Cube_FW_F4_V1.28.2, STM32Cube_FW_F7_V1.17.3, STM32Cube_FW_G0_V1.6.2, STM32Cube_FW_G4_V1.6.1, STM32Cube_FW_H5_V1.5.0, STM32Cube_FW_H7RS_V1.2.0, STM32Cube_FW_H7_V1.12.1, STM32Cube_FW_L0_V1.12.2, STM32Cube_FW_L4_V1.18.1, STM32Cube_FW_L5_V1.5.1, STM32Cube_FW_N6_V1.2.0, STM32Cube_FW_U0_V1.3.0, STM32Cube_FW_U3_V1.2.0, STM32Cube_FW_U5_V1.8.0, STM32Cube_FW_WB0_V1.3.0, STM32Cube_FW_WBA_V1.7.0, STM32Cube_FW_WB_V1.23.0, STM32Cube_FW_WL3_V1.2.0, STM32Cube_FW_WL_V1.3.1, X-CUBE-ALGOBUILD_V1.4.0, X-CUBE-ALS_V1.0.2, X-CUBE-AZRTOS-F4_V1.1.0, X-CUBE-AZRTOS-F7_V1.1.0, X-CUBE-AZRTOS-G0_V1.1.0, X-CUBE-AZRTOS-G4_V2.0.0, X-CUBE-AZRTOS-H7RS_V1.1.0, X-CUBE-AZRTOS-H7_V3.4.0, X-CUBE-AZRTOS-L4_V2.0.0, X-CUBE-AZRTOS-L5_V2.0.0, X-CUBE-AZRTOS-WB_V2.0.0, X-CUBE-AZRTOS-WL_V2.0.0, X-CUBE-BLE1_V7.1.0, X-CUBE-BLE2_V3.3.0, X-CUBE-BLEMGR_V4.1.0, X-CUBE-EEPRMA1_V5.2.0, X-CUBE-FREERTOS_V1.3.1, X-CUBE-GNSS1_V6.0.0, X-CUBE-MEMS1_V11.3.0, X-CUBE-NFC4_V3.0.0, X-CUBE-NFC7_V2.0.0, X-CUBE-SFXS2LP1_V4.0.0, X-CUBE-ST67W61_V1.0.0, X-CUBE-SUBG2_V5.0.0, X-CUBE-TOF1_V3.4.3]
2025-09-09 10:40:07,877 [INFO] ApiDb:240 - Found 880 in-development CPN: [B-G473E-ZEST1S, B-WB1M-WPAN1, B-WBA5M-WPAN, B-WL5M-SUBG1, NUCLEO-C031C6, NUCLEO-C051C8, NUCLEO-C071RB, NUCLEO-C092RC, NUCLEO-H503RB, NUCLEO-H533RE, NUCLEO-H563ZI, NUCLEO-H7S3L8, NUCLEO-N657X0-Q, NUCLEO-U031R8, NUCLEO-U083RC, NUCLEO-U385RG-Q, NUCLEO-U545RE-Q, NUCLEO-U5A5ZJ-Q, NUCLEO-WB05KZ, NUCLEO-WB07CC, NUCLEO-WB09KE, NUCLEO-WBA52CG, NUCLEO-WBA55CG, NUCLEO-WL33CC1, NUCLEO-WL33CC2, STEVAL-PROTEUS1, STEVAL-SMARTAG2, STEVAL-STWINBX1, STM320518-EVAL, STM32C0116-DK, STM32C011D6Y3TR, STM32C011D6Y6TR, STM32C011F4P3, STM32C011F4P6, STM32C011F4U3, STM32C011F4U6TR, STM32C011F6P3, STM32C011F6P6, STM32C011F6U3, STM32C011F6U6TR, STM32C011J4M3, STM32C011J4M6, STM32C011J6M3, STM32C011J6M6, STM32C0316-DK, STM32C031C4T3, STM32C031C4T6, STM32C031C4U3, STM32C031C4U6, STM32C031C6T3, STM32C031C6T6, STM32C031C6U3, STM32C031C6U6, STM32C031F4P3, STM32C031F4P6, STM32C031F6P3, STM32C031F6P6, STM32C031G4U3, STM32C031G4U6, STM32C031G6U3, STM32C031G6U6, STM32C031K4T3, STM32C031K4T6, STM32C031K4U3, STM32C031K4U6, STM32C031K6T3, STM32C031K6T6, STM32C031K6U3, STM32C031K6U6, STM32C051C6T6, STM32C051C6U6, STM32C051C8T6, STM32C051C8U6, STM32C051D8Y6TR, STM32C051F6P6, STM32C051F8P6, STM32C051G6U6, STM32C051G8U6, STM32C051K6T6, STM32C051K6U6, STM32C051K8T6, STM32C071C8T6, STM32C071C8T6N, STM32C071C8U6, STM32C071C8U6N, STM32C071CBT6, STM32C071CBT6N, STM32C071CBU6, STM32C071CBU6N, STM32C071F8P6, STM32C071F8P6N, STM32C071FBP6, STM32C071FBP6N, STM32C071FBY6TR, STM32C071G8U6, STM32C071G8U6N, STM32C071GBU6, STM32C071GBU6N, STM32C071K8T6, STM32C071K8T6N, STM32C071K8U6, STM32C071K8U6N, STM32C071KBT6, STM32C071KBT6N, STM32C071KBU6, STM32C071KBU6N, STM32C071R8T6, STM32C071R8T6N, STM32C071RBI6N, STM32C071RBT6, STM32C071RBT6N, STM32C091CBT6, STM32C091CBU6, STM32C091CCT6, STM32C091CCU6, STM32C091ECY6TR, STM32C091FBP6, STM32C091FCP6, STM32C091GBU6, STM32C091GCU6, STM32C091KBT6, STM32C091KBU6, STM32C091KCT6, STM32C091KCU6, STM32C091RBT6, STM32C091RCI6, STM32C091RCT6, STM32C092CBT6, STM32C092CBU6, STM32C092CCT6, STM32C092CCU6, STM32C092ECY6TR, STM32C092FBP6, STM32C092FCP6, STM32C092GBU6, STM32C092GCU6, STM32C092KBT6, STM32C092KBU6, STM32C092KCT6, STM32C092KCU6, STM32C092RBT6, STM32C092RCI6, STM32C092RCT6, STM32G071K8TXN, STM32G071K8UXN, STM32G081GBU6N, STM32G081KBT6N, STM32G081KBUXN, STM32G0B1CCT6N, STM32G0B1KCT6, STM32G0B1NEY6TR, STM32G0B1RCT6N, STM32G0C1CCT6, STM32G0C1CCT6N, STM32G0C1CCU6N, STM32G0C1CET6N, STM32G0C1CEU6N, STM32G0C1KCT6, STM32G0C1NEY6TR, STM32G0C1RCI6N, STM32G0C1RCT6N, STM32G0C1REI6N, STM32G0C1RET6N, STM32G0C1VCI6, STM32G0C1VEI6, STM32G411C6T3, STM32G411C6T6, STM32G411C6U3, STM32G411C6U6, STM32G411C8T3, STM32G411C8T6, STM32G411C8U3, STM32G411C8U6, STM32G411CBT3, STM32G411CBT6, STM32G411CBU3, STM32G411CBU6, STM32G411K6T3, STM32G411K6T6, STM32G411K6U3, STM32G411K6U6, STM32G411K8T3, STM32G411K8T6, STM32G411K8U3, STM32G411K8U6, STM32G411KBT3, STM32G411KBT6, STM32G411KBU3, STM32G411KBU6, STM32G411M6T3, STM32G411M6T6, STM32G411M8T3, STM32G411M8T6, STM32G411MBT3, STM32G411MBT6, STM32G411R6T3, STM32G411R6T6, STM32G411R8T3, STM32G411R8T6, STM32G411RBT3, STM32G411RBT6, STM32G414CBT3, STM32G414CBT6, STM32G414CBU3, STM32G414CBU6, STM32G414CCT3, STM32G414CCT6, STM32G414CCU3, STM32G414CCU6, STM32G414MBT3, STM32G414MBT6, STM32G414MCT3, STM32G414MCT6, STM32G414RBT3, STM32G414RBT6, STM32G414RCT3, STM32G414RCT6, STM32G414VBT3, STM32G414VBT6, STM32G414VCT3, STM32G414VCT6, STM32G431CBT3Z, STM32G431RBT3Z, STM32G471CCT6, STM32G471CCU6, STM32G471CET3, STM32G471CET6, STM32G471CEU3, STM32G471CEU6, STM32G471MCT6, STM32G471MET3, STM32G471MET6, STM32G471MEY6TR, STM32G471QCT6, STM32G471QET3, STM32G471RCT6, STM32G471RET3, STM32G471RET6, STM32G471VCH6, STM32G471VCI6, STM32G471VCT6, STM32G471VEH3, STM32G471VEH6, STM32G471VEI3, STM32G471VEI6, STM32G471VET3, STM32G471VET6, STM32G473QET3Z, STM32G473RET3Z, STM32G474CCT6, STM32G491RET3Z, STM32H503CBT6, STM32H503CBU6, STM32H503EBY6TR, STM32H503KBU6, STM32H503RBT6, STM32H523CCT6, STM32H523CCU6, STM32H523CET6, STM32H523CEU6, STM32H523HEY6TR, STM32H523RCT6, STM32H523RET6, STM32H523VCI6, STM32H523VCT6, STM32H523VEI6, STM32H523VET6, STM32H523ZCJ6, STM32H523ZCT6, STM32H523ZEJ6, STM32H523ZET6, STM32H533CET6, STM32H533CEU6, STM32H533HEY6TR, STM32H533RET6, STM32H533VEI6, STM32H533VET6, STM32H533ZEJ6, STM32H533ZET6, STM32H562AGI6, STM32H562AII6, STM32H562IGK6, STM32H562IGT6, STM32H562IIK6, STM32H562IIT6, STM32H562RGT6, STM32H562RGV6, STM32H562RIT6, STM32H562RIV6, STM32H562VGT6, STM32H562VIT6, STM32H562ZGT6, STM32H562ZIT6, STM32H563AGI6, STM32H563AII3Q, STM32H563AII6, STM32H563IGK6, STM32H563IGT6, STM32H563IIK3Q, STM32H563IIK6, STM32H563IIT3Q, STM32H563IIT6, STM32H563MIY3QTR, STM32H563RGT6, STM32H563RGV6, STM32H563RIT6, STM32H563RIV6, STM32H563VGT6, STM32H563VIT3Q, STM32H563VIT6, STM32H563ZGT6, STM32H563ZIT3Q, STM32H563ZIT6, STM32H573AII3Q, STM32H573AII6, STM32H573I-DK, STM32H573IIK3Q, STM32H573IIK6, STM32H573IIT3Q, STM32H573IIT6, STM32H573MIY3QTR, STM32H573RIT6, STM32H573RIV6, STM32H573VIT3Q, STM32H573VIT6, STM32H573ZIT3Q, STM32H573ZIT6, STM32H7R3A8I6, STM32H7R3I8K6, STM32H7R3I8T6, STM32H7R3L8H6, STM32H7R3L8H6H, STM32H7R3R8V6, STM32H7R3V8H6, STM32H7R3V8T6, STM32H7R3V8Y6TR, STM32H7R3Z8J6, STM32H7R3Z8T6, STM32H7R7A8I6, STM32H7R7I8K6, STM32H7R7I8T6, STM32H7R7L8H6, STM32H7R7L8H6H, STM32H7R7Z8J6, STM32H7S3A8I6, STM32H7S3I8K6, STM32H7S3I8T6, STM32H7S3L8H6, STM32H7S3L8H6H, STM32H7S3R8V6, STM32H7S3V8H6, STM32H7S3V8T6, STM32H7S3V8Y6TR, STM32H7S3Z8J6, STM32H7S3Z8T6, STM32H7S78-DK, STM32H7S7A8I6, STM32H7S7I8K6, STM32H7S7I8T6, STM32H7S7L8H6, STM32H7S7L8H6H, STM32H7S7Z8J6, STM32L4R5QGI6STR, STM32MP131AAE3, STM32MP131AAF3, STM32MP131AAG3, STM32MP131CAE3, STM32MP131CAF3, STM32MP131CAG3, STM32MP131DAE7, STM32MP131DAF7, STM32MP131DAG7, STM32MP131FAE7, STM32MP131FAF7, STM32MP131FAG7, STM32MP133AAE3, STM32MP133AAF3, STM32MP133AAG3, STM32MP133CAE3, STM32MP133CAF3, STM32MP133CAG3, STM32MP133DAE7, STM32MP133DAF7, STM32MP133DAG7, STM32MP133FAE7, STM32MP133FAF7, STM32MP133FAG7, STM32MP135AAE3, STM32MP135AAF3, STM32MP135AAG3, STM32MP135CAE3, STM32MP135CAF3, STM32MP135CAG3, STM32MP135DAE7, STM32MP135DAF7, STM32MP135DAG7, STM32MP135F-DK, STM32MP135FAE7, STM32MP135FAF7, STM32MP135FAF7T, STM32MP135FAF7U, STM32MP135FAG7, STM32MP211AAL3, STM32MP211AAM3, STM32MP211AAN3, STM32MP211AAO3, STM32MP211CAL3, STM32MP211CAM3, STM32MP211CAN3, STM32MP211CAO3, STM32MP211DAL3, STM32MP211DAM3, STM32MP211DAN3, STM32MP211DAO3, STM32MP211FAL3, STM32MP211FAM3, STM32MP211FAN3, STM32MP211FAO3, STM32MP213AAL3, STM32MP213AAM3, STM32MP213AAN3, STM32MP213AAO3, STM32MP213CAL3, STM32MP213CAM3, STM32MP213CAN3, STM32MP213CAO3, STM32MP213DAL3, STM32MP213DAM3, STM32MP213DAN3, STM32MP213DAO3, STM32MP213FAL3, STM32MP213FAM3, STM32MP213FAN3, STM32MP213FAO3, STM32MP215AAL3, STM32MP215AAM3, STM32MP215AAN3, STM32MP215AAO3, STM32MP215CAL3, STM32MP215CAM3, STM32MP215CAN3, STM32MP215CAO3, STM32MP215DAL3, STM32MP215DAM3, STM32MP215DAN3, STM32MP215DAO3, STM32MP215F-DK, STM32MP215FAL3, STM32MP215FAM3, STM32MP215FAN3, STM32MP215FAO3, STM32MP231AAJ3, STM32MP231AAK3, STM32MP231AAL3, STM32MP231CAJ3, STM32MP231CAK3, STM32MP231CAL3, STM32MP231DAJ3, STM32MP231DAK3, STM32MP231DAL3, STM32MP231FAJ3, STM32MP231FAK3, STM32MP231FAL3, STM32MP233AAJ3, STM32MP233AAK3, STM32MP233AAL3, STM32MP233CAJ3, STM32MP233CAK3, STM32MP233CAL3, STM32MP233DAJ3, STM32MP233DAK3, STM32MP233DAL3, STM32MP233FAJ3, STM32MP233FAK3, STM32MP233FAL3, STM32MP235AAJ3, STM32MP235AAK3, STM32MP235AAL3, STM32MP235CAJ3, STM32MP235CAK3, STM32MP235CAL3, STM32MP235DAJ3, STM32MP235DAK3, STM32MP235DAL3, STM32MP235FAJ3, STM32MP235FAK3, STM32MP235FAL3, STM32MP251AAI3, STM32MP251AAK3, STM32MP251AAL3, STM32MP251CAI3, STM32MP251CAK3, STM32MP251CAL3, STM32MP251DAI3, STM32MP251DAK3, STM32MP251DAL3, STM32MP251FAI3, STM32MP251FAK3, STM32MP251FAL3, STM32MP253AAI3, STM32MP253AAK3, STM32MP253AAL3, STM32MP253CAI3, STM32MP253CAK3, STM32MP253CAL3, STM32MP253DAI3, STM32MP253DAK3, STM32MP253DAL3, STM32MP253FAI3, STM32MP253FAK3, STM32MP253FAL3, STM32MP255AAI3, STM32MP255AAK3, STM32MP255AAL3, STM32MP255CAI3, STM32MP255CAK3, STM32MP255CAL3, STM32MP255DAI3, STM32MP255DAK3, STM32MP255DAL3, STM32MP255FAI3, STM32MP255FAK3, STM32MP255FAL3, STM32MP257AAI3, STM32MP257AAK3, STM32MP257AAL3, STM32MP257CAI3, STM32MP257CAK3, STM32MP257CAL3, STM32MP257DAI3, STM32MP257DAK3, STM32MP257DAL3, STM32MP257F-DK, STM32MP257F-EV1, STM32MP257FAI3, STM32MP257FAK3, STM32MP257FAL3, STM32N645A0H3Q, STM32N645B0H3Q, STM32N645I0H3Q, STM32N645L0H3Q, STM32N645X0H3Q, STM32N645Z0H3Q, STM32N647A0H3Q, STM32N647B0H3Q, STM32N647I0H3Q, STM32N647L0H3Q, STM32N647X0H3Q, STM32N647Z0H3Q, STM32N655A0H3Q, STM32N655B0H3Q, STM32N655I0H3Q, STM32N655L0H3Q, STM32N655X0H3Q, STM32N655Z0H3Q, STM32N6570-DK, STM32N657A0H3Q, STM32N657B0H3Q, STM32N657I0H3Q, STM32N657L0H3Q, STM32N657X0H3Q, STM32N657Z0H3Q, STM32U031C6T6, STM32U031C6U6, STM32U031C8T6, STM32U031C8U6, STM32U031F4P6, STM32U031F6P6, STM32U031F8P6, STM32U031G6Y6TR, STM32U031G8Y6TR, STM32U031K4U6, STM32U031K6U6, STM32U031K8U6, STM32U031R6I6, STM32U031R6T6, STM32U031R8I6, STM32U031R8T6, STM32U073C8T6, STM32U073C8U6, STM32U073CBT6, STM32U073CBU6, STM32U073CCT6, STM32U073CCU6, STM32U073H8Y6TR, STM32U073HBY6TR, STM32U073HCY6TR, STM32U073K8U6, STM32U073KBU6, STM32U073KCU6, STM32U073M8I6, STM32U073M8T6, STM32U073MBI6, STM32U073MBT6, STM32U073MCI6, STM32U073MCT6, STM32U073R8I6, STM32U073R8T6, STM32U073RBI6, STM32U073RBT6, STM32U073RCI6, STM32U073RCT6, STM32U083C-DK, STM32U083CCT6, STM32U083CCU6, STM32U083HCY6TR, STM32U083KCU6, STM32U083MCI6, STM32U083MCT6, STM32U083RCI6, STM32U083RCT6, STM32U375CET6, STM32U375CET6Q, STM32U375CEU6, STM32U375CEU6Q, STM32U375CEY6QTR, STM32U375CGT6, STM32U375CGT6Q, STM32U375CGU6, STM32U375CGU6Q, STM32U375CGY6QTR, STM32U375KEU6, STM32U375KGU6, STM32U375REI6, STM32U375REI6Q, STM32U375RET6, STM32U375RET6Q, STM32U375REY6GTR, STM32U375REY6QTR, STM32U375RGI6, STM32U375RGI6Q, STM32U375RGT6, STM32U375RGT6Q, STM32U375RGY6GTR, STM32U375RGY6QTR, STM32U375VEI6, STM32U375VEI6Q, STM32U375VET6, STM32U375VET6Q, STM32U375VGI6, STM32U375VGI6Q, STM32U375VGT6, STM32U375VGT6Q, STM32U385CGT6, STM32U385CGT6Q, STM32U385CGU6, STM32U385CGU6Q, STM32U385CGY6QTR, STM32U385KGU6, STM32U385RGI6, STM32U385RGI6Q, STM32U385RGT6, STM32U385RGT6Q, STM32U385RGY6GTR, STM32U385RGY6QTR, STM32U385VGI6, STM32U385VGI6Q, STM32U385VGT6, STM32U385VGT6Q, STM32U535CBT6, STM32U535CBT6Q, STM32U535CBU6, STM32U535CBU6Q, STM32U535CCT6, STM32U535CCT6Q, STM32U535CCU6, STM32U535CCU6Q, STM32U535CET6, STM32U535CET6Q, STM32U535CEU6, STM32U535CEU6Q, STM32U535JEY6QTR, STM32U535NCY6QTR, STM32U535NEY6QTR, STM32U535RBI6, STM32U535RBI6Q, STM32U535RBT6, STM32U535RBT6Q, STM32U535RCI6, STM32U535RCI6Q, STM32U535RCT6, STM32U535RCT6Q, STM32U535REI6, STM32U535REI6Q, STM32U535RET6, STM32U535RET6Q, STM32U535VCI6, STM32U535VCI6Q, STM32U535VCT6, STM32U535VCT6Q, STM32U535VEI6, STM32U535VEI6Q, STM32U535VET6, STM32U535VET6Q, STM32U545CET6, STM32U545CET6Q, STM32U545CEU6, STM32U545CEU6Q, STM32U545JEY6QTR, STM32U545NEY6QTR, STM32U545REI6, STM32U545REI6Q, STM32U545RET6, STM32U545RET6Q, STM32U545VEI6, STM32U545VEI6Q, STM32U545VET6, STM32U545VET6Q, STM32U595AIH6, STM32U595AIH6Q, STM32U595AJH6, STM32U595AJH6Q, STM32U595QII6, STM32U595QII6Q, STM32U595QJI6, STM32U595QJI6Q, STM32U595RIT6, STM32U595RIT6Q, STM32U595RJT6, STM32U595RJT6Q, STM32U595VIT6, STM32U595VIT6Q, STM32U595VJT6, STM32U595VJT6Q, STM32U595ZIT6, STM32U595ZIT6Q, STM32U595ZIY6QTR, STM32U595ZJT6, STM32U595ZJT6Q, STM32U595ZJY6QTR, STM32U599BJY6QTR, STM32U599NIH6Q, STM32U599NJH6Q, STM32U599VIT6Q, STM32U599VJT6, STM32U599VJT6Q, STM32U599ZIT6Q, STM32U599ZIY6QTR, STM32U599ZJT6Q, STM32U599ZJY6QTR, STM32U5A5AJH6, STM32U5A5AJH6Q, STM32U5A5QII3Q , STM32U5A5QJI6, STM32U5A5QJI6Q, STM32U5A5RJT6, STM32U5A5RJT6Q, STM32U5A5VJT6, STM32U5A5VJT6Q, STM32U5A5ZJT6, STM32U5A5ZJT6Q, STM32U5A5ZJY6QTR, STM32U5A9BJY6QTR, STM32U5A9J-DK, STM32U5A9NJH6Q, STM32U5A9VJT6Q, STM32U5A9ZJT6Q, STM32U5A9ZJY6QTR, STM32U5F7VIT6, STM32U5F7VIT6Q, STM32U5F7VJT6, STM32U5F7VJT6Q, STM32U5F9BJY6QTR, STM32U5F9NJH6Q, STM32U5F9VIT6Q, STM32U5F9VJT6Q, STM32U5F9ZIJ6QTR, STM32U5F9ZIT6Q, STM32U5F9ZJJ6QTR, STM32U5F9ZJT6Q, STM32U5G7VJT6, STM32U5G7VJT6Q, STM32U5G9BJY6QTR, STM32U5G9J-DK1, STM32U5G9J-DK2, STM32U5G9NJH6Q, STM32U5G9VJT6Q, STM32U5G9ZJJ6QTR, STM32U5G9ZJT6Q, STM32WB05KZV6TR, STM32WB05KZV7TR, STM32WB05TZF6TR, STM32WB05TZF7TR, STM32WB06CCF6TR, STM32WB06CCF7TR, STM32WB06CCV6TR, STM32WB06CCV7TR, STM32WB06KCV6TR, STM32WB06KCV7TR, STM32WB07CCF6TR, STM32WB07CCF7TR, STM32WB07CCV6TR, STM32WB07CCV7TR, STM32WB07KCV6TR, STM32WB07KCV7TR, STM32WB09KEV6TR, STM32WB09KEV7TR, STM32WB09TEF6TR, STM32WB09TEF7TR, STM32WB1MMCH6, STM32WBA50KGU6, STM32WBA50KGU6TR, STM32WBA52CEU6, STM32WBA52CEU6TR, STM32WBA52CEU7, STM32WBA52CEU7TR, STM32WBA52CGU6, STM32WBA52CGU6TR, STM32WBA52CGU6U, STM32WBA52CGU7, STM32WBA52CGU7TR, STM32WBA52KEU6, STM32WBA52KEU6TR, STM32WBA52KGU6, STM32WBA52KGU6TR, STM32WBA54CEU6, STM32WBA54CEU6TR, STM32WBA54CEU7, STM32WBA54CEU7TR, STM32WBA54CGU6, STM32WBA54CGU6TR, STM32WBA54CGU7, STM32WBA54CGU7TR, STM32WBA54KEU6, STM32WBA54KEU6TR, STM32WBA54KEU7, STM32WBA54KEU7TR, STM32WBA54KGU6, STM32WBA54KGU6TR, STM32WBA54KGU7, STM32WBA54KGU7TR, STM32WBA55CEU6, STM32WBA55CEU6TR, STM32WBA55CEU7, STM32WBA55CEU7TR, STM32WBA55CGU6, STM32WBA55CGU6TR, STM32WBA55CGU6U, STM32WBA55CGU7, STM32WBA55CGU7TR, STM32WBA55G-DK1, STM32WBA55HEF6, STM32WBA55HEF7, STM32WBA55HGF6, STM32WBA55HGF7, STM32WBA55UEI6, STM32WBA55UEI6TR, STM32WBA55UEI7, STM32WBA55UEI7TR, STM32WBA55UGI6, STM32WBA55UGI6TR, STM32WBA55UGI7, STM32WBA55UGI7TR, STM32WBA5MMGH6TR, STM32WBA62MGF6, STM32WBA62MIF6, STM32WBA65MGF7, STM32WBA65MIF6, STM32WBA65MIF7, STM32WL30K8V6, STM32WL30KBV6, STM32WL31C8V6, STM32WL31CBV6, STM32WL31K8V6, STM32WL31KBV6, STM32WL33C8V6, STM32WL33C8V6X, STM32WL33CBV6, STM32WL33CBV6X, STM32WL33CCV6, STM32WL33CCV6A, STM32WL33CCV6X, STM32WL33K8V7, STM32WL33K8V7X, STM32WL33KBV7 , STM32WL33KBV7X, STM32WL33KCV7, STM32WL33KCV7X, STM32WL5MOCH6, STM32WL5MOCH6TR]
2025-09-09 10:40:07,881 [INFO] DbMcus:218 - Found 4801 MCUs, 4801 are supported
2025-09-09 10:40:07,882 [INFO] ApiDb:423 - Load user favorites file /home/matijak/.stm32cubeide/favorites.mcus.txt: 0 item(s)
2025-09-09 10:40:07,882 [INFO] ApiDb:427 - User favorites MCUs=[]
2025-09-09 10:40:07,882 [INFO] DbMcus:224 - Set 0 / 0 favorites MCUs
2025-09-09 10:40:08,277 [INFO] ApiDb:668 - CubeFinder database Data Model version=2.1
2025-09-09 10:40:08,277 [INFO] ApiDb:669 - CubeFinder database Configuration version=3.0.39
2025-09-09 10:40:08,277 [INFO] ApiDb:670 - CubeFinder database generation date=2025-07-24 (1753349077)
2025-09-09 10:40:08,277 [INFO] ApiDb:671 - CubeFinder database FW Pack versions=[FP-ATR-ASTRA1_V2.0.0, FP-SNS-FLIGHT1_V5.1.0, FP-SNS-MOTENV1_V5.0.0, FP-SNS-MOTENVWB1_V1.4.0, FP-SNS-SMARTAG2_V1.2.0, FP-SNS-STBOX1_V2.0.0, STM32Cube_FW_C0_V1.4.0, STM32Cube_FW_F4_V1.28.2, STM32Cube_FW_F7_V1.17.3, STM32Cube_FW_G0_V1.6.2, STM32Cube_FW_G4_V1.6.1, STM32Cube_FW_H5_V1.5.0, STM32Cube_FW_H7RS_V1.2.0, STM32Cube_FW_H7_V1.12.1, STM32Cube_FW_L0_V1.12.2, STM32Cube_FW_L4_V1.18.1, STM32Cube_FW_L5_V1.5.1, STM32Cube_FW_N6_V1.2.0, STM32Cube_FW_U0_V1.3.0, STM32Cube_FW_U3_V1.2.0, STM32Cube_FW_U5_V1.8.0, STM32Cube_FW_WB0_V1.3.0, STM32Cube_FW_WBA_V1.7.0, STM32Cube_FW_WB_V1.23.0, STM32Cube_FW_WL3_V1.2.0, STM32Cube_FW_WL_V1.3.1, X-CUBE-ALGOBUILD_V1.4.0, X-CUBE-ALS_V1.0.2, X-CUBE-AZRTOS-F4_V1.1.0, X-CUBE-AZRTOS-F7_V1.1.0, X-CUBE-AZRTOS-G0_V1.1.0, X-CUBE-AZRTOS-G4_V2.0.0, X-CUBE-AZRTOS-H7RS_V1.1.0, X-CUBE-AZRTOS-H7_V3.4.0, X-CUBE-AZRTOS-L4_V2.0.0, X-CUBE-AZRTOS-L5_V2.0.0, X-CUBE-AZRTOS-WB_V2.0.0, X-CUBE-AZRTOS-WL_V2.0.0, X-CUBE-BLE1_V7.1.0, X-CUBE-BLE2_V3.3.0, X-CUBE-BLEMGR_V4.1.0, X-CUBE-EEPRMA1_V5.2.0, X-CUBE-FREERTOS_V1.3.1, X-CUBE-GNSS1_V6.0.0, X-CUBE-MEMS1_V11.3.0, X-CUBE-NFC4_V3.0.0, X-CUBE-NFC7_V2.0.0, X-CUBE-SFXS2LP1_V4.0.0, X-CUBE-ST67W61_V1.0.0, X-CUBE-SUBG2_V5.0.0, X-CUBE-TOF1_V3.4.3]
2025-09-09 10:40:08,314 [INFO] DbBoardsSqlite:226 - include board P-NUCLEO-WB55-NUCLEO as a kit item of type 'Nucleo-64'
2025-09-09 10:40:08,314 [INFO] DbBoardsSqlite:226 - include board P-NUCLEO-WB55-USBDONGLE as a kit item of type 'Nucleo USB Dongle'
2025-09-09 10:40:08,315 [INFO] DbBoardsSqlite:226 - include board STEVAL-IDP005V1 as a kit item of type 'Evaluation Board'
2025-09-09 10:40:08,315 [INFO] DbBoardsSqlite:226 - include board STEVAL-IDP005V2 as a kit item of type 'Evaluation Board'
2025-09-09 10:40:08,347 [INFO] ApiDb:240 - Found 880 in-development CPN: [B-G473E-ZEST1S, B-WB1M-WPAN1, B-WBA5M-WPAN, B-WL5M-SUBG1, NUCLEO-C031C6, NUCLEO-C051C8, NUCLEO-C071RB, NUCLEO-C092RC, NUCLEO-H503RB, NUCLEO-H533RE, NUCLEO-H563ZI, NUCLEO-H7S3L8, NUCLEO-N657X0-Q, NUCLEO-U031R8, NUCLEO-U083RC, NUCLEO-U385RG-Q, NUCLEO-U545RE-Q, NUCLEO-U5A5ZJ-Q, NUCLEO-WB05KZ, NUCLEO-WB07CC, NUCLEO-WB09KE, NUCLEO-WBA52CG, NUCLEO-WBA55CG, NUCLEO-WL33CC1, NUCLEO-WL33CC2, STEVAL-PROTEUS1, STEVAL-SMARTAG2, STEVAL-STWINBX1, STM320518-EVAL, STM32C0116-DK, STM32C011D6Y3TR, STM32C011D6Y6TR, STM32C011F4P3, STM32C011F4P6, STM32C011F4U3, STM32C011F4U6TR, STM32C011F6P3, STM32C011F6P6, STM32C011F6U3, STM32C011F6U6TR, STM32C011J4M3, STM32C011J4M6, STM32C011J6M3, STM32C011J6M6, STM32C0316-DK, STM32C031C4T3, STM32C031C4T6, STM32C031C4U3, STM32C031C4U6, STM32C031C6T3, STM32C031C6T6, STM32C031C6U3, STM32C031C6U6, STM32C031F4P3, STM32C031F4P6, STM32C031F6P3, STM32C031F6P6, STM32C031G4U3, STM32C031G4U6, STM32C031G6U3, STM32C031G6U6, STM32C031K4T3, STM32C031K4T6, STM32C031K4U3, STM32C031K4U6, STM32C031K6T3, STM32C031K6T6, STM32C031K6U3, STM32C031K6U6, STM32C051C6T6, STM32C051C6U6, STM32C051C8T6, STM32C051C8U6, STM32C051D8Y6TR, STM32C051F6P6, STM32C051F8P6, STM32C051G6U6, STM32C051G8U6, STM32C051K6T6, STM32C051K6U6, STM32C051K8T6, STM32C071C8T6, STM32C071C8T6N, STM32C071C8U6, STM32C071C8U6N, STM32C071CBT6, STM32C071CBT6N, STM32C071CBU6, STM32C071CBU6N, STM32C071F8P6, STM32C071F8P6N, STM32C071FBP6, STM32C071FBP6N, STM32C071FBY6TR, STM32C071G8U6, STM32C071G8U6N, STM32C071GBU6, STM32C071GBU6N, STM32C071K8T6, STM32C071K8T6N, STM32C071K8U6, STM32C071K8U6N, STM32C071KBT6, STM32C071KBT6N, STM32C071KBU6, STM32C071KBU6N, STM32C071R8T6, STM32C071R8T6N, STM32C071RBI6N, STM32C071RBT6, STM32C071RBT6N, STM32C091CBT6, STM32C091CBU6, STM32C091CCT6, STM32C091CCU6, STM32C091ECY6TR, STM32C091FBP6, STM32C091FCP6, STM32C091GBU6, STM32C091GCU6, STM32C091KBT6, STM32C091KBU6, STM32C091KCT6, STM32C091KCU6, STM32C091RBT6, STM32C091RCI6, STM32C091RCT6, STM32C092CBT6, STM32C092CBU6, STM32C092CCT6, STM32C092CCU6, STM32C092ECY6TR, STM32C092FBP6, STM32C092FCP6, STM32C092GBU6, STM32C092GCU6, STM32C092KBT6, STM32C092KBU6, STM32C092KCT6, STM32C092KCU6, STM32C092RBT6, STM32C092RCI6, STM32C092RCT6, STM32G071K8TXN, STM32G071K8UXN, STM32G081GBU6N, STM32G081KBT6N, STM32G081KBUXN, STM32G0B1CCT6N, STM32G0B1KCT6, STM32G0B1NEY6TR, STM32G0B1RCT6N, STM32G0C1CCT6, STM32G0C1CCT6N, STM32G0C1CCU6N, STM32G0C1CET6N, STM32G0C1CEU6N, STM32G0C1KCT6, STM32G0C1NEY6TR, STM32G0C1RCI6N, STM32G0C1RCT6N, STM32G0C1REI6N, STM32G0C1RET6N, STM32G0C1VCI6, STM32G0C1VEI6, STM32G411C6T3, STM32G411C6T6, STM32G411C6U3, STM32G411C6U6, STM32G411C8T3, STM32G411C8T6, STM32G411C8U3, STM32G411C8U6, STM32G411CBT3, STM32G411CBT6, STM32G411CBU3, STM32G411CBU6, STM32G411K6T3, STM32G411K6T6, STM32G411K6U3, STM32G411K6U6, STM32G411K8T3, STM32G411K8T6, STM32G411K8U3, STM32G411K8U6, STM32G411KBT3, STM32G411KBT6, STM32G411KBU3, STM32G411KBU6, STM32G411M6T3, STM32G411M6T6, STM32G411M8T3, STM32G411M8T6, STM32G411MBT3, STM32G411MBT6, STM32G411R6T3, STM32G411R6T6, STM32G411R8T3, STM32G411R8T6, STM32G411RBT3, STM32G411RBT6, STM32G414CBT3, STM32G414CBT6, STM32G414CBU3, STM32G414CBU6, STM32G414CCT3, STM32G414CCT6, STM32G414CCU3, STM32G414CCU6, STM32G414MBT3, STM32G414MBT6, STM32G414MCT3, STM32G414MCT6, STM32G414RBT3, STM32G414RBT6, STM32G414RCT3, STM32G414RCT6, STM32G414VBT3, STM32G414VBT6, STM32G414VCT3, STM32G414VCT6, STM32G431CBT3Z, STM32G431RBT3Z, STM32G471CCT6, STM32G471CCU6, STM32G471CET3, STM32G471CET6, STM32G471CEU3, STM32G471CEU6, STM32G471MCT6, STM32G471MET3, STM32G471MET6, STM32G471MEY6TR, STM32G471QCT6, STM32G471QET3, STM32G471RCT6, STM32G471RET3, STM32G471RET6, STM32G471VCH6, STM32G471VCI6, STM32G471VCT6, STM32G471VEH3, STM32G471VEH6, STM32G471VEI3, STM32G471VEI6, STM32G471VET3, STM32G471VET6, STM32G473QET3Z, STM32G473RET3Z, STM32G474CCT6, STM32G491RET3Z, STM32H503CBT6, STM32H503CBU6, STM32H503EBY6TR, STM32H503KBU6, STM32H503RBT6, STM32H523CCT6, STM32H523CCU6, STM32H523CET6, STM32H523CEU6, STM32H523HEY6TR, STM32H523RCT6, STM32H523RET6, STM32H523VCI6, STM32H523VCT6, STM32H523VEI6, STM32H523VET6, STM32H523ZCJ6, STM32H523ZCT6, STM32H523ZEJ6, STM32H523ZET6, STM32H533CET6, STM32H533CEU6, STM32H533HEY6TR, STM32H533RET6, STM32H533VEI6, STM32H533VET6, STM32H533ZEJ6, STM32H533ZET6, STM32H562AGI6, STM32H562AII6, STM32H562IGK6, STM32H562IGT6, STM32H562IIK6, STM32H562IIT6, STM32H562RGT6, STM32H562RGV6, STM32H562RIT6, STM32H562RIV6, STM32H562VGT6, STM32H562VIT6, STM32H562ZGT6, STM32H562ZIT6, STM32H563AGI6, STM32H563AII3Q, STM32H563AII6, STM32H563IGK6, STM32H563IGT6, STM32H563IIK3Q, STM32H563IIK6, STM32H563IIT3Q, STM32H563IIT6, STM32H563MIY3QTR, STM32H563RGT6, STM32H563RGV6, STM32H563RIT6, STM32H563RIV6, STM32H563VGT6, STM32H563VIT3Q, STM32H563VIT6, STM32H563ZGT6, STM32H563ZIT3Q, STM32H563ZIT6, STM32H573AII3Q, STM32H573AII6, STM32H573I-DK, STM32H573IIK3Q, STM32H573IIK6, STM32H573IIT3Q, STM32H573IIT6, STM32H573MIY3QTR, STM32H573RIT6, STM32H573RIV6, STM32H573VIT3Q, STM32H573VIT6, STM32H573ZIT3Q, STM32H573ZIT6, STM32H7R3A8I6, STM32H7R3I8K6, STM32H7R3I8T6, STM32H7R3L8H6, STM32H7R3L8H6H, STM32H7R3R8V6, STM32H7R3V8H6, STM32H7R3V8T6, STM32H7R3V8Y6TR, STM32H7R3Z8J6, STM32H7R3Z8T6, STM32H7R7A8I6, STM32H7R7I8K6, STM32H7R7I8T6, STM32H7R7L8H6, STM32H7R7L8H6H, STM32H7R7Z8J6, STM32H7S3A8I6, STM32H7S3I8K6, STM32H7S3I8T6, STM32H7S3L8H6, STM32H7S3L8H6H, STM32H7S3R8V6, STM32H7S3V8H6, STM32H7S3V8T6, STM32H7S3V8Y6TR, STM32H7S3Z8J6, STM32H7S3Z8T6, STM32H7S78-DK, STM32H7S7A8I6, STM32H7S7I8K6, STM32H7S7I8T6, STM32H7S7L8H6, STM32H7S7L8H6H, STM32H7S7Z8J6, STM32L4R5QGI6STR, STM32MP131AAE3, STM32MP131AAF3, STM32MP131AAG3, STM32MP131CAE3, STM32MP131CAF3, STM32MP131CAG3, STM32MP131DAE7, STM32MP131DAF7, STM32MP131DAG7, STM32MP131FAE7, STM32MP131FAF7, STM32MP131FAG7, STM32MP133AAE3, STM32MP133AAF3, STM32MP133AAG3, STM32MP133CAE3, STM32MP133CAF3, STM32MP133CAG3, STM32MP133DAE7, STM32MP133DAF7, STM32MP133DAG7, STM32MP133FAE7, STM32MP133FAF7, STM32MP133FAG7, STM32MP135AAE3, STM32MP135AAF3, STM32MP135AAG3, STM32MP135CAE3, STM32MP135CAF3, STM32MP135CAG3, STM32MP135DAE7, STM32MP135DAF7, STM32MP135DAG7, STM32MP135F-DK, STM32MP135FAE7, STM32MP135FAF7, STM32MP135FAF7T, STM32MP135FAF7U, STM32MP135FAG7, STM32MP211AAL3, STM32MP211AAM3, STM32MP211AAN3, STM32MP211AAO3, STM32MP211CAL3, STM32MP211CAM3, STM32MP211CAN3, STM32MP211CAO3, STM32MP211DAL3, STM32MP211DAM3, STM32MP211DAN3, STM32MP211DAO3, STM32MP211FAL3, STM32MP211FAM3, STM32MP211FAN3, STM32MP211FAO3, STM32MP213AAL3, STM32MP213AAM3, STM32MP213AAN3, STM32MP213AAO3, STM32MP213CAL3, STM32MP213CAM3, STM32MP213CAN3, STM32MP213CAO3, STM32MP213DAL3, STM32MP213DAM3, STM32MP213DAN3, STM32MP213DAO3, STM32MP213FAL3, STM32MP213FAM3, STM32MP213FAN3, STM32MP213FAO3, STM32MP215AAL3, STM32MP215AAM3, STM32MP215AAN3, STM32MP215AAO3, STM32MP215CAL3, STM32MP215CAM3, STM32MP215CAN3, STM32MP215CAO3, STM32MP215DAL3, STM32MP215DAM3, STM32MP215DAN3, STM32MP215DAO3, STM32MP215F-DK, STM32MP215FAL3, STM32MP215FAM3, STM32MP215FAN3, STM32MP215FAO3, STM32MP231AAJ3, STM32MP231AAK3, STM32MP231AAL3, STM32MP231CAJ3, STM32MP231CAK3, STM32MP231CAL3, STM32MP231DAJ3, STM32MP231DAK3, STM32MP231DAL3, STM32MP231FAJ3, STM32MP231FAK3, STM32MP231FAL3, STM32MP233AAJ3, STM32MP233AAK3, STM32MP233AAL3, STM32MP233CAJ3, STM32MP233CAK3, STM32MP233CAL3, STM32MP233DAJ3, STM32MP233DAK3, STM32MP233DAL3, STM32MP233FAJ3, STM32MP233FAK3, STM32MP233FAL3, STM32MP235AAJ3, STM32MP235AAK3, STM32MP235AAL3, STM32MP235CAJ3, STM32MP235CAK3, STM32MP235CAL3, STM32MP235DAJ3, STM32MP235DAK3, STM32MP235DAL3, STM32MP235FAJ3, STM32MP235FAK3, STM32MP235FAL3, STM32MP251AAI3, STM32MP251AAK3, STM32MP251AAL3, STM32MP251CAI3, STM32MP251CAK3, STM32MP251CAL3, STM32MP251DAI3, STM32MP251DAK3, STM32MP251DAL3, STM32MP251FAI3, STM32MP251FAK3, STM32MP251FAL3, STM32MP253AAI3, STM32MP253AAK3, STM32MP253AAL3, STM32MP253CAI3, STM32MP253CAK3, STM32MP253CAL3, STM32MP253DAI3, STM32MP253DAK3, STM32MP253DAL3, STM32MP253FAI3, STM32MP253FAK3, STM32MP253FAL3, STM32MP255AAI3, STM32MP255AAK3, STM32MP255AAL3, STM32MP255CAI3, STM32MP255CAK3, STM32MP255CAL3, STM32MP255DAI3, STM32MP255DAK3, STM32MP255DAL3, STM32MP255FAI3, STM32MP255FAK3, STM32MP255FAL3, STM32MP257AAI3, STM32MP257AAK3, STM32MP257AAL3, STM32MP257CAI3, STM32MP257CAK3, STM32MP257CAL3, STM32MP257DAI3, STM32MP257DAK3, STM32MP257DAL3, STM32MP257F-DK, STM32MP257F-EV1, STM32MP257FAI3, STM32MP257FAK3, STM32MP257FAL3, STM32N645A0H3Q, STM32N645B0H3Q, STM32N645I0H3Q, STM32N645L0H3Q, STM32N645X0H3Q, STM32N645Z0H3Q, STM32N647A0H3Q, STM32N647B0H3Q, STM32N647I0H3Q, STM32N647L0H3Q, STM32N647X0H3Q, STM32N647Z0H3Q, STM32N655A0H3Q, STM32N655B0H3Q, STM32N655I0H3Q, STM32N655L0H3Q, STM32N655X0H3Q, STM32N655Z0H3Q, STM32N6570-DK, STM32N657A0H3Q, STM32N657B0H3Q, STM32N657I0H3Q, STM32N657L0H3Q, STM32N657X0H3Q, STM32N657Z0H3Q, STM32U031C6T6, STM32U031C6U6, STM32U031C8T6, STM32U031C8U6, STM32U031F4P6, STM32U031F6P6, STM32U031F8P6, STM32U031G6Y6TR, STM32U031G8Y6TR, STM32U031K4U6, STM32U031K6U6, STM32U031K8U6, STM32U031R6I6, STM32U031R6T6, STM32U031R8I6, STM32U031R8T6, STM32U073C8T6, STM32U073C8U6, STM32U073CBT6, STM32U073CBU6, STM32U073CCT6, STM32U073CCU6, STM32U073H8Y6TR, STM32U073HBY6TR, STM32U073HCY6TR, STM32U073K8U6, STM32U073KBU6, STM32U073KCU6, STM32U073M8I6, STM32U073M8T6, STM32U073MBI6, STM32U073MBT6, STM32U073MCI6, STM32U073MCT6, STM32U073R8I6, STM32U073R8T6, STM32U073RBI6, STM32U073RBT6, STM32U073RCI6, STM32U073RCT6, STM32U083C-DK, STM32U083CCT6, STM32U083CCU6, STM32U083HCY6TR, STM32U083KCU6, STM32U083MCI6, STM32U083MCT6, STM32U083RCI6, STM32U083RCT6, STM32U375CET6, STM32U375CET6Q, STM32U375CEU6, STM32U375CEU6Q, STM32U375CEY6QTR, STM32U375CGT6, STM32U375CGT6Q, STM32U375CGU6, STM32U375CGU6Q, STM32U375CGY6QTR, STM32U375KEU6, STM32U375KGU6, STM32U375REI6, STM32U375REI6Q, STM32U375RET6, STM32U375RET6Q, STM32U375REY6GTR, STM32U375REY6QTR, STM32U375RGI6, STM32U375RGI6Q, STM32U375RGT6, STM32U375RGT6Q, STM32U375RGY6GTR, STM32U375RGY6QTR, STM32U375VEI6, STM32U375VEI6Q, STM32U375VET6, STM32U375VET6Q, STM32U375VGI6, STM32U375VGI6Q, STM32U375VGT6, STM32U375VGT6Q, STM32U385CGT6, STM32U385CGT6Q, STM32U385CGU6, STM32U385CGU6Q, STM32U385CGY6QTR, STM32U385KGU6, STM32U385RGI6, STM32U385RGI6Q, STM32U385RGT6, STM32U385RGT6Q, STM32U385RGY6GTR, STM32U385RGY6QTR, STM32U385VGI6, STM32U385VGI6Q, STM32U385VGT6, STM32U385VGT6Q, STM32U535CBT6, STM32U535CBT6Q, STM32U535CBU6, STM32U535CBU6Q, STM32U535CCT6, STM32U535CCT6Q, STM32U535CCU6, STM32U535CCU6Q, STM32U535CET6, STM32U535CET6Q, STM32U535CEU6, STM32U535CEU6Q, STM32U535JEY6QTR, STM32U535NCY6QTR, STM32U535NEY6QTR, STM32U535RBI6, STM32U535RBI6Q, STM32U535RBT6, STM32U535RBT6Q, STM32U535RCI6, STM32U535RCI6Q, STM32U535RCT6, STM32U535RCT6Q, STM32U535REI6, STM32U535REI6Q, STM32U535RET6, STM32U535RET6Q, STM32U535VCI6, STM32U535VCI6Q, STM32U535VCT6, STM32U535VCT6Q, STM32U535VEI6, STM32U535VEI6Q, STM32U535VET6, STM32U535VET6Q, STM32U545CET6, STM32U545CET6Q, STM32U545CEU6, STM32U545CEU6Q, STM32U545JEY6QTR, STM32U545NEY6QTR, STM32U545REI6, STM32U545REI6Q, STM32U545RET6, STM32U545RET6Q, STM32U545VEI6, STM32U545VEI6Q, STM32U545VET6, STM32U545VET6Q, STM32U595AIH6, STM32U595AIH6Q, STM32U595AJH6, STM32U595AJH6Q, STM32U595QII6, STM32U595QII6Q, STM32U595QJI6, STM32U595QJI6Q, STM32U595RIT6, STM32U595RIT6Q, STM32U595RJT6, STM32U595RJT6Q, STM32U595VIT6, STM32U595VIT6Q, STM32U595VJT6, STM32U595VJT6Q, STM32U595ZIT6, STM32U595ZIT6Q, STM32U595ZIY6QTR, STM32U595ZJT6, STM32U595ZJT6Q, STM32U595ZJY6QTR, STM32U599BJY6QTR, STM32U599NIH6Q, STM32U599NJH6Q, STM32U599VIT6Q, STM32U599VJT6, STM32U599VJT6Q, STM32U599ZIT6Q, STM32U599ZIY6QTR, STM32U599ZJT6Q, STM32U599ZJY6QTR, STM32U5A5AJH6, STM32U5A5AJH6Q, STM32U5A5QII3Q , STM32U5A5QJI6, STM32U5A5QJI6Q, STM32U5A5RJT6, STM32U5A5RJT6Q, STM32U5A5VJT6, STM32U5A5VJT6Q, STM32U5A5ZJT6, STM32U5A5ZJT6Q, STM32U5A5ZJY6QTR, STM32U5A9BJY6QTR, STM32U5A9J-DK, STM32U5A9NJH6Q, STM32U5A9VJT6Q, STM32U5A9ZJT6Q, STM32U5A9ZJY6QTR, STM32U5F7VIT6, STM32U5F7VIT6Q, STM32U5F7VJT6, STM32U5F7VJT6Q, STM32U5F9BJY6QTR, STM32U5F9NJH6Q, STM32U5F9VIT6Q, STM32U5F9VJT6Q, STM32U5F9ZIJ6QTR, STM32U5F9ZIT6Q, STM32U5F9ZJJ6QTR, STM32U5F9ZJT6Q, STM32U5G7VJT6, STM32U5G7VJT6Q, STM32U5G9BJY6QTR, STM32U5G9J-DK1, STM32U5G9J-DK2, STM32U5G9NJH6Q, STM32U5G9VJT6Q, STM32U5G9ZJJ6QTR, STM32U5G9ZJT6Q, STM32WB05KZV6TR, STM32WB05KZV7TR, STM32WB05TZF6TR, STM32WB05TZF7TR, STM32WB06CCF6TR, STM32WB06CCF7TR, STM32WB06CCV6TR, STM32WB06CCV7TR, STM32WB06KCV6TR, STM32WB06KCV7TR, STM32WB07CCF6TR, STM32WB07CCF7TR, STM32WB07CCV6TR, STM32WB07CCV7TR, STM32WB07KCV6TR, STM32WB07KCV7TR, STM32WB09KEV6TR, STM32WB09KEV7TR, STM32WB09TEF6TR, STM32WB09TEF7TR, STM32WB1MMCH6, STM32WBA50KGU6, STM32WBA50KGU6TR, STM32WBA52CEU6, STM32WBA52CEU6TR, STM32WBA52CEU7, STM32WBA52CEU7TR, STM32WBA52CGU6, STM32WBA52CGU6TR, STM32WBA52CGU6U, STM32WBA52CGU7, STM32WBA52CGU7TR, STM32WBA52KEU6, STM32WBA52KEU6TR, STM32WBA52KGU6, STM32WBA52KGU6TR, STM32WBA54CEU6, STM32WBA54CEU6TR, STM32WBA54CEU7, STM32WBA54CEU7TR, STM32WBA54CGU6, STM32WBA54CGU6TR, STM32WBA54CGU7, STM32WBA54CGU7TR, STM32WBA54KEU6, STM32WBA54KEU6TR, STM32WBA54KEU7, STM32WBA54KEU7TR, STM32WBA54KGU6, STM32WBA54KGU6TR, STM32WBA54KGU7, STM32WBA54KGU7TR, STM32WBA55CEU6, STM32WBA55CEU6TR, STM32WBA55CEU7, STM32WBA55CEU7TR, STM32WBA55CGU6, STM32WBA55CGU6TR, STM32WBA55CGU6U, STM32WBA55CGU7, STM32WBA55CGU7TR, STM32WBA55G-DK1, STM32WBA55HEF6, STM32WBA55HEF7, STM32WBA55HGF6, STM32WBA55HGF7, STM32WBA55UEI6, STM32WBA55UEI6TR, STM32WBA55UEI7, STM32WBA55UEI7TR, STM32WBA55UGI6, STM32WBA55UGI6TR, STM32WBA55UGI7, STM32WBA55UGI7TR, STM32WBA5MMGH6TR, STM32WBA62MGF6, STM32WBA62MIF6, STM32WBA65MGF7, STM32WBA65MIF6, STM32WBA65MIF7, STM32WL30K8V6, STM32WL30KBV6, STM32WL31C8V6, STM32WL31CBV6, STM32WL31K8V6, STM32WL31KBV6, STM32WL33C8V6, STM32WL33C8V6X, STM32WL33CBV6, STM32WL33CBV6X, STM32WL33CCV6, STM32WL33CCV6A, STM32WL33CCV6X, STM32WL33K8V7, STM32WL33K8V7X, STM32WL33KBV7 , STM32WL33KBV7X, STM32WL33KCV7, STM32WL33KCV7X, STM32WL5MOCH6, STM32WL5MOCH6TR]
2025-09-09 10:40:08,421 [INFO] BoardInfo:889 - No configuration file found for board P-NUCLEO-WB55
2025-09-09 10:40:08,421 [INFO] DbBoards:161 - Kit is not supported: P-NUCLEO-WB55
2025-09-09 10:40:08,424 [INFO] BoardInfo:889 - No configuration file found for board STEVAL-BFA001V1B
2025-09-09 10:40:08,424 [INFO] DbBoards:161 - Kit is not supported: STEVAL-BFA001V1B
2025-09-09 10:40:08,425 [INFO] BoardInfo:889 - No configuration file found for board STEVAL-BFA001V2B
2025-09-09 10:40:08,425 [INFO] DbBoards:161 - Kit is not supported: STEVAL-BFA001V2B
2025-09-09 10:40:08,535 [INFO] DbBoards:168 - Found 212 boards, 209 are supported
2025-09-09 10:40:08,536 [INFO] DbBoards:169 - Found 212 boards, 43 of them is supported for  Bsp
2025-09-09 10:40:08,539 [INFO] ApiDb:423 - Load user favorites file /home/matijak/.stm32cubeide/favorites.boards.txt: 1 item(s)
2025-09-09 10:40:08,539 [INFO] ApiDb:427 - User favorites Boards=[B-L475E-IOT01A1]
2025-09-09 10:40:08,539 [INFO] DbBoards:198 - Set 1 / 1 favorites Boards
2025-09-09 10:40:08,539 [INFO] McuFinderGlobals:76 - Set McuFinderConnectedMode to true
2025-09-09 10:40:08,546 [INFO] MultiScanPanel:200 - Auto-refresh data requested => check proxy status ongoing
2025-09-09 10:40:08,548 [INFO] FinderPluginLoader:96 - Searching for filters in installed packs
2025-09-09 10:40:09,580 [INFO] LoadUrlFilesThread:185 - End of LoadServerUrlFiles without Thread
2025-09-09 10:40:09,647 [INFO] DetailPanel:341 - Set advertising image to /home/matijak/STM32Cube/Repository//en.2400x1350px.jpeg
2025-09-09 10:40:10,307 [ERROR] LogOutputStream:75 - [STDERR_REDIRECT] Sep 09, 2025 10:40:10 AM java.util.prefs.FileSystemPreferences checkLockFile0ErrorCode
2025-09-09 10:40:10,308 [ERROR] LogOutputStream:75 - [STDERR_REDIRECT] WARNING: Could not lock System prefs. Unix error code 2.
2025-09-09 10:40:10,308 [ERROR] LogOutputStream:75 - [STDERR_REDIRECT] 
2025-09-09 10:40:10,309 [ERROR] LogOutputStream:75 - [STDERR_REDIRECT] Sep 09, 2025 10:40:10 AM java.util.prefs.FileSystemPreferences syncWorld
2025-09-09 10:40:10,309 [ERROR] LogOutputStream:75 - [STDERR_REDIRECT] WARNING: Couldn't flush system prefs: java.util.prefs.BackingStoreException: Couldn't get file lock.
2025-09-09 10:40:10,310 [ERROR] LogOutputStream:75 - [STDERR_REDIRECT] 
2025-09-09 10:40:12,243 [INFO] McuFinderGlobals:76 - Set McuFinderConnectedMode to true
2025-09-09 10:40:12,769 [INFO] ApiDb:448 - Save user favorites file /home/matijak/.stm32cubeide/favorites.mcus.txt: 0 item(s)
2025-09-09 10:40:12,769 [INFO] ApiDb:452 - User favorites MCUs=[]
2025-09-09 10:40:16,183 [INFO] MainUpdater:2872 - connection check result : 10
2025-09-09 10:40:16,336 [INFO] McuFinderGlobals:76 - Set McuFinderConnectedMode to true
2025-09-09 10:40:16,337 [INFO] MultiScanPanel:200 - Auto-refresh data requested => check proxy status ongoing
2025-09-09 10:40:16,338 [INFO] FinderPluginLoader:96 - Searching for filters in installed packs
2025-09-09 10:40:17,489 [INFO] LoadUrlFilesThread:185 - End of LoadServerUrlFiles without Thread
2025-09-09 10:40:17,490 [INFO] DetailPanel:341 - Set advertising image to /home/matijak/STM32Cube/Repository//en.2400x1350px.jpeg
2025-09-09 10:40:40,313 [ERROR] LogOutputStream:75 - [STDERR_REDIRECT] Sep 09, 2025 10:40:40 AM java.util.prefs.FileSystemPreferences checkLockFile0ErrorCode
2025-09-09 10:40:40,314 [ERROR] LogOutputStream:75 - [STDERR_REDIRECT] WARNING: Could not lock System prefs. Unix error code 2.
2025-09-09 10:40:40,314 [ERROR] LogOutputStream:75 - [STDERR_REDIRECT] 
2025-09-09 10:40:40,315 [ERROR] LogOutputStream:75 - [STDERR_REDIRECT] Sep 09, 2025 10:40:40 AM java.util.prefs.FileSystemPreferences syncWorld
2025-09-09 10:40:40,316 [ERROR] LogOutputStream:75 - [STDERR_REDIRECT] WARNING: Couldn't flush system prefs: java.util.prefs.BackingStoreException: Couldn't get file lock.
2025-09-09 10:40:40,316 [ERROR] LogOutputStream:75 - [STDERR_REDIRECT] 
2025-09-09 10:41:10,308 [ERROR] LogOutputStream:75 - [STDERR_REDIRECT] Sep 09, 2025 10:41:10 AM java.util.prefs.FileSystemPreferences checkLockFile0ErrorCode
2025-09-09 10:41:10,308 [ERROR] LogOutputStream:75 - [STDERR_REDIRECT] WARNING: Could not lock System prefs. Unix error code 2.
2025-09-09 10:41:10,308 [ERROR] LogOutputStream:75 - [STDERR_REDIRECT] 
2025-09-09 10:41:10,309 [ERROR] LogOutputStream:75 - [STDERR_REDIRECT] Sep 09, 2025 10:41:10 AM java.util.prefs.FileSystemPreferences syncWorld
2025-09-09 10:41:10,310 [ERROR] LogOutputStream:75 - [STDERR_REDIRECT] WARNING: Couldn't flush system prefs: java.util.prefs.BackingStoreException: Couldn't get file lock.
2025-09-09 10:41:10,310 [ERROR] LogOutputStream:75 - [STDERR_REDIRECT] 
2025-09-09 10:41:21,974 [INFO] MultiScanPanel:200 - Auto-refresh data requested => check proxy status ongoing
2025-09-09 10:41:22,100 [INFO] LoadUrlFilesThread:185 - End of LoadServerUrlFiles without Thread
2025-09-09 10:41:22,101 [INFO] DetailPanel:341 - Set advertising image to /home/matijak/STM32Cube/Repository//en.2400x1350px.jpeg
2025-09-09 10:41:22,115 [INFO] MultiScanPanel:728 - adjusting invalid saved split location: 2.23
2025-09-09 10:41:22,117 [INFO] DbBoards:642 - Loading board mini-images...
2025-09-09 10:41:24,654 [ERROR] DbBoards:659 - Image file not found for board STM32MP215F-DK: /home/matijak/.stmcufinder/plugins/mcufinder//mcu//boards_images/STM32MP215F-DK.jpg
2025-09-09 10:41:24,743 [INFO] DbBoards:665 - Loaded 211 board mini-images
2025-09-09 10:41:24,772 [INFO] MultiScanPanel:728 - adjusting invalid saved split location: 2.23
2025-09-09 10:41:25,542 [INFO] MultiScanPanel:200 - Auto-refresh data requested => check proxy status ongoing
2025-09-09 10:41:25,546 [INFO] ApiDb:668 - CubeFinder database Data Model version=2.1
2025-09-09 10:41:25,546 [INFO] ApiDb:669 - CubeFinder database Configuration version=3.0.39
2025-09-09 10:41:25,546 [INFO] ApiDb:670 - CubeFinder database generation date=2025-07-24 (1753349077)
2025-09-09 10:41:25,546 [INFO] ApiDb:671 - CubeFinder database FW Pack versions=[FP-ATR-ASTRA1_V2.0.0, FP-SNS-FLIGHT1_V5.1.0, FP-SNS-MOTENV1_V5.0.0, FP-SNS-MOTENVWB1_V1.4.0, FP-SNS-SMARTAG2_V1.2.0, FP-SNS-STBOX1_V2.0.0, STM32Cube_FW_C0_V1.4.0, STM32Cube_FW_F4_V1.28.2, STM32Cube_FW_F7_V1.17.3, STM32Cube_FW_G0_V1.6.2, STM32Cube_FW_G4_V1.6.1, STM32Cube_FW_H5_V1.5.0, STM32Cube_FW_H7RS_V1.2.0, STM32Cube_FW_H7_V1.12.1, STM32Cube_FW_L0_V1.12.2, STM32Cube_FW_L4_V1.18.1, STM32Cube_FW_L5_V1.5.1, STM32Cube_FW_N6_V1.2.0, STM32Cube_FW_U0_V1.3.0, STM32Cube_FW_U3_V1.2.0, STM32Cube_FW_U5_V1.8.0, STM32Cube_FW_WB0_V1.3.0, STM32Cube_FW_WBA_V1.7.0, STM32Cube_FW_WB_V1.23.0, STM32Cube_FW_WL3_V1.2.0, STM32Cube_FW_WL_V1.3.1, X-CUBE-ALGOBUILD_V1.4.0, X-CUBE-ALS_V1.0.2, X-CUBE-AZRTOS-F4_V1.1.0, X-CUBE-AZRTOS-F7_V1.1.0, X-CUBE-AZRTOS-G0_V1.1.0, X-CUBE-AZRTOS-G4_V2.0.0, X-CUBE-AZRTOS-H7RS_V1.1.0, X-CUBE-AZRTOS-H7_V3.4.0, X-CUBE-AZRTOS-L4_V2.0.0, X-CUBE-AZRTOS-L5_V2.0.0, X-CUBE-AZRTOS-WB_V2.0.0, X-CUBE-AZRTOS-WL_V2.0.0, X-CUBE-BLE1_V7.1.0, X-CUBE-BLE2_V3.3.0, X-CUBE-BLEMGR_V4.1.0, X-CUBE-EEPRMA1_V5.2.0, X-CUBE-FREERTOS_V1.3.1, X-CUBE-GNSS1_V6.0.0, X-CUBE-MEMS1_V11.3.0, X-CUBE-NFC4_V3.0.0, X-CUBE-NFC7_V2.0.0, X-CUBE-SFXS2LP1_V4.0.0, X-CUBE-ST67W61_V1.0.0, X-CUBE-SUBG2_V5.0.0, X-CUBE-TOF1_V3.4.3]
2025-09-09 10:41:26,213 [ERROR] DbExamplesSqlite:437 - Missing JSON key: board_cpn
2025-09-09 10:41:26,213 [ERROR] DbExamplesSqlite:437 - Missing JSON key: board_cpn
2025-09-09 10:41:26,213 [ERROR] DbExamplesSqlite:437 - Missing JSON key: board_cpn
2025-09-09 10:41:26,214 [ERROR] DbExamplesSqlite:437 - Missing JSON key: board_cpn
2025-09-09 10:41:26,295 [ERROR] DbExamplesSqlite:437 - Missing JSON key: board_cpn
2025-09-09 10:41:26,296 [ERROR] DbExamplesSqlite:437 - Missing JSON key: board_cpn
2025-09-09 10:41:26,296 [ERROR] DbExamplesSqlite:437 - Missing JSON key: board_cpn
2025-09-09 10:41:26,296 [ERROR] DbExamplesSqlite:437 - Missing JSON key: board_cpn
2025-09-09 10:41:26,296 [ERROR] DbExamplesSqlite:437 - Missing JSON key: board_cpn
2025-09-09 10:41:26,296 [ERROR] DbExamplesSqlite:437 - Missing JSON key: board_cpn
2025-09-09 10:41:26,296 [ERROR] DbExamplesSqlite:437 - Missing JSON key: board_cpn
2025-09-09 10:41:26,296 [ERROR] DbExamplesSqlite:437 - Missing JSON key: board_cpn
2025-09-09 10:41:26,297 [ERROR] DbExamplesSqlite:437 - Missing JSON key: board_cpn
2025-09-09 10:41:26,400 [ERROR] DbExamplesSqlite:437 - Missing JSON key: board_cpn
2025-09-09 10:41:26,400 [ERROR] DbExamplesSqlite:437 - Missing JSON key: board_cpn
2025-09-09 10:41:26,401 [INFO] DbExamplesSqlite:395 - Ignored 33 examples not supported by CubeIDE
2025-09-09 10:41:26,401 [INFO] DbExamplesSqlite:396 - Found 10866 examples active
2025-09-09 10:41:26,401 [INFO] DbExamplesSqlite:397 - Found 0 examples obsolete
2025-09-09 10:41:26,402 [INFO] DbExamplesSqlite:398 - Found 0 examples under development
2025-09-09 10:41:26,402 [INFO] DbExamplesSqlite:399 - Found 65 examples not building
2025-09-09 10:41:26,404 [INFO] DbExamples:125 - Found 10898 examples
2025-09-09 10:41:26,417 [INFO] DbExamples:222 - Found 134 boards with related examples
2025-09-09 10:41:26,419 [INFO] DbExamples:235 - Found 111 MCUs with related examples
2025-09-09 10:41:26,444 [INFO] ApiDb:423 - Load user favorites file /home/matijak/.stm32cubeide/favorites.examples.txt: 0 item(s)
2025-09-09 10:41:26,444 [INFO] ApiDb:427 - User favorites Examples=[]
2025-09-09 10:41:26,445 [INFO] DbExamples:250 - Set 0 / 0 favorites Examples
2025-09-09 10:41:26,805 [INFO] SoftwarePacks:127 - Download is needed for SW pack 'FP-ATR-ASTRA1_V2.0.0'
2025-09-09 10:41:26,806 [INFO] SoftwarePacks:127 - Download is needed for SW pack 'FP-SNS-FLIGHT1_V5.1.0'
2025-09-09 10:41:26,806 [INFO] SoftwarePacks:127 - Download is needed for SW pack 'FP-SNS-MOTENV1_V5.0.0'
2025-09-09 10:41:26,806 [INFO] SoftwarePacks:127 - Download is needed for SW pack 'FP-SNS-MOTENVWB1_V1.4.0'
2025-09-09 10:41:26,807 [INFO] SoftwarePacks:127 - Download is needed for SW pack 'FP-SNS-SMARTAG2_V1.2.0'
2025-09-09 10:41:26,807 [INFO] SoftwarePacks:127 - Download is needed for SW pack 'FP-SNS-STBOX1_V2.0.0'
2025-09-09 10:41:26,815 [INFO] SoftwarePacks:127 - Download is needed for SW pack 'STM32Cube_FW_C0_V1.4.0'
2025-09-09 10:41:26,843 [INFO] SoftwarePacks:127 - Download is needed for SW pack 'STM32Cube_FW_F4_V1.28.2'
2025-09-09 10:41:26,849 [INFO] SoftwarePacks:127 - Download is needed for SW pack 'STM32Cube_FW_F7_V1.17.3'
2025-09-09 10:41:26,855 [INFO] SoftwarePacks:127 - Download is needed for SW pack 'STM32Cube_FW_G0_V1.6.2'
2025-09-09 10:41:26,860 [INFO] SoftwarePacks:131 - Found SW pack 'STM32Cube_FW_G4_V1.6.1' up-to-date on disk.
2025-09-09 10:41:26,865 [INFO] SoftwarePacks:127 - Download is needed for SW pack 'STM32Cube_FW_H5_V1.5.0'
2025-09-09 10:41:26,870 [INFO] SoftwarePacks:127 - Download is needed for SW pack 'STM32Cube_FW_H7RS_V1.2.0'
2025-09-09 10:41:26,875 [INFO] SoftwarePacks:127 - Download is needed for SW pack 'STM32Cube_FW_H7_V1.12.1'
2025-09-09 10:41:26,880 [INFO] SoftwarePacks:127 - Download is needed for SW pack 'STM32Cube_FW_L0_V1.12.2'
2025-09-09 10:41:26,885 [INFO] SoftwarePacks:131 - Found SW pack 'STM32Cube_FW_L4_V1.18.1' up-to-date on disk.
2025-09-09 10:41:26,890 [INFO] SoftwarePacks:127 - Download is needed for SW pack 'STM32Cube_FW_L5_V1.5.1'
2025-09-09 10:41:26,897 [INFO] SoftwarePacks:127 - Download is needed for SW pack 'STM32Cube_FW_N6_V1.2.0'
2025-09-09 10:41:26,904 [INFO] SoftwarePacks:127 - Download is needed for SW pack 'STM32Cube_FW_U0_V1.3.0'
2025-09-09 10:41:26,910 [INFO] SoftwarePacks:127 - Download is needed for SW pack 'STM32Cube_FW_U3_V1.2.0'
2025-09-09 10:41:26,914 [INFO] SoftwarePacks:127 - Download is needed for SW pack 'STM32Cube_FW_U5_V1.8.0'
2025-09-09 10:41:26,917 [INFO] SoftwarePacks:127 - Download is needed for SW pack 'STM32Cube_FW_WB0_V1.3.0'
2025-09-09 10:41:26,920 [INFO] SoftwarePacks:127 - Download is needed for SW pack 'STM32Cube_FW_WBA_V1.7.0'
2025-09-09 10:41:26,924 [INFO] SoftwarePacks:127 - Download is needed for SW pack 'STM32Cube_FW_WB_V1.23.0'
2025-09-09 10:41:26,927 [INFO] SoftwarePacks:127 - Download is needed for SW pack 'STM32Cube_FW_WL3_V1.2.0'
2025-09-09 10:41:26,930 [INFO] SoftwarePacks:127 - Download is needed for SW pack 'STM32Cube_FW_WL_V1.3.1'
2025-09-09 10:41:26,930 [INFO] SoftwarePacks:127 - Download is needed for SW pack 'X-CUBE-ALGOBUILD_V1.4.0'
2025-09-09 10:41:26,931 [INFO] SoftwarePacks:127 - Download is needed for SW pack 'X-CUBE-ALS_V1.0.2'
2025-09-09 10:41:26,931 [INFO] SoftwarePacks:127 - Download is needed for SW pack 'X-CUBE-AZRTOS-F4_V1.1.0'
2025-09-09 10:41:26,931 [INFO] SoftwarePacks:127 - Download is needed for SW pack 'X-CUBE-AZRTOS-F7_V1.1.0'
2025-09-09 10:41:26,931 [INFO] SoftwarePacks:127 - Download is needed for SW pack 'X-CUBE-AZRTOS-G0_V1.1.0'
2025-09-09 10:41:26,931 [INFO] SoftwarePacks:127 - Download is needed for SW pack 'X-CUBE-AZRTOS-G4_V2.0.0'
2025-09-09 10:41:26,931 [INFO] SoftwarePacks:127 - Download is needed for SW pack 'X-CUBE-AZRTOS-H7RS_V1.1.0'
2025-09-09 10:41:26,931 [INFO] SoftwarePacks:127 - Download is needed for SW pack 'X-CUBE-AZRTOS-H7_V3.4.0'
2025-09-09 10:41:26,931 [INFO] SoftwarePacks:127 - Download is needed for SW pack 'X-CUBE-AZRTOS-L4_V2.0.0'
2025-09-09 10:41:26,931 [INFO] SoftwarePacks:127 - Download is needed for SW pack 'X-CUBE-AZRTOS-L5_V2.0.0'
2025-09-09 10:41:26,931 [INFO] SoftwarePacks:127 - Download is needed for SW pack 'X-CUBE-AZRTOS-WB_V2.0.0'
2025-09-09 10:41:26,931 [INFO] SoftwarePacks:127 - Download is needed for SW pack 'X-CUBE-AZRTOS-WL_V2.0.0'
2025-09-09 10:41:26,932 [INFO] SoftwarePacks:127 - Download is needed for SW pack 'X-CUBE-BLE1_V7.1.0'
2025-09-09 10:41:26,932 [INFO] SoftwarePacks:127 - Download is needed for SW pack 'X-CUBE-BLE2_V3.3.0'
2025-09-09 10:41:26,932 [INFO] SoftwarePacks:127 - Download is needed for SW pack 'X-CUBE-BLEMGR_V4.1.0'
2025-09-09 10:41:26,932 [INFO] SoftwarePacks:127 - Download is needed for SW pack 'X-CUBE-EEPRMA1_V5.2.0'
2025-09-09 10:41:26,932 [INFO] SoftwarePacks:127 - Download is needed for SW pack 'X-CUBE-FREERTOS_V1.3.1'
2025-09-09 10:41:26,932 [INFO] SoftwarePacks:127 - Download is needed for SW pack 'X-CUBE-GNSS1_V6.0.0'
2025-09-09 10:41:26,932 [INFO] SoftwarePacks:127 - Download is needed for SW pack 'X-CUBE-MEMS1_V11.3.0'
2025-09-09 10:41:26,932 [INFO] SoftwarePacks:127 - Download is needed for SW pack 'X-CUBE-NFC4_V3.0.0'
2025-09-09 10:41:26,932 [INFO] SoftwarePacks:127 - Download is needed for SW pack 'X-CUBE-NFC7_V2.0.0'
2025-09-09 10:41:26,932 [INFO] SoftwarePacks:127 - Download is needed for SW pack 'X-CUBE-SFXS2LP1_V4.0.0'
2025-09-09 10:41:26,932 [INFO] SoftwarePacks:127 - Download is needed for SW pack 'X-CUBE-ST67W61_V1.0.0'
2025-09-09 10:41:26,933 [INFO] SoftwarePacks:127 - Download is needed for SW pack 'X-CUBE-SUBG2_V5.0.0'
2025-09-09 10:41:26,933 [INFO] SoftwarePacks:127 - Download is needed for SW pack 'X-CUBE-TOF1_V3.4.3'
2025-09-09 10:41:27,635 [INFO] LoadUrlFilesThread:185 - End of LoadServerUrlFiles without Thread
2025-09-09 10:41:27,635 [INFO] DetailPanel:341 - Set advertising image to /home/matijak/STM32Cube/Repository//en.2400x1350px.jpeg
2025-09-09 10:41:28,147 [ERROR] AppliInfo:139 - Unknown STM32CubeMX version: 6.12.1
2025-09-09 10:41:33,246 [ERROR] AppliInfo:139 - Unknown STM32CubeMX version: 6.12.1
2025-09-09 10:41:40,308 [ERROR] LogOutputStream:75 - [STDERR_REDIRECT] Sep 09, 2025 10:41:40 AM java.util.prefs.FileSystemPreferences checkLockFile0ErrorCode
2025-09-09 10:41:40,309 [ERROR] LogOutputStream:75 - [STDERR_REDIRECT] WARNING: Could not lock System prefs. Unix error code 2.
2025-09-09 10:41:40,309 [ERROR] LogOutputStream:75 - [STDERR_REDIRECT] 
2025-09-09 10:41:40,311 [ERROR] LogOutputStream:75 - [STDERR_REDIRECT] Sep 09, 2025 10:41:40 AM java.util.prefs.FileSystemPreferences syncWorld
2025-09-09 10:41:40,312 [ERROR] LogOutputStream:75 - [STDERR_REDIRECT] WARNING: Couldn't flush system prefs: java.util.prefs.BackingStoreException: Couldn't get file lock.
2025-09-09 10:41:40,312 [ERROR] LogOutputStream:75 - [STDERR_REDIRECT] 
2025-09-09 10:41:56,459 [INFO] SoftwarePacks:190 - Size of SW pack 'STM32Cube_FW_L4_V1.18.1' is: 978.0 MB
2025-09-09 10:42:10,309 [ERROR] LogOutputStream:75 - [STDERR_REDIRECT] Sep 09, 2025 10:42:10 AM java.util.prefs.FileSystemPreferences checkLockFile0ErrorCode
2025-09-09 10:42:10,310 [ERROR] LogOutputStream:75 - [STDERR_REDIRECT] WARNING: Could not lock System prefs. Unix error code 2.
2025-09-09 10:42:10,310 [ERROR] LogOutputStream:75 - [STDERR_REDIRECT] 
2025-09-09 10:42:10,311 [ERROR] LogOutputStream:75 - [STDERR_REDIRECT] Sep 09, 2025 10:42:10 AM java.util.prefs.FileSystemPreferences syncWorld
2025-09-09 10:42:10,312 [ERROR] LogOutputStream:75 - [STDERR_REDIRECT] WARNING: Couldn't flush system prefs: java.util.prefs.BackingStoreException: Couldn't get file lock.
2025-09-09 10:42:10,313 [ERROR] LogOutputStream:75 - [STDERR_REDIRECT] 
2025-09-09 10:42:40,308 [ERROR] LogOutputStream:75 - [STDERR_REDIRECT] Sep 09, 2025 10:42:40 AM java.util.prefs.FileSystemPreferences checkLockFile0ErrorCode
2025-09-09 10:42:40,309 [ERROR] LogOutputStream:75 - [STDERR_REDIRECT] WARNING: Could not lock System prefs. Unix error code 2.
2025-09-09 10:42:40,309 [ERROR] LogOutputStream:75 - [STDERR_REDIRECT] 
2025-09-09 10:42:40,310 [ERROR] LogOutputStream:75 - [STDERR_REDIRECT] Sep 09, 2025 10:42:40 AM java.util.prefs.FileSystemPreferences syncWorld
2025-09-09 10:42:40,311 [ERROR] LogOutputStream:75 - [STDERR_REDIRECT] WARNING: Couldn't flush system prefs: java.util.prefs.BackingStoreException: Couldn't get file lock.
2025-09-09 10:42:40,311 [ERROR] LogOutputStream:75 - [STDERR_REDIRECT] 
2025-09-09 10:43:10,308 [ERROR] LogOutputStream:75 - [STDERR_REDIRECT] Sep 09, 2025 10:43:10 AM java.util.prefs.FileSystemPreferences checkLockFile0ErrorCode
2025-09-09 10:43:10,309 [ERROR] LogOutputStream:75 - [STDERR_REDIRECT] WARNING: Could not lock System prefs. Unix error code 2.
2025-09-09 10:43:10,309 [ERROR] LogOutputStream:75 - [STDERR_REDIRECT] 
2025-09-09 10:43:10,310 [ERROR] LogOutputStream:75 - [STDERR_REDIRECT] Sep 09, 2025 10:43:10 AM java.util.prefs.FileSystemPreferences syncWorld
2025-09-09 10:43:10,311 [ERROR] LogOutputStream:75 - [STDERR_REDIRECT] WARNING: Couldn't flush system prefs: java.util.prefs.BackingStoreException: Couldn't get file lock.
2025-09-09 10:43:10,312 [ERROR] LogOutputStream:75 - [STDERR_REDIRECT] 
2025-09-09 10:43:40,308 [ERROR] LogOutputStream:75 - [STDERR_REDIRECT] Sep 09, 2025 10:43:40 AM java.util.prefs.FileSystemPreferences checkLockFile0ErrorCode
2025-09-09 10:43:40,309 [ERROR] LogOutputStream:75 - [STDERR_REDIRECT] WARNING: Could not lock System prefs. Unix error code 2.
2025-09-09 10:43:40,309 [ERROR] LogOutputStream:75 - [STDERR_REDIRECT] 
2025-09-09 10:43:40,311 [ERROR] LogOutputStream:75 - [STDERR_REDIRECT] Sep 09, 2025 10:43:40 AM java.util.prefs.FileSystemPreferences syncWorld
2025-09-09 10:43:40,312 [ERROR] LogOutputStream:75 - [STDERR_REDIRECT] WARNING: Couldn't flush system prefs: java.util.prefs.BackingStoreException: Couldn't get file lock.
2025-09-09 10:43:40,312 [ERROR] LogOutputStream:75 - [STDERR_REDIRECT] 
2025-09-09 10:43:46,659 [INFO] McuFinderGlobals:76 - Set McuFinderConnectedMode to true
2025-09-09 10:43:47,310 [INFO] ApiDb:448 - Save user favorites file /home/matijak/.stm32cubeide/favorites.mcus.txt: 0 item(s)
2025-09-09 10:43:47,310 [INFO] ApiDb:452 - User favorites MCUs=[]
2025-09-09 10:43:47,311 [INFO] ApiDb:448 - Save user favorites file /home/matijak/.stm32cubeide/favorites.boards.txt: 1 item(s)
2025-09-09 10:43:47,311 [INFO] ApiDb:452 - User favorites Boards=[B-L475E-IOT01A1]
2025-09-09 10:43:47,314 [INFO] ApiDb:448 - Save user favorites file /home/matijak/.stm32cubeide/favorites.examples.txt: 0 item(s)
2025-09-09 10:43:47,315 [INFO] ApiDb:452 - User favorites Examples=[]
2025-09-09 10:44:10,317 [ERROR] LogOutputStream:75 - [STDERR_REDIRECT] Sep 09, 2025 10:44:10 AM java.util.prefs.FileSystemPreferences checkLockFile0ErrorCode
2025-09-09 10:44:10,318 [ERROR] LogOutputStream:75 - [STDERR_REDIRECT] WARNING: Could not lock System prefs. Unix error code 2.
2025-09-09 10:44:10,318 [ERROR] LogOutputStream:75 - [STDERR_REDIRECT] 
2025-09-09 10:44:10,319 [ERROR] LogOutputStream:75 - [STDERR_REDIRECT] Sep 09, 2025 10:44:10 AM java.util.prefs.FileSystemPreferences syncWorld
2025-09-09 10:44:10,320 [ERROR] LogOutputStream:75 - [STDERR_REDIRECT] WARNING: Couldn't flush system prefs: java.util.prefs.BackingStoreException: Couldn't get file lock.
2025-09-09 10:44:10,320 [ERROR] LogOutputStream:75 - [STDERR_REDIRECT] 
2025-09-09 10:44:40,307 [ERROR] LogOutputStream:75 - [STDERR_REDIRECT] Sep 09, 2025 10:44:40 AM java.util.prefs.FileSystemPreferences checkLockFile0ErrorCode
2025-09-09 10:44:40,308 [ERROR] LogOutputStream:75 - [STDERR_REDIRECT] WARNING: Could not lock System prefs. Unix error code 2.
2025-09-09 10:44:40,308 [ERROR] LogOutputStream:75 - [STDERR_REDIRECT] 
2025-09-09 10:44:40,309 [ERROR] LogOutputStream:75 - [STDERR_REDIRECT] Sep 09, 2025 10:44:40 AM java.util.prefs.FileSystemPreferences syncWorld
2025-09-09 10:44:40,310 [ERROR] LogOutputStream:75 - [STDERR_REDIRECT] WARNING: Couldn't flush system prefs: java.util.prefs.BackingStoreException: Couldn't get file lock.
2025-09-09 10:44:40,310 [ERROR] LogOutputStream:75 - [STDERR_REDIRECT] 
2025-09-09 10:45:10,308 [ERROR] LogOutputStream:75 - [STDERR_REDIRECT] Sep 09, 2025 10:45:10 AM java.util.prefs.FileSystemPreferences checkLockFile0ErrorCode
2025-09-09 10:45:10,309 [ERROR] LogOutputStream:75 - [STDERR_REDIRECT] WARNING: Could not lock System prefs. Unix error code 2.
2025-09-09 10:45:10,309 [ERROR] LogOutputStream:75 - [STDERR_REDIRECT] 
2025-09-09 10:45:10,309 [ERROR] LogOutputStream:75 - [STDERR_REDIRECT] Sep 09, 2025 10:45:10 AM java.util.prefs.FileSystemPreferences syncWorld
2025-09-09 10:45:10,310 [ERROR] LogOutputStream:75 - [STDERR_REDIRECT] WARNING: Couldn't flush system prefs: java.util.prefs.BackingStoreException: Couldn't get file lock.
2025-09-09 10:45:10,310 [ERROR] LogOutputStream:75 - [STDERR_REDIRECT] 
2025-09-09 10:45:40,308 [ERROR] LogOutputStream:75 - [STDERR_REDIRECT] Sep 09, 2025 10:45:40 AM java.util.prefs.FileSystemPreferences checkLockFile0ErrorCode
2025-09-09 10:45:40,309 [ERROR] LogOutputStream:75 - [STDERR_REDIRECT] WARNING: Could not lock System prefs. Unix error code 2.
2025-09-09 10:45:40,309 [ERROR] LogOutputStream:75 - [STDERR_REDIRECT] 
2025-09-09 10:45:40,310 [ERROR] LogOutputStream:75 - [STDERR_REDIRECT] Sep 09, 2025 10:45:40 AM java.util.prefs.FileSystemPreferences syncWorld
2025-09-09 10:45:40,311 [ERROR] LogOutputStream:75 - [STDERR_REDIRECT] WARNING: Couldn't flush system prefs: java.util.prefs.BackingStoreException: Couldn't get file lock.
2025-09-09 10:45:40,311 [ERROR] LogOutputStream:75 - [STDERR_REDIRECT] 
2025-09-09 10:46:10,308 [ERROR] LogOutputStream:75 - [STDERR_REDIRECT] Sep 09, 2025 10:46:10 AM java.util.prefs.FileSystemPreferences checkLockFile0ErrorCode
2025-09-09 10:46:10,309 [ERROR] LogOutputStream:75 - [STDERR_REDIRECT] WARNING: Could not lock System prefs. Unix error code 2.
2025-09-09 10:46:10,309 [ERROR] LogOutputStream:75 - [STDERR_REDIRECT] 
2025-09-09 10:46:10,310 [ERROR] LogOutputStream:75 - [STDERR_REDIRECT] Sep 09, 2025 10:46:10 AM java.util.prefs.FileSystemPreferences syncWorld
2025-09-09 10:46:10,311 [ERROR] LogOutputStream:75 - [STDERR_REDIRECT] WARNING: Couldn't flush system prefs: java.util.prefs.BackingStoreException: Couldn't get file lock.
2025-09-09 10:46:10,311 [ERROR] LogOutputStream:75 - [STDERR_REDIRECT] 
2025-09-09 10:46:40,309 [ERROR] LogOutputStream:75 - [STDERR_REDIRECT] Sep 09, 2025 10:46:40 AM java.util.prefs.FileSystemPreferences checkLockFile0ErrorCode
2025-09-09 10:46:40,310 [ERROR] LogOutputStream:75 - [STDERR_REDIRECT] WARNING: Could not lock System prefs. Unix error code 2.
2025-09-09 10:46:40,310 [ERROR] LogOutputStream:75 - [STDERR_REDIRECT] 
2025-09-09 10:46:40,311 [ERROR] LogOutputStream:75 - [STDERR_REDIRECT] Sep 09, 2025 10:46:40 AM java.util.prefs.FileSystemPreferences syncWorld
2025-09-09 10:46:40,312 [ERROR] LogOutputStream:75 - [STDERR_REDIRECT] WARNING: Couldn't flush system prefs: java.util.prefs.BackingStoreException: Couldn't get file lock.
2025-09-09 10:46:40,312 [ERROR] LogOutputStream:75 - [STDERR_REDIRECT] 
2025-09-09 10:47:10,310 [ERROR] LogOutputStream:75 - [STDERR_REDIRECT] Sep 09, 2025 10:47:10 AM java.util.prefs.FileSystemPreferences checkLockFile0ErrorCode
2025-09-09 10:47:10,311 [ERROR] LogOutputStream:75 - [STDERR_REDIRECT] WARNING: Could not lock System prefs. Unix error code 2.
2025-09-09 10:47:10,312 [ERROR] LogOutputStream:75 - [STDERR_REDIRECT] 
2025-09-09 10:47:10,313 [ERROR] LogOutputStream:75 - [STDERR_REDIRECT] Sep 09, 2025 10:47:10 AM java.util.prefs.FileSystemPreferences syncWorld
2025-09-09 10:47:10,315 [ERROR] LogOutputStream:75 - [STDERR_REDIRECT] WARNING: Couldn't flush system prefs: java.util.prefs.BackingStoreException: Couldn't get file lock.
2025-09-09 10:47:10,315 [ERROR] LogOutputStream:75 - [STDERR_REDIRECT] 
2025-09-09 10:47:40,309 [ERROR] LogOutputStream:75 - [STDERR_REDIRECT] Sep 09, 2025 10:47:40 AM java.util.prefs.FileSystemPreferences checkLockFile0ErrorCode
2025-09-09 10:47:40,310 [ERROR] LogOutputStream:75 - [STDERR_REDIRECT] WARNING: Could not lock System prefs. Unix error code 2.
2025-09-09 10:47:40,310 [ERROR] LogOutputStream:75 - [STDERR_REDIRECT] 
2025-09-09 10:47:40,312 [ERROR] LogOutputStream:75 - [STDERR_REDIRECT] Sep 09, 2025 10:47:40 AM java.util.prefs.FileSystemPreferences syncWorld
2025-09-09 10:47:40,313 [ERROR] LogOutputStream:75 - [STDERR_REDIRECT] WARNING: Couldn't flush system prefs: java.util.prefs.BackingStoreException: Couldn't get file lock.
2025-09-09 10:47:40,313 [ERROR] LogOutputStream:75 - [STDERR_REDIRECT] 
2025-09-09 10:48:10,310 [ERROR] LogOutputStream:75 - [STDERR_REDIRECT] Sep 09, 2025 10:48:10 AM java.util.prefs.FileSystemPreferences checkLockFile0ErrorCode
2025-09-09 10:48:10,311 [ERROR] LogOutputStream:75 - [STDERR_REDIRECT] WARNING: Could not lock System prefs. Unix error code 2.
2025-09-09 10:48:10,311 [ERROR] LogOutputStream:75 - [STDERR_REDIRECT] 
2025-09-09 10:48:10,312 [ERROR] LogOutputStream:75 - [STDERR_REDIRECT] Sep 09, 2025 10:48:10 AM java.util.prefs.FileSystemPreferences syncWorld
2025-09-09 10:48:10,313 [ERROR] LogOutputStream:75 - [STDERR_REDIRECT] WARNING: Couldn't flush system prefs: java.util.prefs.BackingStoreException: Couldn't get file lock.
2025-09-09 10:48:10,313 [ERROR] LogOutputStream:75 - [STDERR_REDIRECT] 
2025-09-09 10:48:40,310 [ERROR] LogOutputStream:75 - [STDERR_REDIRECT] Sep 09, 2025 10:48:40 AM java.util.prefs.FileSystemPreferences checkLockFile0ErrorCode
2025-09-09 10:48:40,311 [ERROR] LogOutputStream:75 - [STDERR_REDIRECT] WARNING: Could not lock System prefs. Unix error code 2.
2025-09-09 10:48:40,311 [ERROR] LogOutputStream:75 - [STDERR_REDIRECT] 
2025-09-09 10:48:40,311 [ERROR] LogOutputStream:75 - [STDERR_REDIRECT] Sep 09, 2025 10:48:40 AM java.util.prefs.FileSystemPreferences syncWorld
2025-09-09 10:48:40,312 [ERROR] LogOutputStream:75 - [STDERR_REDIRECT] WARNING: Couldn't flush system prefs: java.util.prefs.BackingStoreException: Couldn't get file lock.
2025-09-09 10:48:40,312 [ERROR] LogOutputStream:75 - [STDERR_REDIRECT] 
2025-09-09 10:49:10,311 [ERROR] LogOutputStream:75 - [STDERR_REDIRECT] Sep 09, 2025 10:49:10 AM java.util.prefs.FileSystemPreferences checkLockFile0ErrorCode
2025-09-09 10:49:10,311 [ERROR] LogOutputStream:75 - [STDERR_REDIRECT] WARNING: Could not lock System prefs. Unix error code 2.
2025-09-09 10:49:10,311 [ERROR] LogOutputStream:75 - [STDERR_REDIRECT] 
2025-09-09 10:49:10,312 [ERROR] LogOutputStream:75 - [STDERR_REDIRECT] Sep 09, 2025 10:49:10 AM java.util.prefs.FileSystemPreferences syncWorld
2025-09-09 10:49:10,313 [ERROR] LogOutputStream:75 - [STDERR_REDIRECT] WARNING: Couldn't flush system prefs: java.util.prefs.BackingStoreException: Couldn't get file lock.
2025-09-09 10:49:10,313 [ERROR] LogOutputStream:75 - [STDERR_REDIRECT] 
2025-09-09 10:49:40,312 [ERROR] LogOutputStream:75 - [STDERR_REDIRECT] Sep 09, 2025 10:49:40 AM java.util.prefs.FileSystemPreferences checkLockFile0ErrorCode
2025-09-09 10:49:40,313 [ERROR] LogOutputStream:75 - [STDERR_REDIRECT] WARNING: Could not lock System prefs. Unix error code 2.
2025-09-09 10:49:40,313 [ERROR] LogOutputStream:75 - [STDERR_REDIRECT] 
2025-09-09 10:49:40,314 [ERROR] LogOutputStream:75 - [STDERR_REDIRECT] Sep 09, 2025 10:49:40 AM java.util.prefs.FileSystemPreferences syncWorld
2025-09-09 10:49:40,315 [ERROR] LogOutputStream:75 - [STDERR_REDIRECT] WARNING: Couldn't flush system prefs: java.util.prefs.BackingStoreException: Couldn't get file lock.
2025-09-09 10:49:40,315 [ERROR] LogOutputStream:75 - [STDERR_REDIRECT] 
2025-09-09 10:50:10,312 [ERROR] LogOutputStream:75 - [STDERR_REDIRECT] Sep 09, 2025 10:50:10 AM java.util.prefs.FileSystemPreferences checkLockFile0ErrorCode
2025-09-09 10:50:10,313 [ERROR] LogOutputStream:75 - [STDERR_REDIRECT] WARNING: Could not lock System prefs. Unix error code 2.
2025-09-09 10:50:10,313 [ERROR] LogOutputStream:75 - [STDERR_REDIRECT] 
2025-09-09 10:50:10,314 [ERROR] LogOutputStream:75 - [STDERR_REDIRECT] Sep 09, 2025 10:50:10 AM java.util.prefs.FileSystemPreferences syncWorld
2025-09-09 10:50:10,315 [ERROR] LogOutputStream:75 - [STDERR_REDIRECT] WARNING: Couldn't flush system prefs: java.util.prefs.BackingStoreException: Couldn't get file lock.
2025-09-09 10:50:10,315 [ERROR] LogOutputStream:75 - [STDERR_REDIRECT] 
2025-09-09 10:50:40,312 [ERROR] LogOutputStream:75 - [STDERR_REDIRECT] Sep 09, 2025 10:50:40 AM java.util.prefs.FileSystemPreferences checkLockFile0ErrorCode
2025-09-09 10:50:40,313 [ERROR] LogOutputStream:75 - [STDERR_REDIRECT] WARNING: Could not lock System prefs. Unix error code 2.
2025-09-09 10:50:40,313 [ERROR] LogOutputStream:75 - [STDERR_REDIRECT] 
2025-09-09 10:50:40,314 [ERROR] LogOutputStream:75 - [STDERR_REDIRECT] Sep 09, 2025 10:50:40 AM java.util.prefs.FileSystemPreferences syncWorld
2025-09-09 10:50:40,315 [ERROR] LogOutputStream:75 - [STDERR_REDIRECT] WARNING: Couldn't flush system prefs: java.util.prefs.BackingStoreException: Couldn't get file lock.
2025-09-09 10:50:40,315 [ERROR] LogOutputStream:75 - [STDERR_REDIRECT] 
2025-09-09 10:51:10,313 [ERROR] LogOutputStream:75 - [STDERR_REDIRECT] Sep 09, 2025 10:51:10 AM java.util.prefs.FileSystemPreferences checkLockFile0ErrorCode
2025-09-09 10:51:10,314 [ERROR] LogOutputStream:75 - [STDERR_REDIRECT] WARNING: Could not lock System prefs. Unix error code 2.
2025-09-09 10:51:10,314 [ERROR] LogOutputStream:75 - [STDERR_REDIRECT] 
2025-09-09 10:51:10,315 [ERROR] LogOutputStream:75 - [STDERR_REDIRECT] Sep 09, 2025 10:51:10 AM java.util.prefs.FileSystemPreferences syncWorld
2025-09-09 10:51:10,316 [ERROR] LogOutputStream:75 - [STDERR_REDIRECT] WARNING: Couldn't flush system prefs: java.util.prefs.BackingStoreException: Couldn't get file lock.
2025-09-09 10:51:10,316 [ERROR] LogOutputStream:75 - [STDERR_REDIRECT] 
2025-09-09 10:51:40,312 [ERROR] LogOutputStream:75 - [STDERR_REDIRECT] Sep 09, 2025 10:51:40 AM java.util.prefs.FileSystemPreferences checkLockFile0ErrorCode
2025-09-09 10:51:40,313 [ERROR] LogOutputStream:75 - [STDERR_REDIRECT] WARNING: Could not lock System prefs. Unix error code 2.
2025-09-09 10:51:40,313 [ERROR] LogOutputStream:75 - [STDERR_REDIRECT] 
2025-09-09 10:51:40,314 [ERROR] LogOutputStream:75 - [STDERR_REDIRECT] Sep 09, 2025 10:51:40 AM java.util.prefs.FileSystemPreferences syncWorld
2025-09-09 10:51:40,315 [ERROR] LogOutputStream:75 - [STDERR_REDIRECT] WARNING: Couldn't flush system prefs: java.util.prefs.BackingStoreException: Couldn't get file lock.
2025-09-09 10:51:40,315 [ERROR] LogOutputStream:75 - [STDERR_REDIRECT] 
2025-09-09 10:52:10,313 [ERROR] LogOutputStream:75 - [STDERR_REDIRECT] Sep 09, 2025 10:52:10 AM java.util.prefs.FileSystemPreferences checkLockFile0ErrorCode
2025-09-09 10:52:10,313 [ERROR] LogOutputStream:75 - [STDERR_REDIRECT] WARNING: Could not lock System prefs. Unix error code 2.
2025-09-09 10:52:10,313 [ERROR] LogOutputStream:75 - [STDERR_REDIRECT] 
2025-09-09 10:52:10,314 [ERROR] LogOutputStream:75 - [STDERR_REDIRECT] Sep 09, 2025 10:52:10 AM java.util.prefs.FileSystemPreferences syncWorld
2025-09-09 10:52:10,315 [ERROR] LogOutputStream:75 - [STDERR_REDIRECT] WARNING: Couldn't flush system prefs: java.util.prefs.BackingStoreException: Couldn't get file lock.
2025-09-09 10:52:10,315 [ERROR] LogOutputStream:75 - [STDERR_REDIRECT] 
2025-09-09 10:52:40,312 [ERROR] LogOutputStream:75 - [STDERR_REDIRECT] Sep 09, 2025 10:52:40 AM java.util.prefs.FileSystemPreferences checkLockFile0ErrorCode
2025-09-09 10:52:40,313 [ERROR] LogOutputStream:75 - [STDERR_REDIRECT] WARNING: Could not lock System prefs. Unix error code 2.
2025-09-09 10:52:40,313 [ERROR] LogOutputStream:75 - [STDERR_REDIRECT] 
2025-09-09 10:52:40,314 [ERROR] LogOutputStream:75 - [STDERR_REDIRECT] Sep 09, 2025 10:52:40 AM java.util.prefs.FileSystemPreferences syncWorld
2025-09-09 10:52:40,315 [ERROR] LogOutputStream:75 - [STDERR_REDIRECT] WARNING: Couldn't flush system prefs: java.util.prefs.BackingStoreException: Couldn't get file lock.
2025-09-09 10:52:40,315 [ERROR] LogOutputStream:75 - [STDERR_REDIRECT] 
2025-09-09 10:53:10,313 [ERROR] LogOutputStream:75 - [STDERR_REDIRECT] Sep 09, 2025 10:53:10 AM java.util.prefs.FileSystemPreferences checkLockFile0ErrorCode
2025-09-09 10:53:10,314 [ERROR] LogOutputStream:75 - [STDERR_REDIRECT] WARNING: Could not lock System prefs. Unix error code 2.
2025-09-09 10:53:10,314 [ERROR] LogOutputStream:75 - [STDERR_REDIRECT] 
2025-09-09 10:53:10,315 [ERROR] LogOutputStream:75 - [STDERR_REDIRECT] Sep 09, 2025 10:53:10 AM java.util.prefs.FileSystemPreferences syncWorld
2025-09-09 10:53:10,316 [ERROR] LogOutputStream:75 - [STDERR_REDIRECT] WARNING: Couldn't flush system prefs: java.util.prefs.BackingStoreException: Couldn't get file lock.
2025-09-09 10:53:10,316 [ERROR] LogOutputStream:75 - [STDERR_REDIRECT] 
2025-09-09 10:53:40,313 [ERROR] LogOutputStream:75 - [STDERR_REDIRECT] Sep 09, 2025 10:53:40 AM java.util.prefs.FileSystemPreferences checkLockFile0ErrorCode
2025-09-09 10:53:40,314 [ERROR] LogOutputStream:75 - [STDERR_REDIRECT] WARNING: Could not lock System prefs. Unix error code 2.
2025-09-09 10:53:40,314 [ERROR] LogOutputStream:75 - [STDERR_REDIRECT] 
2025-09-09 10:53:40,315 [ERROR] LogOutputStream:75 - [STDERR_REDIRECT] Sep 09, 2025 10:53:40 AM java.util.prefs.FileSystemPreferences syncWorld
2025-09-09 10:53:40,316 [ERROR] LogOutputStream:75 - [STDERR_REDIRECT] WARNING: Couldn't flush system prefs: java.util.prefs.BackingStoreException: Couldn't get file lock.
2025-09-09 10:53:40,316 [ERROR] LogOutputStream:75 - [STDERR_REDIRECT] 
2025-09-09 10:54:10,313 [ERROR] LogOutputStream:75 - [STDERR_REDIRECT] Sep 09, 2025 10:54:10 AM java.util.prefs.FileSystemPreferences checkLockFile0ErrorCode
2025-09-09 10:54:10,314 [ERROR] LogOutputStream:75 - [STDERR_REDIRECT] WARNING: Could not lock System prefs. Unix error code 2.
2025-09-09 10:54:10,314 [ERROR] LogOutputStream:75 - [STDERR_REDIRECT] 
2025-09-09 10:54:10,314 [ERROR] LogOutputStream:75 - [STDERR_REDIRECT] Sep 09, 2025 10:54:10 AM java.util.prefs.FileSystemPreferences syncWorld
2025-09-09 10:54:10,315 [ERROR] LogOutputStream:75 - [STDERR_REDIRECT] WARNING: Couldn't flush system prefs: java.util.prefs.BackingStoreException: Couldn't get file lock.
2025-09-09 10:54:10,315 [ERROR] LogOutputStream:75 - [STDERR_REDIRECT] 
2025-09-09 10:54:40,314 [ERROR] LogOutputStream:75 - [STDERR_REDIRECT] Sep 09, 2025 10:54:40 AM java.util.prefs.FileSystemPreferences checkLockFile0ErrorCode
2025-09-09 10:54:40,314 [ERROR] LogOutputStream:75 - [STDERR_REDIRECT] WARNING: Could not lock System prefs. Unix error code 2.
2025-09-09 10:54:40,315 [ERROR] LogOutputStream:75 - [STDERR_REDIRECT] 
2025-09-09 10:54:40,315 [ERROR] LogOutputStream:75 - [STDERR_REDIRECT] Sep 09, 2025 10:54:40 AM java.util.prefs.FileSystemPreferences syncWorld
2025-09-09 10:54:40,316 [ERROR] LogOutputStream:75 - [STDERR_REDIRECT] WARNING: Couldn't flush system prefs: java.util.prefs.BackingStoreException: Couldn't get file lock.
2025-09-09 10:54:40,316 [ERROR] LogOutputStream:75 - [STDERR_REDIRECT] 
2025-09-09 10:55:10,314 [ERROR] LogOutputStream:75 - [STDERR_REDIRECT] Sep 09, 2025 10:55:10 AM java.util.prefs.FileSystemPreferences checkLockFile0ErrorCode
2025-09-09 10:55:10,315 [ERROR] LogOutputStream:75 - [STDERR_REDIRECT] WARNING: Could not lock System prefs. Unix error code 2.
2025-09-09 10:55:10,315 [ERROR] LogOutputStream:75 - [STDERR_REDIRECT] 
2025-09-09 10:55:10,316 [ERROR] LogOutputStream:75 - [STDERR_REDIRECT] Sep 09, 2025 10:55:10 AM java.util.prefs.FileSystemPreferences syncWorld
2025-09-09 10:55:10,317 [ERROR] LogOutputStream:75 - [STDERR_REDIRECT] WARNING: Couldn't flush system prefs: java.util.prefs.BackingStoreException: Couldn't get file lock.
2025-09-09 10:55:10,317 [ERROR] LogOutputStream:75 - [STDERR_REDIRECT] 
2025-09-09 10:55:40,314 [ERROR] LogOutputStream:75 - [STDERR_REDIRECT] Sep 09, 2025 10:55:40 AM java.util.prefs.FileSystemPreferences checkLockFile0ErrorCode
2025-09-09 10:55:40,315 [ERROR] LogOutputStream:75 - [STDERR_REDIRECT] WARNING: Could not lock System prefs. Unix error code 2.
2025-09-09 10:55:40,315 [ERROR] LogOutputStream:75 - [STDERR_REDIRECT] 
2025-09-09 10:55:40,315 [ERROR] LogOutputStream:75 - [STDERR_REDIRECT] Sep 09, 2025 10:55:40 AM java.util.prefs.FileSystemPreferences syncWorld
2025-09-09 10:55:40,316 [ERROR] LogOutputStream:75 - [STDERR_REDIRECT] WARNING: Couldn't flush system prefs: java.util.prefs.BackingStoreException: Couldn't get file lock.
2025-09-09 10:55:40,316 [ERROR] LogOutputStream:75 - [STDERR_REDIRECT] 
2025-09-09 10:56:10,344 [ERROR] LogOutputStream:75 - [STDERR_REDIRECT] Sep 09, 2025 10:56:10 AM java.util.prefs.FileSystemPreferences checkLockFile0ErrorCode
2025-09-09 10:56:10,346 [ERROR] LogOutputStream:75 - [STDERR_REDIRECT] WARNING: Could not lock System prefs. Unix error code 2.
2025-09-09 10:56:10,346 [ERROR] LogOutputStream:75 - [STDERR_REDIRECT] 
2025-09-09 10:56:10,347 [ERROR] LogOutputStream:75 - [STDERR_REDIRECT] Sep 09, 2025 10:56:10 AM java.util.prefs.FileSystemPreferences syncWorld
2025-09-09 10:56:10,348 [ERROR] LogOutputStream:75 - [STDERR_REDIRECT] WARNING: Couldn't flush system prefs: java.util.prefs.BackingStoreException: Couldn't get file lock.
2025-09-09 10:56:10,348 [ERROR] LogOutputStream:75 - [STDERR_REDIRECT] 
2025-09-09 10:56:40,314 [ERROR] LogOutputStream:75 - [STDERR_REDIRECT] Sep 09, 2025 10:56:40 AM java.util.prefs.FileSystemPreferences checkLockFile0ErrorCode
2025-09-09 10:56:40,315 [ERROR] LogOutputStream:75 - [STDERR_REDIRECT] WARNING: Could not lock System prefs. Unix error code 2.
2025-09-09 10:56:40,315 [ERROR] LogOutputStream:75 - [STDERR_REDIRECT] 
2025-09-09 10:56:40,316 [ERROR] LogOutputStream:75 - [STDERR_REDIRECT] Sep 09, 2025 10:56:40 AM java.util.prefs.FileSystemPreferences syncWorld
2025-09-09 10:56:40,317 [ERROR] LogOutputStream:75 - [STDERR_REDIRECT] WARNING: Couldn't flush system prefs: java.util.prefs.BackingStoreException: Couldn't get file lock.
2025-09-09 10:56:40,317 [ERROR] LogOutputStream:75 - [STDERR_REDIRECT] 
2025-09-09 10:57:10,314 [ERROR] LogOutputStream:75 - [STDERR_REDIRECT] Sep 09, 2025 10:57:10 AM java.util.prefs.FileSystemPreferences checkLockFile0ErrorCode
2025-09-09 10:57:10,315 [ERROR] LogOutputStream:75 - [STDERR_REDIRECT] WARNING: Could not lock System prefs. Unix error code 2.
2025-09-09 10:57:10,315 [ERROR] LogOutputStream:75 - [STDERR_REDIRECT] 
2025-09-09 10:57:10,316 [ERROR] LogOutputStream:75 - [STDERR_REDIRECT] Sep 09, 2025 10:57:10 AM java.util.prefs.FileSystemPreferences syncWorld
2025-09-09 10:57:10,317 [ERROR] LogOutputStream:75 - [STDERR_REDIRECT] WARNING: Couldn't flush system prefs: java.util.prefs.BackingStoreException: Couldn't get file lock.
2025-09-09 10:57:10,317 [ERROR] LogOutputStream:75 - [STDERR_REDIRECT] 
2025-09-09 10:57:40,314 [ERROR] LogOutputStream:75 - [STDERR_REDIRECT] Sep 09, 2025 10:57:40 AM java.util.prefs.FileSystemPreferences checkLockFile0ErrorCode
2025-09-09 10:57:40,315 [ERROR] LogOutputStream:75 - [STDERR_REDIRECT] WARNING: Could not lock System prefs. Unix error code 2.
2025-09-09 10:57:40,316 [ERROR] LogOutputStream:75 - [STDERR_REDIRECT] 
2025-09-09 10:57:40,317 [ERROR] LogOutputStream:75 - [STDERR_REDIRECT] Sep 09, 2025 10:57:40 AM java.util.prefs.FileSystemPreferences syncWorld
2025-09-09 10:57:40,318 [ERROR] LogOutputStream:75 - [STDERR_REDIRECT] WARNING: Couldn't flush system prefs: java.util.prefs.BackingStoreException: Couldn't get file lock.
2025-09-09 10:57:40,319 [ERROR] LogOutputStream:75 - [STDERR_REDIRECT] 
2025-09-09 10:58:10,315 [ERROR] LogOutputStream:75 - [STDERR_REDIRECT] Sep 09, 2025 10:58:10 AM java.util.prefs.FileSystemPreferences checkLockFile0ErrorCode
2025-09-09 10:58:10,316 [ERROR] LogOutputStream:75 - [STDERR_REDIRECT] WARNING: Could not lock System prefs. Unix error code 2.
2025-09-09 10:58:10,316 [ERROR] LogOutputStream:75 - [STDERR_REDIRECT] 
2025-09-09 10:58:10,317 [ERROR] LogOutputStream:75 - [STDERR_REDIRECT] Sep 09, 2025 10:58:10 AM java.util.prefs.FileSystemPreferences syncWorld
2025-09-09 10:58:10,318 [ERROR] LogOutputStream:75 - [STDERR_REDIRECT] WARNING: Couldn't flush system prefs: java.util.prefs.BackingStoreException: Couldn't get file lock.
2025-09-09 10:58:10,318 [ERROR] LogOutputStream:75 - [STDERR_REDIRECT] 
2025-09-09 10:58:40,315 [ERROR] LogOutputStream:75 - [STDERR_REDIRECT] Sep 09, 2025 10:58:40 AM java.util.prefs.FileSystemPreferences checkLockFile0ErrorCode
2025-09-09 10:58:40,316 [ERROR] LogOutputStream:75 - [STDERR_REDIRECT] WARNING: Could not lock System prefs. Unix error code 2.
2025-09-09 10:58:40,316 [ERROR] LogOutputStream:75 - [STDERR_REDIRECT] 
2025-09-09 10:58:40,317 [ERROR] LogOutputStream:75 - [STDERR_REDIRECT] Sep 09, 2025 10:58:40 AM java.util.prefs.FileSystemPreferences syncWorld
2025-09-09 10:58:40,318 [ERROR] LogOutputStream:75 - [STDERR_REDIRECT] WARNING: Couldn't flush system prefs: java.util.prefs.BackingStoreException: Couldn't get file lock.
2025-09-09 10:58:40,318 [ERROR] LogOutputStream:75 - [STDERR_REDIRECT] 
2025-09-09 10:59:10,314 [ERROR] LogOutputStream:75 - [STDERR_REDIRECT] Sep 09, 2025 10:59:10 AM java.util.prefs.FileSystemPreferences checkLockFile0ErrorCode
2025-09-09 10:59:10,315 [ERROR] LogOutputStream:75 - [STDERR_REDIRECT] WARNING: Could not lock System prefs. Unix error code 2.
2025-09-09 10:59:10,316 [ERROR] LogOutputStream:75 - [STDERR_REDIRECT] 
2025-09-09 10:59:10,316 [ERROR] LogOutputStream:75 - [STDERR_REDIRECT] Sep 09, 2025 10:59:10 AM java.util.prefs.FileSystemPreferences syncWorld
2025-09-09 10:59:10,317 [ERROR] LogOutputStream:75 - [STDERR_REDIRECT] WARNING: Couldn't flush system prefs: java.util.prefs.BackingStoreException: Couldn't get file lock.
2025-09-09 10:59:10,317 [ERROR] LogOutputStream:75 - [STDERR_REDIRECT] 
2025-09-09 10:59:40,315 [ERROR] LogOutputStream:75 - [STDERR_REDIRECT] Sep 09, 2025 10:59:40 AM java.util.prefs.FileSystemPreferences checkLockFile0ErrorCode
2025-09-09 10:59:40,316 [ERROR] LogOutputStream:75 - [STDERR_REDIRECT] WARNING: Could not lock System prefs. Unix error code 2.
2025-09-09 10:59:40,316 [ERROR] LogOutputStream:75 - [STDERR_REDIRECT] 
2025-09-09 10:59:40,318 [ERROR] LogOutputStream:75 - [STDERR_REDIRECT] Sep 09, 2025 10:59:40 AM java.util.prefs.FileSystemPreferences syncWorld
2025-09-09 10:59:40,319 [ERROR] LogOutputStream:75 - [STDERR_REDIRECT] WARNING: Couldn't flush system prefs: java.util.prefs.BackingStoreException: Couldn't get file lock.
2025-09-09 10:59:40,319 [ERROR] LogOutputStream:75 - [STDERR_REDIRECT] 
2025-09-09 11:00:10,315 [ERROR] LogOutputStream:75 - [STDERR_REDIRECT] Sep 09, 2025 11:00:10 AM java.util.prefs.FileSystemPreferences checkLockFile0ErrorCode
2025-09-09 11:00:10,316 [ERROR] LogOutputStream:75 - [STDERR_REDIRECT] WARNING: Could not lock System prefs. Unix error code 2.
2025-09-09 11:00:10,316 [ERROR] LogOutputStream:75 - [STDERR_REDIRECT] 
2025-09-09 11:00:10,317 [ERROR] LogOutputStream:75 - [STDERR_REDIRECT] Sep 09, 2025 11:00:10 AM java.util.prefs.FileSystemPreferences syncWorld
2025-09-09 11:00:10,318 [ERROR] LogOutputStream:75 - [STDERR_REDIRECT] WARNING: Couldn't flush system prefs: java.util.prefs.BackingStoreException: Couldn't get file lock.
2025-09-09 11:00:10,318 [ERROR] LogOutputStream:75 - [STDERR_REDIRECT] 
2025-09-09 11:00:40,316 [ERROR] LogOutputStream:75 - [STDERR_REDIRECT] Sep 09, 2025 11:00:40 AM java.util.prefs.FileSystemPreferences checkLockFile0ErrorCode
2025-09-09 11:00:40,317 [ERROR] LogOutputStream:75 - [STDERR_REDIRECT] WARNING: Could not lock System prefs. Unix error code 2.
2025-09-09 11:00:40,317 [ERROR] LogOutputStream:75 - [STDERR_REDIRECT] 
2025-09-09 11:00:40,318 [ERROR] LogOutputStream:75 - [STDERR_REDIRECT] Sep 09, 2025 11:00:40 AM java.util.prefs.FileSystemPreferences syncWorld
2025-09-09 11:00:40,319 [ERROR] LogOutputStream:75 - [STDERR_REDIRECT] WARNING: Couldn't flush system prefs: java.util.prefs.BackingStoreException: Couldn't get file lock.
2025-09-09 11:00:40,319 [ERROR] LogOutputStream:75 - [STDERR_REDIRECT] 
2025-09-09 11:01:10,315 [ERROR] LogOutputStream:75 - [STDERR_REDIRECT] Sep 09, 2025 11:01:10 AM java.util.prefs.FileSystemPreferences checkLockFile0ErrorCode
2025-09-09 11:01:10,316 [ERROR] LogOutputStream:75 - [STDERR_REDIRECT] WARNING: Could not lock System prefs. Unix error code 2.
2025-09-09 11:01:10,316 [ERROR] LogOutputStream:75 - [STDERR_REDIRECT] 
2025-09-09 11:01:10,317 [ERROR] LogOutputStream:75 - [STDERR_REDIRECT] Sep 09, 2025 11:01:10 AM java.util.prefs.FileSystemPreferences syncWorld
2025-09-09 11:01:10,318 [ERROR] LogOutputStream:75 - [STDERR_REDIRECT] WARNING: Couldn't flush system prefs: java.util.prefs.BackingStoreException: Couldn't get file lock.
2025-09-09 11:01:10,318 [ERROR] LogOutputStream:75 - [STDERR_REDIRECT] 
2025-09-09 11:01:40,315 [ERROR] LogOutputStream:75 - [STDERR_REDIRECT] Sep 09, 2025 11:01:40 AM java.util.prefs.FileSystemPreferences checkLockFile0ErrorCode
2025-09-09 11:01:40,316 [ERROR] LogOutputStream:75 - [STDERR_REDIRECT] WARNING: Could not lock System prefs. Unix error code 2.
2025-09-09 11:01:40,316 [ERROR] LogOutputStream:75 - [STDERR_REDIRECT] 
2025-09-09 11:01:40,317 [ERROR] LogOutputStream:75 - [STDERR_REDIRECT] Sep 09, 2025 11:01:40 AM java.util.prefs.FileSystemPreferences syncWorld
2025-09-09 11:01:40,318 [ERROR] LogOutputStream:75 - [STDERR_REDIRECT] WARNING: Couldn't flush system prefs: java.util.prefs.BackingStoreException: Couldn't get file lock.
2025-09-09 11:01:40,318 [ERROR] LogOutputStream:75 - [STDERR_REDIRECT] 
2025-09-09 11:02:10,315 [ERROR] LogOutputStream:75 - [STDERR_REDIRECT] Sep 09, 2025 11:02:10 AM java.util.prefs.FileSystemPreferences checkLockFile0ErrorCode
2025-09-09 11:02:10,316 [ERROR] LogOutputStream:75 - [STDERR_REDIRECT] WARNING: Could not lock System prefs. Unix error code 2.
2025-09-09 11:02:10,316 [ERROR] LogOutputStream:75 - [STDERR_REDIRECT] 
2025-09-09 11:02:10,316 [ERROR] LogOutputStream:75 - [STDERR_REDIRECT] Sep 09, 2025 11:02:10 AM java.util.prefs.FileSystemPreferences syncWorld
2025-09-09 11:02:10,317 [ERROR] LogOutputStream:75 - [STDERR_REDIRECT] WARNING: Couldn't flush system prefs: java.util.prefs.BackingStoreException: Couldn't get file lock.
2025-09-09 11:02:10,317 [ERROR] LogOutputStream:75 - [STDERR_REDIRECT] 
2025-09-09 11:02:40,316 [ERROR] LogOutputStream:75 - [STDERR_REDIRECT] Sep 09, 2025 11:02:40 AM java.util.prefs.FileSystemPreferences checkLockFile0ErrorCode
2025-09-09 11:02:40,316 [ERROR] LogOutputStream:75 - [STDERR_REDIRECT] WARNING: Could not lock System prefs. Unix error code 2.
2025-09-09 11:02:40,316 [ERROR] LogOutputStream:75 - [STDERR_REDIRECT] 
2025-09-09 11:02:40,317 [ERROR] LogOutputStream:75 - [STDERR_REDIRECT] Sep 09, 2025 11:02:40 AM java.util.prefs.FileSystemPreferences syncWorld
2025-09-09 11:02:40,318 [ERROR] LogOutputStream:75 - [STDERR_REDIRECT] WARNING: Couldn't flush system prefs: java.util.prefs.BackingStoreException: Couldn't get file lock.
2025-09-09 11:02:40,318 [ERROR] LogOutputStream:75 - [STDERR_REDIRECT] 
2025-09-09 11:03:10,316 [ERROR] LogOutputStream:75 - [STDERR_REDIRECT] Sep 09, 2025 11:03:10 AM java.util.prefs.FileSystemPreferences checkLockFile0ErrorCode
2025-09-09 11:03:10,317 [ERROR] LogOutputStream:75 - [STDERR_REDIRECT] WARNING: Could not lock System prefs. Unix error code 2.
2025-09-09 11:03:10,317 [ERROR] LogOutputStream:75 - [STDERR_REDIRECT] 
2025-09-09 11:03:10,318 [ERROR] LogOutputStream:75 - [STDERR_REDIRECT] Sep 09, 2025 11:03:10 AM java.util.prefs.FileSystemPreferences syncWorld
2025-09-09 11:03:10,318 [ERROR] LogOutputStream:75 - [STDERR_REDIRECT] WARNING: Couldn't flush system prefs: java.util.prefs.BackingStoreException: Couldn't get file lock.
2025-09-09 11:03:10,319 [ERROR] LogOutputStream:75 - [STDERR_REDIRECT] 
2025-09-09 11:03:40,315 [ERROR] LogOutputStream:75 - [STDERR_REDIRECT] Sep 09, 2025 11:03:40 AM java.util.prefs.FileSystemPreferences checkLockFile0ErrorCode
2025-09-09 11:03:40,315 [ERROR] LogOutputStream:75 - [STDERR_REDIRECT] WARNING: Could not lock System prefs. Unix error code 2.
2025-09-09 11:03:40,315 [ERROR] LogOutputStream:75 - [STDERR_REDIRECT] 
2025-09-09 11:03:40,316 [ERROR] LogOutputStream:75 - [STDERR_REDIRECT] Sep 09, 2025 11:03:40 AM java.util.prefs.FileSystemPreferences syncWorld
2025-09-09 11:03:40,317 [ERROR] LogOutputStream:75 - [STDERR_REDIRECT] WARNING: Couldn't flush system prefs: java.util.prefs.BackingStoreException: Couldn't get file lock.
2025-09-09 11:03:40,317 [ERROR] LogOutputStream:75 - [STDERR_REDIRECT] 
2025-09-09 11:04:10,316 [ERROR] LogOutputStream:75 - [STDERR_REDIRECT] Sep 09, 2025 11:04:10 AM java.util.prefs.FileSystemPreferences checkLockFile0ErrorCode
2025-09-09 11:04:10,317 [ERROR] LogOutputStream:75 - [STDERR_REDIRECT] WARNING: Could not lock System prefs. Unix error code 2.
2025-09-09 11:04:10,317 [ERROR] LogOutputStream:75 - [STDERR_REDIRECT] 
2025-09-09 11:04:10,318 [ERROR] LogOutputStream:75 - [STDERR_REDIRECT] Sep 09, 2025 11:04:10 AM java.util.prefs.FileSystemPreferences syncWorld
2025-09-09 11:04:10,318 [ERROR] LogOutputStream:75 - [STDERR_REDIRECT] WARNING: Couldn't flush system prefs: java.util.prefs.BackingStoreException: Couldn't get file lock.
2025-09-09 11:04:10,319 [ERROR] LogOutputStream:75 - [STDERR_REDIRECT] 
2025-09-09 11:04:40,315 [ERROR] LogOutputStream:75 - [STDERR_REDIRECT] Sep 09, 2025 11:04:40 AM java.util.prefs.FileSystemPreferences checkLockFile0ErrorCode
2025-09-09 11:04:40,316 [ERROR] LogOutputStream:75 - [STDERR_REDIRECT] WARNING: Could not lock System prefs. Unix error code 2.
2025-09-09 11:04:40,316 [ERROR] LogOutputStream:75 - [STDERR_REDIRECT] 
2025-09-09 11:04:40,317 [ERROR] LogOutputStream:75 - [STDERR_REDIRECT] Sep 09, 2025 11:04:40 AM java.util.prefs.FileSystemPreferences syncWorld
2025-09-09 11:04:40,318 [ERROR] LogOutputStream:75 - [STDERR_REDIRECT] WARNING: Couldn't flush system prefs: java.util.prefs.BackingStoreException: Couldn't get file lock.
2025-09-09 11:04:40,318 [ERROR] LogOutputStream:75 - [STDERR_REDIRECT] 
2025-09-09 11:05:10,316 [ERROR] LogOutputStream:75 - [STDERR_REDIRECT] Sep 09, 2025 11:05:10 AM java.util.prefs.FileSystemPreferences checkLockFile0ErrorCode
2025-09-09 11:05:10,316 [ERROR] LogOutputStream:75 - [STDERR_REDIRECT] WARNING: Could not lock System prefs. Unix error code 2.
2025-09-09 11:05:10,317 [ERROR] LogOutputStream:75 - [STDERR_REDIRECT] 
2025-09-09 11:05:10,317 [ERROR] LogOutputStream:75 - [STDERR_REDIRECT] Sep 09, 2025 11:05:10 AM java.util.prefs.FileSystemPreferences syncWorld
2025-09-09 11:05:10,318 [ERROR] LogOutputStream:75 - [STDERR_REDIRECT] WARNING: Couldn't flush system prefs: java.util.prefs.BackingStoreException: Couldn't get file lock.
2025-09-09 11:05:10,318 [ERROR] LogOutputStream:75 - [STDERR_REDIRECT] 
2025-09-09 11:05:40,316 [ERROR] LogOutputStream:75 - [STDERR_REDIRECT] Sep 09, 2025 11:05:40 AM java.util.prefs.FileSystemPreferences checkLockFile0ErrorCode
2025-09-09 11:05:40,316 [ERROR] LogOutputStream:75 - [STDERR_REDIRECT] WARNING: Could not lock System prefs. Unix error code 2.
2025-09-09 11:05:40,316 [ERROR] LogOutputStream:75 - [STDERR_REDIRECT] 
2025-09-09 11:05:40,317 [ERROR] LogOutputStream:75 - [STDERR_REDIRECT] Sep 09, 2025 11:05:40 AM java.util.prefs.FileSystemPreferences syncWorld
2025-09-09 11:05:40,318 [ERROR] LogOutputStream:75 - [STDERR_REDIRECT] WARNING: Couldn't flush system prefs: java.util.prefs.BackingStoreException: Couldn't get file lock.
2025-09-09 11:05:40,318 [ERROR] LogOutputStream:75 - [STDERR_REDIRECT] 
2025-09-09 11:06:10,316 [ERROR] LogOutputStream:75 - [STDERR_REDIRECT] Sep 09, 2025 11:06:10 AM java.util.prefs.FileSystemPreferences checkLockFile0ErrorCode
2025-09-09 11:06:10,316 [ERROR] LogOutputStream:75 - [STDERR_REDIRECT] WARNING: Could not lock System prefs. Unix error code 2.
2025-09-09 11:06:10,316 [ERROR] LogOutputStream:75 - [STDERR_REDIRECT] 
2025-09-09 11:06:10,317 [ERROR] LogOutputStream:75 - [STDERR_REDIRECT] Sep 09, 2025 11:06:10 AM java.util.prefs.FileSystemPreferences syncWorld
2025-09-09 11:06:10,318 [ERROR] LogOutputStream:75 - [STDERR_REDIRECT] WARNING: Couldn't flush system prefs: java.util.prefs.BackingStoreException: Couldn't get file lock.
2025-09-09 11:06:10,318 [ERROR] LogOutputStream:75 - [STDERR_REDIRECT] 
2025-09-09 11:06:40,315 [ERROR] LogOutputStream:75 - [STDERR_REDIRECT] Sep 09, 2025 11:06:40 AM java.util.prefs.FileSystemPreferences checkLockFile0ErrorCode
2025-09-09 11:06:40,316 [ERROR] LogOutputStream:75 - [STDERR_REDIRECT] WARNING: Could not lock System prefs. Unix error code 2.
2025-09-09 11:06:40,316 [ERROR] LogOutputStream:75 - [STDERR_REDIRECT] 
2025-09-09 11:06:40,317 [ERROR] LogOutputStream:75 - [STDERR_REDIRECT] Sep 09, 2025 11:06:40 AM java.util.prefs.FileSystemPreferences syncWorld
2025-09-09 11:06:40,318 [ERROR] LogOutputStream:75 - [STDERR_REDIRECT] WARNING: Couldn't flush system prefs: java.util.prefs.BackingStoreException: Couldn't get file lock.
2025-09-09 11:06:40,318 [ERROR] LogOutputStream:75 - [STDERR_REDIRECT] 
2025-09-09 11:07:10,315 [ERROR] LogOutputStream:75 - [STDERR_REDIRECT] Sep 09, 2025 11:07:10 AM java.util.prefs.FileSystemPreferences checkLockFile0ErrorCode
2025-09-09 11:07:10,316 [ERROR] LogOutputStream:75 - [STDERR_REDIRECT] WARNING: Could not lock System prefs. Unix error code 2.
2025-09-09 11:07:10,316 [ERROR] LogOutputStream:75 - [STDERR_REDIRECT] 
2025-09-09 11:07:10,317 [ERROR] LogOutputStream:75 - [STDERR_REDIRECT] Sep 09, 2025 11:07:10 AM java.util.prefs.FileSystemPreferences syncWorld
2025-09-09 11:07:10,318 [ERROR] LogOutputStream:75 - [STDERR_REDIRECT] WARNING: Couldn't flush system prefs: java.util.prefs.BackingStoreException: Couldn't get file lock.
2025-09-09 11:07:10,318 [ERROR] LogOutputStream:75 - [STDERR_REDIRECT] 
2025-09-09 11:07:40,315 [ERROR] LogOutputStream:75 - [STDERR_REDIRECT] Sep 09, 2025 11:07:40 AM java.util.prefs.FileSystemPreferences checkLockFile0ErrorCode
2025-09-09 11:07:40,316 [ERROR] LogOutputStream:75 - [STDERR_REDIRECT] WARNING: Could not lock System prefs. Unix error code 2.
2025-09-09 11:07:40,316 [ERROR] LogOutputStream:75 - [STDERR_REDIRECT] 
2025-09-09 11:07:40,317 [ERROR] LogOutputStream:75 - [STDERR_REDIRECT] Sep 09, 2025 11:07:40 AM java.util.prefs.FileSystemPreferences syncWorld
2025-09-09 11:07:40,318 [ERROR] LogOutputStream:75 - [STDERR_REDIRECT] WARNING: Couldn't flush system prefs: java.util.prefs.BackingStoreException: Couldn't get file lock.
2025-09-09 11:07:40,318 [ERROR] LogOutputStream:75 - [STDERR_REDIRECT] 
2025-09-09 11:08:10,315 [ERROR] LogOutputStream:75 - [STDERR_REDIRECT] Sep 09, 2025 11:08:10 AM java.util.prefs.FileSystemPreferences checkLockFile0ErrorCode
2025-09-09 11:08:10,315 [ERROR] LogOutputStream:75 - [STDERR_REDIRECT] WARNING: Could not lock System prefs. Unix error code 2.
2025-09-09 11:08:10,315 [ERROR] LogOutputStream:75 - [STDERR_REDIRECT] 
2025-09-09 11:08:10,316 [ERROR] LogOutputStream:75 - [STDERR_REDIRECT] Sep 09, 2025 11:08:10 AM java.util.prefs.FileSystemPreferences syncWorld
2025-09-09 11:08:10,317 [ERROR] LogOutputStream:75 - [STDERR_REDIRECT] WARNING: Couldn't flush system prefs: java.util.prefs.BackingStoreException: Couldn't get file lock.
2025-09-09 11:08:10,317 [ERROR] LogOutputStream:75 - [STDERR_REDIRECT] 
2025-09-09 11:08:40,316 [ERROR] LogOutputStream:75 - [STDERR_REDIRECT] Sep 09, 2025 11:08:40 AM java.util.prefs.FileSystemPreferences checkLockFile0ErrorCode
2025-09-09 11:08:40,317 [ERROR] LogOutputStream:75 - [STDERR_REDIRECT] WARNING: Could not lock System prefs. Unix error code 2.
2025-09-09 11:08:40,318 [ERROR] LogOutputStream:75 - [STDERR_REDIRECT] 
2025-09-09 11:08:40,318 [ERROR] LogOutputStream:75 - [STDERR_REDIRECT] Sep 09, 2025 11:08:40 AM java.util.prefs.FileSystemPreferences syncWorld
2025-09-09 11:08:40,319 [ERROR] LogOutputStream:75 - [STDERR_REDIRECT] WARNING: Couldn't flush system prefs: java.util.prefs.BackingStoreException: Couldn't get file lock.
2025-09-09 11:08:40,319 [ERROR] LogOutputStream:75 - [STDERR_REDIRECT] 
2025-09-09 11:09:10,317 [ERROR] LogOutputStream:75 - [STDERR_REDIRECT] Sep 09, 2025 11:09:10 AM java.util.prefs.FileSystemPreferences checkLockFile0ErrorCode
2025-09-09 11:09:10,317 [ERROR] LogOutputStream:75 - [STDERR_REDIRECT] WARNING: Could not lock System prefs. Unix error code 2.
2025-09-09 11:09:10,317 [ERROR] LogOutputStream:75 - [STDERR_REDIRECT] 
2025-09-09 11:09:10,318 [ERROR] LogOutputStream:75 - [STDERR_REDIRECT] Sep 09, 2025 11:09:10 AM java.util.prefs.FileSystemPreferences syncWorld
2025-09-09 11:09:10,319 [ERROR] LogOutputStream:75 - [STDERR_REDIRECT] WARNING: Couldn't flush system prefs: java.util.prefs.BackingStoreException: Couldn't get file lock.
2025-09-09 11:09:10,319 [ERROR] LogOutputStream:75 - [STDERR_REDIRECT] 
2025-09-09 11:09:40,317 [ERROR] LogOutputStream:75 - [STDERR_REDIRECT] Sep 09, 2025 11:09:40 AM java.util.prefs.FileSystemPreferences checkLockFile0ErrorCode
2025-09-09 11:09:40,317 [ERROR] LogOutputStream:75 - [STDERR_REDIRECT] WARNING: Could not lock System prefs. Unix error code 2.
2025-09-09 11:09:40,317 [ERROR] LogOutputStream:75 - [STDERR_REDIRECT] 
2025-09-09 11:09:40,318 [ERROR] LogOutputStream:75 - [STDERR_REDIRECT] Sep 09, 2025 11:09:40 AM java.util.prefs.FileSystemPreferences syncWorld
2025-09-09 11:09:40,319 [ERROR] LogOutputStream:75 - [STDERR_REDIRECT] WARNING: Couldn't flush system prefs: java.util.prefs.BackingStoreException: Couldn't get file lock.
2025-09-09 11:09:40,319 [ERROR] LogOutputStream:75 - [STDERR_REDIRECT] 
2025-09-09 11:10:10,317 [ERROR] LogOutputStream:75 - [STDERR_REDIRECT] Sep 09, 2025 11:10:10 AM java.util.prefs.FileSystemPreferences checkLockFile0ErrorCode
2025-09-09 11:10:10,318 [ERROR] LogOutputStream:75 - [STDERR_REDIRECT] WARNING: Could not lock System prefs. Unix error code 2.
2025-09-09 11:10:10,318 [ERROR] LogOutputStream:75 - [STDERR_REDIRECT] 
2025-09-09 11:10:10,318 [ERROR] LogOutputStream:75 - [STDERR_REDIRECT] Sep 09, 2025 11:10:10 AM java.util.prefs.FileSystemPreferences syncWorld
2025-09-09 11:10:10,319 [ERROR] LogOutputStream:75 - [STDERR_REDIRECT] WARNING: Couldn't flush system prefs: java.util.prefs.BackingStoreException: Couldn't get file lock.
2025-09-09 11:10:10,319 [ERROR] LogOutputStream:75 - [STDERR_REDIRECT] 
2025-09-09 11:10:40,318 [ERROR] LogOutputStream:75 - [STDERR_REDIRECT] Sep 09, 2025 11:10:40 AM java.util.prefs.FileSystemPreferences checkLockFile0ErrorCode
2025-09-09 11:10:40,318 [ERROR] LogOutputStream:75 - [STDERR_REDIRECT] WARNING: Could not lock System prefs. Unix error code 2.
2025-09-09 11:10:40,318 [ERROR] LogOutputStream:75 - [STDERR_REDIRECT] 
2025-09-09 11:10:40,319 [ERROR] LogOutputStream:75 - [STDERR_REDIRECT] Sep 09, 2025 11:10:40 AM java.util.prefs.FileSystemPreferences syncWorld
2025-09-09 11:10:40,320 [ERROR] LogOutputStream:75 - [STDERR_REDIRECT] WARNING: Couldn't flush system prefs: java.util.prefs.BackingStoreException: Couldn't get file lock.
2025-09-09 11:10:40,320 [ERROR] LogOutputStream:75 - [STDERR_REDIRECT] 
2025-09-09 11:11:10,317 [ERROR] LogOutputStream:75 - [STDERR_REDIRECT] Sep 09, 2025 11:11:10 AM java.util.prefs.FileSystemPreferences checkLockFile0ErrorCode
2025-09-09 11:11:10,318 [ERROR] LogOutputStream:75 - [STDERR_REDIRECT] WARNING: Could not lock System prefs. Unix error code 2.
2025-09-09 11:11:10,318 [ERROR] LogOutputStream:75 - [STDERR_REDIRECT] 
2025-09-09 11:11:10,319 [ERROR] LogOutputStream:75 - [STDERR_REDIRECT] Sep 09, 2025 11:11:10 AM java.util.prefs.FileSystemPreferences syncWorld
2025-09-09 11:11:10,319 [ERROR] LogOutputStream:75 - [STDERR_REDIRECT] WARNING: Couldn't flush system prefs: java.util.prefs.BackingStoreException: Couldn't get file lock.
2025-09-09 11:11:10,320 [ERROR] LogOutputStream:75 - [STDERR_REDIRECT] 
2025-09-09 11:11:40,317 [ERROR] LogOutputStream:75 - [STDERR_REDIRECT] Sep 09, 2025 11:11:40 AM java.util.prefs.FileSystemPreferences checkLockFile0ErrorCode
2025-09-09 11:11:40,317 [ERROR] LogOutputStream:75 - [STDERR_REDIRECT] WARNING: Could not lock System prefs. Unix error code 2.
2025-09-09 11:11:40,317 [ERROR] LogOutputStream:75 - [STDERR_REDIRECT] 
2025-09-09 11:11:40,318 [ERROR] LogOutputStream:75 - [STDERR_REDIRECT] Sep 09, 2025 11:11:40 AM java.util.prefs.FileSystemPreferences syncWorld
2025-09-09 11:11:40,319 [ERROR] LogOutputStream:75 - [STDERR_REDIRECT] WARNING: Couldn't flush system prefs: java.util.prefs.BackingStoreException: Couldn't get file lock.
2025-09-09 11:11:40,319 [ERROR] LogOutputStream:75 - [STDERR_REDIRECT] 
2025-09-09 11:12:10,317 [ERROR] LogOutputStream:75 - [STDERR_REDIRECT] Sep 09, 2025 11:12:10 AM java.util.prefs.FileSystemPreferences checkLockFile0ErrorCode
2025-09-09 11:12:10,318 [ERROR] LogOutputStream:75 - [STDERR_REDIRECT] WARNING: Could not lock System prefs. Unix error code 2.
2025-09-09 11:12:10,318 [ERROR] LogOutputStream:75 - [STDERR_REDIRECT] 
2025-09-09 11:12:10,319 [ERROR] LogOutputStream:75 - [STDERR_REDIRECT] Sep 09, 2025 11:12:10 AM java.util.prefs.FileSystemPreferences syncWorld
2025-09-09 11:12:10,319 [ERROR] LogOutputStream:75 - [STDERR_REDIRECT] WARNING: Couldn't flush system prefs: java.util.prefs.BackingStoreException: Couldn't get file lock.
2025-09-09 11:12:10,319 [ERROR] LogOutputStream:75 - [STDERR_REDIRECT] 
2025-09-09 11:12:40,318 [ERROR] LogOutputStream:75 - [STDERR_REDIRECT] Sep 09, 2025 11:12:40 AM java.util.prefs.FileSystemPreferences checkLockFile0ErrorCode
2025-09-09 11:12:40,318 [ERROR] LogOutputStream:75 - [STDERR_REDIRECT] WARNING: Could not lock System prefs. Unix error code 2.
2025-09-09 11:12:40,318 [ERROR] LogOutputStream:75 - [STDERR_REDIRECT] 
2025-09-09 11:12:40,319 [ERROR] LogOutputStream:75 - [STDERR_REDIRECT] Sep 09, 2025 11:12:40 AM java.util.prefs.FileSystemPreferences syncWorld
2025-09-09 11:12:40,320 [ERROR] LogOutputStream:75 - [STDERR_REDIRECT] WARNING: Couldn't flush system prefs: java.util.prefs.BackingStoreException: Couldn't get file lock.
2025-09-09 11:12:40,320 [ERROR] LogOutputStream:75 - [STDERR_REDIRECT] 
2025-09-09 11:13:10,318 [ERROR] LogOutputStream:75 - [STDERR_REDIRECT] Sep 09, 2025 11:13:10 AM java.util.prefs.FileSystemPreferences checkLockFile0ErrorCode
2025-09-09 11:13:10,318 [ERROR] LogOutputStream:75 - [STDERR_REDIRECT] WARNING: Could not lock System prefs. Unix error code 2.
2025-09-09 11:13:10,319 [ERROR] LogOutputStream:75 - [STDERR_REDIRECT] 
2025-09-09 11:13:10,319 [ERROR] LogOutputStream:75 - [STDERR_REDIRECT] Sep 09, 2025 11:13:10 AM java.util.prefs.FileSystemPreferences syncWorld
2025-09-09 11:13:10,320 [ERROR] LogOutputStream:75 - [STDERR_REDIRECT] WARNING: Couldn't flush system prefs: java.util.prefs.BackingStoreException: Couldn't get file lock.
2025-09-09 11:13:10,320 [ERROR] LogOutputStream:75 - [STDERR_REDIRECT] 
2025-09-09 11:13:40,319 [ERROR] LogOutputStream:75 - [STDERR_REDIRECT] Sep 09, 2025 11:13:40 AM java.util.prefs.FileSystemPreferences checkLockFile0ErrorCode
2025-09-09 11:13:40,319 [ERROR] LogOutputStream:75 - [STDERR_REDIRECT] WARNING: Could not lock System prefs. Unix error code 2.
2025-09-09 11:13:40,319 [ERROR] LogOutputStream:75 - [STDERR_REDIRECT] 
2025-09-09 11:13:40,320 [ERROR] LogOutputStream:75 - [STDERR_REDIRECT] Sep 09, 2025 11:13:40 AM java.util.prefs.FileSystemPreferences syncWorld
2025-09-09 11:13:40,321 [ERROR] LogOutputStream:75 - [STDERR_REDIRECT] WARNING: Couldn't flush system prefs: java.util.prefs.BackingStoreException: Couldn't get file lock.
2025-09-09 11:13:40,321 [ERROR] LogOutputStream:75 - [STDERR_REDIRECT] 
2025-09-09 11:14:10,318 [ERROR] LogOutputStream:75 - [STDERR_REDIRECT] Sep 09, 2025 11:14:10 AM java.util.prefs.FileSystemPreferences checkLockFile0ErrorCode
2025-09-09 11:14:10,319 [ERROR] LogOutputStream:75 - [STDERR_REDIRECT] WARNING: Could not lock System prefs. Unix error code 2.
2025-09-09 11:14:10,319 [ERROR] LogOutputStream:75 - [STDERR_REDIRECT] 
2025-09-09 11:14:10,320 [ERROR] LogOutputStream:75 - [STDERR_REDIRECT] Sep 09, 2025 11:14:10 AM java.util.prefs.FileSystemPreferences syncWorld
2025-09-09 11:14:10,320 [ERROR] LogOutputStream:75 - [STDERR_REDIRECT] WARNING: Couldn't flush system prefs: java.util.prefs.BackingStoreException: Couldn't get file lock.
2025-09-09 11:14:10,320 [ERROR] LogOutputStream:75 - [STDERR_REDIRECT] 
2025-09-09 11:14:40,318 [ERROR] LogOutputStream:75 - [STDERR_REDIRECT] Sep 09, 2025 11:14:40 AM java.util.prefs.FileSystemPreferences checkLockFile0ErrorCode
2025-09-09 11:14:40,319 [ERROR] LogOutputStream:75 - [STDERR_REDIRECT] WARNING: Could not lock System prefs. Unix error code 2.
2025-09-09 11:14:40,319 [ERROR] LogOutputStream:75 - [STDERR_REDIRECT] 
2025-09-09 11:14:40,320 [ERROR] LogOutputStream:75 - [STDERR_REDIRECT] Sep 09, 2025 11:14:40 AM java.util.prefs.FileSystemPreferences syncWorld
2025-09-09 11:14:40,320 [ERROR] LogOutputStream:75 - [STDERR_REDIRECT] WARNING: Couldn't flush system prefs: java.util.prefs.BackingStoreException: Couldn't get file lock.
2025-09-09 11:14:40,321 [ERROR] LogOutputStream:75 - [STDERR_REDIRECT] 
2025-09-09 11:15:10,320 [ERROR] LogOutputStream:75 - [STDERR_REDIRECT] Sep 09, 2025 11:15:10 AM java.util.prefs.FileSystemPreferences checkLockFile0ErrorCode
2025-09-09 11:15:10,320 [ERROR] LogOutputStream:75 - [STDERR_REDIRECT] WARNING: Could not lock System prefs. Unix error code 2.
2025-09-09 11:15:10,321 [ERROR] LogOutputStream:75 - [STDERR_REDIRECT] 
2025-09-09 11:15:10,321 [ERROR] LogOutputStream:75 - [STDERR_REDIRECT] Sep 09, 2025 11:15:10 AM java.util.prefs.FileSystemPreferences syncWorld
2025-09-09 11:15:10,322 [ERROR] LogOutputStream:75 - [STDERR_REDIRECT] WARNING: Couldn't flush system prefs: java.util.prefs.BackingStoreException: Couldn't get file lock.
2025-09-09 11:15:10,322 [ERROR] LogOutputStream:75 - [STDERR_REDIRECT] 
2025-09-09 11:15:40,318 [ERROR] LogOutputStream:75 - [STDERR_REDIRECT] Sep 09, 2025 11:15:40 AM java.util.prefs.FileSystemPreferences checkLockFile0ErrorCode
2025-09-09 11:15:40,319 [ERROR] LogOutputStream:75 - [STDERR_REDIRECT] WARNING: Could not lock System prefs. Unix error code 2.
2025-09-09 11:15:40,319 [ERROR] LogOutputStream:75 - [STDERR_REDIRECT] 
2025-09-09 11:15:40,320 [ERROR] LogOutputStream:75 - [STDERR_REDIRECT] Sep 09, 2025 11:15:40 AM java.util.prefs.FileSystemPreferences syncWorld
2025-09-09 11:15:40,321 [ERROR] LogOutputStream:75 - [STDERR_REDIRECT] WARNING: Couldn't flush system prefs: java.util.prefs.BackingStoreException: Couldn't get file lock.
2025-09-09 11:15:40,321 [ERROR] LogOutputStream:75 - [STDERR_REDIRECT] 
2025-09-09 11:16:10,325 [ERROR] LogOutputStream:75 - [STDERR_REDIRECT] Sep 09, 2025 11:16:10 AM java.util.prefs.FileSystemPreferences checkLockFile0ErrorCode
2025-09-09 11:16:10,325 [ERROR] LogOutputStream:75 - [STDERR_REDIRECT] WARNING: Could not lock System prefs. Unix error code 2.
2025-09-09 11:16:10,325 [ERROR] LogOutputStream:75 - [STDERR_REDIRECT] 
2025-09-09 11:16:10,326 [ERROR] LogOutputStream:75 - [STDERR_REDIRECT] Sep 09, 2025 11:16:10 AM java.util.prefs.FileSystemPreferences syncWorld
2025-09-09 11:16:10,328 [ERROR] LogOutputStream:75 - [STDERR_REDIRECT] WARNING: Couldn't flush system prefs: java.util.prefs.BackingStoreException: Couldn't get file lock.
2025-09-09 11:16:10,328 [ERROR] LogOutputStream:75 - [STDERR_REDIRECT] 
2025-09-09 11:16:40,319 [ERROR] LogOutputStream:75 - [STDERR_REDIRECT] Sep 09, 2025 11:16:40 AM java.util.prefs.FileSystemPreferences checkLockFile0ErrorCode
2025-09-09 11:16:40,319 [ERROR] LogOutputStream:75 - [STDERR_REDIRECT] WARNING: Could not lock System prefs. Unix error code 2.
2025-09-09 11:16:40,319 [ERROR] LogOutputStream:75 - [STDERR_REDIRECT] 
2025-09-09 11:16:40,320 [ERROR] LogOutputStream:75 - [STDERR_REDIRECT] Sep 09, 2025 11:16:40 AM java.util.prefs.FileSystemPreferences syncWorld
2025-09-09 11:16:40,321 [ERROR] LogOutputStream:75 - [STDERR_REDIRECT] WARNING: Couldn't flush system prefs: java.util.prefs.BackingStoreException: Couldn't get file lock.
2025-09-09 11:16:40,321 [ERROR] LogOutputStream:75 - [STDERR_REDIRECT] 
2025-09-09 11:17:10,319 [ERROR] LogOutputStream:75 - [STDERR_REDIRECT] Sep 09, 2025 11:17:10 AM java.util.prefs.FileSystemPreferences checkLockFile0ErrorCode
2025-09-09 11:17:10,319 [ERROR] LogOutputStream:75 - [STDERR_REDIRECT] WARNING: Could not lock System prefs. Unix error code 2.
2025-09-09 11:17:10,319 [ERROR] LogOutputStream:75 - [STDERR_REDIRECT] 
2025-09-09 11:17:10,320 [ERROR] LogOutputStream:75 - [STDERR_REDIRECT] Sep 09, 2025 11:17:10 AM java.util.prefs.FileSystemPreferences syncWorld
2025-09-09 11:17:10,321 [ERROR] LogOutputStream:75 - [STDERR_REDIRECT] WARNING: Couldn't flush system prefs: java.util.prefs.BackingStoreException: Couldn't get file lock.
2025-09-09 11:17:10,321 [ERROR] LogOutputStream:75 - [STDERR_REDIRECT] 
2025-09-09 11:17:40,319 [ERROR] LogOutputStream:75 - [STDERR_REDIRECT] Sep 09, 2025 11:17:40 AM java.util.prefs.FileSystemPreferences checkLockFile0ErrorCode
2025-09-09 11:17:40,320 [ERROR] LogOutputStream:75 - [STDERR_REDIRECT] WARNING: Could not lock System prefs. Unix error code 2.
2025-09-09 11:17:40,320 [ERROR] LogOutputStream:75 - [STDERR_REDIRECT] 
2025-09-09 11:17:40,321 [ERROR] LogOutputStream:75 - [STDERR_REDIRECT] Sep 09, 2025 11:17:40 AM java.util.prefs.FileSystemPreferences syncWorld
2025-09-09 11:17:40,321 [ERROR] LogOutputStream:75 - [STDERR_REDIRECT] WARNING: Couldn't flush system prefs: java.util.prefs.BackingStoreException: Couldn't get file lock.
2025-09-09 11:17:40,321 [ERROR] LogOutputStream:75 - [STDERR_REDIRECT] 
2025-09-09 11:18:10,319 [ERROR] LogOutputStream:75 - [STDERR_REDIRECT] Sep 09, 2025 11:18:10 AM java.util.prefs.FileSystemPreferences checkLockFile0ErrorCode
2025-09-09 11:18:10,320 [ERROR] LogOutputStream:75 - [STDERR_REDIRECT] WARNING: Could not lock System prefs. Unix error code 2.
2025-09-09 11:18:10,320 [ERROR] LogOutputStream:75 - [STDERR_REDIRECT] 
2025-09-09 11:18:10,321 [ERROR] LogOutputStream:75 - [STDERR_REDIRECT] Sep 09, 2025 11:18:10 AM java.util.prefs.FileSystemPreferences syncWorld
2025-09-09 11:18:10,321 [ERROR] LogOutputStream:75 - [STDERR_REDIRECT] WARNING: Couldn't flush system prefs: java.util.prefs.BackingStoreException: Couldn't get file lock.
2025-09-09 11:18:10,321 [ERROR] LogOutputStream:75 - [STDERR_REDIRECT] 
2025-09-09 11:18:40,321 [ERROR] LogOutputStream:75 - [STDERR_REDIRECT] Sep 09, 2025 11:18:40 AM java.util.prefs.FileSystemPreferences checkLockFile0ErrorCode
2025-09-09 11:18:40,321 [ERROR] LogOutputStream:75 - [STDERR_REDIRECT] WARNING: Could not lock System prefs. Unix error code 2.
2025-09-09 11:18:40,322 [ERROR] LogOutputStream:75 - [STDERR_REDIRECT] 
2025-09-09 11:18:40,322 [ERROR] LogOutputStream:75 - [STDERR_REDIRECT] Sep 09, 2025 11:18:40 AM java.util.prefs.FileSystemPreferences syncWorld
2025-09-09 11:18:40,323 [ERROR] LogOutputStream:75 - [STDERR_REDIRECT] WARNING: Couldn't flush system prefs: java.util.prefs.BackingStoreException: Couldn't get file lock.
2025-09-09 11:18:40,324 [ERROR] LogOutputStream:75 - [STDERR_REDIRECT] 
2025-09-09 11:19:10,324 [ERROR] LogOutputStream:75 - [STDERR_REDIRECT] Sep 09, 2025 11:19:10 AM java.util.prefs.FileSystemPreferences checkLockFile0ErrorCode
2025-09-09 11:19:10,325 [ERROR] LogOutputStream:75 - [STDERR_REDIRECT] WARNING: Could not lock System prefs. Unix error code 2.
2025-09-09 11:19:10,325 [ERROR] LogOutputStream:75 - [STDERR_REDIRECT] 
2025-09-09 11:19:10,326 [ERROR] LogOutputStream:75 - [STDERR_REDIRECT] Sep 09, 2025 11:19:10 AM java.util.prefs.FileSystemPreferences syncWorld
2025-09-09 11:19:10,326 [ERROR] LogOutputStream:75 - [STDERR_REDIRECT] WARNING: Couldn't flush system prefs: java.util.prefs.BackingStoreException: Couldn't get file lock.
2025-09-09 11:19:10,326 [ERROR] LogOutputStream:75 - [STDERR_REDIRECT] 
2025-09-09 11:19:40,322 [ERROR] LogOutputStream:75 - [STDERR_REDIRECT] Sep 09, 2025 11:19:40 AM java.util.prefs.FileSystemPreferences checkLockFile0ErrorCode
2025-09-09 11:19:40,323 [ERROR] LogOutputStream:75 - [STDERR_REDIRECT] WARNING: Could not lock System prefs. Unix error code 2.
2025-09-09 11:19:40,323 [ERROR] LogOutputStream:75 - [STDERR_REDIRECT] 
2025-09-09 11:19:40,324 [ERROR] LogOutputStream:75 - [STDERR_REDIRECT] Sep 09, 2025 11:19:40 AM java.util.prefs.FileSystemPreferences syncWorld
2025-09-09 11:19:40,325 [ERROR] LogOutputStream:75 - [STDERR_REDIRECT] WARNING: Couldn't flush system prefs: java.util.prefs.BackingStoreException: Couldn't get file lock.
2025-09-09 11:19:40,325 [ERROR] LogOutputStream:75 - [STDERR_REDIRECT] 
2025-09-09 11:20:10,323 [ERROR] LogOutputStream:75 - [STDERR_REDIRECT] Sep 09, 2025 11:20:10 AM java.util.prefs.FileSystemPreferences checkLockFile0ErrorCode
2025-09-09 11:20:10,323 [ERROR] LogOutputStream:75 - [STDERR_REDIRECT] WARNING: Could not lock System prefs. Unix error code 2.
2025-09-09 11:20:10,323 [ERROR] LogOutputStream:75 - [STDERR_REDIRECT] 
2025-09-09 11:20:10,325 [ERROR] LogOutputStream:75 - [STDERR_REDIRECT] Sep 09, 2025 11:20:10 AM java.util.prefs.FileSystemPreferences syncWorld
2025-09-09 11:20:10,325 [ERROR] LogOutputStream:75 - [STDERR_REDIRECT] WARNING: Couldn't flush system prefs: java.util.prefs.BackingStoreException: Couldn't get file lock.
2025-09-09 11:20:10,325 [ERROR] LogOutputStream:75 - [STDERR_REDIRECT] 
2025-09-09 11:20:40,324 [ERROR] LogOutputStream:75 - [STDERR_REDIRECT] Sep 09, 2025 11:20:40 AM java.util.prefs.FileSystemPreferences checkLockFile0ErrorCode
2025-09-09 11:20:40,325 [ERROR] LogOutputStream:75 - [STDERR_REDIRECT] WARNING: Could not lock System prefs. Unix error code 2.
2025-09-09 11:20:40,325 [ERROR] LogOutputStream:75 - [STDERR_REDIRECT] 
2025-09-09 11:20:40,326 [ERROR] LogOutputStream:75 - [STDERR_REDIRECT] Sep 09, 2025 11:20:40 AM java.util.prefs.FileSystemPreferences syncWorld
2025-09-09 11:20:40,327 [ERROR] LogOutputStream:75 - [STDERR_REDIRECT] WARNING: Couldn't flush system prefs: java.util.prefs.BackingStoreException: Couldn't get file lock.
2025-09-09 11:20:40,327 [ERROR] LogOutputStream:75 - [STDERR_REDIRECT] 
2025-09-09 11:21:10,324 [ERROR] LogOutputStream:75 - [STDERR_REDIRECT] Sep 09, 2025 11:21:10 AM java.util.prefs.FileSystemPreferences checkLockFile0ErrorCode
2025-09-09 11:21:10,324 [ERROR] LogOutputStream:75 - [STDERR_REDIRECT] WARNING: Could not lock System prefs. Unix error code 2.
2025-09-09 11:21:10,324 [ERROR] LogOutputStream:75 - [STDERR_REDIRECT] 
2025-09-09 11:21:10,325 [ERROR] LogOutputStream:75 - [STDERR_REDIRECT] Sep 09, 2025 11:21:10 AM java.util.prefs.FileSystemPreferences syncWorld
2025-09-09 11:21:10,326 [ERROR] LogOutputStream:75 - [STDERR_REDIRECT] WARNING: Couldn't flush system prefs: java.util.prefs.BackingStoreException: Couldn't get file lock.
2025-09-09 11:21:10,326 [ERROR] LogOutputStream:75 - [STDERR_REDIRECT] 
2025-09-09 11:21:40,324 [ERROR] LogOutputStream:75 - [STDERR_REDIRECT] Sep 09, 2025 11:21:40 AM java.util.prefs.FileSystemPreferences checkLockFile0ErrorCode
2025-09-09 11:21:40,325 [ERROR] LogOutputStream:75 - [STDERR_REDIRECT] WARNING: Could not lock System prefs. Unix error code 2.
2025-09-09 11:21:40,325 [ERROR] LogOutputStream:75 - [STDERR_REDIRECT] 
2025-09-09 11:21:40,326 [ERROR] LogOutputStream:75 - [STDERR_REDIRECT] Sep 09, 2025 11:21:40 AM java.util.prefs.FileSystemPreferences syncWorld
2025-09-09 11:21:40,327 [ERROR] LogOutputStream:75 - [STDERR_REDIRECT] WARNING: Couldn't flush system prefs: java.util.prefs.BackingStoreException: Couldn't get file lock.
2025-09-09 11:21:40,327 [ERROR] LogOutputStream:75 - [STDERR_REDIRECT] 
2025-09-09 11:22:10,322 [ERROR] LogOutputStream:75 - [STDERR_REDIRECT] Sep 09, 2025 11:22:10 AM java.util.prefs.FileSystemPreferences checkLockFile0ErrorCode
2025-09-09 11:22:10,324 [ERROR] LogOutputStream:75 - [STDERR_REDIRECT] WARNING: Could not lock System prefs. Unix error code 2.
2025-09-09 11:22:10,324 [ERROR] LogOutputStream:75 - [STDERR_REDIRECT] 
2025-09-09 11:22:10,325 [ERROR] LogOutputStream:75 - [STDERR_REDIRECT] Sep 09, 2025 11:22:10 AM java.util.prefs.FileSystemPreferences syncWorld
2025-09-09 11:22:10,325 [ERROR] LogOutputStream:75 - [STDERR_REDIRECT] WARNING: Couldn't flush system prefs: java.util.prefs.BackingStoreException: Couldn't get file lock.
2025-09-09 11:22:10,326 [ERROR] LogOutputStream:75 - [STDERR_REDIRECT] 
2025-09-09 11:22:40,322 [ERROR] LogOutputStream:75 - [STDERR_REDIRECT] Sep 09, 2025 11:22:40 AM java.util.prefs.FileSystemPreferences checkLockFile0ErrorCode
2025-09-09 11:22:40,323 [ERROR] LogOutputStream:75 - [STDERR_REDIRECT] WARNING: Could not lock System prefs. Unix error code 2.
2025-09-09 11:22:40,323 [ERROR] LogOutputStream:75 - [STDERR_REDIRECT] 
2025-09-09 11:22:40,324 [ERROR] LogOutputStream:75 - [STDERR_REDIRECT] Sep 09, 2025 11:22:40 AM java.util.prefs.FileSystemPreferences syncWorld
2025-09-09 11:22:40,325 [ERROR] LogOutputStream:75 - [STDERR_REDIRECT] WARNING: Couldn't flush system prefs: java.util.prefs.BackingStoreException: Couldn't get file lock.
2025-09-09 11:22:40,325 [ERROR] LogOutputStream:75 - [STDERR_REDIRECT] 
2025-09-09 11:23:10,323 [ERROR] LogOutputStream:75 - [STDERR_REDIRECT] Sep 09, 2025 11:23:10 AM java.util.prefs.FileSystemPreferences checkLockFile0ErrorCode
2025-09-09 11:23:10,324 [ERROR] LogOutputStream:75 - [STDERR_REDIRECT] WARNING: Could not lock System prefs. Unix error code 2.
2025-09-09 11:23:10,324 [ERROR] LogOutputStream:75 - [STDERR_REDIRECT] 
2025-09-09 11:23:10,324 [ERROR] LogOutputStream:75 - [STDERR_REDIRECT] Sep 09, 2025 11:23:10 AM java.util.prefs.FileSystemPreferences syncWorld
2025-09-09 11:23:10,325 [ERROR] LogOutputStream:75 - [STDERR_REDIRECT] WARNING: Couldn't flush system prefs: java.util.prefs.BackingStoreException: Couldn't get file lock.
2025-09-09 11:23:10,325 [ERROR] LogOutputStream:75 - [STDERR_REDIRECT] 
2025-09-09 11:23:40,323 [ERROR] LogOutputStream:75 - [STDERR_REDIRECT] Sep 09, 2025 11:23:40 AM java.util.prefs.FileSystemPreferences checkLockFile0ErrorCode
2025-09-09 11:23:40,323 [ERROR] LogOutputStream:75 - [STDERR_REDIRECT] WARNING: Could not lock System prefs. Unix error code 2.
2025-09-09 11:23:40,323 [ERROR] LogOutputStream:75 - [STDERR_REDIRECT] 
2025-09-09 11:23:40,324 [ERROR] LogOutputStream:75 - [STDERR_REDIRECT] Sep 09, 2025 11:23:40 AM java.util.prefs.FileSystemPreferences syncWorld
2025-09-09 11:23:40,325 [ERROR] LogOutputStream:75 - [STDERR_REDIRECT] WARNING: Couldn't flush system prefs: java.util.prefs.BackingStoreException: Couldn't get file lock.
2025-09-09 11:23:40,325 [ERROR] LogOutputStream:75 - [STDERR_REDIRECT] 
2025-09-09 11:24:10,323 [ERROR] LogOutputStream:75 - [STDERR_REDIRECT] Sep 09, 2025 11:24:10 AM java.util.prefs.FileSystemPreferences checkLockFile0ErrorCode
2025-09-09 11:24:10,324 [ERROR] LogOutputStream:75 - [STDERR_REDIRECT] WARNING: Could not lock System prefs. Unix error code 2.
2025-09-09 11:24:10,324 [ERROR] LogOutputStream:75 - [STDERR_REDIRECT] 
2025-09-09 11:24:10,325 [ERROR] LogOutputStream:75 - [STDERR_REDIRECT] Sep 09, 2025 11:24:10 AM java.util.prefs.FileSystemPreferences syncWorld
2025-09-09 11:24:10,325 [ERROR] LogOutputStream:75 - [STDERR_REDIRECT] WARNING: Couldn't flush system prefs: java.util.prefs.BackingStoreException: Couldn't get file lock.
2025-09-09 11:24:10,325 [ERROR] LogOutputStream:75 - [STDERR_REDIRECT] 
2025-09-09 11:24:40,324 [ERROR] LogOutputStream:75 - [STDERR_REDIRECT] Sep 09, 2025 11:24:40 AM java.util.prefs.FileSystemPreferences checkLockFile0ErrorCode
2025-09-09 11:24:40,325 [ERROR] LogOutputStream:75 - [STDERR_REDIRECT] WARNING: Could not lock System prefs. Unix error code 2.
2025-09-09 11:24:40,325 [ERROR] LogOutputStream:75 - [STDERR_REDIRECT] 
2025-09-09 11:24:40,326 [ERROR] LogOutputStream:75 - [STDERR_REDIRECT] Sep 09, 2025 11:24:40 AM java.util.prefs.FileSystemPreferences syncWorld
2025-09-09 11:24:40,327 [ERROR] LogOutputStream:75 - [STDERR_REDIRECT] WARNING: Couldn't flush system prefs: java.util.prefs.BackingStoreException: Couldn't get file lock.
2025-09-09 11:24:40,327 [ERROR] LogOutputStream:75 - [STDERR_REDIRECT] 
2025-09-09 11:25:10,324 [ERROR] LogOutputStream:75 - [STDERR_REDIRECT] Sep 09, 2025 11:25:10 AM java.util.prefs.FileSystemPreferences checkLockFile0ErrorCode
2025-09-09 11:25:10,325 [ERROR] LogOutputStream:75 - [STDERR_REDIRECT] WARNING: Could not lock System prefs. Unix error code 2.
2025-09-09 11:25:10,325 [ERROR] LogOutputStream:75 - [STDERR_REDIRECT] 
2025-09-09 11:25:10,326 [ERROR] LogOutputStream:75 - [STDERR_REDIRECT] Sep 09, 2025 11:25:10 AM java.util.prefs.FileSystemPreferences syncWorld
2025-09-09 11:25:10,327 [ERROR] LogOutputStream:75 - [STDERR_REDIRECT] WARNING: Couldn't flush system prefs: java.util.prefs.BackingStoreException: Couldn't get file lock.
2025-09-09 11:25:10,327 [ERROR] LogOutputStream:75 - [STDERR_REDIRECT] 
2025-09-09 11:25:40,323 [ERROR] LogOutputStream:75 - [STDERR_REDIRECT] Sep 09, 2025 11:25:40 AM java.util.prefs.FileSystemPreferences checkLockFile0ErrorCode
2025-09-09 11:25:40,324 [ERROR] LogOutputStream:75 - [STDERR_REDIRECT] WARNING: Could not lock System prefs. Unix error code 2.
2025-09-09 11:25:40,324 [ERROR] LogOutputStream:75 - [STDERR_REDIRECT] 
2025-09-09 11:25:40,325 [ERROR] LogOutputStream:75 - [STDERR_REDIRECT] Sep 09, 2025 11:25:40 AM java.util.prefs.FileSystemPreferences syncWorld
2025-09-09 11:25:40,325 [ERROR] LogOutputStream:75 - [STDERR_REDIRECT] WARNING: Couldn't flush system prefs: java.util.prefs.BackingStoreException: Couldn't get file lock.
2025-09-09 11:25:40,325 [ERROR] LogOutputStream:75 - [STDERR_REDIRECT] 
2025-09-09 11:26:10,325 [ERROR] LogOutputStream:75 - [STDERR_REDIRECT] Sep 09, 2025 11:26:10 AM java.util.prefs.FileSystemPreferences checkLockFile0ErrorCode
2025-09-09 11:26:10,326 [ERROR] LogOutputStream:75 - [STDERR_REDIRECT] WARNING: Could not lock System prefs. Unix error code 2.
2025-09-09 11:26:10,326 [ERROR] LogOutputStream:75 - [STDERR_REDIRECT] 
2025-09-09 11:26:10,326 [ERROR] LogOutputStream:75 - [STDERR_REDIRECT] Sep 09, 2025 11:26:10 AM java.util.prefs.FileSystemPreferences syncWorld
2025-09-09 11:26:10,327 [ERROR] LogOutputStream:75 - [STDERR_REDIRECT] WARNING: Couldn't flush system prefs: java.util.prefs.BackingStoreException: Couldn't get file lock.
2025-09-09 11:26:10,327 [ERROR] LogOutputStream:75 - [STDERR_REDIRECT] 
2025-09-09 11:26:40,325 [ERROR] LogOutputStream:75 - [STDERR_REDIRECT] Sep 09, 2025 11:26:40 AM java.util.prefs.FileSystemPreferences checkLockFile0ErrorCode
2025-09-09 11:26:40,326 [ERROR] LogOutputStream:75 - [STDERR_REDIRECT] WARNING: Could not lock System prefs. Unix error code 2.
2025-09-09 11:26:40,326 [ERROR] LogOutputStream:75 - [STDERR_REDIRECT] 
2025-09-09 11:26:40,327 [ERROR] LogOutputStream:75 - [STDERR_REDIRECT] Sep 09, 2025 11:26:40 AM java.util.prefs.FileSystemPreferences syncWorld
2025-09-09 11:26:40,328 [ERROR] LogOutputStream:75 - [STDERR_REDIRECT] WARNING: Couldn't flush system prefs: java.util.prefs.BackingStoreException: Couldn't get file lock.
2025-09-09 11:26:40,328 [ERROR] LogOutputStream:75 - [STDERR_REDIRECT] 
2025-09-09 11:27:10,325 [ERROR] LogOutputStream:75 - [STDERR_REDIRECT] Sep 09, 2025 11:27:10 AM java.util.prefs.FileSystemPreferences checkLockFile0ErrorCode
2025-09-09 11:27:10,325 [ERROR] LogOutputStream:75 - [STDERR_REDIRECT] WARNING: Could not lock System prefs. Unix error code 2.
2025-09-09 11:27:10,325 [ERROR] LogOutputStream:75 - [STDERR_REDIRECT] 
2025-09-09 11:27:10,326 [ERROR] LogOutputStream:75 - [STDERR_REDIRECT] Sep 09, 2025 11:27:10 AM java.util.prefs.FileSystemPreferences syncWorld
2025-09-09 11:27:10,327 [ERROR] LogOutputStream:75 - [STDERR_REDIRECT] WARNING: Couldn't flush system prefs: java.util.prefs.BackingStoreException: Couldn't get file lock.
2025-09-09 11:27:10,327 [ERROR] LogOutputStream:75 - [STDERR_REDIRECT] 
2025-09-09 11:27:40,325 [ERROR] LogOutputStream:75 - [STDERR_REDIRECT] Sep 09, 2025 11:27:40 AM java.util.prefs.FileSystemPreferences checkLockFile0ErrorCode
2025-09-09 11:27:40,326 [ERROR] LogOutputStream:75 - [STDERR_REDIRECT] WARNING: Could not lock System prefs. Unix error code 2.
2025-09-09 11:27:40,326 [ERROR] LogOutputStream:75 - [STDERR_REDIRECT] 
2025-09-09 11:27:40,327 [ERROR] LogOutputStream:75 - [STDERR_REDIRECT] Sep 09, 2025 11:27:40 AM java.util.prefs.FileSystemPreferences syncWorld
2025-09-09 11:27:40,328 [ERROR] LogOutputStream:75 - [STDERR_REDIRECT] WARNING: Couldn't flush system prefs: java.util.prefs.BackingStoreException: Couldn't get file lock.
2025-09-09 11:27:40,328 [ERROR] LogOutputStream:75 - [STDERR_REDIRECT] 
2025-09-09 11:28:10,325 [ERROR] LogOutputStream:75 - [STDERR_REDIRECT] Sep 09, 2025 11:28:10 AM java.util.prefs.FileSystemPreferences checkLockFile0ErrorCode
2025-09-09 11:28:10,326 [ERROR] LogOutputStream:75 - [STDERR_REDIRECT] WARNING: Could not lock System prefs. Unix error code 2.
2025-09-09 11:28:10,326 [ERROR] LogOutputStream:75 - [STDERR_REDIRECT] 
2025-09-09 11:28:10,327 [ERROR] LogOutputStream:75 - [STDERR_REDIRECT] Sep 09, 2025 11:28:10 AM java.util.prefs.FileSystemPreferences syncWorld
2025-09-09 11:28:10,328 [ERROR] LogOutputStream:75 - [STDERR_REDIRECT] WARNING: Couldn't flush system prefs: java.util.prefs.BackingStoreException: Couldn't get file lock.
2025-09-09 11:28:10,328 [ERROR] LogOutputStream:75 - [STDERR_REDIRECT] 
2025-09-09 11:28:40,325 [ERROR] LogOutputStream:75 - [STDERR_REDIRECT] Sep 09, 2025 11:28:40 AM java.util.prefs.FileSystemPreferences checkLockFile0ErrorCode
2025-09-09 11:28:40,325 [ERROR] LogOutputStream:75 - [STDERR_REDIRECT] WARNING: Could not lock System prefs. Unix error code 2.
2025-09-09 11:28:40,325 [ERROR] LogOutputStream:75 - [STDERR_REDIRECT] 
2025-09-09 11:28:40,326 [ERROR] LogOutputStream:75 - [STDERR_REDIRECT] Sep 09, 2025 11:28:40 AM java.util.prefs.FileSystemPreferences syncWorld
2025-09-09 11:28:40,327 [ERROR] LogOutputStream:75 - [STDERR_REDIRECT] WARNING: Couldn't flush system prefs: java.util.prefs.BackingStoreException: Couldn't get file lock.
2025-09-09 11:28:40,327 [ERROR] LogOutputStream:75 - [STDERR_REDIRECT] 
2025-09-09 11:29:10,325 [ERROR] LogOutputStream:75 - [STDERR_REDIRECT] Sep 09, 2025 11:29:10 AM java.util.prefs.FileSystemPreferences checkLockFile0ErrorCode
2025-09-09 11:29:10,326 [ERROR] LogOutputStream:75 - [STDERR_REDIRECT] WARNING: Could not lock System prefs. Unix error code 2.
2025-09-09 11:29:10,326 [ERROR] LogOutputStream:75 - [STDERR_REDIRECT] 
2025-09-09 11:29:10,327 [ERROR] LogOutputStream:75 - [STDERR_REDIRECT] Sep 09, 2025 11:29:10 AM java.util.prefs.FileSystemPreferences syncWorld
2025-09-09 11:29:10,328 [ERROR] LogOutputStream:75 - [STDERR_REDIRECT] WARNING: Couldn't flush system prefs: java.util.prefs.BackingStoreException: Couldn't get file lock.
2025-09-09 11:29:10,328 [ERROR] LogOutputStream:75 - [STDERR_REDIRECT] 
2025-09-09 11:29:40,324 [ERROR] LogOutputStream:75 - [STDERR_REDIRECT] Sep 09, 2025 11:29:40 AM java.util.prefs.FileSystemPreferences checkLockFile0ErrorCode
2025-09-09 11:29:40,325 [ERROR] LogOutputStream:75 - [STDERR_REDIRECT] WARNING: Could not lock System prefs. Unix error code 2.
2025-09-09 11:29:40,325 [ERROR] LogOutputStream:75 - [STDERR_REDIRECT] 
2025-09-09 11:29:40,326 [ERROR] LogOutputStream:75 - [STDERR_REDIRECT] Sep 09, 2025 11:29:40 AM java.util.prefs.FileSystemPreferences syncWorld
2025-09-09 11:29:40,327 [ERROR] LogOutputStream:75 - [STDERR_REDIRECT] WARNING: Couldn't flush system prefs: java.util.prefs.BackingStoreException: Couldn't get file lock.
2025-09-09 11:29:40,327 [ERROR] LogOutputStream:75 - [STDERR_REDIRECT] 
2025-09-09 11:30:10,325 [ERROR] LogOutputStream:75 - [STDERR_REDIRECT] Sep 09, 2025 11:30:10 AM java.util.prefs.FileSystemPreferences checkLockFile0ErrorCode
2025-09-09 11:30:10,325 [ERROR] LogOutputStream:75 - [STDERR_REDIRECT] WARNING: Could not lock System prefs. Unix error code 2.
2025-09-09 11:30:10,325 [ERROR] LogOutputStream:75 - [STDERR_REDIRECT] 
2025-09-09 11:30:10,326 [ERROR] LogOutputStream:75 - [STDERR_REDIRECT] Sep 09, 2025 11:30:10 AM java.util.prefs.FileSystemPreferences syncWorld
2025-09-09 11:30:10,327 [ERROR] LogOutputStream:75 - [STDERR_REDIRECT] WARNING: Couldn't flush system prefs: java.util.prefs.BackingStoreException: Couldn't get file lock.
2025-09-09 11:30:10,327 [ERROR] LogOutputStream:75 - [STDERR_REDIRECT] 
2025-09-09 11:30:40,326 [ERROR] LogOutputStream:75 - [STDERR_REDIRECT] Sep 09, 2025 11:30:40 AM java.util.prefs.FileSystemPreferences checkLockFile0ErrorCode
2025-09-09 11:30:40,326 [ERROR] LogOutputStream:75 - [STDERR_REDIRECT] WARNING: Could not lock System prefs. Unix error code 2.
2025-09-09 11:30:40,327 [ERROR] LogOutputStream:75 - [STDERR_REDIRECT] 
2025-09-09 11:30:40,327 [ERROR] LogOutputStream:75 - [STDERR_REDIRECT] Sep 09, 2025 11:30:40 AM java.util.prefs.FileSystemPreferences syncWorld
2025-09-09 11:30:40,328 [ERROR] LogOutputStream:75 - [STDERR_REDIRECT] WARNING: Couldn't flush system prefs: java.util.prefs.BackingStoreException: Couldn't get file lock.
2025-09-09 11:30:40,328 [ERROR] LogOutputStream:75 - [STDERR_REDIRECT] 
2025-09-09 11:31:10,325 [ERROR] LogOutputStream:75 - [STDERR_REDIRECT] Sep 09, 2025 11:31:10 AM java.util.prefs.FileSystemPreferences checkLockFile0ErrorCode
2025-09-09 11:31:10,326 [ERROR] LogOutputStream:75 - [STDERR_REDIRECT] WARNING: Could not lock System prefs. Unix error code 2.
2025-09-09 11:31:10,326 [ERROR] LogOutputStream:75 - [STDERR_REDIRECT] 
2025-09-09 11:31:10,327 [ERROR] LogOutputStream:75 - [STDERR_REDIRECT] Sep 09, 2025 11:31:10 AM java.util.prefs.FileSystemPreferences syncWorld
2025-09-09 11:31:10,328 [ERROR] LogOutputStream:75 - [STDERR_REDIRECT] WARNING: Couldn't flush system prefs: java.util.prefs.BackingStoreException: Couldn't get file lock.
2025-09-09 11:31:10,328 [ERROR] LogOutputStream:75 - [STDERR_REDIRECT] 
2025-09-09 11:31:40,325 [ERROR] LogOutputStream:75 - [STDERR_REDIRECT] Sep 09, 2025 11:31:40 AM java.util.prefs.FileSystemPreferences checkLockFile0ErrorCode
2025-09-09 11:31:40,326 [ERROR] LogOutputStream:75 - [STDERR_REDIRECT] WARNING: Could not lock System prefs. Unix error code 2.
2025-09-09 11:31:40,326 [ERROR] LogOutputStream:75 - [STDERR_REDIRECT] 
2025-09-09 11:31:40,327 [ERROR] LogOutputStream:75 - [STDERR_REDIRECT] Sep 09, 2025 11:31:40 AM java.util.prefs.FileSystemPreferences syncWorld
2025-09-09 11:31:40,328 [ERROR] LogOutputStream:75 - [STDERR_REDIRECT] WARNING: Couldn't flush system prefs: java.util.prefs.BackingStoreException: Couldn't get file lock.
2025-09-09 11:31:40,329 [ERROR] LogOutputStream:75 - [STDERR_REDIRECT] 
2025-09-09 11:32:10,325 [ERROR] LogOutputStream:75 - [STDERR_REDIRECT] Sep 09, 2025 11:32:10 AM java.util.prefs.FileSystemPreferences checkLockFile0ErrorCode
2025-09-09 11:32:10,325 [ERROR] LogOutputStream:75 - [STDERR_REDIRECT] WARNING: Could not lock System prefs. Unix error code 2.
2025-09-09 11:32:10,325 [ERROR] LogOutputStream:75 - [STDERR_REDIRECT] 
2025-09-09 11:32:10,327 [ERROR] LogOutputStream:75 - [STDERR_REDIRECT] Sep 09, 2025 11:32:10 AM java.util.prefs.FileSystemPreferences syncWorld
2025-09-09 11:32:10,328 [ERROR] LogOutputStream:75 - [STDERR_REDIRECT] WARNING: Couldn't flush system prefs: java.util.prefs.BackingStoreException: Couldn't get file lock.
2025-09-09 11:32:10,328 [ERROR] LogOutputStream:75 - [STDERR_REDIRECT] 
2025-09-09 11:32:40,325 [ERROR] LogOutputStream:75 - [STDERR_REDIRECT] Sep 09, 2025 11:32:40 AM java.util.prefs.FileSystemPreferences checkLockFile0ErrorCode
2025-09-09 11:32:40,326 [ERROR] LogOutputStream:75 - [STDERR_REDIRECT] WARNING: Could not lock System prefs. Unix error code 2.
2025-09-09 11:32:40,326 [ERROR] LogOutputStream:75 - [STDERR_REDIRECT] 
2025-09-09 11:32:40,326 [ERROR] LogOutputStream:75 - [STDERR_REDIRECT] Sep 09, 2025 11:32:40 AM java.util.prefs.FileSystemPreferences syncWorld
2025-09-09 11:32:40,327 [ERROR] LogOutputStream:75 - [STDERR_REDIRECT] WARNING: Couldn't flush system prefs: java.util.prefs.BackingStoreException: Couldn't get file lock.
2025-09-09 11:32:40,327 [ERROR] LogOutputStream:75 - [STDERR_REDIRECT] 
2025-09-09 11:33:10,326 [ERROR] LogOutputStream:75 - [STDERR_REDIRECT] Sep 09, 2025 11:33:10 AM java.util.prefs.FileSystemPreferences checkLockFile0ErrorCode
2025-09-09 11:33:10,326 [ERROR] LogOutputStream:75 - [STDERR_REDIRECT] WARNING: Could not lock System prefs. Unix error code 2.
2025-09-09 11:33:10,326 [ERROR] LogOutputStream:75 - [STDERR_REDIRECT] 
2025-09-09 11:33:10,327 [ERROR] LogOutputStream:75 - [STDERR_REDIRECT] Sep 09, 2025 11:33:10 AM java.util.prefs.FileSystemPreferences syncWorld
2025-09-09 11:33:10,328 [ERROR] LogOutputStream:75 - [STDERR_REDIRECT] WARNING: Couldn't flush system prefs: java.util.prefs.BackingStoreException: Couldn't get file lock.
2025-09-09 11:33:10,328 [ERROR] LogOutputStream:75 - [STDERR_REDIRECT] 
2025-09-09 11:33:40,326 [ERROR] LogOutputStream:75 - [STDERR_REDIRECT] Sep 09, 2025 11:33:40 AM java.util.prefs.FileSystemPreferences checkLockFile0ErrorCode
2025-09-09 11:33:40,326 [ERROR] LogOutputStream:75 - [STDERR_REDIRECT] WARNING: Could not lock System prefs. Unix error code 2.
2025-09-09 11:33:40,326 [ERROR] LogOutputStream:75 - [STDERR_REDIRECT] 
2025-09-09 11:33:40,327 [ERROR] LogOutputStream:75 - [STDERR_REDIRECT] Sep 09, 2025 11:33:40 AM java.util.prefs.FileSystemPreferences syncWorld
2025-09-09 11:33:40,328 [ERROR] LogOutputStream:75 - [STDERR_REDIRECT] WARNING: Couldn't flush system prefs: java.util.prefs.BackingStoreException: Couldn't get file lock.
2025-09-09 11:33:40,328 [ERROR] LogOutputStream:75 - [STDERR_REDIRECT] 
2025-09-09 11:34:10,325 [ERROR] LogOutputStream:75 - [STDERR_REDIRECT] Sep 09, 2025 11:34:10 AM java.util.prefs.FileSystemPreferences checkLockFile0ErrorCode
2025-09-09 11:34:10,326 [ERROR] LogOutputStream:75 - [STDERR_REDIRECT] WARNING: Could not lock System prefs. Unix error code 2.
2025-09-09 11:34:10,326 [ERROR] LogOutputStream:75 - [STDERR_REDIRECT] 
2025-09-09 11:34:10,327 [ERROR] LogOutputStream:75 - [STDERR_REDIRECT] Sep 09, 2025 11:34:10 AM java.util.prefs.FileSystemPreferences syncWorld
2025-09-09 11:34:10,328 [ERROR] LogOutputStream:75 - [STDERR_REDIRECT] WARNING: Couldn't flush system prefs: java.util.prefs.BackingStoreException: Couldn't get file lock.
2025-09-09 11:34:10,328 [ERROR] LogOutputStream:75 - [STDERR_REDIRECT] 
2025-09-09 11:34:40,325 [ERROR] LogOutputStream:75 - [STDERR_REDIRECT] Sep 09, 2025 11:34:40 AM java.util.prefs.FileSystemPreferences checkLockFile0ErrorCode
2025-09-09 11:34:40,326 [ERROR] LogOutputStream:75 - [STDERR_REDIRECT] WARNING: Could not lock System prefs. Unix error code 2.
2025-09-09 11:34:40,326 [ERROR] LogOutputStream:75 - [STDERR_REDIRECT] 
2025-09-09 11:34:40,327 [ERROR] LogOutputStream:75 - [STDERR_REDIRECT] Sep 09, 2025 11:34:40 AM java.util.prefs.FileSystemPreferences syncWorld
2025-09-09 11:34:40,328 [ERROR] LogOutputStream:75 - [STDERR_REDIRECT] WARNING: Couldn't flush system prefs: java.util.prefs.BackingStoreException: Couldn't get file lock.
2025-09-09 11:34:40,328 [ERROR] LogOutputStream:75 - [STDERR_REDIRECT] 
2025-09-09 11:35:10,327 [ERROR] LogOutputStream:75 - [STDERR_REDIRECT] Sep 09, 2025 11:35:10 AM java.util.prefs.FileSystemPreferences checkLockFile0ErrorCode
2025-09-09 11:35:10,328 [ERROR] LogOutputStream:75 - [STDERR_REDIRECT] WARNING: Could not lock System prefs. Unix error code 2.
2025-09-09 11:35:10,328 [ERROR] LogOutputStream:75 - [STDERR_REDIRECT] 
2025-09-09 11:35:10,328 [ERROR] LogOutputStream:75 - [STDERR_REDIRECT] Sep 09, 2025 11:35:10 AM java.util.prefs.FileSystemPreferences syncWorld
2025-09-09 11:35:10,329 [ERROR] LogOutputStream:75 - [STDERR_REDIRECT] WARNING: Couldn't flush system prefs: java.util.prefs.BackingStoreException: Couldn't get file lock.
2025-09-09 11:35:10,329 [ERROR] LogOutputStream:75 - [STDERR_REDIRECT] 
2025-09-09 11:35:40,327 [ERROR] LogOutputStream:75 - [STDERR_REDIRECT] Sep 09, 2025 11:35:40 AM java.util.prefs.FileSystemPreferences checkLockFile0ErrorCode
2025-09-09 11:35:40,327 [ERROR] LogOutputStream:75 - [STDERR_REDIRECT] WARNING: Could not lock System prefs. Unix error code 2.
2025-09-09 11:35:40,327 [ERROR] LogOutputStream:75 - [STDERR_REDIRECT] 
2025-09-09 11:35:40,328 [ERROR] LogOutputStream:75 - [STDERR_REDIRECT] Sep 09, 2025 11:35:40 AM java.util.prefs.FileSystemPreferences syncWorld
2025-09-09 11:35:40,329 [ERROR] LogOutputStream:75 - [STDERR_REDIRECT] WARNING: Couldn't flush system prefs: java.util.prefs.BackingStoreException: Couldn't get file lock.
2025-09-09 11:35:40,329 [ERROR] LogOutputStream:75 - [STDERR_REDIRECT] 
2025-09-09 11:36:10,327 [ERROR] LogOutputStream:75 - [STDERR_REDIRECT] Sep 09, 2025 11:36:10 AM java.util.prefs.FileSystemPreferences checkLockFile0ErrorCode
2025-09-09 11:36:10,327 [ERROR] LogOutputStream:75 - [STDERR_REDIRECT] WARNING: Could not lock System prefs. Unix error code 2.
2025-09-09 11:36:10,327 [ERROR] LogOutputStream:75 - [STDERR_REDIRECT] 
2025-09-09 11:36:10,328 [ERROR] LogOutputStream:75 - [STDERR_REDIRECT] Sep 09, 2025 11:36:10 AM java.util.prefs.FileSystemPreferences syncWorld
2025-09-09 11:36:10,329 [ERROR] LogOutputStream:75 - [STDERR_REDIRECT] WARNING: Couldn't flush system prefs: java.util.prefs.BackingStoreException: Couldn't get file lock.
2025-09-09 11:36:10,329 [ERROR] LogOutputStream:75 - [STDERR_REDIRECT] 
2025-09-09 11:36:40,327 [ERROR] LogOutputStream:75 - [STDERR_REDIRECT] Sep 09, 2025 11:36:40 AM java.util.prefs.FileSystemPreferences checkLockFile0ErrorCode
2025-09-09 11:36:40,328 [ERROR] LogOutputStream:75 - [STDERR_REDIRECT] WARNING: Could not lock System prefs. Unix error code 2.
2025-09-09 11:36:40,328 [ERROR] LogOutputStream:75 - [STDERR_REDIRECT] 
2025-09-09 11:36:40,329 [ERROR] LogOutputStream:75 - [STDERR_REDIRECT] Sep 09, 2025 11:36:40 AM java.util.prefs.FileSystemPreferences syncWorld
2025-09-09 11:36:40,329 [ERROR] LogOutputStream:75 - [STDERR_REDIRECT] WARNING: Couldn't flush system prefs: java.util.prefs.BackingStoreException: Couldn't get file lock.
2025-09-09 11:36:40,330 [ERROR] LogOutputStream:75 - [STDERR_REDIRECT] 
2025-09-09 11:37:10,326 [ERROR] LogOutputStream:75 - [STDERR_REDIRECT] Sep 09, 2025 11:37:10 AM java.util.prefs.FileSystemPreferences checkLockFile0ErrorCode
2025-09-09 11:37:10,327 [ERROR] LogOutputStream:75 - [STDERR_REDIRECT] WARNING: Could not lock System prefs. Unix error code 2.
2025-09-09 11:37:10,327 [ERROR] LogOutputStream:75 - [STDERR_REDIRECT] 
2025-09-09 11:37:10,328 [ERROR] LogOutputStream:75 - [STDERR_REDIRECT] Sep 09, 2025 11:37:10 AM java.util.prefs.FileSystemPreferences syncWorld
2025-09-09 11:37:10,329 [ERROR] LogOutputStream:75 - [STDERR_REDIRECT] WARNING: Couldn't flush system prefs: java.util.prefs.BackingStoreException: Couldn't get file lock.
2025-09-09 11:37:10,329 [ERROR] LogOutputStream:75 - [STDERR_REDIRECT] 
2025-09-09 11:37:40,327 [ERROR] LogOutputStream:75 - [STDERR_REDIRECT] Sep 09, 2025 11:37:40 AM java.util.prefs.FileSystemPreferences checkLockFile0ErrorCode
2025-09-09 11:37:40,328 [ERROR] LogOutputStream:75 - [STDERR_REDIRECT] WARNING: Could not lock System prefs. Unix error code 2.
2025-09-09 11:37:40,328 [ERROR] LogOutputStream:75 - [STDERR_REDIRECT] 
2025-09-09 11:37:40,329 [ERROR] LogOutputStream:75 - [STDERR_REDIRECT] Sep 09, 2025 11:37:40 AM java.util.prefs.FileSystemPreferences syncWorld
2025-09-09 11:37:40,330 [ERROR] LogOutputStream:75 - [STDERR_REDIRECT] WARNING: Couldn't flush system prefs: java.util.prefs.BackingStoreException: Couldn't get file lock.
2025-09-09 11:37:40,330 [ERROR] LogOutputStream:75 - [STDERR_REDIRECT] 
2025-09-09 11:38:10,330 [ERROR] LogOutputStream:75 - [STDERR_REDIRECT] Sep 09, 2025 11:38:10 AM java.util.prefs.FileSystemPreferences checkLockFile0ErrorCode
2025-09-09 11:38:10,331 [ERROR] LogOutputStream:75 - [STDERR_REDIRECT] WARNING: Could not lock System prefs. Unix error code 2.
2025-09-09 11:38:10,331 [ERROR] LogOutputStream:75 - [STDERR_REDIRECT] 
2025-09-09 11:38:10,332 [ERROR] LogOutputStream:75 - [STDERR_REDIRECT] Sep 09, 2025 11:38:10 AM java.util.prefs.FileSystemPreferences syncWorld
2025-09-09 11:38:10,333 [ERROR] LogOutputStream:75 - [STDERR_REDIRECT] WARNING: Couldn't flush system prefs: java.util.prefs.BackingStoreException: Couldn't get file lock.
2025-09-09 11:38:10,333 [ERROR] LogOutputStream:75 - [STDERR_REDIRECT] 
2025-09-09 11:38:40,327 [ERROR] LogOutputStream:75 - [STDERR_REDIRECT] Sep 09, 2025 11:38:40 AM java.util.prefs.FileSystemPreferences checkLockFile0ErrorCode
2025-09-09 11:38:40,327 [ERROR] LogOutputStream:75 - [STDERR_REDIRECT] WARNING: Could not lock System prefs. Unix error code 2.
2025-09-09 11:38:40,327 [ERROR] LogOutputStream:75 - [STDERR_REDIRECT] 
2025-09-09 11:38:40,328 [ERROR] LogOutputStream:75 - [STDERR_REDIRECT] Sep 09, 2025 11:38:40 AM java.util.prefs.FileSystemPreferences syncWorld
2025-09-09 11:38:40,329 [ERROR] LogOutputStream:75 - [STDERR_REDIRECT] WARNING: Couldn't flush system prefs: java.util.prefs.BackingStoreException: Couldn't get file lock.
2025-09-09 11:38:40,329 [ERROR] LogOutputStream:75 - [STDERR_REDIRECT] 
2025-09-09 11:39:10,327 [ERROR] LogOutputStream:75 - [STDERR_REDIRECT] Sep 09, 2025 11:39:10 AM java.util.prefs.FileSystemPreferences checkLockFile0ErrorCode
2025-09-09 11:39:10,328 [ERROR] LogOutputStream:75 - [STDERR_REDIRECT] WARNING: Could not lock System prefs. Unix error code 2.
2025-09-09 11:39:10,328 [ERROR] LogOutputStream:75 - [STDERR_REDIRECT] 
2025-09-09 11:39:10,329 [ERROR] LogOutputStream:75 - [STDERR_REDIRECT] Sep 09, 2025 11:39:10 AM java.util.prefs.FileSystemPreferences syncWorld
2025-09-09 11:39:10,330 [ERROR] LogOutputStream:75 - [STDERR_REDIRECT] WARNING: Couldn't flush system prefs: java.util.prefs.BackingStoreException: Couldn't get file lock.
2025-09-09 11:39:10,330 [ERROR] LogOutputStream:75 - [STDERR_REDIRECT] 
2025-09-09 11:39:40,329 [ERROR] LogOutputStream:75 - [STDERR_REDIRECT] Sep 09, 2025 11:39:40 AM java.util.prefs.FileSystemPreferences checkLockFile0ErrorCode
2025-09-09 11:39:40,330 [ERROR] LogOutputStream:75 - [STDERR_REDIRECT] WARNING: Could not lock System prefs. Unix error code 2.
2025-09-09 11:39:40,330 [ERROR] LogOutputStream:75 - [STDERR_REDIRECT] 
2025-09-09 11:39:40,331 [ERROR] LogOutputStream:75 - [STDERR_REDIRECT] Sep 09, 2025 11:39:40 AM java.util.prefs.FileSystemPreferences syncWorld
2025-09-09 11:39:40,332 [ERROR] LogOutputStream:75 - [STDERR_REDIRECT] WARNING: Couldn't flush system prefs: java.util.prefs.BackingStoreException: Couldn't get file lock.
2025-09-09 11:39:40,332 [ERROR] LogOutputStream:75 - [STDERR_REDIRECT] 
2025-09-09 11:40:10,330 [ERROR] LogOutputStream:75 - [STDERR_REDIRECT] Sep 09, 2025 11:40:10 AM java.util.prefs.FileSystemPreferences checkLockFile0ErrorCode
2025-09-09 11:40:10,330 [ERROR] LogOutputStream:75 - [STDERR_REDIRECT] WARNING: Could not lock System prefs. Unix error code 2.
2025-09-09 11:40:10,330 [ERROR] LogOutputStream:75 - [STDERR_REDIRECT] 
2025-09-09 11:40:10,331 [ERROR] LogOutputStream:75 - [STDERR_REDIRECT] Sep 09, 2025 11:40:10 AM java.util.prefs.FileSystemPreferences syncWorld
2025-09-09 11:40:10,332 [ERROR] LogOutputStream:75 - [STDERR_REDIRECT] WARNING: Couldn't flush system prefs: java.util.prefs.BackingStoreException: Couldn't get file lock.
2025-09-09 11:40:10,332 [ERROR] LogOutputStream:75 - [STDERR_REDIRECT] 
2025-09-09 11:40:40,327 [ERROR] LogOutputStream:75 - [STDERR_REDIRECT] Sep 09, 2025 11:40:40 AM java.util.prefs.FileSystemPreferences checkLockFile0ErrorCode
2025-09-09 11:40:40,328 [ERROR] LogOutputStream:75 - [STDERR_REDIRECT] WARNING: Could not lock System prefs. Unix error code 2.
2025-09-09 11:40:40,328 [ERROR] LogOutputStream:75 - [STDERR_REDIRECT] 
2025-09-09 11:40:40,329 [ERROR] LogOutputStream:75 - [STDERR_REDIRECT] Sep 09, 2025 11:40:40 AM java.util.prefs.FileSystemPreferences syncWorld
2025-09-09 11:40:40,330 [ERROR] LogOutputStream:75 - [STDERR_REDIRECT] WARNING: Couldn't flush system prefs: java.util.prefs.BackingStoreException: Couldn't get file lock.
2025-09-09 11:40:40,330 [ERROR] LogOutputStream:75 - [STDERR_REDIRECT] 
2025-09-09 11:41:10,327 [ERROR] LogOutputStream:75 - [STDERR_REDIRECT] Sep 09, 2025 11:41:10 AM java.util.prefs.FileSystemPreferences checkLockFile0ErrorCode
2025-09-09 11:41:10,328 [ERROR] LogOutputStream:75 - [STDERR_REDIRECT] WARNING: Could not lock System prefs. Unix error code 2.
2025-09-09 11:41:10,328 [ERROR] LogOutputStream:75 - [STDERR_REDIRECT] 
2025-09-09 11:41:10,329 [ERROR] LogOutputStream:75 - [STDERR_REDIRECT] Sep 09, 2025 11:41:10 AM java.util.prefs.FileSystemPreferences syncWorld
2025-09-09 11:41:10,329 [ERROR] LogOutputStream:75 - [STDERR_REDIRECT] WARNING: Couldn't flush system prefs: java.util.prefs.BackingStoreException: Couldn't get file lock.
2025-09-09 11:41:10,329 [ERROR] LogOutputStream:75 - [STDERR_REDIRECT] 
2025-09-09 11:41:40,327 [ERROR] LogOutputStream:75 - [STDERR_REDIRECT] Sep 09, 2025 11:41:40 AM java.util.prefs.FileSystemPreferences checkLockFile0ErrorCode
2025-09-09 11:41:40,328 [ERROR] LogOutputStream:75 - [STDERR_REDIRECT] WARNING: Could not lock System prefs. Unix error code 2.
2025-09-09 11:41:40,328 [ERROR] LogOutputStream:75 - [STDERR_REDIRECT] 
2025-09-09 11:41:40,329 [ERROR] LogOutputStream:75 - [STDERR_REDIRECT] Sep 09, 2025 11:41:40 AM java.util.prefs.FileSystemPreferences syncWorld
2025-09-09 11:41:40,330 [ERROR] LogOutputStream:75 - [STDERR_REDIRECT] WARNING: Couldn't flush system prefs: java.util.prefs.BackingStoreException: Couldn't get file lock.
2025-09-09 11:41:40,330 [ERROR] LogOutputStream:75 - [STDERR_REDIRECT] 
2025-09-09 11:42:10,327 [ERROR] LogOutputStream:75 - [STDERR_REDIRECT] Sep 09, 2025 11:42:10 AM java.util.prefs.FileSystemPreferences checkLockFile0ErrorCode
2025-09-09 11:42:10,327 [ERROR] LogOutputStream:75 - [STDERR_REDIRECT] WARNING: Could not lock System prefs. Unix error code 2.
2025-09-09 11:42:10,327 [ERROR] LogOutputStream:75 - [STDERR_REDIRECT] 
2025-09-09 11:42:10,328 [ERROR] LogOutputStream:75 - [STDERR_REDIRECT] Sep 09, 2025 11:42:10 AM java.util.prefs.FileSystemPreferences syncWorld
2025-09-09 11:42:10,329 [ERROR] LogOutputStream:75 - [STDERR_REDIRECT] WARNING: Couldn't flush system prefs: java.util.prefs.BackingStoreException: Couldn't get file lock.
2025-09-09 11:42:10,329 [ERROR] LogOutputStream:75 - [STDERR_REDIRECT] 
2025-09-09 11:42:40,326 [ERROR] LogOutputStream:75 - [STDERR_REDIRECT] Sep 09, 2025 11:42:40 AM java.util.prefs.FileSystemPreferences checkLockFile0ErrorCode
2025-09-09 11:42:40,327 [ERROR] LogOutputStream:75 - [STDERR_REDIRECT] WARNING: Could not lock System prefs. Unix error code 2.
2025-09-09 11:42:40,327 [ERROR] LogOutputStream:75 - [STDERR_REDIRECT] 
2025-09-09 11:42:40,328 [ERROR] LogOutputStream:75 - [STDERR_REDIRECT] Sep 09, 2025 11:42:40 AM java.util.prefs.FileSystemPreferences syncWorld
2025-09-09 11:42:40,329 [ERROR] LogOutputStream:75 - [STDERR_REDIRECT] WARNING: Couldn't flush system prefs: java.util.prefs.BackingStoreException: Couldn't get file lock.
2025-09-09 11:42:40,329 [ERROR] LogOutputStream:75 - [STDERR_REDIRECT] 
2025-09-09 11:42:42,143 [INFO] MainUpdater:2872 - connection check result : 10
2025-09-09 11:42:42,144 [INFO] MainUpdater:2872 - connection check result : 10
2025-09-09 11:42:42,158 [INFO] MicroXplorer:468 - Change Database Path : 
2025-09-09 11:42:42,158 [INFO] MicroXplorer:498 - Change Database Version : DB.6.0.150
2025-09-09 11:42:42,166 [WARN] ThirdParty:871 - waiting for thirdparty lock release [close project]
2025-09-09 11:42:42,166 [INFO] ThirdParty:873 - entering critical section [close project]
2025-09-09 11:42:42,168 [INFO] ThirdParty:883 - exiting critical section [close project]
2025-09-09 11:42:42,172 [INFO] PinOutPanel:1589 - setPackage(No Configuration,No Configuration)
2025-09-09 11:42:42,177 [INFO] UtilMem:75 - Begin LoadConfig() Used Memory: 551369880 Bytes (654311424)
2025-09-09 11:42:42,181 [INFO] MicroXplorer:468 - Change Database Path : 
2025-09-09 11:42:42,182 [INFO] MicroXplorer:498 - Change Database Version : DB.6.0.150
2025-09-09 11:42:42,182 [INFO] OpenFileManager:355 - Change cursor
2025-09-09 11:42:42,263 [INFO] Mcu:2029 - Initializing MCU STM32L475V(C-E-G)Tx STM32L475VGTx STM32L475VGT6
2025-09-09 11:42:44,067 [INFO] Context:786 - Trying to add GPIOservice into a context  which must be forbidden
2025-09-09 11:42:44,610 [INFO] ImportTextPane:234 - (OptionalMessage_ERROR) Pin81 (VP_RIF_VS_RIF1) cannot be retrieved for this MCU
2025-09-09 11:42:44,711 [INFO] RtosManager:558 - Registered RTOS mode: class=CMSIS, group=RTOS, mode=CMSIS_V1, owner=FREERTOS
2025-09-09 11:42:44,711 [INFO] RtosManager:558 - Registered RTOS mode: class=CMSIS, group=RTOS2, mode=CMSIS_V2, owner=FREERTOS
2025-09-09 11:42:44,712 [INFO] RtosManager:558 - Registered RTOS mode: class=RTOS, group=Core, mode=CMSIS_V1, owner=FREERTOS
2025-09-09 11:42:44,712 [INFO] RtosManager:558 - Registered RTOS mode: class=RTOS, group=Core, mode=CMSIS_V2, owner=FREERTOS
2025-09-09 11:42:44,712 [WARN] ModelIntegratedComponent:184 - Missing modes for component STMicroelectronics:FreeRTOS:0.0.1:STMicroelectronics:RTOS:FreeRTOS:Core:::10.2.0:
2025-09-09 11:42:44,733 [WARN] ModelIntegratedComponent:63 - No mode defined for component null
2025-09-09 11:42:44,734 [WARN] ModelIntegratedComponent:63 - No mode defined for component null
2025-09-09 11:42:44,734 [WARN] ModelIntegratedComponent:63 - No mode defined for component null
2025-09-09 11:42:44,734 [WARN] ModelIntegratedComponent:63 - No mode defined for component null
2025-09-09 11:42:44,734 [WARN] ModelIntegratedComponent:63 - No mode defined for component null
2025-09-09 11:42:44,734 [WARN] ModelIntegratedComponent:63 - No mode defined for component null
2025-09-09 11:42:44,734 [WARN] ModelIntegratedComponent:63 - No mode defined for component null
2025-09-09 11:42:44,734 [WARN] ModelIntegratedComponent:63 - No mode defined for component null
2025-09-09 11:42:44,735 [WARN] ModelIntegratedComponent:63 - No mode defined for component null
2025-09-09 11:42:44,735 [WARN] ModelIntegratedComponent:63 - No mode defined for component null
2025-09-09 11:42:44,735 [WARN] ModelIntegratedComponent:63 - No mode defined for component null
2025-09-09 11:42:44,735 [WARN] ModelIntegratedComponent:63 - No mode defined for component null
2025-09-09 11:42:44,735 [WARN] ModelIntegratedComponent:63 - No mode defined for component null
2025-09-09 11:42:44,735 [WARN] ModelIntegratedComponent:63 - No mode defined for component null
2025-09-09 11:42:44,735 [WARN] ModelIntegratedComponent:63 - No mode defined for component null
2025-09-09 11:42:44,735 [WARN] ModelIntegratedComponent:63 - No mode defined for component null
2025-09-09 11:42:44,735 [WARN] ModelIntegratedComponent:63 - No mode defined for component null
2025-09-09 11:42:44,735 [WARN] ModelIntegratedComponent:63 - No mode defined for component null
2025-09-09 11:42:44,736 [WARN] ModelIntegratedComponent:63 - No mode defined for component null
2025-09-09 11:42:44,736 [WARN] ModelIntegratedComponent:63 - No mode defined for component null
2025-09-09 11:42:44,736 [WARN] ModelIntegratedComponent:63 - No mode defined for component null
2025-09-09 11:42:44,736 [WARN] ModelIntegratedComponent:63 - No mode defined for component null
2025-09-09 11:42:44,736 [WARN] ModelIntegratedComponent:63 - No mode defined for component null
2025-09-09 11:42:44,736 [WARN] ModelIntegratedComponent:63 - No mode defined for component null
2025-09-09 11:42:44,736 [WARN] ModelIntegratedComponent:63 - No mode defined for component null
2025-09-09 11:42:44,736 [WARN] ModelIntegratedComponent:63 - No mode defined for component null
2025-09-09 11:42:44,736 [WARN] ModelIntegratedComponent:63 - No mode defined for component null
2025-09-09 11:42:44,736 [WARN] ModelIntegratedComponent:63 - No mode defined for component null
2025-09-09 11:42:44,736 [WARN] ModelIntegratedComponent:63 - No mode defined for component null
2025-09-09 11:42:44,736 [WARN] ModelIntegratedComponent:63 - No mode defined for component null
2025-09-09 11:42:44,736 [WARN] ModelIntegratedComponent:63 - No mode defined for component null
2025-09-09 11:42:44,737 [WARN] ModelIntegratedComponent:63 - No mode defined for component null
2025-09-09 11:42:44,737 [WARN] ModelIntegratedComponent:63 - No mode defined for component null
2025-09-09 11:42:44,737 [WARN] ModelIntegratedComponent:63 - No mode defined for component null
2025-09-09 11:42:44,737 [WARN] ModelIntegratedComponent:63 - No mode defined for component null
2025-09-09 11:42:44,737 [WARN] ModelPack:524 - Component already loaded: STMicroelectronics:HAL Drivers:0.0.0:STMicroelectronics:Device:STMicro_Driver:XSPI:HAL::0.0.1:HAL_XSPI
2025-09-09 11:42:44,857 [INFO] ThirdPartyModel:298 - Start build external matchings
2025-09-09 11:42:45,329 [INFO] ThirdPartyModel:316 - End build external matchings
2025-09-09 11:42:45,359 [INFO] ImportTextPane:234 - (OptionalMessage_ERROR) IP (RCC) : Invalid parameter (FamilyName)
2025-09-09 11:42:45,556 [INFO] UtilMem:75 - End LoadConfig() Used Memory: 476021552 Bytes (654311424)
2025-09-09 11:42:45,561 [INFO] ApiDb:581 - Connected to CubeFinder SQLite database (/home/matijak/.stmcufinder/plugins/mcufinder/mcu/cube-finder-db.db)
2025-09-09 11:42:45,696 [WARN] ThirdParty:833 - waiting for thirdparty lock release [change project]
2025-09-09 11:42:45,696 [INFO] ThirdParty:835 - entering critical section [change project]
2025-09-09 11:42:45,697 [INFO] ThirdParty:1030 - CMSIS Pack Vendor :STMicroelectronics X-CUBE-PM33A1 1.0.0
2025-09-09 11:42:45,697 [INFO] ThirdParty:1030 - CMSIS Pack Vendor :STMicroelectronics USBPD 4.1
2025-09-09 11:42:45,697 [INFO] ThirdParty:1030 - CMSIS Pack Vendor :STMicroelectronics X-CUBE-NFC9 1.0.0
2025-09-09 11:42:45,697 [INFO] ThirdParty:1030 - CMSIS Pack Vendor :STMicroelectronics USB_HOST 2.0.0
2025-09-09 11:42:45,697 [INFO] ThirdParty:1030 - CMSIS Pack Vendor :STMicroelectronics FP-SNS-MOTENVWB1 1.4.0
2025-09-09 11:42:45,697 [INFO] ThirdParty:1030 - CMSIS Pack Vendor :STMicroelectronics X-CUBE-AZRTOS-F4 1.1.0
2025-09-09 11:42:45,697 [INFO] ThirdParty:1030 - CMSIS Pack Vendor :STMicroelectronics LIBJPEG 8.0.0
2025-09-09 11:42:45,698 [INFO] ThirdParty:1030 - CMSIS Pack Vendor :STMicroelectronics FP-ATR-ASTRA1 2.0.2
2025-09-09 11:42:45,698 [INFO] ThirdParty:1030 - CMSIS Pack Vendor :wolfSSL I-CUBE-wolfSSL 5.8.2
2025-09-09 11:42:45,698 [INFO] ThirdParty:1030 - CMSIS Pack Vendor :STMicroelectronics X-CUBE-BLE1 7.1.0
2025-09-09 11:42:45,698 [INFO] ThirdParty:1030 - CMSIS Pack Vendor :Avnet-IotConnect X-CUBE-IoTC-DA16k-PMOD 1.0.0
2025-09-09 11:42:45,698 [INFO] ThirdParty:1030 - CMSIS Pack Vendor :STMicroelectronics X-CUBE-SMBUS 2.1.0
2025-09-09 11:42:45,698 [INFO] ThirdParty:1030 - CMSIS Pack Vendor :wolfSSL I-CUBE-wolfMQTT 1.19.2
2025-09-09 11:42:45,698 [INFO] ThirdParty:1030 - CMSIS Pack Vendor :STMicroelectronics USB_DEVICE 3.0.0
2025-09-09 11:42:45,698 [INFO] ThirdParty:1030 - CMSIS Pack Vendor :STMicroelectronics X-CUBE-ISPU 2.1.0
2025-09-09 11:42:45,698 [INFO] ThirdParty:1030 - CMSIS Pack Vendor :STMicroelectronics X-CUBE-EEPRMA1 5.2.0
2025-09-09 11:42:45,698 [INFO] ThirdParty:1030 - CMSIS Pack Vendor :STMicroelectronics X-CUBE-BLEMGR 4.1.0
2025-09-09 11:42:45,698 [INFO] ThirdParty:1030 - CMSIS Pack Vendor :STMicroelectronics X-CUBE-AZRTOS-WB 2.0.0
2025-09-09 11:42:45,698 [INFO] ThirdParty:1030 - CMSIS Pack Vendor :STMicroelectronics X-CUBE-ST60 1.0.0
2025-09-09 11:42:45,698 [INFO] ThirdParty:1030 - CMSIS Pack Vendor :STMicroelectronics X-CUBE-GNSS1 7.0.1
2025-09-09 11:42:45,698 [INFO] ThirdParty:1030 - CMSIS Pack Vendor :STMicroelectronics X-CUBE-NFC12 1.0.0
2025-09-09 11:42:45,698 [INFO] ThirdParty:1030 - CMSIS Pack Vendor :STMicroelectronics X-CUBE-AZRTOS-F7 1.1.0
2025-09-09 11:42:45,698 [INFO] ThirdParty:1030 - CMSIS Pack Vendor :STMicroelectronics X-CUBE-AZRTOS-L5 2.0.0
2025-09-09 11:42:45,698 [INFO] ThirdParty:1030 - CMSIS Pack Vendor :STMicroelectronics X-CUBE-TOUCHGFX 4.25.0
2025-09-09 11:42:45,698 [INFO] ThirdParty:1030 - CMSIS Pack Vendor :STMicroelectronics USB_DEVICE 2.0.0
2025-09-09 11:42:45,699 [INFO] ThirdParty:1030 - CMSIS Pack Vendor :STMicroelectronics X-CUBE-NFC6 3.1.0
2025-09-09 11:42:45,699 [INFO] ThirdParty:1030 - CMSIS Pack Vendor :quantropi X-CUBE-qispace-sdk-base 2.1.0
2025-09-09 11:42:45,699 [INFO] ThirdParty:1030 - CMSIS Pack Vendor :STMicroelectronics FreeRTOS 0.0.1
2025-09-09 11:42:45,699 [INFO] ThirdParty:1030 - CMSIS Pack Vendor :STMicroelectronics X-CUBE-AZRTOS-G0 1.1.0
2025-09-09 11:42:45,699 [INFO] ThirdParty:1030 - CMSIS Pack Vendor :STMicroelectronics X-CUBE-SAFEA1 1.2.2
2025-09-09 11:42:45,699 [INFO] ThirdParty:1030 - CMSIS Pack Vendor :STMicroelectronics X-CUBE-NFC4 3.0.0
2025-09-09 11:42:45,699 [INFO] ThirdParty:1030 - CMSIS Pack Vendor :STMicroelectronics X-CUBE-SUBG2 5.0.0
2025-09-09 11:42:45,699 [INFO] ThirdParty:1030 - CMSIS Pack Vendor :STMicroelectronics X-CUBE-AZRTOS-H7RS 1.1.0
2025-09-09 11:42:45,699 [INFO] ThirdParty:1030 - CMSIS Pack Vendor :STMicroelectronics STM32_WPAN 1.0.0
2025-09-09 11:42:45,699 [INFO] ThirdParty:1030 - CMSIS Pack Vendor :EmbeddedOffice I-CUBE-FS-RTOS 1.0.1
2025-09-09 11:42:45,699 [INFO] ThirdParty:1030 - CMSIS Pack Vendor :STMicroelectronics lwIP 2.0.3
2025-09-09 11:42:45,699 [INFO] ThirdParty:1030 - CMSIS Pack Vendor :WES I-CUBE-Cesium 1.4.0
2025-09-09 11:42:45,699 [INFO] ThirdParty:1030 - CMSIS Pack Vendor :Cesanta I-CUBE-Mongoose 7.13.0
2025-09-09 11:42:45,699 [INFO] ThirdParty:1030 - CMSIS Pack Vendor :STMicroelectronics USB_HOST 1.0.0
2025-09-09 11:42:45,700 [INFO] ThirdParty:1030 - CMSIS Pack Vendor :Infineon AIROC-Wi-Fi-Bluetooth-STM32 1.7.1
2025-09-09 11:42:45,700 [INFO] ThirdParty:1030 - CMSIS Pack Vendor :STMicroelectronics X-CUBE-AZRTOS-G4 2.0.0
2025-09-09 11:42:45,700 [INFO] ThirdParty:1030 - CMSIS Pack Vendor :STMicroelectronics X-CUBE-WB05N 2.0.0
2025-09-09 11:42:45,700 [INFO] ThirdParty:1030 - CMSIS Pack Vendor :STMicroelectronics PDM2PCM 3.1.0
2025-09-09 11:42:45,700 [INFO] ThirdParty:1030 - CMSIS Pack Vendor :STMicroelectronics PDM2PCM 3.3.0
2025-09-09 11:42:45,700 [INFO] ThirdParty:1030 - CMSIS Pack Vendor :wolfSSL I-CUBE-wolfTPM 3.8.0
2025-09-09 11:42:45,700 [INFO] ThirdParty:1030 - CMSIS Pack Vendor :STMicroelectronics X-CUBE-AZRTOS-H7 3.4.0
2025-09-09 11:42:45,700 [INFO] ThirdParty:1030 - CMSIS Pack Vendor :STMicroelectronics X-CUBE-DISPLAY 3.0.0
2025-09-09 11:42:45,700 [INFO] ThirdParty:1030 - CMSIS Pack Vendor :wolfSSL I-CUBE-wolfSSH 1.4.20
2025-09-09 11:42:45,700 [INFO] ThirdParty:1030 - CMSIS Pack Vendor :STMicroelectronics X-CUBE-NFC7 2.0.0
2025-09-09 11:42:45,700 [INFO] ThirdParty:1030 - CMSIS Pack Vendor :STMicroelectronics X-CUBE-TCPP 4.2.0
2025-09-09 11:42:45,700 [INFO] ThirdParty:1030 - CMSIS Pack Vendor :RealThread X-CUBE-RT-Thread_Nano 4.1.1
2025-09-09 11:42:45,700 [INFO] ThirdParty:1030 - CMSIS Pack Vendor :STMicroelectronics FP-ATR-SIGFOX1 3.2.0
2025-09-09 11:42:45,700 [INFO] ThirdParty:1030 - CMSIS Pack Vendor :STMicroelectronics X-CUBE-NFC10 1.0.0
2025-09-09 11:42:45,700 [INFO] ThirdParty:1030 - CMSIS Pack Vendor :STMicroelectronics X-CUBE-FREERTOS 1.3.1
2025-09-09 11:42:45,700 [INFO] ThirdParty:1030 - CMSIS Pack Vendor :STMicroelectronics HAL Drivers 0.0.0
2025-09-09 11:42:45,700 [INFO] ThirdParty:1030 - CMSIS Pack Vendor :STMicroelectronics MBEDTLS 2.16.2
2025-09-09 11:42:45,700 [INFO] ThirdParty:1030 - CMSIS Pack Vendor :STMicroelectronics X-CUBE-IPS 3.1.0
2025-09-09 11:42:45,701 [INFO] ThirdParty:1030 - CMSIS Pack Vendor :STMicroelectronics X-CUBE-ALS 1.0.2
2025-09-09 11:42:45,701 [INFO] ThirdParty:1030 - CMSIS Pack Vendor :emotas I-CUBE-CANOPEN 1.3.0
2025-09-09 11:42:45,701 [INFO] ThirdParty:1030 - CMSIS Pack Vendor :STMicroelectronics MBEDTLS 2.14.1
2025-09-09 11:42:45,701 [INFO] ThirdParty:1030 - CMSIS Pack Vendor :ITTIA_DB I-CUBE-ITTIADB 8.9.0
2025-09-09 11:42:45,701 [INFO] ThirdParty:1030 - CMSIS Pack Vendor :STMicroelectronics X-CUBE-STSE01 1.0.0
2025-09-09 11:42:45,701 [INFO] ThirdParty:1030 - CMSIS Pack Vendor :STMicroelectronics X-CUBE-ST67W61 1.0.0
2025-09-09 11:42:45,701 [INFO] ThirdParty:1030 - CMSIS Pack Vendor :STMicroelectronics FP-SNS-STBOX1 2.1.0
2025-09-09 11:42:45,701 [INFO] ThirdParty:1030 - CMSIS Pack Vendor :STMicroelectronics X-CUBE-AI 10.2.0
2025-09-09 11:42:45,702 [INFO] ThirdParty:1030 - CMSIS Pack Vendor :STMicroelectronics FP-SNS-STAIOTCFT 1.0.0
2025-09-09 11:42:45,702 [INFO] ThirdParty:1030 - CMSIS Pack Vendor :STMicroelectronics ThreadX 1.0.0
2025-09-09 11:42:45,702 [INFO] ThirdParty:1030 - CMSIS Pack Vendor :STMicroelectronics FP-SNS-SMARTAG2 1.2.0
2025-09-09 11:42:45,702 [INFO] ThirdParty:1030 - CMSIS Pack Vendor :STMicroelectronics FP-SNS-FLIGHT1 5.1.0
2025-09-09 11:42:45,702 [INFO] ThirdParty:1030 - CMSIS Pack Vendor :STMicroelectronics X-CUBE-AZRTOS-WL 2.0.0
2025-09-09 11:42:45,702 [INFO] ThirdParty:1030 - CMSIS Pack Vendor :SEGGER I-CUBE-embOS 1.3.1
2025-09-09 11:42:45,702 [INFO] ThirdParty:1030 - CMSIS Pack Vendor :STMicroelectronics X-CUBE-ALGOBUILD 1.4.0
2025-09-09 11:42:45,702 [INFO] ThirdParty:1030 - CMSIS Pack Vendor :STMicroelectronics X-CUBE-DPower 1.3.0
2025-09-09 11:42:45,702 [INFO] ThirdParty:1030 - CMSIS Pack Vendor :STMicroelectronics X-CUBE-MEMS1 11.3.0
2025-09-09 11:42:45,702 [INFO] ThirdParty:1030 - CMSIS Pack Vendor :STMicroelectronics FP-SNS-MOTENV1 5.0.0
2025-09-09 11:42:45,702 [INFO] ThirdParty:1030 - CMSIS Pack Vendor :STMicroelectronics USB_DEVICE 1.0.0
2025-09-09 11:42:45,702 [INFO] ThirdParty:1030 - CMSIS Pack Vendor :STMicroelectronics X-CUBE-AZRTOS-L4 2.0.0
2025-09-09 11:42:45,702 [INFO] ThirdParty:1030 - CMSIS Pack Vendor :STMicroelectronics ThreadX 0.0.2
2025-09-09 11:42:45,702 [INFO] ThirdParty:1030 - CMSIS Pack Vendor :STMicroelectronics lwIP 2.1.2
2025-09-09 11:42:45,702 [INFO] ThirdParty:1030 - CMSIS Pack Vendor :STMicroelectronics X-CUBE-SFXS2LP1 4.0.0
2025-09-09 11:42:45,702 [INFO] ThirdParty:1030 - CMSIS Pack Vendor :STMicroelectronics X-CUBE-BLE2 3.3.0
2025-09-09 11:42:45,702 [INFO] ThirdParty:1030 - CMSIS Pack Vendor :STMicroelectronics X-CUBE-TOF1 3.4.3
2025-09-09 11:42:45,702 [INFO] ThirdParty:1030 - CMSIS Pack Vendor :STMicroelectronics PDM2PCM 3.2.0
2025-09-09 11:42:45,702 [INFO] ThirdParty:841 - exiting critical section [change project]
2025-09-09 11:42:46,406 [INFO] PinOutPanel:1589 - setPackage(No Configuration,No Configuration)
2025-09-09 11:42:46,408 [INFO] PinOutPanel:1589 - setPackage(STM32L475VGTx,LQFP100)
2025-09-09 11:42:47,087 [INFO] UtilMem:75 - Before build in PCC Used Memory: 306993192 Bytes (654311424)
2025-09-09 11:42:47,772 [INFO] UtilMem:75 - After build in PCC Used Memory: 485251208 Bytes (654311424)
2025-09-09 11:42:47,812 [INFO] IPUIPlugin:80 - create IPUIPlugin
2025-09-09 11:42:47,812 [INFO] IPUIPlugin:80 - create IPUIPlugin
2025-09-09 11:42:47,812 [INFO] IPUIPlugin:80 - create IPUIPlugin
2025-09-09 11:42:47,812 [INFO] IPUIPlugin:80 - create IPUIPlugin
2025-09-09 11:42:47,813 [INFO] IPUIPlugin:80 - create IPUIPlugin
2025-09-09 11:42:47,813 [INFO] IPUIPlugin:80 - create IPUIPlugin
2025-09-09 11:42:47,813 [INFO] IPUIPlugin:80 - create IPUIPlugin
2025-09-09 11:42:47,813 [INFO] IPUIPlugin:80 - create IPUIPlugin
2025-09-09 11:42:47,814 [INFO] IPUIPlugin:80 - create IPUIPlugin
2025-09-09 11:42:47,814 [INFO] IPUIPlugin:80 - create IPUIPlugin
2025-09-09 11:42:47,814 [INFO] IPUIPlugin:80 - create IPUIPlugin
2025-09-09 11:42:47,814 [INFO] IPUIPlugin:80 - create IPUIPlugin
2025-09-09 11:42:47,814 [INFO] IPUIPlugin:80 - create IPUIPlugin
2025-09-09 11:42:47,815 [INFO] IPUIPlugin:80 - create IPUIPlugin
2025-09-09 11:42:47,815 [INFO] IPUIPlugin:80 - create IPUIPlugin
2025-09-09 11:42:47,815 [INFO] IPUIPlugin:80 - create IPUIPlugin
2025-09-09 11:42:47,815 [INFO] IPUIPlugin:80 - create IPUIPlugin
2025-09-09 11:42:47,815 [INFO] IPUIPlugin:80 - create IPUIPlugin
2025-09-09 11:42:47,815 [INFO] IPUIPlugin:80 - create IPUIPlugin
2025-09-09 11:42:47,816 [INFO] IPUIPlugin:80 - create IPUIPlugin
2025-09-09 11:42:47,816 [INFO] IPUIPlugin:80 - create IPUIPlugin
2025-09-09 11:42:47,816 [INFO] IPUIPlugin:80 - create IPUIPlugin
2025-09-09 11:42:47,816 [INFO] IPUIPlugin:80 - create IPUIPlugin
2025-09-09 11:42:47,816 [INFO] IPUIPlugin:80 - create IPUIPlugin
2025-09-09 11:42:47,817 [INFO] IPUIPlugin:80 - create IPUIPlugin
2025-09-09 11:42:47,817 [INFO] IPUIPlugin:80 - create IPUIPlugin
2025-09-09 11:42:47,817 [INFO] IPUIPlugin:80 - create IPUIPlugin
2025-09-09 11:42:47,817 [INFO] IPUIPlugin:80 - create IPUIPlugin
2025-09-09 11:42:47,818 [INFO] IPUIPlugin:80 - create IPUIPlugin
2025-09-09 11:42:47,818 [INFO] IPUIPlugin:80 - create IPUIPlugin
2025-09-09 11:42:47,818 [INFO] IPUIPlugin:80 - create IPUIPlugin
2025-09-09 11:42:47,818 [INFO] IPUIPlugin:80 - create IPUIPlugin
2025-09-09 11:42:47,818 [INFO] IPUIPlugin:80 - create IPUIPlugin
2025-09-09 11:42:47,819 [INFO] IPUIPlugin:80 - create IPUIPlugin
2025-09-09 11:42:47,819 [INFO] IPUIPlugin:80 - create IPUIPlugin
2025-09-09 11:42:47,819 [INFO] IPUIPlugin:80 - create IPUIPlugin
2025-09-09 11:42:47,819 [INFO] IPUIPlugin:80 - create IPUIPlugin
2025-09-09 11:42:47,819 [INFO] IPUIPlugin:80 - create IPUIPlugin
2025-09-09 11:42:47,820 [INFO] IPUIPlugin:80 - create IPUIPlugin
2025-09-09 11:42:47,820 [INFO] IPUIPlugin:80 - create IPUIPlugin
2025-09-09 11:42:47,820 [INFO] IPUIPlugin:80 - create IPUIPlugin
2025-09-09 11:42:47,820 [INFO] IPUIPlugin:80 - create IPUIPlugin
2025-09-09 11:42:47,820 [INFO] IPUIPlugin:80 - create IPUIPlugin
2025-09-09 11:42:47,820 [INFO] IPUIPlugin:80 - create IPUIPlugin
2025-09-09 11:42:47,821 [INFO] IPUIPlugin:80 - create IPUIPlugin
2025-09-09 11:42:47,821 [INFO] IPUIPlugin:80 - create IPUIPlugin
2025-09-09 11:42:47,822 [INFO] IPUIPlugin:80 - create IPUIPlugin
2025-09-09 11:42:47,823 [INFO] IPUIPlugin:80 - create IPUIPlugin
2025-09-09 11:42:47,823 [INFO] IPUIPlugin:80 - create IPUIPlugin
2025-09-09 11:42:47,824 [INFO] IPUIPlugin:80 - create IPUIPlugin
2025-09-09 11:42:47,824 [INFO] IPUIPlugin:80 - create IPUIPlugin
2025-09-09 11:42:47,825 [INFO] IPUIPlugin:80 - create IPUIPlugin
2025-09-09 11:42:47,826 [INFO] IPUIPlugin:80 - create IPUIPlugin
2025-09-09 11:42:47,826 [INFO] IPUIPlugin:80 - create IPUIPlugin
2025-09-09 11:42:47,827 [INFO] IPUIPlugin:80 - create IPUIPlugin
2025-09-09 11:42:47,827 [INFO] IPUIPlugin:80 - create IPUIPlugin
2025-09-09 11:42:47,828 [INFO] IPUIPlugin:80 - create IPUIPlugin
2025-09-09 11:42:47,828 [INFO] IPUIPlugin:80 - create IPUIPlugin
2025-09-09 11:42:47,828 [INFO] IPUIPlugin:80 - create IPUIPlugin
2025-09-09 11:42:47,992 [INFO] CADModel:165 - CPN selected for project levelSTM32L475VGT6
2025-09-09 11:42:47,993 [INFO] CADModel:114 - Register for checkConnection events
2025-09-09 11:42:48,032 [INFO] OpenFileManager:386 - Restore cursor
2025-09-09 11:43:10,330 [ERROR] LogOutputStream:75 - [STDERR_REDIRECT] Sep 09, 2025 11:43:10 AM java.util.prefs.FileSystemPreferences checkLockFile0ErrorCode
2025-09-09 11:43:10,331 [ERROR] LogOutputStream:75 - [STDERR_REDIRECT] WARNING: Could not lock System prefs. Unix error code 2.
2025-09-09 11:43:10,331 [ERROR] LogOutputStream:75 - [STDERR_REDIRECT] 
2025-09-09 11:43:10,332 [ERROR] LogOutputStream:75 - [STDERR_REDIRECT] Sep 09, 2025 11:43:10 AM java.util.prefs.FileSystemPreferences syncWorld
2025-09-09 11:43:10,333 [ERROR] LogOutputStream:75 - [STDERR_REDIRECT] WARNING: Couldn't flush system prefs: java.util.prefs.BackingStoreException: Couldn't get file lock.
2025-09-09 11:43:10,333 [ERROR] LogOutputStream:75 - [STDERR_REDIRECT] 
2025-09-09 11:43:35,558 [INFO] DmaTabbedPanel:205 - Cannot restore the selected Tab for DMA
2025-09-09 11:43:40,329 [ERROR] LogOutputStream:75 - [STDERR_REDIRECT] Sep 09, 2025 11:43:40 AM java.util.prefs.FileSystemPreferences checkLockFile0ErrorCode
2025-09-09 11:43:40,330 [ERROR] LogOutputStream:75 - [STDERR_REDIRECT] WARNING: Could not lock System prefs. Unix error code 2.
2025-09-09 11:43:40,330 [ERROR] LogOutputStream:75 - [STDERR_REDIRECT] 
2025-09-09 11:43:40,331 [ERROR] LogOutputStream:75 - [STDERR_REDIRECT] Sep 09, 2025 11:43:40 AM java.util.prefs.FileSystemPreferences syncWorld
2025-09-09 11:43:40,332 [ERROR] LogOutputStream:75 - [STDERR_REDIRECT] WARNING: Couldn't flush system prefs: java.util.prefs.BackingStoreException: Couldn't get file lock.
2025-09-09 11:43:40,332 [ERROR] LogOutputStream:75 - [STDERR_REDIRECT] 
2025-09-09 11:43:43,763 [INFO] I2cTimingTraitement:330 - 0x10D19CE4
2025-09-09 11:43:44,120 [INFO] DmaTabbedPanel:205 - Cannot restore the selected Tab for DMA
2025-09-09 11:43:44,361 [INFO] DmaTabbedPanel:205 - Cannot restore the selected Tab for DMA
2025-09-09 11:44:10,329 [ERROR] LogOutputStream:75 - [STDERR_REDIRECT] Sep 09, 2025 11:44:10 AM java.util.prefs.FileSystemPreferences checkLockFile0ErrorCode
2025-09-09 11:44:10,329 [ERROR] LogOutputStream:75 - [STDERR_REDIRECT] WARNING: Could not lock System prefs. Unix error code 2.
2025-09-09 11:44:10,329 [ERROR] LogOutputStream:75 - [STDERR_REDIRECT] 
2025-09-09 11:44:10,330 [ERROR] LogOutputStream:75 - [STDERR_REDIRECT] Sep 09, 2025 11:44:10 AM java.util.prefs.FileSystemPreferences syncWorld
2025-09-09 11:44:10,331 [ERROR] LogOutputStream:75 - [STDERR_REDIRECT] WARNING: Couldn't flush system prefs: java.util.prefs.BackingStoreException: Couldn't get file lock.
2025-09-09 11:44:10,331 [ERROR] LogOutputStream:75 - [STDERR_REDIRECT] 
2025-09-09 11:44:40,328 [ERROR] LogOutputStream:75 - [STDERR_REDIRECT] Sep 09, 2025 11:44:40 AM java.util.prefs.FileSystemPreferences checkLockFile0ErrorCode
2025-09-09 11:44:40,329 [ERROR] LogOutputStream:75 - [STDERR_REDIRECT] WARNING: Could not lock System prefs. Unix error code 2.
2025-09-09 11:44:40,329 [ERROR] LogOutputStream:75 - [STDERR_REDIRECT] 
2025-09-09 11:44:40,329 [ERROR] LogOutputStream:75 - [STDERR_REDIRECT] Sep 09, 2025 11:44:40 AM java.util.prefs.FileSystemPreferences syncWorld
2025-09-09 11:44:40,330 [ERROR] LogOutputStream:75 - [STDERR_REDIRECT] WARNING: Couldn't flush system prefs: java.util.prefs.BackingStoreException: Couldn't get file lock.
2025-09-09 11:44:40,330 [ERROR] LogOutputStream:75 - [STDERR_REDIRECT] 
2025-09-09 11:45:10,328 [ERROR] LogOutputStream:75 - [STDERR_REDIRECT] Sep 09, 2025 11:45:10 AM java.util.prefs.FileSystemPreferences checkLockFile0ErrorCode
2025-09-09 11:45:10,329 [ERROR] LogOutputStream:75 - [STDERR_REDIRECT] WARNING: Could not lock System prefs. Unix error code 2.
2025-09-09 11:45:10,329 [ERROR] LogOutputStream:75 - [STDERR_REDIRECT] 
2025-09-09 11:45:10,330 [ERROR] LogOutputStream:75 - [STDERR_REDIRECT] Sep 09, 2025 11:45:10 AM java.util.prefs.FileSystemPreferences syncWorld
2025-09-09 11:45:10,331 [ERROR] LogOutputStream:75 - [STDERR_REDIRECT] WARNING: Couldn't flush system prefs: java.util.prefs.BackingStoreException: Couldn't get file lock.
2025-09-09 11:45:10,331 [ERROR] LogOutputStream:75 - [STDERR_REDIRECT] 
2025-09-09 11:45:40,328 [ERROR] LogOutputStream:75 - [STDERR_REDIRECT] Sep 09, 2025 11:45:40 AM java.util.prefs.FileSystemPreferences checkLockFile0ErrorCode
2025-09-09 11:45:40,329 [ERROR] LogOutputStream:75 - [STDERR_REDIRECT] WARNING: Could not lock System prefs. Unix error code 2.
2025-09-09 11:45:40,329 [ERROR] LogOutputStream:75 - [STDERR_REDIRECT] 
2025-09-09 11:45:40,330 [ERROR] LogOutputStream:75 - [STDERR_REDIRECT] Sep 09, 2025 11:45:40 AM java.util.prefs.FileSystemPreferences syncWorld
2025-09-09 11:45:40,331 [ERROR] LogOutputStream:75 - [STDERR_REDIRECT] WARNING: Couldn't flush system prefs: java.util.prefs.BackingStoreException: Couldn't get file lock.
2025-09-09 11:45:40,331 [ERROR] LogOutputStream:75 - [STDERR_REDIRECT] 
2025-09-09 11:46:10,328 [ERROR] LogOutputStream:75 - [STDERR_REDIRECT] Sep 09, 2025 11:46:10 AM java.util.prefs.FileSystemPreferences checkLockFile0ErrorCode
2025-09-09 11:46:10,329 [ERROR] LogOutputStream:75 - [STDERR_REDIRECT] WARNING: Could not lock System prefs. Unix error code 2.
2025-09-09 11:46:10,329 [ERROR] LogOutputStream:75 - [STDERR_REDIRECT] 
2025-09-09 11:46:10,329 [ERROR] LogOutputStream:75 - [STDERR_REDIRECT] Sep 09, 2025 11:46:10 AM java.util.prefs.FileSystemPreferences syncWorld
2025-09-09 11:46:10,330 [ERROR] LogOutputStream:75 - [STDERR_REDIRECT] WARNING: Couldn't flush system prefs: java.util.prefs.BackingStoreException: Couldn't get file lock.
2025-09-09 11:46:10,330 [ERROR] LogOutputStream:75 - [STDERR_REDIRECT] 
2025-09-09 11:46:40,328 [ERROR] LogOutputStream:75 - [STDERR_REDIRECT] Sep 09, 2025 11:46:40 AM java.util.prefs.FileSystemPreferences checkLockFile0ErrorCode
2025-09-09 11:46:40,329 [ERROR] LogOutputStream:75 - [STDERR_REDIRECT] WARNING: Could not lock System prefs. Unix error code 2.
2025-09-09 11:46:40,329 [ERROR] LogOutputStream:75 - [STDERR_REDIRECT] 
2025-09-09 11:46:40,330 [ERROR] LogOutputStream:75 - [STDERR_REDIRECT] Sep 09, 2025 11:46:40 AM java.util.prefs.FileSystemPreferences syncWorld
2025-09-09 11:46:40,331 [ERROR] LogOutputStream:75 - [STDERR_REDIRECT] WARNING: Couldn't flush system prefs: java.util.prefs.BackingStoreException: Couldn't get file lock.
2025-09-09 11:46:40,331 [ERROR] LogOutputStream:75 - [STDERR_REDIRECT] 
2025-09-09 11:47:10,328 [ERROR] LogOutputStream:75 - [STDERR_REDIRECT] Sep 09, 2025 11:47:10 AM java.util.prefs.FileSystemPreferences checkLockFile0ErrorCode
2025-09-09 11:47:10,329 [ERROR] LogOutputStream:75 - [STDERR_REDIRECT] WARNING: Could not lock System prefs. Unix error code 2.
2025-09-09 11:47:10,329 [ERROR] LogOutputStream:75 - [STDERR_REDIRECT] 
2025-09-09 11:47:10,330 [ERROR] LogOutputStream:75 - [STDERR_REDIRECT] Sep 09, 2025 11:47:10 AM java.util.prefs.FileSystemPreferences syncWorld
2025-09-09 11:47:10,331 [ERROR] LogOutputStream:75 - [STDERR_REDIRECT] WARNING: Couldn't flush system prefs: java.util.prefs.BackingStoreException: Couldn't get file lock.
2025-09-09 11:47:10,331 [ERROR] LogOutputStream:75 - [STDERR_REDIRECT] 
2025-09-09 11:47:40,327 [ERROR] LogOutputStream:75 - [STDERR_REDIRECT] Sep 09, 2025 11:47:40 AM java.util.prefs.FileSystemPreferences checkLockFile0ErrorCode
2025-09-09 11:47:40,328 [ERROR] LogOutputStream:75 - [STDERR_REDIRECT] WARNING: Could not lock System prefs. Unix error code 2.
2025-09-09 11:47:40,328 [ERROR] LogOutputStream:75 - [STDERR_REDIRECT] 
2025-09-09 11:47:40,329 [ERROR] LogOutputStream:75 - [STDERR_REDIRECT] Sep 09, 2025 11:47:40 AM java.util.prefs.FileSystemPreferences syncWorld
2025-09-09 11:47:40,330 [ERROR] LogOutputStream:75 - [STDERR_REDIRECT] WARNING: Couldn't flush system prefs: java.util.prefs.BackingStoreException: Couldn't get file lock.
2025-09-09 11:47:40,330 [ERROR] LogOutputStream:75 - [STDERR_REDIRECT] 
2025-09-09 11:48:10,328 [ERROR] LogOutputStream:75 - [STDERR_REDIRECT] Sep 09, 2025 11:48:10 AM java.util.prefs.FileSystemPreferences checkLockFile0ErrorCode
2025-09-09 11:48:10,328 [ERROR] LogOutputStream:75 - [STDERR_REDIRECT] WARNING: Could not lock System prefs. Unix error code 2.
2025-09-09 11:48:10,328 [ERROR] LogOutputStream:75 - [STDERR_REDIRECT] 
2025-09-09 11:48:10,329 [ERROR] LogOutputStream:75 - [STDERR_REDIRECT] Sep 09, 2025 11:48:10 AM java.util.prefs.FileSystemPreferences syncWorld
2025-09-09 11:48:10,330 [ERROR] LogOutputStream:75 - [STDERR_REDIRECT] WARNING: Couldn't flush system prefs: java.util.prefs.BackingStoreException: Couldn't get file lock.
2025-09-09 11:48:10,330 [ERROR] LogOutputStream:75 - [STDERR_REDIRECT] 
2025-09-09 11:48:40,327 [ERROR] LogOutputStream:75 - [STDERR_REDIRECT] Sep 09, 2025 11:48:40 AM java.util.prefs.FileSystemPreferences checkLockFile0ErrorCode
2025-09-09 11:48:40,327 [ERROR] LogOutputStream:75 - [STDERR_REDIRECT] WARNING: Could not lock System prefs. Unix error code 2.
2025-09-09 11:48:40,327 [ERROR] LogOutputStream:75 - [STDERR_REDIRECT] 
2025-09-09 11:48:40,327 [ERROR] LogOutputStream:75 - [STDERR_REDIRECT] Sep 09, 2025 11:48:40 AM java.util.prefs.FileSystemPreferences syncWorld
2025-09-09 11:48:40,328 [ERROR] LogOutputStream:75 - [STDERR_REDIRECT] WARNING: Couldn't flush system prefs: java.util.prefs.BackingStoreException: Couldn't get file lock.
2025-09-09 11:48:40,328 [ERROR] LogOutputStream:75 - [STDERR_REDIRECT] 
2025-09-09 11:49:10,328 [ERROR] LogOutputStream:75 - [STDERR_REDIRECT] Sep 09, 2025 11:49:10 AM java.util.prefs.FileSystemPreferences checkLockFile0ErrorCode
2025-09-09 11:49:10,328 [ERROR] LogOutputStream:75 - [STDERR_REDIRECT] WARNING: Could not lock System prefs. Unix error code 2.
2025-09-09 11:49:10,328 [ERROR] LogOutputStream:75 - [STDERR_REDIRECT] 
2025-09-09 11:49:10,329 [ERROR] LogOutputStream:75 - [STDERR_REDIRECT] Sep 09, 2025 11:49:10 AM java.util.prefs.FileSystemPreferences syncWorld
2025-09-09 11:49:10,330 [ERROR] LogOutputStream:75 - [STDERR_REDIRECT] WARNING: Couldn't flush system prefs: java.util.prefs.BackingStoreException: Couldn't get file lock.
2025-09-09 11:49:10,330 [ERROR] LogOutputStream:75 - [STDERR_REDIRECT] 
2025-09-09 11:49:40,328 [ERROR] LogOutputStream:75 - [STDERR_REDIRECT] Sep 09, 2025 11:49:40 AM java.util.prefs.FileSystemPreferences checkLockFile0ErrorCode
2025-09-09 11:49:40,329 [ERROR] LogOutputStream:75 - [STDERR_REDIRECT] WARNING: Could not lock System prefs. Unix error code 2.
2025-09-09 11:49:40,329 [ERROR] LogOutputStream:75 - [STDERR_REDIRECT] 
2025-09-09 11:49:40,330 [ERROR] LogOutputStream:75 - [STDERR_REDIRECT] Sep 09, 2025 11:49:40 AM java.util.prefs.FileSystemPreferences syncWorld
2025-09-09 11:49:40,331 [ERROR] LogOutputStream:75 - [STDERR_REDIRECT] WARNING: Couldn't flush system prefs: java.util.prefs.BackingStoreException: Couldn't get file lock.
2025-09-09 11:49:40,331 [ERROR] LogOutputStream:75 - [STDERR_REDIRECT] 
2025-09-09 11:50:10,328 [ERROR] LogOutputStream:75 - [STDERR_REDIRECT] Sep 09, 2025 11:50:10 AM java.util.prefs.FileSystemPreferences checkLockFile0ErrorCode
2025-09-09 11:50:10,328 [ERROR] LogOutputStream:75 - [STDERR_REDIRECT] WARNING: Could not lock System prefs. Unix error code 2.
2025-09-09 11:50:10,328 [ERROR] LogOutputStream:75 - [STDERR_REDIRECT] 
2025-09-09 11:50:10,329 [ERROR] LogOutputStream:75 - [STDERR_REDIRECT] Sep 09, 2025 11:50:10 AM java.util.prefs.FileSystemPreferences syncWorld
2025-09-09 11:50:10,330 [ERROR] LogOutputStream:75 - [STDERR_REDIRECT] WARNING: Couldn't flush system prefs: java.util.prefs.BackingStoreException: Couldn't get file lock.
2025-09-09 11:50:10,330 [ERROR] LogOutputStream:75 - [STDERR_REDIRECT] 
2025-09-09 11:50:40,328 [ERROR] LogOutputStream:75 - [STDERR_REDIRECT] Sep 09, 2025 11:50:40 AM java.util.prefs.FileSystemPreferences checkLockFile0ErrorCode
2025-09-09 11:50:40,328 [ERROR] LogOutputStream:75 - [STDERR_REDIRECT] WARNING: Could not lock System prefs. Unix error code 2.
2025-09-09 11:50:40,328 [ERROR] LogOutputStream:75 - [STDERR_REDIRECT] 
2025-09-09 11:50:40,329 [ERROR] LogOutputStream:75 - [STDERR_REDIRECT] Sep 09, 2025 11:50:40 AM java.util.prefs.FileSystemPreferences syncWorld
2025-09-09 11:50:40,330 [ERROR] LogOutputStream:75 - [STDERR_REDIRECT] WARNING: Couldn't flush system prefs: java.util.prefs.BackingStoreException: Couldn't get file lock.
2025-09-09 11:50:40,330 [ERROR] LogOutputStream:75 - [STDERR_REDIRECT] 
2025-09-09 11:51:10,329 [ERROR] LogOutputStream:75 - [STDERR_REDIRECT] Sep 09, 2025 11:51:10 AM java.util.prefs.FileSystemPreferences checkLockFile0ErrorCode
2025-09-09 11:51:10,329 [ERROR] LogOutputStream:75 - [STDERR_REDIRECT] WARNING: Could not lock System prefs. Unix error code 2.
2025-09-09 11:51:10,329 [ERROR] LogOutputStream:75 - [STDERR_REDIRECT] 
2025-09-09 11:51:10,330 [ERROR] LogOutputStream:75 - [STDERR_REDIRECT] Sep 09, 2025 11:51:10 AM java.util.prefs.FileSystemPreferences syncWorld
2025-09-09 11:51:10,331 [ERROR] LogOutputStream:75 - [STDERR_REDIRECT] WARNING: Couldn't flush system prefs: java.util.prefs.BackingStoreException: Couldn't get file lock.
2025-09-09 11:51:10,331 [ERROR] LogOutputStream:75 - [STDERR_REDIRECT] 
2025-09-09 11:51:40,329 [ERROR] LogOutputStream:75 - [STDERR_REDIRECT] Sep 09, 2025 11:51:40 AM java.util.prefs.FileSystemPreferences checkLockFile0ErrorCode
2025-09-09 11:51:40,329 [ERROR] LogOutputStream:75 - [STDERR_REDIRECT] WARNING: Could not lock System prefs. Unix error code 2.
2025-09-09 11:51:40,330 [ERROR] LogOutputStream:75 - [STDERR_REDIRECT] 
2025-09-09 11:51:40,331 [ERROR] LogOutputStream:75 - [STDERR_REDIRECT] Sep 09, 2025 11:51:40 AM java.util.prefs.FileSystemPreferences syncWorld
2025-09-09 11:51:40,331 [ERROR] LogOutputStream:75 - [STDERR_REDIRECT] WARNING: Couldn't flush system prefs: java.util.prefs.BackingStoreException: Couldn't get file lock.
2025-09-09 11:51:40,332 [ERROR] LogOutputStream:75 - [STDERR_REDIRECT] 
2025-09-09 11:52:10,328 [ERROR] LogOutputStream:75 - [STDERR_REDIRECT] Sep 09, 2025 11:52:10 AM java.util.prefs.FileSystemPreferences checkLockFile0ErrorCode
2025-09-09 11:52:10,328 [ERROR] LogOutputStream:75 - [STDERR_REDIRECT] WARNING: Could not lock System prefs. Unix error code 2.
2025-09-09 11:52:10,328 [ERROR] LogOutputStream:75 - [STDERR_REDIRECT] 
2025-09-09 11:52:10,329 [ERROR] LogOutputStream:75 - [STDERR_REDIRECT] Sep 09, 2025 11:52:10 AM java.util.prefs.FileSystemPreferences syncWorld
2025-09-09 11:52:10,330 [ERROR] LogOutputStream:75 - [STDERR_REDIRECT] WARNING: Couldn't flush system prefs: java.util.prefs.BackingStoreException: Couldn't get file lock.
2025-09-09 11:52:10,330 [ERROR] LogOutputStream:75 - [STDERR_REDIRECT] 
2025-09-09 11:52:40,328 [ERROR] LogOutputStream:75 - [STDERR_REDIRECT] Sep 09, 2025 11:52:40 AM java.util.prefs.FileSystemPreferences checkLockFile0ErrorCode
2025-09-09 11:52:40,329 [ERROR] LogOutputStream:75 - [STDERR_REDIRECT] WARNING: Could not lock System prefs. Unix error code 2.
2025-09-09 11:52:40,329 [ERROR] LogOutputStream:75 - [STDERR_REDIRECT] 
2025-09-09 11:52:40,329 [ERROR] LogOutputStream:75 - [STDERR_REDIRECT] Sep 09, 2025 11:52:40 AM java.util.prefs.FileSystemPreferences syncWorld
2025-09-09 11:52:40,330 [ERROR] LogOutputStream:75 - [STDERR_REDIRECT] WARNING: Couldn't flush system prefs: java.util.prefs.BackingStoreException: Couldn't get file lock.
2025-09-09 11:52:40,330 [ERROR] LogOutputStream:75 - [STDERR_REDIRECT] 
2025-09-09 11:53:10,328 [ERROR] LogOutputStream:75 - [STDERR_REDIRECT] Sep 09, 2025 11:53:10 AM java.util.prefs.FileSystemPreferences checkLockFile0ErrorCode
2025-09-09 11:53:10,329 [ERROR] LogOutputStream:75 - [STDERR_REDIRECT] WARNING: Could not lock System prefs. Unix error code 2.
2025-09-09 11:53:10,329 [ERROR] LogOutputStream:75 - [STDERR_REDIRECT] 
2025-09-09 11:53:10,330 [ERROR] LogOutputStream:75 - [STDERR_REDIRECT] Sep 09, 2025 11:53:10 AM java.util.prefs.FileSystemPreferences syncWorld
2025-09-09 11:53:10,331 [ERROR] LogOutputStream:75 - [STDERR_REDIRECT] WARNING: Couldn't flush system prefs: java.util.prefs.BackingStoreException: Couldn't get file lock.
2025-09-09 11:53:10,331 [ERROR] LogOutputStream:75 - [STDERR_REDIRECT] 
2025-09-09 11:53:40,329 [ERROR] LogOutputStream:75 - [STDERR_REDIRECT] Sep 09, 2025 11:53:40 AM java.util.prefs.FileSystemPreferences checkLockFile0ErrorCode
2025-09-09 11:53:40,330 [ERROR] LogOutputStream:75 - [STDERR_REDIRECT] WARNING: Could not lock System prefs. Unix error code 2.
2025-09-09 11:53:40,330 [ERROR] LogOutputStream:75 - [STDERR_REDIRECT] 
2025-09-09 11:53:40,331 [ERROR] LogOutputStream:75 - [STDERR_REDIRECT] Sep 09, 2025 11:53:40 AM java.util.prefs.FileSystemPreferences syncWorld
2025-09-09 11:53:40,332 [ERROR] LogOutputStream:75 - [STDERR_REDIRECT] WARNING: Couldn't flush system prefs: java.util.prefs.BackingStoreException: Couldn't get file lock.
2025-09-09 11:53:40,332 [ERROR] LogOutputStream:75 - [STDERR_REDIRECT] 
2025-09-09 11:54:10,330 [ERROR] LogOutputStream:75 - [STDERR_REDIRECT] Sep 09, 2025 11:54:10 AM java.util.prefs.FileSystemPreferences checkLockFile0ErrorCode
2025-09-09 11:54:10,330 [ERROR] LogOutputStream:75 - [STDERR_REDIRECT] WARNING: Could not lock System prefs. Unix error code 2.
2025-09-09 11:54:10,330 [ERROR] LogOutputStream:75 - [STDERR_REDIRECT] 
2025-09-09 11:54:10,331 [ERROR] LogOutputStream:75 - [STDERR_REDIRECT] Sep 09, 2025 11:54:10 AM java.util.prefs.FileSystemPreferences syncWorld
2025-09-09 11:54:10,332 [ERROR] LogOutputStream:75 - [STDERR_REDIRECT] WARNING: Couldn't flush system prefs: java.util.prefs.BackingStoreException: Couldn't get file lock.
2025-09-09 11:54:10,332 [ERROR] LogOutputStream:75 - [STDERR_REDIRECT] 
2025-09-09 11:54:40,330 [ERROR] LogOutputStream:75 - [STDERR_REDIRECT] Sep 09, 2025 11:54:40 AM java.util.prefs.FileSystemPreferences checkLockFile0ErrorCode
2025-09-09 11:54:40,331 [ERROR] LogOutputStream:75 - [STDERR_REDIRECT] WARNING: Could not lock System prefs. Unix error code 2.
2025-09-09 11:54:40,331 [ERROR] LogOutputStream:75 - [STDERR_REDIRECT] 
2025-09-09 11:54:40,332 [ERROR] LogOutputStream:75 - [STDERR_REDIRECT] Sep 09, 2025 11:54:40 AM java.util.prefs.FileSystemPreferences syncWorld
2025-09-09 11:54:40,333 [ERROR] LogOutputStream:75 - [STDERR_REDIRECT] WARNING: Couldn't flush system prefs: java.util.prefs.BackingStoreException: Couldn't get file lock.
2025-09-09 11:54:40,333 [ERROR] LogOutputStream:75 - [STDERR_REDIRECT] 
2025-09-09 11:55:10,331 [ERROR] LogOutputStream:75 - [STDERR_REDIRECT] Sep 09, 2025 11:55:10 AM java.util.prefs.FileSystemPreferences checkLockFile0ErrorCode
2025-09-09 11:55:10,332 [ERROR] LogOutputStream:75 - [STDERR_REDIRECT] WARNING: Could not lock System prefs. Unix error code 2.
2025-09-09 11:55:10,332 [ERROR] LogOutputStream:75 - [STDERR_REDIRECT] 
2025-09-09 11:55:10,333 [ERROR] LogOutputStream:75 - [STDERR_REDIRECT] Sep 09, 2025 11:55:10 AM java.util.prefs.FileSystemPreferences syncWorld
2025-09-09 11:55:10,333 [ERROR] LogOutputStream:75 - [STDERR_REDIRECT] WARNING: Couldn't flush system prefs: java.util.prefs.BackingStoreException: Couldn't get file lock.
2025-09-09 11:55:10,333 [ERROR] LogOutputStream:75 - [STDERR_REDIRECT] 
2025-09-09 11:55:40,330 [ERROR] LogOutputStream:75 - [STDERR_REDIRECT] Sep 09, 2025 11:55:40 AM java.util.prefs.FileSystemPreferences checkLockFile0ErrorCode
2025-09-09 11:55:40,331 [ERROR] LogOutputStream:75 - [STDERR_REDIRECT] WARNING: Could not lock System prefs. Unix error code 2.
2025-09-09 11:55:40,331 [ERROR] LogOutputStream:75 - [STDERR_REDIRECT] 
2025-09-09 11:55:40,332 [ERROR] LogOutputStream:75 - [STDERR_REDIRECT] Sep 09, 2025 11:55:40 AM java.util.prefs.FileSystemPreferences syncWorld
2025-09-09 11:55:40,333 [ERROR] LogOutputStream:75 - [STDERR_REDIRECT] WARNING: Couldn't flush system prefs: java.util.prefs.BackingStoreException: Couldn't get file lock.
2025-09-09 11:55:40,333 [ERROR] LogOutputStream:75 - [STDERR_REDIRECT] 
2025-09-09 11:56:10,329 [ERROR] LogOutputStream:75 - [STDERR_REDIRECT] Sep 09, 2025 11:56:10 AM java.util.prefs.FileSystemPreferences checkLockFile0ErrorCode
2025-09-09 11:56:10,330 [ERROR] LogOutputStream:75 - [STDERR_REDIRECT] WARNING: Could not lock System prefs. Unix error code 2.
2025-09-09 11:56:10,331 [ERROR] LogOutputStream:75 - [STDERR_REDIRECT] 
2025-09-09 11:56:10,331 [ERROR] LogOutputStream:75 - [STDERR_REDIRECT] Sep 09, 2025 11:56:10 AM java.util.prefs.FileSystemPreferences syncWorld
2025-09-09 11:56:10,332 [ERROR] LogOutputStream:75 - [STDERR_REDIRECT] WARNING: Couldn't flush system prefs: java.util.prefs.BackingStoreException: Couldn't get file lock.
2025-09-09 11:56:10,332 [ERROR] LogOutputStream:75 - [STDERR_REDIRECT] 
2025-09-09 11:56:40,330 [ERROR] LogOutputStream:75 - [STDERR_REDIRECT] Sep 09, 2025 11:56:40 AM java.util.prefs.FileSystemPreferences checkLockFile0ErrorCode
2025-09-09 11:56:40,331 [ERROR] LogOutputStream:75 - [STDERR_REDIRECT] WARNING: Could not lock System prefs. Unix error code 2.
2025-09-09 11:56:40,331 [ERROR] LogOutputStream:75 - [STDERR_REDIRECT] 
2025-09-09 11:56:40,332 [ERROR] LogOutputStream:75 - [STDERR_REDIRECT] Sep 09, 2025 11:56:40 AM java.util.prefs.FileSystemPreferences syncWorld
2025-09-09 11:56:40,333 [ERROR] LogOutputStream:75 - [STDERR_REDIRECT] WARNING: Couldn't flush system prefs: java.util.prefs.BackingStoreException: Couldn't get file lock.
2025-09-09 11:56:40,333 [ERROR] LogOutputStream:75 - [STDERR_REDIRECT] 
2025-09-09 11:57:10,332 [ERROR] LogOutputStream:75 - [STDERR_REDIRECT] Sep 09, 2025 11:57:10 AM java.util.prefs.FileSystemPreferences checkLockFile0ErrorCode
2025-09-09 11:57:10,333 [ERROR] LogOutputStream:75 - [STDERR_REDIRECT] WARNING: Could not lock System prefs. Unix error code 2.
2025-09-09 11:57:10,333 [ERROR] LogOutputStream:75 - [STDERR_REDIRECT] 
2025-09-09 11:57:10,334 [ERROR] LogOutputStream:75 - [STDERR_REDIRECT] Sep 09, 2025 11:57:10 AM java.util.prefs.FileSystemPreferences syncWorld
2025-09-09 11:57:10,335 [ERROR] LogOutputStream:75 - [STDERR_REDIRECT] WARNING: Couldn't flush system prefs: java.util.prefs.BackingStoreException: Couldn't get file lock.
2025-09-09 11:57:10,335 [ERROR] LogOutputStream:75 - [STDERR_REDIRECT] 
2025-09-09 11:57:40,331 [ERROR] LogOutputStream:75 - [STDERR_REDIRECT] Sep 09, 2025 11:57:40 AM java.util.prefs.FileSystemPreferences checkLockFile0ErrorCode
2025-09-09 11:57:40,332 [ERROR] LogOutputStream:75 - [STDERR_REDIRECT] WARNING: Could not lock System prefs. Unix error code 2.
2025-09-09 11:57:40,332 [ERROR] LogOutputStream:75 - [STDERR_REDIRECT] 
2025-09-09 11:57:40,333 [ERROR] LogOutputStream:75 - [STDERR_REDIRECT] Sep 09, 2025 11:57:40 AM java.util.prefs.FileSystemPreferences syncWorld
2025-09-09 11:57:40,334 [ERROR] LogOutputStream:75 - [STDERR_REDIRECT] WARNING: Couldn't flush system prefs: java.util.prefs.BackingStoreException: Couldn't get file lock.
2025-09-09 11:57:40,334 [ERROR] LogOutputStream:75 - [STDERR_REDIRECT] 
2025-09-09 11:58:10,331 [ERROR] LogOutputStream:75 - [STDERR_REDIRECT] Sep 09, 2025 11:58:10 AM java.util.prefs.FileSystemPreferences checkLockFile0ErrorCode
2025-09-09 11:58:10,332 [ERROR] LogOutputStream:75 - [STDERR_REDIRECT] WARNING: Could not lock System prefs. Unix error code 2.
2025-09-09 11:58:10,332 [ERROR] LogOutputStream:75 - [STDERR_REDIRECT] 
2025-09-09 11:58:10,333 [ERROR] LogOutputStream:75 - [STDERR_REDIRECT] Sep 09, 2025 11:58:10 AM java.util.prefs.FileSystemPreferences syncWorld
2025-09-09 11:58:10,334 [ERROR] LogOutputStream:75 - [STDERR_REDIRECT] WARNING: Couldn't flush system prefs: java.util.prefs.BackingStoreException: Couldn't get file lock.
2025-09-09 11:58:10,334 [ERROR] LogOutputStream:75 - [STDERR_REDIRECT] 
2025-09-09 11:58:40,331 [ERROR] LogOutputStream:75 - [STDERR_REDIRECT] Sep 09, 2025 11:58:40 AM java.util.prefs.FileSystemPreferences checkLockFile0ErrorCode
2025-09-09 11:58:40,332 [ERROR] LogOutputStream:75 - [STDERR_REDIRECT] WARNING: Could not lock System prefs. Unix error code 2.
2025-09-09 11:58:40,332 [ERROR] LogOutputStream:75 - [STDERR_REDIRECT] 
2025-09-09 11:58:40,333 [ERROR] LogOutputStream:75 - [STDERR_REDIRECT] Sep 09, 2025 11:58:40 AM java.util.prefs.FileSystemPreferences syncWorld
2025-09-09 11:58:40,334 [ERROR] LogOutputStream:75 - [STDERR_REDIRECT] WARNING: Couldn't flush system prefs: java.util.prefs.BackingStoreException: Couldn't get file lock.
2025-09-09 11:58:40,334 [ERROR] LogOutputStream:75 - [STDERR_REDIRECT] 
2025-09-09 11:59:10,331 [ERROR] LogOutputStream:75 - [STDERR_REDIRECT] Sep 09, 2025 11:59:10 AM java.util.prefs.FileSystemPreferences checkLockFile0ErrorCode
2025-09-09 11:59:10,331 [ERROR] LogOutputStream:75 - [STDERR_REDIRECT] WARNING: Could not lock System prefs. Unix error code 2.
2025-09-09 11:59:10,332 [ERROR] LogOutputStream:75 - [STDERR_REDIRECT] 
2025-09-09 11:59:10,332 [ERROR] LogOutputStream:75 - [STDERR_REDIRECT] Sep 09, 2025 11:59:10 AM java.util.prefs.FileSystemPreferences syncWorld
2025-09-09 11:59:10,333 [ERROR] LogOutputStream:75 - [STDERR_REDIRECT] WARNING: Couldn't flush system prefs: java.util.prefs.BackingStoreException: Couldn't get file lock.
2025-09-09 11:59:10,333 [ERROR] LogOutputStream:75 - [STDERR_REDIRECT] 
2025-09-09 11:59:40,332 [ERROR] LogOutputStream:75 - [STDERR_REDIRECT] Sep 09, 2025 11:59:40 AM java.util.prefs.FileSystemPreferences checkLockFile0ErrorCode
2025-09-09 11:59:40,332 [ERROR] LogOutputStream:75 - [STDERR_REDIRECT] WARNING: Could not lock System prefs. Unix error code 2.
2025-09-09 11:59:40,332 [ERROR] LogOutputStream:75 - [STDERR_REDIRECT] 
2025-09-09 11:59:40,333 [ERROR] LogOutputStream:75 - [STDERR_REDIRECT] Sep 09, 2025 11:59:40 AM java.util.prefs.FileSystemPreferences syncWorld
2025-09-09 11:59:40,334 [ERROR] LogOutputStream:75 - [STDERR_REDIRECT] WARNING: Couldn't flush system prefs: java.util.prefs.BackingStoreException: Couldn't get file lock.
2025-09-09 11:59:40,334 [ERROR] LogOutputStream:75 - [STDERR_REDIRECT] 
2025-09-09 12:00:10,331 [ERROR] LogOutputStream:75 - [STDERR_REDIRECT] Sep 09, 2025 12:00:10 PM java.util.prefs.FileSystemPreferences checkLockFile0ErrorCode
2025-09-09 12:00:10,332 [ERROR] LogOutputStream:75 - [STDERR_REDIRECT] WARNING: Could not lock System prefs. Unix error code 2.
2025-09-09 12:00:10,332 [ERROR] LogOutputStream:75 - [STDERR_REDIRECT] 
2025-09-09 12:00:10,333 [ERROR] LogOutputStream:75 - [STDERR_REDIRECT] Sep 09, 2025 12:00:10 PM java.util.prefs.FileSystemPreferences syncWorld
2025-09-09 12:00:10,333 [ERROR] LogOutputStream:75 - [STDERR_REDIRECT] WARNING: Couldn't flush system prefs: java.util.prefs.BackingStoreException: Couldn't get file lock.
2025-09-09 12:00:10,334 [ERROR] LogOutputStream:75 - [STDERR_REDIRECT] 
2025-09-09 12:00:40,330 [ERROR] LogOutputStream:75 - [STDERR_REDIRECT] Sep 09, 2025 12:00:40 PM java.util.prefs.FileSystemPreferences checkLockFile0ErrorCode
2025-09-09 12:00:40,331 [ERROR] LogOutputStream:75 - [STDERR_REDIRECT] WARNING: Could not lock System prefs. Unix error code 2.
2025-09-09 12:00:40,331 [ERROR] LogOutputStream:75 - [STDERR_REDIRECT] 
2025-09-09 12:00:40,332 [ERROR] LogOutputStream:75 - [STDERR_REDIRECT] Sep 09, 2025 12:00:40 PM java.util.prefs.FileSystemPreferences syncWorld
2025-09-09 12:00:40,333 [ERROR] LogOutputStream:75 - [STDERR_REDIRECT] WARNING: Couldn't flush system prefs: java.util.prefs.BackingStoreException: Couldn't get file lock.
2025-09-09 12:00:40,333 [ERROR] LogOutputStream:75 - [STDERR_REDIRECT] 
2025-09-09 12:01:10,331 [ERROR] LogOutputStream:75 - [STDERR_REDIRECT] Sep 09, 2025 12:01:10 PM java.util.prefs.FileSystemPreferences checkLockFile0ErrorCode
2025-09-09 12:01:10,332 [ERROR] LogOutputStream:75 - [STDERR_REDIRECT] WARNING: Could not lock System prefs. Unix error code 2.
2025-09-09 12:01:10,332 [ERROR] LogOutputStream:75 - [STDERR_REDIRECT] 
2025-09-09 12:01:10,333 [ERROR] LogOutputStream:75 - [STDERR_REDIRECT] Sep 09, 2025 12:01:10 PM java.util.prefs.FileSystemPreferences syncWorld
2025-09-09 12:01:10,333 [ERROR] LogOutputStream:75 - [STDERR_REDIRECT] WARNING: Couldn't flush system prefs: java.util.prefs.BackingStoreException: Couldn't get file lock.
2025-09-09 12:01:10,333 [ERROR] LogOutputStream:75 - [STDERR_REDIRECT] 
2025-09-09 12:01:40,331 [ERROR] LogOutputStream:75 - [STDERR_REDIRECT] Sep 09, 2025 12:01:40 PM java.util.prefs.FileSystemPreferences checkLockFile0ErrorCode
2025-09-09 12:01:40,332 [ERROR] LogOutputStream:75 - [STDERR_REDIRECT] WARNING: Could not lock System prefs. Unix error code 2.
2025-09-09 12:01:40,332 [ERROR] LogOutputStream:75 - [STDERR_REDIRECT] 
2025-09-09 12:01:40,333 [ERROR] LogOutputStream:75 - [STDERR_REDIRECT] Sep 09, 2025 12:01:40 PM java.util.prefs.FileSystemPreferences syncWorld
2025-09-09 12:01:40,333 [ERROR] LogOutputStream:75 - [STDERR_REDIRECT] WARNING: Couldn't flush system prefs: java.util.prefs.BackingStoreException: Couldn't get file lock.
2025-09-09 12:01:40,333 [ERROR] LogOutputStream:75 - [STDERR_REDIRECT] 
2025-09-09 12:02:10,333 [ERROR] LogOutputStream:75 - [STDERR_REDIRECT] Sep 09, 2025 12:02:10 PM java.util.prefs.FileSystemPreferences checkLockFile0ErrorCode
2025-09-09 12:02:10,334 [ERROR] LogOutputStream:75 - [STDERR_REDIRECT] WARNING: Could not lock System prefs. Unix error code 2.
2025-09-09 12:02:10,334 [ERROR] LogOutputStream:75 - [STDERR_REDIRECT] 
2025-09-09 12:02:10,335 [ERROR] LogOutputStream:75 - [STDERR_REDIRECT] Sep 09, 2025 12:02:10 PM java.util.prefs.FileSystemPreferences syncWorld
2025-09-09 12:02:10,336 [ERROR] LogOutputStream:75 - [STDERR_REDIRECT] WARNING: Couldn't flush system prefs: java.util.prefs.BackingStoreException: Couldn't get file lock.
2025-09-09 12:02:10,336 [ERROR] LogOutputStream:75 - [STDERR_REDIRECT] 
2025-09-09 12:02:40,333 [ERROR] LogOutputStream:75 - [STDERR_REDIRECT] Sep 09, 2025 12:02:40 PM java.util.prefs.FileSystemPreferences checkLockFile0ErrorCode
2025-09-09 12:02:40,334 [ERROR] LogOutputStream:75 - [STDERR_REDIRECT] WARNING: Could not lock System prefs. Unix error code 2.
2025-09-09 12:02:40,334 [ERROR] LogOutputStream:75 - [STDERR_REDIRECT] 
2025-09-09 12:02:40,335 [ERROR] LogOutputStream:75 - [STDERR_REDIRECT] Sep 09, 2025 12:02:40 PM java.util.prefs.FileSystemPreferences syncWorld
2025-09-09 12:02:40,336 [ERROR] LogOutputStream:75 - [STDERR_REDIRECT] WARNING: Couldn't flush system prefs: java.util.prefs.BackingStoreException: Couldn't get file lock.
2025-09-09 12:02:40,336 [ERROR] LogOutputStream:75 - [STDERR_REDIRECT] 
2025-09-09 12:03:10,333 [ERROR] LogOutputStream:75 - [STDERR_REDIRECT] Sep 09, 2025 12:03:10 PM java.util.prefs.FileSystemPreferences checkLockFile0ErrorCode
2025-09-09 12:03:10,334 [ERROR] LogOutputStream:75 - [STDERR_REDIRECT] WARNING: Could not lock System prefs. Unix error code 2.
2025-09-09 12:03:10,334 [ERROR] LogOutputStream:75 - [STDERR_REDIRECT] 
2025-09-09 12:03:10,334 [ERROR] LogOutputStream:75 - [STDERR_REDIRECT] Sep 09, 2025 12:03:10 PM java.util.prefs.FileSystemPreferences syncWorld
2025-09-09 12:03:10,335 [ERROR] LogOutputStream:75 - [STDERR_REDIRECT] WARNING: Couldn't flush system prefs: java.util.prefs.BackingStoreException: Couldn't get file lock.
2025-09-09 12:03:10,335 [ERROR] LogOutputStream:75 - [STDERR_REDIRECT] 
2025-09-09 12:03:40,332 [ERROR] LogOutputStream:75 - [STDERR_REDIRECT] Sep 09, 2025 12:03:40 PM java.util.prefs.FileSystemPreferences checkLockFile0ErrorCode
2025-09-09 12:03:40,333 [ERROR] LogOutputStream:75 - [STDERR_REDIRECT] WARNING: Could not lock System prefs. Unix error code 2.
2025-09-09 12:03:40,333 [ERROR] LogOutputStream:75 - [STDERR_REDIRECT] 
2025-09-09 12:03:40,333 [ERROR] LogOutputStream:75 - [STDERR_REDIRECT] Sep 09, 2025 12:03:40 PM java.util.prefs.FileSystemPreferences syncWorld
2025-09-09 12:03:40,333 [ERROR] LogOutputStream:75 - [STDERR_REDIRECT] WARNING: Couldn't flush system prefs: java.util.prefs.BackingStoreException: Couldn't get file lock.
2025-09-09 12:03:40,333 [ERROR] LogOutputStream:75 - [STDERR_REDIRECT] 
2025-09-09 12:04:10,333 [ERROR] LogOutputStream:75 - [STDERR_REDIRECT] Sep 09, 2025 12:04:10 PM java.util.prefs.FileSystemPreferences checkLockFile0ErrorCode
2025-09-09 12:04:10,334 [ERROR] LogOutputStream:75 - [STDERR_REDIRECT] WARNING: Could not lock System prefs. Unix error code 2.
2025-09-09 12:04:10,334 [ERROR] LogOutputStream:75 - [STDERR_REDIRECT] 
2025-09-09 12:04:10,335 [ERROR] LogOutputStream:75 - [STDERR_REDIRECT] Sep 09, 2025 12:04:10 PM java.util.prefs.FileSystemPreferences syncWorld
2025-09-09 12:04:10,335 [ERROR] LogOutputStream:75 - [STDERR_REDIRECT] WARNING: Couldn't flush system prefs: java.util.prefs.BackingStoreException: Couldn't get file lock.
2025-09-09 12:04:10,335 [ERROR] LogOutputStream:75 - [STDERR_REDIRECT] 
2025-09-09 12:04:40,333 [ERROR] LogOutputStream:75 - [STDERR_REDIRECT] Sep 09, 2025 12:04:40 PM java.util.prefs.FileSystemPreferences checkLockFile0ErrorCode
2025-09-09 12:04:40,334 [ERROR] LogOutputStream:75 - [STDERR_REDIRECT] WARNING: Could not lock System prefs. Unix error code 2.
2025-09-09 12:04:40,334 [ERROR] LogOutputStream:75 - [STDERR_REDIRECT] 
2025-09-09 12:04:40,334 [ERROR] LogOutputStream:75 - [STDERR_REDIRECT] Sep 09, 2025 12:04:40 PM java.util.prefs.FileSystemPreferences syncWorld
2025-09-09 12:04:40,335 [ERROR] LogOutputStream:75 - [STDERR_REDIRECT] WARNING: Couldn't flush system prefs: java.util.prefs.BackingStoreException: Couldn't get file lock.
2025-09-09 12:04:40,335 [ERROR] LogOutputStream:75 - [STDERR_REDIRECT] 
2025-09-09 12:05:10,333 [ERROR] LogOutputStream:75 - [STDERR_REDIRECT] Sep 09, 2025 12:05:10 PM java.util.prefs.FileSystemPreferences checkLockFile0ErrorCode
2025-09-09 12:05:10,334 [ERROR] LogOutputStream:75 - [STDERR_REDIRECT] WARNING: Could not lock System prefs. Unix error code 2.
2025-09-09 12:05:10,334 [ERROR] LogOutputStream:75 - [STDERR_REDIRECT] 
2025-09-09 12:05:10,334 [ERROR] LogOutputStream:75 - [STDERR_REDIRECT] Sep 09, 2025 12:05:10 PM java.util.prefs.FileSystemPreferences syncWorld
2025-09-09 12:05:10,334 [ERROR] LogOutputStream:75 - [STDERR_REDIRECT] WARNING: Couldn't flush system prefs: java.util.prefs.BackingStoreException: Couldn't get file lock.
2025-09-09 12:05:10,334 [ERROR] LogOutputStream:75 - [STDERR_REDIRECT] 
2025-09-09 12:05:40,333 [ERROR] LogOutputStream:75 - [STDERR_REDIRECT] Sep 09, 2025 12:05:40 PM java.util.prefs.FileSystemPreferences checkLockFile0ErrorCode
2025-09-09 12:05:40,333 [ERROR] LogOutputStream:75 - [STDERR_REDIRECT] WARNING: Could not lock System prefs. Unix error code 2.
2025-09-09 12:05:40,333 [ERROR] LogOutputStream:75 - [STDERR_REDIRECT] 
2025-09-09 12:05:40,334 [ERROR] LogOutputStream:75 - [STDERR_REDIRECT] Sep 09, 2025 12:05:40 PM java.util.prefs.FileSystemPreferences syncWorld
2025-09-09 12:05:40,334 [ERROR] LogOutputStream:75 - [STDERR_REDIRECT] WARNING: Couldn't flush system prefs: java.util.prefs.BackingStoreException: Couldn't get file lock.
2025-09-09 12:05:40,334 [ERROR] LogOutputStream:75 - [STDERR_REDIRECT] 
2025-09-09 12:06:10,333 [ERROR] LogOutputStream:75 - [STDERR_REDIRECT] Sep 09, 2025 12:06:10 PM java.util.prefs.FileSystemPreferences checkLockFile0ErrorCode
2025-09-09 12:06:10,333 [ERROR] LogOutputStream:75 - [STDERR_REDIRECT] WARNING: Could not lock System prefs. Unix error code 2.
2025-09-09 12:06:10,333 [ERROR] LogOutputStream:75 - [STDERR_REDIRECT] 
2025-09-09 12:06:10,334 [ERROR] LogOutputStream:75 - [STDERR_REDIRECT] Sep 09, 2025 12:06:10 PM java.util.prefs.FileSystemPreferences syncWorld
2025-09-09 12:06:10,334 [ERROR] LogOutputStream:75 - [STDERR_REDIRECT] WARNING: Couldn't flush system prefs: java.util.prefs.BackingStoreException: Couldn't get file lock.
2025-09-09 12:06:10,334 [ERROR] LogOutputStream:75 - [STDERR_REDIRECT] 
2025-09-09 12:06:40,333 [ERROR] LogOutputStream:75 - [STDERR_REDIRECT] Sep 09, 2025 12:06:40 PM java.util.prefs.FileSystemPreferences checkLockFile0ErrorCode
2025-09-09 12:06:40,334 [ERROR] LogOutputStream:75 - [STDERR_REDIRECT] WARNING: Could not lock System prefs. Unix error code 2.
2025-09-09 12:06:40,334 [ERROR] LogOutputStream:75 - [STDERR_REDIRECT] 
2025-09-09 12:06:40,334 [ERROR] LogOutputStream:75 - [STDERR_REDIRECT] Sep 09, 2025 12:06:40 PM java.util.prefs.FileSystemPreferences syncWorld
2025-09-09 12:06:40,334 [ERROR] LogOutputStream:75 - [STDERR_REDIRECT] WARNING: Couldn't flush system prefs: java.util.prefs.BackingStoreException: Couldn't get file lock.
2025-09-09 12:06:40,334 [ERROR] LogOutputStream:75 - [STDERR_REDIRECT] 
2025-09-09 12:07:10,334 [ERROR] LogOutputStream:75 - [STDERR_REDIRECT] Sep 09, 2025 12:07:10 PM java.util.prefs.FileSystemPreferences checkLockFile0ErrorCode
2025-09-09 12:07:10,334 [ERROR] LogOutputStream:75 - [STDERR_REDIRECT] WARNING: Could not lock System prefs. Unix error code 2.
2025-09-09 12:07:10,334 [ERROR] LogOutputStream:75 - [STDERR_REDIRECT] 
2025-09-09 12:07:10,335 [ERROR] LogOutputStream:75 - [STDERR_REDIRECT] Sep 09, 2025 12:07:10 PM java.util.prefs.FileSystemPreferences syncWorld
2025-09-09 12:07:10,335 [ERROR] LogOutputStream:75 - [STDERR_REDIRECT] WARNING: Couldn't flush system prefs: java.util.prefs.BackingStoreException: Couldn't get file lock.
2025-09-09 12:07:10,335 [ERROR] LogOutputStream:75 - [STDERR_REDIRECT] 
2025-09-09 12:07:40,334 [ERROR] LogOutputStream:75 - [STDERR_REDIRECT] Sep 09, 2025 12:07:40 PM java.util.prefs.FileSystemPreferences checkLockFile0ErrorCode
2025-09-09 12:07:40,334 [ERROR] LogOutputStream:75 - [STDERR_REDIRECT] WARNING: Could not lock System prefs. Unix error code 2.
2025-09-09 12:07:40,334 [ERROR] LogOutputStream:75 - [STDERR_REDIRECT] 
2025-09-09 12:07:40,335 [ERROR] LogOutputStream:75 - [STDERR_REDIRECT] Sep 09, 2025 12:07:40 PM java.util.prefs.FileSystemPreferences syncWorld
2025-09-09 12:07:40,335 [ERROR] LogOutputStream:75 - [STDERR_REDIRECT] WARNING: Couldn't flush system prefs: java.util.prefs.BackingStoreException: Couldn't get file lock.
2025-09-09 12:07:40,335 [ERROR] LogOutputStream:75 - [STDERR_REDIRECT] 
2025-09-09 12:08:10,334 [ERROR] LogOutputStream:75 - [STDERR_REDIRECT] Sep 09, 2025 12:08:10 PM java.util.prefs.FileSystemPreferences checkLockFile0ErrorCode
2025-09-09 12:08:10,335 [ERROR] LogOutputStream:75 - [STDERR_REDIRECT] WARNING: Could not lock System prefs. Unix error code 2.
2025-09-09 12:08:10,335 [ERROR] LogOutputStream:75 - [STDERR_REDIRECT] 
2025-09-09 12:08:10,335 [ERROR] LogOutputStream:75 - [STDERR_REDIRECT] Sep 09, 2025 12:08:10 PM java.util.prefs.FileSystemPreferences syncWorld
2025-09-09 12:08:10,336 [ERROR] LogOutputStream:75 - [STDERR_REDIRECT] WARNING: Couldn't flush system prefs: java.util.prefs.BackingStoreException: Couldn't get file lock.
2025-09-09 12:08:10,336 [ERROR] LogOutputStream:75 - [STDERR_REDIRECT] 
2025-09-09 12:08:40,334 [ERROR] LogOutputStream:75 - [STDERR_REDIRECT] Sep 09, 2025 12:08:40 PM java.util.prefs.FileSystemPreferences checkLockFile0ErrorCode
2025-09-09 12:08:40,334 [ERROR] LogOutputStream:75 - [STDERR_REDIRECT] WARNING: Could not lock System prefs. Unix error code 2.
2025-09-09 12:08:40,334 [ERROR] LogOutputStream:75 - [STDERR_REDIRECT] 
2025-09-09 12:08:40,335 [ERROR] LogOutputStream:75 - [STDERR_REDIRECT] Sep 09, 2025 12:08:40 PM java.util.prefs.FileSystemPreferences syncWorld
2025-09-09 12:08:40,336 [ERROR] LogOutputStream:75 - [STDERR_REDIRECT] WARNING: Couldn't flush system prefs: java.util.prefs.BackingStoreException: Couldn't get file lock.
2025-09-09 12:08:40,336 [ERROR] LogOutputStream:75 - [STDERR_REDIRECT] 
2025-09-09 12:09:10,334 [ERROR] LogOutputStream:75 - [STDERR_REDIRECT] Sep 09, 2025 12:09:10 PM java.util.prefs.FileSystemPreferences checkLockFile0ErrorCode
2025-09-09 12:09:10,335 [ERROR] LogOutputStream:75 - [STDERR_REDIRECT] WARNING: Could not lock System prefs. Unix error code 2.
2025-09-09 12:09:10,335 [ERROR] LogOutputStream:75 - [STDERR_REDIRECT] 
2025-09-09 12:09:10,335 [ERROR] LogOutputStream:75 - [STDERR_REDIRECT] Sep 09, 2025 12:09:10 PM java.util.prefs.FileSystemPreferences syncWorld
2025-09-09 12:09:10,335 [ERROR] LogOutputStream:75 - [STDERR_REDIRECT] WARNING: Couldn't flush system prefs: java.util.prefs.BackingStoreException: Couldn't get file lock.
2025-09-09 12:09:10,335 [ERROR] LogOutputStream:75 - [STDERR_REDIRECT] 
2025-09-09 12:09:40,335 [ERROR] LogOutputStream:75 - [STDERR_REDIRECT] Sep 09, 2025 12:09:40 PM java.util.prefs.FileSystemPreferences checkLockFile0ErrorCode
2025-09-09 12:09:40,335 [ERROR] LogOutputStream:75 - [STDERR_REDIRECT] WARNING: Could not lock System prefs. Unix error code 2.
2025-09-09 12:09:40,335 [ERROR] LogOutputStream:75 - [STDERR_REDIRECT] 
2025-09-09 12:09:40,335 [ERROR] LogOutputStream:75 - [STDERR_REDIRECT] Sep 09, 2025 12:09:40 PM java.util.prefs.FileSystemPreferences syncWorld
2025-09-09 12:09:40,336 [ERROR] LogOutputStream:75 - [STDERR_REDIRECT] WARNING: Couldn't flush system prefs: java.util.prefs.BackingStoreException: Couldn't get file lock.
2025-09-09 12:09:40,336 [ERROR] LogOutputStream:75 - [STDERR_REDIRECT] 
2025-09-09 12:10:10,335 [ERROR] LogOutputStream:75 - [STDERR_REDIRECT] Sep 09, 2025 12:10:10 PM java.util.prefs.FileSystemPreferences checkLockFile0ErrorCode
2025-09-09 12:10:10,336 [ERROR] LogOutputStream:75 - [STDERR_REDIRECT] WARNING: Could not lock System prefs. Unix error code 2.
2025-09-09 12:10:10,336 [ERROR] LogOutputStream:75 - [STDERR_REDIRECT] 
2025-09-09 12:10:10,336 [ERROR] LogOutputStream:75 - [STDERR_REDIRECT] Sep 09, 2025 12:10:10 PM java.util.prefs.FileSystemPreferences syncWorld
2025-09-09 12:10:10,336 [ERROR] LogOutputStream:75 - [STDERR_REDIRECT] WARNING: Couldn't flush system prefs: java.util.prefs.BackingStoreException: Couldn't get file lock.
2025-09-09 12:10:10,336 [ERROR] LogOutputStream:75 - [STDERR_REDIRECT] 
2025-09-09 12:10:40,336 [ERROR] LogOutputStream:75 - [STDERR_REDIRECT] Sep 09, 2025 12:10:40 PM java.util.prefs.FileSystemPreferences checkLockFile0ErrorCode
2025-09-09 12:10:40,336 [ERROR] LogOutputStream:75 - [STDERR_REDIRECT] WARNING: Could not lock System prefs. Unix error code 2.
2025-09-09 12:10:40,337 [ERROR] LogOutputStream:75 - [STDERR_REDIRECT] 
2025-09-09 12:10:40,338 [ERROR] LogOutputStream:75 - [STDERR_REDIRECT] Sep 09, 2025 12:10:40 PM java.util.prefs.FileSystemPreferences syncWorld
2025-09-09 12:10:40,338 [ERROR] LogOutputStream:75 - [STDERR_REDIRECT] WARNING: Couldn't flush system prefs: java.util.prefs.BackingStoreException: Couldn't get file lock.
2025-09-09 12:10:40,338 [ERROR] LogOutputStream:75 - [STDERR_REDIRECT] 
2025-09-09 12:11:10,337 [ERROR] LogOutputStream:75 - [STDERR_REDIRECT] Sep 09, 2025 12:11:10 PM java.util.prefs.FileSystemPreferences checkLockFile0ErrorCode
2025-09-09 12:11:10,338 [ERROR] LogOutputStream:75 - [STDERR_REDIRECT] WARNING: Could not lock System prefs. Unix error code 2.
2025-09-09 12:11:10,338 [ERROR] LogOutputStream:75 - [STDERR_REDIRECT] 
2025-09-09 12:11:10,338 [ERROR] LogOutputStream:75 - [STDERR_REDIRECT] Sep 09, 2025 12:11:10 PM java.util.prefs.FileSystemPreferences syncWorld
2025-09-09 12:11:10,339 [ERROR] LogOutputStream:75 - [STDERR_REDIRECT] WARNING: Couldn't flush system prefs: java.util.prefs.BackingStoreException: Couldn't get file lock.
2025-09-09 12:11:10,339 [ERROR] LogOutputStream:75 - [STDERR_REDIRECT] 
2025-09-09 12:11:40,336 [ERROR] LogOutputStream:75 - [STDERR_REDIRECT] Sep 09, 2025 12:11:40 PM java.util.prefs.FileSystemPreferences checkLockFile0ErrorCode
2025-09-09 12:11:40,337 [ERROR] LogOutputStream:75 - [STDERR_REDIRECT] WARNING: Could not lock System prefs. Unix error code 2.
2025-09-09 12:11:40,337 [ERROR] LogOutputStream:75 - [STDERR_REDIRECT] 
2025-09-09 12:11:40,337 [ERROR] LogOutputStream:75 - [STDERR_REDIRECT] Sep 09, 2025 12:11:40 PM java.util.prefs.FileSystemPreferences syncWorld
2025-09-09 12:11:40,337 [ERROR] LogOutputStream:75 - [STDERR_REDIRECT] WARNING: Couldn't flush system prefs: java.util.prefs.BackingStoreException: Couldn't get file lock.
2025-09-09 12:11:40,337 [ERROR] LogOutputStream:75 - [STDERR_REDIRECT] 
2025-09-09 12:12:10,336 [ERROR] LogOutputStream:75 - [STDERR_REDIRECT] Sep 09, 2025 12:12:10 PM java.util.prefs.FileSystemPreferences checkLockFile0ErrorCode
2025-09-09 12:12:10,337 [ERROR] LogOutputStream:75 - [STDERR_REDIRECT] WARNING: Could not lock System prefs. Unix error code 2.
2025-09-09 12:12:10,337 [ERROR] LogOutputStream:75 - [STDERR_REDIRECT] 
2025-09-09 12:12:10,338 [ERROR] LogOutputStream:75 - [STDERR_REDIRECT] Sep 09, 2025 12:12:10 PM java.util.prefs.FileSystemPreferences syncWorld
2025-09-09 12:12:10,338 [ERROR] LogOutputStream:75 - [STDERR_REDIRECT] WARNING: Couldn't flush system prefs: java.util.prefs.BackingStoreException: Couldn't get file lock.
2025-09-09 12:12:10,338 [ERROR] LogOutputStream:75 - [STDERR_REDIRECT] 
2025-09-09 12:12:40,336 [ERROR] LogOutputStream:75 - [STDERR_REDIRECT] Sep 09, 2025 12:12:40 PM java.util.prefs.FileSystemPreferences checkLockFile0ErrorCode
2025-09-09 12:12:40,336 [ERROR] LogOutputStream:75 - [STDERR_REDIRECT] WARNING: Could not lock System prefs. Unix error code 2.
2025-09-09 12:12:40,336 [ERROR] LogOutputStream:75 - [STDERR_REDIRECT] 
2025-09-09 12:12:40,337 [ERROR] LogOutputStream:75 - [STDERR_REDIRECT] Sep 09, 2025 12:12:40 PM java.util.prefs.FileSystemPreferences syncWorld
2025-09-09 12:12:40,337 [ERROR] LogOutputStream:75 - [STDERR_REDIRECT] WARNING: Couldn't flush system prefs: java.util.prefs.BackingStoreException: Couldn't get file lock.
2025-09-09 12:12:40,337 [ERROR] LogOutputStream:75 - [STDERR_REDIRECT] 
2025-09-09 12:13:10,336 [ERROR] LogOutputStream:75 - [STDERR_REDIRECT] Sep 09, 2025 12:13:10 PM java.util.prefs.FileSystemPreferences checkLockFile0ErrorCode
2025-09-09 12:13:10,337 [ERROR] LogOutputStream:75 - [STDERR_REDIRECT] WARNING: Could not lock System prefs. Unix error code 2.
2025-09-09 12:13:10,337 [ERROR] LogOutputStream:75 - [STDERR_REDIRECT] 
2025-09-09 12:13:10,338 [ERROR] LogOutputStream:75 - [STDERR_REDIRECT] Sep 09, 2025 12:13:10 PM java.util.prefs.FileSystemPreferences syncWorld
2025-09-09 12:13:10,338 [ERROR] LogOutputStream:75 - [STDERR_REDIRECT] WARNING: Couldn't flush system prefs: java.util.prefs.BackingStoreException: Couldn't get file lock.
2025-09-09 12:13:10,338 [ERROR] LogOutputStream:75 - [STDERR_REDIRECT] 
2025-09-09 12:13:40,337 [ERROR] LogOutputStream:75 - [STDERR_REDIRECT] Sep 09, 2025 12:13:40 PM java.util.prefs.FileSystemPreferences checkLockFile0ErrorCode
2025-09-09 12:13:40,337 [ERROR] LogOutputStream:75 - [STDERR_REDIRECT] WARNING: Could not lock System prefs. Unix error code 2.
2025-09-09 12:13:40,337 [ERROR] LogOutputStream:75 - [STDERR_REDIRECT] 
2025-09-09 12:13:40,338 [ERROR] LogOutputStream:75 - [STDERR_REDIRECT] Sep 09, 2025 12:13:40 PM java.util.prefs.FileSystemPreferences syncWorld
2025-09-09 12:13:40,338 [ERROR] LogOutputStream:75 - [STDERR_REDIRECT] WARNING: Couldn't flush system prefs: java.util.prefs.BackingStoreException: Couldn't get file lock.
2025-09-09 12:13:40,338 [ERROR] LogOutputStream:75 - [STDERR_REDIRECT] 
2025-09-09 12:14:10,338 [ERROR] LogOutputStream:75 - [STDERR_REDIRECT] Sep 09, 2025 12:14:10 PM java.util.prefs.FileSystemPreferences checkLockFile0ErrorCode
2025-09-09 12:14:10,339 [ERROR] LogOutputStream:75 - [STDERR_REDIRECT] WARNING: Could not lock System prefs. Unix error code 2.
2025-09-09 12:14:10,339 [ERROR] LogOutputStream:75 - [STDERR_REDIRECT] 
2025-09-09 12:14:10,339 [ERROR] LogOutputStream:75 - [STDERR_REDIRECT] Sep 09, 2025 12:14:10 PM java.util.prefs.FileSystemPreferences syncWorld
2025-09-09 12:14:10,340 [ERROR] LogOutputStream:75 - [STDERR_REDIRECT] WARNING: Couldn't flush system prefs: java.util.prefs.BackingStoreException: Couldn't get file lock.
2025-09-09 12:14:10,340 [ERROR] LogOutputStream:75 - [STDERR_REDIRECT] 
2025-09-09 12:14:40,337 [ERROR] LogOutputStream:75 - [STDERR_REDIRECT] Sep 09, 2025 12:14:40 PM java.util.prefs.FileSystemPreferences checkLockFile0ErrorCode
2025-09-09 12:14:40,338 [ERROR] LogOutputStream:75 - [STDERR_REDIRECT] WARNING: Could not lock System prefs. Unix error code 2.
2025-09-09 12:14:40,338 [ERROR] LogOutputStream:75 - [STDERR_REDIRECT] 
2025-09-09 12:14:40,338 [ERROR] LogOutputStream:75 - [STDERR_REDIRECT] Sep 09, 2025 12:14:40 PM java.util.prefs.FileSystemPreferences syncWorld
2025-09-09 12:14:40,338 [ERROR] LogOutputStream:75 - [STDERR_REDIRECT] WARNING: Couldn't flush system prefs: java.util.prefs.BackingStoreException: Couldn't get file lock.
2025-09-09 12:14:40,338 [ERROR] LogOutputStream:75 - [STDERR_REDIRECT] 
2025-09-09 12:15:10,336 [ERROR] LogOutputStream:75 - [STDERR_REDIRECT] Sep 09, 2025 12:15:10 PM java.util.prefs.FileSystemPreferences checkLockFile0ErrorCode
2025-09-09 12:15:10,337 [ERROR] LogOutputStream:75 - [STDERR_REDIRECT] WARNING: Could not lock System prefs. Unix error code 2.
2025-09-09 12:15:10,337 [ERROR] LogOutputStream:75 - [STDERR_REDIRECT] 
2025-09-09 12:15:10,337 [ERROR] LogOutputStream:75 - [STDERR_REDIRECT] Sep 09, 2025 12:15:10 PM java.util.prefs.FileSystemPreferences syncWorld
2025-09-09 12:15:10,337 [ERROR] LogOutputStream:75 - [STDERR_REDIRECT] WARNING: Couldn't flush system prefs: java.util.prefs.BackingStoreException: Couldn't get file lock.
2025-09-09 12:15:10,338 [ERROR] LogOutputStream:75 - [STDERR_REDIRECT] 
2025-09-09 12:15:40,337 [ERROR] LogOutputStream:75 - [STDERR_REDIRECT] Sep 09, 2025 12:15:40 PM java.util.prefs.FileSystemPreferences checkLockFile0ErrorCode
2025-09-09 12:15:40,338 [ERROR] LogOutputStream:75 - [STDERR_REDIRECT] WARNING: Could not lock System prefs. Unix error code 2.
2025-09-09 12:15:40,338 [ERROR] LogOutputStream:75 - [STDERR_REDIRECT] 
2025-09-09 12:15:40,338 [ERROR] LogOutputStream:75 - [STDERR_REDIRECT] Sep 09, 2025 12:15:40 PM java.util.prefs.FileSystemPreferences syncWorld
2025-09-09 12:15:40,339 [ERROR] LogOutputStream:75 - [STDERR_REDIRECT] WARNING: Couldn't flush system prefs: java.util.prefs.BackingStoreException: Couldn't get file lock.
2025-09-09 12:15:40,339 [ERROR] LogOutputStream:75 - [STDERR_REDIRECT] 
2025-09-09 12:16:10,337 [ERROR] LogOutputStream:75 - [STDERR_REDIRECT] Sep 09, 2025 12:16:10 PM java.util.prefs.FileSystemPreferences checkLockFile0ErrorCode
2025-09-09 12:16:10,338 [ERROR] LogOutputStream:75 - [STDERR_REDIRECT] WARNING: Could not lock System prefs. Unix error code 2.
2025-09-09 12:16:10,338 [ERROR] LogOutputStream:75 - [STDERR_REDIRECT] 
2025-09-09 12:16:10,338 [ERROR] LogOutputStream:75 - [STDERR_REDIRECT] Sep 09, 2025 12:16:10 PM java.util.prefs.FileSystemPreferences syncWorld
2025-09-09 12:16:10,339 [ERROR] LogOutputStream:75 - [STDERR_REDIRECT] WARNING: Couldn't flush system prefs: java.util.prefs.BackingStoreException: Couldn't get file lock.
2025-09-09 12:16:10,339 [ERROR] LogOutputStream:75 - [STDERR_REDIRECT] 
2025-09-09 12:16:40,337 [ERROR] LogOutputStream:75 - [STDERR_REDIRECT] Sep 09, 2025 12:16:40 PM java.util.prefs.FileSystemPreferences checkLockFile0ErrorCode
2025-09-09 12:16:40,338 [ERROR] LogOutputStream:75 - [STDERR_REDIRECT] WARNING: Could not lock System prefs. Unix error code 2.
2025-09-09 12:16:40,338 [ERROR] LogOutputStream:75 - [STDERR_REDIRECT] 
2025-09-09 12:16:40,338 [ERROR] LogOutputStream:75 - [STDERR_REDIRECT] Sep 09, 2025 12:16:40 PM java.util.prefs.FileSystemPreferences syncWorld
2025-09-09 12:16:40,339 [ERROR] LogOutputStream:75 - [STDERR_REDIRECT] WARNING: Couldn't flush system prefs: java.util.prefs.BackingStoreException: Couldn't get file lock.
2025-09-09 12:16:40,339 [ERROR] LogOutputStream:75 - [STDERR_REDIRECT] 
2025-09-09 12:17:10,338 [ERROR] LogOutputStream:75 - [STDERR_REDIRECT] Sep 09, 2025 12:17:10 PM java.util.prefs.FileSystemPreferences checkLockFile0ErrorCode
2025-09-09 12:17:10,339 [ERROR] LogOutputStream:75 - [STDERR_REDIRECT] WARNING: Could not lock System prefs. Unix error code 2.
2025-09-09 12:17:10,339 [ERROR] LogOutputStream:75 - [STDERR_REDIRECT] 
2025-09-09 12:17:10,340 [ERROR] LogOutputStream:75 - [STDERR_REDIRECT] Sep 09, 2025 12:17:10 PM java.util.prefs.FileSystemPreferences syncWorld
2025-09-09 12:17:10,340 [ERROR] LogOutputStream:75 - [STDERR_REDIRECT] WARNING: Couldn't flush system prefs: java.util.prefs.BackingStoreException: Couldn't get file lock.
2025-09-09 12:17:10,341 [ERROR] LogOutputStream:75 - [STDERR_REDIRECT] 
2025-09-09 12:17:40,337 [ERROR] LogOutputStream:75 - [STDERR_REDIRECT] Sep 09, 2025 12:17:40 PM java.util.prefs.FileSystemPreferences checkLockFile0ErrorCode
2025-09-09 12:17:40,337 [ERROR] LogOutputStream:75 - [STDERR_REDIRECT] WARNING: Could not lock System prefs. Unix error code 2.
2025-09-09 12:17:40,337 [ERROR] LogOutputStream:75 - [STDERR_REDIRECT] 
2025-09-09 12:17:40,338 [ERROR] LogOutputStream:75 - [STDERR_REDIRECT] Sep 09, 2025 12:17:40 PM java.util.prefs.FileSystemPreferences syncWorld
2025-09-09 12:17:40,338 [ERROR] LogOutputStream:75 - [STDERR_REDIRECT] WARNING: Couldn't flush system prefs: java.util.prefs.BackingStoreException: Couldn't get file lock.
2025-09-09 12:17:40,338 [ERROR] LogOutputStream:75 - [STDERR_REDIRECT] 
2025-09-09 12:18:10,337 [ERROR] LogOutputStream:75 - [STDERR_REDIRECT] Sep 09, 2025 12:18:10 PM java.util.prefs.FileSystemPreferences checkLockFile0ErrorCode
2025-09-09 12:18:10,337 [ERROR] LogOutputStream:75 - [STDERR_REDIRECT] WARNING: Could not lock System prefs. Unix error code 2.
2025-09-09 12:18:10,337 [ERROR] LogOutputStream:75 - [STDERR_REDIRECT] 
2025-09-09 12:18:10,338 [ERROR] LogOutputStream:75 - [STDERR_REDIRECT] Sep 09, 2025 12:18:10 PM java.util.prefs.FileSystemPreferences syncWorld
2025-09-09 12:18:10,339 [ERROR] LogOutputStream:75 - [STDERR_REDIRECT] WARNING: Couldn't flush system prefs: java.util.prefs.BackingStoreException: Couldn't get file lock.
2025-09-09 12:18:10,339 [ERROR] LogOutputStream:75 - [STDERR_REDIRECT] 
2025-09-09 12:18:40,338 [ERROR] LogOutputStream:75 - [STDERR_REDIRECT] Sep 09, 2025 12:18:40 PM java.util.prefs.FileSystemPreferences checkLockFile0ErrorCode
2025-09-09 12:18:40,338 [ERROR] LogOutputStream:75 - [STDERR_REDIRECT] WARNING: Could not lock System prefs. Unix error code 2.
2025-09-09 12:18:40,338 [ERROR] LogOutputStream:75 - [STDERR_REDIRECT] 
2025-09-09 12:18:40,339 [ERROR] LogOutputStream:75 - [STDERR_REDIRECT] Sep 09, 2025 12:18:40 PM java.util.prefs.FileSystemPreferences syncWorld
2025-09-09 12:18:40,340 [ERROR] LogOutputStream:75 - [STDERR_REDIRECT] WARNING: Couldn't flush system prefs: java.util.prefs.BackingStoreException: Couldn't get file lock.
2025-09-09 12:18:40,340 [ERROR] LogOutputStream:75 - [STDERR_REDIRECT] 
2025-09-09 12:19:10,337 [ERROR] LogOutputStream:75 - [STDERR_REDIRECT] Sep 09, 2025 12:19:10 PM java.util.prefs.FileSystemPreferences checkLockFile0ErrorCode
2025-09-09 12:19:10,337 [ERROR] LogOutputStream:75 - [STDERR_REDIRECT] WARNING: Could not lock System prefs. Unix error code 2.
2025-09-09 12:19:10,337 [ERROR] LogOutputStream:75 - [STDERR_REDIRECT] 
2025-09-09 12:19:10,338 [ERROR] LogOutputStream:75 - [STDERR_REDIRECT] Sep 09, 2025 12:19:10 PM java.util.prefs.FileSystemPreferences syncWorld
2025-09-09 12:19:10,338 [ERROR] LogOutputStream:75 - [STDERR_REDIRECT] WARNING: Couldn't flush system prefs: java.util.prefs.BackingStoreException: Couldn't get file lock.
2025-09-09 12:19:10,338 [ERROR] LogOutputStream:75 - [STDERR_REDIRECT] 
2025-09-09 12:19:40,337 [ERROR] LogOutputStream:75 - [STDERR_REDIRECT] Sep 09, 2025 12:19:40 PM java.util.prefs.FileSystemPreferences checkLockFile0ErrorCode
2025-09-09 12:19:40,338 [ERROR] LogOutputStream:75 - [STDERR_REDIRECT] WARNING: Could not lock System prefs. Unix error code 2.
2025-09-09 12:19:40,338 [ERROR] LogOutputStream:75 - [STDERR_REDIRECT] 
2025-09-09 12:19:40,339 [ERROR] LogOutputStream:75 - [STDERR_REDIRECT] Sep 09, 2025 12:19:40 PM java.util.prefs.FileSystemPreferences syncWorld
2025-09-09 12:19:40,339 [ERROR] LogOutputStream:75 - [STDERR_REDIRECT] WARNING: Couldn't flush system prefs: java.util.prefs.BackingStoreException: Couldn't get file lock.
2025-09-09 12:19:40,339 [ERROR] LogOutputStream:75 - [STDERR_REDIRECT] 
2025-09-09 12:20:10,337 [ERROR] LogOutputStream:75 - [STDERR_REDIRECT] Sep 09, 2025 12:20:10 PM java.util.prefs.FileSystemPreferences checkLockFile0ErrorCode
2025-09-09 12:20:10,338 [ERROR] LogOutputStream:75 - [STDERR_REDIRECT] WARNING: Could not lock System prefs. Unix error code 2.
2025-09-09 12:20:10,338 [ERROR] LogOutputStream:75 - [STDERR_REDIRECT] 
2025-09-09 12:20:10,338 [ERROR] LogOutputStream:75 - [STDERR_REDIRECT] Sep 09, 2025 12:20:10 PM java.util.prefs.FileSystemPreferences syncWorld
2025-09-09 12:20:10,339 [ERROR] LogOutputStream:75 - [STDERR_REDIRECT] WARNING: Couldn't flush system prefs: java.util.prefs.BackingStoreException: Couldn't get file lock.
2025-09-09 12:20:10,339 [ERROR] LogOutputStream:75 - [STDERR_REDIRECT] 
2025-09-09 12:20:40,337 [ERROR] LogOutputStream:75 - [STDERR_REDIRECT] Sep 09, 2025 12:20:40 PM java.util.prefs.FileSystemPreferences checkLockFile0ErrorCode
2025-09-09 12:20:40,337 [ERROR] LogOutputStream:75 - [STDERR_REDIRECT] WARNING: Could not lock System prefs. Unix error code 2.
2025-09-09 12:20:40,337 [ERROR] LogOutputStream:75 - [STDERR_REDIRECT] 
2025-09-09 12:20:40,338 [ERROR] LogOutputStream:75 - [STDERR_REDIRECT] Sep 09, 2025 12:20:40 PM java.util.prefs.FileSystemPreferences syncWorld
2025-09-09 12:20:40,338 [ERROR] LogOutputStream:75 - [STDERR_REDIRECT] WARNING: Couldn't flush system prefs: java.util.prefs.BackingStoreException: Couldn't get file lock.
2025-09-09 12:20:40,338 [ERROR] LogOutputStream:75 - [STDERR_REDIRECT] 
2025-09-09 12:21:10,337 [ERROR] LogOutputStream:75 - [STDERR_REDIRECT] Sep 09, 2025 12:21:10 PM java.util.prefs.FileSystemPreferences checkLockFile0ErrorCode
2025-09-09 12:21:10,338 [ERROR] LogOutputStream:75 - [STDERR_REDIRECT] WARNING: Could not lock System prefs. Unix error code 2.
2025-09-09 12:21:10,338 [ERROR] LogOutputStream:75 - [STDERR_REDIRECT] 
2025-09-09 12:21:10,338 [ERROR] LogOutputStream:75 - [STDERR_REDIRECT] Sep 09, 2025 12:21:10 PM java.util.prefs.FileSystemPreferences syncWorld
2025-09-09 12:21:10,339 [ERROR] LogOutputStream:75 - [STDERR_REDIRECT] WARNING: Couldn't flush system prefs: java.util.prefs.BackingStoreException: Couldn't get file lock.
2025-09-09 12:21:10,339 [ERROR] LogOutputStream:75 - [STDERR_REDIRECT] 
2025-09-09 12:21:40,337 [ERROR] LogOutputStream:75 - [STDERR_REDIRECT] Sep 09, 2025 12:21:40 PM java.util.prefs.FileSystemPreferences checkLockFile0ErrorCode
2025-09-09 12:21:40,337 [ERROR] LogOutputStream:75 - [STDERR_REDIRECT] WARNING: Could not lock System prefs. Unix error code 2.
2025-09-09 12:21:40,337 [ERROR] LogOutputStream:75 - [STDERR_REDIRECT] 
2025-09-09 12:21:40,337 [ERROR] LogOutputStream:75 - [STDERR_REDIRECT] Sep 09, 2025 12:21:40 PM java.util.prefs.FileSystemPreferences syncWorld
2025-09-09 12:21:40,338 [ERROR] LogOutputStream:75 - [STDERR_REDIRECT] WARNING: Couldn't flush system prefs: java.util.prefs.BackingStoreException: Couldn't get file lock.
2025-09-09 12:21:40,338 [ERROR] LogOutputStream:75 - [STDERR_REDIRECT] 
2025-09-09 12:22:10,337 [ERROR] LogOutputStream:75 - [STDERR_REDIRECT] Sep 09, 2025 12:22:10 PM java.util.prefs.FileSystemPreferences checkLockFile0ErrorCode
2025-09-09 12:22:10,338 [ERROR] LogOutputStream:75 - [STDERR_REDIRECT] WARNING: Could not lock System prefs. Unix error code 2.
2025-09-09 12:22:10,338 [ERROR] LogOutputStream:75 - [STDERR_REDIRECT] 
2025-09-09 12:22:10,338 [ERROR] LogOutputStream:75 - [STDERR_REDIRECT] Sep 09, 2025 12:22:10 PM java.util.prefs.FileSystemPreferences syncWorld
2025-09-09 12:22:10,338 [ERROR] LogOutputStream:75 - [STDERR_REDIRECT] WARNING: Couldn't flush system prefs: java.util.prefs.BackingStoreException: Couldn't get file lock.
2025-09-09 12:22:10,338 [ERROR] LogOutputStream:75 - [STDERR_REDIRECT] 
2025-09-09 12:22:40,337 [ERROR] LogOutputStream:75 - [STDERR_REDIRECT] Sep 09, 2025 12:22:40 PM java.util.prefs.FileSystemPreferences checkLockFile0ErrorCode
2025-09-09 12:22:40,338 [ERROR] LogOutputStream:75 - [STDERR_REDIRECT] WARNING: Could not lock System prefs. Unix error code 2.
2025-09-09 12:22:40,338 [ERROR] LogOutputStream:75 - [STDERR_REDIRECT] 
2025-09-09 12:22:40,338 [ERROR] LogOutputStream:75 - [STDERR_REDIRECT] Sep 09, 2025 12:22:40 PM java.util.prefs.FileSystemPreferences syncWorld
2025-09-09 12:22:40,339 [ERROR] LogOutputStream:75 - [STDERR_REDIRECT] WARNING: Couldn't flush system prefs: java.util.prefs.BackingStoreException: Couldn't get file lock.
2025-09-09 12:22:40,339 [ERROR] LogOutputStream:75 - [STDERR_REDIRECT] 
2025-09-09 12:27:03,442 [INFO] WebApp:194 - Connection lost
2025-09-09 12:27:09,337 [ERROR] LogOutputStream:75 - [STDERR_REDIRECT] Sep 09, 2025 12:27:09 PM java.util.prefs.FileSystemPreferences checkLockFile0ErrorCode
2025-09-09 12:27:09,337 [ERROR] LogOutputStream:75 - [STDERR_REDIRECT] WARNING: Could not lock System prefs. Unix error code 2.
2025-09-09 12:27:09,337 [ERROR] LogOutputStream:75 - [STDERR_REDIRECT] 
2025-09-09 12:27:09,338 [ERROR] LogOutputStream:75 - [STDERR_REDIRECT] Sep 09, 2025 12:27:09 PM java.util.prefs.FileSystemPreferences syncWorld
2025-09-09 12:27:09,338 [ERROR] LogOutputStream:75 - [STDERR_REDIRECT] WARNING: Couldn't flush system prefs: java.util.prefs.BackingStoreException: Couldn't get file lock.
2025-09-09 12:27:09,338 [ERROR] LogOutputStream:75 - [STDERR_REDIRECT] 
2025-09-09 12:27:10,025 [INFO] WebApp:191 - Connection restablished
2025-09-09 12:27:39,337 [ERROR] LogOutputStream:75 - [STDERR_REDIRECT] Sep 09, 2025 12:27:39 PM java.util.prefs.FileSystemPreferences checkLockFile0ErrorCode
2025-09-09 12:27:39,337 [ERROR] LogOutputStream:75 - [STDERR_REDIRECT] WARNING: Could not lock System prefs. Unix error code 2.
2025-09-09 12:27:39,337 [ERROR] LogOutputStream:75 - [STDERR_REDIRECT] 
2025-09-09 12:27:39,338 [ERROR] LogOutputStream:75 - [STDERR_REDIRECT] Sep 09, 2025 12:27:39 PM java.util.prefs.FileSystemPreferences syncWorld
2025-09-09 12:27:39,339 [ERROR] LogOutputStream:75 - [STDERR_REDIRECT] WARNING: Couldn't flush system prefs: java.util.prefs.BackingStoreException: Couldn't get file lock.
2025-09-09 12:27:39,339 [ERROR] LogOutputStream:75 - [STDERR_REDIRECT] 
2025-09-09 12:28:09,337 [ERROR] LogOutputStream:75 - [STDERR_REDIRECT] Sep 09, 2025 12:28:09 PM java.util.prefs.FileSystemPreferences checkLockFile0ErrorCode
2025-09-09 12:28:09,337 [ERROR] LogOutputStream:75 - [STDERR_REDIRECT] WARNING: Could not lock System prefs. Unix error code 2.
2025-09-09 12:28:09,337 [ERROR] LogOutputStream:75 - [STDERR_REDIRECT] 
2025-09-09 12:28:09,338 [ERROR] LogOutputStream:75 - [STDERR_REDIRECT] Sep 09, 2025 12:28:09 PM java.util.prefs.FileSystemPreferences syncWorld
2025-09-09 12:28:09,338 [ERROR] LogOutputStream:75 - [STDERR_REDIRECT] WARNING: Couldn't flush system prefs: java.util.prefs.BackingStoreException: Couldn't get file lock.
2025-09-09 12:28:09,338 [ERROR] LogOutputStream:75 - [STDERR_REDIRECT] 
2025-09-09 12:28:39,337 [ERROR] LogOutputStream:75 - [STDERR_REDIRECT] Sep 09, 2025 12:28:39 PM java.util.prefs.FileSystemPreferences checkLockFile0ErrorCode
2025-09-09 12:28:39,337 [ERROR] LogOutputStream:75 - [STDERR_REDIRECT] WARNING: Could not lock System prefs. Unix error code 2.
2025-09-09 12:28:39,337 [ERROR] LogOutputStream:75 - [STDERR_REDIRECT] 
2025-09-09 12:28:39,338 [ERROR] LogOutputStream:75 - [STDERR_REDIRECT] Sep 09, 2025 12:28:39 PM java.util.prefs.FileSystemPreferences syncWorld
2025-09-09 12:28:39,339 [ERROR] LogOutputStream:75 - [STDERR_REDIRECT] WARNING: Couldn't flush system prefs: java.util.prefs.BackingStoreException: Couldn't get file lock.
2025-09-09 12:28:39,339 [ERROR] LogOutputStream:75 - [STDERR_REDIRECT] 
2025-09-09 12:29:09,337 [ERROR] LogOutputStream:75 - [STDERR_REDIRECT] Sep 09, 2025 12:29:09 PM java.util.prefs.FileSystemPreferences checkLockFile0ErrorCode
2025-09-09 12:29:09,338 [ERROR] LogOutputStream:75 - [STDERR_REDIRECT] WARNING: Could not lock System prefs. Unix error code 2.
2025-09-09 12:29:09,338 [ERROR] LogOutputStream:75 - [STDERR_REDIRECT] 
2025-09-09 12:29:09,339 [ERROR] LogOutputStream:75 - [STDERR_REDIRECT] Sep 09, 2025 12:29:09 PM java.util.prefs.FileSystemPreferences syncWorld
2025-09-09 12:29:09,340 [ERROR] LogOutputStream:75 - [STDERR_REDIRECT] WARNING: Couldn't flush system prefs: java.util.prefs.BackingStoreException: Couldn't get file lock.
2025-09-09 12:29:09,340 [ERROR] LogOutputStream:75 - [STDERR_REDIRECT] 
2025-09-09 12:29:39,338 [ERROR] LogOutputStream:75 - [STDERR_REDIRECT] Sep 09, 2025 12:29:39 PM java.util.prefs.FileSystemPreferences checkLockFile0ErrorCode
2025-09-09 12:29:39,338 [ERROR] LogOutputStream:75 - [STDERR_REDIRECT] WARNING: Could not lock System prefs. Unix error code 2.
2025-09-09 12:29:39,338 [ERROR] LogOutputStream:75 - [STDERR_REDIRECT] 
2025-09-09 12:29:39,339 [ERROR] LogOutputStream:75 - [STDERR_REDIRECT] Sep 09, 2025 12:29:39 PM java.util.prefs.FileSystemPreferences syncWorld
2025-09-09 12:29:39,339 [ERROR] LogOutputStream:75 - [STDERR_REDIRECT] WARNING: Couldn't flush system prefs: java.util.prefs.BackingStoreException: Couldn't get file lock.
2025-09-09 12:29:39,339 [ERROR] LogOutputStream:75 - [STDERR_REDIRECT] 
2025-09-09 12:30:09,338 [ERROR] LogOutputStream:75 - [STDERR_REDIRECT] Sep 09, 2025 12:30:09 PM java.util.prefs.FileSystemPreferences checkLockFile0ErrorCode
2025-09-09 12:30:09,339 [ERROR] LogOutputStream:75 - [STDERR_REDIRECT] WARNING: Could not lock System prefs. Unix error code 2.
2025-09-09 12:30:09,339 [ERROR] LogOutputStream:75 - [STDERR_REDIRECT] 
2025-09-09 12:30:09,339 [ERROR] LogOutputStream:75 - [STDERR_REDIRECT] Sep 09, 2025 12:30:09 PM java.util.prefs.FileSystemPreferences syncWorld
2025-09-09 12:30:09,339 [ERROR] LogOutputStream:75 - [STDERR_REDIRECT] WARNING: Couldn't flush system prefs: java.util.prefs.BackingStoreException: Couldn't get file lock.
2025-09-09 12:30:09,339 [ERROR] LogOutputStream:75 - [STDERR_REDIRECT] 
2025-09-09 12:30:39,338 [ERROR] LogOutputStream:75 - [STDERR_REDIRECT] Sep 09, 2025 12:30:39 PM java.util.prefs.FileSystemPreferences checkLockFile0ErrorCode
2025-09-09 12:30:39,339 [ERROR] LogOutputStream:75 - [STDERR_REDIRECT] WARNING: Could not lock System prefs. Unix error code 2.
2025-09-09 12:30:39,339 [ERROR] LogOutputStream:75 - [STDERR_REDIRECT] 
2025-09-09 12:30:39,339 [ERROR] LogOutputStream:75 - [STDERR_REDIRECT] Sep 09, 2025 12:30:39 PM java.util.prefs.FileSystemPreferences syncWorld
2025-09-09 12:30:39,340 [ERROR] LogOutputStream:75 - [STDERR_REDIRECT] WARNING: Couldn't flush system prefs: java.util.prefs.BackingStoreException: Couldn't get file lock.
2025-09-09 12:30:39,340 [ERROR] LogOutputStream:75 - [STDERR_REDIRECT] 
2025-09-09 12:31:09,339 [ERROR] LogOutputStream:75 - [STDERR_REDIRECT] Sep 09, 2025 12:31:09 PM java.util.prefs.FileSystemPreferences checkLockFile0ErrorCode
2025-09-09 12:31:09,339 [ERROR] LogOutputStream:75 - [STDERR_REDIRECT] WARNING: Could not lock System prefs. Unix error code 2.
2025-09-09 12:31:09,339 [ERROR] LogOutputStream:75 - [STDERR_REDIRECT] 
2025-09-09 12:31:09,339 [ERROR] LogOutputStream:75 - [STDERR_REDIRECT] Sep 09, 2025 12:31:09 PM java.util.prefs.FileSystemPreferences syncWorld
2025-09-09 12:31:09,340 [ERROR] LogOutputStream:75 - [STDERR_REDIRECT] WARNING: Couldn't flush system prefs: java.util.prefs.BackingStoreException: Couldn't get file lock.
2025-09-09 12:31:09,340 [ERROR] LogOutputStream:75 - [STDERR_REDIRECT] 
2025-09-09 12:31:39,339 [ERROR] LogOutputStream:75 - [STDERR_REDIRECT] Sep 09, 2025 12:31:39 PM java.util.prefs.FileSystemPreferences checkLockFile0ErrorCode
2025-09-09 12:31:39,339 [ERROR] LogOutputStream:75 - [STDERR_REDIRECT] WARNING: Could not lock System prefs. Unix error code 2.
2025-09-09 12:31:39,339 [ERROR] LogOutputStream:75 - [STDERR_REDIRECT] 
2025-09-09 12:31:39,339 [ERROR] LogOutputStream:75 - [STDERR_REDIRECT] Sep 09, 2025 12:31:39 PM java.util.prefs.FileSystemPreferences syncWorld
2025-09-09 12:31:39,340 [ERROR] LogOutputStream:75 - [STDERR_REDIRECT] WARNING: Couldn't flush system prefs: java.util.prefs.BackingStoreException: Couldn't get file lock.
2025-09-09 12:31:39,340 [ERROR] LogOutputStream:75 - [STDERR_REDIRECT] 
2025-09-09 12:32:09,338 [ERROR] LogOutputStream:75 - [STDERR_REDIRECT] Sep 09, 2025 12:32:09 PM java.util.prefs.FileSystemPreferences checkLockFile0ErrorCode
2025-09-09 12:32:09,339 [ERROR] LogOutputStream:75 - [STDERR_REDIRECT] WARNING: Could not lock System prefs. Unix error code 2.
2025-09-09 12:32:09,339 [ERROR] LogOutputStream:75 - [STDERR_REDIRECT] 
2025-09-09 12:32:09,339 [ERROR] LogOutputStream:75 - [STDERR_REDIRECT] Sep 09, 2025 12:32:09 PM java.util.prefs.FileSystemPreferences syncWorld
2025-09-09 12:32:09,340 [ERROR] LogOutputStream:75 - [STDERR_REDIRECT] WARNING: Couldn't flush system prefs: java.util.prefs.BackingStoreException: Couldn't get file lock.
2025-09-09 12:32:09,340 [ERROR] LogOutputStream:75 - [STDERR_REDIRECT] 
2025-09-09 12:32:39,339 [ERROR] LogOutputStream:75 - [STDERR_REDIRECT] Sep 09, 2025 12:32:39 PM java.util.prefs.FileSystemPreferences checkLockFile0ErrorCode
2025-09-09 12:32:39,339 [ERROR] LogOutputStream:75 - [STDERR_REDIRECT] WARNING: Could not lock System prefs. Unix error code 2.
2025-09-09 12:32:39,339 [ERROR] LogOutputStream:75 - [STDERR_REDIRECT] 
2025-09-09 12:32:39,339 [ERROR] LogOutputStream:75 - [STDERR_REDIRECT] Sep 09, 2025 12:32:39 PM java.util.prefs.FileSystemPreferences syncWorld
2025-09-09 12:32:39,340 [ERROR] LogOutputStream:75 - [STDERR_REDIRECT] WARNING: Couldn't flush system prefs: java.util.prefs.BackingStoreException: Couldn't get file lock.
2025-09-09 12:32:39,340 [ERROR] LogOutputStream:75 - [STDERR_REDIRECT] 
2025-09-09 12:33:09,339 [ERROR] LogOutputStream:75 - [STDERR_REDIRECT] Sep 09, 2025 12:33:09 PM java.util.prefs.FileSystemPreferences checkLockFile0ErrorCode
2025-09-09 12:33:09,339 [ERROR] LogOutputStream:75 - [STDERR_REDIRECT] WARNING: Could not lock System prefs. Unix error code 2.
2025-09-09 12:33:09,339 [ERROR] LogOutputStream:75 - [STDERR_REDIRECT] 
2025-09-09 12:33:09,340 [ERROR] LogOutputStream:75 - [STDERR_REDIRECT] Sep 09, 2025 12:33:09 PM java.util.prefs.FileSystemPreferences syncWorld
2025-09-09 12:33:09,340 [ERROR] LogOutputStream:75 - [STDERR_REDIRECT] WARNING: Couldn't flush system prefs: java.util.prefs.BackingStoreException: Couldn't get file lock.
2025-09-09 12:33:09,340 [ERROR] LogOutputStream:75 - [STDERR_REDIRECT] 
2025-09-09 12:33:39,339 [ERROR] LogOutputStream:75 - [STDERR_REDIRECT] Sep 09, 2025 12:33:39 PM java.util.prefs.FileSystemPreferences checkLockFile0ErrorCode
2025-09-09 12:33:39,340 [ERROR] LogOutputStream:75 - [STDERR_REDIRECT] WARNING: Could not lock System prefs. Unix error code 2.
2025-09-09 12:33:39,340 [ERROR] LogOutputStream:75 - [STDERR_REDIRECT] 
2025-09-09 12:33:39,340 [ERROR] LogOutputStream:75 - [STDERR_REDIRECT] Sep 09, 2025 12:33:39 PM java.util.prefs.FileSystemPreferences syncWorld
2025-09-09 12:33:39,341 [ERROR] LogOutputStream:75 - [STDERR_REDIRECT] WARNING: Couldn't flush system prefs: java.util.prefs.BackingStoreException: Couldn't get file lock.
2025-09-09 12:33:39,341 [ERROR] LogOutputStream:75 - [STDERR_REDIRECT] 
2025-09-09 12:34:09,339 [ERROR] LogOutputStream:75 - [STDERR_REDIRECT] Sep 09, 2025 12:34:09 PM java.util.prefs.FileSystemPreferences checkLockFile0ErrorCode
2025-09-09 12:34:09,339 [ERROR] LogOutputStream:75 - [STDERR_REDIRECT] WARNING: Could not lock System prefs. Unix error code 2.
2025-09-09 12:34:09,339 [ERROR] LogOutputStream:75 - [STDERR_REDIRECT] 
2025-09-09 12:34:09,340 [ERROR] LogOutputStream:75 - [STDERR_REDIRECT] Sep 09, 2025 12:34:09 PM java.util.prefs.FileSystemPreferences syncWorld
2025-09-09 12:34:09,340 [ERROR] LogOutputStream:75 - [STDERR_REDIRECT] WARNING: Couldn't flush system prefs: java.util.prefs.BackingStoreException: Couldn't get file lock.
2025-09-09 12:34:09,340 [ERROR] LogOutputStream:75 - [STDERR_REDIRECT] 
2025-09-09 12:34:39,339 [ERROR] LogOutputStream:75 - [STDERR_REDIRECT] Sep 09, 2025 12:34:39 PM java.util.prefs.FileSystemPreferences checkLockFile0ErrorCode
2025-09-09 12:34:39,340 [ERROR] LogOutputStream:75 - [STDERR_REDIRECT] WARNING: Could not lock System prefs. Unix error code 2.
2025-09-09 12:34:39,340 [ERROR] LogOutputStream:75 - [STDERR_REDIRECT] 
2025-09-09 12:34:39,340 [ERROR] LogOutputStream:75 - [STDERR_REDIRECT] Sep 09, 2025 12:34:39 PM java.util.prefs.FileSystemPreferences syncWorld
2025-09-09 12:34:39,341 [ERROR] LogOutputStream:75 - [STDERR_REDIRECT] WARNING: Couldn't flush system prefs: java.util.prefs.BackingStoreException: Couldn't get file lock.
2025-09-09 12:34:39,341 [ERROR] LogOutputStream:75 - [STDERR_REDIRECT] 
2025-09-09 12:35:09,339 [ERROR] LogOutputStream:75 - [STDERR_REDIRECT] Sep 09, 2025 12:35:09 PM java.util.prefs.FileSystemPreferences checkLockFile0ErrorCode
2025-09-09 12:35:09,339 [ERROR] LogOutputStream:75 - [STDERR_REDIRECT] WARNING: Could not lock System prefs. Unix error code 2.
2025-09-09 12:35:09,339 [ERROR] LogOutputStream:75 - [STDERR_REDIRECT] 
2025-09-09 12:35:09,340 [ERROR] LogOutputStream:75 - [STDERR_REDIRECT] Sep 09, 2025 12:35:09 PM java.util.prefs.FileSystemPreferences syncWorld
2025-09-09 12:35:09,340 [ERROR] LogOutputStream:75 - [STDERR_REDIRECT] WARNING: Couldn't flush system prefs: java.util.prefs.BackingStoreException: Couldn't get file lock.
2025-09-09 12:35:09,340 [ERROR] LogOutputStream:75 - [STDERR_REDIRECT] 
2025-09-09 12:35:39,339 [ERROR] LogOutputStream:75 - [STDERR_REDIRECT] Sep 09, 2025 12:35:39 PM java.util.prefs.FileSystemPreferences checkLockFile0ErrorCode
2025-09-09 12:35:39,340 [ERROR] LogOutputStream:75 - [STDERR_REDIRECT] WARNING: Could not lock System prefs. Unix error code 2.
2025-09-09 12:35:39,340 [ERROR] LogOutputStream:75 - [STDERR_REDIRECT] 
2025-09-09 12:35:39,340 [ERROR] LogOutputStream:75 - [STDERR_REDIRECT] Sep 09, 2025 12:35:39 PM java.util.prefs.FileSystemPreferences syncWorld
2025-09-09 12:35:39,340 [ERROR] LogOutputStream:75 - [STDERR_REDIRECT] WARNING: Couldn't flush system prefs: java.util.prefs.BackingStoreException: Couldn't get file lock.
2025-09-09 12:35:39,340 [ERROR] LogOutputStream:75 - [STDERR_REDIRECT] 
2025-09-09 12:36:09,339 [ERROR] LogOutputStream:75 - [STDERR_REDIRECT] Sep 09, 2025 12:36:09 PM java.util.prefs.FileSystemPreferences checkLockFile0ErrorCode
2025-09-09 12:36:09,340 [ERROR] LogOutputStream:75 - [STDERR_REDIRECT] WARNING: Could not lock System prefs. Unix error code 2.
2025-09-09 12:36:09,340 [ERROR] LogOutputStream:75 - [STDERR_REDIRECT] 
2025-09-09 12:36:09,340 [ERROR] LogOutputStream:75 - [STDERR_REDIRECT] Sep 09, 2025 12:36:09 PM java.util.prefs.FileSystemPreferences syncWorld
2025-09-09 12:36:09,341 [ERROR] LogOutputStream:75 - [STDERR_REDIRECT] WARNING: Couldn't flush system prefs: java.util.prefs.BackingStoreException: Couldn't get file lock.
2025-09-09 12:36:09,341 [ERROR] LogOutputStream:75 - [STDERR_REDIRECT] 
2025-09-09 12:36:39,340 [ERROR] LogOutputStream:75 - [STDERR_REDIRECT] Sep 09, 2025 12:36:39 PM java.util.prefs.FileSystemPreferences checkLockFile0ErrorCode
2025-09-09 12:36:39,340 [ERROR] LogOutputStream:75 - [STDERR_REDIRECT] WARNING: Could not lock System prefs. Unix error code 2.
2025-09-09 12:36:39,340 [ERROR] LogOutputStream:75 - [STDERR_REDIRECT] 
2025-09-09 12:36:39,341 [ERROR] LogOutputStream:75 - [STDERR_REDIRECT] Sep 09, 2025 12:36:39 PM java.util.prefs.FileSystemPreferences syncWorld
2025-09-09 12:36:39,341 [ERROR] LogOutputStream:75 - [STDERR_REDIRECT] WARNING: Couldn't flush system prefs: java.util.prefs.BackingStoreException: Couldn't get file lock.
2025-09-09 12:36:39,341 [ERROR] LogOutputStream:75 - [STDERR_REDIRECT] 
2025-09-09 12:37:09,340 [ERROR] LogOutputStream:75 - [STDERR_REDIRECT] Sep 09, 2025 12:37:09 PM java.util.prefs.FileSystemPreferences checkLockFile0ErrorCode
2025-09-09 12:37:09,340 [ERROR] LogOutputStream:75 - [STDERR_REDIRECT] WARNING: Could not lock System prefs. Unix error code 2.
2025-09-09 12:37:09,340 [ERROR] LogOutputStream:75 - [STDERR_REDIRECT] 
2025-09-09 12:37:09,341 [ERROR] LogOutputStream:75 - [STDERR_REDIRECT] Sep 09, 2025 12:37:09 PM java.util.prefs.FileSystemPreferences syncWorld
2025-09-09 12:37:09,341 [ERROR] LogOutputStream:75 - [STDERR_REDIRECT] WARNING: Couldn't flush system prefs: java.util.prefs.BackingStoreException: Couldn't get file lock.
2025-09-09 12:37:09,341 [ERROR] LogOutputStream:75 - [STDERR_REDIRECT] 
2025-09-09 12:37:39,340 [ERROR] LogOutputStream:75 - [STDERR_REDIRECT] Sep 09, 2025 12:37:39 PM java.util.prefs.FileSystemPreferences checkLockFile0ErrorCode
2025-09-09 12:37:39,341 [ERROR] LogOutputStream:75 - [STDERR_REDIRECT] WARNING: Could not lock System prefs. Unix error code 2.
2025-09-09 12:37:39,341 [ERROR] LogOutputStream:75 - [STDERR_REDIRECT] 
2025-09-09 12:37:39,341 [ERROR] LogOutputStream:75 - [STDERR_REDIRECT] Sep 09, 2025 12:37:39 PM java.util.prefs.FileSystemPreferences syncWorld
2025-09-09 12:37:39,342 [ERROR] LogOutputStream:75 - [STDERR_REDIRECT] WARNING: Couldn't flush system prefs: java.util.prefs.BackingStoreException: Couldn't get file lock.
2025-09-09 12:37:39,342 [ERROR] LogOutputStream:75 - [STDERR_REDIRECT] 
2025-09-09 12:38:09,340 [ERROR] LogOutputStream:75 - [STDERR_REDIRECT] Sep 09, 2025 12:38:09 PM java.util.prefs.FileSystemPreferences checkLockFile0ErrorCode
2025-09-09 12:38:09,340 [ERROR] LogOutputStream:75 - [STDERR_REDIRECT] WARNING: Could not lock System prefs. Unix error code 2.
2025-09-09 12:38:09,340 [ERROR] LogOutputStream:75 - [STDERR_REDIRECT] 
2025-09-09 12:38:09,341 [ERROR] LogOutputStream:75 - [STDERR_REDIRECT] Sep 09, 2025 12:38:09 PM java.util.prefs.FileSystemPreferences syncWorld
2025-09-09 12:38:09,341 [ERROR] LogOutputStream:75 - [STDERR_REDIRECT] WARNING: Couldn't flush system prefs: java.util.prefs.BackingStoreException: Couldn't get file lock.
2025-09-09 12:38:09,341 [ERROR] LogOutputStream:75 - [STDERR_REDIRECT] 
2025-09-09 12:43:22,863 [INFO] WebApp:194 - Connection lost
2025-09-09 12:43:29,513 [INFO] WebApp:191 - Connection restablished
2025-09-09 12:43:30,875 [ERROR] LogOutputStream:75 - [STDERR_REDIRECT] Sep 09, 2025 12:43:30 PM java.util.prefs.FileSystemPreferences checkLockFile0ErrorCode
2025-09-09 12:43:30,876 [ERROR] LogOutputStream:75 - [STDERR_REDIRECT] WARNING: Could not lock System prefs. Unix error code 2.
2025-09-09 12:43:30,876 [ERROR] LogOutputStream:75 - [STDERR_REDIRECT] 
2025-09-09 12:43:30,876 [ERROR] LogOutputStream:75 - [STDERR_REDIRECT] Sep 09, 2025 12:43:30 PM java.util.prefs.FileSystemPreferences syncWorld
2025-09-09 12:43:30,877 [ERROR] LogOutputStream:75 - [STDERR_REDIRECT] WARNING: Couldn't flush system prefs: java.util.prefs.BackingStoreException: Couldn't get file lock.
2025-09-09 12:43:30,877 [ERROR] LogOutputStream:75 - [STDERR_REDIRECT] 
2025-09-09 12:44:00,876 [ERROR] LogOutputStream:75 - [STDERR_REDIRECT] Sep 09, 2025 12:44:00 PM java.util.prefs.FileSystemPreferences checkLockFile0ErrorCode
2025-09-09 12:44:00,876 [ERROR] LogOutputStream:75 - [STDERR_REDIRECT] WARNING: Could not lock System prefs. Unix error code 2.
2025-09-09 12:44:00,876 [ERROR] LogOutputStream:75 - [STDERR_REDIRECT] 
2025-09-09 12:44:00,876 [ERROR] LogOutputStream:75 - [STDERR_REDIRECT] Sep 09, 2025 12:44:00 PM java.util.prefs.FileSystemPreferences syncWorld
2025-09-09 12:44:00,877 [ERROR] LogOutputStream:75 - [STDERR_REDIRECT] WARNING: Couldn't flush system prefs: java.util.prefs.BackingStoreException: Couldn't get file lock.
2025-09-09 12:44:00,877 [ERROR] LogOutputStream:75 - [STDERR_REDIRECT] 
2025-09-09 12:44:30,876 [ERROR] LogOutputStream:75 - [STDERR_REDIRECT] Sep 09, 2025 12:44:30 PM java.util.prefs.FileSystemPreferences checkLockFile0ErrorCode
2025-09-09 12:44:30,876 [ERROR] LogOutputStream:75 - [STDERR_REDIRECT] WARNING: Could not lock System prefs. Unix error code 2.
2025-09-09 12:44:30,876 [ERROR] LogOutputStream:75 - [STDERR_REDIRECT] 
2025-09-09 12:44:30,876 [ERROR] LogOutputStream:75 - [STDERR_REDIRECT] Sep 09, 2025 12:44:30 PM java.util.prefs.FileSystemPreferences syncWorld
2025-09-09 12:44:30,877 [ERROR] LogOutputStream:75 - [STDERR_REDIRECT] WARNING: Couldn't flush system prefs: java.util.prefs.BackingStoreException: Couldn't get file lock.
2025-09-09 12:44:30,877 [ERROR] LogOutputStream:75 - [STDERR_REDIRECT] 
2025-09-09 12:45:00,876 [ERROR] LogOutputStream:75 - [STDERR_REDIRECT] Sep 09, 2025 12:45:00 PM java.util.prefs.FileSystemPreferences checkLockFile0ErrorCode
2025-09-09 12:45:00,876 [ERROR] LogOutputStream:75 - [STDERR_REDIRECT] WARNING: Could not lock System prefs. Unix error code 2.
2025-09-09 12:45:00,876 [ERROR] LogOutputStream:75 - [STDERR_REDIRECT] 
2025-09-09 12:45:00,877 [ERROR] LogOutputStream:75 - [STDERR_REDIRECT] Sep 09, 2025 12:45:00 PM java.util.prefs.FileSystemPreferences syncWorld
2025-09-09 12:45:00,877 [ERROR] LogOutputStream:75 - [STDERR_REDIRECT] WARNING: Couldn't flush system prefs: java.util.prefs.BackingStoreException: Couldn't get file lock.
2025-09-09 12:45:00,877 [ERROR] LogOutputStream:75 - [STDERR_REDIRECT] 
2025-09-09 12:45:30,876 [ERROR] LogOutputStream:75 - [STDERR_REDIRECT] Sep 09, 2025 12:45:30 PM java.util.prefs.FileSystemPreferences checkLockFile0ErrorCode
2025-09-09 12:45:30,877 [ERROR] LogOutputStream:75 - [STDERR_REDIRECT] WARNING: Could not lock System prefs. Unix error code 2.
2025-09-09 12:45:30,877 [ERROR] LogOutputStream:75 - [STDERR_REDIRECT] 
2025-09-09 12:45:30,877 [ERROR] LogOutputStream:75 - [STDERR_REDIRECT] Sep 09, 2025 12:45:30 PM java.util.prefs.FileSystemPreferences syncWorld
2025-09-09 12:45:30,878 [ERROR] LogOutputStream:75 - [STDERR_REDIRECT] WARNING: Couldn't flush system prefs: java.util.prefs.BackingStoreException: Couldn't get file lock.
2025-09-09 12:45:30,878 [ERROR] LogOutputStream:75 - [STDERR_REDIRECT] 
2025-09-09 12:46:00,876 [ERROR] LogOutputStream:75 - [STDERR_REDIRECT] Sep 09, 2025 12:46:00 PM java.util.prefs.FileSystemPreferences checkLockFile0ErrorCode
2025-09-09 12:46:00,876 [ERROR] LogOutputStream:75 - [STDERR_REDIRECT] WARNING: Could not lock System prefs. Unix error code 2.
2025-09-09 12:46:00,876 [ERROR] LogOutputStream:75 - [STDERR_REDIRECT] 
2025-09-09 12:46:00,877 [ERROR] LogOutputStream:75 - [STDERR_REDIRECT] Sep 09, 2025 12:46:00 PM java.util.prefs.FileSystemPreferences syncWorld
2025-09-09 12:46:00,877 [ERROR] LogOutputStream:75 - [STDERR_REDIRECT] WARNING: Couldn't flush system prefs: java.util.prefs.BackingStoreException: Couldn't get file lock.
2025-09-09 12:46:00,877 [ERROR] LogOutputStream:75 - [STDERR_REDIRECT] 
2025-09-09 12:46:30,876 [ERROR] LogOutputStream:75 - [STDERR_REDIRECT] Sep 09, 2025 12:46:30 PM java.util.prefs.FileSystemPreferences checkLockFile0ErrorCode
2025-09-09 12:46:30,877 [ERROR] LogOutputStream:75 - [STDERR_REDIRECT] WARNING: Could not lock System prefs. Unix error code 2.
2025-09-09 12:46:30,877 [ERROR] LogOutputStream:75 - [STDERR_REDIRECT] 
2025-09-09 12:46:30,877 [ERROR] LogOutputStream:75 - [STDERR_REDIRECT] Sep 09, 2025 12:46:30 PM java.util.prefs.FileSystemPreferences syncWorld
2025-09-09 12:46:30,878 [ERROR] LogOutputStream:75 - [STDERR_REDIRECT] WARNING: Couldn't flush system prefs: java.util.prefs.BackingStoreException: Couldn't get file lock.
2025-09-09 12:46:30,878 [ERROR] LogOutputStream:75 - [STDERR_REDIRECT] 
2025-09-09 12:47:00,875 [ERROR] LogOutputStream:75 - [STDERR_REDIRECT] Sep 09, 2025 12:47:00 PM java.util.prefs.FileSystemPreferences checkLockFile0ErrorCode
2025-09-09 12:47:00,876 [ERROR] LogOutputStream:75 - [STDERR_REDIRECT] WARNING: Could not lock System prefs. Unix error code 2.
2025-09-09 12:47:00,876 [ERROR] LogOutputStream:75 - [STDERR_REDIRECT] 
2025-09-09 12:47:00,876 [ERROR] LogOutputStream:75 - [STDERR_REDIRECT] Sep 09, 2025 12:47:00 PM java.util.prefs.FileSystemPreferences syncWorld
2025-09-09 12:47:00,877 [ERROR] LogOutputStream:75 - [STDERR_REDIRECT] WARNING: Couldn't flush system prefs: java.util.prefs.BackingStoreException: Couldn't get file lock.
2025-09-09 12:47:00,877 [ERROR] LogOutputStream:75 - [STDERR_REDIRECT] 
2025-09-09 12:47:30,876 [ERROR] LogOutputStream:75 - [STDERR_REDIRECT] Sep 09, 2025 12:47:30 PM java.util.prefs.FileSystemPreferences checkLockFile0ErrorCode
2025-09-09 12:47:30,876 [ERROR] LogOutputStream:75 - [STDERR_REDIRECT] WARNING: Could not lock System prefs. Unix error code 2.
2025-09-09 12:47:30,876 [ERROR] LogOutputStream:75 - [STDERR_REDIRECT] 
2025-09-09 12:47:30,877 [ERROR] LogOutputStream:75 - [STDERR_REDIRECT] Sep 09, 2025 12:47:30 PM java.util.prefs.FileSystemPreferences syncWorld
2025-09-09 12:47:30,877 [ERROR] LogOutputStream:75 - [STDERR_REDIRECT] WARNING: Couldn't flush system prefs: java.util.prefs.BackingStoreException: Couldn't get file lock.
2025-09-09 12:47:30,877 [ERROR] LogOutputStream:75 - [STDERR_REDIRECT] 
2025-09-09 12:48:00,876 [ERROR] LogOutputStream:75 - [STDERR_REDIRECT] Sep 09, 2025 12:48:00 PM java.util.prefs.FileSystemPreferences checkLockFile0ErrorCode
2025-09-09 12:48:00,877 [ERROR] LogOutputStream:75 - [STDERR_REDIRECT] WARNING: Could not lock System prefs. Unix error code 2.
2025-09-09 12:48:00,877 [ERROR] LogOutputStream:75 - [STDERR_REDIRECT] 
2025-09-09 12:48:00,877 [ERROR] LogOutputStream:75 - [STDERR_REDIRECT] Sep 09, 2025 12:48:00 PM java.util.prefs.FileSystemPreferences syncWorld
2025-09-09 12:48:00,878 [ERROR] LogOutputStream:75 - [STDERR_REDIRECT] WARNING: Couldn't flush system prefs: java.util.prefs.BackingStoreException: Couldn't get file lock.
2025-09-09 12:48:00,878 [ERROR] LogOutputStream:75 - [STDERR_REDIRECT] 
2025-09-09 12:48:30,876 [ERROR] LogOutputStream:75 - [STDERR_REDIRECT] Sep 09, 2025 12:48:30 PM java.util.prefs.FileSystemPreferences checkLockFile0ErrorCode
2025-09-09 12:48:30,877 [ERROR] LogOutputStream:75 - [STDERR_REDIRECT] WARNING: Could not lock System prefs. Unix error code 2.
2025-09-09 12:48:30,877 [ERROR] LogOutputStream:75 - [STDERR_REDIRECT] 
2025-09-09 12:48:30,877 [ERROR] LogOutputStream:75 - [STDERR_REDIRECT] Sep 09, 2025 12:48:30 PM java.util.prefs.FileSystemPreferences syncWorld
2025-09-09 12:48:30,878 [ERROR] LogOutputStream:75 - [STDERR_REDIRECT] WARNING: Couldn't flush system prefs: java.util.prefs.BackingStoreException: Couldn't get file lock.
2025-09-09 12:48:30,878 [ERROR] LogOutputStream:75 - [STDERR_REDIRECT] 
2025-09-09 12:49:00,876 [ERROR] LogOutputStream:75 - [STDERR_REDIRECT] Sep 09, 2025 12:49:00 PM java.util.prefs.FileSystemPreferences checkLockFile0ErrorCode
2025-09-09 12:49:00,876 [ERROR] LogOutputStream:75 - [STDERR_REDIRECT] WARNING: Could not lock System prefs. Unix error code 2.
2025-09-09 12:49:00,876 [ERROR] LogOutputStream:75 - [STDERR_REDIRECT] 
2025-09-09 12:49:00,877 [ERROR] LogOutputStream:75 - [STDERR_REDIRECT] Sep 09, 2025 12:49:00 PM java.util.prefs.FileSystemPreferences syncWorld
2025-09-09 12:49:00,877 [ERROR] LogOutputStream:75 - [STDERR_REDIRECT] WARNING: Couldn't flush system prefs: java.util.prefs.BackingStoreException: Couldn't get file lock.
2025-09-09 12:49:00,877 [ERROR] LogOutputStream:75 - [STDERR_REDIRECT] 
2025-09-09 12:49:30,876 [ERROR] LogOutputStream:75 - [STDERR_REDIRECT] Sep 09, 2025 12:49:30 PM java.util.prefs.FileSystemPreferences checkLockFile0ErrorCode
2025-09-09 12:49:30,877 [ERROR] LogOutputStream:75 - [STDERR_REDIRECT] WARNING: Could not lock System prefs. Unix error code 2.
2025-09-09 12:49:30,877 [ERROR] LogOutputStream:75 - [STDERR_REDIRECT] 
2025-09-09 12:49:30,878 [ERROR] LogOutputStream:75 - [STDERR_REDIRECT] Sep 09, 2025 12:49:30 PM java.util.prefs.FileSystemPreferences syncWorld
2025-09-09 12:49:30,878 [ERROR] LogOutputStream:75 - [STDERR_REDIRECT] WARNING: Couldn't flush system prefs: java.util.prefs.BackingStoreException: Couldn't get file lock.
2025-09-09 12:49:30,879 [ERROR] LogOutputStream:75 - [STDERR_REDIRECT] 
2025-09-09 12:50:00,876 [ERROR] LogOutputStream:75 - [STDERR_REDIRECT] Sep 09, 2025 12:50:00 PM java.util.prefs.FileSystemPreferences checkLockFile0ErrorCode
2025-09-09 12:50:00,876 [ERROR] LogOutputStream:75 - [STDERR_REDIRECT] WARNING: Could not lock System prefs. Unix error code 2.
2025-09-09 12:50:00,877 [ERROR] LogOutputStream:75 - [STDERR_REDIRECT] 
2025-09-09 12:50:00,877 [ERROR] LogOutputStream:75 - [STDERR_REDIRECT] Sep 09, 2025 12:50:00 PM java.util.prefs.FileSystemPreferences syncWorld
2025-09-09 12:50:00,878 [ERROR] LogOutputStream:75 - [STDERR_REDIRECT] WARNING: Couldn't flush system prefs: java.util.prefs.BackingStoreException: Couldn't get file lock.
2025-09-09 12:50:00,878 [ERROR] LogOutputStream:75 - [STDERR_REDIRECT] 
2025-09-09 12:50:30,876 [ERROR] LogOutputStream:75 - [STDERR_REDIRECT] Sep 09, 2025 12:50:30 PM java.util.prefs.FileSystemPreferences checkLockFile0ErrorCode
2025-09-09 12:50:30,876 [ERROR] LogOutputStream:75 - [STDERR_REDIRECT] WARNING: Could not lock System prefs. Unix error code 2.
2025-09-09 12:50:30,876 [ERROR] LogOutputStream:75 - [STDERR_REDIRECT] 
2025-09-09 12:50:30,877 [ERROR] LogOutputStream:75 - [STDERR_REDIRECT] Sep 09, 2025 12:50:30 PM java.util.prefs.FileSystemPreferences syncWorld
2025-09-09 12:50:30,877 [ERROR] LogOutputStream:75 - [STDERR_REDIRECT] WARNING: Couldn't flush system prefs: java.util.prefs.BackingStoreException: Couldn't get file lock.
2025-09-09 12:50:30,877 [ERROR] LogOutputStream:75 - [STDERR_REDIRECT] 
2025-09-09 12:51:00,877 [ERROR] LogOutputStream:75 - [STDERR_REDIRECT] Sep 09, 2025 12:51:00 PM java.util.prefs.FileSystemPreferences checkLockFile0ErrorCode
2025-09-09 12:51:00,877 [ERROR] LogOutputStream:75 - [STDERR_REDIRECT] WARNING: Could not lock System prefs. Unix error code 2.
2025-09-09 12:51:00,877 [ERROR] LogOutputStream:75 - [STDERR_REDIRECT] 
2025-09-09 12:51:00,877 [ERROR] LogOutputStream:75 - [STDERR_REDIRECT] Sep 09, 2025 12:51:00 PM java.util.prefs.FileSystemPreferences syncWorld
2025-09-09 12:51:00,878 [ERROR] LogOutputStream:75 - [STDERR_REDIRECT] WARNING: Couldn't flush system prefs: java.util.prefs.BackingStoreException: Couldn't get file lock.
2025-09-09 12:51:00,878 [ERROR] LogOutputStream:75 - [STDERR_REDIRECT] 
2025-09-09 12:51:30,876 [ERROR] LogOutputStream:75 - [STDERR_REDIRECT] Sep 09, 2025 12:51:30 PM java.util.prefs.FileSystemPreferences checkLockFile0ErrorCode
2025-09-09 12:51:30,876 [ERROR] LogOutputStream:75 - [STDERR_REDIRECT] WARNING: Could not lock System prefs. Unix error code 2.
2025-09-09 12:51:30,876 [ERROR] LogOutputStream:75 - [STDERR_REDIRECT] 
2025-09-09 12:51:30,877 [ERROR] LogOutputStream:75 - [STDERR_REDIRECT] Sep 09, 2025 12:51:30 PM java.util.prefs.FileSystemPreferences syncWorld
2025-09-09 12:51:30,878 [ERROR] LogOutputStream:75 - [STDERR_REDIRECT] WARNING: Couldn't flush system prefs: java.util.prefs.BackingStoreException: Couldn't get file lock.
2025-09-09 12:51:30,878 [ERROR] LogOutputStream:75 - [STDERR_REDIRECT] 
2025-09-09 12:52:00,876 [ERROR] LogOutputStream:75 - [STDERR_REDIRECT] Sep 09, 2025 12:52:00 PM java.util.prefs.FileSystemPreferences checkLockFile0ErrorCode
2025-09-09 12:52:00,876 [ERROR] LogOutputStream:75 - [STDERR_REDIRECT] WARNING: Could not lock System prefs. Unix error code 2.
2025-09-09 12:52:00,876 [ERROR] LogOutputStream:75 - [STDERR_REDIRECT] 
2025-09-09 12:52:00,876 [ERROR] LogOutputStream:75 - [STDERR_REDIRECT] Sep 09, 2025 12:52:00 PM java.util.prefs.FileSystemPreferences syncWorld
2025-09-09 12:52:00,877 [ERROR] LogOutputStream:75 - [STDERR_REDIRECT] WARNING: Couldn't flush system prefs: java.util.prefs.BackingStoreException: Couldn't get file lock.
2025-09-09 12:52:00,877 [ERROR] LogOutputStream:75 - [STDERR_REDIRECT] 
2025-09-09 12:52:30,876 [ERROR] LogOutputStream:75 - [STDERR_REDIRECT] Sep 09, 2025 12:52:30 PM java.util.prefs.FileSystemPreferences checkLockFile0ErrorCode
2025-09-09 12:52:30,876 [ERROR] LogOutputStream:75 - [STDERR_REDIRECT] WARNING: Could not lock System prefs. Unix error code 2.
2025-09-09 12:52:30,876 [ERROR] LogOutputStream:75 - [STDERR_REDIRECT] 
2025-09-09 12:52:30,877 [ERROR] LogOutputStream:75 - [STDERR_REDIRECT] Sep 09, 2025 12:52:30 PM java.util.prefs.FileSystemPreferences syncWorld
2025-09-09 12:52:30,877 [ERROR] LogOutputStream:75 - [STDERR_REDIRECT] WARNING: Couldn't flush system prefs: java.util.prefs.BackingStoreException: Couldn't get file lock.
2025-09-09 12:52:30,877 [ERROR] LogOutputStream:75 - [STDERR_REDIRECT] 
2025-09-09 12:53:00,877 [ERROR] LogOutputStream:75 - [STDERR_REDIRECT] Sep 09, 2025 12:53:00 PM java.util.prefs.FileSystemPreferences checkLockFile0ErrorCode
2025-09-09 12:53:00,878 [ERROR] LogOutputStream:75 - [STDERR_REDIRECT] WARNING: Could not lock System prefs. Unix error code 2.
2025-09-09 12:53:00,878 [ERROR] LogOutputStream:75 - [STDERR_REDIRECT] 
2025-09-09 12:53:00,878 [ERROR] LogOutputStream:75 - [STDERR_REDIRECT] Sep 09, 2025 12:53:00 PM java.util.prefs.FileSystemPreferences syncWorld
2025-09-09 12:53:00,878 [ERROR] LogOutputStream:75 - [STDERR_REDIRECT] WARNING: Couldn't flush system prefs: java.util.prefs.BackingStoreException: Couldn't get file lock.
2025-09-09 12:53:00,878 [ERROR] LogOutputStream:75 - [STDERR_REDIRECT] 
2025-09-09 12:53:30,876 [ERROR] LogOutputStream:75 - [STDERR_REDIRECT] Sep 09, 2025 12:53:30 PM java.util.prefs.FileSystemPreferences checkLockFile0ErrorCode
2025-09-09 12:53:30,876 [ERROR] LogOutputStream:75 - [STDERR_REDIRECT] WARNING: Could not lock System prefs. Unix error code 2.
2025-09-09 12:53:30,876 [ERROR] LogOutputStream:75 - [STDERR_REDIRECT] 
2025-09-09 12:53:30,877 [ERROR] LogOutputStream:75 - [STDERR_REDIRECT] Sep 09, 2025 12:53:30 PM java.util.prefs.FileSystemPreferences syncWorld
2025-09-09 12:53:30,877 [ERROR] LogOutputStream:75 - [STDERR_REDIRECT] WARNING: Couldn't flush system prefs: java.util.prefs.BackingStoreException: Couldn't get file lock.
2025-09-09 12:53:30,877 [ERROR] LogOutputStream:75 - [STDERR_REDIRECT] 
2025-09-09 12:54:00,876 [ERROR] LogOutputStream:75 - [STDERR_REDIRECT] Sep 09, 2025 12:54:00 PM java.util.prefs.FileSystemPreferences checkLockFile0ErrorCode
2025-09-09 12:54:00,877 [ERROR] LogOutputStream:75 - [STDERR_REDIRECT] WARNING: Could not lock System prefs. Unix error code 2.
2025-09-09 12:54:00,877 [ERROR] LogOutputStream:75 - [STDERR_REDIRECT] 
2025-09-09 12:54:00,877 [ERROR] LogOutputStream:75 - [STDERR_REDIRECT] Sep 09, 2025 12:54:00 PM java.util.prefs.FileSystemPreferences syncWorld
2025-09-09 12:54:00,878 [ERROR] LogOutputStream:75 - [STDERR_REDIRECT] WARNING: Couldn't flush system prefs: java.util.prefs.BackingStoreException: Couldn't get file lock.
2025-09-09 12:54:00,878 [ERROR] LogOutputStream:75 - [STDERR_REDIRECT] 
2025-09-09 12:54:30,876 [ERROR] LogOutputStream:75 - [STDERR_REDIRECT] Sep 09, 2025 12:54:30 PM java.util.prefs.FileSystemPreferences checkLockFile0ErrorCode
2025-09-09 12:54:30,876 [ERROR] LogOutputStream:75 - [STDERR_REDIRECT] WARNING: Could not lock System prefs. Unix error code 2.
2025-09-09 12:54:30,876 [ERROR] LogOutputStream:75 - [STDERR_REDIRECT] 
2025-09-09 12:54:30,876 [ERROR] LogOutputStream:75 - [STDERR_REDIRECT] Sep 09, 2025 12:54:30 PM java.util.prefs.FileSystemPreferences syncWorld
2025-09-09 12:54:30,877 [ERROR] LogOutputStream:75 - [STDERR_REDIRECT] WARNING: Couldn't flush system prefs: java.util.prefs.BackingStoreException: Couldn't get file lock.
2025-09-09 12:54:30,877 [ERROR] LogOutputStream:75 - [STDERR_REDIRECT] 
2025-09-09 12:55:00,876 [ERROR] LogOutputStream:75 - [STDERR_REDIRECT] Sep 09, 2025 12:55:00 PM java.util.prefs.FileSystemPreferences checkLockFile0ErrorCode
2025-09-09 12:55:00,876 [ERROR] LogOutputStream:75 - [STDERR_REDIRECT] WARNING: Could not lock System prefs. Unix error code 2.
2025-09-09 12:55:00,876 [ERROR] LogOutputStream:75 - [STDERR_REDIRECT] 
2025-09-09 12:55:00,877 [ERROR] LogOutputStream:75 - [STDERR_REDIRECT] Sep 09, 2025 12:55:00 PM java.util.prefs.FileSystemPreferences syncWorld
2025-09-09 12:55:00,877 [ERROR] LogOutputStream:75 - [STDERR_REDIRECT] WARNING: Couldn't flush system prefs: java.util.prefs.BackingStoreException: Couldn't get file lock.
2025-09-09 12:55:00,877 [ERROR] LogOutputStream:75 - [STDERR_REDIRECT] 
2025-09-09 12:55:30,876 [ERROR] LogOutputStream:75 - [STDERR_REDIRECT] Sep 09, 2025 12:55:30 PM java.util.prefs.FileSystemPreferences checkLockFile0ErrorCode
2025-09-09 12:55:30,877 [ERROR] LogOutputStream:75 - [STDERR_REDIRECT] WARNING: Could not lock System prefs. Unix error code 2.
2025-09-09 12:55:30,877 [ERROR] LogOutputStream:75 - [STDERR_REDIRECT] 
2025-09-09 12:55:30,877 [ERROR] LogOutputStream:75 - [STDERR_REDIRECT] Sep 09, 2025 12:55:30 PM java.util.prefs.FileSystemPreferences syncWorld
2025-09-09 12:55:30,878 [ERROR] LogOutputStream:75 - [STDERR_REDIRECT] WARNING: Couldn't flush system prefs: java.util.prefs.BackingStoreException: Couldn't get file lock.
2025-09-09 12:55:30,878 [ERROR] LogOutputStream:75 - [STDERR_REDIRECT] 
2025-09-09 12:56:00,876 [ERROR] LogOutputStream:75 - [STDERR_REDIRECT] Sep 09, 2025 12:56:00 PM java.util.prefs.FileSystemPreferences checkLockFile0ErrorCode
2025-09-09 12:56:00,876 [ERROR] LogOutputStream:75 - [STDERR_REDIRECT] WARNING: Could not lock System prefs. Unix error code 2.
2025-09-09 12:56:00,876 [ERROR] LogOutputStream:75 - [STDERR_REDIRECT] 
2025-09-09 12:56:00,877 [ERROR] LogOutputStream:75 - [STDERR_REDIRECT] Sep 09, 2025 12:56:00 PM java.util.prefs.FileSystemPreferences syncWorld
2025-09-09 12:56:00,877 [ERROR] LogOutputStream:75 - [STDERR_REDIRECT] WARNING: Couldn't flush system prefs: java.util.prefs.BackingStoreException: Couldn't get file lock.
2025-09-09 12:56:00,877 [ERROR] LogOutputStream:75 - [STDERR_REDIRECT] 
2025-09-09 12:56:30,876 [ERROR] LogOutputStream:75 - [STDERR_REDIRECT] Sep 09, 2025 12:56:30 PM java.util.prefs.FileSystemPreferences checkLockFile0ErrorCode
2025-09-09 12:56:30,877 [ERROR] LogOutputStream:75 - [STDERR_REDIRECT] WARNING: Could not lock System prefs. Unix error code 2.
2025-09-09 12:56:30,877 [ERROR] LogOutputStream:75 - [STDERR_REDIRECT] 
2025-09-09 12:56:30,877 [ERROR] LogOutputStream:75 - [STDERR_REDIRECT] Sep 09, 2025 12:56:30 PM java.util.prefs.FileSystemPreferences syncWorld
2025-09-09 12:56:30,878 [ERROR] LogOutputStream:75 - [STDERR_REDIRECT] WARNING: Couldn't flush system prefs: java.util.prefs.BackingStoreException: Couldn't get file lock.
2025-09-09 12:56:30,878 [ERROR] LogOutputStream:75 - [STDERR_REDIRECT] 
2025-09-09 12:57:00,875 [ERROR] LogOutputStream:75 - [STDERR_REDIRECT] Sep 09, 2025 12:57:00 PM java.util.prefs.FileSystemPreferences checkLockFile0ErrorCode
2025-09-09 12:57:00,876 [ERROR] LogOutputStream:75 - [STDERR_REDIRECT] WARNING: Could not lock System prefs. Unix error code 2.
2025-09-09 12:57:00,876 [ERROR] LogOutputStream:75 - [STDERR_REDIRECT] 
2025-09-09 12:57:00,876 [ERROR] LogOutputStream:75 - [STDERR_REDIRECT] Sep 09, 2025 12:57:00 PM java.util.prefs.FileSystemPreferences syncWorld
2025-09-09 12:57:00,877 [ERROR] LogOutputStream:75 - [STDERR_REDIRECT] WARNING: Couldn't flush system prefs: java.util.prefs.BackingStoreException: Couldn't get file lock.
2025-09-09 12:57:00,877 [ERROR] LogOutputStream:75 - [STDERR_REDIRECT] 
2025-09-09 12:57:30,875 [ERROR] LogOutputStream:75 - [STDERR_REDIRECT] Sep 09, 2025 12:57:30 PM java.util.prefs.FileSystemPreferences checkLockFile0ErrorCode
2025-09-09 12:57:30,875 [ERROR] LogOutputStream:75 - [STDERR_REDIRECT] WARNING: Could not lock System prefs. Unix error code 2.
2025-09-09 12:57:30,875 [ERROR] LogOutputStream:75 - [STDERR_REDIRECT] 
2025-09-09 12:57:30,876 [ERROR] LogOutputStream:75 - [STDERR_REDIRECT] Sep 09, 2025 12:57:30 PM java.util.prefs.FileSystemPreferences syncWorld
2025-09-09 12:57:30,876 [ERROR] LogOutputStream:75 - [STDERR_REDIRECT] WARNING: Couldn't flush system prefs: java.util.prefs.BackingStoreException: Couldn't get file lock.
2025-09-09 12:57:30,876 [ERROR] LogOutputStream:75 - [STDERR_REDIRECT] 
2025-09-09 12:58:00,876 [ERROR] LogOutputStream:75 - [STDERR_REDIRECT] Sep 09, 2025 12:58:00 PM java.util.prefs.FileSystemPreferences checkLockFile0ErrorCode
2025-09-09 12:58:00,877 [ERROR] LogOutputStream:75 - [STDERR_REDIRECT] WARNING: Could not lock System prefs. Unix error code 2.
2025-09-09 12:58:00,877 [ERROR] LogOutputStream:75 - [STDERR_REDIRECT] 
2025-09-09 12:58:00,877 [ERROR] LogOutputStream:75 - [STDERR_REDIRECT] Sep 09, 2025 12:58:00 PM java.util.prefs.FileSystemPreferences syncWorld
2025-09-09 12:58:00,878 [ERROR] LogOutputStream:75 - [STDERR_REDIRECT] WARNING: Couldn't flush system prefs: java.util.prefs.BackingStoreException: Couldn't get file lock.
2025-09-09 12:58:00,878 [ERROR] LogOutputStream:75 - [STDERR_REDIRECT] 
2025-09-09 12:58:30,875 [ERROR] LogOutputStream:75 - [STDERR_REDIRECT] Sep 09, 2025 12:58:30 PM java.util.prefs.FileSystemPreferences checkLockFile0ErrorCode
2025-09-09 12:58:30,876 [ERROR] LogOutputStream:75 - [STDERR_REDIRECT] WARNING: Could not lock System prefs. Unix error code 2.
2025-09-09 12:58:30,876 [ERROR] LogOutputStream:75 - [STDERR_REDIRECT] 
2025-09-09 12:58:30,876 [ERROR] LogOutputStream:75 - [STDERR_REDIRECT] Sep 09, 2025 12:58:30 PM java.util.prefs.FileSystemPreferences syncWorld
2025-09-09 12:58:30,877 [ERROR] LogOutputStream:75 - [STDERR_REDIRECT] WARNING: Couldn't flush system prefs: java.util.prefs.BackingStoreException: Couldn't get file lock.
2025-09-09 12:58:30,877 [ERROR] LogOutputStream:75 - [STDERR_REDIRECT] 
2025-09-09 12:59:00,876 [ERROR] LogOutputStream:75 - [STDERR_REDIRECT] Sep 09, 2025 12:59:00 PM java.util.prefs.FileSystemPreferences checkLockFile0ErrorCode
2025-09-09 12:59:00,876 [ERROR] LogOutputStream:75 - [STDERR_REDIRECT] WARNING: Could not lock System prefs. Unix error code 2.
2025-09-09 12:59:00,876 [ERROR] LogOutputStream:75 - [STDERR_REDIRECT] 
2025-09-09 12:59:00,877 [ERROR] LogOutputStream:75 - [STDERR_REDIRECT] Sep 09, 2025 12:59:00 PM java.util.prefs.FileSystemPreferences syncWorld
2025-09-09 12:59:00,878 [ERROR] LogOutputStream:75 - [STDERR_REDIRECT] WARNING: Couldn't flush system prefs: java.util.prefs.BackingStoreException: Couldn't get file lock.
2025-09-09 12:59:00,878 [ERROR] LogOutputStream:75 - [STDERR_REDIRECT] 
2025-09-09 12:59:30,875 [ERROR] LogOutputStream:75 - [STDERR_REDIRECT] Sep 09, 2025 12:59:30 PM java.util.prefs.FileSystemPreferences checkLockFile0ErrorCode
2025-09-09 12:59:30,876 [ERROR] LogOutputStream:75 - [STDERR_REDIRECT] WARNING: Could not lock System prefs. Unix error code 2.
2025-09-09 12:59:30,876 [ERROR] LogOutputStream:75 - [STDERR_REDIRECT] 
2025-09-09 12:59:30,876 [ERROR] LogOutputStream:75 - [STDERR_REDIRECT] Sep 09, 2025 12:59:30 PM java.util.prefs.FileSystemPreferences syncWorld
2025-09-09 12:59:30,877 [ERROR] LogOutputStream:75 - [STDERR_REDIRECT] WARNING: Couldn't flush system prefs: java.util.prefs.BackingStoreException: Couldn't get file lock.
2025-09-09 12:59:30,877 [ERROR] LogOutputStream:75 - [STDERR_REDIRECT] 
2025-09-09 13:00:00,876 [ERROR] LogOutputStream:75 - [STDERR_REDIRECT] Sep 09, 2025 1:00:00 PM java.util.prefs.FileSystemPreferences checkLockFile0ErrorCode
2025-09-09 13:00:00,876 [ERROR] LogOutputStream:75 - [STDERR_REDIRECT] WARNING: Could not lock System prefs. Unix error code 2.
2025-09-09 13:00:00,877 [ERROR] LogOutputStream:75 - [STDERR_REDIRECT] 
2025-09-09 13:00:00,877 [ERROR] LogOutputStream:75 - [STDERR_REDIRECT] Sep 09, 2025 1:00:00 PM java.util.prefs.FileSystemPreferences syncWorld
2025-09-09 13:00:00,877 [ERROR] LogOutputStream:75 - [STDERR_REDIRECT] WARNING: Couldn't flush system prefs: java.util.prefs.BackingStoreException: Couldn't get file lock.
2025-09-09 13:00:00,877 [ERROR] LogOutputStream:75 - [STDERR_REDIRECT] 
2025-09-09 13:00:30,877 [ERROR] LogOutputStream:75 - [STDERR_REDIRECT] Sep 09, 2025 1:00:30 PM java.util.prefs.FileSystemPreferences checkLockFile0ErrorCode
2025-09-09 13:00:30,878 [ERROR] LogOutputStream:75 - [STDERR_REDIRECT] WARNING: Could not lock System prefs. Unix error code 2.
2025-09-09 13:00:30,878 [ERROR] LogOutputStream:75 - [STDERR_REDIRECT] 
2025-09-09 13:00:30,878 [ERROR] LogOutputStream:75 - [STDERR_REDIRECT] Sep 09, 2025 1:00:30 PM java.util.prefs.FileSystemPreferences syncWorld
2025-09-09 13:00:30,878 [ERROR] LogOutputStream:75 - [STDERR_REDIRECT] WARNING: Couldn't flush system prefs: java.util.prefs.BackingStoreException: Couldn't get file lock.
2025-09-09 13:00:30,878 [ERROR] LogOutputStream:75 - [STDERR_REDIRECT] 
2025-09-09 13:01:00,876 [ERROR] LogOutputStream:75 - [STDERR_REDIRECT] Sep 09, 2025 1:01:00 PM java.util.prefs.FileSystemPreferences checkLockFile0ErrorCode
2025-09-09 13:01:00,877 [ERROR] LogOutputStream:75 - [STDERR_REDIRECT] WARNING: Could not lock System prefs. Unix error code 2.
2025-09-09 13:01:00,877 [ERROR] LogOutputStream:75 - [STDERR_REDIRECT] 
2025-09-09 13:01:00,877 [ERROR] LogOutputStream:75 - [STDERR_REDIRECT] Sep 09, 2025 1:01:00 PM java.util.prefs.FileSystemPreferences syncWorld
2025-09-09 13:01:00,877 [ERROR] LogOutputStream:75 - [STDERR_REDIRECT] WARNING: Couldn't flush system prefs: java.util.prefs.BackingStoreException: Couldn't get file lock.
2025-09-09 13:01:00,878 [ERROR] LogOutputStream:75 - [STDERR_REDIRECT] 
2025-09-09 13:01:30,876 [ERROR] LogOutputStream:75 - [STDERR_REDIRECT] Sep 09, 2025 1:01:30 PM java.util.prefs.FileSystemPreferences checkLockFile0ErrorCode
2025-09-09 13:01:30,877 [ERROR] LogOutputStream:75 - [STDERR_REDIRECT] WARNING: Could not lock System prefs. Unix error code 2.
2025-09-09 13:01:30,877 [ERROR] LogOutputStream:75 - [STDERR_REDIRECT] 
2025-09-09 13:01:30,877 [ERROR] LogOutputStream:75 - [STDERR_REDIRECT] Sep 09, 2025 1:01:30 PM java.util.prefs.FileSystemPreferences syncWorld
2025-09-09 13:01:30,878 [ERROR] LogOutputStream:75 - [STDERR_REDIRECT] WARNING: Couldn't flush system prefs: java.util.prefs.BackingStoreException: Couldn't get file lock.
2025-09-09 13:01:30,878 [ERROR] LogOutputStream:75 - [STDERR_REDIRECT] 
2025-09-09 13:02:00,877 [ERROR] LogOutputStream:75 - [STDERR_REDIRECT] Sep 09, 2025 1:02:00 PM java.util.prefs.FileSystemPreferences checkLockFile0ErrorCode
2025-09-09 13:02:00,877 [ERROR] LogOutputStream:75 - [STDERR_REDIRECT] WARNING: Could not lock System prefs. Unix error code 2.
2025-09-09 13:02:00,877 [ERROR] LogOutputStream:75 - [STDERR_REDIRECT] 
2025-09-09 13:02:00,877 [ERROR] LogOutputStream:75 - [STDERR_REDIRECT] Sep 09, 2025 1:02:00 PM java.util.prefs.FileSystemPreferences syncWorld
2025-09-09 13:02:00,878 [ERROR] LogOutputStream:75 - [STDERR_REDIRECT] WARNING: Couldn't flush system prefs: java.util.prefs.BackingStoreException: Couldn't get file lock.
2025-09-09 13:02:00,878 [ERROR] LogOutputStream:75 - [STDERR_REDIRECT] 
2025-09-09 13:02:30,877 [ERROR] LogOutputStream:75 - [STDERR_REDIRECT] Sep 09, 2025 1:02:30 PM java.util.prefs.FileSystemPreferences checkLockFile0ErrorCode
2025-09-09 13:02:30,878 [ERROR] LogOutputStream:75 - [STDERR_REDIRECT] WARNING: Could not lock System prefs. Unix error code 2.
2025-09-09 13:02:30,878 [ERROR] LogOutputStream:75 - [STDERR_REDIRECT] 
2025-09-09 13:02:30,878 [ERROR] LogOutputStream:75 - [STDERR_REDIRECT] Sep 09, 2025 1:02:30 PM java.util.prefs.FileSystemPreferences syncWorld
2025-09-09 13:02:30,879 [ERROR] LogOutputStream:75 - [STDERR_REDIRECT] WARNING: Couldn't flush system prefs: java.util.prefs.BackingStoreException: Couldn't get file lock.
2025-09-09 13:02:30,879 [ERROR] LogOutputStream:75 - [STDERR_REDIRECT] 
2025-09-09 13:03:00,877 [ERROR] LogOutputStream:75 - [STDERR_REDIRECT] Sep 09, 2025 1:03:00 PM java.util.prefs.FileSystemPreferences checkLockFile0ErrorCode
2025-09-09 13:03:00,878 [ERROR] LogOutputStream:75 - [STDERR_REDIRECT] WARNING: Could not lock System prefs. Unix error code 2.
2025-09-09 13:03:00,878 [ERROR] LogOutputStream:75 - [STDERR_REDIRECT] 
2025-09-09 13:03:00,878 [ERROR] LogOutputStream:75 - [STDERR_REDIRECT] Sep 09, 2025 1:03:00 PM java.util.prefs.FileSystemPreferences syncWorld
2025-09-09 13:03:00,879 [ERROR] LogOutputStream:75 - [STDERR_REDIRECT] WARNING: Couldn't flush system prefs: java.util.prefs.BackingStoreException: Couldn't get file lock.
2025-09-09 13:03:00,879 [ERROR] LogOutputStream:75 - [STDERR_REDIRECT] 
2025-09-09 13:03:30,877 [ERROR] LogOutputStream:75 - [STDERR_REDIRECT] Sep 09, 2025 1:03:30 PM java.util.prefs.FileSystemPreferences checkLockFile0ErrorCode
2025-09-09 13:03:30,877 [ERROR] LogOutputStream:75 - [STDERR_REDIRECT] WARNING: Could not lock System prefs. Unix error code 2.
2025-09-09 13:03:30,878 [ERROR] LogOutputStream:75 - [STDERR_REDIRECT] 
2025-09-09 13:03:30,878 [ERROR] LogOutputStream:75 - [STDERR_REDIRECT] Sep 09, 2025 1:03:30 PM java.util.prefs.FileSystemPreferences syncWorld
2025-09-09 13:03:30,878 [ERROR] LogOutputStream:75 - [STDERR_REDIRECT] WARNING: Couldn't flush system prefs: java.util.prefs.BackingStoreException: Couldn't get file lock.
2025-09-09 13:03:30,878 [ERROR] LogOutputStream:75 - [STDERR_REDIRECT] 
2025-09-09 13:04:00,877 [ERROR] LogOutputStream:75 - [STDERR_REDIRECT] Sep 09, 2025 1:04:00 PM java.util.prefs.FileSystemPreferences checkLockFile0ErrorCode
2025-09-09 13:04:00,877 [ERROR] LogOutputStream:75 - [STDERR_REDIRECT] WARNING: Could not lock System prefs. Unix error code 2.
2025-09-09 13:04:00,878 [ERROR] LogOutputStream:75 - [STDERR_REDIRECT] 
2025-09-09 13:04:00,878 [ERROR] LogOutputStream:75 - [STDERR_REDIRECT] Sep 09, 2025 1:04:00 PM java.util.prefs.FileSystemPreferences syncWorld
2025-09-09 13:04:00,879 [ERROR] LogOutputStream:75 - [STDERR_REDIRECT] WARNING: Couldn't flush system prefs: java.util.prefs.BackingStoreException: Couldn't get file lock.
2025-09-09 13:04:00,879 [ERROR] LogOutputStream:75 - [STDERR_REDIRECT] 
2025-09-09 13:04:30,877 [ERROR] LogOutputStream:75 - [STDERR_REDIRECT] Sep 09, 2025 1:04:30 PM java.util.prefs.FileSystemPreferences checkLockFile0ErrorCode
2025-09-09 13:04:30,877 [ERROR] LogOutputStream:75 - [STDERR_REDIRECT] WARNING: Could not lock System prefs. Unix error code 2.
2025-09-09 13:04:30,878 [ERROR] LogOutputStream:75 - [STDERR_REDIRECT] 
2025-09-09 13:04:30,878 [ERROR] LogOutputStream:75 - [STDERR_REDIRECT] Sep 09, 2025 1:04:30 PM java.util.prefs.FileSystemPreferences syncWorld
2025-09-09 13:04:30,878 [ERROR] LogOutputStream:75 - [STDERR_REDIRECT] WARNING: Couldn't flush system prefs: java.util.prefs.BackingStoreException: Couldn't get file lock.
2025-09-09 13:04:30,878 [ERROR] LogOutputStream:75 - [STDERR_REDIRECT] 
2025-09-09 13:05:00,881 [ERROR] LogOutputStream:75 - [STDERR_REDIRECT] Sep 09, 2025 1:05:00 PM java.util.prefs.FileSystemPreferences checkLockFile0ErrorCode
2025-09-09 13:05:00,882 [ERROR] LogOutputStream:75 - [STDERR_REDIRECT] WARNING: Could not lock System prefs. Unix error code 2.
2025-09-09 13:05:00,882 [ERROR] LogOutputStream:75 - [STDERR_REDIRECT] 
2025-09-09 13:05:00,882 [ERROR] LogOutputStream:75 - [STDERR_REDIRECT] Sep 09, 2025 1:05:00 PM java.util.prefs.FileSystemPreferences syncWorld
2025-09-09 13:05:00,883 [ERROR] LogOutputStream:75 - [STDERR_REDIRECT] WARNING: Couldn't flush system prefs: java.util.prefs.BackingStoreException: Couldn't get file lock.
2025-09-09 13:05:00,883 [ERROR] LogOutputStream:75 - [STDERR_REDIRECT] 
2025-09-09 13:05:30,877 [ERROR] LogOutputStream:75 - [STDERR_REDIRECT] Sep 09, 2025 1:05:30 PM java.util.prefs.FileSystemPreferences checkLockFile0ErrorCode
2025-09-09 13:05:30,877 [ERROR] LogOutputStream:75 - [STDERR_REDIRECT] WARNING: Could not lock System prefs. Unix error code 2.
2025-09-09 13:05:30,877 [ERROR] LogOutputStream:75 - [STDERR_REDIRECT] 
2025-09-09 13:05:30,877 [ERROR] LogOutputStream:75 - [STDERR_REDIRECT] Sep 09, 2025 1:05:30 PM java.util.prefs.FileSystemPreferences syncWorld
2025-09-09 13:05:30,878 [ERROR] LogOutputStream:75 - [STDERR_REDIRECT] WARNING: Couldn't flush system prefs: java.util.prefs.BackingStoreException: Couldn't get file lock.
2025-09-09 13:05:30,878 [ERROR] LogOutputStream:75 - [STDERR_REDIRECT] 
2025-09-09 13:06:00,876 [ERROR] LogOutputStream:75 - [STDERR_REDIRECT] Sep 09, 2025 1:06:00 PM java.util.prefs.FileSystemPreferences checkLockFile0ErrorCode
2025-09-09 13:06:00,877 [ERROR] LogOutputStream:75 - [STDERR_REDIRECT] WARNING: Could not lock System prefs. Unix error code 2.
2025-09-09 13:06:00,877 [ERROR] LogOutputStream:75 - [STDERR_REDIRECT] 
2025-09-09 13:06:00,877 [ERROR] LogOutputStream:75 - [STDERR_REDIRECT] Sep 09, 2025 1:06:00 PM java.util.prefs.FileSystemPreferences syncWorld
2025-09-09 13:06:00,878 [ERROR] LogOutputStream:75 - [STDERR_REDIRECT] WARNING: Couldn't flush system prefs: java.util.prefs.BackingStoreException: Couldn't get file lock.
2025-09-09 13:06:00,878 [ERROR] LogOutputStream:75 - [STDERR_REDIRECT] 
2025-09-09 13:06:30,876 [ERROR] LogOutputStream:75 - [STDERR_REDIRECT] Sep 09, 2025 1:06:30 PM java.util.prefs.FileSystemPreferences checkLockFile0ErrorCode
2025-09-09 13:06:30,877 [ERROR] LogOutputStream:75 - [STDERR_REDIRECT] WARNING: Could not lock System prefs. Unix error code 2.
2025-09-09 13:06:30,877 [ERROR] LogOutputStream:75 - [STDERR_REDIRECT] 
2025-09-09 13:06:30,877 [ERROR] LogOutputStream:75 - [STDERR_REDIRECT] Sep 09, 2025 1:06:30 PM java.util.prefs.FileSystemPreferences syncWorld
2025-09-09 13:06:30,877 [ERROR] LogOutputStream:75 - [STDERR_REDIRECT] WARNING: Couldn't flush system prefs: java.util.prefs.BackingStoreException: Couldn't get file lock.
2025-09-09 13:06:30,877 [ERROR] LogOutputStream:75 - [STDERR_REDIRECT] 
2025-09-09 13:07:00,877 [ERROR] LogOutputStream:75 - [STDERR_REDIRECT] Sep 09, 2025 1:07:00 PM java.util.prefs.FileSystemPreferences checkLockFile0ErrorCode
2025-09-09 13:07:00,877 [ERROR] LogOutputStream:75 - [STDERR_REDIRECT] WARNING: Could not lock System prefs. Unix error code 2.
2025-09-09 13:07:00,877 [ERROR] LogOutputStream:75 - [STDERR_REDIRECT] 
2025-09-09 13:07:00,878 [ERROR] LogOutputStream:75 - [STDERR_REDIRECT] Sep 09, 2025 1:07:00 PM java.util.prefs.FileSystemPreferences syncWorld
2025-09-09 13:07:00,878 [ERROR] LogOutputStream:75 - [STDERR_REDIRECT] WARNING: Couldn't flush system prefs: java.util.prefs.BackingStoreException: Couldn't get file lock.
2025-09-09 13:07:00,878 [ERROR] LogOutputStream:75 - [STDERR_REDIRECT] 
2025-09-09 13:07:30,878 [ERROR] LogOutputStream:75 - [STDERR_REDIRECT] Sep 09, 2025 1:07:30 PM java.util.prefs.FileSystemPreferences checkLockFile0ErrorCode
2025-09-09 13:07:30,879 [ERROR] LogOutputStream:75 - [STDERR_REDIRECT] WARNING: Could not lock System prefs. Unix error code 2.
2025-09-09 13:07:30,879 [ERROR] LogOutputStream:75 - [STDERR_REDIRECT] 
2025-09-09 13:07:30,879 [ERROR] LogOutputStream:75 - [STDERR_REDIRECT] Sep 09, 2025 1:07:30 PM java.util.prefs.FileSystemPreferences syncWorld
2025-09-09 13:07:30,880 [ERROR] LogOutputStream:75 - [STDERR_REDIRECT] WARNING: Couldn't flush system prefs: java.util.prefs.BackingStoreException: Couldn't get file lock.
2025-09-09 13:07:30,880 [ERROR] LogOutputStream:75 - [STDERR_REDIRECT] 
2025-09-09 13:08:00,876 [ERROR] LogOutputStream:75 - [STDERR_REDIRECT] Sep 09, 2025 1:08:00 PM java.util.prefs.FileSystemPreferences checkLockFile0ErrorCode
2025-09-09 13:08:00,877 [ERROR] LogOutputStream:75 - [STDERR_REDIRECT] WARNING: Could not lock System prefs. Unix error code 2.
2025-09-09 13:08:00,877 [ERROR] LogOutputStream:75 - [STDERR_REDIRECT] 
2025-09-09 13:08:00,877 [ERROR] LogOutputStream:75 - [STDERR_REDIRECT] Sep 09, 2025 1:08:00 PM java.util.prefs.FileSystemPreferences syncWorld
2025-09-09 13:08:00,877 [ERROR] LogOutputStream:75 - [STDERR_REDIRECT] WARNING: Couldn't flush system prefs: java.util.prefs.BackingStoreException: Couldn't get file lock.
2025-09-09 13:08:00,877 [ERROR] LogOutputStream:75 - [STDERR_REDIRECT] 
2025-09-09 13:08:30,880 [ERROR] LogOutputStream:75 - [STDERR_REDIRECT] Sep 09, 2025 1:08:30 PM java.util.prefs.FileSystemPreferences checkLockFile0ErrorCode
2025-09-09 13:08:30,881 [ERROR] LogOutputStream:75 - [STDERR_REDIRECT] WARNING: Could not lock System prefs. Unix error code 2.
2025-09-09 13:08:30,881 [ERROR] LogOutputStream:75 - [STDERR_REDIRECT] 
2025-09-09 13:08:30,881 [ERROR] LogOutputStream:75 - [STDERR_REDIRECT] Sep 09, 2025 1:08:30 PM java.util.prefs.FileSystemPreferences syncWorld
2025-09-09 13:08:30,882 [ERROR] LogOutputStream:75 - [STDERR_REDIRECT] WARNING: Couldn't flush system prefs: java.util.prefs.BackingStoreException: Couldn't get file lock.
2025-09-09 13:08:30,882 [ERROR] LogOutputStream:75 - [STDERR_REDIRECT] 
2025-09-09 13:09:00,879 [ERROR] LogOutputStream:75 - [STDERR_REDIRECT] Sep 09, 2025 1:09:00 PM java.util.prefs.FileSystemPreferences checkLockFile0ErrorCode
2025-09-09 13:09:00,880 [ERROR] LogOutputStream:75 - [STDERR_REDIRECT] WARNING: Could not lock System prefs. Unix error code 2.
2025-09-09 13:09:00,880 [ERROR] LogOutputStream:75 - [STDERR_REDIRECT] 
2025-09-09 13:09:00,880 [ERROR] LogOutputStream:75 - [STDERR_REDIRECT] Sep 09, 2025 1:09:00 PM java.util.prefs.FileSystemPreferences syncWorld
2025-09-09 13:09:00,881 [ERROR] LogOutputStream:75 - [STDERR_REDIRECT] WARNING: Couldn't flush system prefs: java.util.prefs.BackingStoreException: Couldn't get file lock.
2025-09-09 13:09:00,881 [ERROR] LogOutputStream:75 - [STDERR_REDIRECT] 
2025-09-09 13:09:30,880 [ERROR] LogOutputStream:75 - [STDERR_REDIRECT] Sep 09, 2025 1:09:30 PM java.util.prefs.FileSystemPreferences checkLockFile0ErrorCode
2025-09-09 13:09:30,880 [ERROR] LogOutputStream:75 - [STDERR_REDIRECT] WARNING: Could not lock System prefs. Unix error code 2.
2025-09-09 13:09:30,880 [ERROR] LogOutputStream:75 - [STDERR_REDIRECT] 
2025-09-09 13:09:30,881 [ERROR] LogOutputStream:75 - [STDERR_REDIRECT] Sep 09, 2025 1:09:30 PM java.util.prefs.FileSystemPreferences syncWorld
2025-09-09 13:09:30,881 [ERROR] LogOutputStream:75 - [STDERR_REDIRECT] WARNING: Couldn't flush system prefs: java.util.prefs.BackingStoreException: Couldn't get file lock.
2025-09-09 13:09:30,882 [ERROR] LogOutputStream:75 - [STDERR_REDIRECT] 
2025-09-09 13:10:00,880 [ERROR] LogOutputStream:75 - [STDERR_REDIRECT] Sep 09, 2025 1:10:00 PM java.util.prefs.FileSystemPreferences checkLockFile0ErrorCode
2025-09-09 13:10:00,880 [ERROR] LogOutputStream:75 - [STDERR_REDIRECT] WARNING: Could not lock System prefs. Unix error code 2.
2025-09-09 13:10:00,880 [ERROR] LogOutputStream:75 - [STDERR_REDIRECT] 
2025-09-09 13:10:00,881 [ERROR] LogOutputStream:75 - [STDERR_REDIRECT] Sep 09, 2025 1:10:00 PM java.util.prefs.FileSystemPreferences syncWorld
2025-09-09 13:10:00,881 [ERROR] LogOutputStream:75 - [STDERR_REDIRECT] WARNING: Couldn't flush system prefs: java.util.prefs.BackingStoreException: Couldn't get file lock.
2025-09-09 13:10:00,881 [ERROR] LogOutputStream:75 - [STDERR_REDIRECT] 
2025-09-09 13:10:24,611 [INFO] MainUpdater:2872 - connection check result : 10
2025-09-09 13:10:24,797 [INFO] McuFinderGlobals:76 - Set McuFinderConnectedMode to true
2025-09-09 13:10:24,800 [INFO] MultiScanPanel:200 - Auto-refresh data requested => check proxy status ongoing
2025-09-09 13:10:24,801 [INFO] FinderPluginLoader:96 - Searching for filters in installed packs
2025-09-09 13:10:26,472 [INFO] LoadUrlFilesThread:185 - End of LoadServerUrlFiles without Thread
2025-09-09 13:10:26,473 [INFO] DetailPanel:341 - Set advertising image to /home/matijak/STM32Cube/Repository//en.2400x1350px.jpeg
2025-09-09 13:10:30,878 [ERROR] LogOutputStream:75 - [STDERR_REDIRECT] Sep 09, 2025 1:10:30 PM java.util.prefs.FileSystemPreferences checkLockFile0ErrorCode
2025-09-09 13:10:30,879 [ERROR] LogOutputStream:75 - [STDERR_REDIRECT] WARNING: Could not lock System prefs. Unix error code 2.
2025-09-09 13:10:30,879 [ERROR] LogOutputStream:75 - [STDERR_REDIRECT] 
2025-09-09 13:10:30,879 [ERROR] LogOutputStream:75 - [STDERR_REDIRECT] Sep 09, 2025 1:10:30 PM java.util.prefs.FileSystemPreferences syncWorld
2025-09-09 13:10:30,880 [ERROR] LogOutputStream:75 - [STDERR_REDIRECT] WARNING: Couldn't flush system prefs: java.util.prefs.BackingStoreException: Couldn't get file lock.
2025-09-09 13:10:30,880 [ERROR] LogOutputStream:75 - [STDERR_REDIRECT] 
2025-09-09 13:10:33,273 [INFO] MultiScanPanel:200 - Auto-refresh data requested => check proxy status ongoing
2025-09-09 13:10:33,317 [INFO] LoadUrlFilesThread:185 - End of LoadServerUrlFiles without Thread
2025-09-09 13:10:33,317 [INFO] DetailPanel:341 - Set advertising image to /home/matijak/STM32Cube/Repository//en.2400x1350px.jpeg
2025-09-09 13:10:47,163 [INFO] MainUpdater:2872 - connection check result : 10
2025-09-09 13:10:47,164 [INFO] MainUpdater:2872 - connection check result : 10
2025-09-09 13:10:47,548 [INFO] I2cTimingTraitement:330 - 0x10D19CE4
2025-09-09 13:10:47,560 [INFO] MicroXplorer:468 - Change Database Path : 
2025-09-09 13:10:47,561 [INFO] MicroXplorer:498 - Change Database Version : DB.6.0.150
2025-09-09 13:10:47,592 [ERROR] ProjectManagerView:395 - 
java.lang.NullPointerException: Cannot invoke "javax.swing.JTextField.getText()" because the return value of "java.util.List.get(int)" is null
	at com.st.microxplorer.plugins.projectmanager.gui.ProjectChoiceTab$9.caretUpdate(ProjectChoiceTab.java:2706) ~[filemanager.jar:?]
	at javax.swing.text.JTextComponent.fireCaretUpdate(JTextComponent.java:408) ~[?:?]
	at javax.swing.text.JTextComponent$MutableCaretEvent.fire(JTextComponent.java:4484) ~[?:?]
	at javax.swing.text.JTextComponent$MutableCaretEvent.stateChanged(JTextComponent.java:4506) ~[?:?]
	at javax.swing.text.DefaultCaret.fireStateChanged(DefaultCaret.java:857) ~[?:?]
	at javax.swing.text.DefaultCaret.changeCaretPosition(DefaultCaret.java:1343) ~[?:?]
	at javax.swing.text.DefaultCaret.handleSetDot(DefaultCaret.java:1242) ~[?:?]
	at javax.swing.text.DefaultCaret.setDot(DefaultCaret.java:1223) ~[?:?]
	at javax.swing.text.DefaultCaret$Handler.insertUpdate(DefaultCaret.java:1819) ~[?:?]
	at javax.swing.text.AbstractDocument.fireInsertUpdate(AbstractDocument.java:227) ~[?:?]
	at javax.swing.text.AbstractDocument.handleInsertString(AbstractDocument.java:781) ~[?:?]
	at javax.swing.text.AbstractDocument.insertString(AbstractDocument.java:740) ~[?:?]
	at javax.swing.text.PlainDocument.insertString(PlainDocument.java:131) ~[?:?]
	at javax.swing.text.AbstractDocument.replace(AbstractDocument.java:699) ~[?:?]
	at javax.swing.text.JTextComponent.setText(JTextComponent.java:1725) ~[?:?]
	at com.st.microxplorer.plugins.projectmanager.gui.ProjectChoiceTab.createHeapStackFields(ProjectChoiceTab.java:993) ~[filemanager.jar:?]
	at com.st.microxplorer.plugins.projectmanager.gui.ProjectChoiceTab.buildLinkSettingsPanel(ProjectChoiceTab.java:3813) ~[filemanager.jar:?]
	at com.st.microxplorer.plugins.projectmanager.gui.ProjectChoiceTab.defineWindowsFields(ProjectChoiceTab.java:1987) ~[filemanager.jar:?]
	at com.st.microxplorer.plugins.projectmanager.gui.ProjectChoiceTab.updateSettings(ProjectChoiceTab.java:558) ~[filemanager.jar:?]
	at com.st.microxplorer.plugins.projectmanager.gui.ProjectSettingsPanel.UpdateDialog(ProjectSettingsPanel.java:247) ~[filemanager.jar:?]
	at com.st.microxplorer.plugins.projectmanager.ProjectManagerView.propertyChange(ProjectManagerView.java:392) ~[filemanager.jar:?]
	at java.beans.PropertyChangeSupport.fire(PropertyChangeSupport.java:343) ~[?:?]
	at java.beans.PropertyChangeSupport.firePropertyChange(PropertyChangeSupport.java:335) ~[?:?]
	at java.beans.PropertyChangeSupport.firePropertyChange(PropertyChangeSupport.java:268) ~[?:?]
	at com.st.microxplorer.util.MXPropertyChangeSupport.firePropertyChange(MXPropertyChangeSupport.java:54) ~[STM32CubeMX.jar:?]
	at com.st.microxplorer.mxsystem.MxSystem.closeConfig(MxSystem.java:899) ~[STM32CubeMX.jar:?]
	at com.st.microxplorer.maingui.MainPanel.closeConfig(MainPanel.java:792) ~[STM32CubeMX.jar:?]
	at com.st.microxplorer.plugins.filemanager.engine.OpenFileManager.loadConfigurationFile(OpenFileManager.java:288) ~[filemanager.jar:?]
	at com.st.microxplorer.plugins.filemanager.engine.MainFileManager.userLoadConfig(MainFileManager.java:364) ~[filemanager.jar:?]
	at com.st.microxplorer.plugins.filemanager.FileManagerView.getSpecificTask(FileManagerView.java:268) ~[filemanager.jar:?]
	at com.st.stm32cube.common.mx.editor.CubeMxEditor.getMxTabbedPaneInstance(CubeMxEditor.java:1191) ~[com.st.stm32cube.common.mx_6.15.0.202507011659/:?]
	at com.st.stm32cube.common.mx.editor.CubeMxEditor$12$1.createSwingComponent(CubeMxEditor.java:1068) ~[com.st.stm32cube.common.mx_6.15.0.202507011659/:?]
	at com.st.stm32cube.common.mx.oss.core.awtswtbridge.EmbeddedSwingComposite.doComponentCreation(EmbeddedSwingComposite.java:492) ~[com.st.stm32cube.common.mx.oss_6.15.0.202507011659/:?]
	at com.st.stm32cube.common.mx.oss.core.awtswtbridge.EmbeddedSwingComposite$4.run(EmbeddedSwingComposite.java:291) ~[com.st.stm32cube.common.mx.oss_6.15.0.202507011659/:?]
	at com.st.stm32cube.common.mx.oss.core.awtswtbridge.AwtEnvironment$2.run(AwtEnvironment.java:166) ~[com.st.stm32cube.common.mx.oss_6.15.0.202507011659/:?]
	at java.awt.event.InvocationEvent.dispatch(InvocationEvent.java:318) ~[?:?]
	at java.awt.EventQueue.dispatchEventImpl(EventQueue.java:773) ~[?:?]
	at java.awt.EventQueue$4.run(EventQueue.java:720) ~[?:?]
	at java.awt.EventQueue$4.run(EventQueue.java:714) ~[?:?]
	at java.security.AccessController.doPrivileged(AccessController.java:400) ~[?:?]
	at java.security.ProtectionDomain$JavaSecurityAccessImpl.doIntersectionPrivilege(ProtectionDomain.java:87) ~[?:?]
	at java.awt.EventQueue.dispatchEvent(EventQueue.java:742) ~[?:?]
	at java.awt.EventDispatchThread.pumpOneEventForFilters(EventDispatchThread.java:203) ~[?:?]
	at java.awt.EventDispatchThread.pumpEventsForFilter(EventDispatchThread.java:124) ~[?:?]
	at java.awt.EventDispatchThread.pumpEventsForHierarchy(EventDispatchThread.java:113) ~[?:?]
	at java.awt.EventDispatchThread.pumpEvents(EventDispatchThread.java:109) ~[?:?]
	at java.awt.EventDispatchThread.pumpEvents(EventDispatchThread.java:101) ~[?:?]
	at java.awt.EventDispatchThread.run(EventDispatchThread.java:90) ~[?:?]
2025-09-09 13:10:47,600 [WARN] ThirdParty:871 - waiting for thirdparty lock release [close project]
2025-09-09 13:10:47,601 [INFO] ThirdParty:873 - entering critical section [close project]
2025-09-09 13:10:47,601 [INFO] ThirdParty:883 - exiting critical section [close project]
2025-09-09 13:10:47,605 [INFO] PinOutPanel:1589 - setPackage(No Configuration,No Configuration)
2025-09-09 13:10:47,629 [INFO] UtilMem:75 - Begin LoadConfig() Used Memory: 507350632 Bytes (684720128)
2025-09-09 13:10:47,631 [INFO] OpenFileManager:355 - Change cursor
2025-09-09 13:10:47,667 [INFO] ProjectFactory:514 - No CPN specified for board B-L475E-IOT01A1 => set CPN to STM32L475VGT6
2025-09-09 13:10:47,667 [INFO] Mcu:2029 - Initializing MCU STM32L475V(C-E-G)Tx STM32L475VGTx STM32L475VGT6
2025-09-09 13:10:49,247 [INFO] Context:786 - Trying to add GPIOservice into a context  which must be forbidden
2025-09-09 13:10:50,043 [INFO] Rule:233 - rule 117617 - U5Cobra4M][GTZC] default value MPCBB3 and MPCBB5 - Not Secured memory - MPCBB1 is applicable
2025-09-09 13:10:50,043 [INFO] Rule:233 - rule 117617 - U5Cobra4M][GTZC] default value MPCBB3 and MPCBB5 - Not Secured memory - MPCBB1 is applicable
2025-09-09 13:10:50,044 [INFO] Rule:233 - rule 117617 - U5Cobra4M][GTZC] default value MPCBB3 and MPCBB5 - Not Secured memory - MPCBB2 is applicable
2025-09-09 13:10:50,044 [INFO] Rule:233 - rule 117617 - U5Cobra4M][GTZC] default value MPCBB3 and MPCBB5 - Not Secured memory - MPCBB2 is applicable
2025-09-09 13:10:50,044 [INFO] Rule:233 - rule 117617 - U5Cobra4M][GTZC] default value MPCBB3 and MPCBB5 - Not Secured memory - MPCBB3 is applicable
2025-09-09 13:10:50,044 [INFO] Rule:233 - rule 117617 - U5Cobra4M][GTZC] default value MPCBB3 and MPCBB5 - Not Secured memory - MPCBB3 is applicable
2025-09-09 13:10:50,044 [INFO] Rule:233 - rule 117617 - U5Cobra4M][GTZC] default value MPCBB3 and MPCBB5 - Not Secured memory - MPCBB4 is applicable
2025-09-09 13:10:50,044 [INFO] Rule:233 - rule 117617 - U5Cobra4M][GTZC] default value MPCBB3 and MPCBB5 - Not Secured memory - MPCBB4 is applicable
2025-09-09 13:10:50,044 [INFO] Rule:233 - rule 117617 - U5Cobra4M][GTZC] default value MPCBB3 and MPCBB5 - Secured memory - MPCBB1 is applicable
2025-09-09 13:10:50,044 [INFO] Rule:233 - rule 117617 - U5Cobra4M][GTZC] default value MPCBB3 and MPCBB5 - Secured memory - MPCBB2 is applicable
2025-09-09 13:10:50,044 [INFO] Rule:233 - rule 117617 - U5Cobra4M][GTZC] default value MPCBB3 and MPCBB5 - Secured memory - MPCBB3 is applicable
2025-09-09 13:10:50,045 [INFO] Rule:233 - rule 117617 - U5Cobra4M][GTZC] default value MPCBB3 and MPCBB5 - Secured memory - MPCBB4 is applicable
2025-09-09 13:10:50,045 [INFO] Rule:233 - rule 117617 - U5Cobra4M][GTZC] default value MPCBB3 and MPCBB5 - Privileged memory - MPCBB1 is applicable
2025-09-09 13:10:50,045 [INFO] Rule:233 - rule 117617 - U5Cobra4M][GTZC] default value MPCBB3 and MPCBB5 - Privileged memory - MPCBB2 is applicable
2025-09-09 13:10:50,045 [INFO] Rule:233 - rule 117617 - U5Cobra4M][GTZC] default value MPCBB3 and MPCBB5 - Privileged memory - MPCBB3 is applicable
2025-09-09 13:10:50,045 [INFO] Rule:233 - rule 117617 - U5Cobra4M][GTZC] default value MPCBB3 and MPCBB5 - Privileged memory - MPCBB4 is applicable
2025-09-09 13:10:50,045 [INFO] Rule:233 - rule 117617 - U5Cobra4M][GTZC] default value MPCBB3 and MPCBB5 - Not Privileged memory - MPCBB1 is applicable
2025-09-09 13:10:50,045 [INFO] Rule:233 - rule 117617 - U5Cobra4M][GTZC] default value MPCBB3 and MPCBB5 - Not Privileged memory - MPCBB2 is applicable
2025-09-09 13:10:50,045 [INFO] Rule:233 - rule 117617 - U5Cobra4M][GTZC] default value MPCBB3 and MPCBB5 - Not Privileged memory - MPCBB3 is applicable
2025-09-09 13:10:50,045 [INFO] Rule:233 - rule 117617 - U5Cobra4M][GTZC] default value MPCBB3 and MPCBB5 - Not Privileged memory - MPCBB4 is applicable
2025-09-09 13:10:50,045 [INFO] Rule:233 - rule 117617 - U5Cobra4M][GTZC] default value MPCBB3 and MPCBB5 - Privileged memory - MPCBB1 is applicable
2025-09-09 13:10:50,045 [INFO] Rule:233 - rule 117617 - U5Cobra4M][GTZC] default value MPCBB3 and MPCBB5 - Privileged memory - MPCBB2 is applicable
2025-09-09 13:10:50,045 [INFO] Rule:233 - rule 117617 - U5Cobra4M][GTZC] default value MPCBB3 and MPCBB5 - Privileged memory - MPCBB3 is applicable
2025-09-09 13:10:50,046 [INFO] Rule:233 - rule 117617 - U5Cobra4M][GTZC] default value MPCBB3 and MPCBB5 - Privileged memory - MPCBB4 is applicable
2025-09-09 13:10:50,046 [INFO] Rule:233 - rule 117617 - U5Cobra4M][GTZC] default value MPCBB3 and MPCBB5 - Privileged memory - MPCBB1 is applicable
2025-09-09 13:10:50,046 [INFO] Rule:233 - rule 117617 - U5Cobra4M][GTZC] default value MPCBB3 and MPCBB5 - Privileged memory - MPCBB2 is applicable
2025-09-09 13:10:50,046 [INFO] Rule:233 - rule 117617 - U5Cobra4M][GTZC] default value MPCBB3 and MPCBB5 - Privileged memory - MPCBB3 is applicable
2025-09-09 13:10:50,046 [INFO] Rule:233 - rule 117617 - U5Cobra4M][GTZC] default value MPCBB3 and MPCBB5 - Privileged memory - MPCBB4 is applicable
2025-09-09 13:10:50,046 [INFO] Rule:233 - rule 117617 - U5Cobra4M][GTZC] default value MPCBB3 and MPCBB5 - Not Privileged memory - MPCBB1 is applicable
2025-09-09 13:10:50,046 [INFO] Rule:233 - rule 117617 - U5Cobra4M][GTZC] default value MPCBB3 and MPCBB5 - Not Privileged memory - MPCBB2 is applicable
2025-09-09 13:10:50,046 [INFO] Rule:233 - rule 117617 - U5Cobra4M][GTZC] default value MPCBB3 and MPCBB5 - Not Privileged memory - MPCBB3 is applicable
2025-09-09 13:10:50,046 [INFO] Rule:233 - rule 117617 - U5Cobra4M][GTZC] default value MPCBB3 and MPCBB5 - Not Privileged memory - MPCBB4 is applicable
2025-09-09 13:10:50,046 [INFO] Rule:233 - rule 117617 - U5Cobra4M][GTZC] default value MPCBB3 and MPCBB5 - Privileged memory - MPCBB1 is applicable
2025-09-09 13:10:50,046 [INFO] Rule:233 - rule 117617 - U5Cobra4M][GTZC] default value MPCBB3 and MPCBB5 - Privileged memory - MPCBB2 is applicable
2025-09-09 13:10:50,046 [INFO] Rule:233 - rule 117617 - U5Cobra4M][GTZC] default value MPCBB3 and MPCBB5 - Privileged memory - MPCBB3 is applicable
2025-09-09 13:10:50,046 [INFO] Rule:233 - rule 117617 - U5Cobra4M][GTZC] default value MPCBB3 and MPCBB5 - Privileged memory - MPCBB4 is applicable
2025-09-09 13:10:50,046 [INFO] Rule:233 - rule Rename SubGHz_Phy SUBGHZ_APPLICATION SUBGHZ_PINGPONG to SUBGHZ_ADV_APPLICATION is applicable
2025-09-09 13:10:50,046 [INFO] Rule:233 - rule Rename Enabled to IBEACON is applicable
2025-09-09 13:10:50,047 [INFO] Rule:233 - rule GTZC_S instance for project manager is applicable
2025-09-09 13:10:50,047 [INFO] Rule:233 - rule GTZC_S instance for context M33S is applicable
2025-09-09 13:10:50,047 [INFO] Rule:233 - rule GTZC_S instance value for IP GTZC is applicable
2025-09-09 13:10:50,047 [INFO] Rule:233 - rule GTZC_S instance for mcu.IP is applicable
2025-09-09 13:10:50,047 [INFO] Rule:233 - rule GTZC_S instance for VP is applicable
2025-09-09 13:10:50,047 [INFO] Rule:233 - rule GTZC_S instance for signal is applicable
2025-09-09 13:10:50,047 [INFO] Rule:233 - rule GTZC_S instance for mcu.Pin is applicable
2025-09-09 13:10:50,047 [INFO] Rule:233 - rule GTZC_S instance for VP is applicable
2025-09-09 13:10:50,047 [INFO] Rule:233 - rule GTZC_S instance for signal is applicable
2025-09-09 13:10:50,047 [INFO] Rule:233 - rule GTZC_S instance for mcu is applicable
2025-09-09 13:10:50,047 [INFO] Rule:233 - rule GTZC_S instance for mcu.Pin is applicable
2025-09-09 13:10:50,047 [INFO] Rule:233 - rule GTZC_S instance value for IP GTZC is applicable
2025-09-09 13:10:50,047 [INFO] Rule:233 - rule GTZC_S instance for project manager is applicable
2025-09-09 13:10:50,047 [INFO] Rule:233 - rule GTZC_S instance for context M33S is applicable
2025-09-09 13:10:50,048 [INFO] Rule:233 - rule GTZC_S instance for VP is applicable
2025-09-09 13:10:50,048 [INFO] Rule:233 - rule GTZC_S instance for signal is applicable
2025-09-09 13:10:50,048 [INFO] Rule:233 - rule Rename Tracer Mode is applicable
2025-09-09 13:10:50,048 [INFO] Rule:233 - rule ADC Scan  fix with FW F7 is applicable
2025-09-09 13:10:50,048 [INFO] Rule:233 - rule ADC Scan  fix with FW F7 is applicable
2025-09-09 13:10:50,048 [INFO] Rule:233 - rule WakeUp0 Mode is applicable
2025-09-09 13:10:50,048 [INFO] Rule:233 - rule WakeUp0 SIGNAL is applicable
2025-09-09 13:10:50,048 [INFO] Rule:233 - rule WakeUp1 Mode is applicable
2025-09-09 13:10:50,048 [INFO] Rule:233 - rule WakeUp1 SIGNAL is applicable
2025-09-09 13:10:50,048 [INFO] Rule:233 - rule WakeUp2 Mode is applicable
2025-09-09 13:10:50,049 [INFO] Rule:233 - rule WakeUp2 SIGNAL is applicable
2025-09-09 13:10:50,049 [INFO] Rule:233 - rule WakeUp4 Mode is applicable
2025-09-09 13:10:50,049 [INFO] Rule:233 - rule WakeUp4 SIGNAL is applicable
2025-09-09 13:10:50,049 [INFO] Rule:233 - rule WakeUp5 Mode is applicable
2025-09-09 13:10:50,049 [INFO] Rule:233 - rule WakeUp5 SIGNAL is applicable
2025-09-09 13:10:50,049 [INFO] Rule:233 - rule Change Default Value for LSE Drive Capability for WB family is applicable
2025-09-09 13:10:50,049 [INFO] Rule:233 - rule Change Default Value for ADC Clock Prescaler G0 family is applicable
2025-09-09 13:10:50,050 [INFO] Rule:233 - rule UART/USART IPParameter rename Prescaler parameter to ClockPrescaler is applicable
2025-09-09 13:10:50,050 [INFO] Rule:233 - rule UART/USART Prescaler rename Prescaler parameter to ClockPrescaler is applicable
2025-09-09 13:10:50,050 [INFO] Rule:233 - rule TIM1CLockSelection is applicable
2025-09-09 13:10:50,050 [INFO] Rule:233 - rule TIM15CLockSelection is applicable
2025-09-09 13:10:50,050 [INFO] Rule:233 - rule align RCC SDMMC3CLockSelection default value on MP1 is applicable
2025-09-09 13:10:50,050 [INFO] Rule:233 - rule align RCC SDMMC12CLockSelection default value on MP1 is applicable
2025-09-09 13:10:50,050 [INFO] Rule:233 - rule align RCC QSPICLockSelection default value on MP1 is applicable
2025-09-09 13:10:50,050 [INFO] Rule:233 - rule align RCC QSPICLockSelection default value on MP1 is applicable
2025-09-09 13:10:50,051 [INFO] Rule:233 - rule align RCC SPI6CLockSelection default value on MP1 is applicable
2025-09-09 13:10:50,051 [INFO] Rule:233 - rule align RCC LPTIM23CLockSelection default value on MP1 is applicable
2025-09-09 13:10:50,051 [INFO] Rule:233 - rule align RCC LPTIM1CLockSelection default value on MP1 is applicable
2025-09-09 13:10:50,052 [INFO] Rule:233 - rule align RCC USART1CLockSelection default value on MP1 is applicable
2025-09-09 13:10:50,052 [INFO] Rule:233 - rule align RCC USART24CLockSelection default value on MP1 is applicable
2025-09-09 13:10:50,053 [INFO] Rule:233 - rule align RCC USART6CLockSelection default value on MP1 is applicable
2025-09-09 13:10:50,053 [INFO] Rule:233 - rule align RCC UART78CLockSelection default value on MP1 is applicable
2025-09-09 13:10:50,053 [INFO] Rule:233 - rule align RCC USART35CLockSelection default value on MP1 is applicable
2025-09-09 13:10:50,053 [INFO] Rule:233 - rule align RCC SPI45CLockSelection default value on MP1 is applicable
2025-09-09 13:10:50,054 [INFO] Rule:233 - rule align RCC I2C46CLockSelection BCLK value on MP1 is applicable
2025-09-09 13:10:50,054 [INFO] Rule:233 - rule align RCC SPI45CLockSelection default value on MP1 is applicable
2025-09-09 13:10:50,054 [INFO] Rule:233 - rule align RCC I2C12CLockSelection default value on MP1 is applicable
2025-09-09 13:10:50,054 [INFO] Rule:233 - rule align RCC I2C35CLockSelection default value on MP1 is applicable
2025-09-09 13:10:50,054 [INFO] Rule:233 - rule align RCC LPTIM45CLockSelection default value on MP1 is applicable
2025-09-09 13:10:50,054 [INFO] Rule:233 - rule Rename DCMI PIXCK signal is applicable
2025-09-09 13:10:50,054 [INFO] Rule:233 - rule Change Default Value for I2C46CLockSelection MP1 family is applicable
2025-09-09 13:10:50,054 [INFO] Rule:233 - rule Change Default Value for UART for G4, G0 and WB families is applicable
2025-09-09 13:10:50,054 [INFO] Rule:233 - rule Change Default Value for USART for G4, G0 and WB families is applicable
2025-09-09 13:10:50,054 [INFO] Rule:233 - rule Change Default Value for USART for G4 family is applicable
2025-09-09 13:10:50,054 [INFO] Rule:233 - rule Change USART1CLockSelection refparam name for MP1 is applicable
2025-09-09 13:10:50,054 [INFO] Rule:233 - rule Change USART2CLockSelection refparam name for MP1 is applicable
2025-09-09 13:10:50,054 [INFO] Rule:233 - rule Change USART3CLockSelection refparam name for MP1 is applicable
2025-09-09 13:10:50,055 [INFO] Rule:233 - rule Change UART4CLockSelection refparam name for MP1 is applicable
2025-09-09 13:10:50,055 [INFO] Rule:233 - rule Change UART5CLockSelection refparam name for MP1 is applicable
2025-09-09 13:10:50,055 [INFO] Rule:233 - rule Change LPUART1CLockSelection refparam name for MP1 is applicable
2025-09-09 13:10:50,055 [INFO] Rule:233 - rule Change LPTIM1CLockSelection refparam name for MP1 is applicable
2025-09-09 13:10:50,055 [INFO] Rule:233 - rule Change LPTIM2CLockSelection refparam name for MP1 is applicable
2025-09-09 13:10:50,056 [INFO] Rule:233 - rule Change RCC_MCO1Source refparam name for MP1 is applicable
2025-09-09 13:10:50,056 [INFO] Rule:233 - rule Change LSCOSource1 refparam name for MP1 is applicable
2025-09-09 13:10:50,056 [INFO] Rule:233 - rule Change SMPSCLockSelection refparam name for MP1 is applicable
2025-09-09 13:10:50,056 [INFO] Rule:233 - rule Change LPTIM3CLockSelection refparam name for MP1 is applicable
2025-09-09 13:10:50,056 [INFO] Rule:233 - rule Change MPCBB* Default Template Mode to Parameters is applicable
2025-09-09 13:10:50,056 [INFO] Rule:233 - rule Change MPCWM* or MPCBB* Secure Mode to Parameters is applicable
2025-09-09 13:10:50,056 [INFO] Rule:233 - rule Change MPCWM* or MPCBB* No Secure Mode to Parameters is applicable
2025-09-09 13:10:50,056 [INFO] Rule:233 - rule Change TZSC IP Secure Mode to Parameters is applicable
2025-09-09 13:10:50,056 [INFO] Rule:233 - rule Change TZSC IP No Secure Mode to Parameters is applicable
2025-09-09 13:10:50,056 [INFO] Rule:233 - rule Change TZSC IP Privilege Mode to Parameters is applicable
2025-09-09 13:10:50,056 [INFO] Rule:233 - rule Change TZSC IP No Privilege Mode to Parameters is applicable
2025-09-09 13:10:50,056 [INFO] Rule:233 - rule Change TZIC IT Secure Mode to Parameters is applicable
2025-09-09 13:10:50,056 [INFO] Rule:233 - rule Change TZIC IT No Secure Mode to Parameters is applicable
2025-09-09 13:10:50,057 [INFO] Rule:233 - rule Add MPCBB1_NonSecureArea_Start_Address value with referenced to MPCBB1_NonSecureArea_Start value is applicable
2025-09-09 13:10:50,057 [INFO] Rule:233 - rule Add MPCBB2_NonSecureArea_Start_Address value with referenced to MPCBB2_NonSecureArea_Start value is applicable
2025-09-09 13:10:50,057 [INFO] Rule:233 - rule Add MPCWM1_NonSecureArea*_Start_Address value with referenced to MPCWM1_NonSecureArea*_Start value is applicable
2025-09-09 13:10:50,057 [INFO] Rule:233 - rule Add MPCWM2_NonSecureArea*_Start_Address value with referenced to MPCWM2_NonSecureArea*_Start value is applicable
2025-09-09 13:10:50,057 [INFO] Rule:233 - rule Add MPCWM3_NonSecureArea_Start_Address value with referenced to MPCWM3_NonSecureArea_Start value is applicable
2025-09-09 13:10:50,057 [INFO] Rule:233 - rule Change Default Value for PLL1UserDefinedConfig is applicable
2025-09-09 13:10:50,057 [INFO] Rule:233 - rule Change GPIO_PuPd Default Value for USART in async mode is applicable
2025-09-09 13:10:50,057 [INFO] Rule:233 - rule Change SMPSDivider Default Value is applicable
2025-09-09 13:10:50,057 [INFO] Rule:233 - rule OPAMP is applicable
2025-09-09 13:10:50,057 [INFO] Rule:233 - rule LPUART IPParameter rename Prescaler parameter to ClockPrescaler for STM32H7 is applicable
2025-09-09 13:10:50,057 [INFO] Rule:233 - rule LPUART IPParameter rename Prescaler parameter to ClockPrescaler for STM32H7 is applicable
2025-09-09 13:10:50,057 [INFO] Rule:233 - rule LPUART IPParameter rename Prescaler parameter to ClockPrescaler for STM32WB is applicable
2025-09-09 13:10:50,057 [INFO] Rule:233 - rule LPUART IPParameter rename Prescaler parameter to ClockPrescaler for STM32WB is applicable
2025-09-09 13:10:50,057 [INFO] Rule:233 - rule LPUART IPParameter rename Prescaler parameter to ClockPrescaler for STM32G4 is applicable
2025-09-09 13:10:50,057 [INFO] Rule:233 - rule LPUART IPParameter rename Prescaler parameter to ClockPrescaler for STM32G4 is applicable
2025-09-09 13:10:50,058 [INFO] Rule:233 - rule LPUART IPParameter rename Prescaler parameter to ClockPrescaler for STM32L5 is applicable
2025-09-09 13:10:50,058 [INFO] Rule:233 - rule LPUART IPParameter rename Prescaler parameter to ClockPrescaler for STM32L5 is applicable
2025-09-09 13:10:50,058 [INFO] Rule:233 - rule LPUART IPParameter rename Prescaler parameter to ClockPrescaler for STM32G4 is applicable
2025-09-09 13:10:50,058 [INFO] Rule:233 - rule LPUART IPParameter rename Prescaler parameter to ClockPrescaler for STM32G4 is applicable
2025-09-09 13:10:50,058 [INFO] Rule:233 - rule USB device lib V2.5.3 for L0 rename USBD_SUPPORT_USER_STRING parameter to USBD_SUPPORT_USER_STRING_DESC4 is applicable
2025-09-09 13:10:50,058 [INFO] Rule:233 - rule I2SCLockSelection clock entry align is applicable
2025-09-09 13:10:50,058 [INFO] Rule:233 - rule Assign TIMx context if used as SYS timebase is applicable
2025-09-09 13:10:50,058 [INFO] Rule:233 - rule Change GPIO_Pu Default Value for I2C is applicable
2025-09-09 13:10:50,058 [INFO] Rule:233 - rule Change GPIO_Pu Default Value for SMBus is applicable
2025-09-09 13:10:50,058 [INFO] Rule:233 - rule change FDCAN default value is applicable
2025-09-09 13:10:50,058 [INFO] Rule:233 - rule Change mode sai is applicable
2025-09-09 13:10:50,058 [INFO] Rule:233 - rule **Change sai mode is applicable
2025-09-09 13:10:50,058 [INFO] Rule:233 - rule Rename STM32WPAN CFG_BLE_IRK to CFG_BLE_IR is applicable
2025-09-09 13:10:50,058 [INFO] Rule:233 - rule Rename STM32WPAN CFG_BLE_ERK to CFG_BLE_ER is applicable
2025-09-09 13:10:50,058 [INFO] Rule:233 - rule Rename STM32WPAN CFG_BLE_IRK_HEX to CFG_BLE_IR_HEX is applicable
2025-09-09 13:10:50,058 [INFO] Rule:233 - rule Rename STM32WPAN CFG_BLE_ERK_HEX to CFG_BLE_ER_HEX is applicable
2025-09-09 13:10:50,059 [INFO] Rule:233 - rule Adapt Old IOC before rework replace old CORTEX_M33/CORTEX_M55 attributes by the new one. is applicable
2025-09-09 13:10:50,059 [INFO] Rule:233 - rule Rename parametre of RCC RCC_APBDBG_DIV2 to RCC_TIMPRES_DIV2 is applicable
2025-09-09 13:10:50,059 [INFO] Rule:233 - rule Rename DIE493 pin PA10 [PA12] -> PA10 is applicable
2025-09-09 13:10:50,059 [INFO] Rule:233 - rule Rename DIE493 pin PA9 [PA11] -> PA9 is applicable
2025-09-09 13:10:50,059 [INFO] Rule:233 - rule Rename DIE492 PartNumber CPN STM32WBA5MJGHx -> STM32WBA5MMGHx is applicable
2025-09-09 13:10:50,059 [INFO] Rule:233 - rule Rename DIE492 PartNumber  Name STM32WBA5MJGHx -> STM32WBA5MMGHx is applicable
2025-09-09 13:10:50,059 [INFO] Rule:233 - rule Rename DIE492 PartNumber UserName STM32WBA5MJGHx -> STM32WBA5MMGHx is applicable
2025-09-09 13:10:50,059 [INFO] Rule:233 - rule Rename DIE492 PartNumber DeviceId STM32WBA5MJGHx -> STM32WBA5MMGHx is applicable
2025-09-09 13:10:50,059 [INFO] Rule:233 - rule Adapt Old IOC CSI. is applicable
2025-09-09 13:10:50,059 [INFO] Rule:233 - rule Adapt Old IOC DCMIPP. is applicable
2025-09-09 13:10:50,059 [INFO] Rule:233 - rule Adapt Old IOC DCMIPP Mode Parallel. is applicable
2025-09-09 13:10:50,059 [INFO] Rule:233 - rule Adapt Old IOC LTDC. is applicable
2025-09-09 13:10:50,059 [INFO] Rule:233 - rule Rename STM32MP2 RIF Peripheral LTDC RIF.RISUP.LTDC_L0L1.Privilege -> RIF.RISUP.LTDC_L1L2.Privilege is applicable
2025-09-09 13:10:50,059 [INFO] Rule:233 - rule Rename STM32MP2 RIF Peripheral LTDC RIF.RISUP.LTDC_L0L1.Privilege -> RIF.RISUP.LTDC_L1L2.Privilege is applicable
2025-09-09 13:10:50,059 [INFO] Rule:233 - rule Rename STM32MP2 RIF Peripheral LTDC RIF.RISUP.LTDC_L0L1.Lock -> RIF.RISUP.LTDC_L1L2.Lock is applicable
2025-09-09 13:10:50,060 [INFO] Rule:233 - rule Rename STM32MP2 RIF Peripheral LTDC RIF.RISUP.LTDC_L2.Lock -> RIF.RISUP.LTDC_L3.Lock is applicable
2025-09-09 13:10:50,060 [INFO] Rule:233 - rule Adapt the old IOC example for updating the SYS when it is misconfigured. is applicable
2025-09-09 13:10:50,060 [INFO] Rule:233 - rule Rename STM32C09 Mcu.Package LQFP64 -> LQFP48 is applicable
2025-09-09 13:10:50,060 [INFO] Rule:233 - rule Adapt the old IOC example for updating the SYS when it is misconfigured. is applicable
2025-09-09 13:10:50,060 [INFO] Rule:233 - rule Adapt the old IOC example for updating the SYS when it is misconfigured. is applicable
2025-09-09 13:10:50,076 [INFO] DbConfProperties:307 - Apply Compatibility (8/168 Rules)
2025-09-09 13:10:50,116 [INFO] ImportTextPane:234 - (OptionalMessage_ERROR) Pin81 (VP_RIF_VS_RIF1) cannot be retrieved for this MCU
2025-09-09 13:10:50,198 [INFO] RtosManager:558 - Registered RTOS mode: class=CMSIS, group=RTOS, mode=CMSIS_V1, owner=FREERTOS
2025-09-09 13:10:50,199 [INFO] RtosManager:558 - Registered RTOS mode: class=CMSIS, group=RTOS2, mode=CMSIS_V2, owner=FREERTOS
2025-09-09 13:10:50,199 [INFO] RtosManager:558 - Registered RTOS mode: class=RTOS, group=Core, mode=CMSIS_V1, owner=FREERTOS
2025-09-09 13:10:50,199 [INFO] RtosManager:558 - Registered RTOS mode: class=RTOS, group=Core, mode=CMSIS_V2, owner=FREERTOS
2025-09-09 13:10:50,199 [WARN] ModelIntegratedComponent:184 - Missing modes for component STMicroelectronics:FreeRTOS:0.0.1:STMicroelectronics:RTOS:FreeRTOS:Core:::10.2.0:
2025-09-09 13:10:50,246 [WARN] ModelIntegratedComponent:63 - No mode defined for component null
2025-09-09 13:10:50,246 [WARN] ModelIntegratedComponent:63 - No mode defined for component null
2025-09-09 13:10:50,246 [WARN] ModelIntegratedComponent:63 - No mode defined for component null
2025-09-09 13:10:50,246 [WARN] ModelIntegratedComponent:63 - No mode defined for component null
2025-09-09 13:10:50,246 [WARN] ModelIntegratedComponent:63 - No mode defined for component null
2025-09-09 13:10:50,246 [WARN] ModelIntegratedComponent:63 - No mode defined for component null
2025-09-09 13:10:50,246 [WARN] ModelIntegratedComponent:63 - No mode defined for component null
2025-09-09 13:10:50,246 [WARN] ModelIntegratedComponent:63 - No mode defined for component null
2025-09-09 13:10:50,246 [WARN] ModelIntegratedComponent:63 - No mode defined for component null
2025-09-09 13:10:50,246 [WARN] ModelIntegratedComponent:63 - No mode defined for component null
2025-09-09 13:10:50,246 [WARN] ModelIntegratedComponent:63 - No mode defined for component null
2025-09-09 13:10:50,246 [WARN] ModelIntegratedComponent:63 - No mode defined for component null
2025-09-09 13:10:50,246 [WARN] ModelIntegratedComponent:63 - No mode defined for component null
2025-09-09 13:10:50,246 [WARN] ModelIntegratedComponent:63 - No mode defined for component null
2025-09-09 13:10:50,246 [WARN] ModelIntegratedComponent:63 - No mode defined for component null
2025-09-09 13:10:50,247 [WARN] ModelIntegratedComponent:63 - No mode defined for component null
2025-09-09 13:10:50,247 [WARN] ModelIntegratedComponent:63 - No mode defined for component null
2025-09-09 13:10:50,247 [WARN] ModelIntegratedComponent:63 - No mode defined for component null
2025-09-09 13:10:50,247 [WARN] ModelIntegratedComponent:63 - No mode defined for component null
2025-09-09 13:10:50,247 [WARN] ModelIntegratedComponent:63 - No mode defined for component null
2025-09-09 13:10:50,247 [WARN] ModelIntegratedComponent:63 - No mode defined for component null
2025-09-09 13:10:50,247 [WARN] ModelIntegratedComponent:63 - No mode defined for component null
2025-09-09 13:10:50,247 [WARN] ModelIntegratedComponent:63 - No mode defined for component null
2025-09-09 13:10:50,247 [WARN] ModelIntegratedComponent:63 - No mode defined for component null
2025-09-09 13:10:50,247 [WARN] ModelIntegratedComponent:63 - No mode defined for component null
2025-09-09 13:10:50,247 [WARN] ModelIntegratedComponent:63 - No mode defined for component null
2025-09-09 13:10:50,247 [WARN] ModelIntegratedComponent:63 - No mode defined for component null
2025-09-09 13:10:50,247 [WARN] ModelIntegratedComponent:63 - No mode defined for component null
2025-09-09 13:10:50,247 [WARN] ModelIntegratedComponent:63 - No mode defined for component null
2025-09-09 13:10:50,247 [WARN] ModelIntegratedComponent:63 - No mode defined for component null
2025-09-09 13:10:50,247 [WARN] ModelIntegratedComponent:63 - No mode defined for component null
2025-09-09 13:10:50,247 [WARN] ModelIntegratedComponent:63 - No mode defined for component null
2025-09-09 13:10:50,248 [WARN] ModelIntegratedComponent:63 - No mode defined for component null
2025-09-09 13:10:50,248 [WARN] ModelIntegratedComponent:63 - No mode defined for component null
2025-09-09 13:10:50,248 [WARN] ModelIntegratedComponent:63 - No mode defined for component null
2025-09-09 13:10:50,248 [WARN] ModelPack:524 - Component already loaded: STMicroelectronics:HAL Drivers:0.0.0:STMicroelectronics:Device:STMicro_Driver:XSPI:HAL::0.0.1:HAL_XSPI
2025-09-09 13:10:50,386 [INFO] ThirdPartyModel:298 - Start build external matchings
2025-09-09 13:10:50,871 [INFO] ThirdPartyModel:316 - End build external matchings
2025-09-09 13:10:50,903 [INFO] ImportTextPane:234 - (OptionalMessage_ERROR) IP (RCC) : Invalid parameter (FamilyName)
2025-09-09 13:10:51,154 [INFO] UtilMem:75 - End LoadConfig() Used Memory: 519748928 Bytes (796917760)
2025-09-09 13:10:51,184 [WARN] ThirdParty:833 - waiting for thirdparty lock release [change project]
2025-09-09 13:10:51,184 [INFO] ThirdParty:835 - entering critical section [change project]
2025-09-09 13:10:51,184 [INFO] ThirdParty:1030 - CMSIS Pack Vendor :STMicroelectronics X-CUBE-PM33A1 1.0.0
2025-09-09 13:10:51,184 [INFO] ThirdParty:1030 - CMSIS Pack Vendor :STMicroelectronics USBPD 4.1
2025-09-09 13:10:51,184 [INFO] ThirdParty:1030 - CMSIS Pack Vendor :STMicroelectronics X-CUBE-NFC9 1.0.0
2025-09-09 13:10:51,184 [INFO] ThirdParty:1030 - CMSIS Pack Vendor :STMicroelectronics USB_HOST 2.0.0
2025-09-09 13:10:51,184 [INFO] ThirdParty:1030 - CMSIS Pack Vendor :STMicroelectronics FP-SNS-MOTENVWB1 1.4.0
2025-09-09 13:10:51,184 [INFO] ThirdParty:1030 - CMSIS Pack Vendor :STMicroelectronics X-CUBE-AZRTOS-F4 1.1.0
2025-09-09 13:10:51,184 [INFO] ThirdParty:1030 - CMSIS Pack Vendor :STMicroelectronics LIBJPEG 8.0.0
2025-09-09 13:10:51,184 [INFO] ThirdParty:1030 - CMSIS Pack Vendor :STMicroelectronics FP-ATR-ASTRA1 2.0.2
2025-09-09 13:10:51,184 [INFO] ThirdParty:1030 - CMSIS Pack Vendor :wolfSSL I-CUBE-wolfSSL 5.8.2
2025-09-09 13:10:51,184 [INFO] ThirdParty:1030 - CMSIS Pack Vendor :STMicroelectronics X-CUBE-BLE1 7.1.0
2025-09-09 13:10:51,184 [INFO] ThirdParty:1030 - CMSIS Pack Vendor :Avnet-IotConnect X-CUBE-IoTC-DA16k-PMOD 1.0.0
2025-09-09 13:10:51,184 [INFO] ThirdParty:1030 - CMSIS Pack Vendor :STMicroelectronics X-CUBE-SMBUS 2.1.0
2025-09-09 13:10:51,185 [INFO] ThirdParty:1030 - CMSIS Pack Vendor :wolfSSL I-CUBE-wolfMQTT 1.19.2
2025-09-09 13:10:51,185 [INFO] ThirdParty:1030 - CMSIS Pack Vendor :STMicroelectronics USB_DEVICE 3.0.0
2025-09-09 13:10:51,185 [INFO] ThirdParty:1030 - CMSIS Pack Vendor :STMicroelectronics X-CUBE-ISPU 2.1.0
2025-09-09 13:10:51,185 [INFO] ThirdParty:1030 - CMSIS Pack Vendor :STMicroelectronics X-CUBE-EEPRMA1 5.2.0
2025-09-09 13:10:51,185 [INFO] ThirdParty:1030 - CMSIS Pack Vendor :STMicroelectronics X-CUBE-BLEMGR 4.1.0
2025-09-09 13:10:51,185 [INFO] ThirdParty:1030 - CMSIS Pack Vendor :STMicroelectronics X-CUBE-AZRTOS-WB 2.0.0
2025-09-09 13:10:51,185 [INFO] ThirdParty:1030 - CMSIS Pack Vendor :STMicroelectronics X-CUBE-ST60 1.0.0
2025-09-09 13:10:51,185 [INFO] ThirdParty:1030 - CMSIS Pack Vendor :STMicroelectronics X-CUBE-GNSS1 7.0.1
2025-09-09 13:10:51,185 [INFO] ThirdParty:1030 - CMSIS Pack Vendor :STMicroelectronics X-CUBE-NFC12 1.0.0
2025-09-09 13:10:51,185 [INFO] ThirdParty:1030 - CMSIS Pack Vendor :STMicroelectronics X-CUBE-AZRTOS-F7 1.1.0
2025-09-09 13:10:51,185 [INFO] ThirdParty:1030 - CMSIS Pack Vendor :STMicroelectronics X-CUBE-AZRTOS-L5 2.0.0
2025-09-09 13:10:51,185 [INFO] ThirdParty:1030 - CMSIS Pack Vendor :STMicroelectronics X-CUBE-TOUCHGFX 4.25.0
2025-09-09 13:10:51,185 [INFO] ThirdParty:1030 - CMSIS Pack Vendor :STMicroelectronics USB_DEVICE 2.0.0
2025-09-09 13:10:51,185 [INFO] ThirdParty:1030 - CMSIS Pack Vendor :STMicroelectronics X-CUBE-NFC6 3.1.0
2025-09-09 13:10:51,185 [INFO] ThirdParty:1030 - CMSIS Pack Vendor :quantropi X-CUBE-qispace-sdk-base 2.1.0
2025-09-09 13:10:51,185 [INFO] ThirdParty:1030 - CMSIS Pack Vendor :STMicroelectronics FreeRTOS 0.0.1
2025-09-09 13:10:51,185 [INFO] ThirdParty:1030 - CMSIS Pack Vendor :STMicroelectronics X-CUBE-AZRTOS-G0 1.1.0
2025-09-09 13:10:51,185 [INFO] ThirdParty:1030 - CMSIS Pack Vendor :STMicroelectronics X-CUBE-SAFEA1 1.2.2
2025-09-09 13:10:51,185 [INFO] ThirdParty:1030 - CMSIS Pack Vendor :STMicroelectronics X-CUBE-NFC4 3.0.0
2025-09-09 13:10:51,185 [INFO] ThirdParty:1030 - CMSIS Pack Vendor :STMicroelectronics X-CUBE-SUBG2 5.0.0
2025-09-09 13:10:51,185 [INFO] ThirdParty:1030 - CMSIS Pack Vendor :STMicroelectronics X-CUBE-AZRTOS-H7RS 1.1.0
2025-09-09 13:10:51,185 [INFO] ThirdParty:1030 - CMSIS Pack Vendor :STMicroelectronics STM32_WPAN 1.0.0
2025-09-09 13:10:51,185 [INFO] ThirdParty:1030 - CMSIS Pack Vendor :EmbeddedOffice I-CUBE-FS-RTOS 1.0.1
2025-09-09 13:10:51,185 [INFO] ThirdParty:1030 - CMSIS Pack Vendor :STMicroelectronics lwIP 2.0.3
2025-09-09 13:10:51,185 [INFO] ThirdParty:1030 - CMSIS Pack Vendor :WES I-CUBE-Cesium 1.4.0
2025-09-09 13:10:51,185 [INFO] ThirdParty:1030 - CMSIS Pack Vendor :Cesanta I-CUBE-Mongoose 7.13.0
2025-09-09 13:10:51,185 [INFO] ThirdParty:1030 - CMSIS Pack Vendor :STMicroelectronics USB_HOST 1.0.0
2025-09-09 13:10:51,185 [INFO] ThirdParty:1030 - CMSIS Pack Vendor :Infineon AIROC-Wi-Fi-Bluetooth-STM32 1.7.1
2025-09-09 13:10:51,185 [INFO] ThirdParty:1030 - CMSIS Pack Vendor :STMicroelectronics X-CUBE-AZRTOS-G4 2.0.0
2025-09-09 13:10:51,186 [INFO] ThirdParty:1030 - CMSIS Pack Vendor :STMicroelectronics X-CUBE-WB05N 2.0.0
2025-09-09 13:10:51,186 [INFO] ThirdParty:1030 - CMSIS Pack Vendor :STMicroelectronics PDM2PCM 3.1.0
2025-09-09 13:10:51,186 [INFO] ThirdParty:1030 - CMSIS Pack Vendor :STMicroelectronics PDM2PCM 3.3.0
2025-09-09 13:10:51,186 [INFO] ThirdParty:1030 - CMSIS Pack Vendor :wolfSSL I-CUBE-wolfTPM 3.8.0
2025-09-09 13:10:51,186 [INFO] ThirdParty:1030 - CMSIS Pack Vendor :STMicroelectronics X-CUBE-AZRTOS-H7 3.4.0
2025-09-09 13:10:51,186 [INFO] ThirdParty:1030 - CMSIS Pack Vendor :STMicroelectronics X-CUBE-DISPLAY 3.0.0
2025-09-09 13:10:51,186 [INFO] ThirdParty:1030 - CMSIS Pack Vendor :wolfSSL I-CUBE-wolfSSH 1.4.20
2025-09-09 13:10:51,186 [INFO] ThirdParty:1030 - CMSIS Pack Vendor :STMicroelectronics X-CUBE-NFC7 2.0.0
2025-09-09 13:10:51,186 [INFO] ThirdParty:1030 - CMSIS Pack Vendor :STMicroelectronics X-CUBE-TCPP 4.2.0
2025-09-09 13:10:51,186 [INFO] ThirdParty:1030 - CMSIS Pack Vendor :RealThread X-CUBE-RT-Thread_Nano 4.1.1
2025-09-09 13:10:51,186 [INFO] ThirdParty:1030 - CMSIS Pack Vendor :STMicroelectronics FP-ATR-SIGFOX1 3.2.0
2025-09-09 13:10:51,186 [INFO] ThirdParty:1030 - CMSIS Pack Vendor :STMicroelectronics X-CUBE-NFC10 1.0.0
2025-09-09 13:10:51,186 [INFO] ThirdParty:1030 - CMSIS Pack Vendor :STMicroelectronics X-CUBE-FREERTOS 1.3.1
2025-09-09 13:10:51,186 [INFO] ThirdParty:1030 - CMSIS Pack Vendor :STMicroelectronics HAL Drivers 0.0.0
2025-09-09 13:10:51,186 [INFO] ThirdParty:1030 - CMSIS Pack Vendor :STMicroelectronics MBEDTLS 2.16.2
2025-09-09 13:10:51,186 [INFO] ThirdParty:1030 - CMSIS Pack Vendor :STMicroelectronics X-CUBE-IPS 3.1.0
2025-09-09 13:10:51,186 [INFO] ThirdParty:1030 - CMSIS Pack Vendor :STMicroelectronics X-CUBE-ALS 1.0.2
2025-09-09 13:10:51,186 [INFO] ThirdParty:1030 - CMSIS Pack Vendor :emotas I-CUBE-CANOPEN 1.3.0
2025-09-09 13:10:51,186 [INFO] ThirdParty:1030 - CMSIS Pack Vendor :STMicroelectronics MBEDTLS 2.14.1
2025-09-09 13:10:51,186 [INFO] ThirdParty:1030 - CMSIS Pack Vendor :ITTIA_DB I-CUBE-ITTIADB 8.9.0
2025-09-09 13:10:51,186 [INFO] ThirdParty:1030 - CMSIS Pack Vendor :STMicroelectronics X-CUBE-STSE01 1.0.0
2025-09-09 13:10:51,186 [INFO] ThirdParty:1030 - CMSIS Pack Vendor :STMicroelectronics X-CUBE-ST67W61 1.0.0
2025-09-09 13:10:51,186 [INFO] ThirdParty:1030 - CMSIS Pack Vendor :STMicroelectronics FP-SNS-STBOX1 2.1.0
2025-09-09 13:10:51,186 [INFO] ThirdParty:1030 - CMSIS Pack Vendor :STMicroelectronics X-CUBE-AI 10.2.0
2025-09-09 13:10:51,186 [INFO] ThirdParty:1030 - CMSIS Pack Vendor :STMicroelectronics FP-SNS-STAIOTCFT 1.0.0
2025-09-09 13:10:51,186 [INFO] ThirdParty:1030 - CMSIS Pack Vendor :STMicroelectronics ThreadX 1.0.0
2025-09-09 13:10:51,186 [INFO] ThirdParty:1030 - CMSIS Pack Vendor :STMicroelectronics FP-SNS-SMARTAG2 1.2.0
2025-09-09 13:10:51,187 [INFO] ThirdParty:1030 - CMSIS Pack Vendor :STMicroelectronics FP-SNS-FLIGHT1 5.1.0
2025-09-09 13:10:51,187 [INFO] ThirdParty:1030 - CMSIS Pack Vendor :STMicroelectronics X-CUBE-AZRTOS-WL 2.0.0
2025-09-09 13:10:51,187 [INFO] ThirdParty:1030 - CMSIS Pack Vendor :SEGGER I-CUBE-embOS 1.3.1
2025-09-09 13:10:51,187 [INFO] ThirdParty:1030 - CMSIS Pack Vendor :STMicroelectronics X-CUBE-ALGOBUILD 1.4.0
2025-09-09 13:10:51,187 [INFO] ThirdParty:1030 - CMSIS Pack Vendor :STMicroelectronics X-CUBE-DPower 1.3.0
2025-09-09 13:10:51,187 [INFO] ThirdParty:1030 - CMSIS Pack Vendor :STMicroelectronics X-CUBE-MEMS1 11.3.0
2025-09-09 13:10:51,187 [INFO] ThirdParty:1030 - CMSIS Pack Vendor :STMicroelectronics FP-SNS-MOTENV1 5.0.0
2025-09-09 13:10:51,187 [INFO] ThirdParty:1030 - CMSIS Pack Vendor :STMicroelectronics USB_DEVICE 1.0.0
2025-09-09 13:10:51,187 [INFO] ThirdParty:1030 - CMSIS Pack Vendor :STMicroelectronics X-CUBE-AZRTOS-L4 2.0.0
2025-09-09 13:10:51,187 [INFO] ThirdParty:1030 - CMSIS Pack Vendor :STMicroelectronics ThreadX 0.0.2
2025-09-09 13:10:51,187 [INFO] ThirdParty:1030 - CMSIS Pack Vendor :STMicroelectronics lwIP 2.1.2
2025-09-09 13:10:51,187 [INFO] ThirdParty:1030 - CMSIS Pack Vendor :STMicroelectronics X-CUBE-SFXS2LP1 4.0.0
2025-09-09 13:10:51,187 [INFO] ThirdParty:1030 - CMSIS Pack Vendor :STMicroelectronics X-CUBE-BLE2 3.3.0
2025-09-09 13:10:51,187 [INFO] ThirdParty:1030 - CMSIS Pack Vendor :STMicroelectronics X-CUBE-TOF1 3.4.3
2025-09-09 13:10:51,187 [INFO] ThirdParty:1030 - CMSIS Pack Vendor :STMicroelectronics PDM2PCM 3.2.0
2025-09-09 13:10:51,187 [INFO] ThirdParty:841 - exiting critical section [change project]
2025-09-09 13:10:51,648 [INFO] PinOutPanel:1589 - setPackage(No Configuration,No Configuration)
2025-09-09 13:10:51,649 [INFO] PinOutPanel:1589 - setPackage(STM32L475VGTx,LQFP100)
2025-09-09 13:10:52,051 [INFO] UtilMem:75 - Before build in PCC Used Memory: 728399640 Bytes (796917760)
2025-09-09 13:10:52,543 [INFO] UtilMem:75 - After build in PCC Used Memory: 404255432 Bytes (796917760)
2025-09-09 13:10:52,575 [INFO] IPUIPlugin:80 - create IPUIPlugin
2025-09-09 13:10:52,575 [INFO] IPUIPlugin:80 - create IPUIPlugin
2025-09-09 13:10:52,576 [INFO] IPUIPlugin:80 - create IPUIPlugin
2025-09-09 13:10:52,576 [INFO] IPUIPlugin:80 - create IPUIPlugin
2025-09-09 13:10:52,576 [INFO] IPUIPlugin:80 - create IPUIPlugin
2025-09-09 13:10:52,576 [INFO] IPUIPlugin:80 - create IPUIPlugin
2025-09-09 13:10:52,576 [INFO] IPUIPlugin:80 - create IPUIPlugin
2025-09-09 13:10:52,576 [INFO] IPUIPlugin:80 - create IPUIPlugin
2025-09-09 13:10:52,576 [INFO] IPUIPlugin:80 - create IPUIPlugin
2025-09-09 13:10:52,576 [INFO] IPUIPlugin:80 - create IPUIPlugin
2025-09-09 13:10:52,577 [INFO] IPUIPlugin:80 - create IPUIPlugin
2025-09-09 13:10:52,577 [INFO] IPUIPlugin:80 - create IPUIPlugin
2025-09-09 13:10:52,577 [INFO] IPUIPlugin:80 - create IPUIPlugin
2025-09-09 13:10:52,577 [INFO] IPUIPlugin:80 - create IPUIPlugin
2025-09-09 13:10:52,577 [INFO] IPUIPlugin:80 - create IPUIPlugin
2025-09-09 13:10:52,577 [INFO] IPUIPlugin:80 - create IPUIPlugin
2025-09-09 13:10:52,578 [INFO] IPUIPlugin:80 - create IPUIPlugin
2025-09-09 13:10:52,578 [INFO] IPUIPlugin:80 - create IPUIPlugin
2025-09-09 13:10:52,578 [INFO] IPUIPlugin:80 - create IPUIPlugin
2025-09-09 13:10:52,578 [INFO] IPUIPlugin:80 - create IPUIPlugin
2025-09-09 13:10:52,578 [INFO] IPUIPlugin:80 - create IPUIPlugin
2025-09-09 13:10:52,579 [INFO] IPUIPlugin:80 - create IPUIPlugin
2025-09-09 13:10:52,579 [INFO] IPUIPlugin:80 - create IPUIPlugin
2025-09-09 13:10:52,579 [INFO] IPUIPlugin:80 - create IPUIPlugin
2025-09-09 13:10:52,579 [INFO] IPUIPlugin:80 - create IPUIPlugin
2025-09-09 13:10:52,580 [INFO] IPUIPlugin:80 - create IPUIPlugin
2025-09-09 13:10:52,580 [INFO] IPUIPlugin:80 - create IPUIPlugin
2025-09-09 13:10:52,580 [INFO] IPUIPlugin:80 - create IPUIPlugin
2025-09-09 13:10:52,580 [INFO] IPUIPlugin:80 - create IPUIPlugin
2025-09-09 13:10:52,580 [INFO] IPUIPlugin:80 - create IPUIPlugin
2025-09-09 13:10:52,581 [INFO] IPUIPlugin:80 - create IPUIPlugin
2025-09-09 13:10:52,581 [INFO] IPUIPlugin:80 - create IPUIPlugin
2025-09-09 13:10:52,581 [INFO] IPUIPlugin:80 - create IPUIPlugin
2025-09-09 13:10:52,581 [INFO] IPUIPlugin:80 - create IPUIPlugin
2025-09-09 13:10:52,581 [INFO] IPUIPlugin:80 - create IPUIPlugin
2025-09-09 13:10:52,582 [INFO] IPUIPlugin:80 - create IPUIPlugin
2025-09-09 13:10:52,582 [INFO] IPUIPlugin:80 - create IPUIPlugin
2025-09-09 13:10:52,582 [INFO] IPUIPlugin:80 - create IPUIPlugin
2025-09-09 13:10:52,582 [INFO] IPUIPlugin:80 - create IPUIPlugin
2025-09-09 13:10:52,583 [INFO] IPUIPlugin:80 - create IPUIPlugin
2025-09-09 13:10:52,583 [INFO] IPUIPlugin:80 - create IPUIPlugin
2025-09-09 13:10:52,583 [INFO] IPUIPlugin:80 - create IPUIPlugin
2025-09-09 13:10:52,583 [INFO] IPUIPlugin:80 - create IPUIPlugin
2025-09-09 13:10:52,584 [INFO] IPUIPlugin:80 - create IPUIPlugin
2025-09-09 13:10:52,584 [INFO] IPUIPlugin:80 - create IPUIPlugin
2025-09-09 13:10:52,584 [INFO] IPUIPlugin:80 - create IPUIPlugin
2025-09-09 13:10:52,584 [INFO] IPUIPlugin:80 - create IPUIPlugin
2025-09-09 13:10:52,585 [INFO] IPUIPlugin:80 - create IPUIPlugin
2025-09-09 13:10:52,585 [INFO] IPUIPlugin:80 - create IPUIPlugin
2025-09-09 13:10:52,585 [INFO] IPUIPlugin:80 - create IPUIPlugin
2025-09-09 13:10:52,586 [INFO] IPUIPlugin:80 - create IPUIPlugin
2025-09-09 13:10:52,586 [INFO] IPUIPlugin:80 - create IPUIPlugin
2025-09-09 13:10:52,587 [INFO] IPUIPlugin:80 - create IPUIPlugin
2025-09-09 13:10:52,587 [INFO] IPUIPlugin:80 - create IPUIPlugin
2025-09-09 13:10:52,587 [INFO] IPUIPlugin:80 - create IPUIPlugin
2025-09-09 13:10:52,588 [INFO] IPUIPlugin:80 - create IPUIPlugin
2025-09-09 13:10:52,588 [INFO] IPUIPlugin:80 - create IPUIPlugin
2025-09-09 13:10:52,589 [INFO] IPUIPlugin:80 - create IPUIPlugin
2025-09-09 13:10:52,589 [INFO] IPUIPlugin:80 - create IPUIPlugin
2025-09-09 13:10:52,678 [INFO] CADModel:165 - CPN selected for project levelSTM32L475VGT6
2025-09-09 13:10:52,678 [INFO] CADModel:114 - Register for checkConnection events
2025-09-09 13:10:52,718 [INFO] OpenFileManager:386 - Restore cursor
2025-09-09 13:10:53,262 [INFO] UtilMem:75 - End SaveConfig() Used Memory: 606630600 Bytes (796917760)
2025-09-09 13:10:53,395 [INFO] UtilMem:75 - End SaveConfig() Used Memory: 627602120 Bytes (796917760)
2025-09-09 13:10:53,917 [INFO] BlockDiagram:2775 - set Specific Code input for plugin: SPI
2025-09-09 13:10:53,917 [INFO] BlockDiagram:2775 - set Specific Code input for plugin: DFSDM
2025-09-09 13:10:53,918 [INFO] BlockDiagram:2775 - set Specific Code input for plugin: SYS
2025-09-09 13:10:53,918 [INFO] BlockDiagram:2775 - set Specific Code input for plugin: RCC
2025-09-09 13:10:53,918 [INFO] BlockDiagram:2775 - set Specific Code input for plugin: I2C
2025-09-09 13:10:53,918 [INFO] BlockDiagram:2775 - set Specific Code input for plugin: USB_OTG_FS
2025-09-09 13:10:53,918 [INFO] BlockDiagram:2775 - set Specific Code input for plugin: NVIC
2025-09-09 13:10:53,918 [INFO] BlockDiagram:2775 - set Specific Code input for plugin: USART
2025-09-09 13:10:53,918 [INFO] BlockDiagram:2775 - set Specific Code input for plugin: USART
2025-09-09 13:10:53,919 [INFO] BlockDiagram:2775 - set Specific Code input for plugin: GPIO
2025-09-09 13:10:53,919 [INFO] BlockDiagram:2775 - set Specific Code input for plugin: QUADSPI
2025-09-09 13:10:53,920 [INFO] CodeGenerator:892 - code generatio: config db path: /opt/st/stm32cubeide_1.19.0/plugins/com.st.stm32cube.common.mx_6.15.0.202507011659//db/
2025-09-09 13:10:54,201 [INFO] CodeEngine:265 - oldGeneratedFile, /home/matijak/programiranje/spyrosoft/STM32CubeIDE/blinky_linked/MXTmpFiles/license.tmp_save
2025-09-09 13:10:54,626 [INFO] CodeEngine:289 - Generated code: /home/matijak/programiranje/spyrosoft/STM32CubeIDE/blinky_linked/MXTmpFiles/license.tmp
2025-09-09 13:10:54,943 [INFO] CodeEngine:265 - oldGeneratedFile, /home/matijak/programiranje/spyrosoft/STM32CubeIDE/blinky_linked/MXTmpFiles/gpio.tmp_save
2025-09-09 13:10:55,161 [INFO] CodeEngine:289 - Generated code: /home/matijak/programiranje/spyrosoft/STM32CubeIDE/blinky_linked/MXTmpFiles/gpio.tmp
2025-09-09 13:10:56,925 [WARN] IPConfigManager:3238 - Warning: the RefConfig PWREx_EnableUSBVoltageDetector is not available in your config.xml file
2025-09-09 13:10:56,936 [INFO] CodeEngine:265 - oldGeneratedFile, /home/matijak/programiranje/spyrosoft/STM32CubeIDE/blinky_linked/Core/Src/stm32l4xx_it.c_save
2025-09-09 13:10:57,084 [INFO] CodeEngine:289 - Generated code: /home/matijak/programiranje/spyrosoft/STM32CubeIDE/blinky_linked/Core/Src/stm32l4xx_it.c
2025-09-09 13:10:57,086 [INFO] CodeEngine:265 - oldGeneratedFile, /home/matijak/programiranje/spyrosoft/STM32CubeIDE/blinky_linked/Core/Inc/stm32l4xx_it.h_save
2025-09-09 13:10:57,160 [INFO] CodeEngine:289 - Generated code: /home/matijak/programiranje/spyrosoft/STM32CubeIDE/blinky_linked/Core/Inc/stm32l4xx_it.h
2025-09-09 13:10:57,166 [INFO] CodeEngine:265 - oldGeneratedFile, /home/matijak/programiranje/spyrosoft/STM32CubeIDE/blinky_linked/Core/Src/stm32l4xx_hal_msp.c_save
2025-09-09 13:10:57,316 [INFO] CodeEngine:289 - Generated code: /home/matijak/programiranje/spyrosoft/STM32CubeIDE/blinky_linked/Core/Src/stm32l4xx_hal_msp.c
2025-09-09 13:10:57,317 [INFO] CodeEngine:265 - oldGeneratedFile, /home/matijak/programiranje/spyrosoft/STM32CubeIDE/blinky_linked/MXTmpFiles/system.tmp_save
2025-09-09 13:10:57,385 [INFO] CodeEngine:289 - Generated code: /home/matijak/programiranje/spyrosoft/STM32CubeIDE/blinky_linked/MXTmpFiles/system.tmp
2025-09-09 13:10:57,391 [INFO] CodeEngine:321 - oldGeneratedFile, /home/matijak/programiranje/spyrosoft/STM32CubeIDE/blinky_linked/Core/Inc/stm32l4xx_hal_conf.h_save
2025-09-09 13:10:57,455 [INFO] CodeEngine:345 - Generated code: /home/matijak/programiranje/spyrosoft/STM32CubeIDE/blinky_linked/Core/Inc/stm32l4xx_hal_conf.h
2025-09-09 13:10:57,502 [INFO] ApiDbMcu:532 - Load IP Config File for DFSDM1
2025-09-09 13:10:57,506 [INFO] ApiDbMcu:532 - Load IP Config File for I2C2
2025-09-09 13:10:57,507 [INFO] ApiDbMcu:532 - Load IP Config File for QUADSPI
2025-09-09 13:10:57,510 [INFO] ApiDbMcu:532 - Load IP Config File for SPI3
2025-09-09 13:10:57,520 [INFO] ApiDbMcu:532 - Load IP Config File for USART1
2025-09-09 13:10:57,531 [INFO] ApiDbMcu:532 - Load IP Config File for USART3
2025-09-09 13:10:57,533 [INFO] ApiDbMcu:532 - Load IP Config File for USB_OTG_FS
2025-09-09 13:10:57,535 [INFO] ApiDbMcu:532 - Load IP Config File for RCC
2025-09-09 13:10:57,539 [WARN] IPConfigManager:3811 - IP not found : USB_OTG
2025-09-09 13:10:57,539 [WARN] CodeGenerator:4259 - IP not found : null
2025-09-09 13:10:57,557 [INFO] CodeEngine:265 - oldGeneratedFile, /home/matijak/programiranje/spyrosoft/STM32CubeIDE/blinky_linked/Core/Inc/main.h_save
2025-09-09 13:10:57,652 [INFO] CodeEngine:289 - Generated code: /home/matijak/programiranje/spyrosoft/STM32CubeIDE/blinky_linked/Core/Inc/main.h
2025-09-09 13:10:57,653 [INFO] CodeEngine:265 - oldGeneratedFile, /home/matijak/programiranje/spyrosoft/STM32CubeIDE/blinky_linked/Core/Src/main.c_save
2025-09-09 13:10:57,807 [INFO] CodeEngine:289 - Generated code: /home/matijak/programiranje/spyrosoft/STM32CubeIDE/blinky_linked/Core/Src/main.c
2025-09-09 13:10:57,983 [INFO] ProjectBuilder:3606 - Time for Copy HAL[1] : 16mS.
2025-09-09 13:10:57,987 [INFO] ProjectBuilder:5216 - Project Generator version: 4.7.0-B52
2025-09-09 13:10:58,083 [INFO] ConfigFileManager:1595 - The Die is : DIE415
2025-09-09 13:10:58,091 [INFO] ApiDbMcu:532 - Load IP Config File for FATFS
2025-09-09 13:10:58,095 [INFO] ApiDbMcu:532 - Load IP Config File for FREERTOS
2025-09-09 13:10:58,106 [INFO] ApiDbMcu:532 - Load IP Config File for TOUCHSENSING
2025-09-09 13:10:58,111 [INFO] ApiDbMcu:532 - Load IP Config File for USB_DEVICE
2025-09-09 13:10:58,114 [INFO] ApiDbMcu:532 - Load IP Config File for USB_HOST
2025-09-09 13:10:58,534 [INFO] LogOutputStream:77 - [STDOUT_REDIRECT] 
2025-09-09 13:11:00,730 [INFO] ProjectBuilder:5496 - Time for Generating toolchain IDE Files: 2742mS.
2025-09-09 13:11:00,731 [INFO] ProjectBuilder:3463 - Time for Copy CMSIS : 0mS.
2025-09-09 13:11:00,732 [INFO] ProjectBuilder:3463 - Time for Copy CMSIS : 0mS.
2025-09-09 13:11:00,906 [ERROR] LogOutputStream:75 - [STDERR_REDIRECT] Sep 09, 2025 1:11:00 PM java.util.prefs.FileSystemPreferences checkLockFile0ErrorCode
2025-09-09 13:11:00,908 [ERROR] LogOutputStream:75 - [STDERR_REDIRECT] WARNING: Could not lock System prefs. Unix error code 2.
2025-09-09 13:11:00,908 [ERROR] LogOutputStream:75 - [STDERR_REDIRECT] 
2025-09-09 13:11:00,910 [ERROR] LogOutputStream:75 - [STDERR_REDIRECT] Sep 09, 2025 1:11:00 PM java.util.prefs.FileSystemPreferences syncWorld
2025-09-09 13:11:00,912 [ERROR] LogOutputStream:75 - [STDERR_REDIRECT] WARNING: Couldn't flush system prefs: java.util.prefs.BackingStoreException: Couldn't get file lock.
2025-09-09 13:11:00,912 [ERROR] LogOutputStream:75 - [STDERR_REDIRECT] 
2025-09-09 13:11:01,521 [INFO] McuFinderGlobals:76 - Set McuFinderConnectedMode to true
2025-09-09 13:11:01,525 [INFO] ApiDb:448 - Save user favorites file /home/matijak/.stm32cubeide/favorites.mcus.txt: 0 item(s)
2025-09-09 13:11:01,525 [INFO] ApiDb:452 - User favorites MCUs=[]
2025-09-09 13:11:01,527 [INFO] ApiDb:448 - Save user favorites file /home/matijak/.stm32cubeide/favorites.boards.txt: 1 item(s)
2025-09-09 13:11:01,527 [INFO] ApiDb:452 - User favorites Boards=[B-L475E-IOT01A1]
2025-09-09 13:11:30,881 [ERROR] LogOutputStream:75 - [STDERR_REDIRECT] Sep 09, 2025 1:11:30 PM java.util.prefs.FileSystemPreferences checkLockFile0ErrorCode
2025-09-09 13:11:30,881 [ERROR] LogOutputStream:75 - [STDERR_REDIRECT] WARNING: Could not lock System prefs. Unix error code 2.
2025-09-09 13:11:30,881 [ERROR] LogOutputStream:75 - [STDERR_REDIRECT] 
2025-09-09 13:11:30,882 [ERROR] LogOutputStream:75 - [STDERR_REDIRECT] Sep 09, 2025 1:11:30 PM java.util.prefs.FileSystemPreferences syncWorld
2025-09-09 13:11:30,883 [ERROR] LogOutputStream:75 - [STDERR_REDIRECT] WARNING: Couldn't flush system prefs: java.util.prefs.BackingStoreException: Couldn't get file lock.
2025-09-09 13:11:30,883 [ERROR] LogOutputStream:75 - [STDERR_REDIRECT] 
2025-09-09 13:12:00,885 [ERROR] LogOutputStream:75 - [STDERR_REDIRECT] Sep 09, 2025 1:12:00 PM java.util.prefs.FileSystemPreferences checkLockFile0ErrorCode
2025-09-09 13:12:00,885 [ERROR] LogOutputStream:75 - [STDERR_REDIRECT] WARNING: Could not lock System prefs. Unix error code 2.
2025-09-09 13:12:00,885 [ERROR] LogOutputStream:75 - [STDERR_REDIRECT] 
2025-09-09 13:12:00,886 [ERROR] LogOutputStream:75 - [STDERR_REDIRECT] Sep 09, 2025 1:12:00 PM java.util.prefs.FileSystemPreferences syncWorld
2025-09-09 13:12:00,886 [ERROR] LogOutputStream:75 - [STDERR_REDIRECT] WARNING: Couldn't flush system prefs: java.util.prefs.BackingStoreException: Couldn't get file lock.
2025-09-09 13:12:00,886 [ERROR] LogOutputStream:75 - [STDERR_REDIRECT] 
2025-09-09 13:12:30,881 [ERROR] LogOutputStream:75 - [STDERR_REDIRECT] Sep 09, 2025 1:12:30 PM java.util.prefs.FileSystemPreferences checkLockFile0ErrorCode
2025-09-09 13:12:30,881 [ERROR] LogOutputStream:75 - [STDERR_REDIRECT] WARNING: Could not lock System prefs. Unix error code 2.
2025-09-09 13:12:30,881 [ERROR] LogOutputStream:75 - [STDERR_REDIRECT] 
2025-09-09 13:12:30,882 [ERROR] LogOutputStream:75 - [STDERR_REDIRECT] Sep 09, 2025 1:12:30 PM java.util.prefs.FileSystemPreferences syncWorld
2025-09-09 13:12:30,883 [ERROR] LogOutputStream:75 - [STDERR_REDIRECT] WARNING: Couldn't flush system prefs: java.util.prefs.BackingStoreException: Couldn't get file lock.
2025-09-09 13:12:30,883 [ERROR] LogOutputStream:75 - [STDERR_REDIRECT] 
2025-09-09 13:13:00,879 [ERROR] LogOutputStream:75 - [STDERR_REDIRECT] Sep 09, 2025 1:13:00 PM java.util.prefs.FileSystemPreferences checkLockFile0ErrorCode
2025-09-09 13:13:00,880 [ERROR] LogOutputStream:75 - [STDERR_REDIRECT] WARNING: Could not lock System prefs. Unix error code 2.
2025-09-09 13:13:00,880 [ERROR] LogOutputStream:75 - [STDERR_REDIRECT] 
2025-09-09 13:13:00,880 [ERROR] LogOutputStream:75 - [STDERR_REDIRECT] Sep 09, 2025 1:13:00 PM java.util.prefs.FileSystemPreferences syncWorld
2025-09-09 13:13:00,881 [ERROR] LogOutputStream:75 - [STDERR_REDIRECT] WARNING: Couldn't flush system prefs: java.util.prefs.BackingStoreException: Couldn't get file lock.
2025-09-09 13:13:00,881 [ERROR] LogOutputStream:75 - [STDERR_REDIRECT] 
2025-09-09 13:13:30,879 [ERROR] LogOutputStream:75 - [STDERR_REDIRECT] Sep 09, 2025 1:13:30 PM java.util.prefs.FileSystemPreferences checkLockFile0ErrorCode
2025-09-09 13:13:30,880 [ERROR] LogOutputStream:75 - [STDERR_REDIRECT] WARNING: Could not lock System prefs. Unix error code 2.
2025-09-09 13:13:30,880 [ERROR] LogOutputStream:75 - [STDERR_REDIRECT] 
2025-09-09 13:13:30,881 [ERROR] LogOutputStream:75 - [STDERR_REDIRECT] Sep 09, 2025 1:13:30 PM java.util.prefs.FileSystemPreferences syncWorld
2025-09-09 13:13:30,881 [ERROR] LogOutputStream:75 - [STDERR_REDIRECT] WARNING: Couldn't flush system prefs: java.util.prefs.BackingStoreException: Couldn't get file lock.
2025-09-09 13:13:30,881 [ERROR] LogOutputStream:75 - [STDERR_REDIRECT] 
2025-09-09 13:14:00,882 [ERROR] LogOutputStream:75 - [STDERR_REDIRECT] Sep 09, 2025 1:14:00 PM java.util.prefs.FileSystemPreferences checkLockFile0ErrorCode
2025-09-09 13:14:00,882 [ERROR] LogOutputStream:75 - [STDERR_REDIRECT] WARNING: Could not lock System prefs. Unix error code 2.
2025-09-09 13:14:00,882 [ERROR] LogOutputStream:75 - [STDERR_REDIRECT] 
2025-09-09 13:14:00,883 [ERROR] LogOutputStream:75 - [STDERR_REDIRECT] Sep 09, 2025 1:14:00 PM java.util.prefs.FileSystemPreferences syncWorld
2025-09-09 13:14:00,884 [ERROR] LogOutputStream:75 - [STDERR_REDIRECT] WARNING: Couldn't flush system prefs: java.util.prefs.BackingStoreException: Couldn't get file lock.
2025-09-09 13:14:00,884 [ERROR] LogOutputStream:75 - [STDERR_REDIRECT] 
2025-09-09 13:14:30,879 [ERROR] LogOutputStream:75 - [STDERR_REDIRECT] Sep 09, 2025 1:14:30 PM java.util.prefs.FileSystemPreferences checkLockFile0ErrorCode
2025-09-09 13:14:30,880 [ERROR] LogOutputStream:75 - [STDERR_REDIRECT] WARNING: Could not lock System prefs. Unix error code 2.
2025-09-09 13:14:30,880 [ERROR] LogOutputStream:75 - [STDERR_REDIRECT] 
2025-09-09 13:14:30,880 [ERROR] LogOutputStream:75 - [STDERR_REDIRECT] Sep 09, 2025 1:14:30 PM java.util.prefs.FileSystemPreferences syncWorld
2025-09-09 13:14:30,881 [ERROR] LogOutputStream:75 - [STDERR_REDIRECT] WARNING: Couldn't flush system prefs: java.util.prefs.BackingStoreException: Couldn't get file lock.
2025-09-09 13:14:30,881 [ERROR] LogOutputStream:75 - [STDERR_REDIRECT] 
2025-09-09 13:15:00,882 [ERROR] LogOutputStream:75 - [STDERR_REDIRECT] Sep 09, 2025 1:15:00 PM java.util.prefs.FileSystemPreferences checkLockFile0ErrorCode
2025-09-09 13:15:00,883 [ERROR] LogOutputStream:75 - [STDERR_REDIRECT] WARNING: Could not lock System prefs. Unix error code 2.
2025-09-09 13:15:00,883 [ERROR] LogOutputStream:75 - [STDERR_REDIRECT] 
2025-09-09 13:15:00,884 [ERROR] LogOutputStream:75 - [STDERR_REDIRECT] Sep 09, 2025 1:15:00 PM java.util.prefs.FileSystemPreferences syncWorld
2025-09-09 13:15:00,884 [ERROR] LogOutputStream:75 - [STDERR_REDIRECT] WARNING: Couldn't flush system prefs: java.util.prefs.BackingStoreException: Couldn't get file lock.
2025-09-09 13:15:00,884 [ERROR] LogOutputStream:75 - [STDERR_REDIRECT] 
2025-09-09 13:15:30,882 [ERROR] LogOutputStream:75 - [STDERR_REDIRECT] Sep 09, 2025 1:15:30 PM java.util.prefs.FileSystemPreferences checkLockFile0ErrorCode
2025-09-09 13:15:30,882 [ERROR] LogOutputStream:75 - [STDERR_REDIRECT] WARNING: Could not lock System prefs. Unix error code 2.
2025-09-09 13:15:30,882 [ERROR] LogOutputStream:75 - [STDERR_REDIRECT] 
2025-09-09 13:15:30,882 [ERROR] LogOutputStream:75 - [STDERR_REDIRECT] Sep 09, 2025 1:15:30 PM java.util.prefs.FileSystemPreferences syncWorld
2025-09-09 13:15:30,883 [ERROR] LogOutputStream:75 - [STDERR_REDIRECT] WARNING: Couldn't flush system prefs: java.util.prefs.BackingStoreException: Couldn't get file lock.
2025-09-09 13:15:30,883 [ERROR] LogOutputStream:75 - [STDERR_REDIRECT] 
2025-09-09 13:16:00,879 [ERROR] LogOutputStream:75 - [STDERR_REDIRECT] Sep 09, 2025 1:16:00 PM java.util.prefs.FileSystemPreferences checkLockFile0ErrorCode
2025-09-09 13:16:00,879 [ERROR] LogOutputStream:75 - [STDERR_REDIRECT] WARNING: Could not lock System prefs. Unix error code 2.
2025-09-09 13:16:00,879 [ERROR] LogOutputStream:75 - [STDERR_REDIRECT] 
2025-09-09 13:16:00,880 [ERROR] LogOutputStream:75 - [STDERR_REDIRECT] Sep 09, 2025 1:16:00 PM java.util.prefs.FileSystemPreferences syncWorld
2025-09-09 13:16:00,880 [ERROR] LogOutputStream:75 - [STDERR_REDIRECT] WARNING: Couldn't flush system prefs: java.util.prefs.BackingStoreException: Couldn't get file lock.
2025-09-09 13:16:00,880 [ERROR] LogOutputStream:75 - [STDERR_REDIRECT] 
2025-09-09 13:16:30,880 [ERROR] LogOutputStream:75 - [STDERR_REDIRECT] Sep 09, 2025 1:16:30 PM java.util.prefs.FileSystemPreferences checkLockFile0ErrorCode
2025-09-09 13:16:30,880 [ERROR] LogOutputStream:75 - [STDERR_REDIRECT] WARNING: Could not lock System prefs. Unix error code 2.
2025-09-09 13:16:30,880 [ERROR] LogOutputStream:75 - [STDERR_REDIRECT] 
2025-09-09 13:16:30,881 [ERROR] LogOutputStream:75 - [STDERR_REDIRECT] Sep 09, 2025 1:16:30 PM java.util.prefs.FileSystemPreferences syncWorld
2025-09-09 13:16:30,881 [ERROR] LogOutputStream:75 - [STDERR_REDIRECT] WARNING: Couldn't flush system prefs: java.util.prefs.BackingStoreException: Couldn't get file lock.
2025-09-09 13:16:30,881 [ERROR] LogOutputStream:75 - [STDERR_REDIRECT] 
2025-09-09 13:17:00,881 [ERROR] LogOutputStream:75 - [STDERR_REDIRECT] Sep 09, 2025 1:17:00 PM java.util.prefs.FileSystemPreferences checkLockFile0ErrorCode
2025-09-09 13:17:00,881 [ERROR] LogOutputStream:75 - [STDERR_REDIRECT] WARNING: Could not lock System prefs. Unix error code 2.
2025-09-09 13:17:00,882 [ERROR] LogOutputStream:75 - [STDERR_REDIRECT] 
2025-09-09 13:17:00,882 [ERROR] LogOutputStream:75 - [STDERR_REDIRECT] Sep 09, 2025 1:17:00 PM java.util.prefs.FileSystemPreferences syncWorld
2025-09-09 13:17:00,882 [ERROR] LogOutputStream:75 - [STDERR_REDIRECT] WARNING: Couldn't flush system prefs: java.util.prefs.BackingStoreException: Couldn't get file lock.
2025-09-09 13:17:00,883 [ERROR] LogOutputStream:75 - [STDERR_REDIRECT] 
2025-09-09 13:17:30,880 [ERROR] LogOutputStream:75 - [STDERR_REDIRECT] Sep 09, 2025 1:17:30 PM java.util.prefs.FileSystemPreferences checkLockFile0ErrorCode
2025-09-09 13:17:30,880 [ERROR] LogOutputStream:75 - [STDERR_REDIRECT] WARNING: Could not lock System prefs. Unix error code 2.
2025-09-09 13:17:30,880 [ERROR] LogOutputStream:75 - [STDERR_REDIRECT] 
2025-09-09 13:17:30,880 [ERROR] LogOutputStream:75 - [STDERR_REDIRECT] Sep 09, 2025 1:17:30 PM java.util.prefs.FileSystemPreferences syncWorld
2025-09-09 13:17:30,881 [ERROR] LogOutputStream:75 - [STDERR_REDIRECT] WARNING: Couldn't flush system prefs: java.util.prefs.BackingStoreException: Couldn't get file lock.
2025-09-09 13:17:30,881 [ERROR] LogOutputStream:75 - [STDERR_REDIRECT] 
2025-09-09 13:18:00,880 [ERROR] LogOutputStream:75 - [STDERR_REDIRECT] Sep 09, 2025 1:18:00 PM java.util.prefs.FileSystemPreferences checkLockFile0ErrorCode
2025-09-09 13:18:00,881 [ERROR] LogOutputStream:75 - [STDERR_REDIRECT] WARNING: Could not lock System prefs. Unix error code 2.
2025-09-09 13:18:00,881 [ERROR] LogOutputStream:75 - [STDERR_REDIRECT] 
2025-09-09 13:18:00,882 [ERROR] LogOutputStream:75 - [STDERR_REDIRECT] Sep 09, 2025 1:18:00 PM java.util.prefs.FileSystemPreferences syncWorld
2025-09-09 13:18:00,882 [ERROR] LogOutputStream:75 - [STDERR_REDIRECT] WARNING: Couldn't flush system prefs: java.util.prefs.BackingStoreException: Couldn't get file lock.
2025-09-09 13:18:00,882 [ERROR] LogOutputStream:75 - [STDERR_REDIRECT] 
2025-09-09 13:18:30,880 [ERROR] LogOutputStream:75 - [STDERR_REDIRECT] Sep 09, 2025 1:18:30 PM java.util.prefs.FileSystemPreferences checkLockFile0ErrorCode
2025-09-09 13:18:30,880 [ERROR] LogOutputStream:75 - [STDERR_REDIRECT] WARNING: Could not lock System prefs. Unix error code 2.
2025-09-09 13:18:30,881 [ERROR] LogOutputStream:75 - [STDERR_REDIRECT] 
2025-09-09 13:18:30,881 [ERROR] LogOutputStream:75 - [STDERR_REDIRECT] Sep 09, 2025 1:18:30 PM java.util.prefs.FileSystemPreferences syncWorld
2025-09-09 13:18:30,882 [ERROR] LogOutputStream:75 - [STDERR_REDIRECT] WARNING: Couldn't flush system prefs: java.util.prefs.BackingStoreException: Couldn't get file lock.
2025-09-09 13:18:30,882 [ERROR] LogOutputStream:75 - [STDERR_REDIRECT] 
2025-09-09 13:19:00,880 [ERROR] LogOutputStream:75 - [STDERR_REDIRECT] Sep 09, 2025 1:19:00 PM java.util.prefs.FileSystemPreferences checkLockFile0ErrorCode
2025-09-09 13:19:00,881 [ERROR] LogOutputStream:75 - [STDERR_REDIRECT] WARNING: Could not lock System prefs. Unix error code 2.
2025-09-09 13:19:00,881 [ERROR] LogOutputStream:75 - [STDERR_REDIRECT] 
2025-09-09 13:19:00,881 [ERROR] LogOutputStream:75 - [STDERR_REDIRECT] Sep 09, 2025 1:19:00 PM java.util.prefs.FileSystemPreferences syncWorld
2025-09-09 13:19:00,882 [ERROR] LogOutputStream:75 - [STDERR_REDIRECT] WARNING: Couldn't flush system prefs: java.util.prefs.BackingStoreException: Couldn't get file lock.
2025-09-09 13:19:00,882 [ERROR] LogOutputStream:75 - [STDERR_REDIRECT] 
2025-09-09 13:19:30,880 [ERROR] LogOutputStream:75 - [STDERR_REDIRECT] Sep 09, 2025 1:19:30 PM java.util.prefs.FileSystemPreferences checkLockFile0ErrorCode
2025-09-09 13:19:30,881 [ERROR] LogOutputStream:75 - [STDERR_REDIRECT] WARNING: Could not lock System prefs. Unix error code 2.
2025-09-09 13:19:30,881 [ERROR] LogOutputStream:75 - [STDERR_REDIRECT] 
2025-09-09 13:19:30,881 [ERROR] LogOutputStream:75 - [STDERR_REDIRECT] Sep 09, 2025 1:19:30 PM java.util.prefs.FileSystemPreferences syncWorld
2025-09-09 13:19:30,882 [ERROR] LogOutputStream:75 - [STDERR_REDIRECT] WARNING: Couldn't flush system prefs: java.util.prefs.BackingStoreException: Couldn't get file lock.
2025-09-09 13:19:30,882 [ERROR] LogOutputStream:75 - [STDERR_REDIRECT] 
2025-09-09 13:20:00,879 [ERROR] LogOutputStream:75 - [STDERR_REDIRECT] Sep 09, 2025 1:20:00 PM java.util.prefs.FileSystemPreferences checkLockFile0ErrorCode
2025-09-09 13:20:00,880 [ERROR] LogOutputStream:75 - [STDERR_REDIRECT] WARNING: Could not lock System prefs. Unix error code 2.
2025-09-09 13:20:00,880 [ERROR] LogOutputStream:75 - [STDERR_REDIRECT] 
2025-09-09 13:20:00,880 [ERROR] LogOutputStream:75 - [STDERR_REDIRECT] Sep 09, 2025 1:20:00 PM java.util.prefs.FileSystemPreferences syncWorld
2025-09-09 13:20:00,881 [ERROR] LogOutputStream:75 - [STDERR_REDIRECT] WARNING: Couldn't flush system prefs: java.util.prefs.BackingStoreException: Couldn't get file lock.
2025-09-09 13:20:00,881 [ERROR] LogOutputStream:75 - [STDERR_REDIRECT] 
2025-09-09 13:20:30,880 [ERROR] LogOutputStream:75 - [STDERR_REDIRECT] Sep 09, 2025 1:20:30 PM java.util.prefs.FileSystemPreferences checkLockFile0ErrorCode
2025-09-09 13:20:30,880 [ERROR] LogOutputStream:75 - [STDERR_REDIRECT] WARNING: Could not lock System prefs. Unix error code 2.
2025-09-09 13:20:30,880 [ERROR] LogOutputStream:75 - [STDERR_REDIRECT] 
2025-09-09 13:20:30,880 [ERROR] LogOutputStream:75 - [STDERR_REDIRECT] Sep 09, 2025 1:20:30 PM java.util.prefs.FileSystemPreferences syncWorld
2025-09-09 13:20:30,881 [ERROR] LogOutputStream:75 - [STDERR_REDIRECT] WARNING: Couldn't flush system prefs: java.util.prefs.BackingStoreException: Couldn't get file lock.
2025-09-09 13:20:30,881 [ERROR] LogOutputStream:75 - [STDERR_REDIRECT] 
2025-09-09 13:21:00,880 [ERROR] LogOutputStream:75 - [STDERR_REDIRECT] Sep 09, 2025 1:21:00 PM java.util.prefs.FileSystemPreferences checkLockFile0ErrorCode
2025-09-09 13:21:00,881 [ERROR] LogOutputStream:75 - [STDERR_REDIRECT] WARNING: Could not lock System prefs. Unix error code 2.
2025-09-09 13:21:00,881 [ERROR] LogOutputStream:75 - [STDERR_REDIRECT] 
2025-09-09 13:21:00,881 [ERROR] LogOutputStream:75 - [STDERR_REDIRECT] Sep 09, 2025 1:21:00 PM java.util.prefs.FileSystemPreferences syncWorld
2025-09-09 13:21:00,882 [ERROR] LogOutputStream:75 - [STDERR_REDIRECT] WARNING: Couldn't flush system prefs: java.util.prefs.BackingStoreException: Couldn't get file lock.
2025-09-09 13:21:00,882 [ERROR] LogOutputStream:75 - [STDERR_REDIRECT] 
2025-09-09 13:21:30,880 [ERROR] LogOutputStream:75 - [STDERR_REDIRECT] Sep 09, 2025 1:21:30 PM java.util.prefs.FileSystemPreferences checkLockFile0ErrorCode
2025-09-09 13:21:30,881 [ERROR] LogOutputStream:75 - [STDERR_REDIRECT] WARNING: Could not lock System prefs. Unix error code 2.
2025-09-09 13:21:30,881 [ERROR] LogOutputStream:75 - [STDERR_REDIRECT] 
2025-09-09 13:21:30,881 [ERROR] LogOutputStream:75 - [STDERR_REDIRECT] Sep 09, 2025 1:21:30 PM java.util.prefs.FileSystemPreferences syncWorld
2025-09-09 13:21:30,882 [ERROR] LogOutputStream:75 - [STDERR_REDIRECT] WARNING: Couldn't flush system prefs: java.util.prefs.BackingStoreException: Couldn't get file lock.
2025-09-09 13:21:30,882 [ERROR] LogOutputStream:75 - [STDERR_REDIRECT] 
2025-09-09 13:22:00,880 [ERROR] LogOutputStream:75 - [STDERR_REDIRECT] Sep 09, 2025 1:22:00 PM java.util.prefs.FileSystemPreferences checkLockFile0ErrorCode
2025-09-09 13:22:00,880 [ERROR] LogOutputStream:75 - [STDERR_REDIRECT] WARNING: Could not lock System prefs. Unix error code 2.
2025-09-09 13:22:00,880 [ERROR] LogOutputStream:75 - [STDERR_REDIRECT] 
2025-09-09 13:22:00,881 [ERROR] LogOutputStream:75 - [STDERR_REDIRECT] Sep 09, 2025 1:22:00 PM java.util.prefs.FileSystemPreferences syncWorld
2025-09-09 13:22:00,881 [ERROR] LogOutputStream:75 - [STDERR_REDIRECT] WARNING: Couldn't flush system prefs: java.util.prefs.BackingStoreException: Couldn't get file lock.
2025-09-09 13:22:00,881 [ERROR] LogOutputStream:75 - [STDERR_REDIRECT] 
2025-09-09 13:22:30,880 [ERROR] LogOutputStream:75 - [STDERR_REDIRECT] Sep 09, 2025 1:22:30 PM java.util.prefs.FileSystemPreferences checkLockFile0ErrorCode
2025-09-09 13:22:30,881 [ERROR] LogOutputStream:75 - [STDERR_REDIRECT] WARNING: Could not lock System prefs. Unix error code 2.
2025-09-09 13:22:30,881 [ERROR] LogOutputStream:75 - [STDERR_REDIRECT] 
2025-09-09 13:22:30,881 [ERROR] LogOutputStream:75 - [STDERR_REDIRECT] Sep 09, 2025 1:22:30 PM java.util.prefs.FileSystemPreferences syncWorld
2025-09-09 13:22:30,882 [ERROR] LogOutputStream:75 - [STDERR_REDIRECT] WARNING: Couldn't flush system prefs: java.util.prefs.BackingStoreException: Couldn't get file lock.
2025-09-09 13:22:30,882 [ERROR] LogOutputStream:75 - [STDERR_REDIRECT] 
2025-09-09 13:23:00,880 [ERROR] LogOutputStream:75 - [STDERR_REDIRECT] Sep 09, 2025 1:23:00 PM java.util.prefs.FileSystemPreferences checkLockFile0ErrorCode
2025-09-09 13:23:00,880 [ERROR] LogOutputStream:75 - [STDERR_REDIRECT] WARNING: Could not lock System prefs. Unix error code 2.
2025-09-09 13:23:00,880 [ERROR] LogOutputStream:75 - [STDERR_REDIRECT] 
2025-09-09 13:23:00,881 [ERROR] LogOutputStream:75 - [STDERR_REDIRECT] Sep 09, 2025 1:23:00 PM java.util.prefs.FileSystemPreferences syncWorld
2025-09-09 13:23:00,881 [ERROR] LogOutputStream:75 - [STDERR_REDIRECT] WARNING: Couldn't flush system prefs: java.util.prefs.BackingStoreException: Couldn't get file lock.
2025-09-09 13:23:00,881 [ERROR] LogOutputStream:75 - [STDERR_REDIRECT] 
2025-09-09 13:23:30,880 [ERROR] LogOutputStream:75 - [STDERR_REDIRECT] Sep 09, 2025 1:23:30 PM java.util.prefs.FileSystemPreferences checkLockFile0ErrorCode
2025-09-09 13:23:30,880 [ERROR] LogOutputStream:75 - [STDERR_REDIRECT] WARNING: Could not lock System prefs. Unix error code 2.
2025-09-09 13:23:30,880 [ERROR] LogOutputStream:75 - [STDERR_REDIRECT] 
2025-09-09 13:23:30,881 [ERROR] LogOutputStream:75 - [STDERR_REDIRECT] Sep 09, 2025 1:23:30 PM java.util.prefs.FileSystemPreferences syncWorld
2025-09-09 13:23:30,882 [ERROR] LogOutputStream:75 - [STDERR_REDIRECT] WARNING: Couldn't flush system prefs: java.util.prefs.BackingStoreException: Couldn't get file lock.
2025-09-09 13:23:30,882 [ERROR] LogOutputStream:75 - [STDERR_REDIRECT] 
2025-09-09 13:24:00,880 [ERROR] LogOutputStream:75 - [STDERR_REDIRECT] Sep 09, 2025 1:24:00 PM java.util.prefs.FileSystemPreferences checkLockFile0ErrorCode
2025-09-09 13:24:00,881 [ERROR] LogOutputStream:75 - [STDERR_REDIRECT] WARNING: Could not lock System prefs. Unix error code 2.
2025-09-09 13:24:00,881 [ERROR] LogOutputStream:75 - [STDERR_REDIRECT] 
2025-09-09 13:24:00,882 [ERROR] LogOutputStream:75 - [STDERR_REDIRECT] Sep 09, 2025 1:24:00 PM java.util.prefs.FileSystemPreferences syncWorld
2025-09-09 13:24:00,882 [ERROR] LogOutputStream:75 - [STDERR_REDIRECT] WARNING: Couldn't flush system prefs: java.util.prefs.BackingStoreException: Couldn't get file lock.
2025-09-09 13:24:00,882 [ERROR] LogOutputStream:75 - [STDERR_REDIRECT] 
2025-09-09 13:24:30,880 [ERROR] LogOutputStream:75 - [STDERR_REDIRECT] Sep 09, 2025 1:24:30 PM java.util.prefs.FileSystemPreferences checkLockFile0ErrorCode
2025-09-09 13:24:30,880 [ERROR] LogOutputStream:75 - [STDERR_REDIRECT] WARNING: Could not lock System prefs. Unix error code 2.
2025-09-09 13:24:30,881 [ERROR] LogOutputStream:75 - [STDERR_REDIRECT] 
2025-09-09 13:24:30,881 [ERROR] LogOutputStream:75 - [STDERR_REDIRECT] Sep 09, 2025 1:24:30 PM java.util.prefs.FileSystemPreferences syncWorld
2025-09-09 13:24:30,881 [ERROR] LogOutputStream:75 - [STDERR_REDIRECT] WARNING: Couldn't flush system prefs: java.util.prefs.BackingStoreException: Couldn't get file lock.
2025-09-09 13:24:30,881 [ERROR] LogOutputStream:75 - [STDERR_REDIRECT] 
2025-09-09 13:25:00,881 [ERROR] LogOutputStream:75 - [STDERR_REDIRECT] Sep 09, 2025 1:25:00 PM java.util.prefs.FileSystemPreferences checkLockFile0ErrorCode
2025-09-09 13:25:00,881 [ERROR] LogOutputStream:75 - [STDERR_REDIRECT] WARNING: Could not lock System prefs. Unix error code 2.
2025-09-09 13:25:00,881 [ERROR] LogOutputStream:75 - [STDERR_REDIRECT] 
2025-09-09 13:25:00,882 [ERROR] LogOutputStream:75 - [STDERR_REDIRECT] Sep 09, 2025 1:25:00 PM java.util.prefs.FileSystemPreferences syncWorld
2025-09-09 13:25:00,882 [ERROR] LogOutputStream:75 - [STDERR_REDIRECT] WARNING: Couldn't flush system prefs: java.util.prefs.BackingStoreException: Couldn't get file lock.
2025-09-09 13:25:00,882 [ERROR] LogOutputStream:75 - [STDERR_REDIRECT] 
2025-09-09 13:25:30,881 [ERROR] LogOutputStream:75 - [STDERR_REDIRECT] Sep 09, 2025 1:25:30 PM java.util.prefs.FileSystemPreferences checkLockFile0ErrorCode
2025-09-09 13:25:30,881 [ERROR] LogOutputStream:75 - [STDERR_REDIRECT] WARNING: Could not lock System prefs. Unix error code 2.
2025-09-09 13:25:30,881 [ERROR] LogOutputStream:75 - [STDERR_REDIRECT] 
2025-09-09 13:25:30,881 [ERROR] LogOutputStream:75 - [STDERR_REDIRECT] Sep 09, 2025 1:25:30 PM java.util.prefs.FileSystemPreferences syncWorld
2025-09-09 13:25:30,882 [ERROR] LogOutputStream:75 - [STDERR_REDIRECT] WARNING: Couldn't flush system prefs: java.util.prefs.BackingStoreException: Couldn't get file lock.
2025-09-09 13:25:30,882 [ERROR] LogOutputStream:75 - [STDERR_REDIRECT] 
2025-09-09 13:26:00,881 [ERROR] LogOutputStream:75 - [STDERR_REDIRECT] Sep 09, 2025 1:26:00 PM java.util.prefs.FileSystemPreferences checkLockFile0ErrorCode
2025-09-09 13:26:00,881 [ERROR] LogOutputStream:75 - [STDERR_REDIRECT] WARNING: Could not lock System prefs. Unix error code 2.
2025-09-09 13:26:00,881 [ERROR] LogOutputStream:75 - [STDERR_REDIRECT] 
2025-09-09 13:26:00,882 [ERROR] LogOutputStream:75 - [STDERR_REDIRECT] Sep 09, 2025 1:26:00 PM java.util.prefs.FileSystemPreferences syncWorld
2025-09-09 13:26:00,882 [ERROR] LogOutputStream:75 - [STDERR_REDIRECT] WARNING: Couldn't flush system prefs: java.util.prefs.BackingStoreException: Couldn't get file lock.
2025-09-09 13:26:00,882 [ERROR] LogOutputStream:75 - [STDERR_REDIRECT] 
2025-09-09 13:26:30,881 [ERROR] LogOutputStream:75 - [STDERR_REDIRECT] Sep 09, 2025 1:26:30 PM java.util.prefs.FileSystemPreferences checkLockFile0ErrorCode
2025-09-09 13:26:30,881 [ERROR] LogOutputStream:75 - [STDERR_REDIRECT] WARNING: Could not lock System prefs. Unix error code 2.
2025-09-09 13:26:30,881 [ERROR] LogOutputStream:75 - [STDERR_REDIRECT] 
2025-09-09 13:26:30,881 [ERROR] LogOutputStream:75 - [STDERR_REDIRECT] Sep 09, 2025 1:26:30 PM java.util.prefs.FileSystemPreferences syncWorld
2025-09-09 13:26:30,882 [ERROR] LogOutputStream:75 - [STDERR_REDIRECT] WARNING: Couldn't flush system prefs: java.util.prefs.BackingStoreException: Couldn't get file lock.
2025-09-09 13:26:30,882 [ERROR] LogOutputStream:75 - [STDERR_REDIRECT] 
2025-09-09 13:27:00,880 [ERROR] LogOutputStream:75 - [STDERR_REDIRECT] Sep 09, 2025 1:27:00 PM java.util.prefs.FileSystemPreferences checkLockFile0ErrorCode
2025-09-09 13:27:00,880 [ERROR] LogOutputStream:75 - [STDERR_REDIRECT] WARNING: Could not lock System prefs. Unix error code 2.
2025-09-09 13:27:00,881 [ERROR] LogOutputStream:75 - [STDERR_REDIRECT] 
2025-09-09 13:27:00,881 [ERROR] LogOutputStream:75 - [STDERR_REDIRECT] Sep 09, 2025 1:27:00 PM java.util.prefs.FileSystemPreferences syncWorld
2025-09-09 13:27:00,881 [ERROR] LogOutputStream:75 - [STDERR_REDIRECT] WARNING: Couldn't flush system prefs: java.util.prefs.BackingStoreException: Couldn't get file lock.
2025-09-09 13:27:00,881 [ERROR] LogOutputStream:75 - [STDERR_REDIRECT] 
2025-09-09 13:27:30,881 [ERROR] LogOutputStream:75 - [STDERR_REDIRECT] Sep 09, 2025 1:27:30 PM java.util.prefs.FileSystemPreferences checkLockFile0ErrorCode
2025-09-09 13:27:30,881 [ERROR] LogOutputStream:75 - [STDERR_REDIRECT] WARNING: Could not lock System prefs. Unix error code 2.
2025-09-09 13:27:30,881 [ERROR] LogOutputStream:75 - [STDERR_REDIRECT] 
2025-09-09 13:27:30,881 [ERROR] LogOutputStream:75 - [STDERR_REDIRECT] Sep 09, 2025 1:27:30 PM java.util.prefs.FileSystemPreferences syncWorld
2025-09-09 13:27:30,882 [ERROR] LogOutputStream:75 - [STDERR_REDIRECT] WARNING: Couldn't flush system prefs: java.util.prefs.BackingStoreException: Couldn't get file lock.
2025-09-09 13:27:30,882 [ERROR] LogOutputStream:75 - [STDERR_REDIRECT] 
2025-09-09 13:28:00,880 [ERROR] LogOutputStream:75 - [STDERR_REDIRECT] Sep 09, 2025 1:28:00 PM java.util.prefs.FileSystemPreferences checkLockFile0ErrorCode
2025-09-09 13:28:00,881 [ERROR] LogOutputStream:75 - [STDERR_REDIRECT] WARNING: Could not lock System prefs. Unix error code 2.
2025-09-09 13:28:00,881 [ERROR] LogOutputStream:75 - [STDERR_REDIRECT] 
2025-09-09 13:28:00,881 [ERROR] LogOutputStream:75 - [STDERR_REDIRECT] Sep 09, 2025 1:28:00 PM java.util.prefs.FileSystemPreferences syncWorld
2025-09-09 13:28:00,881 [ERROR] LogOutputStream:75 - [STDERR_REDIRECT] WARNING: Couldn't flush system prefs: java.util.prefs.BackingStoreException: Couldn't get file lock.
2025-09-09 13:28:00,882 [ERROR] LogOutputStream:75 - [STDERR_REDIRECT] 
2025-09-09 13:28:30,880 [ERROR] LogOutputStream:75 - [STDERR_REDIRECT] Sep 09, 2025 1:28:30 PM java.util.prefs.FileSystemPreferences checkLockFile0ErrorCode
2025-09-09 13:28:30,881 [ERROR] LogOutputStream:75 - [STDERR_REDIRECT] WARNING: Could not lock System prefs. Unix error code 2.
2025-09-09 13:28:30,881 [ERROR] LogOutputStream:75 - [STDERR_REDIRECT] 
2025-09-09 13:28:30,881 [ERROR] LogOutputStream:75 - [STDERR_REDIRECT] Sep 09, 2025 1:28:30 PM java.util.prefs.FileSystemPreferences syncWorld
2025-09-09 13:28:30,881 [ERROR] LogOutputStream:75 - [STDERR_REDIRECT] WARNING: Couldn't flush system prefs: java.util.prefs.BackingStoreException: Couldn't get file lock.
2025-09-09 13:28:30,882 [ERROR] LogOutputStream:75 - [STDERR_REDIRECT] 
2025-09-09 13:29:00,880 [ERROR] LogOutputStream:75 - [STDERR_REDIRECT] Sep 09, 2025 1:29:00 PM java.util.prefs.FileSystemPreferences checkLockFile0ErrorCode
2025-09-09 13:29:00,880 [ERROR] LogOutputStream:75 - [STDERR_REDIRECT] WARNING: Could not lock System prefs. Unix error code 2.
2025-09-09 13:29:00,880 [ERROR] LogOutputStream:75 - [STDERR_REDIRECT] 
2025-09-09 13:29:00,881 [ERROR] LogOutputStream:75 - [STDERR_REDIRECT] Sep 09, 2025 1:29:00 PM java.util.prefs.FileSystemPreferences syncWorld
2025-09-09 13:29:00,881 [ERROR] LogOutputStream:75 - [STDERR_REDIRECT] WARNING: Couldn't flush system prefs: java.util.prefs.BackingStoreException: Couldn't get file lock.
2025-09-09 13:29:00,881 [ERROR] LogOutputStream:75 - [STDERR_REDIRECT] 
2025-09-09 13:29:30,880 [ERROR] LogOutputStream:75 - [STDERR_REDIRECT] Sep 09, 2025 1:29:30 PM java.util.prefs.FileSystemPreferences checkLockFile0ErrorCode
2025-09-09 13:29:30,881 [ERROR] LogOutputStream:75 - [STDERR_REDIRECT] WARNING: Could not lock System prefs. Unix error code 2.
2025-09-09 13:29:30,881 [ERROR] LogOutputStream:75 - [STDERR_REDIRECT] 
2025-09-09 13:29:30,881 [ERROR] LogOutputStream:75 - [STDERR_REDIRECT] Sep 09, 2025 1:29:30 PM java.util.prefs.FileSystemPreferences syncWorld
2025-09-09 13:29:30,882 [ERROR] LogOutputStream:75 - [STDERR_REDIRECT] WARNING: Couldn't flush system prefs: java.util.prefs.BackingStoreException: Couldn't get file lock.
2025-09-09 13:29:30,882 [ERROR] LogOutputStream:75 - [STDERR_REDIRECT] 
2025-09-09 13:30:00,880 [ERROR] LogOutputStream:75 - [STDERR_REDIRECT] Sep 09, 2025 1:30:00 PM java.util.prefs.FileSystemPreferences checkLockFile0ErrorCode
2025-09-09 13:30:00,881 [ERROR] LogOutputStream:75 - [STDERR_REDIRECT] WARNING: Could not lock System prefs. Unix error code 2.
2025-09-09 13:30:00,881 [ERROR] LogOutputStream:75 - [STDERR_REDIRECT] 
2025-09-09 13:30:00,881 [ERROR] LogOutputStream:75 - [STDERR_REDIRECT] Sep 09, 2025 1:30:00 PM java.util.prefs.FileSystemPreferences syncWorld
2025-09-09 13:30:00,882 [ERROR] LogOutputStream:75 - [STDERR_REDIRECT] WARNING: Couldn't flush system prefs: java.util.prefs.BackingStoreException: Couldn't get file lock.
2025-09-09 13:30:00,882 [ERROR] LogOutputStream:75 - [STDERR_REDIRECT] 
2025-09-09 13:30:30,881 [ERROR] LogOutputStream:75 - [STDERR_REDIRECT] Sep 09, 2025 1:30:30 PM java.util.prefs.FileSystemPreferences checkLockFile0ErrorCode
2025-09-09 13:30:30,881 [ERROR] LogOutputStream:75 - [STDERR_REDIRECT] WARNING: Could not lock System prefs. Unix error code 2.
2025-09-09 13:30:30,881 [ERROR] LogOutputStream:75 - [STDERR_REDIRECT] 
2025-09-09 13:30:30,881 [ERROR] LogOutputStream:75 - [STDERR_REDIRECT] Sep 09, 2025 1:30:30 PM java.util.prefs.FileSystemPreferences syncWorld
2025-09-09 13:30:30,882 [ERROR] LogOutputStream:75 - [STDERR_REDIRECT] WARNING: Couldn't flush system prefs: java.util.prefs.BackingStoreException: Couldn't get file lock.
2025-09-09 13:30:30,882 [ERROR] LogOutputStream:75 - [STDERR_REDIRECT] 
2025-09-09 13:31:00,881 [ERROR] LogOutputStream:75 - [STDERR_REDIRECT] Sep 09, 2025 1:31:00 PM java.util.prefs.FileSystemPreferences checkLockFile0ErrorCode
2025-09-09 13:31:00,881 [ERROR] LogOutputStream:75 - [STDERR_REDIRECT] WARNING: Could not lock System prefs. Unix error code 2.
2025-09-09 13:31:00,881 [ERROR] LogOutputStream:75 - [STDERR_REDIRECT] 
2025-09-09 13:31:00,882 [ERROR] LogOutputStream:75 - [STDERR_REDIRECT] Sep 09, 2025 1:31:00 PM java.util.prefs.FileSystemPreferences syncWorld
2025-09-09 13:31:00,882 [ERROR] LogOutputStream:75 - [STDERR_REDIRECT] WARNING: Couldn't flush system prefs: java.util.prefs.BackingStoreException: Couldn't get file lock.
2025-09-09 13:31:00,882 [ERROR] LogOutputStream:75 - [STDERR_REDIRECT] 
2025-09-09 13:31:30,881 [ERROR] LogOutputStream:75 - [STDERR_REDIRECT] Sep 09, 2025 1:31:30 PM java.util.prefs.FileSystemPreferences checkLockFile0ErrorCode
2025-09-09 13:31:30,881 [ERROR] LogOutputStream:75 - [STDERR_REDIRECT] WARNING: Could not lock System prefs. Unix error code 2.
2025-09-09 13:31:30,881 [ERROR] LogOutputStream:75 - [STDERR_REDIRECT] 
2025-09-09 13:31:30,882 [ERROR] LogOutputStream:75 - [STDERR_REDIRECT] Sep 09, 2025 1:31:30 PM java.util.prefs.FileSystemPreferences syncWorld
2025-09-09 13:31:30,882 [ERROR] LogOutputStream:75 - [STDERR_REDIRECT] WARNING: Couldn't flush system prefs: java.util.prefs.BackingStoreException: Couldn't get file lock.
2025-09-09 13:31:30,882 [ERROR] LogOutputStream:75 - [STDERR_REDIRECT] 
2025-09-09 13:32:00,882 [ERROR] LogOutputStream:75 - [STDERR_REDIRECT] Sep 09, 2025 1:32:00 PM java.util.prefs.FileSystemPreferences checkLockFile0ErrorCode
2025-09-09 13:32:00,882 [ERROR] LogOutputStream:75 - [STDERR_REDIRECT] WARNING: Could not lock System prefs. Unix error code 2.
2025-09-09 13:32:00,882 [ERROR] LogOutputStream:75 - [STDERR_REDIRECT] 
2025-09-09 13:32:00,883 [ERROR] LogOutputStream:75 - [STDERR_REDIRECT] Sep 09, 2025 1:32:00 PM java.util.prefs.FileSystemPreferences syncWorld
2025-09-09 13:32:00,883 [ERROR] LogOutputStream:75 - [STDERR_REDIRECT] WARNING: Couldn't flush system prefs: java.util.prefs.BackingStoreException: Couldn't get file lock.
2025-09-09 13:32:00,883 [ERROR] LogOutputStream:75 - [STDERR_REDIRECT] 
2025-09-09 13:32:30,882 [ERROR] LogOutputStream:75 - [STDERR_REDIRECT] Sep 09, 2025 1:32:30 PM java.util.prefs.FileSystemPreferences checkLockFile0ErrorCode
2025-09-09 13:32:30,882 [ERROR] LogOutputStream:75 - [STDERR_REDIRECT] WARNING: Could not lock System prefs. Unix error code 2.
2025-09-09 13:32:30,882 [ERROR] LogOutputStream:75 - [STDERR_REDIRECT] 
2025-09-09 13:32:30,882 [ERROR] LogOutputStream:75 - [STDERR_REDIRECT] Sep 09, 2025 1:32:30 PM java.util.prefs.FileSystemPreferences syncWorld
2025-09-09 13:32:30,883 [ERROR] LogOutputStream:75 - [STDERR_REDIRECT] WARNING: Couldn't flush system prefs: java.util.prefs.BackingStoreException: Couldn't get file lock.
2025-09-09 13:32:30,883 [ERROR] LogOutputStream:75 - [STDERR_REDIRECT] 
2025-09-09 13:33:00,883 [ERROR] LogOutputStream:75 - [STDERR_REDIRECT] Sep 09, 2025 1:33:00 PM java.util.prefs.FileSystemPreferences checkLockFile0ErrorCode
2025-09-09 13:33:00,883 [ERROR] LogOutputStream:75 - [STDERR_REDIRECT] WARNING: Could not lock System prefs. Unix error code 2.
2025-09-09 13:33:00,883 [ERROR] LogOutputStream:75 - [STDERR_REDIRECT] 
2025-09-09 13:33:00,884 [ERROR] LogOutputStream:75 - [STDERR_REDIRECT] Sep 09, 2025 1:33:00 PM java.util.prefs.FileSystemPreferences syncWorld
2025-09-09 13:33:00,885 [ERROR] LogOutputStream:75 - [STDERR_REDIRECT] WARNING: Couldn't flush system prefs: java.util.prefs.BackingStoreException: Couldn't get file lock.
2025-09-09 13:33:00,885 [ERROR] LogOutputStream:75 - [STDERR_REDIRECT] 
2025-09-09 13:33:30,882 [ERROR] LogOutputStream:75 - [STDERR_REDIRECT] Sep 09, 2025 1:33:30 PM java.util.prefs.FileSystemPreferences checkLockFile0ErrorCode
2025-09-09 13:33:30,882 [ERROR] LogOutputStream:75 - [STDERR_REDIRECT] WARNING: Could not lock System prefs. Unix error code 2.
2025-09-09 13:33:30,882 [ERROR] LogOutputStream:75 - [STDERR_REDIRECT] 
2025-09-09 13:33:30,883 [ERROR] LogOutputStream:75 - [STDERR_REDIRECT] Sep 09, 2025 1:33:30 PM java.util.prefs.FileSystemPreferences syncWorld
2025-09-09 13:33:30,883 [ERROR] LogOutputStream:75 - [STDERR_REDIRECT] WARNING: Couldn't flush system prefs: java.util.prefs.BackingStoreException: Couldn't get file lock.
2025-09-09 13:33:30,884 [ERROR] LogOutputStream:75 - [STDERR_REDIRECT] 
2025-09-09 13:34:00,881 [ERROR] LogOutputStream:75 - [STDERR_REDIRECT] Sep 09, 2025 1:34:00 PM java.util.prefs.FileSystemPreferences checkLockFile0ErrorCode
2025-09-09 13:34:00,882 [ERROR] LogOutputStream:75 - [STDERR_REDIRECT] WARNING: Could not lock System prefs. Unix error code 2.
2025-09-09 13:34:00,882 [ERROR] LogOutputStream:75 - [STDERR_REDIRECT] 
2025-09-09 13:34:00,883 [ERROR] LogOutputStream:75 - [STDERR_REDIRECT] Sep 09, 2025 1:34:00 PM java.util.prefs.FileSystemPreferences syncWorld
2025-09-09 13:34:00,883 [ERROR] LogOutputStream:75 - [STDERR_REDIRECT] WARNING: Couldn't flush system prefs: java.util.prefs.BackingStoreException: Couldn't get file lock.
2025-09-09 13:34:00,883 [ERROR] LogOutputStream:75 - [STDERR_REDIRECT] 
2025-09-09 13:34:30,883 [ERROR] LogOutputStream:75 - [STDERR_REDIRECT] Sep 09, 2025 1:34:30 PM java.util.prefs.FileSystemPreferences checkLockFile0ErrorCode
2025-09-09 13:34:30,883 [ERROR] LogOutputStream:75 - [STDERR_REDIRECT] WARNING: Could not lock System prefs. Unix error code 2.
2025-09-09 13:34:30,883 [ERROR] LogOutputStream:75 - [STDERR_REDIRECT] 
2025-09-09 13:34:30,884 [ERROR] LogOutputStream:75 - [STDERR_REDIRECT] Sep 09, 2025 1:34:30 PM java.util.prefs.FileSystemPreferences syncWorld
2025-09-09 13:34:30,884 [ERROR] LogOutputStream:75 - [STDERR_REDIRECT] WARNING: Couldn't flush system prefs: java.util.prefs.BackingStoreException: Couldn't get file lock.
2025-09-09 13:34:30,884 [ERROR] LogOutputStream:75 - [STDERR_REDIRECT] 
2025-09-09 13:35:00,885 [ERROR] LogOutputStream:75 - [STDERR_REDIRECT] Sep 09, 2025 1:35:00 PM java.util.prefs.FileSystemPreferences checkLockFile0ErrorCode
2025-09-09 13:35:00,885 [ERROR] LogOutputStream:75 - [STDERR_REDIRECT] WARNING: Could not lock System prefs. Unix error code 2.
2025-09-09 13:35:00,885 [ERROR] LogOutputStream:75 - [STDERR_REDIRECT] 
2025-09-09 13:35:00,886 [ERROR] LogOutputStream:75 - [STDERR_REDIRECT] Sep 09, 2025 1:35:00 PM java.util.prefs.FileSystemPreferences syncWorld
2025-09-09 13:35:00,886 [ERROR] LogOutputStream:75 - [STDERR_REDIRECT] WARNING: Couldn't flush system prefs: java.util.prefs.BackingStoreException: Couldn't get file lock.
2025-09-09 13:35:00,886 [ERROR] LogOutputStream:75 - [STDERR_REDIRECT] 
2025-09-09 13:35:30,884 [ERROR] LogOutputStream:75 - [STDERR_REDIRECT] Sep 09, 2025 1:35:30 PM java.util.prefs.FileSystemPreferences checkLockFile0ErrorCode
2025-09-09 13:35:30,884 [ERROR] LogOutputStream:75 - [STDERR_REDIRECT] WARNING: Could not lock System prefs. Unix error code 2.
2025-09-09 13:35:30,884 [ERROR] LogOutputStream:75 - [STDERR_REDIRECT] 
2025-09-09 13:35:30,885 [ERROR] LogOutputStream:75 - [STDERR_REDIRECT] Sep 09, 2025 1:35:30 PM java.util.prefs.FileSystemPreferences syncWorld
2025-09-09 13:35:30,885 [ERROR] LogOutputStream:75 - [STDERR_REDIRECT] WARNING: Couldn't flush system prefs: java.util.prefs.BackingStoreException: Couldn't get file lock.
2025-09-09 13:35:30,885 [ERROR] LogOutputStream:75 - [STDERR_REDIRECT] 
2025-09-09 13:36:00,882 [ERROR] LogOutputStream:75 - [STDERR_REDIRECT] Sep 09, 2025 1:36:00 PM java.util.prefs.FileSystemPreferences checkLockFile0ErrorCode
2025-09-09 13:36:00,883 [ERROR] LogOutputStream:75 - [STDERR_REDIRECT] WARNING: Could not lock System prefs. Unix error code 2.
2025-09-09 13:36:00,883 [ERROR] LogOutputStream:75 - [STDERR_REDIRECT] 
2025-09-09 13:36:00,883 [ERROR] LogOutputStream:75 - [STDERR_REDIRECT] Sep 09, 2025 1:36:00 PM java.util.prefs.FileSystemPreferences syncWorld
2025-09-09 13:36:00,884 [ERROR] LogOutputStream:75 - [STDERR_REDIRECT] WARNING: Couldn't flush system prefs: java.util.prefs.BackingStoreException: Couldn't get file lock.
2025-09-09 13:36:00,884 [ERROR] LogOutputStream:75 - [STDERR_REDIRECT] 
2025-09-09 13:36:30,885 [ERROR] LogOutputStream:75 - [STDERR_REDIRECT] Sep 09, 2025 1:36:30 PM java.util.prefs.FileSystemPreferences checkLockFile0ErrorCode
2025-09-09 13:36:30,886 [ERROR] LogOutputStream:75 - [STDERR_REDIRECT] WARNING: Could not lock System prefs. Unix error code 2.
2025-09-09 13:36:30,886 [ERROR] LogOutputStream:75 - [STDERR_REDIRECT] 
2025-09-09 13:36:30,887 [ERROR] LogOutputStream:75 - [STDERR_REDIRECT] Sep 09, 2025 1:36:30 PM java.util.prefs.FileSystemPreferences syncWorld
2025-09-09 13:36:30,887 [ERROR] LogOutputStream:75 - [STDERR_REDIRECT] WARNING: Couldn't flush system prefs: java.util.prefs.BackingStoreException: Couldn't get file lock.
2025-09-09 13:36:30,887 [ERROR] LogOutputStream:75 - [STDERR_REDIRECT] 
2025-09-09 13:37:00,883 [ERROR] LogOutputStream:75 - [STDERR_REDIRECT] Sep 09, 2025 1:37:00 PM java.util.prefs.FileSystemPreferences checkLockFile0ErrorCode
2025-09-09 13:37:00,884 [ERROR] LogOutputStream:75 - [STDERR_REDIRECT] WARNING: Could not lock System prefs. Unix error code 2.
2025-09-09 13:37:00,884 [ERROR] LogOutputStream:75 - [STDERR_REDIRECT] 
2025-09-09 13:37:00,885 [ERROR] LogOutputStream:75 - [STDERR_REDIRECT] Sep 09, 2025 1:37:00 PM java.util.prefs.FileSystemPreferences syncWorld
2025-09-09 13:37:00,886 [ERROR] LogOutputStream:75 - [STDERR_REDIRECT] WARNING: Couldn't flush system prefs: java.util.prefs.BackingStoreException: Couldn't get file lock.
2025-09-09 13:37:00,886 [ERROR] LogOutputStream:75 - [STDERR_REDIRECT] 
2025-09-09 13:37:30,883 [ERROR] LogOutputStream:75 - [STDERR_REDIRECT] Sep 09, 2025 1:37:30 PM java.util.prefs.FileSystemPreferences checkLockFile0ErrorCode
2025-09-09 13:37:30,883 [ERROR] LogOutputStream:75 - [STDERR_REDIRECT] WARNING: Could not lock System prefs. Unix error code 2.
2025-09-09 13:37:30,883 [ERROR] LogOutputStream:75 - [STDERR_REDIRECT] 
2025-09-09 13:37:30,884 [ERROR] LogOutputStream:75 - [STDERR_REDIRECT] Sep 09, 2025 1:37:30 PM java.util.prefs.FileSystemPreferences syncWorld
2025-09-09 13:37:30,884 [ERROR] LogOutputStream:75 - [STDERR_REDIRECT] WARNING: Couldn't flush system prefs: java.util.prefs.BackingStoreException: Couldn't get file lock.
2025-09-09 13:37:30,884 [ERROR] LogOutputStream:75 - [STDERR_REDIRECT] 
2025-09-09 13:38:00,884 [ERROR] LogOutputStream:75 - [STDERR_REDIRECT] Sep 09, 2025 1:38:00 PM java.util.prefs.FileSystemPreferences checkLockFile0ErrorCode
2025-09-09 13:38:00,884 [ERROR] LogOutputStream:75 - [STDERR_REDIRECT] WARNING: Could not lock System prefs. Unix error code 2.
2025-09-09 13:38:00,884 [ERROR] LogOutputStream:75 - [STDERR_REDIRECT] 
2025-09-09 13:38:00,885 [ERROR] LogOutputStream:75 - [STDERR_REDIRECT] Sep 09, 2025 1:38:00 PM java.util.prefs.FileSystemPreferences syncWorld
2025-09-09 13:38:00,885 [ERROR] LogOutputStream:75 - [STDERR_REDIRECT] WARNING: Couldn't flush system prefs: java.util.prefs.BackingStoreException: Couldn't get file lock.
2025-09-09 13:38:00,885 [ERROR] LogOutputStream:75 - [STDERR_REDIRECT] 
2025-09-09 13:38:30,884 [ERROR] LogOutputStream:75 - [STDERR_REDIRECT] Sep 09, 2025 1:38:30 PM java.util.prefs.FileSystemPreferences checkLockFile0ErrorCode
2025-09-09 13:38:30,885 [ERROR] LogOutputStream:75 - [STDERR_REDIRECT] WARNING: Could not lock System prefs. Unix error code 2.
2025-09-09 13:38:30,885 [ERROR] LogOutputStream:75 - [STDERR_REDIRECT] 
2025-09-09 13:38:30,885 [ERROR] LogOutputStream:75 - [STDERR_REDIRECT] Sep 09, 2025 1:38:30 PM java.util.prefs.FileSystemPreferences syncWorld
2025-09-09 13:38:30,886 [ERROR] LogOutputStream:75 - [STDERR_REDIRECT] WARNING: Couldn't flush system prefs: java.util.prefs.BackingStoreException: Couldn't get file lock.
2025-09-09 13:38:30,886 [ERROR] LogOutputStream:75 - [STDERR_REDIRECT] 
2025-09-09 13:39:00,885 [ERROR] LogOutputStream:75 - [STDERR_REDIRECT] Sep 09, 2025 1:39:00 PM java.util.prefs.FileSystemPreferences checkLockFile0ErrorCode
2025-09-09 13:39:00,886 [ERROR] LogOutputStream:75 - [STDERR_REDIRECT] WARNING: Could not lock System prefs. Unix error code 2.
2025-09-09 13:39:00,886 [ERROR] LogOutputStream:75 - [STDERR_REDIRECT] 
2025-09-09 13:39:00,886 [ERROR] LogOutputStream:75 - [STDERR_REDIRECT] Sep 09, 2025 1:39:00 PM java.util.prefs.FileSystemPreferences syncWorld
2025-09-09 13:39:00,886 [ERROR] LogOutputStream:75 - [STDERR_REDIRECT] WARNING: Couldn't flush system prefs: java.util.prefs.BackingStoreException: Couldn't get file lock.
2025-09-09 13:39:00,886 [ERROR] LogOutputStream:75 - [STDERR_REDIRECT] 
2025-09-09 13:39:30,884 [ERROR] LogOutputStream:75 - [STDERR_REDIRECT] Sep 09, 2025 1:39:30 PM java.util.prefs.FileSystemPreferences checkLockFile0ErrorCode
2025-09-09 13:39:30,884 [ERROR] LogOutputStream:75 - [STDERR_REDIRECT] WARNING: Could not lock System prefs. Unix error code 2.
2025-09-09 13:39:30,884 [ERROR] LogOutputStream:75 - [STDERR_REDIRECT] 
2025-09-09 13:39:30,885 [ERROR] LogOutputStream:75 - [STDERR_REDIRECT] Sep 09, 2025 1:39:30 PM java.util.prefs.FileSystemPreferences syncWorld
2025-09-09 13:39:30,885 [ERROR] LogOutputStream:75 - [STDERR_REDIRECT] WARNING: Couldn't flush system prefs: java.util.prefs.BackingStoreException: Couldn't get file lock.
2025-09-09 13:39:30,885 [ERROR] LogOutputStream:75 - [STDERR_REDIRECT] 
2025-09-09 13:40:00,884 [ERROR] LogOutputStream:75 - [STDERR_REDIRECT] Sep 09, 2025 1:40:00 PM java.util.prefs.FileSystemPreferences checkLockFile0ErrorCode
2025-09-09 13:40:00,885 [ERROR] LogOutputStream:75 - [STDERR_REDIRECT] WARNING: Could not lock System prefs. Unix error code 2.
2025-09-09 13:40:00,885 [ERROR] LogOutputStream:75 - [STDERR_REDIRECT] 
2025-09-09 13:40:00,886 [ERROR] LogOutputStream:75 - [STDERR_REDIRECT] Sep 09, 2025 1:40:00 PM java.util.prefs.FileSystemPreferences syncWorld
2025-09-09 13:40:00,886 [ERROR] LogOutputStream:75 - [STDERR_REDIRECT] WARNING: Couldn't flush system prefs: java.util.prefs.BackingStoreException: Couldn't get file lock.
2025-09-09 13:40:00,886 [ERROR] LogOutputStream:75 - [STDERR_REDIRECT] 
2025-09-09 13:40:30,886 [ERROR] LogOutputStream:75 - [STDERR_REDIRECT] Sep 09, 2025 1:40:30 PM java.util.prefs.FileSystemPreferences checkLockFile0ErrorCode
2025-09-09 13:40:30,886 [ERROR] LogOutputStream:75 - [STDERR_REDIRECT] WARNING: Could not lock System prefs. Unix error code 2.
2025-09-09 13:40:30,886 [ERROR] LogOutputStream:75 - [STDERR_REDIRECT] 
2025-09-09 13:40:30,887 [ERROR] LogOutputStream:75 - [STDERR_REDIRECT] Sep 09, 2025 1:40:30 PM java.util.prefs.FileSystemPreferences syncWorld
2025-09-09 13:40:30,887 [ERROR] LogOutputStream:75 - [STDERR_REDIRECT] WARNING: Couldn't flush system prefs: java.util.prefs.BackingStoreException: Couldn't get file lock.
2025-09-09 13:40:30,887 [ERROR] LogOutputStream:75 - [STDERR_REDIRECT] 
2025-09-09 13:41:00,885 [ERROR] LogOutputStream:75 - [STDERR_REDIRECT] Sep 09, 2025 1:41:00 PM java.util.prefs.FileSystemPreferences checkLockFile0ErrorCode
2025-09-09 13:41:00,885 [ERROR] LogOutputStream:75 - [STDERR_REDIRECT] WARNING: Could not lock System prefs. Unix error code 2.
2025-09-09 13:41:00,885 [ERROR] LogOutputStream:75 - [STDERR_REDIRECT] 
2025-09-09 13:41:00,886 [ERROR] LogOutputStream:75 - [STDERR_REDIRECT] Sep 09, 2025 1:41:00 PM java.util.prefs.FileSystemPreferences syncWorld
2025-09-09 13:41:00,886 [ERROR] LogOutputStream:75 - [STDERR_REDIRECT] WARNING: Couldn't flush system prefs: java.util.prefs.BackingStoreException: Couldn't get file lock.
2025-09-09 13:41:00,886 [ERROR] LogOutputStream:75 - [STDERR_REDIRECT] 
2025-09-09 13:41:30,885 [ERROR] LogOutputStream:75 - [STDERR_REDIRECT] Sep 09, 2025 1:41:30 PM java.util.prefs.FileSystemPreferences checkLockFile0ErrorCode
2025-09-09 13:41:30,885 [ERROR] LogOutputStream:75 - [STDERR_REDIRECT] WARNING: Could not lock System prefs. Unix error code 2.
2025-09-09 13:41:30,885 [ERROR] LogOutputStream:75 - [STDERR_REDIRECT] 
2025-09-09 13:41:30,886 [ERROR] LogOutputStream:75 - [STDERR_REDIRECT] Sep 09, 2025 1:41:30 PM java.util.prefs.FileSystemPreferences syncWorld
2025-09-09 13:41:30,886 [ERROR] LogOutputStream:75 - [STDERR_REDIRECT] WARNING: Couldn't flush system prefs: java.util.prefs.BackingStoreException: Couldn't get file lock.
2025-09-09 13:41:30,886 [ERROR] LogOutputStream:75 - [STDERR_REDIRECT] 
2025-09-09 13:42:00,885 [ERROR] LogOutputStream:75 - [STDERR_REDIRECT] Sep 09, 2025 1:42:00 PM java.util.prefs.FileSystemPreferences checkLockFile0ErrorCode
2025-09-09 13:42:00,886 [ERROR] LogOutputStream:75 - [STDERR_REDIRECT] WARNING: Could not lock System prefs. Unix error code 2.
2025-09-09 13:42:00,886 [ERROR] LogOutputStream:75 - [STDERR_REDIRECT] 
2025-09-09 13:42:00,886 [ERROR] LogOutputStream:75 - [STDERR_REDIRECT] Sep 09, 2025 1:42:00 PM java.util.prefs.FileSystemPreferences syncWorld
2025-09-09 13:42:00,887 [ERROR] LogOutputStream:75 - [STDERR_REDIRECT] WARNING: Couldn't flush system prefs: java.util.prefs.BackingStoreException: Couldn't get file lock.
2025-09-09 13:42:00,887 [ERROR] LogOutputStream:75 - [STDERR_REDIRECT] 
2025-09-09 13:42:30,885 [ERROR] LogOutputStream:75 - [STDERR_REDIRECT] Sep 09, 2025 1:42:30 PM java.util.prefs.FileSystemPreferences checkLockFile0ErrorCode
2025-09-09 13:42:30,885 [ERROR] LogOutputStream:75 - [STDERR_REDIRECT] WARNING: Could not lock System prefs. Unix error code 2.
2025-09-09 13:42:30,885 [ERROR] LogOutputStream:75 - [STDERR_REDIRECT] 
2025-09-09 13:42:30,886 [ERROR] LogOutputStream:75 - [STDERR_REDIRECT] Sep 09, 2025 1:42:30 PM java.util.prefs.FileSystemPreferences syncWorld
2025-09-09 13:42:30,886 [ERROR] LogOutputStream:75 - [STDERR_REDIRECT] WARNING: Couldn't flush system prefs: java.util.prefs.BackingStoreException: Couldn't get file lock.
2025-09-09 13:42:30,886 [ERROR] LogOutputStream:75 - [STDERR_REDIRECT] 
2025-09-09 13:43:00,885 [ERROR] LogOutputStream:75 - [STDERR_REDIRECT] Sep 09, 2025 1:43:00 PM java.util.prefs.FileSystemPreferences checkLockFile0ErrorCode
2025-09-09 13:43:00,886 [ERROR] LogOutputStream:75 - [STDERR_REDIRECT] WARNING: Could not lock System prefs. Unix error code 2.
2025-09-09 13:43:00,886 [ERROR] LogOutputStream:75 - [STDERR_REDIRECT] 
2025-09-09 13:43:00,886 [ERROR] LogOutputStream:75 - [STDERR_REDIRECT] Sep 09, 2025 1:43:00 PM java.util.prefs.FileSystemPreferences syncWorld
2025-09-09 13:43:00,887 [ERROR] LogOutputStream:75 - [STDERR_REDIRECT] WARNING: Couldn't flush system prefs: java.util.prefs.BackingStoreException: Couldn't get file lock.
2025-09-09 13:43:00,887 [ERROR] LogOutputStream:75 - [STDERR_REDIRECT] 
2025-09-09 13:43:30,885 [ERROR] LogOutputStream:75 - [STDERR_REDIRECT] Sep 09, 2025 1:43:30 PM java.util.prefs.FileSystemPreferences checkLockFile0ErrorCode
2025-09-09 13:43:30,885 [ERROR] LogOutputStream:75 - [STDERR_REDIRECT] WARNING: Could not lock System prefs. Unix error code 2.
2025-09-09 13:43:30,886 [ERROR] LogOutputStream:75 - [STDERR_REDIRECT] 
2025-09-09 13:43:30,886 [ERROR] LogOutputStream:75 - [STDERR_REDIRECT] Sep 09, 2025 1:43:30 PM java.util.prefs.FileSystemPreferences syncWorld
2025-09-09 13:43:30,887 [ERROR] LogOutputStream:75 - [STDERR_REDIRECT] WARNING: Couldn't flush system prefs: java.util.prefs.BackingStoreException: Couldn't get file lock.
2025-09-09 13:43:30,887 [ERROR] LogOutputStream:75 - [STDERR_REDIRECT] 
2025-09-09 13:44:00,885 [ERROR] LogOutputStream:75 - [STDERR_REDIRECT] Sep 09, 2025 1:44:00 PM java.util.prefs.FileSystemPreferences checkLockFile0ErrorCode
2025-09-09 13:44:00,886 [ERROR] LogOutputStream:75 - [STDERR_REDIRECT] WARNING: Could not lock System prefs. Unix error code 2.
2025-09-09 13:44:00,886 [ERROR] LogOutputStream:75 - [STDERR_REDIRECT] 
2025-09-09 13:44:00,886 [ERROR] LogOutputStream:75 - [STDERR_REDIRECT] Sep 09, 2025 1:44:00 PM java.util.prefs.FileSystemPreferences syncWorld
2025-09-09 13:44:00,887 [ERROR] LogOutputStream:75 - [STDERR_REDIRECT] WARNING: Couldn't flush system prefs: java.util.prefs.BackingStoreException: Couldn't get file lock.
2025-09-09 13:44:00,887 [ERROR] LogOutputStream:75 - [STDERR_REDIRECT] 
2025-09-09 13:44:30,885 [ERROR] LogOutputStream:75 - [STDERR_REDIRECT] Sep 09, 2025 1:44:30 PM java.util.prefs.FileSystemPreferences checkLockFile0ErrorCode
2025-09-09 13:44:30,885 [ERROR] LogOutputStream:75 - [STDERR_REDIRECT] WARNING: Could not lock System prefs. Unix error code 2.
2025-09-09 13:44:30,885 [ERROR] LogOutputStream:75 - [STDERR_REDIRECT] 
2025-09-09 13:44:30,886 [ERROR] LogOutputStream:75 - [STDERR_REDIRECT] Sep 09, 2025 1:44:30 PM java.util.prefs.FileSystemPreferences syncWorld
2025-09-09 13:44:30,886 [ERROR] LogOutputStream:75 - [STDERR_REDIRECT] WARNING: Couldn't flush system prefs: java.util.prefs.BackingStoreException: Couldn't get file lock.
2025-09-09 13:44:30,886 [ERROR] LogOutputStream:75 - [STDERR_REDIRECT] 
2025-09-09 13:45:00,887 [ERROR] LogOutputStream:75 - [STDERR_REDIRECT] Sep 09, 2025 1:45:00 PM java.util.prefs.FileSystemPreferences checkLockFile0ErrorCode
2025-09-09 13:45:00,887 [ERROR] LogOutputStream:75 - [STDERR_REDIRECT] WARNING: Could not lock System prefs. Unix error code 2.
2025-09-09 13:45:00,887 [ERROR] LogOutputStream:75 - [STDERR_REDIRECT] 
2025-09-09 13:45:00,888 [ERROR] LogOutputStream:75 - [STDERR_REDIRECT] Sep 09, 2025 1:45:00 PM java.util.prefs.FileSystemPreferences syncWorld
2025-09-09 13:45:00,888 [ERROR] LogOutputStream:75 - [STDERR_REDIRECT] WARNING: Couldn't flush system prefs: java.util.prefs.BackingStoreException: Couldn't get file lock.
2025-09-09 13:45:00,889 [ERROR] LogOutputStream:75 - [STDERR_REDIRECT] 
2025-09-09 13:45:30,884 [ERROR] LogOutputStream:75 - [STDERR_REDIRECT] Sep 09, 2025 1:45:30 PM java.util.prefs.FileSystemPreferences checkLockFile0ErrorCode
2025-09-09 13:45:30,885 [ERROR] LogOutputStream:75 - [STDERR_REDIRECT] WARNING: Could not lock System prefs. Unix error code 2.
2025-09-09 13:45:30,885 [ERROR] LogOutputStream:75 - [STDERR_REDIRECT] 
2025-09-09 13:45:30,886 [ERROR] LogOutputStream:75 - [STDERR_REDIRECT] Sep 09, 2025 1:45:30 PM java.util.prefs.FileSystemPreferences syncWorld
2025-09-09 13:45:30,886 [ERROR] LogOutputStream:75 - [STDERR_REDIRECT] WARNING: Couldn't flush system prefs: java.util.prefs.BackingStoreException: Couldn't get file lock.
2025-09-09 13:45:30,886 [ERROR] LogOutputStream:75 - [STDERR_REDIRECT] 
2025-09-09 13:46:00,885 [ERROR] LogOutputStream:75 - [STDERR_REDIRECT] Sep 09, 2025 1:46:00 PM java.util.prefs.FileSystemPreferences checkLockFile0ErrorCode
2025-09-09 13:46:00,886 [ERROR] LogOutputStream:75 - [STDERR_REDIRECT] WARNING: Could not lock System prefs. Unix error code 2.
2025-09-09 13:46:00,886 [ERROR] LogOutputStream:75 - [STDERR_REDIRECT] 
2025-09-09 13:46:00,886 [ERROR] LogOutputStream:75 - [STDERR_REDIRECT] Sep 09, 2025 1:46:00 PM java.util.prefs.FileSystemPreferences syncWorld
2025-09-09 13:46:00,886 [ERROR] LogOutputStream:75 - [STDERR_REDIRECT] WARNING: Couldn't flush system prefs: java.util.prefs.BackingStoreException: Couldn't get file lock.
2025-09-09 13:46:00,887 [ERROR] LogOutputStream:75 - [STDERR_REDIRECT] 
2025-09-09 13:46:30,885 [ERROR] LogOutputStream:75 - [STDERR_REDIRECT] Sep 09, 2025 1:46:30 PM java.util.prefs.FileSystemPreferences checkLockFile0ErrorCode
2025-09-09 13:46:30,886 [ERROR] LogOutputStream:75 - [STDERR_REDIRECT] WARNING: Could not lock System prefs. Unix error code 2.
2025-09-09 13:46:30,886 [ERROR] LogOutputStream:75 - [STDERR_REDIRECT] 
2025-09-09 13:46:30,886 [ERROR] LogOutputStream:75 - [STDERR_REDIRECT] Sep 09, 2025 1:46:30 PM java.util.prefs.FileSystemPreferences syncWorld
2025-09-09 13:46:30,887 [ERROR] LogOutputStream:75 - [STDERR_REDIRECT] WARNING: Couldn't flush system prefs: java.util.prefs.BackingStoreException: Couldn't get file lock.
2025-09-09 13:46:30,887 [ERROR] LogOutputStream:75 - [STDERR_REDIRECT] 
2025-09-09 13:47:00,885 [ERROR] LogOutputStream:75 - [STDERR_REDIRECT] Sep 09, 2025 1:47:00 PM java.util.prefs.FileSystemPreferences checkLockFile0ErrorCode
2025-09-09 13:47:00,886 [ERROR] LogOutputStream:75 - [STDERR_REDIRECT] WARNING: Could not lock System prefs. Unix error code 2.
2025-09-09 13:47:00,886 [ERROR] LogOutputStream:75 - [STDERR_REDIRECT] 
2025-09-09 13:47:00,886 [ERROR] LogOutputStream:75 - [STDERR_REDIRECT] Sep 09, 2025 1:47:00 PM java.util.prefs.FileSystemPreferences syncWorld
2025-09-09 13:47:00,887 [ERROR] LogOutputStream:75 - [STDERR_REDIRECT] WARNING: Couldn't flush system prefs: java.util.prefs.BackingStoreException: Couldn't get file lock.
2025-09-09 13:47:00,887 [ERROR] LogOutputStream:75 - [STDERR_REDIRECT] 
2025-09-09 13:47:30,885 [ERROR] LogOutputStream:75 - [STDERR_REDIRECT] Sep 09, 2025 1:47:30 PM java.util.prefs.FileSystemPreferences checkLockFile0ErrorCode
2025-09-09 13:47:30,885 [ERROR] LogOutputStream:75 - [STDERR_REDIRECT] WARNING: Could not lock System prefs. Unix error code 2.
2025-09-09 13:47:30,885 [ERROR] LogOutputStream:75 - [STDERR_REDIRECT] 
2025-09-09 13:47:30,885 [ERROR] LogOutputStream:75 - [STDERR_REDIRECT] Sep 09, 2025 1:47:30 PM java.util.prefs.FileSystemPreferences syncWorld
2025-09-09 13:47:30,886 [ERROR] LogOutputStream:75 - [STDERR_REDIRECT] WARNING: Couldn't flush system prefs: java.util.prefs.BackingStoreException: Couldn't get file lock.
2025-09-09 13:47:30,886 [ERROR] LogOutputStream:75 - [STDERR_REDIRECT] 
2025-09-09 13:48:00,885 [ERROR] LogOutputStream:75 - [STDERR_REDIRECT] Sep 09, 2025 1:48:00 PM java.util.prefs.FileSystemPreferences checkLockFile0ErrorCode
2025-09-09 13:48:00,885 [ERROR] LogOutputStream:75 - [STDERR_REDIRECT] WARNING: Could not lock System prefs. Unix error code 2.
2025-09-09 13:48:00,885 [ERROR] LogOutputStream:75 - [STDERR_REDIRECT] 
2025-09-09 13:48:00,886 [ERROR] LogOutputStream:75 - [STDERR_REDIRECT] Sep 09, 2025 1:48:00 PM java.util.prefs.FileSystemPreferences syncWorld
2025-09-09 13:48:00,886 [ERROR] LogOutputStream:75 - [STDERR_REDIRECT] WARNING: Couldn't flush system prefs: java.util.prefs.BackingStoreException: Couldn't get file lock.
2025-09-09 13:48:00,886 [ERROR] LogOutputStream:75 - [STDERR_REDIRECT] 
2025-09-09 13:48:30,886 [ERROR] LogOutputStream:75 - [STDERR_REDIRECT] Sep 09, 2025 1:48:30 PM java.util.prefs.FileSystemPreferences checkLockFile0ErrorCode
2025-09-09 13:48:30,886 [ERROR] LogOutputStream:75 - [STDERR_REDIRECT] WARNING: Could not lock System prefs. Unix error code 2.
2025-09-09 13:48:30,886 [ERROR] LogOutputStream:75 - [STDERR_REDIRECT] 
2025-09-09 13:48:30,887 [ERROR] LogOutputStream:75 - [STDERR_REDIRECT] Sep 09, 2025 1:48:30 PM java.util.prefs.FileSystemPreferences syncWorld
2025-09-09 13:48:30,887 [ERROR] LogOutputStream:75 - [STDERR_REDIRECT] WARNING: Couldn't flush system prefs: java.util.prefs.BackingStoreException: Couldn't get file lock.
2025-09-09 13:48:30,887 [ERROR] LogOutputStream:75 - [STDERR_REDIRECT] 
2025-09-09 13:49:00,892 [ERROR] LogOutputStream:75 - [STDERR_REDIRECT] Sep 09, 2025 1:49:00 PM java.util.prefs.FileSystemPreferences checkLockFile0ErrorCode
2025-09-09 13:49:00,893 [ERROR] LogOutputStream:75 - [STDERR_REDIRECT] WARNING: Could not lock System prefs. Unix error code 2.
2025-09-09 13:49:00,893 [ERROR] LogOutputStream:75 - [STDERR_REDIRECT] 
2025-09-09 13:49:00,894 [ERROR] LogOutputStream:75 - [STDERR_REDIRECT] Sep 09, 2025 1:49:00 PM java.util.prefs.FileSystemPreferences syncWorld
2025-09-09 13:49:00,894 [ERROR] LogOutputStream:75 - [STDERR_REDIRECT] WARNING: Couldn't flush system prefs: java.util.prefs.BackingStoreException: Couldn't get file lock.
2025-09-09 13:49:00,894 [ERROR] LogOutputStream:75 - [STDERR_REDIRECT] 
2025-09-09 13:49:30,885 [ERROR] LogOutputStream:75 - [STDERR_REDIRECT] Sep 09, 2025 1:49:30 PM java.util.prefs.FileSystemPreferences checkLockFile0ErrorCode
2025-09-09 13:49:30,885 [ERROR] LogOutputStream:75 - [STDERR_REDIRECT] WARNING: Could not lock System prefs. Unix error code 2.
2025-09-09 13:49:30,885 [ERROR] LogOutputStream:75 - [STDERR_REDIRECT] 
2025-09-09 13:49:30,886 [ERROR] LogOutputStream:75 - [STDERR_REDIRECT] Sep 09, 2025 1:49:30 PM java.util.prefs.FileSystemPreferences syncWorld
2025-09-09 13:49:30,886 [ERROR] LogOutputStream:75 - [STDERR_REDIRECT] WARNING: Couldn't flush system prefs: java.util.prefs.BackingStoreException: Couldn't get file lock.
2025-09-09 13:49:30,886 [ERROR] LogOutputStream:75 - [STDERR_REDIRECT] 
2025-09-09 13:50:00,885 [ERROR] LogOutputStream:75 - [STDERR_REDIRECT] Sep 09, 2025 1:50:00 PM java.util.prefs.FileSystemPreferences checkLockFile0ErrorCode
2025-09-09 13:50:00,885 [ERROR] LogOutputStream:75 - [STDERR_REDIRECT] WARNING: Could not lock System prefs. Unix error code 2.
2025-09-09 13:50:00,886 [ERROR] LogOutputStream:75 - [STDERR_REDIRECT] 
2025-09-09 13:50:00,886 [ERROR] LogOutputStream:75 - [STDERR_REDIRECT] Sep 09, 2025 1:50:00 PM java.util.prefs.FileSystemPreferences syncWorld
2025-09-09 13:50:00,887 [ERROR] LogOutputStream:75 - [STDERR_REDIRECT] WARNING: Couldn't flush system prefs: java.util.prefs.BackingStoreException: Couldn't get file lock.
2025-09-09 13:50:00,887 [ERROR] LogOutputStream:75 - [STDERR_REDIRECT] 
2025-09-09 13:50:30,885 [ERROR] LogOutputStream:75 - [STDERR_REDIRECT] Sep 09, 2025 1:50:30 PM java.util.prefs.FileSystemPreferences checkLockFile0ErrorCode
2025-09-09 13:50:30,886 [ERROR] LogOutputStream:75 - [STDERR_REDIRECT] WARNING: Could not lock System prefs. Unix error code 2.
2025-09-09 13:50:30,886 [ERROR] LogOutputStream:75 - [STDERR_REDIRECT] 
2025-09-09 13:50:30,886 [ERROR] LogOutputStream:75 - [STDERR_REDIRECT] Sep 09, 2025 1:50:30 PM java.util.prefs.FileSystemPreferences syncWorld
2025-09-09 13:50:30,887 [ERROR] LogOutputStream:75 - [STDERR_REDIRECT] WARNING: Couldn't flush system prefs: java.util.prefs.BackingStoreException: Couldn't get file lock.
2025-09-09 13:50:30,887 [ERROR] LogOutputStream:75 - [STDERR_REDIRECT] 
2025-09-09 13:51:00,885 [ERROR] LogOutputStream:75 - [STDERR_REDIRECT] Sep 09, 2025 1:51:00 PM java.util.prefs.FileSystemPreferences checkLockFile0ErrorCode
2025-09-09 13:51:00,885 [ERROR] LogOutputStream:75 - [STDERR_REDIRECT] WARNING: Could not lock System prefs. Unix error code 2.
2025-09-09 13:51:00,885 [ERROR] LogOutputStream:75 - [STDERR_REDIRECT] 
2025-09-09 13:51:00,886 [ERROR] LogOutputStream:75 - [STDERR_REDIRECT] Sep 09, 2025 1:51:00 PM java.util.prefs.FileSystemPreferences syncWorld
2025-09-09 13:51:00,886 [ERROR] LogOutputStream:75 - [STDERR_REDIRECT] WARNING: Couldn't flush system prefs: java.util.prefs.BackingStoreException: Couldn't get file lock.
2025-09-09 13:51:00,886 [ERROR] LogOutputStream:75 - [STDERR_REDIRECT] 
2025-09-09 13:51:30,885 [ERROR] LogOutputStream:75 - [STDERR_REDIRECT] Sep 09, 2025 1:51:30 PM java.util.prefs.FileSystemPreferences checkLockFile0ErrorCode
2025-09-09 13:51:30,886 [ERROR] LogOutputStream:75 - [STDERR_REDIRECT] WARNING: Could not lock System prefs. Unix error code 2.
2025-09-09 13:51:30,886 [ERROR] LogOutputStream:75 - [STDERR_REDIRECT] 
2025-09-09 13:51:30,886 [ERROR] LogOutputStream:75 - [STDERR_REDIRECT] Sep 09, 2025 1:51:30 PM java.util.prefs.FileSystemPreferences syncWorld
2025-09-09 13:51:30,886 [ERROR] LogOutputStream:75 - [STDERR_REDIRECT] WARNING: Couldn't flush system prefs: java.util.prefs.BackingStoreException: Couldn't get file lock.
2025-09-09 13:51:30,886 [ERROR] LogOutputStream:75 - [STDERR_REDIRECT] 
2025-09-09 13:52:00,885 [ERROR] LogOutputStream:75 - [STDERR_REDIRECT] Sep 09, 2025 1:52:00 PM java.util.prefs.FileSystemPreferences checkLockFile0ErrorCode
2025-09-09 13:52:00,886 [ERROR] LogOutputStream:75 - [STDERR_REDIRECT] WARNING: Could not lock System prefs. Unix error code 2.
2025-09-09 13:52:00,886 [ERROR] LogOutputStream:75 - [STDERR_REDIRECT] 
2025-09-09 13:52:00,886 [ERROR] LogOutputStream:75 - [STDERR_REDIRECT] Sep 09, 2025 1:52:00 PM java.util.prefs.FileSystemPreferences syncWorld
2025-09-09 13:52:00,887 [ERROR] LogOutputStream:75 - [STDERR_REDIRECT] WARNING: Couldn't flush system prefs: java.util.prefs.BackingStoreException: Couldn't get file lock.
2025-09-09 13:52:00,887 [ERROR] LogOutputStream:75 - [STDERR_REDIRECT] 
2025-09-09 13:52:30,885 [ERROR] LogOutputStream:75 - [STDERR_REDIRECT] Sep 09, 2025 1:52:30 PM java.util.prefs.FileSystemPreferences checkLockFile0ErrorCode
2025-09-09 13:52:30,886 [ERROR] LogOutputStream:75 - [STDERR_REDIRECT] WARNING: Could not lock System prefs. Unix error code 2.
2025-09-09 13:52:30,886 [ERROR] LogOutputStream:75 - [STDERR_REDIRECT] 
2025-09-09 13:52:30,886 [ERROR] LogOutputStream:75 - [STDERR_REDIRECT] Sep 09, 2025 1:52:30 PM java.util.prefs.FileSystemPreferences syncWorld
2025-09-09 13:52:30,887 [ERROR] LogOutputStream:75 - [STDERR_REDIRECT] WARNING: Couldn't flush system prefs: java.util.prefs.BackingStoreException: Couldn't get file lock.
2025-09-09 13:52:30,887 [ERROR] LogOutputStream:75 - [STDERR_REDIRECT] 
2025-09-09 13:53:00,887 [ERROR] LogOutputStream:75 - [STDERR_REDIRECT] Sep 09, 2025 1:53:00 PM java.util.prefs.FileSystemPreferences checkLockFile0ErrorCode
2025-09-09 13:53:00,888 [ERROR] LogOutputStream:75 - [STDERR_REDIRECT] WARNING: Could not lock System prefs. Unix error code 2.
2025-09-09 13:53:00,888 [ERROR] LogOutputStream:75 - [STDERR_REDIRECT] 
2025-09-09 13:53:00,889 [ERROR] LogOutputStream:75 - [STDERR_REDIRECT] Sep 09, 2025 1:53:00 PM java.util.prefs.FileSystemPreferences syncWorld
2025-09-09 13:53:00,890 [ERROR] LogOutputStream:75 - [STDERR_REDIRECT] WARNING: Couldn't flush system prefs: java.util.prefs.BackingStoreException: Couldn't get file lock.
2025-09-09 13:53:00,890 [ERROR] LogOutputStream:75 - [STDERR_REDIRECT] 
2025-09-09 13:53:30,886 [ERROR] LogOutputStream:75 - [STDERR_REDIRECT] Sep 09, 2025 1:53:30 PM java.util.prefs.FileSystemPreferences checkLockFile0ErrorCode
2025-09-09 13:53:30,887 [ERROR] LogOutputStream:75 - [STDERR_REDIRECT] WARNING: Could not lock System prefs. Unix error code 2.
2025-09-09 13:53:30,887 [ERROR] LogOutputStream:75 - [STDERR_REDIRECT] 
2025-09-09 13:53:30,888 [ERROR] LogOutputStream:75 - [STDERR_REDIRECT] Sep 09, 2025 1:53:30 PM java.util.prefs.FileSystemPreferences syncWorld
2025-09-09 13:53:30,888 [ERROR] LogOutputStream:75 - [STDERR_REDIRECT] WARNING: Couldn't flush system prefs: java.util.prefs.BackingStoreException: Couldn't get file lock.
2025-09-09 13:53:30,888 [ERROR] LogOutputStream:75 - [STDERR_REDIRECT] 
2025-09-09 13:54:00,889 [ERROR] LogOutputStream:75 - [STDERR_REDIRECT] Sep 09, 2025 1:54:00 PM java.util.prefs.FileSystemPreferences checkLockFile0ErrorCode
2025-09-09 13:54:00,889 [ERROR] LogOutputStream:75 - [STDERR_REDIRECT] WARNING: Could not lock System prefs. Unix error code 2.
2025-09-09 13:54:00,890 [ERROR] LogOutputStream:75 - [STDERR_REDIRECT] 
2025-09-09 13:54:00,890 [ERROR] LogOutputStream:75 - [STDERR_REDIRECT] Sep 09, 2025 1:54:00 PM java.util.prefs.FileSystemPreferences syncWorld
2025-09-09 13:54:00,890 [ERROR] LogOutputStream:75 - [STDERR_REDIRECT] WARNING: Couldn't flush system prefs: java.util.prefs.BackingStoreException: Couldn't get file lock.
2025-09-09 13:54:00,890 [ERROR] LogOutputStream:75 - [STDERR_REDIRECT] 
2025-09-09 13:54:30,888 [ERROR] LogOutputStream:75 - [STDERR_REDIRECT] Sep 09, 2025 1:54:30 PM java.util.prefs.FileSystemPreferences checkLockFile0ErrorCode
2025-09-09 13:54:30,889 [ERROR] LogOutputStream:75 - [STDERR_REDIRECT] WARNING: Could not lock System prefs. Unix error code 2.
2025-09-09 13:54:30,889 [ERROR] LogOutputStream:75 - [STDERR_REDIRECT] 
2025-09-09 13:54:30,889 [ERROR] LogOutputStream:75 - [STDERR_REDIRECT] Sep 09, 2025 1:54:30 PM java.util.prefs.FileSystemPreferences syncWorld
2025-09-09 13:54:30,890 [ERROR] LogOutputStream:75 - [STDERR_REDIRECT] WARNING: Couldn't flush system prefs: java.util.prefs.BackingStoreException: Couldn't get file lock.
2025-09-09 13:54:30,890 [ERROR] LogOutputStream:75 - [STDERR_REDIRECT] 
2025-09-09 13:55:00,886 [ERROR] LogOutputStream:75 - [STDERR_REDIRECT] Sep 09, 2025 1:55:00 PM java.util.prefs.FileSystemPreferences checkLockFile0ErrorCode
2025-09-09 13:55:00,886 [ERROR] LogOutputStream:75 - [STDERR_REDIRECT] WARNING: Could not lock System prefs. Unix error code 2.
2025-09-09 13:55:00,887 [ERROR] LogOutputStream:75 - [STDERR_REDIRECT] 
2025-09-09 13:55:00,887 [ERROR] LogOutputStream:75 - [STDERR_REDIRECT] Sep 09, 2025 1:55:00 PM java.util.prefs.FileSystemPreferences syncWorld
2025-09-09 13:55:00,887 [ERROR] LogOutputStream:75 - [STDERR_REDIRECT] WARNING: Couldn't flush system prefs: java.util.prefs.BackingStoreException: Couldn't get file lock.
2025-09-09 13:55:00,887 [ERROR] LogOutputStream:75 - [STDERR_REDIRECT] 
2025-09-09 13:55:30,888 [ERROR] LogOutputStream:75 - [STDERR_REDIRECT] Sep 09, 2025 1:55:30 PM java.util.prefs.FileSystemPreferences checkLockFile0ErrorCode
2025-09-09 13:55:30,888 [ERROR] LogOutputStream:75 - [STDERR_REDIRECT] WARNING: Could not lock System prefs. Unix error code 2.
2025-09-09 13:55:30,888 [ERROR] LogOutputStream:75 - [STDERR_REDIRECT] 
2025-09-09 13:55:30,889 [ERROR] LogOutputStream:75 - [STDERR_REDIRECT] Sep 09, 2025 1:55:30 PM java.util.prefs.FileSystemPreferences syncWorld
2025-09-09 13:55:30,889 [ERROR] LogOutputStream:75 - [STDERR_REDIRECT] WARNING: Couldn't flush system prefs: java.util.prefs.BackingStoreException: Couldn't get file lock.
2025-09-09 13:55:30,889 [ERROR] LogOutputStream:75 - [STDERR_REDIRECT] 
2025-09-09 13:56:00,889 [ERROR] LogOutputStream:75 - [STDERR_REDIRECT] Sep 09, 2025 1:56:00 PM java.util.prefs.FileSystemPreferences checkLockFile0ErrorCode
2025-09-09 13:56:00,889 [ERROR] LogOutputStream:75 - [STDERR_REDIRECT] WARNING: Could not lock System prefs. Unix error code 2.
2025-09-09 13:56:00,889 [ERROR] LogOutputStream:75 - [STDERR_REDIRECT] 
2025-09-09 13:56:00,890 [ERROR] LogOutputStream:75 - [STDERR_REDIRECT] Sep 09, 2025 1:56:00 PM java.util.prefs.FileSystemPreferences syncWorld
2025-09-09 13:56:00,890 [ERROR] LogOutputStream:75 - [STDERR_REDIRECT] WARNING: Couldn't flush system prefs: java.util.prefs.BackingStoreException: Couldn't get file lock.
2025-09-09 13:56:00,890 [ERROR] LogOutputStream:75 - [STDERR_REDIRECT] 
2025-09-09 13:56:30,889 [ERROR] LogOutputStream:75 - [STDERR_REDIRECT] Sep 09, 2025 1:56:30 PM java.util.prefs.FileSystemPreferences checkLockFile0ErrorCode
2025-09-09 13:56:30,889 [ERROR] LogOutputStream:75 - [STDERR_REDIRECT] WARNING: Could not lock System prefs. Unix error code 2.
2025-09-09 13:56:30,889 [ERROR] LogOutputStream:75 - [STDERR_REDIRECT] 
2025-09-09 13:56:30,890 [ERROR] LogOutputStream:75 - [STDERR_REDIRECT] Sep 09, 2025 1:56:30 PM java.util.prefs.FileSystemPreferences syncWorld
2025-09-09 13:56:30,890 [ERROR] LogOutputStream:75 - [STDERR_REDIRECT] WARNING: Couldn't flush system prefs: java.util.prefs.BackingStoreException: Couldn't get file lock.
2025-09-09 13:56:30,890 [ERROR] LogOutputStream:75 - [STDERR_REDIRECT] 
2025-09-09 13:57:00,891 [ERROR] LogOutputStream:75 - [STDERR_REDIRECT] Sep 09, 2025 1:57:00 PM java.util.prefs.FileSystemPreferences checkLockFile0ErrorCode
2025-09-09 13:57:00,892 [ERROR] LogOutputStream:75 - [STDERR_REDIRECT] WARNING: Could not lock System prefs. Unix error code 2.
2025-09-09 13:57:00,892 [ERROR] LogOutputStream:75 - [STDERR_REDIRECT] 
2025-09-09 13:57:00,892 [ERROR] LogOutputStream:75 - [STDERR_REDIRECT] Sep 09, 2025 1:57:00 PM java.util.prefs.FileSystemPreferences syncWorld
2025-09-09 13:57:00,893 [ERROR] LogOutputStream:75 - [STDERR_REDIRECT] WARNING: Couldn't flush system prefs: java.util.prefs.BackingStoreException: Couldn't get file lock.
2025-09-09 13:57:00,893 [ERROR] LogOutputStream:75 - [STDERR_REDIRECT] 
2025-09-09 13:57:30,889 [ERROR] LogOutputStream:75 - [STDERR_REDIRECT] Sep 09, 2025 1:57:30 PM java.util.prefs.FileSystemPreferences checkLockFile0ErrorCode
2025-09-09 13:57:30,889 [ERROR] LogOutputStream:75 - [STDERR_REDIRECT] WARNING: Could not lock System prefs. Unix error code 2.
2025-09-09 13:57:30,889 [ERROR] LogOutputStream:75 - [STDERR_REDIRECT] 
2025-09-09 13:57:30,889 [ERROR] LogOutputStream:75 - [STDERR_REDIRECT] Sep 09, 2025 1:57:30 PM java.util.prefs.FileSystemPreferences syncWorld
2025-09-09 13:57:30,890 [ERROR] LogOutputStream:75 - [STDERR_REDIRECT] WARNING: Couldn't flush system prefs: java.util.prefs.BackingStoreException: Couldn't get file lock.
2025-09-09 13:57:30,890 [ERROR] LogOutputStream:75 - [STDERR_REDIRECT] 
2025-09-09 13:58:00,889 [ERROR] LogOutputStream:75 - [STDERR_REDIRECT] Sep 09, 2025 1:58:00 PM java.util.prefs.FileSystemPreferences checkLockFile0ErrorCode
2025-09-09 13:58:00,889 [ERROR] LogOutputStream:75 - [STDERR_REDIRECT] WARNING: Could not lock System prefs. Unix error code 2.
2025-09-09 13:58:00,889 [ERROR] LogOutputStream:75 - [STDERR_REDIRECT] 
2025-09-09 13:58:00,890 [ERROR] LogOutputStream:75 - [STDERR_REDIRECT] Sep 09, 2025 1:58:00 PM java.util.prefs.FileSystemPreferences syncWorld
2025-09-09 13:58:00,890 [ERROR] LogOutputStream:75 - [STDERR_REDIRECT] WARNING: Couldn't flush system prefs: java.util.prefs.BackingStoreException: Couldn't get file lock.
2025-09-09 13:58:00,890 [ERROR] LogOutputStream:75 - [STDERR_REDIRECT] 
2025-09-09 13:59:36,196 [INFO] WebApp:194 - Connection lost
2025-09-09 13:59:42,951 [INFO] WebApp:191 - Connection restablished
2025-09-09 13:59:54,894 [ERROR] LogOutputStream:75 - [STDERR_REDIRECT] Sep 09, 2025 1:59:54 PM java.util.prefs.FileSystemPreferences checkLockFile0ErrorCode
2025-09-09 13:59:54,895 [ERROR] LogOutputStream:75 - [STDERR_REDIRECT] WARNING: Could not lock System prefs. Unix error code 2.
2025-09-09 13:59:54,895 [ERROR] LogOutputStream:75 - [STDERR_REDIRECT] 
2025-09-09 13:59:54,895 [ERROR] LogOutputStream:75 - [STDERR_REDIRECT] Sep 09, 2025 1:59:54 PM java.util.prefs.FileSystemPreferences syncWorld
2025-09-09 13:59:54,895 [ERROR] LogOutputStream:75 - [STDERR_REDIRECT] WARNING: Couldn't flush system prefs: java.util.prefs.BackingStoreException: Couldn't get file lock.
2025-09-09 13:59:54,896 [ERROR] LogOutputStream:75 - [STDERR_REDIRECT] 
2025-09-09 14:00:24,890 [ERROR] LogOutputStream:75 - [STDERR_REDIRECT] Sep 09, 2025 2:00:24 PM java.util.prefs.FileSystemPreferences checkLockFile0ErrorCode
2025-09-09 14:00:24,890 [ERROR] LogOutputStream:75 - [STDERR_REDIRECT] WARNING: Could not lock System prefs. Unix error code 2.
2025-09-09 14:00:24,890 [ERROR] LogOutputStream:75 - [STDERR_REDIRECT] 
2025-09-09 14:00:24,891 [ERROR] LogOutputStream:75 - [STDERR_REDIRECT] Sep 09, 2025 2:00:24 PM java.util.prefs.FileSystemPreferences syncWorld
2025-09-09 14:00:24,891 [ERROR] LogOutputStream:75 - [STDERR_REDIRECT] WARNING: Couldn't flush system prefs: java.util.prefs.BackingStoreException: Couldn't get file lock.
2025-09-09 14:00:24,891 [ERROR] LogOutputStream:75 - [STDERR_REDIRECT] 
2025-09-09 14:00:54,890 [ERROR] LogOutputStream:75 - [STDERR_REDIRECT] Sep 09, 2025 2:00:54 PM java.util.prefs.FileSystemPreferences checkLockFile0ErrorCode
2025-09-09 14:00:54,891 [ERROR] LogOutputStream:75 - [STDERR_REDIRECT] WARNING: Could not lock System prefs. Unix error code 2.
2025-09-09 14:00:54,891 [ERROR] LogOutputStream:75 - [STDERR_REDIRECT] 
2025-09-09 14:00:54,891 [ERROR] LogOutputStream:75 - [STDERR_REDIRECT] Sep 09, 2025 2:00:54 PM java.util.prefs.FileSystemPreferences syncWorld
2025-09-09 14:00:54,891 [ERROR] LogOutputStream:75 - [STDERR_REDIRECT] WARNING: Couldn't flush system prefs: java.util.prefs.BackingStoreException: Couldn't get file lock.
2025-09-09 14:00:54,892 [ERROR] LogOutputStream:75 - [STDERR_REDIRECT] 
2025-09-09 14:01:24,890 [ERROR] LogOutputStream:75 - [STDERR_REDIRECT] Sep 09, 2025 2:01:24 PM java.util.prefs.FileSystemPreferences checkLockFile0ErrorCode
2025-09-09 14:01:24,890 [ERROR] LogOutputStream:75 - [STDERR_REDIRECT] WARNING: Could not lock System prefs. Unix error code 2.
2025-09-09 14:01:24,890 [ERROR] LogOutputStream:75 - [STDERR_REDIRECT] 
2025-09-09 14:01:24,891 [ERROR] LogOutputStream:75 - [STDERR_REDIRECT] Sep 09, 2025 2:01:24 PM java.util.prefs.FileSystemPreferences syncWorld
2025-09-09 14:01:24,891 [ERROR] LogOutputStream:75 - [STDERR_REDIRECT] WARNING: Couldn't flush system prefs: java.util.prefs.BackingStoreException: Couldn't get file lock.
2025-09-09 14:01:24,891 [ERROR] LogOutputStream:75 - [STDERR_REDIRECT] 
2025-09-09 14:01:54,890 [ERROR] LogOutputStream:75 - [STDERR_REDIRECT] Sep 09, 2025 2:01:54 PM java.util.prefs.FileSystemPreferences checkLockFile0ErrorCode
2025-09-09 14:01:54,891 [ERROR] LogOutputStream:75 - [STDERR_REDIRECT] WARNING: Could not lock System prefs. Unix error code 2.
2025-09-09 14:01:54,891 [ERROR] LogOutputStream:75 - [STDERR_REDIRECT] 
2025-09-09 14:01:54,891 [ERROR] LogOutputStream:75 - [STDERR_REDIRECT] Sep 09, 2025 2:01:54 PM java.util.prefs.FileSystemPreferences syncWorld
2025-09-09 14:01:54,892 [ERROR] LogOutputStream:75 - [STDERR_REDIRECT] WARNING: Couldn't flush system prefs: java.util.prefs.BackingStoreException: Couldn't get file lock.
2025-09-09 14:01:54,892 [ERROR] LogOutputStream:75 - [STDERR_REDIRECT] 
2025-09-09 14:02:24,890 [ERROR] LogOutputStream:75 - [STDERR_REDIRECT] Sep 09, 2025 2:02:24 PM java.util.prefs.FileSystemPreferences checkLockFile0ErrorCode
2025-09-09 14:02:24,891 [ERROR] LogOutputStream:75 - [STDERR_REDIRECT] WARNING: Could not lock System prefs. Unix error code 2.
2025-09-09 14:02:24,891 [ERROR] LogOutputStream:75 - [STDERR_REDIRECT] 
2025-09-09 14:02:24,891 [ERROR] LogOutputStream:75 - [STDERR_REDIRECT] Sep 09, 2025 2:02:24 PM java.util.prefs.FileSystemPreferences syncWorld
2025-09-09 14:02:24,892 [ERROR] LogOutputStream:75 - [STDERR_REDIRECT] WARNING: Couldn't flush system prefs: java.util.prefs.BackingStoreException: Couldn't get file lock.
2025-09-09 14:02:24,892 [ERROR] LogOutputStream:75 - [STDERR_REDIRECT] 
2025-09-09 15:05:32,470 [INFO] WebApp:194 - Connection lost
2025-09-09 15:05:41,803 [ERROR] LogOutputStream:75 - [STDERR_REDIRECT] Sep 09, 2025 3:05:41 PM java.util.prefs.FileSystemPreferences checkLockFile0ErrorCode
2025-09-09 15:05:41,804 [ERROR] LogOutputStream:75 - [STDERR_REDIRECT] WARNING: Could not lock System prefs. Unix error code 2.
2025-09-09 15:05:41,804 [ERROR] LogOutputStream:75 - [STDERR_REDIRECT] 
2025-09-09 15:05:41,804 [ERROR] LogOutputStream:75 - [STDERR_REDIRECT] Sep 09, 2025 3:05:41 PM java.util.prefs.FileSystemPreferences syncWorld
2025-09-09 15:05:41,804 [ERROR] LogOutputStream:75 - [STDERR_REDIRECT] WARNING: Couldn't flush system prefs: java.util.prefs.BackingStoreException: Couldn't get file lock.
2025-09-09 15:05:41,804 [ERROR] LogOutputStream:75 - [STDERR_REDIRECT] 
2025-09-09 15:05:55,125 [INFO] WebApp:191 - Connection restablished
2025-09-09 15:06:11,803 [ERROR] LogOutputStream:75 - [STDERR_REDIRECT] Sep 09, 2025 3:06:11 PM java.util.prefs.FileSystemPreferences checkLockFile0ErrorCode
2025-09-09 15:06:11,804 [ERROR] LogOutputStream:75 - [STDERR_REDIRECT] WARNING: Could not lock System prefs. Unix error code 2.
2025-09-09 15:06:11,804 [ERROR] LogOutputStream:75 - [STDERR_REDIRECT] 
2025-09-09 15:06:11,804 [ERROR] LogOutputStream:75 - [STDERR_REDIRECT] Sep 09, 2025 3:06:11 PM java.util.prefs.FileSystemPreferences syncWorld
2025-09-09 15:06:11,805 [ERROR] LogOutputStream:75 - [STDERR_REDIRECT] WARNING: Couldn't flush system prefs: java.util.prefs.BackingStoreException: Couldn't get file lock.
2025-09-09 15:06:11,805 [ERROR] LogOutputStream:75 - [STDERR_REDIRECT] 
2025-09-09 15:06:41,803 [ERROR] LogOutputStream:75 - [STDERR_REDIRECT] Sep 09, 2025 3:06:41 PM java.util.prefs.FileSystemPreferences checkLockFile0ErrorCode
2025-09-09 15:06:41,804 [ERROR] LogOutputStream:75 - [STDERR_REDIRECT] WARNING: Could not lock System prefs. Unix error code 2.
2025-09-09 15:06:41,804 [ERROR] LogOutputStream:75 - [STDERR_REDIRECT] 
2025-09-09 15:06:41,804 [ERROR] LogOutputStream:75 - [STDERR_REDIRECT] Sep 09, 2025 3:06:41 PM java.util.prefs.FileSystemPreferences syncWorld
2025-09-09 15:06:41,805 [ERROR] LogOutputStream:75 - [STDERR_REDIRECT] WARNING: Couldn't flush system prefs: java.util.prefs.BackingStoreException: Couldn't get file lock.
2025-09-09 15:06:41,805 [ERROR] LogOutputStream:75 - [STDERR_REDIRECT] 
2025-09-09 15:07:11,804 [ERROR] LogOutputStream:75 - [STDERR_REDIRECT] Sep 09, 2025 3:07:11 PM java.util.prefs.FileSystemPreferences checkLockFile0ErrorCode
2025-09-09 15:07:11,805 [ERROR] LogOutputStream:75 - [STDERR_REDIRECT] WARNING: Could not lock System prefs. Unix error code 2.
2025-09-09 15:07:11,805 [ERROR] LogOutputStream:75 - [STDERR_REDIRECT] 
2025-09-09 15:07:11,805 [ERROR] LogOutputStream:75 - [STDERR_REDIRECT] Sep 09, 2025 3:07:11 PM java.util.prefs.FileSystemPreferences syncWorld
2025-09-09 15:07:11,806 [ERROR] LogOutputStream:75 - [STDERR_REDIRECT] WARNING: Couldn't flush system prefs: java.util.prefs.BackingStoreException: Couldn't get file lock.
2025-09-09 15:07:11,806 [ERROR] LogOutputStream:75 - [STDERR_REDIRECT] 
2025-09-09 15:07:41,804 [ERROR] LogOutputStream:75 - [STDERR_REDIRECT] Sep 09, 2025 3:07:41 PM java.util.prefs.FileSystemPreferences checkLockFile0ErrorCode
2025-09-09 15:07:41,804 [ERROR] LogOutputStream:75 - [STDERR_REDIRECT] WARNING: Could not lock System prefs. Unix error code 2.
2025-09-09 15:07:41,804 [ERROR] LogOutputStream:75 - [STDERR_REDIRECT] 
2025-09-09 15:07:41,804 [ERROR] LogOutputStream:75 - [STDERR_REDIRECT] Sep 09, 2025 3:07:41 PM java.util.prefs.FileSystemPreferences syncWorld
2025-09-09 15:07:41,805 [ERROR] LogOutputStream:75 - [STDERR_REDIRECT] WARNING: Couldn't flush system prefs: java.util.prefs.BackingStoreException: Couldn't get file lock.
2025-09-09 15:07:41,805 [ERROR] LogOutputStream:75 - [STDERR_REDIRECT] 
2025-09-09 15:08:11,804 [ERROR] LogOutputStream:75 - [STDERR_REDIRECT] Sep 09, 2025 3:08:11 PM java.util.prefs.FileSystemPreferences checkLockFile0ErrorCode
2025-09-09 15:08:11,805 [ERROR] LogOutputStream:75 - [STDERR_REDIRECT] WARNING: Could not lock System prefs. Unix error code 2.
2025-09-09 15:08:11,805 [ERROR] LogOutputStream:75 - [STDERR_REDIRECT] 
2025-09-09 15:08:11,805 [ERROR] LogOutputStream:75 - [STDERR_REDIRECT] Sep 09, 2025 3:08:11 PM java.util.prefs.FileSystemPreferences syncWorld
2025-09-09 15:08:11,806 [ERROR] LogOutputStream:75 - [STDERR_REDIRECT] WARNING: Couldn't flush system prefs: java.util.prefs.BackingStoreException: Couldn't get file lock.
2025-09-09 15:08:11,806 [ERROR] LogOutputStream:75 - [STDERR_REDIRECT] 
2025-09-09 15:08:41,804 [ERROR] LogOutputStream:75 - [STDERR_REDIRECT] Sep 09, 2025 3:08:41 PM java.util.prefs.FileSystemPreferences checkLockFile0ErrorCode
2025-09-09 15:08:41,804 [ERROR] LogOutputStream:75 - [STDERR_REDIRECT] WARNING: Could not lock System prefs. Unix error code 2.
2025-09-09 15:08:41,804 [ERROR] LogOutputStream:75 - [STDERR_REDIRECT] 
2025-09-09 15:08:41,805 [ERROR] LogOutputStream:75 - [STDERR_REDIRECT] Sep 09, 2025 3:08:41 PM java.util.prefs.FileSystemPreferences syncWorld
2025-09-09 15:08:41,805 [ERROR] LogOutputStream:75 - [STDERR_REDIRECT] WARNING: Couldn't flush system prefs: java.util.prefs.BackingStoreException: Couldn't get file lock.
2025-09-09 15:08:41,805 [ERROR] LogOutputStream:75 - [STDERR_REDIRECT] 
2025-09-09 15:09:11,804 [ERROR] LogOutputStream:75 - [STDERR_REDIRECT] Sep 09, 2025 3:09:11 PM java.util.prefs.FileSystemPreferences checkLockFile0ErrorCode
2025-09-09 15:09:11,804 [ERROR] LogOutputStream:75 - [STDERR_REDIRECT] WARNING: Could not lock System prefs. Unix error code 2.
2025-09-09 15:09:11,804 [ERROR] LogOutputStream:75 - [STDERR_REDIRECT] 
2025-09-09 15:09:11,805 [ERROR] LogOutputStream:75 - [STDERR_REDIRECT] Sep 09, 2025 3:09:11 PM java.util.prefs.FileSystemPreferences syncWorld
2025-09-09 15:09:11,806 [ERROR] LogOutputStream:75 - [STDERR_REDIRECT] WARNING: Couldn't flush system prefs: java.util.prefs.BackingStoreException: Couldn't get file lock.
2025-09-09 15:09:11,806 [ERROR] LogOutputStream:75 - [STDERR_REDIRECT] 
2025-09-09 15:09:41,803 [ERROR] LogOutputStream:75 - [STDERR_REDIRECT] Sep 09, 2025 3:09:41 PM java.util.prefs.FileSystemPreferences checkLockFile0ErrorCode
2025-09-09 15:09:41,804 [ERROR] LogOutputStream:75 - [STDERR_REDIRECT] WARNING: Could not lock System prefs. Unix error code 2.
2025-09-09 15:09:41,804 [ERROR] LogOutputStream:75 - [STDERR_REDIRECT] 
2025-09-09 15:09:41,804 [ERROR] LogOutputStream:75 - [STDERR_REDIRECT] Sep 09, 2025 3:09:41 PM java.util.prefs.FileSystemPreferences syncWorld
2025-09-09 15:09:41,804 [ERROR] LogOutputStream:75 - [STDERR_REDIRECT] WARNING: Couldn't flush system prefs: java.util.prefs.BackingStoreException: Couldn't get file lock.
2025-09-09 15:09:41,804 [ERROR] LogOutputStream:75 - [STDERR_REDIRECT] 
2025-09-09 15:10:11,805 [ERROR] LogOutputStream:75 - [STDERR_REDIRECT] Sep 09, 2025 3:10:11 PM java.util.prefs.FileSystemPreferences checkLockFile0ErrorCode
2025-09-09 15:10:11,805 [ERROR] LogOutputStream:75 - [STDERR_REDIRECT] WARNING: Could not lock System prefs. Unix error code 2.
2025-09-09 15:10:11,805 [ERROR] LogOutputStream:75 - [STDERR_REDIRECT] 
2025-09-09 15:10:11,806 [ERROR] LogOutputStream:75 - [STDERR_REDIRECT] Sep 09, 2025 3:10:11 PM java.util.prefs.FileSystemPreferences syncWorld
2025-09-09 15:10:11,806 [ERROR] LogOutputStream:75 - [STDERR_REDIRECT] WARNING: Couldn't flush system prefs: java.util.prefs.BackingStoreException: Couldn't get file lock.
2025-09-09 15:10:11,806 [ERROR] LogOutputStream:75 - [STDERR_REDIRECT] 
2025-09-09 15:10:41,805 [ERROR] LogOutputStream:75 - [STDERR_REDIRECT] Sep 09, 2025 3:10:41 PM java.util.prefs.FileSystemPreferences checkLockFile0ErrorCode
2025-09-09 15:10:41,806 [ERROR] LogOutputStream:75 - [STDERR_REDIRECT] WARNING: Could not lock System prefs. Unix error code 2.
2025-09-09 15:10:41,806 [ERROR] LogOutputStream:75 - [STDERR_REDIRECT] 
2025-09-09 15:10:41,806 [ERROR] LogOutputStream:75 - [STDERR_REDIRECT] Sep 09, 2025 3:10:41 PM java.util.prefs.FileSystemPreferences syncWorld
2025-09-09 15:10:41,806 [ERROR] LogOutputStream:75 - [STDERR_REDIRECT] WARNING: Couldn't flush system prefs: java.util.prefs.BackingStoreException: Couldn't get file lock.
2025-09-09 15:10:41,807 [ERROR] LogOutputStream:75 - [STDERR_REDIRECT] 
2025-09-09 15:11:11,805 [ERROR] LogOutputStream:75 - [STDERR_REDIRECT] Sep 09, 2025 3:11:11 PM java.util.prefs.FileSystemPreferences checkLockFile0ErrorCode
2025-09-09 15:11:11,805 [ERROR] LogOutputStream:75 - [STDERR_REDIRECT] WARNING: Could not lock System prefs. Unix error code 2.
2025-09-09 15:11:11,805 [ERROR] LogOutputStream:75 - [STDERR_REDIRECT] 
2025-09-09 15:11:11,805 [ERROR] LogOutputStream:75 - [STDERR_REDIRECT] Sep 09, 2025 3:11:11 PM java.util.prefs.FileSystemPreferences syncWorld
2025-09-09 15:11:11,806 [ERROR] LogOutputStream:75 - [STDERR_REDIRECT] WARNING: Couldn't flush system prefs: java.util.prefs.BackingStoreException: Couldn't get file lock.
2025-09-09 15:11:11,807 [ERROR] LogOutputStream:75 - [STDERR_REDIRECT] 
2025-09-09 15:11:41,804 [ERROR] LogOutputStream:75 - [STDERR_REDIRECT] Sep 09, 2025 3:11:41 PM java.util.prefs.FileSystemPreferences checkLockFile0ErrorCode
2025-09-09 15:11:41,805 [ERROR] LogOutputStream:75 - [STDERR_REDIRECT] WARNING: Could not lock System prefs. Unix error code 2.
2025-09-09 15:11:41,805 [ERROR] LogOutputStream:75 - [STDERR_REDIRECT] 
2025-09-09 15:11:41,805 [ERROR] LogOutputStream:75 - [STDERR_REDIRECT] Sep 09, 2025 3:11:41 PM java.util.prefs.FileSystemPreferences syncWorld
2025-09-09 15:11:41,806 [ERROR] LogOutputStream:75 - [STDERR_REDIRECT] WARNING: Couldn't flush system prefs: java.util.prefs.BackingStoreException: Couldn't get file lock.
2025-09-09 15:11:41,806 [ERROR] LogOutputStream:75 - [STDERR_REDIRECT] 
2025-09-09 15:12:11,805 [ERROR] LogOutputStream:75 - [STDERR_REDIRECT] Sep 09, 2025 3:12:11 PM java.util.prefs.FileSystemPreferences checkLockFile0ErrorCode
2025-09-09 15:12:11,806 [ERROR] LogOutputStream:75 - [STDERR_REDIRECT] WARNING: Could not lock System prefs. Unix error code 2.
2025-09-09 15:12:11,806 [ERROR] LogOutputStream:75 - [STDERR_REDIRECT] 
2025-09-09 15:12:11,806 [ERROR] LogOutputStream:75 - [STDERR_REDIRECT] Sep 09, 2025 3:12:11 PM java.util.prefs.FileSystemPreferences syncWorld
2025-09-09 15:12:11,807 [ERROR] LogOutputStream:75 - [STDERR_REDIRECT] WARNING: Couldn't flush system prefs: java.util.prefs.BackingStoreException: Couldn't get file lock.
2025-09-09 15:12:11,807 [ERROR] LogOutputStream:75 - [STDERR_REDIRECT] 
2025-09-09 15:12:41,805 [ERROR] LogOutputStream:75 - [STDERR_REDIRECT] Sep 09, 2025 3:12:41 PM java.util.prefs.FileSystemPreferences checkLockFile0ErrorCode
2025-09-09 15:12:41,805 [ERROR] LogOutputStream:75 - [STDERR_REDIRECT] WARNING: Could not lock System prefs. Unix error code 2.
2025-09-09 15:12:41,805 [ERROR] LogOutputStream:75 - [STDERR_REDIRECT] 
2025-09-09 15:12:41,806 [ERROR] LogOutputStream:75 - [STDERR_REDIRECT] Sep 09, 2025 3:12:41 PM java.util.prefs.FileSystemPreferences syncWorld
2025-09-09 15:12:41,806 [ERROR] LogOutputStream:75 - [STDERR_REDIRECT] WARNING: Couldn't flush system prefs: java.util.prefs.BackingStoreException: Couldn't get file lock.
2025-09-09 15:12:41,806 [ERROR] LogOutputStream:75 - [STDERR_REDIRECT] 
2025-09-09 15:13:11,805 [ERROR] LogOutputStream:75 - [STDERR_REDIRECT] Sep 09, 2025 3:13:11 PM java.util.prefs.FileSystemPreferences checkLockFile0ErrorCode
2025-09-09 15:13:11,806 [ERROR] LogOutputStream:75 - [STDERR_REDIRECT] WARNING: Could not lock System prefs. Unix error code 2.
2025-09-09 15:13:11,806 [ERROR] LogOutputStream:75 - [STDERR_REDIRECT] 
2025-09-09 15:13:11,806 [ERROR] LogOutputStream:75 - [STDERR_REDIRECT] Sep 09, 2025 3:13:11 PM java.util.prefs.FileSystemPreferences syncWorld
2025-09-09 15:13:11,807 [ERROR] LogOutputStream:75 - [STDERR_REDIRECT] WARNING: Couldn't flush system prefs: java.util.prefs.BackingStoreException: Couldn't get file lock.
2025-09-09 15:13:11,807 [ERROR] LogOutputStream:75 - [STDERR_REDIRECT] 
2025-09-09 15:13:41,805 [ERROR] LogOutputStream:75 - [STDERR_REDIRECT] Sep 09, 2025 3:13:41 PM java.util.prefs.FileSystemPreferences checkLockFile0ErrorCode
2025-09-09 15:13:41,806 [ERROR] LogOutputStream:75 - [STDERR_REDIRECT] WARNING: Could not lock System prefs. Unix error code 2.
2025-09-09 15:13:41,806 [ERROR] LogOutputStream:75 - [STDERR_REDIRECT] 
2025-09-09 15:13:41,806 [ERROR] LogOutputStream:75 - [STDERR_REDIRECT] Sep 09, 2025 3:13:41 PM java.util.prefs.FileSystemPreferences syncWorld
2025-09-09 15:13:41,807 [ERROR] LogOutputStream:75 - [STDERR_REDIRECT] WARNING: Couldn't flush system prefs: java.util.prefs.BackingStoreException: Couldn't get file lock.
2025-09-09 15:13:41,807 [ERROR] LogOutputStream:75 - [STDERR_REDIRECT] 
2025-09-09 15:14:11,805 [ERROR] LogOutputStream:75 - [STDERR_REDIRECT] Sep 09, 2025 3:14:11 PM java.util.prefs.FileSystemPreferences checkLockFile0ErrorCode
2025-09-09 15:14:11,805 [ERROR] LogOutputStream:75 - [STDERR_REDIRECT] WARNING: Could not lock System prefs. Unix error code 2.
2025-09-09 15:14:11,805 [ERROR] LogOutputStream:75 - [STDERR_REDIRECT] 
2025-09-09 15:14:11,806 [ERROR] LogOutputStream:75 - [STDERR_REDIRECT] Sep 09, 2025 3:14:11 PM java.util.prefs.FileSystemPreferences syncWorld
2025-09-09 15:14:11,806 [ERROR] LogOutputStream:75 - [STDERR_REDIRECT] WARNING: Couldn't flush system prefs: java.util.prefs.BackingStoreException: Couldn't get file lock.
2025-09-09 15:14:11,806 [ERROR] LogOutputStream:75 - [STDERR_REDIRECT] 
2025-09-09 15:14:41,805 [ERROR] LogOutputStream:75 - [STDERR_REDIRECT] Sep 09, 2025 3:14:41 PM java.util.prefs.FileSystemPreferences checkLockFile0ErrorCode
2025-09-09 15:14:41,806 [ERROR] LogOutputStream:75 - [STDERR_REDIRECT] WARNING: Could not lock System prefs. Unix error code 2.
2025-09-09 15:14:41,806 [ERROR] LogOutputStream:75 - [STDERR_REDIRECT] 
2025-09-09 15:14:41,806 [ERROR] LogOutputStream:75 - [STDERR_REDIRECT] Sep 09, 2025 3:14:41 PM java.util.prefs.FileSystemPreferences syncWorld
2025-09-09 15:14:41,807 [ERROR] LogOutputStream:75 - [STDERR_REDIRECT] WARNING: Couldn't flush system prefs: java.util.prefs.BackingStoreException: Couldn't get file lock.
2025-09-09 15:14:41,807 [ERROR] LogOutputStream:75 - [STDERR_REDIRECT] 
2025-09-09 15:15:11,805 [ERROR] LogOutputStream:75 - [STDERR_REDIRECT] Sep 09, 2025 3:15:11 PM java.util.prefs.FileSystemPreferences checkLockFile0ErrorCode
2025-09-09 15:15:11,806 [ERROR] LogOutputStream:75 - [STDERR_REDIRECT] WARNING: Could not lock System prefs. Unix error code 2.
2025-09-09 15:15:11,806 [ERROR] LogOutputStream:75 - [STDERR_REDIRECT] 
2025-09-09 15:15:11,807 [ERROR] LogOutputStream:75 - [STDERR_REDIRECT] Sep 09, 2025 3:15:11 PM java.util.prefs.FileSystemPreferences syncWorld
2025-09-09 15:15:11,807 [ERROR] LogOutputStream:75 - [STDERR_REDIRECT] WARNING: Couldn't flush system prefs: java.util.prefs.BackingStoreException: Couldn't get file lock.
2025-09-09 15:15:11,807 [ERROR] LogOutputStream:75 - [STDERR_REDIRECT] 
2025-09-09 15:15:41,805 [ERROR] LogOutputStream:75 - [STDERR_REDIRECT] Sep 09, 2025 3:15:41 PM java.util.prefs.FileSystemPreferences checkLockFile0ErrorCode
2025-09-09 15:15:41,806 [ERROR] LogOutputStream:75 - [STDERR_REDIRECT] WARNING: Could not lock System prefs. Unix error code 2.
2025-09-09 15:15:41,806 [ERROR] LogOutputStream:75 - [STDERR_REDIRECT] 
2025-09-09 15:15:41,806 [ERROR] LogOutputStream:75 - [STDERR_REDIRECT] Sep 09, 2025 3:15:41 PM java.util.prefs.FileSystemPreferences syncWorld
2025-09-09 15:15:41,807 [ERROR] LogOutputStream:75 - [STDERR_REDIRECT] WARNING: Couldn't flush system prefs: java.util.prefs.BackingStoreException: Couldn't get file lock.
2025-09-09 15:15:41,807 [ERROR] LogOutputStream:75 - [STDERR_REDIRECT] 
2025-09-09 15:16:11,805 [ERROR] LogOutputStream:75 - [STDERR_REDIRECT] Sep 09, 2025 3:16:11 PM java.util.prefs.FileSystemPreferences checkLockFile0ErrorCode
2025-09-09 15:16:11,806 [ERROR] LogOutputStream:75 - [STDERR_REDIRECT] WARNING: Could not lock System prefs. Unix error code 2.
2025-09-09 15:16:11,806 [ERROR] LogOutputStream:75 - [STDERR_REDIRECT] 
2025-09-09 15:16:11,807 [ERROR] LogOutputStream:75 - [STDERR_REDIRECT] Sep 09, 2025 3:16:11 PM java.util.prefs.FileSystemPreferences syncWorld
2025-09-09 15:16:11,807 [ERROR] LogOutputStream:75 - [STDERR_REDIRECT] WARNING: Couldn't flush system prefs: java.util.prefs.BackingStoreException: Couldn't get file lock.
2025-09-09 15:16:11,807 [ERROR] LogOutputStream:75 - [STDERR_REDIRECT] 
2025-09-09 15:16:41,806 [ERROR] LogOutputStream:75 - [STDERR_REDIRECT] Sep 09, 2025 3:16:41 PM java.util.prefs.FileSystemPreferences checkLockFile0ErrorCode
2025-09-09 15:16:41,807 [ERROR] LogOutputStream:75 - [STDERR_REDIRECT] WARNING: Could not lock System prefs. Unix error code 2.
2025-09-09 15:16:41,807 [ERROR] LogOutputStream:75 - [STDERR_REDIRECT] 
2025-09-09 15:16:41,807 [ERROR] LogOutputStream:75 - [STDERR_REDIRECT] Sep 09, 2025 3:16:41 PM java.util.prefs.FileSystemPreferences syncWorld
2025-09-09 15:16:41,808 [ERROR] LogOutputStream:75 - [STDERR_REDIRECT] WARNING: Couldn't flush system prefs: java.util.prefs.BackingStoreException: Couldn't get file lock.
2025-09-09 15:16:41,808 [ERROR] LogOutputStream:75 - [STDERR_REDIRECT] 
2025-09-09 15:17:11,806 [ERROR] LogOutputStream:75 - [STDERR_REDIRECT] Sep 09, 2025 3:17:11 PM java.util.prefs.FileSystemPreferences checkLockFile0ErrorCode
2025-09-09 15:17:11,807 [ERROR] LogOutputStream:75 - [STDERR_REDIRECT] WARNING: Could not lock System prefs. Unix error code 2.
2025-09-09 15:17:11,807 [ERROR] LogOutputStream:75 - [STDERR_REDIRECT] 
2025-09-09 15:17:11,808 [ERROR] LogOutputStream:75 - [STDERR_REDIRECT] Sep 09, 2025 3:17:11 PM java.util.prefs.FileSystemPreferences syncWorld
2025-09-09 15:17:11,808 [ERROR] LogOutputStream:75 - [STDERR_REDIRECT] WARNING: Couldn't flush system prefs: java.util.prefs.BackingStoreException: Couldn't get file lock.
2025-09-09 15:17:11,809 [ERROR] LogOutputStream:75 - [STDERR_REDIRECT] 
2025-09-09 15:17:41,806 [ERROR] LogOutputStream:75 - [STDERR_REDIRECT] Sep 09, 2025 3:17:41 PM java.util.prefs.FileSystemPreferences checkLockFile0ErrorCode
2025-09-09 15:17:41,806 [ERROR] LogOutputStream:75 - [STDERR_REDIRECT] WARNING: Could not lock System prefs. Unix error code 2.
2025-09-09 15:17:41,806 [ERROR] LogOutputStream:75 - [STDERR_REDIRECT] 
2025-09-09 15:17:41,807 [ERROR] LogOutputStream:75 - [STDERR_REDIRECT] Sep 09, 2025 3:17:41 PM java.util.prefs.FileSystemPreferences syncWorld
2025-09-09 15:17:41,807 [ERROR] LogOutputStream:75 - [STDERR_REDIRECT] WARNING: Couldn't flush system prefs: java.util.prefs.BackingStoreException: Couldn't get file lock.
2025-09-09 15:17:41,807 [ERROR] LogOutputStream:75 - [STDERR_REDIRECT] 
2025-09-09 15:18:11,807 [ERROR] LogOutputStream:75 - [STDERR_REDIRECT] Sep 09, 2025 3:18:11 PM java.util.prefs.FileSystemPreferences checkLockFile0ErrorCode
2025-09-09 15:18:11,807 [ERROR] LogOutputStream:75 - [STDERR_REDIRECT] WARNING: Could not lock System prefs. Unix error code 2.
2025-09-09 15:18:11,807 [ERROR] LogOutputStream:75 - [STDERR_REDIRECT] 
2025-09-09 15:18:11,808 [ERROR] LogOutputStream:75 - [STDERR_REDIRECT] Sep 09, 2025 3:18:11 PM java.util.prefs.FileSystemPreferences syncWorld
2025-09-09 15:18:11,808 [ERROR] LogOutputStream:75 - [STDERR_REDIRECT] WARNING: Couldn't flush system prefs: java.util.prefs.BackingStoreException: Couldn't get file lock.
2025-09-09 15:18:11,809 [ERROR] LogOutputStream:75 - [STDERR_REDIRECT] 
2025-09-09 15:18:41,806 [ERROR] LogOutputStream:75 - [STDERR_REDIRECT] Sep 09, 2025 3:18:41 PM java.util.prefs.FileSystemPreferences checkLockFile0ErrorCode
2025-09-09 15:18:41,806 [ERROR] LogOutputStream:75 - [STDERR_REDIRECT] WARNING: Could not lock System prefs. Unix error code 2.
2025-09-09 15:18:41,806 [ERROR] LogOutputStream:75 - [STDERR_REDIRECT] 
2025-09-09 15:18:41,807 [ERROR] LogOutputStream:75 - [STDERR_REDIRECT] Sep 09, 2025 3:18:41 PM java.util.prefs.FileSystemPreferences syncWorld
2025-09-09 15:18:41,807 [ERROR] LogOutputStream:75 - [STDERR_REDIRECT] WARNING: Couldn't flush system prefs: java.util.prefs.BackingStoreException: Couldn't get file lock.
2025-09-09 15:18:41,807 [ERROR] LogOutputStream:75 - [STDERR_REDIRECT] 
2025-09-09 15:19:11,806 [ERROR] LogOutputStream:75 - [STDERR_REDIRECT] Sep 09, 2025 3:19:11 PM java.util.prefs.FileSystemPreferences checkLockFile0ErrorCode
2025-09-09 15:19:11,807 [ERROR] LogOutputStream:75 - [STDERR_REDIRECT] WARNING: Could not lock System prefs. Unix error code 2.
2025-09-09 15:19:11,807 [ERROR] LogOutputStream:75 - [STDERR_REDIRECT] 
2025-09-09 15:19:11,807 [ERROR] LogOutputStream:75 - [STDERR_REDIRECT] Sep 09, 2025 3:19:11 PM java.util.prefs.FileSystemPreferences syncWorld
2025-09-09 15:19:11,808 [ERROR] LogOutputStream:75 - [STDERR_REDIRECT] WARNING: Couldn't flush system prefs: java.util.prefs.BackingStoreException: Couldn't get file lock.
2025-09-09 15:19:11,808 [ERROR] LogOutputStream:75 - [STDERR_REDIRECT] 
2025-09-09 15:19:41,806 [ERROR] LogOutputStream:75 - [STDERR_REDIRECT] Sep 09, 2025 3:19:41 PM java.util.prefs.FileSystemPreferences checkLockFile0ErrorCode
2025-09-09 15:19:41,806 [ERROR] LogOutputStream:75 - [STDERR_REDIRECT] WARNING: Could not lock System prefs. Unix error code 2.
2025-09-09 15:19:41,806 [ERROR] LogOutputStream:75 - [STDERR_REDIRECT] 
2025-09-09 15:19:41,807 [ERROR] LogOutputStream:75 - [STDERR_REDIRECT] Sep 09, 2025 3:19:41 PM java.util.prefs.FileSystemPreferences syncWorld
2025-09-09 15:19:41,807 [ERROR] LogOutputStream:75 - [STDERR_REDIRECT] WARNING: Couldn't flush system prefs: java.util.prefs.BackingStoreException: Couldn't get file lock.
2025-09-09 15:19:41,807 [ERROR] LogOutputStream:75 - [STDERR_REDIRECT] 
2025-09-09 15:20:11,807 [ERROR] LogOutputStream:75 - [STDERR_REDIRECT] Sep 09, 2025 3:20:11 PM java.util.prefs.FileSystemPreferences checkLockFile0ErrorCode
2025-09-09 15:20:11,807 [ERROR] LogOutputStream:75 - [STDERR_REDIRECT] WARNING: Could not lock System prefs. Unix error code 2.
2025-09-09 15:20:11,807 [ERROR] LogOutputStream:75 - [STDERR_REDIRECT] 
2025-09-09 15:20:11,808 [ERROR] LogOutputStream:75 - [STDERR_REDIRECT] Sep 09, 2025 3:20:11 PM java.util.prefs.FileSystemPreferences syncWorld
2025-09-09 15:20:11,808 [ERROR] LogOutputStream:75 - [STDERR_REDIRECT] WARNING: Couldn't flush system prefs: java.util.prefs.BackingStoreException: Couldn't get file lock.
2025-09-09 15:20:11,808 [ERROR] LogOutputStream:75 - [STDERR_REDIRECT] 
2025-09-09 15:20:41,807 [ERROR] LogOutputStream:75 - [STDERR_REDIRECT] Sep 09, 2025 3:20:41 PM java.util.prefs.FileSystemPreferences checkLockFile0ErrorCode
2025-09-09 15:20:41,808 [ERROR] LogOutputStream:75 - [STDERR_REDIRECT] WARNING: Could not lock System prefs. Unix error code 2.
2025-09-09 15:20:41,808 [ERROR] LogOutputStream:75 - [STDERR_REDIRECT] 
2025-09-09 15:20:41,808 [ERROR] LogOutputStream:75 - [STDERR_REDIRECT] Sep 09, 2025 3:20:41 PM java.util.prefs.FileSystemPreferences syncWorld
2025-09-09 15:20:41,809 [ERROR] LogOutputStream:75 - [STDERR_REDIRECT] WARNING: Couldn't flush system prefs: java.util.prefs.BackingStoreException: Couldn't get file lock.
2025-09-09 15:20:41,809 [ERROR] LogOutputStream:75 - [STDERR_REDIRECT] 
2025-09-09 15:21:11,808 [ERROR] LogOutputStream:75 - [STDERR_REDIRECT] Sep 09, 2025 3:21:11 PM java.util.prefs.FileSystemPreferences checkLockFile0ErrorCode
2025-09-09 15:21:11,808 [ERROR] LogOutputStream:75 - [STDERR_REDIRECT] WARNING: Could not lock System prefs. Unix error code 2.
2025-09-09 15:21:11,808 [ERROR] LogOutputStream:75 - [STDERR_REDIRECT] 
2025-09-09 15:21:11,809 [ERROR] LogOutputStream:75 - [STDERR_REDIRECT] Sep 09, 2025 3:21:11 PM java.util.prefs.FileSystemPreferences syncWorld
2025-09-09 15:21:11,809 [ERROR] LogOutputStream:75 - [STDERR_REDIRECT] WARNING: Couldn't flush system prefs: java.util.prefs.BackingStoreException: Couldn't get file lock.
2025-09-09 15:21:11,809 [ERROR] LogOutputStream:75 - [STDERR_REDIRECT] 
2025-09-09 15:21:41,808 [ERROR] LogOutputStream:75 - [STDERR_REDIRECT] Sep 09, 2025 3:21:41 PM java.util.prefs.FileSystemPreferences checkLockFile0ErrorCode
2025-09-09 15:21:41,809 [ERROR] LogOutputStream:75 - [STDERR_REDIRECT] WARNING: Could not lock System prefs. Unix error code 2.
2025-09-09 15:21:41,809 [ERROR] LogOutputStream:75 - [STDERR_REDIRECT] 
2025-09-09 15:21:41,809 [ERROR] LogOutputStream:75 - [STDERR_REDIRECT] Sep 09, 2025 3:21:41 PM java.util.prefs.FileSystemPreferences syncWorld
2025-09-09 15:21:41,810 [ERROR] LogOutputStream:75 - [STDERR_REDIRECT] WARNING: Couldn't flush system prefs: java.util.prefs.BackingStoreException: Couldn't get file lock.
2025-09-09 15:21:41,810 [ERROR] LogOutputStream:75 - [STDERR_REDIRECT] 
2025-09-09 15:22:11,808 [ERROR] LogOutputStream:75 - [STDERR_REDIRECT] Sep 09, 2025 3:22:11 PM java.util.prefs.FileSystemPreferences checkLockFile0ErrorCode
2025-09-09 15:22:11,809 [ERROR] LogOutputStream:75 - [STDERR_REDIRECT] WARNING: Could not lock System prefs. Unix error code 2.
2025-09-09 15:22:11,809 [ERROR] LogOutputStream:75 - [STDERR_REDIRECT] 
2025-09-09 15:22:11,809 [ERROR] LogOutputStream:75 - [STDERR_REDIRECT] Sep 09, 2025 3:22:11 PM java.util.prefs.FileSystemPreferences syncWorld
2025-09-09 15:22:11,810 [ERROR] LogOutputStream:75 - [STDERR_REDIRECT] WARNING: Couldn't flush system prefs: java.util.prefs.BackingStoreException: Couldn't get file lock.
2025-09-09 15:22:11,810 [ERROR] LogOutputStream:75 - [STDERR_REDIRECT] 
2025-09-09 15:22:41,808 [ERROR] LogOutputStream:75 - [STDERR_REDIRECT] Sep 09, 2025 3:22:41 PM java.util.prefs.FileSystemPreferences checkLockFile0ErrorCode
2025-09-09 15:22:41,808 [ERROR] LogOutputStream:75 - [STDERR_REDIRECT] WARNING: Could not lock System prefs. Unix error code 2.
2025-09-09 15:22:41,808 [ERROR] LogOutputStream:75 - [STDERR_REDIRECT] 
2025-09-09 15:22:41,809 [ERROR] LogOutputStream:75 - [STDERR_REDIRECT] Sep 09, 2025 3:22:41 PM java.util.prefs.FileSystemPreferences syncWorld
2025-09-09 15:22:41,809 [ERROR] LogOutputStream:75 - [STDERR_REDIRECT] WARNING: Couldn't flush system prefs: java.util.prefs.BackingStoreException: Couldn't get file lock.
2025-09-09 15:22:41,809 [ERROR] LogOutputStream:75 - [STDERR_REDIRECT] 
2025-09-09 15:23:11,809 [ERROR] LogOutputStream:75 - [STDERR_REDIRECT] Sep 09, 2025 3:23:11 PM java.util.prefs.FileSystemPreferences checkLockFile0ErrorCode
2025-09-09 15:23:11,809 [ERROR] LogOutputStream:75 - [STDERR_REDIRECT] WARNING: Could not lock System prefs. Unix error code 2.
2025-09-09 15:23:11,809 [ERROR] LogOutputStream:75 - [STDERR_REDIRECT] 
2025-09-09 15:23:11,809 [ERROR] LogOutputStream:75 - [STDERR_REDIRECT] Sep 09, 2025 3:23:11 PM java.util.prefs.FileSystemPreferences syncWorld
2025-09-09 15:23:11,810 [ERROR] LogOutputStream:75 - [STDERR_REDIRECT] WARNING: Couldn't flush system prefs: java.util.prefs.BackingStoreException: Couldn't get file lock.
2025-09-09 15:23:11,810 [ERROR] LogOutputStream:75 - [STDERR_REDIRECT] 
2025-09-09 15:23:41,808 [ERROR] LogOutputStream:75 - [STDERR_REDIRECT] Sep 09, 2025 3:23:41 PM java.util.prefs.FileSystemPreferences checkLockFile0ErrorCode
2025-09-09 15:23:41,808 [ERROR] LogOutputStream:75 - [STDERR_REDIRECT] WARNING: Could not lock System prefs. Unix error code 2.
2025-09-09 15:23:41,809 [ERROR] LogOutputStream:75 - [STDERR_REDIRECT] 
2025-09-09 15:23:41,809 [ERROR] LogOutputStream:75 - [STDERR_REDIRECT] Sep 09, 2025 3:23:41 PM java.util.prefs.FileSystemPreferences syncWorld
2025-09-09 15:23:41,809 [ERROR] LogOutputStream:75 - [STDERR_REDIRECT] WARNING: Couldn't flush system prefs: java.util.prefs.BackingStoreException: Couldn't get file lock.
2025-09-09 15:23:41,809 [ERROR] LogOutputStream:75 - [STDERR_REDIRECT] 
2025-09-09 15:24:11,809 [ERROR] LogOutputStream:75 - [STDERR_REDIRECT] Sep 09, 2025 3:24:11 PM java.util.prefs.FileSystemPreferences checkLockFile0ErrorCode
2025-09-09 15:24:11,809 [ERROR] LogOutputStream:75 - [STDERR_REDIRECT] WARNING: Could not lock System prefs. Unix error code 2.
2025-09-09 15:24:11,809 [ERROR] LogOutputStream:75 - [STDERR_REDIRECT] 
2025-09-09 15:24:11,810 [ERROR] LogOutputStream:75 - [STDERR_REDIRECT] Sep 09, 2025 3:24:11 PM java.util.prefs.FileSystemPreferences syncWorld
2025-09-09 15:24:11,810 [ERROR] LogOutputStream:75 - [STDERR_REDIRECT] WARNING: Couldn't flush system prefs: java.util.prefs.BackingStoreException: Couldn't get file lock.
2025-09-09 15:24:11,810 [ERROR] LogOutputStream:75 - [STDERR_REDIRECT] 
2025-09-09 15:24:41,808 [ERROR] LogOutputStream:75 - [STDERR_REDIRECT] Sep 09, 2025 3:24:41 PM java.util.prefs.FileSystemPreferences checkLockFile0ErrorCode
2025-09-09 15:24:41,808 [ERROR] LogOutputStream:75 - [STDERR_REDIRECT] WARNING: Could not lock System prefs. Unix error code 2.
2025-09-09 15:24:41,808 [ERROR] LogOutputStream:75 - [STDERR_REDIRECT] 
2025-09-09 15:24:41,809 [ERROR] LogOutputStream:75 - [STDERR_REDIRECT] Sep 09, 2025 3:24:41 PM java.util.prefs.FileSystemPreferences syncWorld
2025-09-09 15:24:41,809 [ERROR] LogOutputStream:75 - [STDERR_REDIRECT] WARNING: Couldn't flush system prefs: java.util.prefs.BackingStoreException: Couldn't get file lock.
2025-09-09 15:24:41,809 [ERROR] LogOutputStream:75 - [STDERR_REDIRECT] 
2025-09-09 15:25:11,811 [ERROR] LogOutputStream:75 - [STDERR_REDIRECT] Sep 09, 2025 3:25:11 PM java.util.prefs.FileSystemPreferences checkLockFile0ErrorCode
2025-09-09 15:25:11,811 [ERROR] LogOutputStream:75 - [STDERR_REDIRECT] WARNING: Could not lock System prefs. Unix error code 2.
2025-09-09 15:25:11,811 [ERROR] LogOutputStream:75 - [STDERR_REDIRECT] 
2025-09-09 15:25:11,811 [ERROR] LogOutputStream:75 - [STDERR_REDIRECT] Sep 09, 2025 3:25:11 PM java.util.prefs.FileSystemPreferences syncWorld
2025-09-09 15:25:11,812 [ERROR] LogOutputStream:75 - [STDERR_REDIRECT] WARNING: Couldn't flush system prefs: java.util.prefs.BackingStoreException: Couldn't get file lock.
2025-09-09 15:25:11,812 [ERROR] LogOutputStream:75 - [STDERR_REDIRECT] 
2025-09-09 15:25:41,809 [ERROR] LogOutputStream:75 - [STDERR_REDIRECT] Sep 09, 2025 3:25:41 PM java.util.prefs.FileSystemPreferences checkLockFile0ErrorCode
2025-09-09 15:25:41,810 [ERROR] LogOutputStream:75 - [STDERR_REDIRECT] WARNING: Could not lock System prefs. Unix error code 2.
2025-09-09 15:25:41,810 [ERROR] LogOutputStream:75 - [STDERR_REDIRECT] 
2025-09-09 15:25:41,810 [ERROR] LogOutputStream:75 - [STDERR_REDIRECT] Sep 09, 2025 3:25:41 PM java.util.prefs.FileSystemPreferences syncWorld
2025-09-09 15:25:41,810 [ERROR] LogOutputStream:75 - [STDERR_REDIRECT] WARNING: Couldn't flush system prefs: java.util.prefs.BackingStoreException: Couldn't get file lock.
2025-09-09 15:25:41,810 [ERROR] LogOutputStream:75 - [STDERR_REDIRECT] 
2025-09-09 15:26:11,809 [ERROR] LogOutputStream:75 - [STDERR_REDIRECT] Sep 09, 2025 3:26:11 PM java.util.prefs.FileSystemPreferences checkLockFile0ErrorCode
2025-09-09 15:26:11,809 [ERROR] LogOutputStream:75 - [STDERR_REDIRECT] WARNING: Could not lock System prefs. Unix error code 2.
2025-09-09 15:26:11,809 [ERROR] LogOutputStream:75 - [STDERR_REDIRECT] 
2025-09-09 15:26:11,809 [ERROR] LogOutputStream:75 - [STDERR_REDIRECT] Sep 09, 2025 3:26:11 PM java.util.prefs.FileSystemPreferences syncWorld
2025-09-09 15:26:11,810 [ERROR] LogOutputStream:75 - [STDERR_REDIRECT] WARNING: Couldn't flush system prefs: java.util.prefs.BackingStoreException: Couldn't get file lock.
2025-09-09 15:26:11,810 [ERROR] LogOutputStream:75 - [STDERR_REDIRECT] 
2025-09-09 15:26:41,809 [ERROR] LogOutputStream:75 - [STDERR_REDIRECT] Sep 09, 2025 3:26:41 PM java.util.prefs.FileSystemPreferences checkLockFile0ErrorCode
2025-09-09 15:26:41,809 [ERROR] LogOutputStream:75 - [STDERR_REDIRECT] WARNING: Could not lock System prefs. Unix error code 2.
2025-09-09 15:26:41,810 [ERROR] LogOutputStream:75 - [STDERR_REDIRECT] 
2025-09-09 15:26:41,810 [ERROR] LogOutputStream:75 - [STDERR_REDIRECT] Sep 09, 2025 3:26:41 PM java.util.prefs.FileSystemPreferences syncWorld
2025-09-09 15:26:41,810 [ERROR] LogOutputStream:75 - [STDERR_REDIRECT] WARNING: Couldn't flush system prefs: java.util.prefs.BackingStoreException: Couldn't get file lock.
2025-09-09 15:26:41,810 [ERROR] LogOutputStream:75 - [STDERR_REDIRECT] 
2025-09-09 15:27:11,810 [ERROR] LogOutputStream:75 - [STDERR_REDIRECT] Sep 09, 2025 3:27:11 PM java.util.prefs.FileSystemPreferences checkLockFile0ErrorCode
2025-09-09 15:27:11,810 [ERROR] LogOutputStream:75 - [STDERR_REDIRECT] WARNING: Could not lock System prefs. Unix error code 2.
2025-09-09 15:27:11,810 [ERROR] LogOutputStream:75 - [STDERR_REDIRECT] 
2025-09-09 15:27:11,810 [ERROR] LogOutputStream:75 - [STDERR_REDIRECT] Sep 09, 2025 3:27:11 PM java.util.prefs.FileSystemPreferences syncWorld
2025-09-09 15:27:11,811 [ERROR] LogOutputStream:75 - [STDERR_REDIRECT] WARNING: Couldn't flush system prefs: java.util.prefs.BackingStoreException: Couldn't get file lock.
2025-09-09 15:27:11,811 [ERROR] LogOutputStream:75 - [STDERR_REDIRECT] 
2025-09-09 15:27:41,809 [ERROR] LogOutputStream:75 - [STDERR_REDIRECT] Sep 09, 2025 3:27:41 PM java.util.prefs.FileSystemPreferences checkLockFile0ErrorCode
2025-09-09 15:27:41,810 [ERROR] LogOutputStream:75 - [STDERR_REDIRECT] WARNING: Could not lock System prefs. Unix error code 2.
2025-09-09 15:27:41,810 [ERROR] LogOutputStream:75 - [STDERR_REDIRECT] 
2025-09-09 15:27:41,810 [ERROR] LogOutputStream:75 - [STDERR_REDIRECT] Sep 09, 2025 3:27:41 PM java.util.prefs.FileSystemPreferences syncWorld
2025-09-09 15:27:41,810 [ERROR] LogOutputStream:75 - [STDERR_REDIRECT] WARNING: Couldn't flush system prefs: java.util.prefs.BackingStoreException: Couldn't get file lock.
2025-09-09 15:27:41,810 [ERROR] LogOutputStream:75 - [STDERR_REDIRECT] 
2025-09-09 15:28:11,810 [ERROR] LogOutputStream:75 - [STDERR_REDIRECT] Sep 09, 2025 3:28:11 PM java.util.prefs.FileSystemPreferences checkLockFile0ErrorCode
2025-09-09 15:28:11,810 [ERROR] LogOutputStream:75 - [STDERR_REDIRECT] WARNING: Could not lock System prefs. Unix error code 2.
2025-09-09 15:28:11,810 [ERROR] LogOutputStream:75 - [STDERR_REDIRECT] 
2025-09-09 15:28:11,810 [ERROR] LogOutputStream:75 - [STDERR_REDIRECT] Sep 09, 2025 3:28:11 PM java.util.prefs.FileSystemPreferences syncWorld
2025-09-09 15:28:11,811 [ERROR] LogOutputStream:75 - [STDERR_REDIRECT] WARNING: Couldn't flush system prefs: java.util.prefs.BackingStoreException: Couldn't get file lock.
2025-09-09 15:28:11,811 [ERROR] LogOutputStream:75 - [STDERR_REDIRECT] 
2025-09-09 15:28:41,810 [ERROR] LogOutputStream:75 - [STDERR_REDIRECT] Sep 09, 2025 3:28:41 PM java.util.prefs.FileSystemPreferences checkLockFile0ErrorCode
2025-09-09 15:28:41,811 [ERROR] LogOutputStream:75 - [STDERR_REDIRECT] WARNING: Could not lock System prefs. Unix error code 2.
2025-09-09 15:28:41,811 [ERROR] LogOutputStream:75 - [STDERR_REDIRECT] 
2025-09-09 15:28:41,811 [ERROR] LogOutputStream:75 - [STDERR_REDIRECT] Sep 09, 2025 3:28:41 PM java.util.prefs.FileSystemPreferences syncWorld
2025-09-09 15:28:41,812 [ERROR] LogOutputStream:75 - [STDERR_REDIRECT] WARNING: Couldn't flush system prefs: java.util.prefs.BackingStoreException: Couldn't get file lock.
2025-09-09 15:28:41,812 [ERROR] LogOutputStream:75 - [STDERR_REDIRECT] 
2025-09-09 15:29:11,810 [ERROR] LogOutputStream:75 - [STDERR_REDIRECT] Sep 09, 2025 3:29:11 PM java.util.prefs.FileSystemPreferences checkLockFile0ErrorCode
2025-09-09 15:29:11,810 [ERROR] LogOutputStream:75 - [STDERR_REDIRECT] WARNING: Could not lock System prefs. Unix error code 2.
2025-09-09 15:29:11,810 [ERROR] LogOutputStream:75 - [STDERR_REDIRECT] 
2025-09-09 15:29:11,811 [ERROR] LogOutputStream:75 - [STDERR_REDIRECT] Sep 09, 2025 3:29:11 PM java.util.prefs.FileSystemPreferences syncWorld
2025-09-09 15:29:11,811 [ERROR] LogOutputStream:75 - [STDERR_REDIRECT] WARNING: Couldn't flush system prefs: java.util.prefs.BackingStoreException: Couldn't get file lock.
2025-09-09 15:29:11,811 [ERROR] LogOutputStream:75 - [STDERR_REDIRECT] 
2025-09-09 15:29:41,810 [ERROR] LogOutputStream:75 - [STDERR_REDIRECT] Sep 09, 2025 3:29:41 PM java.util.prefs.FileSystemPreferences checkLockFile0ErrorCode
2025-09-09 15:29:41,811 [ERROR] LogOutputStream:75 - [STDERR_REDIRECT] WARNING: Could not lock System prefs. Unix error code 2.
2025-09-09 15:29:41,811 [ERROR] LogOutputStream:75 - [STDERR_REDIRECT] 
2025-09-09 15:29:41,811 [ERROR] LogOutputStream:75 - [STDERR_REDIRECT] Sep 09, 2025 3:29:41 PM java.util.prefs.FileSystemPreferences syncWorld
2025-09-09 15:29:41,812 [ERROR] LogOutputStream:75 - [STDERR_REDIRECT] WARNING: Couldn't flush system prefs: java.util.prefs.BackingStoreException: Couldn't get file lock.
2025-09-09 15:29:41,812 [ERROR] LogOutputStream:75 - [STDERR_REDIRECT] 
2025-09-09 15:30:11,809 [ERROR] LogOutputStream:75 - [STDERR_REDIRECT] Sep 09, 2025 3:30:11 PM java.util.prefs.FileSystemPreferences checkLockFile0ErrorCode
2025-09-09 15:30:11,810 [ERROR] LogOutputStream:75 - [STDERR_REDIRECT] WARNING: Could not lock System prefs. Unix error code 2.
2025-09-09 15:30:11,810 [ERROR] LogOutputStream:75 - [STDERR_REDIRECT] 
2025-09-09 15:30:11,810 [ERROR] LogOutputStream:75 - [STDERR_REDIRECT] Sep 09, 2025 3:30:11 PM java.util.prefs.FileSystemPreferences syncWorld
2025-09-09 15:30:11,811 [ERROR] LogOutputStream:75 - [STDERR_REDIRECT] WARNING: Couldn't flush system prefs: java.util.prefs.BackingStoreException: Couldn't get file lock.
2025-09-09 15:30:11,811 [ERROR] LogOutputStream:75 - [STDERR_REDIRECT] 
2025-09-09 15:30:41,810 [ERROR] LogOutputStream:75 - [STDERR_REDIRECT] Sep 09, 2025 3:30:41 PM java.util.prefs.FileSystemPreferences checkLockFile0ErrorCode
2025-09-09 15:30:41,810 [ERROR] LogOutputStream:75 - [STDERR_REDIRECT] WARNING: Could not lock System prefs. Unix error code 2.
2025-09-09 15:30:41,810 [ERROR] LogOutputStream:75 - [STDERR_REDIRECT] 
2025-09-09 15:30:41,811 [ERROR] LogOutputStream:75 - [STDERR_REDIRECT] Sep 09, 2025 3:30:41 PM java.util.prefs.FileSystemPreferences syncWorld
2025-09-09 15:30:41,811 [ERROR] LogOutputStream:75 - [STDERR_REDIRECT] WARNING: Couldn't flush system prefs: java.util.prefs.BackingStoreException: Couldn't get file lock.
2025-09-09 15:30:41,811 [ERROR] LogOutputStream:75 - [STDERR_REDIRECT] 
2025-09-09 15:31:11,810 [ERROR] LogOutputStream:75 - [STDERR_REDIRECT] Sep 09, 2025 3:31:11 PM java.util.prefs.FileSystemPreferences checkLockFile0ErrorCode
2025-09-09 15:31:11,810 [ERROR] LogOutputStream:75 - [STDERR_REDIRECT] WARNING: Could not lock System prefs. Unix error code 2.
2025-09-09 15:31:11,811 [ERROR] LogOutputStream:75 - [STDERR_REDIRECT] 
2025-09-09 15:31:11,811 [ERROR] LogOutputStream:75 - [STDERR_REDIRECT] Sep 09, 2025 3:31:11 PM java.util.prefs.FileSystemPreferences syncWorld
2025-09-09 15:31:11,811 [ERROR] LogOutputStream:75 - [STDERR_REDIRECT] WARNING: Couldn't flush system prefs: java.util.prefs.BackingStoreException: Couldn't get file lock.
2025-09-09 15:31:11,811 [ERROR] LogOutputStream:75 - [STDERR_REDIRECT] 
2025-09-09 15:31:41,810 [ERROR] LogOutputStream:75 - [STDERR_REDIRECT] Sep 09, 2025 3:31:41 PM java.util.prefs.FileSystemPreferences checkLockFile0ErrorCode
2025-09-09 15:31:41,811 [ERROR] LogOutputStream:75 - [STDERR_REDIRECT] WARNING: Could not lock System prefs. Unix error code 2.
2025-09-09 15:31:41,811 [ERROR] LogOutputStream:75 - [STDERR_REDIRECT] 
2025-09-09 15:31:41,811 [ERROR] LogOutputStream:75 - [STDERR_REDIRECT] Sep 09, 2025 3:31:41 PM java.util.prefs.FileSystemPreferences syncWorld
2025-09-09 15:31:41,811 [ERROR] LogOutputStream:75 - [STDERR_REDIRECT] WARNING: Couldn't flush system prefs: java.util.prefs.BackingStoreException: Couldn't get file lock.
2025-09-09 15:31:41,811 [ERROR] LogOutputStream:75 - [STDERR_REDIRECT] 
2025-09-09 15:32:11,811 [ERROR] LogOutputStream:75 - [STDERR_REDIRECT] Sep 09, 2025 3:32:11 PM java.util.prefs.FileSystemPreferences checkLockFile0ErrorCode
2025-09-09 15:32:11,812 [ERROR] LogOutputStream:75 - [STDERR_REDIRECT] WARNING: Could not lock System prefs. Unix error code 2.
2025-09-09 15:32:11,812 [ERROR] LogOutputStream:75 - [STDERR_REDIRECT] 
2025-09-09 15:32:11,813 [ERROR] LogOutputStream:75 - [STDERR_REDIRECT] Sep 09, 2025 3:32:11 PM java.util.prefs.FileSystemPreferences syncWorld
2025-09-09 15:32:11,813 [ERROR] LogOutputStream:75 - [STDERR_REDIRECT] WARNING: Couldn't flush system prefs: java.util.prefs.BackingStoreException: Couldn't get file lock.
2025-09-09 15:32:11,813 [ERROR] LogOutputStream:75 - [STDERR_REDIRECT] 
2025-09-09 15:32:41,812 [ERROR] LogOutputStream:75 - [STDERR_REDIRECT] Sep 09, 2025 3:32:41 PM java.util.prefs.FileSystemPreferences checkLockFile0ErrorCode
2025-09-09 15:32:41,813 [ERROR] LogOutputStream:75 - [STDERR_REDIRECT] WARNING: Could not lock System prefs. Unix error code 2.
2025-09-09 15:32:41,813 [ERROR] LogOutputStream:75 - [STDERR_REDIRECT] 
2025-09-09 15:32:41,813 [ERROR] LogOutputStream:75 - [STDERR_REDIRECT] Sep 09, 2025 3:32:41 PM java.util.prefs.FileSystemPreferences syncWorld
2025-09-09 15:32:41,814 [ERROR] LogOutputStream:75 - [STDERR_REDIRECT] WARNING: Couldn't flush system prefs: java.util.prefs.BackingStoreException: Couldn't get file lock.
2025-09-09 15:32:41,814 [ERROR] LogOutputStream:75 - [STDERR_REDIRECT] 
2025-09-09 15:33:11,812 [ERROR] LogOutputStream:75 - [STDERR_REDIRECT] Sep 09, 2025 3:33:11 PM java.util.prefs.FileSystemPreferences checkLockFile0ErrorCode
2025-09-09 15:33:11,813 [ERROR] LogOutputStream:75 - [STDERR_REDIRECT] WARNING: Could not lock System prefs. Unix error code 2.
2025-09-09 15:33:11,813 [ERROR] LogOutputStream:75 - [STDERR_REDIRECT] 
2025-09-09 15:33:11,813 [ERROR] LogOutputStream:75 - [STDERR_REDIRECT] Sep 09, 2025 3:33:11 PM java.util.prefs.FileSystemPreferences syncWorld
2025-09-09 15:33:11,814 [ERROR] LogOutputStream:75 - [STDERR_REDIRECT] WARNING: Couldn't flush system prefs: java.util.prefs.BackingStoreException: Couldn't get file lock.
2025-09-09 15:33:11,814 [ERROR] LogOutputStream:75 - [STDERR_REDIRECT] 
2025-09-09 15:33:41,812 [ERROR] LogOutputStream:75 - [STDERR_REDIRECT] Sep 09, 2025 3:33:41 PM java.util.prefs.FileSystemPreferences checkLockFile0ErrorCode
2025-09-09 15:33:41,812 [ERROR] LogOutputStream:75 - [STDERR_REDIRECT] WARNING: Could not lock System prefs. Unix error code 2.
2025-09-09 15:33:41,812 [ERROR] LogOutputStream:75 - [STDERR_REDIRECT] 
2025-09-09 15:33:41,813 [ERROR] LogOutputStream:75 - [STDERR_REDIRECT] Sep 09, 2025 3:33:41 PM java.util.prefs.FileSystemPreferences syncWorld
2025-09-09 15:33:41,813 [ERROR] LogOutputStream:75 - [STDERR_REDIRECT] WARNING: Couldn't flush system prefs: java.util.prefs.BackingStoreException: Couldn't get file lock.
2025-09-09 15:33:41,813 [ERROR] LogOutputStream:75 - [STDERR_REDIRECT] 
2025-09-09 15:34:11,812 [ERROR] LogOutputStream:75 - [STDERR_REDIRECT] Sep 09, 2025 3:34:11 PM java.util.prefs.FileSystemPreferences checkLockFile0ErrorCode
2025-09-09 15:34:11,813 [ERROR] LogOutputStream:75 - [STDERR_REDIRECT] WARNING: Could not lock System prefs. Unix error code 2.
2025-09-09 15:34:11,813 [ERROR] LogOutputStream:75 - [STDERR_REDIRECT] 
2025-09-09 15:34:11,813 [ERROR] LogOutputStream:75 - [STDERR_REDIRECT] Sep 09, 2025 3:34:11 PM java.util.prefs.FileSystemPreferences syncWorld
2025-09-09 15:34:11,813 [ERROR] LogOutputStream:75 - [STDERR_REDIRECT] WARNING: Couldn't flush system prefs: java.util.prefs.BackingStoreException: Couldn't get file lock.
2025-09-09 15:34:11,813 [ERROR] LogOutputStream:75 - [STDERR_REDIRECT] 
2025-09-09 15:34:41,812 [ERROR] LogOutputStream:75 - [STDERR_REDIRECT] Sep 09, 2025 3:34:41 PM java.util.prefs.FileSystemPreferences checkLockFile0ErrorCode
2025-09-09 15:34:41,813 [ERROR] LogOutputStream:75 - [STDERR_REDIRECT] WARNING: Could not lock System prefs. Unix error code 2.
2025-09-09 15:34:41,813 [ERROR] LogOutputStream:75 - [STDERR_REDIRECT] 
2025-09-09 15:34:41,813 [ERROR] LogOutputStream:75 - [STDERR_REDIRECT] Sep 09, 2025 3:34:41 PM java.util.prefs.FileSystemPreferences syncWorld
2025-09-09 15:34:41,814 [ERROR] LogOutputStream:75 - [STDERR_REDIRECT] WARNING: Couldn't flush system prefs: java.util.prefs.BackingStoreException: Couldn't get file lock.
2025-09-09 15:34:41,814 [ERROR] LogOutputStream:75 - [STDERR_REDIRECT] 
2025-09-09 15:35:11,812 [ERROR] LogOutputStream:75 - [STDERR_REDIRECT] Sep 09, 2025 3:35:11 PM java.util.prefs.FileSystemPreferences checkLockFile0ErrorCode
2025-09-09 15:35:11,813 [ERROR] LogOutputStream:75 - [STDERR_REDIRECT] WARNING: Could not lock System prefs. Unix error code 2.
2025-09-09 15:35:11,813 [ERROR] LogOutputStream:75 - [STDERR_REDIRECT] 
2025-09-09 15:35:11,813 [ERROR] LogOutputStream:75 - [STDERR_REDIRECT] Sep 09, 2025 3:35:11 PM java.util.prefs.FileSystemPreferences syncWorld
2025-09-09 15:35:11,814 [ERROR] LogOutputStream:75 - [STDERR_REDIRECT] WARNING: Couldn't flush system prefs: java.util.prefs.BackingStoreException: Couldn't get file lock.
2025-09-09 15:35:11,814 [ERROR] LogOutputStream:75 - [STDERR_REDIRECT] 
2025-09-09 15:35:41,813 [ERROR] LogOutputStream:75 - [STDERR_REDIRECT] Sep 09, 2025 3:35:41 PM java.util.prefs.FileSystemPreferences checkLockFile0ErrorCode
2025-09-09 15:35:41,814 [ERROR] LogOutputStream:75 - [STDERR_REDIRECT] WARNING: Could not lock System prefs. Unix error code 2.
2025-09-09 15:35:41,814 [ERROR] LogOutputStream:75 - [STDERR_REDIRECT] 
2025-09-09 15:35:41,814 [ERROR] LogOutputStream:75 - [STDERR_REDIRECT] Sep 09, 2025 3:35:41 PM java.util.prefs.FileSystemPreferences syncWorld
2025-09-09 15:35:41,815 [ERROR] LogOutputStream:75 - [STDERR_REDIRECT] WARNING: Couldn't flush system prefs: java.util.prefs.BackingStoreException: Couldn't get file lock.
2025-09-09 15:35:41,815 [ERROR] LogOutputStream:75 - [STDERR_REDIRECT] 
2025-09-09 15:36:11,813 [ERROR] LogOutputStream:75 - [STDERR_REDIRECT] Sep 09, 2025 3:36:11 PM java.util.prefs.FileSystemPreferences checkLockFile0ErrorCode
2025-09-09 15:36:11,814 [ERROR] LogOutputStream:75 - [STDERR_REDIRECT] WARNING: Could not lock System prefs. Unix error code 2.
2025-09-09 15:36:11,814 [ERROR] LogOutputStream:75 - [STDERR_REDIRECT] 
2025-09-09 15:36:11,814 [ERROR] LogOutputStream:75 - [STDERR_REDIRECT] Sep 09, 2025 3:36:11 PM java.util.prefs.FileSystemPreferences syncWorld
2025-09-09 15:36:11,814 [ERROR] LogOutputStream:75 - [STDERR_REDIRECT] WARNING: Couldn't flush system prefs: java.util.prefs.BackingStoreException: Couldn't get file lock.
2025-09-09 15:36:11,814 [ERROR] LogOutputStream:75 - [STDERR_REDIRECT] 
2025-09-09 15:36:41,813 [ERROR] LogOutputStream:75 - [STDERR_REDIRECT] Sep 09, 2025 3:36:41 PM java.util.prefs.FileSystemPreferences checkLockFile0ErrorCode
2025-09-09 15:36:41,814 [ERROR] LogOutputStream:75 - [STDERR_REDIRECT] WARNING: Could not lock System prefs. Unix error code 2.
2025-09-09 15:36:41,814 [ERROR] LogOutputStream:75 - [STDERR_REDIRECT] 
2025-09-09 15:36:41,814 [ERROR] LogOutputStream:75 - [STDERR_REDIRECT] Sep 09, 2025 3:36:41 PM java.util.prefs.FileSystemPreferences syncWorld
2025-09-09 15:36:41,814 [ERROR] LogOutputStream:75 - [STDERR_REDIRECT] WARNING: Couldn't flush system prefs: java.util.prefs.BackingStoreException: Couldn't get file lock.
2025-09-09 15:36:41,814 [ERROR] LogOutputStream:75 - [STDERR_REDIRECT] 
2025-09-09 15:37:11,813 [ERROR] LogOutputStream:75 - [STDERR_REDIRECT] Sep 09, 2025 3:37:11 PM java.util.prefs.FileSystemPreferences checkLockFile0ErrorCode
2025-09-09 15:37:11,814 [ERROR] LogOutputStream:75 - [STDERR_REDIRECT] WARNING: Could not lock System prefs. Unix error code 2.
2025-09-09 15:37:11,814 [ERROR] LogOutputStream:75 - [STDERR_REDIRECT] 
2025-09-09 15:37:11,814 [ERROR] LogOutputStream:75 - [STDERR_REDIRECT] Sep 09, 2025 3:37:11 PM java.util.prefs.FileSystemPreferences syncWorld
2025-09-09 15:37:11,814 [ERROR] LogOutputStream:75 - [STDERR_REDIRECT] WARNING: Couldn't flush system prefs: java.util.prefs.BackingStoreException: Couldn't get file lock.
2025-09-09 15:37:11,814 [ERROR] LogOutputStream:75 - [STDERR_REDIRECT] 
2025-09-09 15:37:41,813 [ERROR] LogOutputStream:75 - [STDERR_REDIRECT] Sep 09, 2025 3:37:41 PM java.util.prefs.FileSystemPreferences checkLockFile0ErrorCode
2025-09-09 15:37:41,814 [ERROR] LogOutputStream:75 - [STDERR_REDIRECT] WARNING: Could not lock System prefs. Unix error code 2.
2025-09-09 15:37:41,814 [ERROR] LogOutputStream:75 - [STDERR_REDIRECT] 
2025-09-09 15:37:41,814 [ERROR] LogOutputStream:75 - [STDERR_REDIRECT] Sep 09, 2025 3:37:41 PM java.util.prefs.FileSystemPreferences syncWorld
2025-09-09 15:37:41,814 [ERROR] LogOutputStream:75 - [STDERR_REDIRECT] WARNING: Couldn't flush system prefs: java.util.prefs.BackingStoreException: Couldn't get file lock.
2025-09-09 15:37:41,814 [ERROR] LogOutputStream:75 - [STDERR_REDIRECT] 
2025-09-09 15:38:11,814 [ERROR] LogOutputStream:75 - [STDERR_REDIRECT] Sep 09, 2025 3:38:11 PM java.util.prefs.FileSystemPreferences checkLockFile0ErrorCode
2025-09-09 15:38:11,814 [ERROR] LogOutputStream:75 - [STDERR_REDIRECT] WARNING: Could not lock System prefs. Unix error code 2.
2025-09-09 15:38:11,814 [ERROR] LogOutputStream:75 - [STDERR_REDIRECT] 
2025-09-09 15:38:11,814 [ERROR] LogOutputStream:75 - [STDERR_REDIRECT] Sep 09, 2025 3:38:11 PM java.util.prefs.FileSystemPreferences syncWorld
2025-09-09 15:38:11,815 [ERROR] LogOutputStream:75 - [STDERR_REDIRECT] WARNING: Couldn't flush system prefs: java.util.prefs.BackingStoreException: Couldn't get file lock.
2025-09-09 15:38:11,815 [ERROR] LogOutputStream:75 - [STDERR_REDIRECT] 
2025-09-09 15:38:41,814 [ERROR] LogOutputStream:75 - [STDERR_REDIRECT] Sep 09, 2025 3:38:41 PM java.util.prefs.FileSystemPreferences checkLockFile0ErrorCode
2025-09-09 15:38:41,814 [ERROR] LogOutputStream:75 - [STDERR_REDIRECT] WARNING: Could not lock System prefs. Unix error code 2.
2025-09-09 15:38:41,815 [ERROR] LogOutputStream:75 - [STDERR_REDIRECT] 
2025-09-09 15:38:41,815 [ERROR] LogOutputStream:75 - [STDERR_REDIRECT] Sep 09, 2025 3:38:41 PM java.util.prefs.FileSystemPreferences syncWorld
2025-09-09 15:38:41,815 [ERROR] LogOutputStream:75 - [STDERR_REDIRECT] WARNING: Couldn't flush system prefs: java.util.prefs.BackingStoreException: Couldn't get file lock.
2025-09-09 15:38:41,815 [ERROR] LogOutputStream:75 - [STDERR_REDIRECT] 
2025-09-09 15:39:11,814 [ERROR] LogOutputStream:75 - [STDERR_REDIRECT] Sep 09, 2025 3:39:11 PM java.util.prefs.FileSystemPreferences checkLockFile0ErrorCode
2025-09-09 15:39:11,815 [ERROR] LogOutputStream:75 - [STDERR_REDIRECT] WARNING: Could not lock System prefs. Unix error code 2.
2025-09-09 15:39:11,815 [ERROR] LogOutputStream:75 - [STDERR_REDIRECT] 
2025-09-09 15:39:11,815 [ERROR] LogOutputStream:75 - [STDERR_REDIRECT] Sep 09, 2025 3:39:11 PM java.util.prefs.FileSystemPreferences syncWorld
2025-09-09 15:39:11,816 [ERROR] LogOutputStream:75 - [STDERR_REDIRECT] WARNING: Couldn't flush system prefs: java.util.prefs.BackingStoreException: Couldn't get file lock.
2025-09-09 15:39:11,816 [ERROR] LogOutputStream:75 - [STDERR_REDIRECT] 
2025-09-09 15:39:41,815 [ERROR] LogOutputStream:75 - [STDERR_REDIRECT] Sep 09, 2025 3:39:41 PM java.util.prefs.FileSystemPreferences checkLockFile0ErrorCode
2025-09-09 15:39:41,816 [ERROR] LogOutputStream:75 - [STDERR_REDIRECT] WARNING: Could not lock System prefs. Unix error code 2.
2025-09-09 15:39:41,816 [ERROR] LogOutputStream:75 - [STDERR_REDIRECT] 
2025-09-09 15:39:41,816 [ERROR] LogOutputStream:75 - [STDERR_REDIRECT] Sep 09, 2025 3:39:41 PM java.util.prefs.FileSystemPreferences syncWorld
2025-09-09 15:39:41,816 [ERROR] LogOutputStream:75 - [STDERR_REDIRECT] WARNING: Couldn't flush system prefs: java.util.prefs.BackingStoreException: Couldn't get file lock.
2025-09-09 15:39:41,816 [ERROR] LogOutputStream:75 - [STDERR_REDIRECT] 
2025-09-09 15:40:11,816 [ERROR] LogOutputStream:75 - [STDERR_REDIRECT] Sep 09, 2025 3:40:11 PM java.util.prefs.FileSystemPreferences checkLockFile0ErrorCode
2025-09-09 15:40:11,816 [ERROR] LogOutputStream:75 - [STDERR_REDIRECT] WARNING: Could not lock System prefs. Unix error code 2.
2025-09-09 15:40:11,816 [ERROR] LogOutputStream:75 - [STDERR_REDIRECT] 
2025-09-09 15:40:11,816 [ERROR] LogOutputStream:75 - [STDERR_REDIRECT] Sep 09, 2025 3:40:11 PM java.util.prefs.FileSystemPreferences syncWorld
2025-09-09 15:40:11,817 [ERROR] LogOutputStream:75 - [STDERR_REDIRECT] WARNING: Couldn't flush system prefs: java.util.prefs.BackingStoreException: Couldn't get file lock.
2025-09-09 15:40:11,817 [ERROR] LogOutputStream:75 - [STDERR_REDIRECT] 
2025-09-09 15:40:41,816 [ERROR] LogOutputStream:75 - [STDERR_REDIRECT] Sep 09, 2025 3:40:41 PM java.util.prefs.FileSystemPreferences checkLockFile0ErrorCode
2025-09-09 15:40:41,816 [ERROR] LogOutputStream:75 - [STDERR_REDIRECT] WARNING: Could not lock System prefs. Unix error code 2.
2025-09-09 15:40:41,816 [ERROR] LogOutputStream:75 - [STDERR_REDIRECT] 
2025-09-09 15:40:41,817 [ERROR] LogOutputStream:75 - [STDERR_REDIRECT] Sep 09, 2025 3:40:41 PM java.util.prefs.FileSystemPreferences syncWorld
2025-09-09 15:40:41,817 [ERROR] LogOutputStream:75 - [STDERR_REDIRECT] WARNING: Couldn't flush system prefs: java.util.prefs.BackingStoreException: Couldn't get file lock.
2025-09-09 15:40:41,817 [ERROR] LogOutputStream:75 - [STDERR_REDIRECT] 
2025-09-09 15:41:11,816 [ERROR] LogOutputStream:75 - [STDERR_REDIRECT] Sep 09, 2025 3:41:11 PM java.util.prefs.FileSystemPreferences checkLockFile0ErrorCode
2025-09-09 15:41:11,816 [ERROR] LogOutputStream:75 - [STDERR_REDIRECT] WARNING: Could not lock System prefs. Unix error code 2.
2025-09-09 15:41:11,816 [ERROR] LogOutputStream:75 - [STDERR_REDIRECT] 
2025-09-09 15:41:11,817 [ERROR] LogOutputStream:75 - [STDERR_REDIRECT] Sep 09, 2025 3:41:11 PM java.util.prefs.FileSystemPreferences syncWorld
2025-09-09 15:41:11,817 [ERROR] LogOutputStream:75 - [STDERR_REDIRECT] WARNING: Couldn't flush system prefs: java.util.prefs.BackingStoreException: Couldn't get file lock.
2025-09-09 15:41:11,817 [ERROR] LogOutputStream:75 - [STDERR_REDIRECT] 
2025-09-09 15:41:41,817 [ERROR] LogOutputStream:75 - [STDERR_REDIRECT] Sep 09, 2025 3:41:41 PM java.util.prefs.FileSystemPreferences checkLockFile0ErrorCode
2025-09-09 15:41:41,817 [ERROR] LogOutputStream:75 - [STDERR_REDIRECT] WARNING: Could not lock System prefs. Unix error code 2.
2025-09-09 15:41:41,817 [ERROR] LogOutputStream:75 - [STDERR_REDIRECT] 
2025-09-09 15:41:41,818 [ERROR] LogOutputStream:75 - [STDERR_REDIRECT] Sep 09, 2025 3:41:41 PM java.util.prefs.FileSystemPreferences syncWorld
2025-09-09 15:41:41,818 [ERROR] LogOutputStream:75 - [STDERR_REDIRECT] WARNING: Couldn't flush system prefs: java.util.prefs.BackingStoreException: Couldn't get file lock.
2025-09-09 15:41:41,818 [ERROR] LogOutputStream:75 - [STDERR_REDIRECT] 
2025-09-09 15:42:11,817 [ERROR] LogOutputStream:75 - [STDERR_REDIRECT] Sep 09, 2025 3:42:11 PM java.util.prefs.FileSystemPreferences checkLockFile0ErrorCode
2025-09-09 15:42:11,817 [ERROR] LogOutputStream:75 - [STDERR_REDIRECT] WARNING: Could not lock System prefs. Unix error code 2.
2025-09-09 15:42:11,817 [ERROR] LogOutputStream:75 - [STDERR_REDIRECT] 
2025-09-09 15:42:11,818 [ERROR] LogOutputStream:75 - [STDERR_REDIRECT] Sep 09, 2025 3:42:11 PM java.util.prefs.FileSystemPreferences syncWorld
2025-09-09 15:42:11,818 [ERROR] LogOutputStream:75 - [STDERR_REDIRECT] WARNING: Couldn't flush system prefs: java.util.prefs.BackingStoreException: Couldn't get file lock.
2025-09-09 15:42:11,818 [ERROR] LogOutputStream:75 - [STDERR_REDIRECT] 
2025-09-09 15:42:41,816 [ERROR] LogOutputStream:75 - [STDERR_REDIRECT] Sep 09, 2025 3:42:41 PM java.util.prefs.FileSystemPreferences checkLockFile0ErrorCode
2025-09-09 15:42:41,817 [ERROR] LogOutputStream:75 - [STDERR_REDIRECT] WARNING: Could not lock System prefs. Unix error code 2.
2025-09-09 15:42:41,817 [ERROR] LogOutputStream:75 - [STDERR_REDIRECT] 
2025-09-09 15:42:41,817 [ERROR] LogOutputStream:75 - [STDERR_REDIRECT] Sep 09, 2025 3:42:41 PM java.util.prefs.FileSystemPreferences syncWorld
2025-09-09 15:42:41,817 [ERROR] LogOutputStream:75 - [STDERR_REDIRECT] WARNING: Couldn't flush system prefs: java.util.prefs.BackingStoreException: Couldn't get file lock.
2025-09-09 15:42:41,817 [ERROR] LogOutputStream:75 - [STDERR_REDIRECT] 
2025-09-09 15:43:11,817 [ERROR] LogOutputStream:75 - [STDERR_REDIRECT] Sep 09, 2025 3:43:11 PM java.util.prefs.FileSystemPreferences checkLockFile0ErrorCode
2025-09-09 15:43:11,818 [ERROR] LogOutputStream:75 - [STDERR_REDIRECT] WARNING: Could not lock System prefs. Unix error code 2.
2025-09-09 15:43:11,818 [ERROR] LogOutputStream:75 - [STDERR_REDIRECT] 
2025-09-09 15:43:11,818 [ERROR] LogOutputStream:75 - [STDERR_REDIRECT] Sep 09, 2025 3:43:11 PM java.util.prefs.FileSystemPreferences syncWorld
2025-09-09 15:43:11,819 [ERROR] LogOutputStream:75 - [STDERR_REDIRECT] WARNING: Couldn't flush system prefs: java.util.prefs.BackingStoreException: Couldn't get file lock.
2025-09-09 15:43:11,819 [ERROR] LogOutputStream:75 - [STDERR_REDIRECT] 
2025-09-09 15:43:41,817 [ERROR] LogOutputStream:75 - [STDERR_REDIRECT] Sep 09, 2025 3:43:41 PM java.util.prefs.FileSystemPreferences checkLockFile0ErrorCode
2025-09-09 15:43:41,818 [ERROR] LogOutputStream:75 - [STDERR_REDIRECT] WARNING: Could not lock System prefs. Unix error code 2.
2025-09-09 15:43:41,818 [ERROR] LogOutputStream:75 - [STDERR_REDIRECT] 
2025-09-09 15:43:41,818 [ERROR] LogOutputStream:75 - [STDERR_REDIRECT] Sep 09, 2025 3:43:41 PM java.util.prefs.FileSystemPreferences syncWorld
2025-09-09 15:43:41,818 [ERROR] LogOutputStream:75 - [STDERR_REDIRECT] WARNING: Couldn't flush system prefs: java.util.prefs.BackingStoreException: Couldn't get file lock.
2025-09-09 15:43:41,818 [ERROR] LogOutputStream:75 - [STDERR_REDIRECT] 
2025-09-09 15:44:11,818 [ERROR] LogOutputStream:75 - [STDERR_REDIRECT] Sep 09, 2025 3:44:11 PM java.util.prefs.FileSystemPreferences checkLockFile0ErrorCode
2025-09-09 15:44:11,818 [ERROR] LogOutputStream:75 - [STDERR_REDIRECT] WARNING: Could not lock System prefs. Unix error code 2.
2025-09-09 15:44:11,818 [ERROR] LogOutputStream:75 - [STDERR_REDIRECT] 
2025-09-09 15:44:11,818 [ERROR] LogOutputStream:75 - [STDERR_REDIRECT] Sep 09, 2025 3:44:11 PM java.util.prefs.FileSystemPreferences syncWorld
2025-09-09 15:44:11,819 [ERROR] LogOutputStream:75 - [STDERR_REDIRECT] WARNING: Couldn't flush system prefs: java.util.prefs.BackingStoreException: Couldn't get file lock.
2025-09-09 15:44:11,819 [ERROR] LogOutputStream:75 - [STDERR_REDIRECT] 
2025-09-09 15:44:41,817 [ERROR] LogOutputStream:75 - [STDERR_REDIRECT] Sep 09, 2025 3:44:41 PM java.util.prefs.FileSystemPreferences checkLockFile0ErrorCode
2025-09-09 15:44:41,818 [ERROR] LogOutputStream:75 - [STDERR_REDIRECT] WARNING: Could not lock System prefs. Unix error code 2.
2025-09-09 15:44:41,818 [ERROR] LogOutputStream:75 - [STDERR_REDIRECT] 
2025-09-09 15:44:41,818 [ERROR] LogOutputStream:75 - [STDERR_REDIRECT] Sep 09, 2025 3:44:41 PM java.util.prefs.FileSystemPreferences syncWorld
2025-09-09 15:44:41,818 [ERROR] LogOutputStream:75 - [STDERR_REDIRECT] WARNING: Couldn't flush system prefs: java.util.prefs.BackingStoreException: Couldn't get file lock.
2025-09-09 15:44:41,818 [ERROR] LogOutputStream:75 - [STDERR_REDIRECT] 
2025-09-09 15:45:11,819 [ERROR] LogOutputStream:75 - [STDERR_REDIRECT] Sep 09, 2025 3:45:11 PM java.util.prefs.FileSystemPreferences checkLockFile0ErrorCode
2025-09-09 15:45:11,819 [ERROR] LogOutputStream:75 - [STDERR_REDIRECT] WARNING: Could not lock System prefs. Unix error code 2.
2025-09-09 15:45:11,819 [ERROR] LogOutputStream:75 - [STDERR_REDIRECT] 
2025-09-09 15:45:11,820 [ERROR] LogOutputStream:75 - [STDERR_REDIRECT] Sep 09, 2025 3:45:11 PM java.util.prefs.FileSystemPreferences syncWorld
2025-09-09 15:45:11,820 [ERROR] LogOutputStream:75 - [STDERR_REDIRECT] WARNING: Couldn't flush system prefs: java.util.prefs.BackingStoreException: Couldn't get file lock.
2025-09-09 15:45:11,820 [ERROR] LogOutputStream:75 - [STDERR_REDIRECT] 
2025-09-09 15:45:41,819 [ERROR] LogOutputStream:75 - [STDERR_REDIRECT] Sep 09, 2025 3:45:41 PM java.util.prefs.FileSystemPreferences checkLockFile0ErrorCode
2025-09-09 15:45:41,820 [ERROR] LogOutputStream:75 - [STDERR_REDIRECT] WARNING: Could not lock System prefs. Unix error code 2.
2025-09-09 15:45:41,820 [ERROR] LogOutputStream:75 - [STDERR_REDIRECT] 
2025-09-09 15:45:41,820 [ERROR] LogOutputStream:75 - [STDERR_REDIRECT] Sep 09, 2025 3:45:41 PM java.util.prefs.FileSystemPreferences syncWorld
2025-09-09 15:45:41,820 [ERROR] LogOutputStream:75 - [STDERR_REDIRECT] WARNING: Couldn't flush system prefs: java.util.prefs.BackingStoreException: Couldn't get file lock.
2025-09-09 15:45:41,820 [ERROR] LogOutputStream:75 - [STDERR_REDIRECT] 
2025-09-09 15:46:11,819 [ERROR] LogOutputStream:75 - [STDERR_REDIRECT] Sep 09, 2025 3:46:11 PM java.util.prefs.FileSystemPreferences checkLockFile0ErrorCode
2025-09-09 15:46:11,820 [ERROR] LogOutputStream:75 - [STDERR_REDIRECT] WARNING: Could not lock System prefs. Unix error code 2.
2025-09-09 15:46:11,820 [ERROR] LogOutputStream:75 - [STDERR_REDIRECT] 
2025-09-09 15:46:11,820 [ERROR] LogOutputStream:75 - [STDERR_REDIRECT] Sep 09, 2025 3:46:11 PM java.util.prefs.FileSystemPreferences syncWorld
2025-09-09 15:46:11,821 [ERROR] LogOutputStream:75 - [STDERR_REDIRECT] WARNING: Couldn't flush system prefs: java.util.prefs.BackingStoreException: Couldn't get file lock.
2025-09-09 15:46:11,821 [ERROR] LogOutputStream:75 - [STDERR_REDIRECT] 
2025-09-09 15:46:41,819 [ERROR] LogOutputStream:75 - [STDERR_REDIRECT] Sep 09, 2025 3:46:41 PM java.util.prefs.FileSystemPreferences checkLockFile0ErrorCode
2025-09-09 15:46:41,820 [ERROR] LogOutputStream:75 - [STDERR_REDIRECT] WARNING: Could not lock System prefs. Unix error code 2.
2025-09-09 15:46:41,820 [ERROR] LogOutputStream:75 - [STDERR_REDIRECT] 
2025-09-09 15:46:41,820 [ERROR] LogOutputStream:75 - [STDERR_REDIRECT] Sep 09, 2025 3:46:41 PM java.util.prefs.FileSystemPreferences syncWorld
2025-09-09 15:46:41,821 [ERROR] LogOutputStream:75 - [STDERR_REDIRECT] WARNING: Couldn't flush system prefs: java.util.prefs.BackingStoreException: Couldn't get file lock.
2025-09-09 15:46:41,821 [ERROR] LogOutputStream:75 - [STDERR_REDIRECT] 
2025-09-09 15:47:11,820 [ERROR] LogOutputStream:75 - [STDERR_REDIRECT] Sep 09, 2025 3:47:11 PM java.util.prefs.FileSystemPreferences checkLockFile0ErrorCode
2025-09-09 15:47:11,820 [ERROR] LogOutputStream:75 - [STDERR_REDIRECT] WARNING: Could not lock System prefs. Unix error code 2.
2025-09-09 15:47:11,820 [ERROR] LogOutputStream:75 - [STDERR_REDIRECT] 
2025-09-09 15:47:11,820 [ERROR] LogOutputStream:75 - [STDERR_REDIRECT] Sep 09, 2025 3:47:11 PM java.util.prefs.FileSystemPreferences syncWorld
2025-09-09 15:47:11,821 [ERROR] LogOutputStream:75 - [STDERR_REDIRECT] WARNING: Couldn't flush system prefs: java.util.prefs.BackingStoreException: Couldn't get file lock.
2025-09-09 15:47:11,821 [ERROR] LogOutputStream:75 - [STDERR_REDIRECT] 
2025-09-09 15:47:41,820 [ERROR] LogOutputStream:75 - [STDERR_REDIRECT] Sep 09, 2025 3:47:41 PM java.util.prefs.FileSystemPreferences checkLockFile0ErrorCode
2025-09-09 15:47:41,820 [ERROR] LogOutputStream:75 - [STDERR_REDIRECT] WARNING: Could not lock System prefs. Unix error code 2.
2025-09-09 15:47:41,820 [ERROR] LogOutputStream:75 - [STDERR_REDIRECT] 
2025-09-09 15:47:41,821 [ERROR] LogOutputStream:75 - [STDERR_REDIRECT] Sep 09, 2025 3:47:41 PM java.util.prefs.FileSystemPreferences syncWorld
2025-09-09 15:47:41,821 [ERROR] LogOutputStream:75 - [STDERR_REDIRECT] WARNING: Couldn't flush system prefs: java.util.prefs.BackingStoreException: Couldn't get file lock.
2025-09-09 15:47:41,821 [ERROR] LogOutputStream:75 - [STDERR_REDIRECT] 
2025-09-09 15:48:11,821 [ERROR] LogOutputStream:75 - [STDERR_REDIRECT] Sep 09, 2025 3:48:11 PM java.util.prefs.FileSystemPreferences checkLockFile0ErrorCode
2025-09-09 15:48:11,821 [ERROR] LogOutputStream:75 - [STDERR_REDIRECT] WARNING: Could not lock System prefs. Unix error code 2.
2025-09-09 15:48:11,821 [ERROR] LogOutputStream:75 - [STDERR_REDIRECT] 
2025-09-09 15:48:11,822 [ERROR] LogOutputStream:75 - [STDERR_REDIRECT] Sep 09, 2025 3:48:11 PM java.util.prefs.FileSystemPreferences syncWorld
2025-09-09 15:48:11,822 [ERROR] LogOutputStream:75 - [STDERR_REDIRECT] WARNING: Couldn't flush system prefs: java.util.prefs.BackingStoreException: Couldn't get file lock.
2025-09-09 15:48:11,822 [ERROR] LogOutputStream:75 - [STDERR_REDIRECT] 
2025-09-09 15:48:41,820 [ERROR] LogOutputStream:75 - [STDERR_REDIRECT] Sep 09, 2025 3:48:41 PM java.util.prefs.FileSystemPreferences checkLockFile0ErrorCode
2025-09-09 15:48:41,821 [ERROR] LogOutputStream:75 - [STDERR_REDIRECT] WARNING: Could not lock System prefs. Unix error code 2.
2025-09-09 15:48:41,821 [ERROR] LogOutputStream:75 - [STDERR_REDIRECT] 
2025-09-09 15:48:41,822 [ERROR] LogOutputStream:75 - [STDERR_REDIRECT] Sep 09, 2025 3:48:41 PM java.util.prefs.FileSystemPreferences syncWorld
2025-09-09 15:48:41,823 [ERROR] LogOutputStream:75 - [STDERR_REDIRECT] WARNING: Couldn't flush system prefs: java.util.prefs.BackingStoreException: Couldn't get file lock.
2025-09-09 15:48:41,823 [ERROR] LogOutputStream:75 - [STDERR_REDIRECT] 
2025-09-09 15:49:11,820 [ERROR] LogOutputStream:75 - [STDERR_REDIRECT] Sep 09, 2025 3:49:11 PM java.util.prefs.FileSystemPreferences checkLockFile0ErrorCode
2025-09-09 15:49:11,821 [ERROR] LogOutputStream:75 - [STDERR_REDIRECT] WARNING: Could not lock System prefs. Unix error code 2.
2025-09-09 15:49:11,821 [ERROR] LogOutputStream:75 - [STDERR_REDIRECT] 
2025-09-09 15:49:11,821 [ERROR] LogOutputStream:75 - [STDERR_REDIRECT] Sep 09, 2025 3:49:11 PM java.util.prefs.FileSystemPreferences syncWorld
2025-09-09 15:49:11,822 [ERROR] LogOutputStream:75 - [STDERR_REDIRECT] WARNING: Couldn't flush system prefs: java.util.prefs.BackingStoreException: Couldn't get file lock.
2025-09-09 15:49:11,822 [ERROR] LogOutputStream:75 - [STDERR_REDIRECT] 
2025-09-09 15:49:41,820 [ERROR] LogOutputStream:75 - [STDERR_REDIRECT] Sep 09, 2025 3:49:41 PM java.util.prefs.FileSystemPreferences checkLockFile0ErrorCode
2025-09-09 15:49:41,821 [ERROR] LogOutputStream:75 - [STDERR_REDIRECT] WARNING: Could not lock System prefs. Unix error code 2.
2025-09-09 15:49:41,821 [ERROR] LogOutputStream:75 - [STDERR_REDIRECT] 
2025-09-09 15:49:41,821 [ERROR] LogOutputStream:75 - [STDERR_REDIRECT] Sep 09, 2025 3:49:41 PM java.util.prefs.FileSystemPreferences syncWorld
2025-09-09 15:49:41,821 [ERROR] LogOutputStream:75 - [STDERR_REDIRECT] WARNING: Couldn't flush system prefs: java.util.prefs.BackingStoreException: Couldn't get file lock.
2025-09-09 15:49:41,821 [ERROR] LogOutputStream:75 - [STDERR_REDIRECT] 
2025-09-09 15:50:11,821 [ERROR] LogOutputStream:75 - [STDERR_REDIRECT] Sep 09, 2025 3:50:11 PM java.util.prefs.FileSystemPreferences checkLockFile0ErrorCode
2025-09-09 15:50:11,821 [ERROR] LogOutputStream:75 - [STDERR_REDIRECT] WARNING: Could not lock System prefs. Unix error code 2.
2025-09-09 15:50:11,821 [ERROR] LogOutputStream:75 - [STDERR_REDIRECT] 
2025-09-09 15:50:11,821 [ERROR] LogOutputStream:75 - [STDERR_REDIRECT] Sep 09, 2025 3:50:11 PM java.util.prefs.FileSystemPreferences syncWorld
2025-09-09 15:50:11,822 [ERROR] LogOutputStream:75 - [STDERR_REDIRECT] WARNING: Couldn't flush system prefs: java.util.prefs.BackingStoreException: Couldn't get file lock.
2025-09-09 15:50:11,822 [ERROR] LogOutputStream:75 - [STDERR_REDIRECT] 
2025-09-09 15:50:41,821 [ERROR] LogOutputStream:75 - [STDERR_REDIRECT] Sep 09, 2025 3:50:41 PM java.util.prefs.FileSystemPreferences checkLockFile0ErrorCode
2025-09-09 15:50:41,826 [ERROR] LogOutputStream:75 - [STDERR_REDIRECT] WARNING: Could not lock System prefs. Unix error code 2.
2025-09-09 15:50:41,826 [ERROR] LogOutputStream:75 - [STDERR_REDIRECT] 
2025-09-09 15:50:41,826 [ERROR] LogOutputStream:75 - [STDERR_REDIRECT] Sep 09, 2025 3:50:41 PM java.util.prefs.FileSystemPreferences syncWorld
2025-09-09 15:50:41,827 [ERROR] LogOutputStream:75 - [STDERR_REDIRECT] WARNING: Couldn't flush system prefs: java.util.prefs.BackingStoreException: Couldn't get file lock.
2025-09-09 15:50:41,827 [ERROR] LogOutputStream:75 - [STDERR_REDIRECT] 
2025-09-09 15:51:11,821 [ERROR] LogOutputStream:75 - [STDERR_REDIRECT] Sep 09, 2025 3:51:11 PM java.util.prefs.FileSystemPreferences checkLockFile0ErrorCode
2025-09-09 15:51:11,821 [ERROR] LogOutputStream:75 - [STDERR_REDIRECT] WARNING: Could not lock System prefs. Unix error code 2.
2025-09-09 15:51:11,821 [ERROR] LogOutputStream:75 - [STDERR_REDIRECT] 
2025-09-09 15:51:11,822 [ERROR] LogOutputStream:75 - [STDERR_REDIRECT] Sep 09, 2025 3:51:11 PM java.util.prefs.FileSystemPreferences syncWorld
2025-09-09 15:51:11,822 [ERROR] LogOutputStream:75 - [STDERR_REDIRECT] WARNING: Couldn't flush system prefs: java.util.prefs.BackingStoreException: Couldn't get file lock.
2025-09-09 15:51:11,822 [ERROR] LogOutputStream:75 - [STDERR_REDIRECT] 
2025-09-09 15:51:41,821 [ERROR] LogOutputStream:75 - [STDERR_REDIRECT] Sep 09, 2025 3:51:41 PM java.util.prefs.FileSystemPreferences checkLockFile0ErrorCode
2025-09-09 15:51:41,822 [ERROR] LogOutputStream:75 - [STDERR_REDIRECT] WARNING: Could not lock System prefs. Unix error code 2.
2025-09-09 15:51:41,822 [ERROR] LogOutputStream:75 - [STDERR_REDIRECT] 
2025-09-09 15:51:41,822 [ERROR] LogOutputStream:75 - [STDERR_REDIRECT] Sep 09, 2025 3:51:41 PM java.util.prefs.FileSystemPreferences syncWorld
2025-09-09 15:51:41,823 [ERROR] LogOutputStream:75 - [STDERR_REDIRECT] WARNING: Couldn't flush system prefs: java.util.prefs.BackingStoreException: Couldn't get file lock.
2025-09-09 15:51:41,823 [ERROR] LogOutputStream:75 - [STDERR_REDIRECT] 
2025-09-09 15:52:11,821 [ERROR] LogOutputStream:75 - [STDERR_REDIRECT] Sep 09, 2025 3:52:11 PM java.util.prefs.FileSystemPreferences checkLockFile0ErrorCode
2025-09-09 15:52:11,821 [ERROR] LogOutputStream:75 - [STDERR_REDIRECT] WARNING: Could not lock System prefs. Unix error code 2.
2025-09-09 15:52:11,821 [ERROR] LogOutputStream:75 - [STDERR_REDIRECT] 
2025-09-09 15:52:11,821 [ERROR] LogOutputStream:75 - [STDERR_REDIRECT] Sep 09, 2025 3:52:11 PM java.util.prefs.FileSystemPreferences syncWorld
2025-09-09 15:52:11,822 [ERROR] LogOutputStream:75 - [STDERR_REDIRECT] WARNING: Couldn't flush system prefs: java.util.prefs.BackingStoreException: Couldn't get file lock.
2025-09-09 15:52:11,822 [ERROR] LogOutputStream:75 - [STDERR_REDIRECT] 
2025-09-09 15:52:41,821 [ERROR] LogOutputStream:75 - [STDERR_REDIRECT] Sep 09, 2025 3:52:41 PM java.util.prefs.FileSystemPreferences checkLockFile0ErrorCode
2025-09-09 15:52:41,822 [ERROR] LogOutputStream:75 - [STDERR_REDIRECT] WARNING: Could not lock System prefs. Unix error code 2.
2025-09-09 15:52:41,822 [ERROR] LogOutputStream:75 - [STDERR_REDIRECT] 
2025-09-09 15:52:41,822 [ERROR] LogOutputStream:75 - [STDERR_REDIRECT] Sep 09, 2025 3:52:41 PM java.util.prefs.FileSystemPreferences syncWorld
2025-09-09 15:52:41,823 [ERROR] LogOutputStream:75 - [STDERR_REDIRECT] WARNING: Couldn't flush system prefs: java.util.prefs.BackingStoreException: Couldn't get file lock.
2025-09-09 15:52:41,823 [ERROR] LogOutputStream:75 - [STDERR_REDIRECT] 
2025-09-09 15:53:11,820 [ERROR] LogOutputStream:75 - [STDERR_REDIRECT] Sep 09, 2025 3:53:11 PM java.util.prefs.FileSystemPreferences checkLockFile0ErrorCode
2025-09-09 15:53:11,821 [ERROR] LogOutputStream:75 - [STDERR_REDIRECT] WARNING: Could not lock System prefs. Unix error code 2.
2025-09-09 15:53:11,821 [ERROR] LogOutputStream:75 - [STDERR_REDIRECT] 
2025-09-09 15:53:11,821 [ERROR] LogOutputStream:75 - [STDERR_REDIRECT] Sep 09, 2025 3:53:11 PM java.util.prefs.FileSystemPreferences syncWorld
2025-09-09 15:53:11,822 [ERROR] LogOutputStream:75 - [STDERR_REDIRECT] WARNING: Couldn't flush system prefs: java.util.prefs.BackingStoreException: Couldn't get file lock.
2025-09-09 15:53:11,822 [ERROR] LogOutputStream:75 - [STDERR_REDIRECT] 
2025-09-09 15:53:41,821 [ERROR] LogOutputStream:75 - [STDERR_REDIRECT] Sep 09, 2025 3:53:41 PM java.util.prefs.FileSystemPreferences checkLockFile0ErrorCode
2025-09-09 15:53:41,822 [ERROR] LogOutputStream:75 - [STDERR_REDIRECT] WARNING: Could not lock System prefs. Unix error code 2.
2025-09-09 15:53:41,822 [ERROR] LogOutputStream:75 - [STDERR_REDIRECT] 
2025-09-09 15:53:41,823 [ERROR] LogOutputStream:75 - [STDERR_REDIRECT] Sep 09, 2025 3:53:41 PM java.util.prefs.FileSystemPreferences syncWorld
2025-09-09 15:53:41,823 [ERROR] LogOutputStream:75 - [STDERR_REDIRECT] WARNING: Couldn't flush system prefs: java.util.prefs.BackingStoreException: Couldn't get file lock.
2025-09-09 15:53:41,823 [ERROR] LogOutputStream:75 - [STDERR_REDIRECT] 
2025-09-09 15:54:11,821 [ERROR] LogOutputStream:75 - [STDERR_REDIRECT] Sep 09, 2025 3:54:11 PM java.util.prefs.FileSystemPreferences checkLockFile0ErrorCode
2025-09-09 15:54:11,822 [ERROR] LogOutputStream:75 - [STDERR_REDIRECT] WARNING: Could not lock System prefs. Unix error code 2.
2025-09-09 15:54:11,822 [ERROR] LogOutputStream:75 - [STDERR_REDIRECT] 
2025-09-09 15:54:11,822 [ERROR] LogOutputStream:75 - [STDERR_REDIRECT] Sep 09, 2025 3:54:11 PM java.util.prefs.FileSystemPreferences syncWorld
2025-09-09 15:54:11,822 [ERROR] LogOutputStream:75 - [STDERR_REDIRECT] WARNING: Couldn't flush system prefs: java.util.prefs.BackingStoreException: Couldn't get file lock.
2025-09-09 15:54:11,823 [ERROR] LogOutputStream:75 - [STDERR_REDIRECT] 
2025-09-09 15:54:41,821 [ERROR] LogOutputStream:75 - [STDERR_REDIRECT] Sep 09, 2025 3:54:41 PM java.util.prefs.FileSystemPreferences checkLockFile0ErrorCode
2025-09-09 15:54:41,821 [ERROR] LogOutputStream:75 - [STDERR_REDIRECT] WARNING: Could not lock System prefs. Unix error code 2.
2025-09-09 15:54:41,821 [ERROR] LogOutputStream:75 - [STDERR_REDIRECT] 
2025-09-09 15:54:41,822 [ERROR] LogOutputStream:75 - [STDERR_REDIRECT] Sep 09, 2025 3:54:41 PM java.util.prefs.FileSystemPreferences syncWorld
2025-09-09 15:54:41,822 [ERROR] LogOutputStream:75 - [STDERR_REDIRECT] WARNING: Couldn't flush system prefs: java.util.prefs.BackingStoreException: Couldn't get file lock.
2025-09-09 15:54:41,822 [ERROR] LogOutputStream:75 - [STDERR_REDIRECT] 
2025-09-09 15:55:11,821 [ERROR] LogOutputStream:75 - [STDERR_REDIRECT] Sep 09, 2025 3:55:11 PM java.util.prefs.FileSystemPreferences checkLockFile0ErrorCode
2025-09-09 15:55:11,822 [ERROR] LogOutputStream:75 - [STDERR_REDIRECT] WARNING: Could not lock System prefs. Unix error code 2.
2025-09-09 15:55:11,822 [ERROR] LogOutputStream:75 - [STDERR_REDIRECT] 
2025-09-09 15:55:11,822 [ERROR] LogOutputStream:75 - [STDERR_REDIRECT] Sep 09, 2025 3:55:11 PM java.util.prefs.FileSystemPreferences syncWorld
2025-09-09 15:55:11,823 [ERROR] LogOutputStream:75 - [STDERR_REDIRECT] WARNING: Couldn't flush system prefs: java.util.prefs.BackingStoreException: Couldn't get file lock.
2025-09-09 15:55:11,823 [ERROR] LogOutputStream:75 - [STDERR_REDIRECT] 
2025-09-09 15:55:41,821 [ERROR] LogOutputStream:75 - [STDERR_REDIRECT] Sep 09, 2025 3:55:41 PM java.util.prefs.FileSystemPreferences checkLockFile0ErrorCode
2025-09-09 15:55:41,822 [ERROR] LogOutputStream:75 - [STDERR_REDIRECT] WARNING: Could not lock System prefs. Unix error code 2.
2025-09-09 15:55:41,822 [ERROR] LogOutputStream:75 - [STDERR_REDIRECT] 
2025-09-09 15:55:41,822 [ERROR] LogOutputStream:75 - [STDERR_REDIRECT] Sep 09, 2025 3:55:41 PM java.util.prefs.FileSystemPreferences syncWorld
2025-09-09 15:55:41,823 [ERROR] LogOutputStream:75 - [STDERR_REDIRECT] WARNING: Couldn't flush system prefs: java.util.prefs.BackingStoreException: Couldn't get file lock.
2025-09-09 15:55:41,823 [ERROR] LogOutputStream:75 - [STDERR_REDIRECT] 
2025-09-09 15:56:11,821 [ERROR] LogOutputStream:75 - [STDERR_REDIRECT] Sep 09, 2025 3:56:11 PM java.util.prefs.FileSystemPreferences checkLockFile0ErrorCode
2025-09-09 15:56:11,821 [ERROR] LogOutputStream:75 - [STDERR_REDIRECT] WARNING: Could not lock System prefs. Unix error code 2.
2025-09-09 15:56:11,821 [ERROR] LogOutputStream:75 - [STDERR_REDIRECT] 
2025-09-09 15:56:11,822 [ERROR] LogOutputStream:75 - [STDERR_REDIRECT] Sep 09, 2025 3:56:11 PM java.util.prefs.FileSystemPreferences syncWorld
2025-09-09 15:56:11,822 [ERROR] LogOutputStream:75 - [STDERR_REDIRECT] WARNING: Couldn't flush system prefs: java.util.prefs.BackingStoreException: Couldn't get file lock.
2025-09-09 15:56:11,822 [ERROR] LogOutputStream:75 - [STDERR_REDIRECT] 
2025-09-09 15:56:41,822 [ERROR] LogOutputStream:75 - [STDERR_REDIRECT] Sep 09, 2025 3:56:41 PM java.util.prefs.FileSystemPreferences checkLockFile0ErrorCode
2025-09-09 15:56:41,822 [ERROR] LogOutputStream:75 - [STDERR_REDIRECT] WARNING: Could not lock System prefs. Unix error code 2.
2025-09-09 15:56:41,822 [ERROR] LogOutputStream:75 - [STDERR_REDIRECT] 
2025-09-09 15:56:41,823 [ERROR] LogOutputStream:75 - [STDERR_REDIRECT] Sep 09, 2025 3:56:41 PM java.util.prefs.FileSystemPreferences syncWorld
2025-09-09 15:56:41,823 [ERROR] LogOutputStream:75 - [STDERR_REDIRECT] WARNING: Couldn't flush system prefs: java.util.prefs.BackingStoreException: Couldn't get file lock.
2025-09-09 15:56:41,823 [ERROR] LogOutputStream:75 - [STDERR_REDIRECT] 
2025-09-09 15:57:11,821 [ERROR] LogOutputStream:75 - [STDERR_REDIRECT] Sep 09, 2025 3:57:11 PM java.util.prefs.FileSystemPreferences checkLockFile0ErrorCode
2025-09-09 15:57:11,822 [ERROR] LogOutputStream:75 - [STDERR_REDIRECT] WARNING: Could not lock System prefs. Unix error code 2.
2025-09-09 15:57:11,822 [ERROR] LogOutputStream:75 - [STDERR_REDIRECT] 
2025-09-09 15:57:11,822 [ERROR] LogOutputStream:75 - [STDERR_REDIRECT] Sep 09, 2025 3:57:11 PM java.util.prefs.FileSystemPreferences syncWorld
2025-09-09 15:57:11,822 [ERROR] LogOutputStream:75 - [STDERR_REDIRECT] WARNING: Couldn't flush system prefs: java.util.prefs.BackingStoreException: Couldn't get file lock.
2025-09-09 15:57:11,822 [ERROR] LogOutputStream:75 - [STDERR_REDIRECT] 
2025-09-09 15:57:41,822 [ERROR] LogOutputStream:75 - [STDERR_REDIRECT] Sep 09, 2025 3:57:41 PM java.util.prefs.FileSystemPreferences checkLockFile0ErrorCode
2025-09-09 15:57:41,823 [ERROR] LogOutputStream:75 - [STDERR_REDIRECT] WARNING: Could not lock System prefs. Unix error code 2.
2025-09-09 15:57:41,823 [ERROR] LogOutputStream:75 - [STDERR_REDIRECT] 
2025-09-09 15:57:41,823 [ERROR] LogOutputStream:75 - [STDERR_REDIRECT] Sep 09, 2025 3:57:41 PM java.util.prefs.FileSystemPreferences syncWorld
2025-09-09 15:57:41,823 [ERROR] LogOutputStream:75 - [STDERR_REDIRECT] WARNING: Couldn't flush system prefs: java.util.prefs.BackingStoreException: Couldn't get file lock.
2025-09-09 15:57:41,823 [ERROR] LogOutputStream:75 - [STDERR_REDIRECT] 
2025-09-09 15:58:11,822 [ERROR] LogOutputStream:75 - [STDERR_REDIRECT] Sep 09, 2025 3:58:11 PM java.util.prefs.FileSystemPreferences checkLockFile0ErrorCode
2025-09-09 15:58:11,823 [ERROR] LogOutputStream:75 - [STDERR_REDIRECT] WARNING: Could not lock System prefs. Unix error code 2.
2025-09-09 15:58:11,823 [ERROR] LogOutputStream:75 - [STDERR_REDIRECT] 
2025-09-09 15:58:11,823 [ERROR] LogOutputStream:75 - [STDERR_REDIRECT] Sep 09, 2025 3:58:11 PM java.util.prefs.FileSystemPreferences syncWorld
2025-09-09 15:58:11,824 [ERROR] LogOutputStream:75 - [STDERR_REDIRECT] WARNING: Couldn't flush system prefs: java.util.prefs.BackingStoreException: Couldn't get file lock.
2025-09-09 15:58:11,824 [ERROR] LogOutputStream:75 - [STDERR_REDIRECT] 
2025-09-09 15:58:41,822 [ERROR] LogOutputStream:75 - [STDERR_REDIRECT] Sep 09, 2025 3:58:41 PM java.util.prefs.FileSystemPreferences checkLockFile0ErrorCode
2025-09-09 15:58:41,823 [ERROR] LogOutputStream:75 - [STDERR_REDIRECT] WARNING: Could not lock System prefs. Unix error code 2.
2025-09-09 15:58:41,823 [ERROR] LogOutputStream:75 - [STDERR_REDIRECT] 
2025-09-09 15:58:41,824 [ERROR] LogOutputStream:75 - [STDERR_REDIRECT] Sep 09, 2025 3:58:41 PM java.util.prefs.FileSystemPreferences syncWorld
2025-09-09 15:58:41,824 [ERROR] LogOutputStream:75 - [STDERR_REDIRECT] WARNING: Couldn't flush system prefs: java.util.prefs.BackingStoreException: Couldn't get file lock.
2025-09-09 15:58:41,824 [ERROR] LogOutputStream:75 - [STDERR_REDIRECT] 
2025-09-09 16:02:57,506 [INFO] WebApp:194 - Connection lost
2025-09-09 16:03:04,312 [INFO] WebApp:191 - Connection restablished
2025-09-09 16:03:12,806 [ERROR] LogOutputStream:75 - [STDERR_REDIRECT] Sep 09, 2025 4:03:12 PM java.util.prefs.FileSystemPreferences checkLockFile0ErrorCode
2025-09-09 16:03:12,806 [ERROR] LogOutputStream:75 - [STDERR_REDIRECT] WARNING: Could not lock System prefs. Unix error code 2.
2025-09-09 16:03:12,806 [ERROR] LogOutputStream:75 - [STDERR_REDIRECT] 
2025-09-09 16:03:12,807 [ERROR] LogOutputStream:75 - [STDERR_REDIRECT] Sep 09, 2025 4:03:12 PM java.util.prefs.FileSystemPreferences syncWorld
2025-09-09 16:03:12,807 [ERROR] LogOutputStream:75 - [STDERR_REDIRECT] WARNING: Couldn't flush system prefs: java.util.prefs.BackingStoreException: Couldn't get file lock.
2025-09-09 16:03:12,807 [ERROR] LogOutputStream:75 - [STDERR_REDIRECT] 
2025-09-09 16:03:42,806 [ERROR] LogOutputStream:75 - [STDERR_REDIRECT] Sep 09, 2025 4:03:42 PM java.util.prefs.FileSystemPreferences checkLockFile0ErrorCode
2025-09-09 16:03:42,807 [ERROR] LogOutputStream:75 - [STDERR_REDIRECT] WARNING: Could not lock System prefs. Unix error code 2.
2025-09-09 16:03:42,807 [ERROR] LogOutputStream:75 - [STDERR_REDIRECT] 
2025-09-09 16:03:42,807 [ERROR] LogOutputStream:75 - [STDERR_REDIRECT] Sep 09, 2025 4:03:42 PM java.util.prefs.FileSystemPreferences syncWorld
2025-09-09 16:03:42,808 [ERROR] LogOutputStream:75 - [STDERR_REDIRECT] WARNING: Couldn't flush system prefs: java.util.prefs.BackingStoreException: Couldn't get file lock.
2025-09-09 16:03:42,808 [ERROR] LogOutputStream:75 - [STDERR_REDIRECT] 
2025-09-09 16:03:46,443 [ERROR] LogOutputStream:75 - [STDERR_REDIRECT] 
2025-09-09 16:03:46,444 [ERROR] LogOutputStream:75 - [STDERR_REDIRECT] 
