2025-09-11 09:51:52,424 [INFO] Activator:176 - 


2025-09-11 09:51:52,427 [INFO] Activator:177 - !SESSION log4j initialized
2025-09-11 09:51:54,549 [INFO] LogOutputStream:77 - [STDOUT_REDIRECT] 
2025-09-11 09:51:54,864 [ERROR] ConfigurationRetriever:142 - IOException on connection: sw-center.st.com
2025-09-11 09:51:54,866 [ERROR] ConfigurationRetriever:142 - IOException on connection: sw-center.st.com
2025-09-11 09:51:54,867 [ERROR] ConfigurationRetriever:142 - IOException on connection: sw-center.st.com
2025-09-11 09:51:55,421 [INFO] ApplicationProperties:184 - Using Application install path: /opt/st/stm32cubeide_1.19.0/plugins/com.st.stm32cube.common.mx_6.15.0.202507011659
2025-09-11 09:51:55,435 [INFO] DbMcusXml:78 - Set database path to: /opt/st/stm32cubeide_1.19.0/plugins/com.st.stm32cube.common.mx_6.15.0.202507011659//db//mcu/
2025-09-11 09:51:55,436 [INFO] ApiDb:274 - Set plugin database path to: /opt/st/stm32cubeide_1.19.0/plugins/com.st.stm32cube.common.mx_6.15.0.202507011659//db//plugins/boardmanager/
2025-09-11 09:51:55,436 [WARN] ApiDb:259 - Overriding images path with different value:  => /opt/st/stm32cubeide_1.19.0/plugins/com.st.stm32cube.common.mx_6.15.0.202507011659//db//plugins/mcufinder/images/
2025-09-11 09:51:55,441 [INFO] ApiDb:250 - Set database path to: /home/matijak/.stmcufinder/plugins/mcufinder//mcu/
2025-09-11 09:51:55,442 [INFO] DbMcusAds:125 - Set database path to: /home/matijak/.stmcufinder/plugins/mcufinder//mcu/
2025-09-11 09:51:55,444 [INFO] CrossReferenceDbSqlite:203 - Set database path to: /home/matijak/.stmcufinder/plugins/mcufinder//mcu/cs/
2025-09-11 09:51:55,520 [INFO] RulesReader:64 - Compatibility file has been processed (317 Rules)
2025-09-11 09:51:55,566 [INFO] DbMcusXml:78 - Set database path to: /opt/st/stm32cubeide_1.19.0/plugins/com.st.stm32cube.common.mx_6.15.0.202507011659//db//mcu/
2025-09-11 09:51:55,566 [INFO] ApiDb:274 - Set plugin database path to: /opt/st/stm32cubeide_1.19.0/plugins/com.st.stm32cube.common.mx_6.15.0.202507011659//db//plugins/boardmanager/
2025-09-11 09:51:55,566 [INFO] ApiDb:261 - Set plugin images path to: /opt/st/stm32cubeide_1.19.0/plugins/com.st.stm32cube.common.mx_6.15.0.202507011659//db//plugins/mcufinder/images/
2025-09-11 09:51:55,566 [WARN] DbFile:41 - Overriding database path with different value: /home/matijak/.stmcufinder/plugins/mcufinder/ => /home/matijak/.stmcufinder/plugins/mcufinder
2025-09-11 09:51:55,566 [INFO] ApiDb:250 - Set database path to: /home/matijak/.stmcufinder/plugins/mcufinder//mcu/
2025-09-11 09:51:55,567 [WARN] DbFile:41 - Overriding database path with different value: /home/matijak/.stmcufinder/plugins/mcufinder/ => /home/matijak/.stmcufinder/plugins/mcufinder
2025-09-11 09:51:55,567 [INFO] DbMcusAds:125 - Set database path to: /home/matijak/.stmcufinder/plugins/mcufinder//mcu/
2025-09-11 09:51:55,567 [WARN] DbFile:41 - Overriding database path with different value: /home/matijak/.stmcufinder/plugins/mcufinder/ => /home/matijak/.stmcufinder/plugins/mcufinder
2025-09-11 09:51:55,567 [WARN] DbFile:41 - Overriding database path with different value: /home/matijak/.stmcufinder/plugins/mcufinder/ => /home/matijak/.stmcufinder/plugins/mcufinder
2025-09-11 09:51:55,567 [INFO] CrossReferenceDbSqlite:203 - Set database path to: /home/matijak/.stmcufinder/plugins/mcufinder//mcu/cs/
2025-09-11 09:51:55,621 [INFO] MainPanel:274 - HeapMemory: 268435456
2025-09-11 09:51:55,721 [INFO] DbMcusXml:78 - Set database path to: /opt/st/stm32cubeide_1.19.0/plugins/com.st.stm32cube.common.mx_6.15.0.202507011659//db//mcu/
2025-09-11 09:51:55,721 [INFO] ApiDb:274 - Set plugin database path to: /opt/st/stm32cubeide_1.19.0/plugins/com.st.stm32cube.common.mx_6.15.0.202507011659//db//plugins/boardmanager/
2025-09-11 09:51:55,721 [INFO] ApiDb:261 - Set plugin images path to: /opt/st/stm32cubeide_1.19.0/plugins/com.st.stm32cube.common.mx_6.15.0.202507011659//db//plugins/mcufinder/images/
2025-09-11 09:51:55,722 [WARN] DbFile:41 - Overriding database path with different value: /home/matijak/.stmcufinder/plugins/mcufinder/ => /home/matijak/.stmcufinder/plugins/mcufinder
2025-09-11 09:51:55,722 [INFO] ApiDb:250 - Set database path to: /home/matijak/.stmcufinder/plugins/mcufinder//mcu/
2025-09-11 09:51:55,722 [WARN] DbFile:41 - Overriding database path with different value: /home/matijak/.stmcufinder/plugins/mcufinder/ => /home/matijak/.stmcufinder/plugins/mcufinder
2025-09-11 09:51:55,722 [INFO] DbMcusAds:125 - Set database path to: /home/matijak/.stmcufinder/plugins/mcufinder//mcu/
2025-09-11 09:51:55,722 [WARN] DbFile:41 - Overriding database path with different value: /home/matijak/.stmcufinder/plugins/mcufinder/ => /home/matijak/.stmcufinder/plugins/mcufinder
2025-09-11 09:51:55,722 [WARN] DbFile:41 - Overriding database path with different value: /home/matijak/.stmcufinder/plugins/mcufinder/ => /home/matijak/.stmcufinder/plugins/mcufinder
2025-09-11 09:51:55,722 [INFO] CrossReferenceDbSqlite:203 - Set database path to: /home/matijak/.stmcufinder/plugins/mcufinder//mcu/cs/
2025-09-11 09:51:55,736 [INFO] ApplicationProperties:184 - Using Application install path: /opt/st/stm32cubeide_1.19.0/plugins/com.st.stm32cube.common.mx_6.15.0.202507011659
2025-09-11 09:51:55,738 [INFO] PluginManage:196 - Search for loadable plugins [exclusion list=, ]
2025-09-11 09:51:55,739 [INFO] PluginManage:310 - Check plugin analytics
2025-09-11 09:51:55,858 [INFO] AnalyticsPlugin:253 - Accepted Software Licenses: 
2025-09-11 09:51:55,859 [INFO] AnalyticsPlugin:255 - Accepted CMSIS Pack Licenses: 
2025-09-11 09:51:55,859 [INFO] AnalyticsPlugin:257 - Accepted Firmware Licenses: FW.L4.1.18.0,FW.G4.1.6.0
2025-09-11 09:51:55,861 [INFO] PluginManage:359 - Loaded plugin analytics (category:tool,tabindex:-1)
2025-09-11 09:51:55,861 [INFO] PluginManage:310 - Check plugin cadmodel
2025-09-11 09:51:55,861 [ERROR] ConfigurationRetriever:142 - IOException on connection: sw-center.st.com
2025-09-11 09:51:55,862 [ERROR] ConfigurationRetriever:142 - IOException on connection: sw-center.st.com
2025-09-11 09:51:55,862 [ERROR] ConfigurationRetriever:142 - IOException on connection: sw-center.st.com
2025-09-11 09:51:55,865 [INFO] CADModel:105 - Init CAD model plugin
2025-09-11 09:51:55,865 [INFO] PluginManage:359 - Loaded plugin cadmodel (category:power,tabindex:5)
2025-09-11 09:51:55,866 [INFO] PluginManage:310 - Check plugin clock
2025-09-11 09:51:55,872 [INFO] PluginManage:359 - Loaded plugin clock (category:base,tabindex:2)
2025-09-11 09:51:55,872 [INFO] PluginManage:310 - Check plugin ddr
2025-09-11 09:51:55,873 [INFO] PluginManage:359 - Loaded plugin ddr (category:tool,tabindex:6)
2025-09-11 09:51:55,873 [INFO] PluginManage:310 - Check plugin filemanager
2025-09-11 09:51:55,965 [INFO] PluginManage:359 - Loaded plugin filemanager (category:base,tabindex:10)
2025-09-11 09:51:55,965 [INFO] PluginManage:310 - Check plugin ipmanager
2025-09-11 09:51:55,969 [INFO] PluginManage:359 - Loaded plugin ipmanager (category:base,tabindex:5)
2025-09-11 09:51:55,969 [INFO] PluginManage:310 - Check plugin lpbam
2025-09-11 09:51:55,976 [INFO] PluginManage:359 - Loaded plugin lpbam (category:base,tabindex:0)
2025-09-11 09:51:55,976 [INFO] PluginManage:310 - Check plugin memorymap
2025-09-11 09:51:55,985 [INFO] PluginManage:359 - Loaded plugin memorymap (category:base,tabindex:4)
2025-09-11 09:51:55,985 [INFO] PluginManage:310 - Check plugin pinoutandconfiguration
2025-09-11 09:51:55,991 [INFO] PluginManage:359 - Loaded plugin pinoutandconfiguration (category:base,tabindex:1)
2025-09-11 09:51:55,992 [INFO] PluginManage:310 - Check plugin pinoutconfig
2025-09-11 09:51:56,054 [WARN] SupportedApi:132 - Cannot load RTOS API schema: s4s-elt-must-match.1: The content of 'definitions' must match (annotation?, (simpleType | complexType)?, (unique | key | keyref)*)). A problem was found starting at: attribute.
2025-09-11 09:51:56,150 [INFO] PluginManage:359 - Loaded plugin pinoutconfig (category:base,tabindex:0)
2025-09-11 09:51:56,150 [INFO] PluginManage:310 - Check plugin power
2025-09-11 09:51:56,159 [INFO] PluginManage:359 - Loaded plugin power (category:power,tabindex:4)
2025-09-11 09:51:56,159 [INFO] PluginManage:310 - Check plugin projectmanager
2025-09-11 09:51:56,175 [INFO] PluginManage:359 - Loaded plugin projectmanager (category:projectmanager,tabindex:4)
2025-09-11 09:51:56,175 [INFO] PluginManage:310 - Check plugin rif
2025-09-11 09:51:56,183 [INFO] PluginManage:359 - Loaded plugin rif (category:base,tabindex:3)
2025-09-11 09:51:56,183 [INFO] PluginManage:310 - Check plugin thirdparty
2025-09-11 09:51:56,276 [INFO] PluginManage:359 - Loaded plugin thirdparty (category:base,tabindex:-1)
2025-09-11 09:51:56,277 [INFO] PluginManage:310 - Check plugin tools
2025-09-11 09:51:56,276 [WARN] IntegrityCheckThread:84 - waiting for thirdparty lock release [integrity check]
2025-09-11 09:51:56,277 [INFO] IntegrityCheckThread:86 - entering critical section [integrity check]
2025-09-11 09:51:56,277 [INFO] ThirdPartyUpdaterWithRetryManager:70 - Updater plugin not ready yet. [1/15]
2025-09-11 09:51:56,279 [INFO] PluginManage:359 - Loaded plugin tools (category:base,tabindex:7)
2025-09-11 09:51:56,279 [INFO] PluginManage:310 - Check plugin tutovideos
2025-09-11 09:51:56,406 [INFO] PluginManage:359 - Loaded plugin tutovideos (category:base,tabindex:-1)
2025-09-11 09:51:56,406 [INFO] PluginManage:310 - Check plugin updater
2025-09-11 09:51:56,425 [INFO] PluginManage:359 - Loaded plugin updater (category:base,tabindex:12)
2025-09-11 09:51:56,425 [INFO] PluginManage:310 - Check plugin userauth
2025-09-11 09:51:56,428 [INFO] UserAuth:118 - Init User Auth plugin
2025-09-11 09:51:56,429 [INFO] PluginManage:359 - Loaded plugin userauth (category:base,tabindex:14)
2025-09-11 09:51:56,429 [INFO] PluginManage:283 - PluginManage : Loaded plugins [18]
2025-09-11 09:51:56,554 [INFO] PinOutPanel:1589 - setPackage(No Configuration,No Configuration)
2025-09-11 09:51:56,601 [INFO] CADModel:165 - CPN selected for project level
2025-09-11 09:51:56,602 [INFO] CADModel:114 - Register for checkConnection events
2025-09-11 09:51:56,614 [INFO] IPUIPlugin:80 - create IPUIPlugin
2025-09-11 09:51:56,615 [INFO] PluginManager:220 - loadIPPluginJar : add adc
2025-09-11 09:51:56,617 [INFO] IPUIPlugin:80 - create IPUIPlugin
2025-09-11 09:51:56,617 [INFO] PluginManager:220 - loadIPPluginJar : add aes
2025-09-11 09:51:56,619 [INFO] IPUIPlugin:80 - create IPUIPlugin
2025-09-11 09:51:56,619 [INFO] PluginManager:220 - loadIPPluginJar : add can
2025-09-11 09:51:56,620 [INFO] IPUIPlugin:80 - create IPUIPlugin
2025-09-11 09:51:56,620 [INFO] PluginManager:220 - loadIPPluginJar : add comp
2025-09-11 09:51:56,622 [INFO] IPUIPlugin:80 - create IPUIPlugin
2025-09-11 09:51:56,622 [INFO] PluginManager:220 - loadIPPluginJar : add cryp
2025-09-11 09:51:56,624 [INFO] IPUIPlugin:80 - create IPUIPlugin
2025-09-11 09:51:56,624 [INFO] PluginManager:220 - loadIPPluginJar : add ddr_ctrl_phy
2025-09-11 09:51:56,625 [INFO] IPUIPlugin:80 - create IPUIPlugin
2025-09-11 09:51:56,626 [INFO] PluginManager:220 - loadIPPluginJar : add dfsdm
2025-09-11 09:51:56,630 [INFO] IPUIPlugin:80 - create IPUIPlugin
2025-09-11 09:51:56,630 [INFO] PluginManager:220 - loadIPPluginJar : add dma
2025-09-11 09:51:56,632 [INFO] IPUIPlugin:80 - create IPUIPlugin
2025-09-11 09:51:56,632 [INFO] PluginManager:220 - loadIPPluginJar : add dma3
2025-09-11 09:51:56,633 [INFO] IPUIPlugin:80 - create IPUIPlugin
2025-09-11 09:51:56,633 [INFO] PluginManager:220 - loadIPPluginJar : add extmemmanager
2025-09-11 09:51:56,634 [INFO] IPUIPlugin:80 - create IPUIPlugin
2025-09-11 09:51:56,634 [INFO] PluginManager:220 - loadIPPluginJar : add fatfs
2025-09-11 09:51:56,637 [INFO] IPUIPlugin:80 - create IPUIPlugin
2025-09-11 09:51:56,637 [INFO] PluginManager:220 - loadIPPluginJar : add fmc
2025-09-11 09:51:56,641 [INFO] IPUIPlugin:80 - create IPUIPlugin
2025-09-11 09:51:56,641 [INFO] PluginManager:220 - loadIPPluginJar : add freertos
2025-09-11 09:51:56,642 [INFO] IPUIPlugin:80 - create IPUIPlugin
2025-09-11 09:51:56,642 [INFO] PluginManager:220 - loadIPPluginJar : add genericplugin
2025-09-11 09:51:56,643 [INFO] IPUIPlugin:80 - create IPUIPlugin
2025-09-11 09:51:56,643 [INFO] PluginManager:220 - loadIPPluginJar : add gfxmmu
2025-09-11 09:51:56,647 [INFO] IPUIPlugin:80 - create IPUIPlugin
2025-09-11 09:51:56,648 [INFO] PluginManager:220 - loadIPPluginJar : add gic
2025-09-11 09:51:56,651 [INFO] IPUIPlugin:80 - create IPUIPlugin
2025-09-11 09:51:56,651 [INFO] PluginManager:220 - loadIPPluginJar : add gpio
2025-09-11 09:51:56,654 [INFO] IPUIPlugin:80 - create IPUIPlugin
2025-09-11 09:51:56,654 [INFO] PluginManager:220 - loadIPPluginJar : add gtzc
2025-09-11 09:51:56,655 [INFO] IPUIPlugin:80 - create IPUIPlugin
2025-09-11 09:51:56,655 [INFO] PluginManager:220 - loadIPPluginJar : add hash
2025-09-11 09:51:56,656 [INFO] IPUIPlugin:80 - create IPUIPlugin
2025-09-11 09:51:56,656 [INFO] PluginManager:220 - loadIPPluginJar : add i2c
2025-09-11 09:51:56,658 [INFO] IPUIPlugin:80 - create IPUIPlugin
2025-09-11 09:51:56,659 [INFO] PluginManager:220 - loadIPPluginJar : add i2s
2025-09-11 09:51:56,660 [INFO] IPUIPlugin:80 - create IPUIPlugin
2025-09-11 09:51:56,660 [INFO] PluginManager:220 - loadIPPluginJar : add i3c
2025-09-11 09:51:56,664 [INFO] IPUIPlugin:80 - create IPUIPlugin
2025-09-11 09:51:56,664 [INFO] PluginManager:220 - loadIPPluginJar : add ipddr
2025-09-11 09:51:56,670 [INFO] IPUIPlugin:80 - create IPUIPlugin
2025-09-11 09:51:56,670 [INFO] PluginManager:220 - loadIPPluginJar : add linkedlist
2025-09-11 09:51:56,672 [INFO] IPUIPlugin:80 - create IPUIPlugin
2025-09-11 09:51:56,672 [INFO] PluginManager:220 - loadIPPluginJar : add lorawan
2025-09-11 09:51:56,673 [INFO] IPUIPlugin:80 - create IPUIPlugin
2025-09-11 09:51:56,673 [INFO] PluginManager:220 - loadIPPluginJar : add ltdc
2025-09-11 09:51:56,678 [INFO] IPUIPlugin:80 - create IPUIPlugin
2025-09-11 09:51:56,678 [INFO] PluginManager:220 - loadIPPluginJar : add mdma
2025-09-11 09:51:56,681 [INFO] IPUIPlugin:80 - create IPUIPlugin
2025-09-11 09:51:56,681 [INFO] PluginManager:220 - loadIPPluginJar : add nvic
2025-09-11 09:51:56,683 [INFO] IPUIPlugin:80 - create IPUIPlugin
2025-09-11 09:51:56,683 [INFO] PluginManager:220 - loadIPPluginJar : add opamp
2025-09-11 09:51:56,685 [INFO] IPUIPlugin:80 - create IPUIPlugin
2025-09-11 09:51:56,685 [INFO] PluginManager:220 - loadIPPluginJar : add openamp
2025-09-11 09:51:56,687 [INFO] IPUIPlugin:80 - create IPUIPlugin
2025-09-11 09:51:56,687 [INFO] PluginManager:220 - loadIPPluginJar : add pdm2pcm
2025-09-11 09:51:56,692 [INFO] IPUIPlugin:80 - create IPUIPlugin
2025-09-11 09:51:56,694 [INFO] PluginManager:220 - loadIPPluginJar : add plateformsettings
2025-09-11 09:51:56,696 [INFO] IPUIPlugin:80 - create IPUIPlugin
2025-09-11 09:51:56,696 [INFO] PluginManager:220 - loadIPPluginJar : add quadspi
2025-09-11 09:51:56,697 [INFO] IPUIPlugin:80 - create IPUIPlugin
2025-09-11 09:51:56,697 [INFO] PluginManager:220 - loadIPPluginJar : add radio
2025-09-11 09:51:56,700 [INFO] IPUIPlugin:80 - create IPUIPlugin
2025-09-11 09:51:56,700 [INFO] PluginManager:220 - loadIPPluginJar : add resmgrutility
2025-09-11 09:51:56,702 [INFO] IPUIPlugin:80 - create IPUIPlugin
2025-09-11 09:51:56,702 [INFO] PluginManager:220 - loadIPPluginJar : add sai
2025-09-11 09:51:56,704 [INFO] IPUIPlugin:80 - create IPUIPlugin
2025-09-11 09:51:56,704 [INFO] PluginManager:220 - loadIPPluginJar : add spi
2025-09-11 09:51:56,708 [INFO] IPUIPlugin:80 - create IPUIPlugin
2025-09-11 09:51:56,708 [INFO] PluginManager:220 - loadIPPluginJar : add stm32_wpan
2025-09-11 09:51:56,710 [INFO] IPUIPlugin:80 - create IPUIPlugin
2025-09-11 09:51:56,710 [INFO] PluginManager:220 - loadIPPluginJar : add tim
2025-09-11 09:51:56,712 [INFO] IPUIPlugin:80 - create IPUIPlugin
2025-09-11 09:51:56,713 [INFO] PluginManager:220 - loadIPPluginJar : add touchsensing
2025-09-11 09:51:56,714 [INFO] IPUIPlugin:80 - create IPUIPlugin
2025-09-11 09:51:56,714 [INFO] PluginManager:220 - loadIPPluginJar : add tracer_emb
2025-09-11 09:51:56,716 [INFO] IPUIPlugin:80 - create IPUIPlugin
2025-09-11 09:51:56,716 [INFO] PluginManager:220 - loadIPPluginJar : add ts
2025-09-11 09:51:56,717 [INFO] IPUIPlugin:80 - create IPUIPlugin
2025-09-11 09:51:56,717 [INFO] PluginManager:220 - loadIPPluginJar : add tsc
2025-09-11 09:51:56,718 [INFO] IPUIPlugin:80 - create IPUIPlugin
2025-09-11 09:51:56,718 [INFO] PluginManager:220 - loadIPPluginJar : add ucpd
2025-09-11 09:51:56,720 [INFO] IPUIPlugin:80 - create IPUIPlugin
2025-09-11 09:51:56,720 [INFO] PluginManager:220 - loadIPPluginJar : add usart
2025-09-11 09:51:56,722 [INFO] IPUIPlugin:80 - create IPUIPlugin
2025-09-11 09:51:56,722 [INFO] PluginManager:220 - loadIPPluginJar : add usbx
2025-09-11 09:51:56,814 [FATAL] Updater:351 - Updater called before beeing initialized
2025-09-11 09:51:56,833 [INFO] RulesReader:64 - Compatibility file has been processed (317 Rules)
2025-09-11 09:51:56,842 [INFO] RulesReader:64 - Compatibility file has been processed (317 Rules)
2025-09-11 09:51:56,849 [INFO] CADModel:165 - CPN selected for project level
2025-09-11 09:51:56,850 [INFO] CADModel:114 - Register for checkConnection events
2025-09-11 09:51:56,850 [FATAL] Updater:351 - Updater called before beeing initialized
2025-09-11 09:51:56,850 [ERROR] CADModel:125 - Updater not yet initialized, retry later 
2025-09-11 09:51:56,937 [FATAL] Updater:351 - Updater called before beeing initialized
2025-09-11 09:51:56,938 [INFO] CADModel:165 - CPN selected for project level
2025-09-11 09:51:56,938 [INFO] CADModel:114 - Register for checkConnection events
2025-09-11 09:51:56,938 [FATAL] Updater:351 - Updater called before beeing initialized
2025-09-11 09:51:56,938 [ERROR] CADModel:125 - Updater not yet initialized, retry later 
2025-09-11 09:51:56,941 [FATAL] Updater:351 - Updater called before beeing initialized
2025-09-11 09:51:57,006 [FATAL] Updater:351 - Updater called before beeing initialized
2025-09-11 09:51:57,009 [INFO] DbMcusAds:53 - JSON generation date=Tue Jul 08 10:14:23 CEST 2025 (1751962463582)
2025-09-11 09:51:57,010 [FATAL] Updater:351 - Updater called before beeing initialized
2025-09-11 09:51:57,037 [WARN] DetailPanel:346 - Failed to get advertising image, set to default
2025-09-11 09:51:57,086 [FATAL] Updater:351 - Updater called before beeing initialized
2025-09-11 09:51:57,087 [FATAL] Updater:351 - Updater called before beeing initialized
2025-09-11 09:51:57,087 [FATAL] Updater:351 - Updater called before beeing initialized
2025-09-11 09:51:57,087 [WARN] DetailPanel:346 - Failed to get advertising image, set to default
2025-09-11 09:51:57,088 [FATAL] Updater:351 - Updater called before beeing initialized
2025-09-11 09:51:57,111 [ERROR] Updater:1198 - MainUpdater not yet initialized. External WinMGr cannot be set.
2025-09-11 09:51:57,112 [INFO] Updater:1134 - Updater Version found : 6.15.0
2025-09-11 09:51:57,125 [INFO] ApplicationProperties:184 - Using Application install path: /opt/st/stm32cubeide_1.19.0/plugins/com.st.stm32cube.common.mx_6.15.0.202507011659
2025-09-11 09:51:57,134 [ERROR] LogOutputStream:75 - [STDERR_REDIRECT] Sep 11, 2025 9:51:57 AM java.util.prefs.FileSystemPreferences$2 run
2025-09-11 09:51:57,134 [ERROR] LogOutputStream:75 - [STDERR_REDIRECT] WARNING: Could not create system preferences directory. System preferences are unusable.
2025-09-11 09:51:57,135 [ERROR] LogOutputStream:75 - [STDERR_REDIRECT] 
2025-09-11 09:51:57,289 [INFO] MainUpdater:2872 - connection check result : 22
2025-09-11 09:51:57,290 [INFO] MainUpdater:289 - Updater Check For Update Now.
2025-09-11 09:51:57,290 [INFO] MicroXplorer:498 - Change Database Version : DB.6.0.150
2025-09-11 09:51:57,296 [INFO] McuFinderGlobals:63 - Set McuFinder mode to 2 (CubeIDE integrated)
2025-09-11 09:51:57,296 [INFO] UserAuth:487 - Internet connection configuration mode: 2
2025-09-11 09:51:57,303 [INFO] UserAuth:487 - Internet connection configuration mode: 2
2025-09-11 09:51:57,469 [INFO] CheckServerUpdateThread:120 - End of CheckServer Thread
2025-09-11 09:51:59,451 [WARN] PackLoader:240 - Cannot read IP mode file for STMicroelectronics.FP-SNS-MOTENVWB1.1.4.0
2025-09-11 09:51:59,458 [WARN] PackLoader:240 - Cannot read IP mode file for STMicroelectronics.FP-ATR-ASTRA1.2.0.2
2025-09-11 09:51:59,466 [WARN] PackLoader:240 - Cannot read IP mode file for STMicroelectronics.X-CUBE-SMBUS.2.1.0
2025-09-11 09:51:59,470 [WARN] PackLoader:240 - Cannot read IP mode file for STMicroelectronics.X-CUBE-ST60.1.0.0
2025-09-11 09:51:59,510 [WARN] PackLoader:240 - Cannot read IP mode file for STMicroelectronics.X-CUBE-AZRTOS-F7.1.1.0
2025-09-11 09:51:59,525 [WARN] PackLoader:240 - Cannot read IP mode file for WES.I-CUBE-Cesium.1.4.0
2025-09-11 09:51:59,551 [WARN] PackLoader:240 - Cannot read IP mode file for Infineon.AIROC-Wi-Fi-Bluetooth-STM32.1.7.1
2025-09-11 09:51:59,581 [WARN] PackLoader:240 - Cannot read IP mode file for STMicroelectronics.X-CUBE-AZRTOS-H7.3.4.0
2025-09-11 09:51:59,591 [WARN] PackLoader:240 - Cannot read IP mode file for STMicroelectronics.X-CUBE-DISPLAY.3.0.0
2025-09-11 09:51:59,607 [WARN] PackLoader:240 - Cannot read IP mode file for STMicroelectronics.X-CUBE-NFC10.1.0.0
2025-09-11 09:51:59,613 [WARN] PackLoader:240 - Cannot read IP mode file for emotas.I-CUBE-CANOPEN.1.3.0
2025-09-11 09:51:59,620 [WARN] PackLoader:240 - Cannot read IP mode file for STMicroelectronics.FP-SNS-STBOX1.2.1.0
2025-09-11 09:51:59,626 [WARN] PackLoader:240 - Cannot read IP mode file for STMicroelectronics.FP-SNS-SMARTAG2.1.2.0
2025-09-11 09:51:59,630 [WARN] PackLoader:240 - Cannot read IP mode file for STMicroelectronics.FP-SNS-FLIGHT1.5.1.0
2025-09-11 09:51:59,638 [INFO] LogOutputStream:77 - [STDOUT_REDIRECT] 1 : Invalid condition id : UX_CORESTACK_Condition cause : null
2025-09-11 09:51:59,639 [INFO] LogOutputStream:77 - [STDOUT_REDIRECT] 1 : Invalid condition id : UX_CORESTACK_Condition cause : null
2025-09-11 09:51:59,640 [INFO] LogOutputStream:77 - [STDOUT_REDIRECT] 1 : Invalid condition id : UX_CORESTACK_Condition cause : null
2025-09-11 09:51:59,642 [INFO] LogOutputStream:77 - [STDOUT_REDIRECT] 1 : Invalid condition id : UX_CORESTACK_Condition cause : null
2025-09-11 09:51:59,643 [INFO] LogOutputStream:77 - [STDOUT_REDIRECT] 1 : Invalid condition id : UX_CORESTACK_Condition cause : null
2025-09-11 09:51:59,646 [WARN] PackLoader:240 - Cannot read IP mode file for STMicroelectronics.X-CUBE-AZRTOS-WL.2.0.0
2025-09-11 09:51:59,650 [WARN] PackLoader:240 - Cannot read IP mode file for STMicroelectronics.FP-SNS-MOTENV1.5.0.0
2025-09-11 09:51:59,656 [WARN] PackLoader:240 - Cannot read IP mode file for STMicroelectronics.X-CUBE-BLE2.3.3.0
2025-09-11 09:51:59,661 [WARN] PackLoader:240 - Cannot read IP mode file for STMicroelectronics.X-CUBE-NFC9.1.0.0
2025-09-11 09:51:59,666 [WARN] PackLoader:240 - Cannot read IP mode file for wolfSSL.I-CUBE-wolfSSL.5.8.2
2025-09-11 09:51:59,670 [WARN] PackLoader:240 - Cannot read IP mode file for STMicroelectronics.X-CUBE-BLE1.7.1.0
2025-09-11 09:51:59,674 [WARN] PackLoader:240 - Cannot read IP mode file for wolfSSL.I-CUBE-wolfMQTT.1.19.2
2025-09-11 09:51:59,679 [WARN] PackLoader:240 - Cannot read IP mode file for STMicroelectronics.X-CUBE-EEPRMA1.5.2.0
2025-09-11 09:51:59,693 [WARN] PackLoader:240 - Cannot read IP mode file for STMicroelectronics.X-CUBE-AZRTOS-G0.1.1.0
2025-09-11 09:51:59,700 [WARN] PackLoader:240 - Cannot read IP mode file for STMicroelectronics.X-CUBE-SAFEA1.1.2.2
2025-09-11 09:51:59,706 [WARN] PackLoader:240 - Cannot read IP mode file for STMicroelectronics.X-CUBE-NFC4.3.0.0
2025-09-11 09:51:59,714 [WARN] PackLoader:240 - Cannot read IP mode file for EmbeddedOffice.I-CUBE-FS-RTOS.1.0.1
2025-09-11 09:51:59,719 [WARN] PackLoader:240 - Cannot read IP mode file for STMicroelectronics.X-CUBE-WB05N.2.0.0
2025-09-11 09:51:59,723 [WARN] PackLoader:240 - Cannot read IP mode file for wolfSSL.I-CUBE-wolfTPM.3.8.0
2025-09-11 09:51:59,728 [WARN] PackLoader:240 - Cannot read IP mode file for STMicroelectronics.X-CUBE-TCPP.4.2.0
2025-09-11 09:51:59,733 [WARN] PackLoader:240 - Cannot read IP mode file for RealThread.X-CUBE-RT-Thread_Nano.4.1.1
2025-09-11 09:51:59,736 [WARN] PackLoader:240 - Cannot read IP mode file for STMicroelectronics.FP-ATR-SIGFOX1.3.2.0
2025-09-11 09:51:59,741 [WARN] PackLoader:240 - Cannot read IP mode file for ITTIA_DB.I-CUBE-ITTIADB.8.9.0
2025-09-11 09:51:59,752 [WARN] PackLoader:240 - Cannot read IP mode file for STMicroelectronics.X-CUBE-ST67W61.1.0.0
2025-09-11 09:51:59,758 [WARN] PackLoader:240 - Cannot read IP mode file for STMicroelectronics.X-CUBE-AI.10.2.0
2025-09-11 09:51:59,782 [WARN] PackLoader:240 - Cannot read IP mode file for SEGGER.I-CUBE-embOS.1.3.1
2025-09-11 09:51:59,852 [WARN] PackLoader:240 - Cannot read IP mode file for STMicroelectronics.X-CUBE-ALGOBUILD.1.4.0
2025-09-11 09:51:59,896 [WARN] PackLoader:240 - Cannot read IP mode file for STMicroelectronics.X-CUBE-MEMS1.11.3.0
2025-09-11 09:52:00,056 [WARN] PackLoader:240 - Cannot read IP mode file for STMicroelectronics.X-CUBE-PM33A1.1.0.0
2025-09-11 09:52:00,070 [WARN] PackLoader:240 - Cannot read IP mode file for STMicroelectronics.X-CUBE-AZRTOS-F4.1.1.0
2025-09-11 09:52:00,074 [WARN] PackLoader:240 - Cannot read IP mode file for Avnet-IotConnect.X-CUBE-IoTC-DA16k-PMOD.1.0.0
2025-09-11 09:52:00,077 [WARN] PackLoader:240 - Cannot read IP mode file for STMicroelectronics.X-CUBE-ISPU.2.1.0
2025-09-11 09:52:00,083 [WARN] PackLoader:240 - Cannot read IP mode file for STMicroelectronics.X-CUBE-NFC12.1.0.0
2025-09-11 09:52:00,095 [WARN] PackLoader:240 - Cannot read IP mode file for STMicroelectronics.X-CUBE-AZRTOS-L5.2.0.0
2025-09-11 09:52:00,103 [WARN] PackLoader:240 - Cannot read IP mode file for STMicroelectronics.X-CUBE-NFC6.3.1.0
2025-09-11 09:52:00,110 [WARN] PackLoader:240 - Cannot read IP mode file for STMicroelectronics.X-CUBE-FREERTOS.1.3.1
2025-09-11 09:52:00,115 [WARN] PackLoader:240 - Cannot read IP mode file for STMicroelectronics.FP-SNS-STAIOTCFT.1.0.0
2025-09-11 09:52:00,119 [WARN] PackLoader:240 - Cannot read IP mode file for STMicroelectronics.X-CUBE-DPower.1.3.0
2025-09-11 09:52:00,134 [WARN] ConditionMgr:438 - getConditionDescription Invalid condition id : LAN8742 Phy interface Condition cause : null
2025-09-11 09:52:00,135 [WARN] PackLoader:240 - Cannot read IP mode file for STMicroelectronics.X-CUBE-AZRTOS-L4.2.0.0
2025-09-11 09:52:00,137 [WARN] ConditionMgr:1044 - genDependencies : Invalid condition id : LAN8742 Phy interface Condition cause : null
2025-09-11 09:52:00,138 [WARN] ConditionMgr:1044 - genDependencies : Invalid condition id : LAN8742 Phy interface Condition cause : null
2025-09-11 09:52:00,138 [WARN] ConditionMgr:1044 - genDependencies : Invalid condition id : LAN8742 Phy interface Condition cause : null
2025-09-11 09:52:00,145 [WARN] PackLoader:240 - Cannot read IP mode file for STMicroelectronics.X-CUBE-SFXS2LP1.4.0.0
2025-09-11 09:52:00,154 [WARN] PackLoader:240 - Cannot read IP mode file for STMicroelectronics.X-CUBE-BLEMGR.4.1.0
2025-09-11 09:52:00,172 [WARN] ConditionMgr:438 - getConditionDescription Invalid condition id : UX DEVICE CLASS RTOS Condition cause : null
2025-09-11 09:52:00,172 [WARN] ConditionMgr:438 - getConditionDescription Invalid condition id : UX DEVICE CLASS RTOS Condition cause : null
2025-09-11 09:52:00,174 [WARN] PackLoader:240 - Cannot read IP mode file for STMicroelectronics.X-CUBE-AZRTOS-WB.2.0.0
2025-09-11 09:52:00,174 [WARN] ConditionMgr:1044 - genDependencies : Invalid condition id : UX DEVICE CLASS RTOS Condition cause : null
2025-09-11 09:52:00,174 [WARN] ConditionMgr:1044 - genDependencies : Invalid condition id : UX DEVICE CLASS RTOS Condition cause : null
2025-09-11 09:52:00,175 [WARN] ConditionMgr:1044 - genDependencies : Invalid condition id : UX DEVICE CLASS RTOS Condition cause : null
2025-09-11 09:52:00,175 [WARN] ConditionMgr:1044 - genDependencies : Invalid condition id : UX DEVICE CLASS RTOS Condition cause : null
2025-09-11 09:52:00,175 [WARN] ConditionMgr:1044 - genDependencies : Invalid condition id : UX DEVICE CLASS RTOS Condition cause : null
2025-09-11 09:52:00,180 [WARN] PackLoader:240 - Cannot read IP mode file for STMicroelectronics.X-CUBE-GNSS1.7.0.1
2025-09-11 09:52:00,184 [WARN] PackLoader:240 - Cannot read IP mode file for STMicroelectronics.X-CUBE-TOUCHGFX.4.25.0
2025-09-11 09:52:00,187 [WARN] ConditionMgr:438 - getConditionDescription Invalid condition id : Cortex-A Device cause : null
2025-09-11 09:52:00,200 [WARN] ConditionMgr:1044 - genDependencies : Invalid condition id : Cortex-A Device cause : null
2025-09-11 09:52:00,201 [WARN] ConditionMgr:1044 - genDependencies : Invalid condition id : Cortex-A Device cause : null
2025-09-11 09:52:00,201 [WARN] ConditionMgr:1044 - genDependencies : Invalid condition id : Cortex-A Device cause : null
2025-09-11 09:52:00,210 [WARN] PackLoader:240 - Cannot read IP mode file for STMicroelectronics.X-CUBE-SUBG2.5.0.0
2025-09-11 09:52:00,227 [WARN] PackLoader:240 - Cannot read IP mode file for STMicroelectronics.X-CUBE-AZRTOS-H7RS.1.1.0
2025-09-11 09:52:00,233 [WARN] PackLoader:240 - Cannot read IP mode file for Cesanta.I-CUBE-Mongoose.7.13.0
2025-09-11 09:52:00,243 [WARN] PackLoader:240 - Cannot read IP mode file for STMicroelectronics.X-CUBE-AZRTOS-G4.2.0.0
2025-09-11 09:52:00,250 [WARN] PackLoader:240 - Cannot read IP mode file for wolfSSL.I-CUBE-wolfSSH.1.4.20
2025-09-11 09:52:00,253 [WARN] PackLoader:240 - Cannot read IP mode file for STMicroelectronics.X-CUBE-NFC7.2.0.0
2025-09-11 09:52:00,270 [WARN] PackLoader:240 - Cannot read IP mode file for STMicroelectronics.X-CUBE-IPS.3.1.0
2025-09-11 09:52:00,281 [WARN] PackLoader:240 - Cannot read IP mode file for STMicroelectronics.X-CUBE-ALS.1.0.2
2025-09-11 09:52:00,289 [WARN] PackLoader:240 - Cannot read IP mode file for STMicroelectronics.X-CUBE-STSE01.1.0.0
2025-09-11 09:52:00,303 [WARN] PackLoader:240 - Cannot read IP mode file for STMicroelectronics.X-CUBE-TOF1.3.4.3
2025-09-11 09:52:00,317 [INFO] ThirdParty:978 - Integrity check success = true
2025-09-11 09:52:00,318 [INFO] IntegrityCheckThread:100 - exiting critical section [integrity check]
2025-09-11 09:52:00,318 [INFO] IntegrityCheckThread:103 - End integrity checks thread
2025-09-11 09:52:26,342 [ERROR] LogOutputStream:75 - [STDERR_REDIRECT] Sep 11, 2025 9:52:26 AM java.util.prefs.FileSystemPreferences checkLockFile0ErrorCode
2025-09-11 09:52:26,343 [ERROR] LogOutputStream:75 - [STDERR_REDIRECT] WARNING: Could not lock System prefs. Unix error code 2.
2025-09-11 09:52:26,344 [ERROR] LogOutputStream:75 - [STDERR_REDIRECT] 
2025-09-11 09:52:26,345 [ERROR] LogOutputStream:75 - [STDERR_REDIRECT] Sep 11, 2025 9:52:26 AM java.util.prefs.FileSystemPreferences syncWorld
2025-09-11 09:52:26,346 [ERROR] LogOutputStream:75 - [STDERR_REDIRECT] WARNING: Couldn't flush system prefs: java.util.prefs.BackingStoreException: Couldn't get file lock.
2025-09-11 09:52:26,346 [ERROR] LogOutputStream:75 - [STDERR_REDIRECT] 
2025-09-11 09:52:56,324 [ERROR] LogOutputStream:75 - [STDERR_REDIRECT] Sep 11, 2025 9:52:56 AM java.util.prefs.FileSystemPreferences checkLockFile0ErrorCode
2025-09-11 09:52:56,325 [ERROR] LogOutputStream:75 - [STDERR_REDIRECT] WARNING: Could not lock System prefs. Unix error code 2.
2025-09-11 09:52:56,325 [ERROR] LogOutputStream:75 - [STDERR_REDIRECT] 
2025-09-11 09:52:56,326 [ERROR] LogOutputStream:75 - [STDERR_REDIRECT] Sep 11, 2025 9:52:56 AM java.util.prefs.FileSystemPreferences syncWorld
2025-09-11 09:52:56,327 [ERROR] LogOutputStream:75 - [STDERR_REDIRECT] WARNING: Couldn't flush system prefs: java.util.prefs.BackingStoreException: Couldn't get file lock.
2025-09-11 09:52:56,327 [ERROR] LogOutputStream:75 - [STDERR_REDIRECT] 
2025-09-11 09:53:26,324 [ERROR] LogOutputStream:75 - [STDERR_REDIRECT] Sep 11, 2025 9:53:26 AM java.util.prefs.FileSystemPreferences checkLockFile0ErrorCode
2025-09-11 09:53:26,325 [ERROR] LogOutputStream:75 - [STDERR_REDIRECT] WARNING: Could not lock System prefs. Unix error code 2.
2025-09-11 09:53:26,325 [ERROR] LogOutputStream:75 - [STDERR_REDIRECT] 
2025-09-11 09:53:26,326 [ERROR] LogOutputStream:75 - [STDERR_REDIRECT] Sep 11, 2025 9:53:26 AM java.util.prefs.FileSystemPreferences syncWorld
2025-09-11 09:53:26,327 [ERROR] LogOutputStream:75 - [STDERR_REDIRECT] WARNING: Couldn't flush system prefs: java.util.prefs.BackingStoreException: Couldn't get file lock.
2025-09-11 09:53:26,327 [ERROR] LogOutputStream:75 - [STDERR_REDIRECT] 
2025-09-11 09:53:56,325 [ERROR] LogOutputStream:75 - [STDERR_REDIRECT] Sep 11, 2025 9:53:56 AM java.util.prefs.FileSystemPreferences checkLockFile0ErrorCode
2025-09-11 09:53:56,326 [ERROR] LogOutputStream:75 - [STDERR_REDIRECT] WARNING: Could not lock System prefs. Unix error code 2.
2025-09-11 09:53:56,327 [ERROR] LogOutputStream:75 - [STDERR_REDIRECT] 
2025-09-11 09:53:56,329 [ERROR] LogOutputStream:75 - [STDERR_REDIRECT] Sep 11, 2025 9:53:56 AM java.util.prefs.FileSystemPreferences syncWorld
2025-09-11 09:53:56,330 [ERROR] LogOutputStream:75 - [STDERR_REDIRECT] WARNING: Couldn't flush system prefs: java.util.prefs.BackingStoreException: Couldn't get file lock.
2025-09-11 09:53:56,330 [ERROR] LogOutputStream:75 - [STDERR_REDIRECT] 
2025-09-11 09:54:26,325 [ERROR] LogOutputStream:75 - [STDERR_REDIRECT] Sep 11, 2025 9:54:26 AM java.util.prefs.FileSystemPreferences checkLockFile0ErrorCode
2025-09-11 09:54:26,326 [ERROR] LogOutputStream:75 - [STDERR_REDIRECT] WARNING: Could not lock System prefs. Unix error code 2.
2025-09-11 09:54:26,326 [ERROR] LogOutputStream:75 - [STDERR_REDIRECT] 
2025-09-11 09:54:26,327 [ERROR] LogOutputStream:75 - [STDERR_REDIRECT] Sep 11, 2025 9:54:26 AM java.util.prefs.FileSystemPreferences syncWorld
2025-09-11 09:54:26,328 [ERROR] LogOutputStream:75 - [STDERR_REDIRECT] WARNING: Couldn't flush system prefs: java.util.prefs.BackingStoreException: Couldn't get file lock.
2025-09-11 09:54:26,328 [ERROR] LogOutputStream:75 - [STDERR_REDIRECT] 
2025-09-11 09:54:56,325 [ERROR] LogOutputStream:75 - [STDERR_REDIRECT] Sep 11, 2025 9:54:56 AM java.util.prefs.FileSystemPreferences checkLockFile0ErrorCode
2025-09-11 09:54:56,326 [ERROR] LogOutputStream:75 - [STDERR_REDIRECT] WARNING: Could not lock System prefs. Unix error code 2.
2025-09-11 09:54:56,326 [ERROR] LogOutputStream:75 - [STDERR_REDIRECT] 
2025-09-11 09:54:56,327 [ERROR] LogOutputStream:75 - [STDERR_REDIRECT] Sep 11, 2025 9:54:56 AM java.util.prefs.FileSystemPreferences syncWorld
2025-09-11 09:54:56,328 [ERROR] LogOutputStream:75 - [STDERR_REDIRECT] WARNING: Couldn't flush system prefs: java.util.prefs.BackingStoreException: Couldn't get file lock.
2025-09-11 09:54:56,328 [ERROR] LogOutputStream:75 - [STDERR_REDIRECT] 
2025-09-11 09:55:26,325 [ERROR] LogOutputStream:75 - [STDERR_REDIRECT] Sep 11, 2025 9:55:26 AM java.util.prefs.FileSystemPreferences checkLockFile0ErrorCode
2025-09-11 09:55:26,326 [ERROR] LogOutputStream:75 - [STDERR_REDIRECT] WARNING: Could not lock System prefs. Unix error code 2.
2025-09-11 09:55:26,326 [ERROR] LogOutputStream:75 - [STDERR_REDIRECT] 
2025-09-11 09:55:26,327 [ERROR] LogOutputStream:75 - [STDERR_REDIRECT] Sep 11, 2025 9:55:26 AM java.util.prefs.FileSystemPreferences syncWorld
2025-09-11 09:55:26,328 [ERROR] LogOutputStream:75 - [STDERR_REDIRECT] WARNING: Couldn't flush system prefs: java.util.prefs.BackingStoreException: Couldn't get file lock.
2025-09-11 09:55:26,328 [ERROR] LogOutputStream:75 - [STDERR_REDIRECT] 
2025-09-11 09:55:56,327 [ERROR] LogOutputStream:75 - [STDERR_REDIRECT] Sep 11, 2025 9:55:56 AM java.util.prefs.FileSystemPreferences checkLockFile0ErrorCode
2025-09-11 09:55:56,327 [ERROR] LogOutputStream:75 - [STDERR_REDIRECT] WARNING: Could not lock System prefs. Unix error code 2.
2025-09-11 09:55:56,328 [ERROR] LogOutputStream:75 - [STDERR_REDIRECT] 
2025-09-11 09:55:56,328 [ERROR] LogOutputStream:75 - [STDERR_REDIRECT] Sep 11, 2025 9:55:56 AM java.util.prefs.FileSystemPreferences syncWorld
2025-09-11 09:55:56,329 [ERROR] LogOutputStream:75 - [STDERR_REDIRECT] WARNING: Couldn't flush system prefs: java.util.prefs.BackingStoreException: Couldn't get file lock.
2025-09-11 09:55:56,330 [ERROR] LogOutputStream:75 - [STDERR_REDIRECT] 
2025-09-11 09:56:26,326 [ERROR] LogOutputStream:75 - [STDERR_REDIRECT] Sep 11, 2025 9:56:26 AM java.util.prefs.FileSystemPreferences checkLockFile0ErrorCode
2025-09-11 09:56:26,327 [ERROR] LogOutputStream:75 - [STDERR_REDIRECT] WARNING: Could not lock System prefs. Unix error code 2.
2025-09-11 09:56:26,327 [ERROR] LogOutputStream:75 - [STDERR_REDIRECT] 
2025-09-11 09:56:26,328 [ERROR] LogOutputStream:75 - [STDERR_REDIRECT] Sep 11, 2025 9:56:26 AM java.util.prefs.FileSystemPreferences syncWorld
2025-09-11 09:56:26,329 [ERROR] LogOutputStream:75 - [STDERR_REDIRECT] WARNING: Couldn't flush system prefs: java.util.prefs.BackingStoreException: Couldn't get file lock.
2025-09-11 09:56:26,329 [ERROR] LogOutputStream:75 - [STDERR_REDIRECT] 
2025-09-11 09:56:56,326 [ERROR] LogOutputStream:75 - [STDERR_REDIRECT] Sep 11, 2025 9:56:56 AM java.util.prefs.FileSystemPreferences checkLockFile0ErrorCode
2025-09-11 09:56:56,326 [ERROR] LogOutputStream:75 - [STDERR_REDIRECT] WARNING: Could not lock System prefs. Unix error code 2.
2025-09-11 09:56:56,327 [ERROR] LogOutputStream:75 - [STDERR_REDIRECT] 
2025-09-11 09:56:56,328 [ERROR] LogOutputStream:75 - [STDERR_REDIRECT] Sep 11, 2025 9:56:56 AM java.util.prefs.FileSystemPreferences syncWorld
2025-09-11 09:56:56,328 [ERROR] LogOutputStream:75 - [STDERR_REDIRECT] WARNING: Couldn't flush system prefs: java.util.prefs.BackingStoreException: Couldn't get file lock.
2025-09-11 09:56:56,329 [ERROR] LogOutputStream:75 - [STDERR_REDIRECT] 
2025-09-11 09:57:26,327 [ERROR] LogOutputStream:75 - [STDERR_REDIRECT] Sep 11, 2025 9:57:26 AM java.util.prefs.FileSystemPreferences checkLockFile0ErrorCode
2025-09-11 09:57:26,328 [ERROR] LogOutputStream:75 - [STDERR_REDIRECT] WARNING: Could not lock System prefs. Unix error code 2.
2025-09-11 09:57:26,328 [ERROR] LogOutputStream:75 - [STDERR_REDIRECT] 
2025-09-11 09:57:26,328 [ERROR] LogOutputStream:75 - [STDERR_REDIRECT] Sep 11, 2025 9:57:26 AM java.util.prefs.FileSystemPreferences syncWorld
2025-09-11 09:57:26,329 [ERROR] LogOutputStream:75 - [STDERR_REDIRECT] WARNING: Couldn't flush system prefs: java.util.prefs.BackingStoreException: Couldn't get file lock.
2025-09-11 09:57:26,329 [ERROR] LogOutputStream:75 - [STDERR_REDIRECT] 
2025-09-11 09:57:56,326 [ERROR] LogOutputStream:75 - [STDERR_REDIRECT] Sep 11, 2025 9:57:56 AM java.util.prefs.FileSystemPreferences checkLockFile0ErrorCode
2025-09-11 09:57:56,327 [ERROR] LogOutputStream:75 - [STDERR_REDIRECT] WARNING: Could not lock System prefs. Unix error code 2.
2025-09-11 09:57:56,327 [ERROR] LogOutputStream:75 - [STDERR_REDIRECT] 
2025-09-11 09:57:56,328 [ERROR] LogOutputStream:75 - [STDERR_REDIRECT] Sep 11, 2025 9:57:56 AM java.util.prefs.FileSystemPreferences syncWorld
2025-09-11 09:57:56,329 [ERROR] LogOutputStream:75 - [STDERR_REDIRECT] WARNING: Couldn't flush system prefs: java.util.prefs.BackingStoreException: Couldn't get file lock.
2025-09-11 09:57:56,329 [ERROR] LogOutputStream:75 - [STDERR_REDIRECT] 
2025-09-11 09:58:26,325 [ERROR] LogOutputStream:75 - [STDERR_REDIRECT] Sep 11, 2025 9:58:26 AM java.util.prefs.FileSystemPreferences checkLockFile0ErrorCode
2025-09-11 09:58:26,326 [ERROR] LogOutputStream:75 - [STDERR_REDIRECT] WARNING: Could not lock System prefs. Unix error code 2.
2025-09-11 09:58:26,326 [ERROR] LogOutputStream:75 - [STDERR_REDIRECT] 
2025-09-11 09:58:26,327 [ERROR] LogOutputStream:75 - [STDERR_REDIRECT] Sep 11, 2025 9:58:26 AM java.util.prefs.FileSystemPreferences syncWorld
2025-09-11 09:58:26,328 [ERROR] LogOutputStream:75 - [STDERR_REDIRECT] WARNING: Couldn't flush system prefs: java.util.prefs.BackingStoreException: Couldn't get file lock.
2025-09-11 09:58:26,328 [ERROR] LogOutputStream:75 - [STDERR_REDIRECT] 
2025-09-11 09:58:56,327 [ERROR] LogOutputStream:75 - [STDERR_REDIRECT] Sep 11, 2025 9:58:56 AM java.util.prefs.FileSystemPreferences checkLockFile0ErrorCode
2025-09-11 09:58:56,327 [ERROR] LogOutputStream:75 - [STDERR_REDIRECT] WARNING: Could not lock System prefs. Unix error code 2.
2025-09-11 09:58:56,328 [ERROR] LogOutputStream:75 - [STDERR_REDIRECT] 
2025-09-11 09:58:56,329 [ERROR] LogOutputStream:75 - [STDERR_REDIRECT] Sep 11, 2025 9:58:56 AM java.util.prefs.FileSystemPreferences syncWorld
2025-09-11 09:58:56,330 [ERROR] LogOutputStream:75 - [STDERR_REDIRECT] WARNING: Couldn't flush system prefs: java.util.prefs.BackingStoreException: Couldn't get file lock.
2025-09-11 09:58:56,330 [ERROR] LogOutputStream:75 - [STDERR_REDIRECT] 
2025-09-11 09:59:26,326 [ERROR] LogOutputStream:75 - [STDERR_REDIRECT] Sep 11, 2025 9:59:26 AM java.util.prefs.FileSystemPreferences checkLockFile0ErrorCode
2025-09-11 09:59:26,327 [ERROR] LogOutputStream:75 - [STDERR_REDIRECT] WARNING: Could not lock System prefs. Unix error code 2.
2025-09-11 09:59:26,327 [ERROR] LogOutputStream:75 - [STDERR_REDIRECT] 
2025-09-11 09:59:26,328 [ERROR] LogOutputStream:75 - [STDERR_REDIRECT] Sep 11, 2025 9:59:26 AM java.util.prefs.FileSystemPreferences syncWorld
2025-09-11 09:59:26,330 [ERROR] LogOutputStream:75 - [STDERR_REDIRECT] WARNING: Couldn't flush system prefs: java.util.prefs.BackingStoreException: Couldn't get file lock.
2025-09-11 09:59:26,330 [ERROR] LogOutputStream:75 - [STDERR_REDIRECT] 
2025-09-11 09:59:56,326 [ERROR] LogOutputStream:75 - [STDERR_REDIRECT] Sep 11, 2025 9:59:56 AM java.util.prefs.FileSystemPreferences checkLockFile0ErrorCode
2025-09-11 09:59:56,327 [ERROR] LogOutputStream:75 - [STDERR_REDIRECT] WARNING: Could not lock System prefs. Unix error code 2.
2025-09-11 09:59:56,327 [ERROR] LogOutputStream:75 - [STDERR_REDIRECT] 
2025-09-11 09:59:56,328 [ERROR] LogOutputStream:75 - [STDERR_REDIRECT] Sep 11, 2025 9:59:56 AM java.util.prefs.FileSystemPreferences syncWorld
2025-09-11 09:59:56,329 [ERROR] LogOutputStream:75 - [STDERR_REDIRECT] WARNING: Couldn't flush system prefs: java.util.prefs.BackingStoreException: Couldn't get file lock.
2025-09-11 09:59:56,329 [ERROR] LogOutputStream:75 - [STDERR_REDIRECT] 
2025-09-11 10:00:26,327 [ERROR] LogOutputStream:75 - [STDERR_REDIRECT] Sep 11, 2025 10:00:26 AM java.util.prefs.FileSystemPreferences checkLockFile0ErrorCode
2025-09-11 10:00:26,327 [ERROR] LogOutputStream:75 - [STDERR_REDIRECT] WARNING: Could not lock System prefs. Unix error code 2.
2025-09-11 10:00:26,327 [ERROR] LogOutputStream:75 - [STDERR_REDIRECT] 
2025-09-11 10:00:26,328 [ERROR] LogOutputStream:75 - [STDERR_REDIRECT] Sep 11, 2025 10:00:26 AM java.util.prefs.FileSystemPreferences syncWorld
2025-09-11 10:00:26,329 [ERROR] LogOutputStream:75 - [STDERR_REDIRECT] WARNING: Couldn't flush system prefs: java.util.prefs.BackingStoreException: Couldn't get file lock.
2025-09-11 10:00:26,329 [ERROR] LogOutputStream:75 - [STDERR_REDIRECT] 
2025-09-11 10:00:56,326 [ERROR] LogOutputStream:75 - [STDERR_REDIRECT] Sep 11, 2025 10:00:56 AM java.util.prefs.FileSystemPreferences checkLockFile0ErrorCode
2025-09-11 10:00:56,327 [ERROR] LogOutputStream:75 - [STDERR_REDIRECT] WARNING: Could not lock System prefs. Unix error code 2.
2025-09-11 10:00:56,327 [ERROR] LogOutputStream:75 - [STDERR_REDIRECT] 
2025-09-11 10:00:56,328 [ERROR] LogOutputStream:75 - [STDERR_REDIRECT] Sep 11, 2025 10:00:56 AM java.util.prefs.FileSystemPreferences syncWorld
2025-09-11 10:00:56,329 [ERROR] LogOutputStream:75 - [STDERR_REDIRECT] WARNING: Couldn't flush system prefs: java.util.prefs.BackingStoreException: Couldn't get file lock.
2025-09-11 10:00:56,329 [ERROR] LogOutputStream:75 - [STDERR_REDIRECT] 
2025-09-11 10:01:26,327 [ERROR] LogOutputStream:75 - [STDERR_REDIRECT] Sep 11, 2025 10:01:26 AM java.util.prefs.FileSystemPreferences checkLockFile0ErrorCode
2025-09-11 10:01:26,328 [ERROR] LogOutputStream:75 - [STDERR_REDIRECT] WARNING: Could not lock System prefs. Unix error code 2.
2025-09-11 10:01:26,329 [ERROR] LogOutputStream:75 - [STDERR_REDIRECT] 
2025-09-11 10:01:26,330 [ERROR] LogOutputStream:75 - [STDERR_REDIRECT] Sep 11, 2025 10:01:26 AM java.util.prefs.FileSystemPreferences syncWorld
2025-09-11 10:01:26,331 [ERROR] LogOutputStream:75 - [STDERR_REDIRECT] WARNING: Couldn't flush system prefs: java.util.prefs.BackingStoreException: Couldn't get file lock.
2025-09-11 10:01:26,331 [ERROR] LogOutputStream:75 - [STDERR_REDIRECT] 
2025-09-11 10:01:56,328 [ERROR] LogOutputStream:75 - [STDERR_REDIRECT] Sep 11, 2025 10:01:56 AM java.util.prefs.FileSystemPreferences checkLockFile0ErrorCode
2025-09-11 10:01:56,329 [ERROR] LogOutputStream:75 - [STDERR_REDIRECT] WARNING: Could not lock System prefs. Unix error code 2.
2025-09-11 10:01:56,329 [ERROR] LogOutputStream:75 - [STDERR_REDIRECT] 
2025-09-11 10:01:56,330 [ERROR] LogOutputStream:75 - [STDERR_REDIRECT] Sep 11, 2025 10:01:56 AM java.util.prefs.FileSystemPreferences syncWorld
2025-09-11 10:01:56,331 [ERROR] LogOutputStream:75 - [STDERR_REDIRECT] WARNING: Couldn't flush system prefs: java.util.prefs.BackingStoreException: Couldn't get file lock.
2025-09-11 10:01:56,331 [ERROR] LogOutputStream:75 - [STDERR_REDIRECT] 
2025-09-11 10:02:26,330 [ERROR] LogOutputStream:75 - [STDERR_REDIRECT] Sep 11, 2025 10:02:26 AM java.util.prefs.FileSystemPreferences checkLockFile0ErrorCode
2025-09-11 10:02:26,331 [ERROR] LogOutputStream:75 - [STDERR_REDIRECT] WARNING: Could not lock System prefs. Unix error code 2.
2025-09-11 10:02:26,331 [ERROR] LogOutputStream:75 - [STDERR_REDIRECT] 
2025-09-11 10:02:26,332 [ERROR] LogOutputStream:75 - [STDERR_REDIRECT] Sep 11, 2025 10:02:26 AM java.util.prefs.FileSystemPreferences syncWorld
2025-09-11 10:02:26,333 [ERROR] LogOutputStream:75 - [STDERR_REDIRECT] WARNING: Couldn't flush system prefs: java.util.prefs.BackingStoreException: Couldn't get file lock.
2025-09-11 10:02:26,333 [ERROR] LogOutputStream:75 - [STDERR_REDIRECT] 
2025-09-11 10:02:56,328 [ERROR] LogOutputStream:75 - [STDERR_REDIRECT] Sep 11, 2025 10:02:56 AM java.util.prefs.FileSystemPreferences checkLockFile0ErrorCode
2025-09-11 10:02:56,329 [ERROR] LogOutputStream:75 - [STDERR_REDIRECT] WARNING: Could not lock System prefs. Unix error code 2.
2025-09-11 10:02:56,329 [ERROR] LogOutputStream:75 - [STDERR_REDIRECT] 
2025-09-11 10:02:56,330 [ERROR] LogOutputStream:75 - [STDERR_REDIRECT] Sep 11, 2025 10:02:56 AM java.util.prefs.FileSystemPreferences syncWorld
2025-09-11 10:02:56,331 [ERROR] LogOutputStream:75 - [STDERR_REDIRECT] WARNING: Couldn't flush system prefs: java.util.prefs.BackingStoreException: Couldn't get file lock.
2025-09-11 10:02:56,331 [ERROR] LogOutputStream:75 - [STDERR_REDIRECT] 
2025-09-11 10:03:26,329 [ERROR] LogOutputStream:75 - [STDERR_REDIRECT] Sep 11, 2025 10:03:26 AM java.util.prefs.FileSystemPreferences checkLockFile0ErrorCode
2025-09-11 10:03:26,330 [ERROR] LogOutputStream:75 - [STDERR_REDIRECT] WARNING: Could not lock System prefs. Unix error code 2.
2025-09-11 10:03:26,330 [ERROR] LogOutputStream:75 - [STDERR_REDIRECT] 
2025-09-11 10:03:26,331 [ERROR] LogOutputStream:75 - [STDERR_REDIRECT] Sep 11, 2025 10:03:26 AM java.util.prefs.FileSystemPreferences syncWorld
2025-09-11 10:03:26,332 [ERROR] LogOutputStream:75 - [STDERR_REDIRECT] WARNING: Couldn't flush system prefs: java.util.prefs.BackingStoreException: Couldn't get file lock.
2025-09-11 10:03:26,332 [ERROR] LogOutputStream:75 - [STDERR_REDIRECT] 
2025-09-11 10:03:56,329 [ERROR] LogOutputStream:75 - [STDERR_REDIRECT] Sep 11, 2025 10:03:56 AM java.util.prefs.FileSystemPreferences checkLockFile0ErrorCode
2025-09-11 10:03:56,330 [ERROR] LogOutputStream:75 - [STDERR_REDIRECT] WARNING: Could not lock System prefs. Unix error code 2.
2025-09-11 10:03:56,330 [ERROR] LogOutputStream:75 - [STDERR_REDIRECT] 
2025-09-11 10:03:56,331 [ERROR] LogOutputStream:75 - [STDERR_REDIRECT] Sep 11, 2025 10:03:56 AM java.util.prefs.FileSystemPreferences syncWorld
2025-09-11 10:03:56,332 [ERROR] LogOutputStream:75 - [STDERR_REDIRECT] WARNING: Couldn't flush system prefs: java.util.prefs.BackingStoreException: Couldn't get file lock.
2025-09-11 10:03:56,332 [ERROR] LogOutputStream:75 - [STDERR_REDIRECT] 
2025-09-11 10:04:26,329 [ERROR] LogOutputStream:75 - [STDERR_REDIRECT] Sep 11, 2025 10:04:26 AM java.util.prefs.FileSystemPreferences checkLockFile0ErrorCode
2025-09-11 10:04:26,330 [ERROR] LogOutputStream:75 - [STDERR_REDIRECT] WARNING: Could not lock System prefs. Unix error code 2.
2025-09-11 10:04:26,330 [ERROR] LogOutputStream:75 - [STDERR_REDIRECT] 
2025-09-11 10:04:26,331 [ERROR] LogOutputStream:75 - [STDERR_REDIRECT] Sep 11, 2025 10:04:26 AM java.util.prefs.FileSystemPreferences syncWorld
2025-09-11 10:04:26,332 [ERROR] LogOutputStream:75 - [STDERR_REDIRECT] WARNING: Couldn't flush system prefs: java.util.prefs.BackingStoreException: Couldn't get file lock.
2025-09-11 10:04:26,332 [ERROR] LogOutputStream:75 - [STDERR_REDIRECT] 
2025-09-11 10:04:56,330 [ERROR] LogOutputStream:75 - [STDERR_REDIRECT] Sep 11, 2025 10:04:56 AM java.util.prefs.FileSystemPreferences checkLockFile0ErrorCode
2025-09-11 10:04:56,331 [ERROR] LogOutputStream:75 - [STDERR_REDIRECT] WARNING: Could not lock System prefs. Unix error code 2.
2025-09-11 10:04:56,331 [ERROR] LogOutputStream:75 - [STDERR_REDIRECT] 
2025-09-11 10:04:56,332 [ERROR] LogOutputStream:75 - [STDERR_REDIRECT] Sep 11, 2025 10:04:56 AM java.util.prefs.FileSystemPreferences syncWorld
2025-09-11 10:04:56,333 [ERROR] LogOutputStream:75 - [STDERR_REDIRECT] WARNING: Couldn't flush system prefs: java.util.prefs.BackingStoreException: Couldn't get file lock.
2025-09-11 10:04:56,333 [ERROR] LogOutputStream:75 - [STDERR_REDIRECT] 
2025-09-11 10:05:26,329 [ERROR] LogOutputStream:75 - [STDERR_REDIRECT] Sep 11, 2025 10:05:26 AM java.util.prefs.FileSystemPreferences checkLockFile0ErrorCode
2025-09-11 10:05:26,330 [ERROR] LogOutputStream:75 - [STDERR_REDIRECT] WARNING: Could not lock System prefs. Unix error code 2.
2025-09-11 10:05:26,330 [ERROR] LogOutputStream:75 - [STDERR_REDIRECT] 
2025-09-11 10:05:26,331 [ERROR] LogOutputStream:75 - [STDERR_REDIRECT] Sep 11, 2025 10:05:26 AM java.util.prefs.FileSystemPreferences syncWorld
2025-09-11 10:05:26,332 [ERROR] LogOutputStream:75 - [STDERR_REDIRECT] WARNING: Couldn't flush system prefs: java.util.prefs.BackingStoreException: Couldn't get file lock.
2025-09-11 10:05:26,332 [ERROR] LogOutputStream:75 - [STDERR_REDIRECT] 
2025-09-11 10:05:56,329 [ERROR] LogOutputStream:75 - [STDERR_REDIRECT] Sep 11, 2025 10:05:56 AM java.util.prefs.FileSystemPreferences checkLockFile0ErrorCode
2025-09-11 10:05:56,330 [ERROR] LogOutputStream:75 - [STDERR_REDIRECT] WARNING: Could not lock System prefs. Unix error code 2.
2025-09-11 10:05:56,330 [ERROR] LogOutputStream:75 - [STDERR_REDIRECT] 
2025-09-11 10:05:56,331 [ERROR] LogOutputStream:75 - [STDERR_REDIRECT] Sep 11, 2025 10:05:56 AM java.util.prefs.FileSystemPreferences syncWorld
2025-09-11 10:05:56,332 [ERROR] LogOutputStream:75 - [STDERR_REDIRECT] WARNING: Couldn't flush system prefs: java.util.prefs.BackingStoreException: Couldn't get file lock.
2025-09-11 10:05:56,332 [ERROR] LogOutputStream:75 - [STDERR_REDIRECT] 
2025-09-11 10:06:26,329 [ERROR] LogOutputStream:75 - [STDERR_REDIRECT] Sep 11, 2025 10:06:26 AM java.util.prefs.FileSystemPreferences checkLockFile0ErrorCode
2025-09-11 10:06:26,330 [ERROR] LogOutputStream:75 - [STDERR_REDIRECT] WARNING: Could not lock System prefs. Unix error code 2.
2025-09-11 10:06:26,330 [ERROR] LogOutputStream:75 - [STDERR_REDIRECT] 
2025-09-11 10:06:26,331 [ERROR] LogOutputStream:75 - [STDERR_REDIRECT] Sep 11, 2025 10:06:26 AM java.util.prefs.FileSystemPreferences syncWorld
2025-09-11 10:06:26,332 [ERROR] LogOutputStream:75 - [STDERR_REDIRECT] WARNING: Couldn't flush system prefs: java.util.prefs.BackingStoreException: Couldn't get file lock.
2025-09-11 10:06:26,332 [ERROR] LogOutputStream:75 - [STDERR_REDIRECT] 
2025-09-11 10:06:56,329 [ERROR] LogOutputStream:75 - [STDERR_REDIRECT] Sep 11, 2025 10:06:56 AM java.util.prefs.FileSystemPreferences checkLockFile0ErrorCode
2025-09-11 10:06:56,330 [ERROR] LogOutputStream:75 - [STDERR_REDIRECT] WARNING: Could not lock System prefs. Unix error code 2.
2025-09-11 10:06:56,330 [ERROR] LogOutputStream:75 - [STDERR_REDIRECT] 
2025-09-11 10:06:56,331 [ERROR] LogOutputStream:75 - [STDERR_REDIRECT] Sep 11, 2025 10:06:56 AM java.util.prefs.FileSystemPreferences syncWorld
2025-09-11 10:06:56,332 [ERROR] LogOutputStream:75 - [STDERR_REDIRECT] WARNING: Couldn't flush system prefs: java.util.prefs.BackingStoreException: Couldn't get file lock.
2025-09-11 10:06:56,332 [ERROR] LogOutputStream:75 - [STDERR_REDIRECT] 
2025-09-11 10:07:26,329 [ERROR] LogOutputStream:75 - [STDERR_REDIRECT] Sep 11, 2025 10:07:26 AM java.util.prefs.FileSystemPreferences checkLockFile0ErrorCode
2025-09-11 10:07:26,330 [ERROR] LogOutputStream:75 - [STDERR_REDIRECT] WARNING: Could not lock System prefs. Unix error code 2.
2025-09-11 10:07:26,330 [ERROR] LogOutputStream:75 - [STDERR_REDIRECT] 
2025-09-11 10:07:26,331 [ERROR] LogOutputStream:75 - [STDERR_REDIRECT] Sep 11, 2025 10:07:26 AM java.util.prefs.FileSystemPreferences syncWorld
2025-09-11 10:07:26,332 [ERROR] LogOutputStream:75 - [STDERR_REDIRECT] WARNING: Couldn't flush system prefs: java.util.prefs.BackingStoreException: Couldn't get file lock.
2025-09-11 10:07:26,332 [ERROR] LogOutputStream:75 - [STDERR_REDIRECT] 
2025-09-11 10:07:56,329 [ERROR] LogOutputStream:75 - [STDERR_REDIRECT] Sep 11, 2025 10:07:56 AM java.util.prefs.FileSystemPreferences checkLockFile0ErrorCode
2025-09-11 10:07:56,330 [ERROR] LogOutputStream:75 - [STDERR_REDIRECT] WARNING: Could not lock System prefs. Unix error code 2.
2025-09-11 10:07:56,330 [ERROR] LogOutputStream:75 - [STDERR_REDIRECT] 
2025-09-11 10:07:56,331 [ERROR] LogOutputStream:75 - [STDERR_REDIRECT] Sep 11, 2025 10:07:56 AM java.util.prefs.FileSystemPreferences syncWorld
2025-09-11 10:07:56,332 [ERROR] LogOutputStream:75 - [STDERR_REDIRECT] WARNING: Couldn't flush system prefs: java.util.prefs.BackingStoreException: Couldn't get file lock.
2025-09-11 10:07:56,332 [ERROR] LogOutputStream:75 - [STDERR_REDIRECT] 
2025-09-11 10:08:26,330 [ERROR] LogOutputStream:75 - [STDERR_REDIRECT] Sep 11, 2025 10:08:26 AM java.util.prefs.FileSystemPreferences checkLockFile0ErrorCode
2025-09-11 10:08:26,331 [ERROR] LogOutputStream:75 - [STDERR_REDIRECT] WARNING: Could not lock System prefs. Unix error code 2.
2025-09-11 10:08:26,331 [ERROR] LogOutputStream:75 - [STDERR_REDIRECT] 
2025-09-11 10:08:26,332 [ERROR] LogOutputStream:75 - [STDERR_REDIRECT] Sep 11, 2025 10:08:26 AM java.util.prefs.FileSystemPreferences syncWorld
2025-09-11 10:08:26,332 [ERROR] LogOutputStream:75 - [STDERR_REDIRECT] WARNING: Couldn't flush system prefs: java.util.prefs.BackingStoreException: Couldn't get file lock.
2025-09-11 10:08:26,333 [ERROR] LogOutputStream:75 - [STDERR_REDIRECT] 
2025-09-11 10:08:56,330 [ERROR] LogOutputStream:75 - [STDERR_REDIRECT] Sep 11, 2025 10:08:56 AM java.util.prefs.FileSystemPreferences checkLockFile0ErrorCode
2025-09-11 10:08:56,332 [ERROR] LogOutputStream:75 - [STDERR_REDIRECT] WARNING: Could not lock System prefs. Unix error code 2.
2025-09-11 10:08:56,332 [ERROR] LogOutputStream:75 - [STDERR_REDIRECT] 
2025-09-11 10:08:56,333 [ERROR] LogOutputStream:75 - [STDERR_REDIRECT] Sep 11, 2025 10:08:56 AM java.util.prefs.FileSystemPreferences syncWorld
2025-09-11 10:08:56,334 [ERROR] LogOutputStream:75 - [STDERR_REDIRECT] WARNING: Couldn't flush system prefs: java.util.prefs.BackingStoreException: Couldn't get file lock.
2025-09-11 10:08:56,334 [ERROR] LogOutputStream:75 - [STDERR_REDIRECT] 
2025-09-11 10:09:26,330 [ERROR] LogOutputStream:75 - [STDERR_REDIRECT] Sep 11, 2025 10:09:26 AM java.util.prefs.FileSystemPreferences checkLockFile0ErrorCode
2025-09-11 10:09:26,331 [ERROR] LogOutputStream:75 - [STDERR_REDIRECT] WARNING: Could not lock System prefs. Unix error code 2.
2025-09-11 10:09:26,331 [ERROR] LogOutputStream:75 - [STDERR_REDIRECT] 
2025-09-11 10:09:26,331 [ERROR] LogOutputStream:75 - [STDERR_REDIRECT] Sep 11, 2025 10:09:26 AM java.util.prefs.FileSystemPreferences syncWorld
2025-09-11 10:09:26,332 [ERROR] LogOutputStream:75 - [STDERR_REDIRECT] WARNING: Couldn't flush system prefs: java.util.prefs.BackingStoreException: Couldn't get file lock.
2025-09-11 10:09:26,332 [ERROR] LogOutputStream:75 - [STDERR_REDIRECT] 
2025-09-11 10:09:56,331 [ERROR] LogOutputStream:75 - [STDERR_REDIRECT] Sep 11, 2025 10:09:56 AM java.util.prefs.FileSystemPreferences checkLockFile0ErrorCode
2025-09-11 10:09:56,332 [ERROR] LogOutputStream:75 - [STDERR_REDIRECT] WARNING: Could not lock System prefs. Unix error code 2.
2025-09-11 10:09:56,332 [ERROR] LogOutputStream:75 - [STDERR_REDIRECT] 
2025-09-11 10:09:56,333 [ERROR] LogOutputStream:75 - [STDERR_REDIRECT] Sep 11, 2025 10:09:56 AM java.util.prefs.FileSystemPreferences syncWorld
2025-09-11 10:09:56,334 [ERROR] LogOutputStream:75 - [STDERR_REDIRECT] WARNING: Couldn't flush system prefs: java.util.prefs.BackingStoreException: Couldn't get file lock.
2025-09-11 10:09:56,334 [ERROR] LogOutputStream:75 - [STDERR_REDIRECT] 
2025-09-11 10:10:26,331 [ERROR] LogOutputStream:75 - [STDERR_REDIRECT] Sep 11, 2025 10:10:26 AM java.util.prefs.FileSystemPreferences checkLockFile0ErrorCode
2025-09-11 10:10:26,332 [ERROR] LogOutputStream:75 - [STDERR_REDIRECT] WARNING: Could not lock System prefs. Unix error code 2.
2025-09-11 10:10:26,332 [ERROR] LogOutputStream:75 - [STDERR_REDIRECT] 
2025-09-11 10:10:26,334 [ERROR] LogOutputStream:75 - [STDERR_REDIRECT] Sep 11, 2025 10:10:26 AM java.util.prefs.FileSystemPreferences syncWorld
2025-09-11 10:10:26,335 [ERROR] LogOutputStream:75 - [STDERR_REDIRECT] WARNING: Couldn't flush system prefs: java.util.prefs.BackingStoreException: Couldn't get file lock.
2025-09-11 10:10:26,335 [ERROR] LogOutputStream:75 - [STDERR_REDIRECT] 
2025-09-11 10:10:56,331 [ERROR] LogOutputStream:75 - [STDERR_REDIRECT] Sep 11, 2025 10:10:56 AM java.util.prefs.FileSystemPreferences checkLockFile0ErrorCode
2025-09-11 10:10:56,332 [ERROR] LogOutputStream:75 - [STDERR_REDIRECT] WARNING: Could not lock System prefs. Unix error code 2.
2025-09-11 10:10:56,332 [ERROR] LogOutputStream:75 - [STDERR_REDIRECT] 
2025-09-11 10:10:56,334 [ERROR] LogOutputStream:75 - [STDERR_REDIRECT] Sep 11, 2025 10:10:56 AM java.util.prefs.FileSystemPreferences syncWorld
2025-09-11 10:10:56,335 [ERROR] LogOutputStream:75 - [STDERR_REDIRECT] WARNING: Couldn't flush system prefs: java.util.prefs.BackingStoreException: Couldn't get file lock.
2025-09-11 10:10:56,335 [ERROR] LogOutputStream:75 - [STDERR_REDIRECT] 
2025-09-11 10:11:26,332 [ERROR] LogOutputStream:75 - [STDERR_REDIRECT] Sep 11, 2025 10:11:26 AM java.util.prefs.FileSystemPreferences checkLockFile0ErrorCode
2025-09-11 10:11:26,332 [ERROR] LogOutputStream:75 - [STDERR_REDIRECT] WARNING: Could not lock System prefs. Unix error code 2.
2025-09-11 10:11:26,332 [ERROR] LogOutputStream:75 - [STDERR_REDIRECT] 
2025-09-11 10:11:26,333 [ERROR] LogOutputStream:75 - [STDERR_REDIRECT] Sep 11, 2025 10:11:26 AM java.util.prefs.FileSystemPreferences syncWorld
2025-09-11 10:11:26,334 [ERROR] LogOutputStream:75 - [STDERR_REDIRECT] WARNING: Couldn't flush system prefs: java.util.prefs.BackingStoreException: Couldn't get file lock.
2025-09-11 10:11:26,334 [ERROR] LogOutputStream:75 - [STDERR_REDIRECT] 
2025-09-11 10:11:56,332 [ERROR] LogOutputStream:75 - [STDERR_REDIRECT] Sep 11, 2025 10:11:56 AM java.util.prefs.FileSystemPreferences checkLockFile0ErrorCode
2025-09-11 10:11:56,333 [ERROR] LogOutputStream:75 - [STDERR_REDIRECT] WARNING: Could not lock System prefs. Unix error code 2.
2025-09-11 10:11:56,333 [ERROR] LogOutputStream:75 - [STDERR_REDIRECT] 
2025-09-11 10:11:56,334 [ERROR] LogOutputStream:75 - [STDERR_REDIRECT] Sep 11, 2025 10:11:56 AM java.util.prefs.FileSystemPreferences syncWorld
2025-09-11 10:11:56,335 [ERROR] LogOutputStream:75 - [STDERR_REDIRECT] WARNING: Couldn't flush system prefs: java.util.prefs.BackingStoreException: Couldn't get file lock.
2025-09-11 10:11:56,335 [ERROR] LogOutputStream:75 - [STDERR_REDIRECT] 
2025-09-11 10:12:26,331 [ERROR] LogOutputStream:75 - [STDERR_REDIRECT] Sep 11, 2025 10:12:26 AM java.util.prefs.FileSystemPreferences checkLockFile0ErrorCode
2025-09-11 10:12:26,332 [ERROR] LogOutputStream:75 - [STDERR_REDIRECT] WARNING: Could not lock System prefs. Unix error code 2.
2025-09-11 10:12:26,332 [ERROR] LogOutputStream:75 - [STDERR_REDIRECT] 
2025-09-11 10:12:26,333 [ERROR] LogOutputStream:75 - [STDERR_REDIRECT] Sep 11, 2025 10:12:26 AM java.util.prefs.FileSystemPreferences syncWorld
2025-09-11 10:12:26,334 [ERROR] LogOutputStream:75 - [STDERR_REDIRECT] WARNING: Couldn't flush system prefs: java.util.prefs.BackingStoreException: Couldn't get file lock.
2025-09-11 10:12:26,334 [ERROR] LogOutputStream:75 - [STDERR_REDIRECT] 
2025-09-11 10:12:56,332 [ERROR] LogOutputStream:75 - [STDERR_REDIRECT] Sep 11, 2025 10:12:56 AM java.util.prefs.FileSystemPreferences checkLockFile0ErrorCode
2025-09-11 10:12:56,332 [ERROR] LogOutputStream:75 - [STDERR_REDIRECT] WARNING: Could not lock System prefs. Unix error code 2.
2025-09-11 10:12:56,332 [ERROR] LogOutputStream:75 - [STDERR_REDIRECT] 
2025-09-11 10:12:56,333 [ERROR] LogOutputStream:75 - [STDERR_REDIRECT] Sep 11, 2025 10:12:56 AM java.util.prefs.FileSystemPreferences syncWorld
2025-09-11 10:12:56,334 [ERROR] LogOutputStream:75 - [STDERR_REDIRECT] WARNING: Couldn't flush system prefs: java.util.prefs.BackingStoreException: Couldn't get file lock.
2025-09-11 10:12:56,334 [ERROR] LogOutputStream:75 - [STDERR_REDIRECT] 
2025-09-11 10:13:26,332 [ERROR] LogOutputStream:75 - [STDERR_REDIRECT] Sep 11, 2025 10:13:26 AM java.util.prefs.FileSystemPreferences checkLockFile0ErrorCode
2025-09-11 10:13:26,333 [ERROR] LogOutputStream:75 - [STDERR_REDIRECT] WARNING: Could not lock System prefs. Unix error code 2.
2025-09-11 10:13:26,333 [ERROR] LogOutputStream:75 - [STDERR_REDIRECT] 
2025-09-11 10:13:26,334 [ERROR] LogOutputStream:75 - [STDERR_REDIRECT] Sep 11, 2025 10:13:26 AM java.util.prefs.FileSystemPreferences syncWorld
2025-09-11 10:13:26,335 [ERROR] LogOutputStream:75 - [STDERR_REDIRECT] WARNING: Couldn't flush system prefs: java.util.prefs.BackingStoreException: Couldn't get file lock.
2025-09-11 10:13:26,335 [ERROR] LogOutputStream:75 - [STDERR_REDIRECT] 
2025-09-11 10:13:56,332 [ERROR] LogOutputStream:75 - [STDERR_REDIRECT] Sep 11, 2025 10:13:56 AM java.util.prefs.FileSystemPreferences checkLockFile0ErrorCode
2025-09-11 10:13:56,333 [ERROR] LogOutputStream:75 - [STDERR_REDIRECT] WARNING: Could not lock System prefs. Unix error code 2.
2025-09-11 10:13:56,333 [ERROR] LogOutputStream:75 - [STDERR_REDIRECT] 
2025-09-11 10:13:56,334 [ERROR] LogOutputStream:75 - [STDERR_REDIRECT] Sep 11, 2025 10:13:56 AM java.util.prefs.FileSystemPreferences syncWorld
2025-09-11 10:13:56,335 [ERROR] LogOutputStream:75 - [STDERR_REDIRECT] WARNING: Couldn't flush system prefs: java.util.prefs.BackingStoreException: Couldn't get file lock.
2025-09-11 10:13:56,335 [ERROR] LogOutputStream:75 - [STDERR_REDIRECT] 
2025-09-11 10:14:26,332 [ERROR] LogOutputStream:75 - [STDERR_REDIRECT] Sep 11, 2025 10:14:26 AM java.util.prefs.FileSystemPreferences checkLockFile0ErrorCode
2025-09-11 10:14:26,333 [ERROR] LogOutputStream:75 - [STDERR_REDIRECT] WARNING: Could not lock System prefs. Unix error code 2.
2025-09-11 10:14:26,333 [ERROR] LogOutputStream:75 - [STDERR_REDIRECT] 
2025-09-11 10:14:26,334 [ERROR] LogOutputStream:75 - [STDERR_REDIRECT] Sep 11, 2025 10:14:26 AM java.util.prefs.FileSystemPreferences syncWorld
2025-09-11 10:14:26,335 [ERROR] LogOutputStream:75 - [STDERR_REDIRECT] WARNING: Couldn't flush system prefs: java.util.prefs.BackingStoreException: Couldn't get file lock.
2025-09-11 10:14:26,335 [ERROR] LogOutputStream:75 - [STDERR_REDIRECT] 
2025-09-11 10:14:56,332 [ERROR] LogOutputStream:75 - [STDERR_REDIRECT] Sep 11, 2025 10:14:56 AM java.util.prefs.FileSystemPreferences checkLockFile0ErrorCode
2025-09-11 10:14:56,333 [ERROR] LogOutputStream:75 - [STDERR_REDIRECT] WARNING: Could not lock System prefs. Unix error code 2.
2025-09-11 10:14:56,333 [ERROR] LogOutputStream:75 - [STDERR_REDIRECT] 
2025-09-11 10:14:56,334 [ERROR] LogOutputStream:75 - [STDERR_REDIRECT] Sep 11, 2025 10:14:56 AM java.util.prefs.FileSystemPreferences syncWorld
2025-09-11 10:14:56,335 [ERROR] LogOutputStream:75 - [STDERR_REDIRECT] WARNING: Couldn't flush system prefs: java.util.prefs.BackingStoreException: Couldn't get file lock.
2025-09-11 10:14:56,335 [ERROR] LogOutputStream:75 - [STDERR_REDIRECT] 
2025-09-11 10:15:26,334 [ERROR] LogOutputStream:75 - [STDERR_REDIRECT] Sep 11, 2025 10:15:26 AM java.util.prefs.FileSystemPreferences checkLockFile0ErrorCode
2025-09-11 10:15:26,335 [ERROR] LogOutputStream:75 - [STDERR_REDIRECT] WARNING: Could not lock System prefs. Unix error code 2.
2025-09-11 10:15:26,335 [ERROR] LogOutputStream:75 - [STDERR_REDIRECT] 
2025-09-11 10:15:26,336 [ERROR] LogOutputStream:75 - [STDERR_REDIRECT] Sep 11, 2025 10:15:26 AM java.util.prefs.FileSystemPreferences syncWorld
2025-09-11 10:15:26,337 [ERROR] LogOutputStream:75 - [STDERR_REDIRECT] WARNING: Couldn't flush system prefs: java.util.prefs.BackingStoreException: Couldn't get file lock.
2025-09-11 10:15:26,337 [ERROR] LogOutputStream:75 - [STDERR_REDIRECT] 
2025-09-11 10:15:56,334 [ERROR] LogOutputStream:75 - [STDERR_REDIRECT] Sep 11, 2025 10:15:56 AM java.util.prefs.FileSystemPreferences checkLockFile0ErrorCode
2025-09-11 10:15:56,335 [ERROR] LogOutputStream:75 - [STDERR_REDIRECT] WARNING: Could not lock System prefs. Unix error code 2.
2025-09-11 10:15:56,335 [ERROR] LogOutputStream:75 - [STDERR_REDIRECT] 
2025-09-11 10:15:56,336 [ERROR] LogOutputStream:75 - [STDERR_REDIRECT] Sep 11, 2025 10:15:56 AM java.util.prefs.FileSystemPreferences syncWorld
2025-09-11 10:15:56,336 [ERROR] LogOutputStream:75 - [STDERR_REDIRECT] WARNING: Couldn't flush system prefs: java.util.prefs.BackingStoreException: Couldn't get file lock.
2025-09-11 10:15:56,337 [ERROR] LogOutputStream:75 - [STDERR_REDIRECT] 
2025-09-11 10:16:26,333 [ERROR] LogOutputStream:75 - [STDERR_REDIRECT] Sep 11, 2025 10:16:26 AM java.util.prefs.FileSystemPreferences checkLockFile0ErrorCode
2025-09-11 10:16:26,333 [ERROR] LogOutputStream:75 - [STDERR_REDIRECT] WARNING: Could not lock System prefs. Unix error code 2.
2025-09-11 10:16:26,334 [ERROR] LogOutputStream:75 - [STDERR_REDIRECT] 
2025-09-11 10:16:26,334 [ERROR] LogOutputStream:75 - [STDERR_REDIRECT] Sep 11, 2025 10:16:26 AM java.util.prefs.FileSystemPreferences syncWorld
2025-09-11 10:16:26,335 [ERROR] LogOutputStream:75 - [STDERR_REDIRECT] WARNING: Couldn't flush system prefs: java.util.prefs.BackingStoreException: Couldn't get file lock.
2025-09-11 10:16:26,335 [ERROR] LogOutputStream:75 - [STDERR_REDIRECT] 
2025-09-11 10:16:56,334 [ERROR] LogOutputStream:75 - [STDERR_REDIRECT] Sep 11, 2025 10:16:56 AM java.util.prefs.FileSystemPreferences checkLockFile0ErrorCode
2025-09-11 10:16:56,334 [ERROR] LogOutputStream:75 - [STDERR_REDIRECT] WARNING: Could not lock System prefs. Unix error code 2.
2025-09-11 10:16:56,335 [ERROR] LogOutputStream:75 - [STDERR_REDIRECT] 
2025-09-11 10:16:56,336 [ERROR] LogOutputStream:75 - [STDERR_REDIRECT] Sep 11, 2025 10:16:56 AM java.util.prefs.FileSystemPreferences syncWorld
2025-09-11 10:16:56,337 [ERROR] LogOutputStream:75 - [STDERR_REDIRECT] WARNING: Couldn't flush system prefs: java.util.prefs.BackingStoreException: Couldn't get file lock.
2025-09-11 10:16:56,337 [ERROR] LogOutputStream:75 - [STDERR_REDIRECT] 
2025-09-11 10:17:26,333 [ERROR] LogOutputStream:75 - [STDERR_REDIRECT] Sep 11, 2025 10:17:26 AM java.util.prefs.FileSystemPreferences checkLockFile0ErrorCode
2025-09-11 10:17:26,334 [ERROR] LogOutputStream:75 - [STDERR_REDIRECT] WARNING: Could not lock System prefs. Unix error code 2.
2025-09-11 10:17:26,334 [ERROR] LogOutputStream:75 - [STDERR_REDIRECT] 
2025-09-11 10:17:26,335 [ERROR] LogOutputStream:75 - [STDERR_REDIRECT] Sep 11, 2025 10:17:26 AM java.util.prefs.FileSystemPreferences syncWorld
2025-09-11 10:17:26,336 [ERROR] LogOutputStream:75 - [STDERR_REDIRECT] WARNING: Couldn't flush system prefs: java.util.prefs.BackingStoreException: Couldn't get file lock.
2025-09-11 10:17:26,336 [ERROR] LogOutputStream:75 - [STDERR_REDIRECT] 
2025-09-11 10:17:56,333 [ERROR] LogOutputStream:75 - [STDERR_REDIRECT] Sep 11, 2025 10:17:56 AM java.util.prefs.FileSystemPreferences checkLockFile0ErrorCode
2025-09-11 10:17:56,334 [ERROR] LogOutputStream:75 - [STDERR_REDIRECT] WARNING: Could not lock System prefs. Unix error code 2.
2025-09-11 10:17:56,334 [ERROR] LogOutputStream:75 - [STDERR_REDIRECT] 
2025-09-11 10:17:56,335 [ERROR] LogOutputStream:75 - [STDERR_REDIRECT] Sep 11, 2025 10:17:56 AM java.util.prefs.FileSystemPreferences syncWorld
2025-09-11 10:17:56,336 [ERROR] LogOutputStream:75 - [STDERR_REDIRECT] WARNING: Couldn't flush system prefs: java.util.prefs.BackingStoreException: Couldn't get file lock.
2025-09-11 10:17:56,336 [ERROR] LogOutputStream:75 - [STDERR_REDIRECT] 
2025-09-11 10:18:26,333 [ERROR] LogOutputStream:75 - [STDERR_REDIRECT] Sep 11, 2025 10:18:26 AM java.util.prefs.FileSystemPreferences checkLockFile0ErrorCode
2025-09-11 10:18:26,333 [ERROR] LogOutputStream:75 - [STDERR_REDIRECT] WARNING: Could not lock System prefs. Unix error code 2.
2025-09-11 10:18:26,334 [ERROR] LogOutputStream:75 - [STDERR_REDIRECT] 
2025-09-11 10:18:26,335 [ERROR] LogOutputStream:75 - [STDERR_REDIRECT] Sep 11, 2025 10:18:26 AM java.util.prefs.FileSystemPreferences syncWorld
2025-09-11 10:18:26,336 [ERROR] LogOutputStream:75 - [STDERR_REDIRECT] WARNING: Couldn't flush system prefs: java.util.prefs.BackingStoreException: Couldn't get file lock.
2025-09-11 10:18:26,336 [ERROR] LogOutputStream:75 - [STDERR_REDIRECT] 
2025-09-11 10:18:56,333 [ERROR] LogOutputStream:75 - [STDERR_REDIRECT] Sep 11, 2025 10:18:56 AM java.util.prefs.FileSystemPreferences checkLockFile0ErrorCode
2025-09-11 10:18:56,339 [ERROR] LogOutputStream:75 - [STDERR_REDIRECT] WARNING: Could not lock System prefs. Unix error code 2.
2025-09-11 10:18:56,340 [ERROR] LogOutputStream:75 - [STDERR_REDIRECT] 
2025-09-11 10:18:56,342 [ERROR] LogOutputStream:75 - [STDERR_REDIRECT] Sep 11, 2025 10:18:56 AM java.util.prefs.FileSystemPreferences syncWorld
2025-09-11 10:18:56,343 [ERROR] LogOutputStream:75 - [STDERR_REDIRECT] WARNING: Couldn't flush system prefs: java.util.prefs.BackingStoreException: Couldn't get file lock.
2025-09-11 10:18:56,344 [ERROR] LogOutputStream:75 - [STDERR_REDIRECT] 
2025-09-11 10:19:26,334 [ERROR] LogOutputStream:75 - [STDERR_REDIRECT] Sep 11, 2025 10:19:26 AM java.util.prefs.FileSystemPreferences checkLockFile0ErrorCode
2025-09-11 10:19:26,335 [ERROR] LogOutputStream:75 - [STDERR_REDIRECT] WARNING: Could not lock System prefs. Unix error code 2.
2025-09-11 10:19:26,335 [ERROR] LogOutputStream:75 - [STDERR_REDIRECT] 
2025-09-11 10:19:26,336 [ERROR] LogOutputStream:75 - [STDERR_REDIRECT] Sep 11, 2025 10:19:26 AM java.util.prefs.FileSystemPreferences syncWorld
2025-09-11 10:19:26,337 [ERROR] LogOutputStream:75 - [STDERR_REDIRECT] WARNING: Couldn't flush system prefs: java.util.prefs.BackingStoreException: Couldn't get file lock.
2025-09-11 10:19:26,337 [ERROR] LogOutputStream:75 - [STDERR_REDIRECT] 
2025-09-11 10:19:56,333 [ERROR] LogOutputStream:75 - [STDERR_REDIRECT] Sep 11, 2025 10:19:56 AM java.util.prefs.FileSystemPreferences checkLockFile0ErrorCode
2025-09-11 10:19:56,334 [ERROR] LogOutputStream:75 - [STDERR_REDIRECT] WARNING: Could not lock System prefs. Unix error code 2.
2025-09-11 10:19:56,334 [ERROR] LogOutputStream:75 - [STDERR_REDIRECT] 
2025-09-11 10:19:56,335 [ERROR] LogOutputStream:75 - [STDERR_REDIRECT] Sep 11, 2025 10:19:56 AM java.util.prefs.FileSystemPreferences syncWorld
2025-09-11 10:19:56,336 [ERROR] LogOutputStream:75 - [STDERR_REDIRECT] WARNING: Couldn't flush system prefs: java.util.prefs.BackingStoreException: Couldn't get file lock.
2025-09-11 10:19:56,336 [ERROR] LogOutputStream:75 - [STDERR_REDIRECT] 
2025-09-11 10:20:26,334 [ERROR] LogOutputStream:75 - [STDERR_REDIRECT] Sep 11, 2025 10:20:26 AM java.util.prefs.FileSystemPreferences checkLockFile0ErrorCode
2025-09-11 10:20:26,334 [ERROR] LogOutputStream:75 - [STDERR_REDIRECT] WARNING: Could not lock System prefs. Unix error code 2.
2025-09-11 10:20:26,335 [ERROR] LogOutputStream:75 - [STDERR_REDIRECT] 
2025-09-11 10:20:26,335 [ERROR] LogOutputStream:75 - [STDERR_REDIRECT] Sep 11, 2025 10:20:26 AM java.util.prefs.FileSystemPreferences syncWorld
2025-09-11 10:20:26,336 [ERROR] LogOutputStream:75 - [STDERR_REDIRECT] WARNING: Couldn't flush system prefs: java.util.prefs.BackingStoreException: Couldn't get file lock.
2025-09-11 10:20:26,336 [ERROR] LogOutputStream:75 - [STDERR_REDIRECT] 
2025-09-11 10:20:56,333 [ERROR] LogOutputStream:75 - [STDERR_REDIRECT] Sep 11, 2025 10:20:56 AM java.util.prefs.FileSystemPreferences checkLockFile0ErrorCode
2025-09-11 10:20:56,334 [ERROR] LogOutputStream:75 - [STDERR_REDIRECT] WARNING: Could not lock System prefs. Unix error code 2.
2025-09-11 10:20:56,334 [ERROR] LogOutputStream:75 - [STDERR_REDIRECT] 
2025-09-11 10:20:56,335 [ERROR] LogOutputStream:75 - [STDERR_REDIRECT] Sep 11, 2025 10:20:56 AM java.util.prefs.FileSystemPreferences syncWorld
2025-09-11 10:20:56,336 [ERROR] LogOutputStream:75 - [STDERR_REDIRECT] WARNING: Couldn't flush system prefs: java.util.prefs.BackingStoreException: Couldn't get file lock.
2025-09-11 10:20:56,336 [ERROR] LogOutputStream:75 - [STDERR_REDIRECT] 
2025-09-11 10:21:26,333 [ERROR] LogOutputStream:75 - [STDERR_REDIRECT] Sep 11, 2025 10:21:26 AM java.util.prefs.FileSystemPreferences checkLockFile0ErrorCode
2025-09-11 10:21:26,334 [ERROR] LogOutputStream:75 - [STDERR_REDIRECT] WARNING: Could not lock System prefs. Unix error code 2.
2025-09-11 10:21:26,334 [ERROR] LogOutputStream:75 - [STDERR_REDIRECT] 
2025-09-11 10:21:26,335 [ERROR] LogOutputStream:75 - [STDERR_REDIRECT] Sep 11, 2025 10:21:26 AM java.util.prefs.FileSystemPreferences syncWorld
2025-09-11 10:21:26,335 [ERROR] LogOutputStream:75 - [STDERR_REDIRECT] WARNING: Couldn't flush system prefs: java.util.prefs.BackingStoreException: Couldn't get file lock.
2025-09-11 10:21:26,336 [ERROR] LogOutputStream:75 - [STDERR_REDIRECT] 
2025-09-11 10:21:56,333 [ERROR] LogOutputStream:75 - [STDERR_REDIRECT] Sep 11, 2025 10:21:56 AM java.util.prefs.FileSystemPreferences checkLockFile0ErrorCode
2025-09-11 10:21:56,334 [ERROR] LogOutputStream:75 - [STDERR_REDIRECT] WARNING: Could not lock System prefs. Unix error code 2.
2025-09-11 10:21:56,334 [ERROR] LogOutputStream:75 - [STDERR_REDIRECT] 
2025-09-11 10:21:56,335 [ERROR] LogOutputStream:75 - [STDERR_REDIRECT] Sep 11, 2025 10:21:56 AM java.util.prefs.FileSystemPreferences syncWorld
2025-09-11 10:21:56,336 [ERROR] LogOutputStream:75 - [STDERR_REDIRECT] WARNING: Couldn't flush system prefs: java.util.prefs.BackingStoreException: Couldn't get file lock.
2025-09-11 10:21:56,336 [ERROR] LogOutputStream:75 - [STDERR_REDIRECT] 
2025-09-11 10:22:26,333 [ERROR] LogOutputStream:75 - [STDERR_REDIRECT] Sep 11, 2025 10:22:26 AM java.util.prefs.FileSystemPreferences checkLockFile0ErrorCode
2025-09-11 10:22:26,334 [ERROR] LogOutputStream:75 - [STDERR_REDIRECT] WARNING: Could not lock System prefs. Unix error code 2.
2025-09-11 10:22:26,334 [ERROR] LogOutputStream:75 - [STDERR_REDIRECT] 
2025-09-11 10:22:26,335 [ERROR] LogOutputStream:75 - [STDERR_REDIRECT] Sep 11, 2025 10:22:26 AM java.util.prefs.FileSystemPreferences syncWorld
2025-09-11 10:22:26,336 [ERROR] LogOutputStream:75 - [STDERR_REDIRECT] WARNING: Couldn't flush system prefs: java.util.prefs.BackingStoreException: Couldn't get file lock.
2025-09-11 10:22:26,336 [ERROR] LogOutputStream:75 - [STDERR_REDIRECT] 
2025-09-11 11:11:20,320 [ERROR] LogOutputStream:75 - [STDERR_REDIRECT] Sep 11, 2025 11:11:20 AM java.util.prefs.FileSystemPreferences checkLockFile0ErrorCode
2025-09-11 11:11:20,321 [ERROR] LogOutputStream:75 - [STDERR_REDIRECT] WARNING: Could not lock System prefs. Unix error code 2.
2025-09-11 11:11:20,321 [ERROR] LogOutputStream:75 - [STDERR_REDIRECT] 
2025-09-11 11:11:20,321 [ERROR] LogOutputStream:75 - [STDERR_REDIRECT] Sep 11, 2025 11:11:20 AM java.util.prefs.FileSystemPreferences syncWorld
2025-09-11 11:11:20,322 [ERROR] LogOutputStream:75 - [STDERR_REDIRECT] WARNING: Couldn't flush system prefs: java.util.prefs.BackingStoreException: Couldn't get file lock.
2025-09-11 11:11:20,322 [ERROR] LogOutputStream:75 - [STDERR_REDIRECT] 
2025-09-11 11:11:50,322 [ERROR] LogOutputStream:75 - [STDERR_REDIRECT] Sep 11, 2025 11:11:50 AM java.util.prefs.FileSystemPreferences checkLockFile0ErrorCode
2025-09-11 11:11:50,323 [ERROR] LogOutputStream:75 - [STDERR_REDIRECT] WARNING: Could not lock System prefs. Unix error code 2.
2025-09-11 11:11:50,323 [ERROR] LogOutputStream:75 - [STDERR_REDIRECT] 
2025-09-11 11:11:50,324 [ERROR] LogOutputStream:75 - [STDERR_REDIRECT] Sep 11, 2025 11:11:50 AM java.util.prefs.FileSystemPreferences syncWorld
2025-09-11 11:11:50,324 [ERROR] LogOutputStream:75 - [STDERR_REDIRECT] WARNING: Couldn't flush system prefs: java.util.prefs.BackingStoreException: Couldn't get file lock.
2025-09-11 11:11:50,325 [ERROR] LogOutputStream:75 - [STDERR_REDIRECT] 
2025-09-11 11:12:20,321 [ERROR] LogOutputStream:75 - [STDERR_REDIRECT] Sep 11, 2025 11:12:20 AM java.util.prefs.FileSystemPreferences checkLockFile0ErrorCode
2025-09-11 11:12:20,322 [ERROR] LogOutputStream:75 - [STDERR_REDIRECT] WARNING: Could not lock System prefs. Unix error code 2.
2025-09-11 11:12:20,323 [ERROR] LogOutputStream:75 - [STDERR_REDIRECT] 
2025-09-11 11:12:20,323 [ERROR] LogOutputStream:75 - [STDERR_REDIRECT] Sep 11, 2025 11:12:20 AM java.util.prefs.FileSystemPreferences syncWorld
2025-09-11 11:12:20,325 [ERROR] LogOutputStream:75 - [STDERR_REDIRECT] WARNING: Couldn't flush system prefs: java.util.prefs.BackingStoreException: Couldn't get file lock.
2025-09-11 11:12:20,325 [ERROR] LogOutputStream:75 - [STDERR_REDIRECT] 
2025-09-11 11:12:50,321 [ERROR] LogOutputStream:75 - [STDERR_REDIRECT] Sep 11, 2025 11:12:50 AM java.util.prefs.FileSystemPreferences checkLockFile0ErrorCode
2025-09-11 11:12:50,321 [ERROR] LogOutputStream:75 - [STDERR_REDIRECT] WARNING: Could not lock System prefs. Unix error code 2.
2025-09-11 11:12:50,322 [ERROR] LogOutputStream:75 - [STDERR_REDIRECT] 
2025-09-11 11:12:50,322 [ERROR] LogOutputStream:75 - [STDERR_REDIRECT] Sep 11, 2025 11:12:50 AM java.util.prefs.FileSystemPreferences syncWorld
2025-09-11 11:12:50,323 [ERROR] LogOutputStream:75 - [STDERR_REDIRECT] WARNING: Couldn't flush system prefs: java.util.prefs.BackingStoreException: Couldn't get file lock.
2025-09-11 11:12:50,323 [ERROR] LogOutputStream:75 - [STDERR_REDIRECT] 
2025-09-11 11:13:20,321 [ERROR] LogOutputStream:75 - [STDERR_REDIRECT] Sep 11, 2025 11:13:20 AM java.util.prefs.FileSystemPreferences checkLockFile0ErrorCode
2025-09-11 11:13:20,322 [ERROR] LogOutputStream:75 - [STDERR_REDIRECT] WARNING: Could not lock System prefs. Unix error code 2.
2025-09-11 11:13:20,322 [ERROR] LogOutputStream:75 - [STDERR_REDIRECT] 
2025-09-11 11:13:20,323 [ERROR] LogOutputStream:75 - [STDERR_REDIRECT] Sep 11, 2025 11:13:20 AM java.util.prefs.FileSystemPreferences syncWorld
2025-09-11 11:13:20,323 [ERROR] LogOutputStream:75 - [STDERR_REDIRECT] WARNING: Couldn't flush system prefs: java.util.prefs.BackingStoreException: Couldn't get file lock.
2025-09-11 11:13:20,324 [ERROR] LogOutputStream:75 - [STDERR_REDIRECT] 
2025-09-11 11:13:50,321 [ERROR] LogOutputStream:75 - [STDERR_REDIRECT] Sep 11, 2025 11:13:50 AM java.util.prefs.FileSystemPreferences checkLockFile0ErrorCode
2025-09-11 11:13:50,322 [ERROR] LogOutputStream:75 - [STDERR_REDIRECT] WARNING: Could not lock System prefs. Unix error code 2.
2025-09-11 11:13:50,322 [ERROR] LogOutputStream:75 - [STDERR_REDIRECT] 
2025-09-11 11:13:50,323 [ERROR] LogOutputStream:75 - [STDERR_REDIRECT] Sep 11, 2025 11:13:50 AM java.util.prefs.FileSystemPreferences syncWorld
2025-09-11 11:13:50,324 [ERROR] LogOutputStream:75 - [STDERR_REDIRECT] WARNING: Couldn't flush system prefs: java.util.prefs.BackingStoreException: Couldn't get file lock.
2025-09-11 11:13:50,324 [ERROR] LogOutputStream:75 - [STDERR_REDIRECT] 
2025-09-11 11:14:20,322 [ERROR] LogOutputStream:75 - [STDERR_REDIRECT] Sep 11, 2025 11:14:20 AM java.util.prefs.FileSystemPreferences checkLockFile0ErrorCode
2025-09-11 11:14:20,323 [ERROR] LogOutputStream:75 - [STDERR_REDIRECT] WARNING: Could not lock System prefs. Unix error code 2.
2025-09-11 11:14:20,323 [ERROR] LogOutputStream:75 - [STDERR_REDIRECT] 
2025-09-11 11:14:20,324 [ERROR] LogOutputStream:75 - [STDERR_REDIRECT] Sep 11, 2025 11:14:20 AM java.util.prefs.FileSystemPreferences syncWorld
2025-09-11 11:14:20,326 [ERROR] LogOutputStream:75 - [STDERR_REDIRECT] WARNING: Couldn't flush system prefs: java.util.prefs.BackingStoreException: Couldn't get file lock.
2025-09-11 11:14:20,326 [ERROR] LogOutputStream:75 - [STDERR_REDIRECT] 
2025-09-11 11:14:50,321 [ERROR] LogOutputStream:75 - [STDERR_REDIRECT] Sep 11, 2025 11:14:50 AM java.util.prefs.FileSystemPreferences checkLockFile0ErrorCode
2025-09-11 11:14:50,322 [ERROR] LogOutputStream:75 - [STDERR_REDIRECT] WARNING: Could not lock System prefs. Unix error code 2.
2025-09-11 11:14:50,322 [ERROR] LogOutputStream:75 - [STDERR_REDIRECT] 
2025-09-11 11:14:50,323 [ERROR] LogOutputStream:75 - [STDERR_REDIRECT] Sep 11, 2025 11:14:50 AM java.util.prefs.FileSystemPreferences syncWorld
2025-09-11 11:14:50,324 [ERROR] LogOutputStream:75 - [STDERR_REDIRECT] WARNING: Couldn't flush system prefs: java.util.prefs.BackingStoreException: Couldn't get file lock.
2025-09-11 11:14:50,324 [ERROR] LogOutputStream:75 - [STDERR_REDIRECT] 
2025-09-11 11:15:20,321 [ERROR] LogOutputStream:75 - [STDERR_REDIRECT] Sep 11, 2025 11:15:20 AM java.util.prefs.FileSystemPreferences checkLockFile0ErrorCode
2025-09-11 11:15:20,322 [ERROR] LogOutputStream:75 - [STDERR_REDIRECT] WARNING: Could not lock System prefs. Unix error code 2.
2025-09-11 11:15:20,322 [ERROR] LogOutputStream:75 - [STDERR_REDIRECT] 
2025-09-11 11:15:20,322 [ERROR] LogOutputStream:75 - [STDERR_REDIRECT] Sep 11, 2025 11:15:20 AM java.util.prefs.FileSystemPreferences syncWorld
2025-09-11 11:15:20,323 [ERROR] LogOutputStream:75 - [STDERR_REDIRECT] WARNING: Couldn't flush system prefs: java.util.prefs.BackingStoreException: Couldn't get file lock.
2025-09-11 11:15:20,323 [ERROR] LogOutputStream:75 - [STDERR_REDIRECT] 
2025-09-11 11:15:50,322 [ERROR] LogOutputStream:75 - [STDERR_REDIRECT] Sep 11, 2025 11:15:50 AM java.util.prefs.FileSystemPreferences checkLockFile0ErrorCode
2025-09-11 11:15:50,322 [ERROR] LogOutputStream:75 - [STDERR_REDIRECT] WARNING: Could not lock System prefs. Unix error code 2.
2025-09-11 11:15:50,322 [ERROR] LogOutputStream:75 - [STDERR_REDIRECT] 
2025-09-11 11:15:50,323 [ERROR] LogOutputStream:75 - [STDERR_REDIRECT] Sep 11, 2025 11:15:50 AM java.util.prefs.FileSystemPreferences syncWorld
2025-09-11 11:15:50,324 [ERROR] LogOutputStream:75 - [STDERR_REDIRECT] WARNING: Couldn't flush system prefs: java.util.prefs.BackingStoreException: Couldn't get file lock.
2025-09-11 11:15:50,324 [ERROR] LogOutputStream:75 - [STDERR_REDIRECT] 
2025-09-11 11:16:20,322 [ERROR] LogOutputStream:75 - [STDERR_REDIRECT] Sep 11, 2025 11:16:20 AM java.util.prefs.FileSystemPreferences checkLockFile0ErrorCode
2025-09-11 11:16:20,322 [ERROR] LogOutputStream:75 - [STDERR_REDIRECT] WARNING: Could not lock System prefs. Unix error code 2.
2025-09-11 11:16:20,322 [ERROR] LogOutputStream:75 - [STDERR_REDIRECT] 
2025-09-11 11:16:20,323 [ERROR] LogOutputStream:75 - [STDERR_REDIRECT] Sep 11, 2025 11:16:20 AM java.util.prefs.FileSystemPreferences syncWorld
2025-09-11 11:16:20,324 [ERROR] LogOutputStream:75 - [STDERR_REDIRECT] WARNING: Couldn't flush system prefs: java.util.prefs.BackingStoreException: Couldn't get file lock.
2025-09-11 11:16:20,324 [ERROR] LogOutputStream:75 - [STDERR_REDIRECT] 
2025-09-11 11:16:50,323 [ERROR] LogOutputStream:75 - [STDERR_REDIRECT] Sep 11, 2025 11:16:50 AM java.util.prefs.FileSystemPreferences checkLockFile0ErrorCode
2025-09-11 11:16:50,323 [ERROR] LogOutputStream:75 - [STDERR_REDIRECT] WARNING: Could not lock System prefs. Unix error code 2.
2025-09-11 11:16:50,323 [ERROR] LogOutputStream:75 - [STDERR_REDIRECT] 
2025-09-11 11:16:50,324 [ERROR] LogOutputStream:75 - [STDERR_REDIRECT] Sep 11, 2025 11:16:50 AM java.util.prefs.FileSystemPreferences syncWorld
2025-09-11 11:16:50,325 [ERROR] LogOutputStream:75 - [STDERR_REDIRECT] WARNING: Couldn't flush system prefs: java.util.prefs.BackingStoreException: Couldn't get file lock.
2025-09-11 11:16:50,325 [ERROR] LogOutputStream:75 - [STDERR_REDIRECT] 
2025-09-11 11:17:20,322 [ERROR] LogOutputStream:75 - [STDERR_REDIRECT] Sep 11, 2025 11:17:20 AM java.util.prefs.FileSystemPreferences checkLockFile0ErrorCode
2025-09-11 11:17:20,323 [ERROR] LogOutputStream:75 - [STDERR_REDIRECT] WARNING: Could not lock System prefs. Unix error code 2.
2025-09-11 11:17:20,323 [ERROR] LogOutputStream:75 - [STDERR_REDIRECT] 
2025-09-11 11:17:20,324 [ERROR] LogOutputStream:75 - [STDERR_REDIRECT] Sep 11, 2025 11:17:20 AM java.util.prefs.FileSystemPreferences syncWorld
2025-09-11 11:17:20,325 [ERROR] LogOutputStream:75 - [STDERR_REDIRECT] WARNING: Couldn't flush system prefs: java.util.prefs.BackingStoreException: Couldn't get file lock.
2025-09-11 11:17:20,325 [ERROR] LogOutputStream:75 - [STDERR_REDIRECT] 
2025-09-11 11:17:50,322 [ERROR] LogOutputStream:75 - [STDERR_REDIRECT] Sep 11, 2025 11:17:50 AM java.util.prefs.FileSystemPreferences checkLockFile0ErrorCode
2025-09-11 11:17:50,322 [ERROR] LogOutputStream:75 - [STDERR_REDIRECT] WARNING: Could not lock System prefs. Unix error code 2.
2025-09-11 11:17:50,322 [ERROR] LogOutputStream:75 - [STDERR_REDIRECT] 
2025-09-11 11:17:50,323 [ERROR] LogOutputStream:75 - [STDERR_REDIRECT] Sep 11, 2025 11:17:50 AM java.util.prefs.FileSystemPreferences syncWorld
2025-09-11 11:17:50,324 [ERROR] LogOutputStream:75 - [STDERR_REDIRECT] WARNING: Couldn't flush system prefs: java.util.prefs.BackingStoreException: Couldn't get file lock.
2025-09-11 11:17:50,324 [ERROR] LogOutputStream:75 - [STDERR_REDIRECT] 
2025-09-11 11:18:20,322 [ERROR] LogOutputStream:75 - [STDERR_REDIRECT] Sep 11, 2025 11:18:20 AM java.util.prefs.FileSystemPreferences checkLockFile0ErrorCode
2025-09-11 11:18:20,323 [ERROR] LogOutputStream:75 - [STDERR_REDIRECT] WARNING: Could not lock System prefs. Unix error code 2.
2025-09-11 11:18:20,323 [ERROR] LogOutputStream:75 - [STDERR_REDIRECT] 
2025-09-11 11:18:20,324 [ERROR] LogOutputStream:75 - [STDERR_REDIRECT] Sep 11, 2025 11:18:20 AM java.util.prefs.FileSystemPreferences syncWorld
2025-09-11 11:18:20,325 [ERROR] LogOutputStream:75 - [STDERR_REDIRECT] WARNING: Couldn't flush system prefs: java.util.prefs.BackingStoreException: Couldn't get file lock.
2025-09-11 11:18:20,325 [ERROR] LogOutputStream:75 - [STDERR_REDIRECT] 
2025-09-11 11:18:50,324 [ERROR] LogOutputStream:75 - [STDERR_REDIRECT] Sep 11, 2025 11:18:50 AM java.util.prefs.FileSystemPreferences checkLockFile0ErrorCode
2025-09-11 11:18:50,324 [ERROR] LogOutputStream:75 - [STDERR_REDIRECT] WARNING: Could not lock System prefs. Unix error code 2.
2025-09-11 11:18:50,324 [ERROR] LogOutputStream:75 - [STDERR_REDIRECT] 
2025-09-11 11:18:50,325 [ERROR] LogOutputStream:75 - [STDERR_REDIRECT] Sep 11, 2025 11:18:50 AM java.util.prefs.FileSystemPreferences syncWorld
2025-09-11 11:18:50,326 [ERROR] LogOutputStream:75 - [STDERR_REDIRECT] WARNING: Couldn't flush system prefs: java.util.prefs.BackingStoreException: Couldn't get file lock.
2025-09-11 11:18:50,326 [ERROR] LogOutputStream:75 - [STDERR_REDIRECT] 
2025-09-11 11:19:20,328 [ERROR] LogOutputStream:75 - [STDERR_REDIRECT] Sep 11, 2025 11:19:20 AM java.util.prefs.FileSystemPreferences checkLockFile0ErrorCode
2025-09-11 11:19:20,328 [ERROR] LogOutputStream:75 - [STDERR_REDIRECT] WARNING: Could not lock System prefs. Unix error code 2.
2025-09-11 11:19:20,328 [ERROR] LogOutputStream:75 - [STDERR_REDIRECT] 
2025-09-11 11:19:20,329 [ERROR] LogOutputStream:75 - [STDERR_REDIRECT] Sep 11, 2025 11:19:20 AM java.util.prefs.FileSystemPreferences syncWorld
2025-09-11 11:19:20,330 [ERROR] LogOutputStream:75 - [STDERR_REDIRECT] WARNING: Couldn't flush system prefs: java.util.prefs.BackingStoreException: Couldn't get file lock.
2025-09-11 11:19:20,330 [ERROR] LogOutputStream:75 - [STDERR_REDIRECT] 
2025-09-11 11:19:50,324 [ERROR] LogOutputStream:75 - [STDERR_REDIRECT] Sep 11, 2025 11:19:50 AM java.util.prefs.FileSystemPreferences checkLockFile0ErrorCode
2025-09-11 11:19:50,324 [ERROR] LogOutputStream:75 - [STDERR_REDIRECT] WARNING: Could not lock System prefs. Unix error code 2.
2025-09-11 11:19:50,325 [ERROR] LogOutputStream:75 - [STDERR_REDIRECT] 
2025-09-11 11:19:50,325 [ERROR] LogOutputStream:75 - [STDERR_REDIRECT] Sep 11, 2025 11:19:50 AM java.util.prefs.FileSystemPreferences syncWorld
2025-09-11 11:19:50,326 [ERROR] LogOutputStream:75 - [STDERR_REDIRECT] WARNING: Couldn't flush system prefs: java.util.prefs.BackingStoreException: Couldn't get file lock.
2025-09-11 11:19:50,326 [ERROR] LogOutputStream:75 - [STDERR_REDIRECT] 
2025-09-11 11:20:20,324 [ERROR] LogOutputStream:75 - [STDERR_REDIRECT] Sep 11, 2025 11:20:20 AM java.util.prefs.FileSystemPreferences checkLockFile0ErrorCode
2025-09-11 11:20:20,325 [ERROR] LogOutputStream:75 - [STDERR_REDIRECT] WARNING: Could not lock System prefs. Unix error code 2.
2025-09-11 11:20:20,325 [ERROR] LogOutputStream:75 - [STDERR_REDIRECT] 
2025-09-11 11:20:20,326 [ERROR] LogOutputStream:75 - [STDERR_REDIRECT] Sep 11, 2025 11:20:20 AM java.util.prefs.FileSystemPreferences syncWorld
2025-09-11 11:20:20,327 [ERROR] LogOutputStream:75 - [STDERR_REDIRECT] WARNING: Couldn't flush system prefs: java.util.prefs.BackingStoreException: Couldn't get file lock.
2025-09-11 11:20:20,327 [ERROR] LogOutputStream:75 - [STDERR_REDIRECT] 
2025-09-11 11:20:50,326 [ERROR] LogOutputStream:75 - [STDERR_REDIRECT] Sep 11, 2025 11:20:50 AM java.util.prefs.FileSystemPreferences checkLockFile0ErrorCode
2025-09-11 11:20:50,327 [ERROR] LogOutputStream:75 - [STDERR_REDIRECT] WARNING: Could not lock System prefs. Unix error code 2.
2025-09-11 11:20:50,327 [ERROR] LogOutputStream:75 - [STDERR_REDIRECT] 
2025-09-11 11:20:50,327 [ERROR] LogOutputStream:75 - [STDERR_REDIRECT] Sep 11, 2025 11:20:50 AM java.util.prefs.FileSystemPreferences syncWorld
2025-09-11 11:20:50,328 [ERROR] LogOutputStream:75 - [STDERR_REDIRECT] WARNING: Couldn't flush system prefs: java.util.prefs.BackingStoreException: Couldn't get file lock.
2025-09-11 11:20:50,328 [ERROR] LogOutputStream:75 - [STDERR_REDIRECT] 
2025-09-11 11:21:20,326 [ERROR] LogOutputStream:75 - [STDERR_REDIRECT] Sep 11, 2025 11:21:20 AM java.util.prefs.FileSystemPreferences checkLockFile0ErrorCode
2025-09-11 11:21:20,326 [ERROR] LogOutputStream:75 - [STDERR_REDIRECT] WARNING: Could not lock System prefs. Unix error code 2.
2025-09-11 11:21:20,326 [ERROR] LogOutputStream:75 - [STDERR_REDIRECT] 
2025-09-11 11:21:20,327 [ERROR] LogOutputStream:75 - [STDERR_REDIRECT] Sep 11, 2025 11:21:20 AM java.util.prefs.FileSystemPreferences syncWorld
2025-09-11 11:21:20,328 [ERROR] LogOutputStream:75 - [STDERR_REDIRECT] WARNING: Couldn't flush system prefs: java.util.prefs.BackingStoreException: Couldn't get file lock.
2025-09-11 11:21:20,328 [ERROR] LogOutputStream:75 - [STDERR_REDIRECT] 
2025-09-11 11:21:50,326 [ERROR] LogOutputStream:75 - [STDERR_REDIRECT] Sep 11, 2025 11:21:50 AM java.util.prefs.FileSystemPreferences checkLockFile0ErrorCode
2025-09-11 11:21:50,327 [ERROR] LogOutputStream:75 - [STDERR_REDIRECT] WARNING: Could not lock System prefs. Unix error code 2.
2025-09-11 11:21:50,327 [ERROR] LogOutputStream:75 - [STDERR_REDIRECT] 
2025-09-11 11:21:50,328 [ERROR] LogOutputStream:75 - [STDERR_REDIRECT] Sep 11, 2025 11:21:50 AM java.util.prefs.FileSystemPreferences syncWorld
2025-09-11 11:21:50,329 [ERROR] LogOutputStream:75 - [STDERR_REDIRECT] WARNING: Couldn't flush system prefs: java.util.prefs.BackingStoreException: Couldn't get file lock.
2025-09-11 11:21:50,329 [ERROR] LogOutputStream:75 - [STDERR_REDIRECT] 
2025-09-11 11:22:20,327 [ERROR] LogOutputStream:75 - [STDERR_REDIRECT] Sep 11, 2025 11:22:20 AM java.util.prefs.FileSystemPreferences checkLockFile0ErrorCode
2025-09-11 11:22:20,329 [ERROR] LogOutputStream:75 - [STDERR_REDIRECT] WARNING: Could not lock System prefs. Unix error code 2.
2025-09-11 11:22:20,329 [ERROR] LogOutputStream:75 - [STDERR_REDIRECT] 
2025-09-11 11:22:20,330 [ERROR] LogOutputStream:75 - [STDERR_REDIRECT] Sep 11, 2025 11:22:20 AM java.util.prefs.FileSystemPreferences syncWorld
2025-09-11 11:22:20,331 [ERROR] LogOutputStream:75 - [STDERR_REDIRECT] WARNING: Couldn't flush system prefs: java.util.prefs.BackingStoreException: Couldn't get file lock.
2025-09-11 11:22:20,331 [ERROR] LogOutputStream:75 - [STDERR_REDIRECT] 
2025-09-11 11:22:50,326 [ERROR] LogOutputStream:75 - [STDERR_REDIRECT] Sep 11, 2025 11:22:50 AM java.util.prefs.FileSystemPreferences checkLockFile0ErrorCode
2025-09-11 11:22:50,326 [ERROR] LogOutputStream:75 - [STDERR_REDIRECT] WARNING: Could not lock System prefs. Unix error code 2.
2025-09-11 11:22:50,327 [ERROR] LogOutputStream:75 - [STDERR_REDIRECT] 
2025-09-11 11:22:50,327 [ERROR] LogOutputStream:75 - [STDERR_REDIRECT] Sep 11, 2025 11:22:50 AM java.util.prefs.FileSystemPreferences syncWorld
2025-09-11 11:22:50,328 [ERROR] LogOutputStream:75 - [STDERR_REDIRECT] WARNING: Couldn't flush system prefs: java.util.prefs.BackingStoreException: Couldn't get file lock.
2025-09-11 11:22:50,328 [ERROR] LogOutputStream:75 - [STDERR_REDIRECT] 
2025-09-11 11:23:20,326 [ERROR] LogOutputStream:75 - [STDERR_REDIRECT] Sep 11, 2025 11:23:20 AM java.util.prefs.FileSystemPreferences checkLockFile0ErrorCode
2025-09-11 11:23:20,327 [ERROR] LogOutputStream:75 - [STDERR_REDIRECT] WARNING: Could not lock System prefs. Unix error code 2.
2025-09-11 11:23:20,327 [ERROR] LogOutputStream:75 - [STDERR_REDIRECT] 
2025-09-11 11:23:20,328 [ERROR] LogOutputStream:75 - [STDERR_REDIRECT] Sep 11, 2025 11:23:20 AM java.util.prefs.FileSystemPreferences syncWorld
2025-09-11 11:23:20,329 [ERROR] LogOutputStream:75 - [STDERR_REDIRECT] WARNING: Couldn't flush system prefs: java.util.prefs.BackingStoreException: Couldn't get file lock.
2025-09-11 11:23:20,329 [ERROR] LogOutputStream:75 - [STDERR_REDIRECT] 
2025-09-11 11:23:50,326 [ERROR] LogOutputStream:75 - [STDERR_REDIRECT] Sep 11, 2025 11:23:50 AM java.util.prefs.FileSystemPreferences checkLockFile0ErrorCode
2025-09-11 11:23:50,327 [ERROR] LogOutputStream:75 - [STDERR_REDIRECT] WARNING: Could not lock System prefs. Unix error code 2.
2025-09-11 11:23:50,327 [ERROR] LogOutputStream:75 - [STDERR_REDIRECT] 
2025-09-11 11:23:50,328 [ERROR] LogOutputStream:75 - [STDERR_REDIRECT] Sep 11, 2025 11:23:50 AM java.util.prefs.FileSystemPreferences syncWorld
2025-09-11 11:23:50,329 [ERROR] LogOutputStream:75 - [STDERR_REDIRECT] WARNING: Couldn't flush system prefs: java.util.prefs.BackingStoreException: Couldn't get file lock.
2025-09-11 11:23:50,329 [ERROR] LogOutputStream:75 - [STDERR_REDIRECT] 
2025-09-11 11:24:20,326 [ERROR] LogOutputStream:75 - [STDERR_REDIRECT] Sep 11, 2025 11:24:20 AM java.util.prefs.FileSystemPreferences checkLockFile0ErrorCode
2025-09-11 11:24:20,327 [ERROR] LogOutputStream:75 - [STDERR_REDIRECT] WARNING: Could not lock System prefs. Unix error code 2.
2025-09-11 11:24:20,327 [ERROR] LogOutputStream:75 - [STDERR_REDIRECT] 
2025-09-11 11:24:20,328 [ERROR] LogOutputStream:75 - [STDERR_REDIRECT] Sep 11, 2025 11:24:20 AM java.util.prefs.FileSystemPreferences syncWorld
2025-09-11 11:24:20,328 [ERROR] LogOutputStream:75 - [STDERR_REDIRECT] WARNING: Couldn't flush system prefs: java.util.prefs.BackingStoreException: Couldn't get file lock.
2025-09-11 11:24:20,328 [ERROR] LogOutputStream:75 - [STDERR_REDIRECT] 
2025-09-11 11:24:50,327 [ERROR] LogOutputStream:75 - [STDERR_REDIRECT] Sep 11, 2025 11:24:50 AM java.util.prefs.FileSystemPreferences checkLockFile0ErrorCode
2025-09-11 11:24:50,328 [ERROR] LogOutputStream:75 - [STDERR_REDIRECT] WARNING: Could not lock System prefs. Unix error code 2.
2025-09-11 11:24:50,328 [ERROR] LogOutputStream:75 - [STDERR_REDIRECT] 
2025-09-11 11:24:50,329 [ERROR] LogOutputStream:75 - [STDERR_REDIRECT] Sep 11, 2025 11:24:50 AM java.util.prefs.FileSystemPreferences syncWorld
2025-09-11 11:24:50,329 [ERROR] LogOutputStream:75 - [STDERR_REDIRECT] WARNING: Couldn't flush system prefs: java.util.prefs.BackingStoreException: Couldn't get file lock.
2025-09-11 11:24:50,330 [ERROR] LogOutputStream:75 - [STDERR_REDIRECT] 
2025-09-11 11:25:20,327 [ERROR] LogOutputStream:75 - [STDERR_REDIRECT] Sep 11, 2025 11:25:20 AM java.util.prefs.FileSystemPreferences checkLockFile0ErrorCode
2025-09-11 11:25:20,328 [ERROR] LogOutputStream:75 - [STDERR_REDIRECT] WARNING: Could not lock System prefs. Unix error code 2.
2025-09-11 11:25:20,328 [ERROR] LogOutputStream:75 - [STDERR_REDIRECT] 
2025-09-11 11:25:20,329 [ERROR] LogOutputStream:75 - [STDERR_REDIRECT] Sep 11, 2025 11:25:20 AM java.util.prefs.FileSystemPreferences syncWorld
2025-09-11 11:25:20,330 [ERROR] LogOutputStream:75 - [STDERR_REDIRECT] WARNING: Couldn't flush system prefs: java.util.prefs.BackingStoreException: Couldn't get file lock.
2025-09-11 11:25:20,330 [ERROR] LogOutputStream:75 - [STDERR_REDIRECT] 
2025-09-11 11:25:50,327 [ERROR] LogOutputStream:75 - [STDERR_REDIRECT] Sep 11, 2025 11:25:50 AM java.util.prefs.FileSystemPreferences checkLockFile0ErrorCode
2025-09-11 11:25:50,328 [ERROR] LogOutputStream:75 - [STDERR_REDIRECT] WARNING: Could not lock System prefs. Unix error code 2.
2025-09-11 11:25:50,328 [ERROR] LogOutputStream:75 - [STDERR_REDIRECT] 
2025-09-11 11:25:50,329 [ERROR] LogOutputStream:75 - [STDERR_REDIRECT] Sep 11, 2025 11:25:50 AM java.util.prefs.FileSystemPreferences syncWorld
2025-09-11 11:25:50,330 [ERROR] LogOutputStream:75 - [STDERR_REDIRECT] WARNING: Couldn't flush system prefs: java.util.prefs.BackingStoreException: Couldn't get file lock.
2025-09-11 11:25:50,331 [ERROR] LogOutputStream:75 - [STDERR_REDIRECT] 
2025-09-11 11:26:20,327 [ERROR] LogOutputStream:75 - [STDERR_REDIRECT] Sep 11, 2025 11:26:20 AM java.util.prefs.FileSystemPreferences checkLockFile0ErrorCode
2025-09-11 11:26:20,328 [ERROR] LogOutputStream:75 - [STDERR_REDIRECT] WARNING: Could not lock System prefs. Unix error code 2.
2025-09-11 11:26:20,328 [ERROR] LogOutputStream:75 - [STDERR_REDIRECT] 
2025-09-11 11:26:20,328 [ERROR] LogOutputStream:75 - [STDERR_REDIRECT] Sep 11, 2025 11:26:20 AM java.util.prefs.FileSystemPreferences syncWorld
2025-09-11 11:26:20,329 [ERROR] LogOutputStream:75 - [STDERR_REDIRECT] WARNING: Couldn't flush system prefs: java.util.prefs.BackingStoreException: Couldn't get file lock.
2025-09-11 11:26:20,329 [ERROR] LogOutputStream:75 - [STDERR_REDIRECT] 
2025-09-11 11:26:50,327 [ERROR] LogOutputStream:75 - [STDERR_REDIRECT] Sep 11, 2025 11:26:50 AM java.util.prefs.FileSystemPreferences checkLockFile0ErrorCode
2025-09-11 11:26:50,328 [ERROR] LogOutputStream:75 - [STDERR_REDIRECT] WARNING: Could not lock System prefs. Unix error code 2.
2025-09-11 11:26:50,328 [ERROR] LogOutputStream:75 - [STDERR_REDIRECT] 
2025-09-11 11:26:50,328 [ERROR] LogOutputStream:75 - [STDERR_REDIRECT] Sep 11, 2025 11:26:50 AM java.util.prefs.FileSystemPreferences syncWorld
2025-09-11 11:26:50,329 [ERROR] LogOutputStream:75 - [STDERR_REDIRECT] WARNING: Couldn't flush system prefs: java.util.prefs.BackingStoreException: Couldn't get file lock.
2025-09-11 11:26:50,329 [ERROR] LogOutputStream:75 - [STDERR_REDIRECT] 
2025-09-11 11:27:20,328 [ERROR] LogOutputStream:75 - [STDERR_REDIRECT] Sep 11, 2025 11:27:20 AM java.util.prefs.FileSystemPreferences checkLockFile0ErrorCode
2025-09-11 11:27:20,328 [ERROR] LogOutputStream:75 - [STDERR_REDIRECT] WARNING: Could not lock System prefs. Unix error code 2.
2025-09-11 11:27:20,328 [ERROR] LogOutputStream:75 - [STDERR_REDIRECT] 
2025-09-11 11:27:20,329 [ERROR] LogOutputStream:75 - [STDERR_REDIRECT] Sep 11, 2025 11:27:20 AM java.util.prefs.FileSystemPreferences syncWorld
2025-09-11 11:27:20,330 [ERROR] LogOutputStream:75 - [STDERR_REDIRECT] WARNING: Couldn't flush system prefs: java.util.prefs.BackingStoreException: Couldn't get file lock.
2025-09-11 11:27:20,330 [ERROR] LogOutputStream:75 - [STDERR_REDIRECT] 
2025-09-11 11:27:50,330 [ERROR] LogOutputStream:75 - [STDERR_REDIRECT] Sep 11, 2025 11:27:50 AM java.util.prefs.FileSystemPreferences checkLockFile0ErrorCode
2025-09-11 11:27:50,331 [ERROR] LogOutputStream:75 - [STDERR_REDIRECT] WARNING: Could not lock System prefs. Unix error code 2.
2025-09-11 11:27:50,331 [ERROR] LogOutputStream:75 - [STDERR_REDIRECT] 
2025-09-11 11:27:50,332 [ERROR] LogOutputStream:75 - [STDERR_REDIRECT] Sep 11, 2025 11:27:50 AM java.util.prefs.FileSystemPreferences syncWorld
2025-09-11 11:27:50,333 [ERROR] LogOutputStream:75 - [STDERR_REDIRECT] WARNING: Couldn't flush system prefs: java.util.prefs.BackingStoreException: Couldn't get file lock.
2025-09-11 11:27:50,333 [ERROR] LogOutputStream:75 - [STDERR_REDIRECT] 
2025-09-11 11:28:20,327 [ERROR] LogOutputStream:75 - [STDERR_REDIRECT] Sep 11, 2025 11:28:20 AM java.util.prefs.FileSystemPreferences checkLockFile0ErrorCode
2025-09-11 11:28:20,328 [ERROR] LogOutputStream:75 - [STDERR_REDIRECT] WARNING: Could not lock System prefs. Unix error code 2.
2025-09-11 11:28:20,328 [ERROR] LogOutputStream:75 - [STDERR_REDIRECT] 
2025-09-11 11:28:20,329 [ERROR] LogOutputStream:75 - [STDERR_REDIRECT] Sep 11, 2025 11:28:20 AM java.util.prefs.FileSystemPreferences syncWorld
2025-09-11 11:28:20,330 [ERROR] LogOutputStream:75 - [STDERR_REDIRECT] WARNING: Couldn't flush system prefs: java.util.prefs.BackingStoreException: Couldn't get file lock.
2025-09-11 11:28:20,330 [ERROR] LogOutputStream:75 - [STDERR_REDIRECT] 
2025-09-11 11:28:50,328 [ERROR] LogOutputStream:75 - [STDERR_REDIRECT] Sep 11, 2025 11:28:50 AM java.util.prefs.FileSystemPreferences checkLockFile0ErrorCode
2025-09-11 11:28:50,329 [ERROR] LogOutputStream:75 - [STDERR_REDIRECT] WARNING: Could not lock System prefs. Unix error code 2.
2025-09-11 11:28:50,329 [ERROR] LogOutputStream:75 - [STDERR_REDIRECT] 
2025-09-11 11:28:50,330 [ERROR] LogOutputStream:75 - [STDERR_REDIRECT] Sep 11, 2025 11:28:50 AM java.util.prefs.FileSystemPreferences syncWorld
2025-09-11 11:28:50,331 [ERROR] LogOutputStream:75 - [STDERR_REDIRECT] WARNING: Couldn't flush system prefs: java.util.prefs.BackingStoreException: Couldn't get file lock.
2025-09-11 11:28:50,331 [ERROR] LogOutputStream:75 - [STDERR_REDIRECT] 
2025-09-11 11:29:20,327 [ERROR] LogOutputStream:75 - [STDERR_REDIRECT] Sep 11, 2025 11:29:20 AM java.util.prefs.FileSystemPreferences checkLockFile0ErrorCode
2025-09-11 11:29:20,327 [ERROR] LogOutputStream:75 - [STDERR_REDIRECT] WARNING: Could not lock System prefs. Unix error code 2.
2025-09-11 11:29:20,327 [ERROR] LogOutputStream:75 - [STDERR_REDIRECT] 
2025-09-11 11:29:20,328 [ERROR] LogOutputStream:75 - [STDERR_REDIRECT] Sep 11, 2025 11:29:20 AM java.util.prefs.FileSystemPreferences syncWorld
2025-09-11 11:29:20,329 [ERROR] LogOutputStream:75 - [STDERR_REDIRECT] WARNING: Couldn't flush system prefs: java.util.prefs.BackingStoreException: Couldn't get file lock.
2025-09-11 11:29:20,329 [ERROR] LogOutputStream:75 - [STDERR_REDIRECT] 
2025-09-11 11:29:50,327 [ERROR] LogOutputStream:75 - [STDERR_REDIRECT] Sep 11, 2025 11:29:50 AM java.util.prefs.FileSystemPreferences checkLockFile0ErrorCode
2025-09-11 11:29:50,328 [ERROR] LogOutputStream:75 - [STDERR_REDIRECT] WARNING: Could not lock System prefs. Unix error code 2.
2025-09-11 11:29:50,328 [ERROR] LogOutputStream:75 - [STDERR_REDIRECT] 
2025-09-11 11:29:50,329 [ERROR] LogOutputStream:75 - [STDERR_REDIRECT] Sep 11, 2025 11:29:50 AM java.util.prefs.FileSystemPreferences syncWorld
2025-09-11 11:29:50,330 [ERROR] LogOutputStream:75 - [STDERR_REDIRECT] WARNING: Couldn't flush system prefs: java.util.prefs.BackingStoreException: Couldn't get file lock.
2025-09-11 11:29:50,330 [ERROR] LogOutputStream:75 - [STDERR_REDIRECT] 
2025-09-11 11:30:20,327 [ERROR] LogOutputStream:75 - [STDERR_REDIRECT] Sep 11, 2025 11:30:20 AM java.util.prefs.FileSystemPreferences checkLockFile0ErrorCode
2025-09-11 11:30:20,327 [ERROR] LogOutputStream:75 - [STDERR_REDIRECT] WARNING: Could not lock System prefs. Unix error code 2.
2025-09-11 11:30:20,327 [ERROR] LogOutputStream:75 - [STDERR_REDIRECT] 
2025-09-11 11:30:20,328 [ERROR] LogOutputStream:75 - [STDERR_REDIRECT] Sep 11, 2025 11:30:20 AM java.util.prefs.FileSystemPreferences syncWorld
2025-09-11 11:30:20,329 [ERROR] LogOutputStream:75 - [STDERR_REDIRECT] WARNING: Couldn't flush system prefs: java.util.prefs.BackingStoreException: Couldn't get file lock.
2025-09-11 11:30:20,329 [ERROR] LogOutputStream:75 - [STDERR_REDIRECT] 
2025-09-11 11:30:50,327 [ERROR] LogOutputStream:75 - [STDERR_REDIRECT] Sep 11, 2025 11:30:50 AM java.util.prefs.FileSystemPreferences checkLockFile0ErrorCode
2025-09-11 11:30:50,328 [ERROR] LogOutputStream:75 - [STDERR_REDIRECT] WARNING: Could not lock System prefs. Unix error code 2.
2025-09-11 11:30:50,328 [ERROR] LogOutputStream:75 - [STDERR_REDIRECT] 
2025-09-11 11:30:50,329 [ERROR] LogOutputStream:75 - [STDERR_REDIRECT] Sep 11, 2025 11:30:50 AM java.util.prefs.FileSystemPreferences syncWorld
2025-09-11 11:30:50,330 [ERROR] LogOutputStream:75 - [STDERR_REDIRECT] WARNING: Couldn't flush system prefs: java.util.prefs.BackingStoreException: Couldn't get file lock.
2025-09-11 11:30:50,330 [ERROR] LogOutputStream:75 - [STDERR_REDIRECT] 
2025-09-11 11:31:20,327 [ERROR] LogOutputStream:75 - [STDERR_REDIRECT] Sep 11, 2025 11:31:20 AM java.util.prefs.FileSystemPreferences checkLockFile0ErrorCode
2025-09-11 11:31:20,328 [ERROR] LogOutputStream:75 - [STDERR_REDIRECT] WARNING: Could not lock System prefs. Unix error code 2.
2025-09-11 11:31:20,328 [ERROR] LogOutputStream:75 - [STDERR_REDIRECT] 
2025-09-11 11:31:20,328 [ERROR] LogOutputStream:75 - [STDERR_REDIRECT] Sep 11, 2025 11:31:20 AM java.util.prefs.FileSystemPreferences syncWorld
2025-09-11 11:31:20,329 [ERROR] LogOutputStream:75 - [STDERR_REDIRECT] WARNING: Couldn't flush system prefs: java.util.prefs.BackingStoreException: Couldn't get file lock.
2025-09-11 11:31:20,329 [ERROR] LogOutputStream:75 - [STDERR_REDIRECT] 
2025-09-11 11:31:50,327 [ERROR] LogOutputStream:75 - [STDERR_REDIRECT] Sep 11, 2025 11:31:50 AM java.util.prefs.FileSystemPreferences checkLockFile0ErrorCode
2025-09-11 11:31:50,328 [ERROR] LogOutputStream:75 - [STDERR_REDIRECT] WARNING: Could not lock System prefs. Unix error code 2.
2025-09-11 11:31:50,329 [ERROR] LogOutputStream:75 - [STDERR_REDIRECT] 
2025-09-11 11:31:50,329 [ERROR] LogOutputStream:75 - [STDERR_REDIRECT] Sep 11, 2025 11:31:50 AM java.util.prefs.FileSystemPreferences syncWorld
2025-09-11 11:31:50,330 [ERROR] LogOutputStream:75 - [STDERR_REDIRECT] WARNING: Couldn't flush system prefs: java.util.prefs.BackingStoreException: Couldn't get file lock.
2025-09-11 11:31:50,331 [ERROR] LogOutputStream:75 - [STDERR_REDIRECT] 
2025-09-11 11:32:20,327 [ERROR] LogOutputStream:75 - [STDERR_REDIRECT] Sep 11, 2025 11:32:20 AM java.util.prefs.FileSystemPreferences checkLockFile0ErrorCode
2025-09-11 11:32:20,328 [ERROR] LogOutputStream:75 - [STDERR_REDIRECT] WARNING: Could not lock System prefs. Unix error code 2.
2025-09-11 11:32:20,328 [ERROR] LogOutputStream:75 - [STDERR_REDIRECT] 
2025-09-11 11:32:20,329 [ERROR] LogOutputStream:75 - [STDERR_REDIRECT] Sep 11, 2025 11:32:20 AM java.util.prefs.FileSystemPreferences syncWorld
2025-09-11 11:32:20,330 [ERROR] LogOutputStream:75 - [STDERR_REDIRECT] WARNING: Couldn't flush system prefs: java.util.prefs.BackingStoreException: Couldn't get file lock.
2025-09-11 11:32:20,330 [ERROR] LogOutputStream:75 - [STDERR_REDIRECT] 
2025-09-11 11:32:50,327 [ERROR] LogOutputStream:75 - [STDERR_REDIRECT] Sep 11, 2025 11:32:50 AM java.util.prefs.FileSystemPreferences checkLockFile0ErrorCode
2025-09-11 11:32:50,328 [ERROR] LogOutputStream:75 - [STDERR_REDIRECT] WARNING: Could not lock System prefs. Unix error code 2.
2025-09-11 11:32:50,328 [ERROR] LogOutputStream:75 - [STDERR_REDIRECT] 
2025-09-11 11:32:50,329 [ERROR] LogOutputStream:75 - [STDERR_REDIRECT] Sep 11, 2025 11:32:50 AM java.util.prefs.FileSystemPreferences syncWorld
2025-09-11 11:32:50,330 [ERROR] LogOutputStream:75 - [STDERR_REDIRECT] WARNING: Couldn't flush system prefs: java.util.prefs.BackingStoreException: Couldn't get file lock.
2025-09-11 11:32:50,330 [ERROR] LogOutputStream:75 - [STDERR_REDIRECT] 
2025-09-11 11:33:20,327 [ERROR] LogOutputStream:75 - [STDERR_REDIRECT] Sep 11, 2025 11:33:20 AM java.util.prefs.FileSystemPreferences checkLockFile0ErrorCode
2025-09-11 11:33:20,329 [ERROR] LogOutputStream:75 - [STDERR_REDIRECT] WARNING: Could not lock System prefs. Unix error code 2.
2025-09-11 11:33:20,329 [ERROR] LogOutputStream:75 - [STDERR_REDIRECT] 
2025-09-11 11:33:20,330 [ERROR] LogOutputStream:75 - [STDERR_REDIRECT] Sep 11, 2025 11:33:20 AM java.util.prefs.FileSystemPreferences syncWorld
2025-09-11 11:33:20,331 [ERROR] LogOutputStream:75 - [STDERR_REDIRECT] WARNING: Couldn't flush system prefs: java.util.prefs.BackingStoreException: Couldn't get file lock.
2025-09-11 11:33:20,332 [ERROR] LogOutputStream:75 - [STDERR_REDIRECT] 
2025-09-11 11:33:50,327 [ERROR] LogOutputStream:75 - [STDERR_REDIRECT] Sep 11, 2025 11:33:50 AM java.util.prefs.FileSystemPreferences checkLockFile0ErrorCode
2025-09-11 11:33:50,328 [ERROR] LogOutputStream:75 - [STDERR_REDIRECT] WARNING: Could not lock System prefs. Unix error code 2.
2025-09-11 11:33:50,328 [ERROR] LogOutputStream:75 - [STDERR_REDIRECT] 
2025-09-11 11:33:50,329 [ERROR] LogOutputStream:75 - [STDERR_REDIRECT] Sep 11, 2025 11:33:50 AM java.util.prefs.FileSystemPreferences syncWorld
2025-09-11 11:33:50,330 [ERROR] LogOutputStream:75 - [STDERR_REDIRECT] WARNING: Couldn't flush system prefs: java.util.prefs.BackingStoreException: Couldn't get file lock.
2025-09-11 11:33:50,330 [ERROR] LogOutputStream:75 - [STDERR_REDIRECT] 
2025-09-11 11:34:20,327 [ERROR] LogOutputStream:75 - [STDERR_REDIRECT] Sep 11, 2025 11:34:20 AM java.util.prefs.FileSystemPreferences checkLockFile0ErrorCode
2025-09-11 11:34:20,328 [ERROR] LogOutputStream:75 - [STDERR_REDIRECT] WARNING: Could not lock System prefs. Unix error code 2.
2025-09-11 11:34:20,328 [ERROR] LogOutputStream:75 - [STDERR_REDIRECT] 
2025-09-11 11:34:20,329 [ERROR] LogOutputStream:75 - [STDERR_REDIRECT] Sep 11, 2025 11:34:20 AM java.util.prefs.FileSystemPreferences syncWorld
2025-09-11 11:34:20,330 [ERROR] LogOutputStream:75 - [STDERR_REDIRECT] WARNING: Couldn't flush system prefs: java.util.prefs.BackingStoreException: Couldn't get file lock.
2025-09-11 11:34:20,330 [ERROR] LogOutputStream:75 - [STDERR_REDIRECT] 
2025-09-11 11:34:50,327 [ERROR] LogOutputStream:75 - [STDERR_REDIRECT] Sep 11, 2025 11:34:50 AM java.util.prefs.FileSystemPreferences checkLockFile0ErrorCode
2025-09-11 11:34:50,327 [ERROR] LogOutputStream:75 - [STDERR_REDIRECT] WARNING: Could not lock System prefs. Unix error code 2.
2025-09-11 11:34:50,328 [ERROR] LogOutputStream:75 - [STDERR_REDIRECT] 
2025-09-11 11:34:50,328 [ERROR] LogOutputStream:75 - [STDERR_REDIRECT] Sep 11, 2025 11:34:50 AM java.util.prefs.FileSystemPreferences syncWorld
2025-09-11 11:34:50,329 [ERROR] LogOutputStream:75 - [STDERR_REDIRECT] WARNING: Couldn't flush system prefs: java.util.prefs.BackingStoreException: Couldn't get file lock.
2025-09-11 11:34:50,329 [ERROR] LogOutputStream:75 - [STDERR_REDIRECT] 
2025-09-11 11:35:20,327 [ERROR] LogOutputStream:75 - [STDERR_REDIRECT] Sep 11, 2025 11:35:20 AM java.util.prefs.FileSystemPreferences checkLockFile0ErrorCode
2025-09-11 11:35:20,328 [ERROR] LogOutputStream:75 - [STDERR_REDIRECT] WARNING: Could not lock System prefs. Unix error code 2.
2025-09-11 11:35:20,328 [ERROR] LogOutputStream:75 - [STDERR_REDIRECT] 
2025-09-11 11:35:20,329 [ERROR] LogOutputStream:75 - [STDERR_REDIRECT] Sep 11, 2025 11:35:20 AM java.util.prefs.FileSystemPreferences syncWorld
2025-09-11 11:35:20,329 [ERROR] LogOutputStream:75 - [STDERR_REDIRECT] WARNING: Couldn't flush system prefs: java.util.prefs.BackingStoreException: Couldn't get file lock.
2025-09-11 11:35:20,329 [ERROR] LogOutputStream:75 - [STDERR_REDIRECT] 
2025-09-11 11:35:50,328 [ERROR] LogOutputStream:75 - [STDERR_REDIRECT] Sep 11, 2025 11:35:50 AM java.util.prefs.FileSystemPreferences checkLockFile0ErrorCode
2025-09-11 11:35:50,328 [ERROR] LogOutputStream:75 - [STDERR_REDIRECT] WARNING: Could not lock System prefs. Unix error code 2.
2025-09-11 11:35:50,329 [ERROR] LogOutputStream:75 - [STDERR_REDIRECT] 
2025-09-11 11:35:50,329 [ERROR] LogOutputStream:75 - [STDERR_REDIRECT] Sep 11, 2025 11:35:50 AM java.util.prefs.FileSystemPreferences syncWorld
2025-09-11 11:35:50,330 [ERROR] LogOutputStream:75 - [STDERR_REDIRECT] WARNING: Couldn't flush system prefs: java.util.prefs.BackingStoreException: Couldn't get file lock.
2025-09-11 11:35:50,330 [ERROR] LogOutputStream:75 - [STDERR_REDIRECT] 
2025-09-11 11:36:20,331 [ERROR] LogOutputStream:75 - [STDERR_REDIRECT] Sep 11, 2025 11:36:20 AM java.util.prefs.FileSystemPreferences checkLockFile0ErrorCode
2025-09-11 11:36:20,331 [ERROR] LogOutputStream:75 - [STDERR_REDIRECT] WARNING: Could not lock System prefs. Unix error code 2.
2025-09-11 11:36:20,332 [ERROR] LogOutputStream:75 - [STDERR_REDIRECT] 
2025-09-11 11:36:20,333 [ERROR] LogOutputStream:75 - [STDERR_REDIRECT] Sep 11, 2025 11:36:20 AM java.util.prefs.FileSystemPreferences syncWorld
2025-09-11 11:36:20,334 [ERROR] LogOutputStream:75 - [STDERR_REDIRECT] WARNING: Couldn't flush system prefs: java.util.prefs.BackingStoreException: Couldn't get file lock.
2025-09-11 11:36:20,334 [ERROR] LogOutputStream:75 - [STDERR_REDIRECT] 
2025-09-11 11:36:50,328 [ERROR] LogOutputStream:75 - [STDERR_REDIRECT] Sep 11, 2025 11:36:50 AM java.util.prefs.FileSystemPreferences checkLockFile0ErrorCode
2025-09-11 11:36:50,329 [ERROR] LogOutputStream:75 - [STDERR_REDIRECT] WARNING: Could not lock System prefs. Unix error code 2.
2025-09-11 11:36:50,329 [ERROR] LogOutputStream:75 - [STDERR_REDIRECT] 
2025-09-11 11:36:50,330 [ERROR] LogOutputStream:75 - [STDERR_REDIRECT] Sep 11, 2025 11:36:50 AM java.util.prefs.FileSystemPreferences syncWorld
2025-09-11 11:36:50,330 [ERROR] LogOutputStream:75 - [STDERR_REDIRECT] WARNING: Couldn't flush system prefs: java.util.prefs.BackingStoreException: Couldn't get file lock.
2025-09-11 11:36:50,331 [ERROR] LogOutputStream:75 - [STDERR_REDIRECT] 
2025-09-11 11:37:20,329 [ERROR] LogOutputStream:75 - [STDERR_REDIRECT] Sep 11, 2025 11:37:20 AM java.util.prefs.FileSystemPreferences checkLockFile0ErrorCode
2025-09-11 11:37:20,330 [ERROR] LogOutputStream:75 - [STDERR_REDIRECT] WARNING: Could not lock System prefs. Unix error code 2.
2025-09-11 11:37:20,330 [ERROR] LogOutputStream:75 - [STDERR_REDIRECT] 
2025-09-11 11:37:20,332 [ERROR] LogOutputStream:75 - [STDERR_REDIRECT] Sep 11, 2025 11:37:20 AM java.util.prefs.FileSystemPreferences syncWorld
2025-09-11 11:37:20,333 [ERROR] LogOutputStream:75 - [STDERR_REDIRECT] WARNING: Couldn't flush system prefs: java.util.prefs.BackingStoreException: Couldn't get file lock.
2025-09-11 11:37:20,333 [ERROR] LogOutputStream:75 - [STDERR_REDIRECT] 
2025-09-11 11:37:50,328 [ERROR] LogOutputStream:75 - [STDERR_REDIRECT] Sep 11, 2025 11:37:50 AM java.util.prefs.FileSystemPreferences checkLockFile0ErrorCode
2025-09-11 11:37:50,329 [ERROR] LogOutputStream:75 - [STDERR_REDIRECT] WARNING: Could not lock System prefs. Unix error code 2.
2025-09-11 11:37:50,329 [ERROR] LogOutputStream:75 - [STDERR_REDIRECT] 
2025-09-11 11:37:50,330 [ERROR] LogOutputStream:75 - [STDERR_REDIRECT] Sep 11, 2025 11:37:50 AM java.util.prefs.FileSystemPreferences syncWorld
2025-09-11 11:37:50,331 [ERROR] LogOutputStream:75 - [STDERR_REDIRECT] WARNING: Couldn't flush system prefs: java.util.prefs.BackingStoreException: Couldn't get file lock.
2025-09-11 11:37:50,331 [ERROR] LogOutputStream:75 - [STDERR_REDIRECT] 
2025-09-11 11:38:20,328 [ERROR] LogOutputStream:75 - [STDERR_REDIRECT] Sep 11, 2025 11:38:20 AM java.util.prefs.FileSystemPreferences checkLockFile0ErrorCode
2025-09-11 11:38:20,328 [ERROR] LogOutputStream:75 - [STDERR_REDIRECT] WARNING: Could not lock System prefs. Unix error code 2.
2025-09-11 11:38:20,328 [ERROR] LogOutputStream:75 - [STDERR_REDIRECT] 
2025-09-11 11:38:20,329 [ERROR] LogOutputStream:75 - [STDERR_REDIRECT] Sep 11, 2025 11:38:20 AM java.util.prefs.FileSystemPreferences syncWorld
2025-09-11 11:38:20,330 [ERROR] LogOutputStream:75 - [STDERR_REDIRECT] WARNING: Couldn't flush system prefs: java.util.prefs.BackingStoreException: Couldn't get file lock.
2025-09-11 11:38:20,330 [ERROR] LogOutputStream:75 - [STDERR_REDIRECT] 
2025-09-11 11:38:50,329 [ERROR] LogOutputStream:75 - [STDERR_REDIRECT] Sep 11, 2025 11:38:50 AM java.util.prefs.FileSystemPreferences checkLockFile0ErrorCode
2025-09-11 11:38:50,329 [ERROR] LogOutputStream:75 - [STDERR_REDIRECT] WARNING: Could not lock System prefs. Unix error code 2.
2025-09-11 11:38:50,329 [ERROR] LogOutputStream:75 - [STDERR_REDIRECT] 
2025-09-11 11:38:50,330 [ERROR] LogOutputStream:75 - [STDERR_REDIRECT] Sep 11, 2025 11:38:50 AM java.util.prefs.FileSystemPreferences syncWorld
2025-09-11 11:38:50,331 [ERROR] LogOutputStream:75 - [STDERR_REDIRECT] WARNING: Couldn't flush system prefs: java.util.prefs.BackingStoreException: Couldn't get file lock.
2025-09-11 11:38:50,331 [ERROR] LogOutputStream:75 - [STDERR_REDIRECT] 
2025-09-11 11:39:20,328 [ERROR] LogOutputStream:75 - [STDERR_REDIRECT] Sep 11, 2025 11:39:20 AM java.util.prefs.FileSystemPreferences checkLockFile0ErrorCode
2025-09-11 11:39:20,329 [ERROR] LogOutputStream:75 - [STDERR_REDIRECT] WARNING: Could not lock System prefs. Unix error code 2.
2025-09-11 11:39:20,329 [ERROR] LogOutputStream:75 - [STDERR_REDIRECT] 
2025-09-11 11:39:20,338 [ERROR] LogOutputStream:75 - [STDERR_REDIRECT] Sep 11, 2025 11:39:20 AM java.util.prefs.FileSystemPreferences syncWorld
2025-09-11 11:39:20,339 [ERROR] LogOutputStream:75 - [STDERR_REDIRECT] WARNING: Couldn't flush system prefs: java.util.prefs.BackingStoreException: Couldn't get file lock.
2025-09-11 11:39:20,339 [ERROR] LogOutputStream:75 - [STDERR_REDIRECT] 
2025-09-11 11:39:50,328 [ERROR] LogOutputStream:75 - [STDERR_REDIRECT] Sep 11, 2025 11:39:50 AM java.util.prefs.FileSystemPreferences checkLockFile0ErrorCode
2025-09-11 11:39:50,329 [ERROR] LogOutputStream:75 - [STDERR_REDIRECT] WARNING: Could not lock System prefs. Unix error code 2.
2025-09-11 11:39:50,329 [ERROR] LogOutputStream:75 - [STDERR_REDIRECT] 
2025-09-11 11:39:50,330 [ERROR] LogOutputStream:75 - [STDERR_REDIRECT] Sep 11, 2025 11:39:50 AM java.util.prefs.FileSystemPreferences syncWorld
2025-09-11 11:39:50,331 [ERROR] LogOutputStream:75 - [STDERR_REDIRECT] WARNING: Couldn't flush system prefs: java.util.prefs.BackingStoreException: Couldn't get file lock.
2025-09-11 11:39:50,331 [ERROR] LogOutputStream:75 - [STDERR_REDIRECT] 
2025-09-11 11:40:20,327 [ERROR] LogOutputStream:75 - [STDERR_REDIRECT] Sep 11, 2025 11:40:20 AM java.util.prefs.FileSystemPreferences checkLockFile0ErrorCode
2025-09-11 11:40:20,328 [ERROR] LogOutputStream:75 - [STDERR_REDIRECT] WARNING: Could not lock System prefs. Unix error code 2.
2025-09-11 11:40:20,328 [ERROR] LogOutputStream:75 - [STDERR_REDIRECT] 
2025-09-11 11:40:20,329 [ERROR] LogOutputStream:75 - [STDERR_REDIRECT] Sep 11, 2025 11:40:20 AM java.util.prefs.FileSystemPreferences syncWorld
2025-09-11 11:40:20,330 [ERROR] LogOutputStream:75 - [STDERR_REDIRECT] WARNING: Couldn't flush system prefs: java.util.prefs.BackingStoreException: Couldn't get file lock.
2025-09-11 11:40:20,330 [ERROR] LogOutputStream:75 - [STDERR_REDIRECT] 
2025-09-11 11:40:50,328 [ERROR] LogOutputStream:75 - [STDERR_REDIRECT] Sep 11, 2025 11:40:50 AM java.util.prefs.FileSystemPreferences checkLockFile0ErrorCode
2025-09-11 11:40:50,329 [ERROR] LogOutputStream:75 - [STDERR_REDIRECT] WARNING: Could not lock System prefs. Unix error code 2.
2025-09-11 11:40:50,329 [ERROR] LogOutputStream:75 - [STDERR_REDIRECT] 
2025-09-11 11:40:50,330 [ERROR] LogOutputStream:75 - [STDERR_REDIRECT] Sep 11, 2025 11:40:50 AM java.util.prefs.FileSystemPreferences syncWorld
2025-09-11 11:40:50,330 [ERROR] LogOutputStream:75 - [STDERR_REDIRECT] WARNING: Couldn't flush system prefs: java.util.prefs.BackingStoreException: Couldn't get file lock.
2025-09-11 11:40:50,331 [ERROR] LogOutputStream:75 - [STDERR_REDIRECT] 
2025-09-11 11:41:20,328 [ERROR] LogOutputStream:75 - [STDERR_REDIRECT] Sep 11, 2025 11:41:20 AM java.util.prefs.FileSystemPreferences checkLockFile0ErrorCode
2025-09-11 11:41:20,329 [ERROR] LogOutputStream:75 - [STDERR_REDIRECT] WARNING: Could not lock System prefs. Unix error code 2.
2025-09-11 11:41:20,329 [ERROR] LogOutputStream:75 - [STDERR_REDIRECT] 
2025-09-11 11:41:20,329 [ERROR] LogOutputStream:75 - [STDERR_REDIRECT] Sep 11, 2025 11:41:20 AM java.util.prefs.FileSystemPreferences syncWorld
2025-09-11 11:41:20,330 [ERROR] LogOutputStream:75 - [STDERR_REDIRECT] WARNING: Couldn't flush system prefs: java.util.prefs.BackingStoreException: Couldn't get file lock.
2025-09-11 11:41:20,330 [ERROR] LogOutputStream:75 - [STDERR_REDIRECT] 
2025-09-11 11:41:50,328 [ERROR] LogOutputStream:75 - [STDERR_REDIRECT] Sep 11, 2025 11:41:50 AM java.util.prefs.FileSystemPreferences checkLockFile0ErrorCode
2025-09-11 11:41:50,329 [ERROR] LogOutputStream:75 - [STDERR_REDIRECT] WARNING: Could not lock System prefs. Unix error code 2.
2025-09-11 11:41:50,329 [ERROR] LogOutputStream:75 - [STDERR_REDIRECT] 
2025-09-11 11:41:50,329 [ERROR] LogOutputStream:75 - [STDERR_REDIRECT] Sep 11, 2025 11:41:50 AM java.util.prefs.FileSystemPreferences syncWorld
2025-09-11 11:41:50,330 [ERROR] LogOutputStream:75 - [STDERR_REDIRECT] WARNING: Couldn't flush system prefs: java.util.prefs.BackingStoreException: Couldn't get file lock.
2025-09-11 11:41:50,330 [ERROR] LogOutputStream:75 - [STDERR_REDIRECT] 
2025-09-11 11:42:20,328 [ERROR] LogOutputStream:75 - [STDERR_REDIRECT] Sep 11, 2025 11:42:20 AM java.util.prefs.FileSystemPreferences checkLockFile0ErrorCode
2025-09-11 11:42:20,329 [ERROR] LogOutputStream:75 - [STDERR_REDIRECT] WARNING: Could not lock System prefs. Unix error code 2.
2025-09-11 11:42:20,329 [ERROR] LogOutputStream:75 - [STDERR_REDIRECT] 
2025-09-11 11:42:20,330 [ERROR] LogOutputStream:75 - [STDERR_REDIRECT] Sep 11, 2025 11:42:20 AM java.util.prefs.FileSystemPreferences syncWorld
2025-09-11 11:42:20,331 [ERROR] LogOutputStream:75 - [STDERR_REDIRECT] WARNING: Couldn't flush system prefs: java.util.prefs.BackingStoreException: Couldn't get file lock.
2025-09-11 11:42:20,331 [ERROR] LogOutputStream:75 - [STDERR_REDIRECT] 
2025-09-11 11:42:50,329 [ERROR] LogOutputStream:75 - [STDERR_REDIRECT] Sep 11, 2025 11:42:50 AM java.util.prefs.FileSystemPreferences checkLockFile0ErrorCode
2025-09-11 11:42:50,329 [ERROR] LogOutputStream:75 - [STDERR_REDIRECT] WARNING: Could not lock System prefs. Unix error code 2.
2025-09-11 11:42:50,329 [ERROR] LogOutputStream:75 - [STDERR_REDIRECT] 
2025-09-11 11:42:50,330 [ERROR] LogOutputStream:75 - [STDERR_REDIRECT] Sep 11, 2025 11:42:50 AM java.util.prefs.FileSystemPreferences syncWorld
2025-09-11 11:42:50,331 [ERROR] LogOutputStream:75 - [STDERR_REDIRECT] WARNING: Couldn't flush system prefs: java.util.prefs.BackingStoreException: Couldn't get file lock.
2025-09-11 11:42:50,331 [ERROR] LogOutputStream:75 - [STDERR_REDIRECT] 
2025-09-11 11:43:20,328 [ERROR] LogOutputStream:75 - [STDERR_REDIRECT] Sep 11, 2025 11:43:20 AM java.util.prefs.FileSystemPreferences checkLockFile0ErrorCode
2025-09-11 11:43:20,329 [ERROR] LogOutputStream:75 - [STDERR_REDIRECT] WARNING: Could not lock System prefs. Unix error code 2.
2025-09-11 11:43:20,329 [ERROR] LogOutputStream:75 - [STDERR_REDIRECT] 
2025-09-11 11:43:20,330 [ERROR] LogOutputStream:75 - [STDERR_REDIRECT] Sep 11, 2025 11:43:20 AM java.util.prefs.FileSystemPreferences syncWorld
2025-09-11 11:43:20,331 [ERROR] LogOutputStream:75 - [STDERR_REDIRECT] WARNING: Couldn't flush system prefs: java.util.prefs.BackingStoreException: Couldn't get file lock.
2025-09-11 11:43:20,331 [ERROR] LogOutputStream:75 - [STDERR_REDIRECT] 
2025-09-11 11:43:50,328 [ERROR] LogOutputStream:75 - [STDERR_REDIRECT] Sep 11, 2025 11:43:50 AM java.util.prefs.FileSystemPreferences checkLockFile0ErrorCode
2025-09-11 11:43:50,329 [ERROR] LogOutputStream:75 - [STDERR_REDIRECT] WARNING: Could not lock System prefs. Unix error code 2.
2025-09-11 11:43:50,329 [ERROR] LogOutputStream:75 - [STDERR_REDIRECT] 
2025-09-11 11:43:50,330 [ERROR] LogOutputStream:75 - [STDERR_REDIRECT] Sep 11, 2025 11:43:50 AM java.util.prefs.FileSystemPreferences syncWorld
2025-09-11 11:43:50,331 [ERROR] LogOutputStream:75 - [STDERR_REDIRECT] WARNING: Couldn't flush system prefs: java.util.prefs.BackingStoreException: Couldn't get file lock.
2025-09-11 11:43:50,331 [ERROR] LogOutputStream:75 - [STDERR_REDIRECT] 
2025-09-11 11:44:20,329 [ERROR] LogOutputStream:75 - [STDERR_REDIRECT] Sep 11, 2025 11:44:20 AM java.util.prefs.FileSystemPreferences checkLockFile0ErrorCode
2025-09-11 11:44:20,330 [ERROR] LogOutputStream:75 - [STDERR_REDIRECT] WARNING: Could not lock System prefs. Unix error code 2.
2025-09-11 11:44:20,330 [ERROR] LogOutputStream:75 - [STDERR_REDIRECT] 
2025-09-11 11:44:20,331 [ERROR] LogOutputStream:75 - [STDERR_REDIRECT] Sep 11, 2025 11:44:20 AM java.util.prefs.FileSystemPreferences syncWorld
2025-09-11 11:44:20,332 [ERROR] LogOutputStream:75 - [STDERR_REDIRECT] WARNING: Couldn't flush system prefs: java.util.prefs.BackingStoreException: Couldn't get file lock.
2025-09-11 11:44:20,332 [ERROR] LogOutputStream:75 - [STDERR_REDIRECT] 
2025-09-11 11:44:50,330 [ERROR] LogOutputStream:75 - [STDERR_REDIRECT] Sep 11, 2025 11:44:50 AM java.util.prefs.FileSystemPreferences checkLockFile0ErrorCode
2025-09-11 11:44:50,331 [ERROR] LogOutputStream:75 - [STDERR_REDIRECT] WARNING: Could not lock System prefs. Unix error code 2.
2025-09-11 11:44:50,331 [ERROR] LogOutputStream:75 - [STDERR_REDIRECT] 
2025-09-11 11:44:50,332 [ERROR] LogOutputStream:75 - [STDERR_REDIRECT] Sep 11, 2025 11:44:50 AM java.util.prefs.FileSystemPreferences syncWorld
2025-09-11 11:44:50,333 [ERROR] LogOutputStream:75 - [STDERR_REDIRECT] WARNING: Couldn't flush system prefs: java.util.prefs.BackingStoreException: Couldn't get file lock.
2025-09-11 11:44:50,333 [ERROR] LogOutputStream:75 - [STDERR_REDIRECT] 
2025-09-11 11:45:20,328 [ERROR] LogOutputStream:75 - [STDERR_REDIRECT] Sep 11, 2025 11:45:20 AM java.util.prefs.FileSystemPreferences checkLockFile0ErrorCode
2025-09-11 11:45:20,329 [ERROR] LogOutputStream:75 - [STDERR_REDIRECT] WARNING: Could not lock System prefs. Unix error code 2.
2025-09-11 11:45:20,329 [ERROR] LogOutputStream:75 - [STDERR_REDIRECT] 
2025-09-11 11:45:20,330 [ERROR] LogOutputStream:75 - [STDERR_REDIRECT] Sep 11, 2025 11:45:20 AM java.util.prefs.FileSystemPreferences syncWorld
2025-09-11 11:45:20,330 [ERROR] LogOutputStream:75 - [STDERR_REDIRECT] WARNING: Couldn't flush system prefs: java.util.prefs.BackingStoreException: Couldn't get file lock.
2025-09-11 11:45:20,331 [ERROR] LogOutputStream:75 - [STDERR_REDIRECT] 
2025-09-11 11:45:50,328 [ERROR] LogOutputStream:75 - [STDERR_REDIRECT] Sep 11, 2025 11:45:50 AM java.util.prefs.FileSystemPreferences checkLockFile0ErrorCode
2025-09-11 11:45:50,329 [ERROR] LogOutputStream:75 - [STDERR_REDIRECT] WARNING: Could not lock System prefs. Unix error code 2.
2025-09-11 11:45:50,329 [ERROR] LogOutputStream:75 - [STDERR_REDIRECT] 
2025-09-11 11:45:50,330 [ERROR] LogOutputStream:75 - [STDERR_REDIRECT] Sep 11, 2025 11:45:50 AM java.util.prefs.FileSystemPreferences syncWorld
2025-09-11 11:45:50,330 [ERROR] LogOutputStream:75 - [STDERR_REDIRECT] WARNING: Couldn't flush system prefs: java.util.prefs.BackingStoreException: Couldn't get file lock.
2025-09-11 11:45:50,330 [ERROR] LogOutputStream:75 - [STDERR_REDIRECT] 
2025-09-11 11:46:20,328 [ERROR] LogOutputStream:75 - [STDERR_REDIRECT] Sep 11, 2025 11:46:20 AM java.util.prefs.FileSystemPreferences checkLockFile0ErrorCode
2025-09-11 11:46:20,329 [ERROR] LogOutputStream:75 - [STDERR_REDIRECT] WARNING: Could not lock System prefs. Unix error code 2.
2025-09-11 11:46:20,329 [ERROR] LogOutputStream:75 - [STDERR_REDIRECT] 
2025-09-11 11:46:20,330 [ERROR] LogOutputStream:75 - [STDERR_REDIRECT] Sep 11, 2025 11:46:20 AM java.util.prefs.FileSystemPreferences syncWorld
2025-09-11 11:46:20,330 [ERROR] LogOutputStream:75 - [STDERR_REDIRECT] WARNING: Couldn't flush system prefs: java.util.prefs.BackingStoreException: Couldn't get file lock.
2025-09-11 11:46:20,330 [ERROR] LogOutputStream:75 - [STDERR_REDIRECT] 
2025-09-11 11:46:50,329 [ERROR] LogOutputStream:75 - [STDERR_REDIRECT] Sep 11, 2025 11:46:50 AM java.util.prefs.FileSystemPreferences checkLockFile0ErrorCode
2025-09-11 11:46:50,331 [ERROR] LogOutputStream:75 - [STDERR_REDIRECT] WARNING: Could not lock System prefs. Unix error code 2.
2025-09-11 11:46:50,331 [ERROR] LogOutputStream:75 - [STDERR_REDIRECT] 
2025-09-11 11:46:50,331 [ERROR] LogOutputStream:75 - [STDERR_REDIRECT] Sep 11, 2025 11:46:50 AM java.util.prefs.FileSystemPreferences syncWorld
2025-09-11 11:46:50,332 [ERROR] LogOutputStream:75 - [STDERR_REDIRECT] WARNING: Couldn't flush system prefs: java.util.prefs.BackingStoreException: Couldn't get file lock.
2025-09-11 11:46:50,332 [ERROR] LogOutputStream:75 - [STDERR_REDIRECT] 
2025-09-11 11:47:20,331 [ERROR] LogOutputStream:75 - [STDERR_REDIRECT] Sep 11, 2025 11:47:20 AM java.util.prefs.FileSystemPreferences checkLockFile0ErrorCode
2025-09-11 11:47:20,332 [ERROR] LogOutputStream:75 - [STDERR_REDIRECT] WARNING: Could not lock System prefs. Unix error code 2.
2025-09-11 11:47:20,332 [ERROR] LogOutputStream:75 - [STDERR_REDIRECT] 
2025-09-11 11:47:20,333 [ERROR] LogOutputStream:75 - [STDERR_REDIRECT] Sep 11, 2025 11:47:20 AM java.util.prefs.FileSystemPreferences syncWorld
2025-09-11 11:47:20,334 [ERROR] LogOutputStream:75 - [STDERR_REDIRECT] WARNING: Couldn't flush system prefs: java.util.prefs.BackingStoreException: Couldn't get file lock.
2025-09-11 11:47:20,334 [ERROR] LogOutputStream:75 - [STDERR_REDIRECT] 
2025-09-11 11:47:50,330 [ERROR] LogOutputStream:75 - [STDERR_REDIRECT] Sep 11, 2025 11:47:50 AM java.util.prefs.FileSystemPreferences checkLockFile0ErrorCode
2025-09-11 11:47:50,330 [ERROR] LogOutputStream:75 - [STDERR_REDIRECT] WARNING: Could not lock System prefs. Unix error code 2.
2025-09-11 11:47:50,330 [ERROR] LogOutputStream:75 - [STDERR_REDIRECT] 
2025-09-11 11:47:50,331 [ERROR] LogOutputStream:75 - [STDERR_REDIRECT] Sep 11, 2025 11:47:50 AM java.util.prefs.FileSystemPreferences syncWorld
2025-09-11 11:47:50,332 [ERROR] LogOutputStream:75 - [STDERR_REDIRECT] WARNING: Couldn't flush system prefs: java.util.prefs.BackingStoreException: Couldn't get file lock.
2025-09-11 11:47:50,332 [ERROR] LogOutputStream:75 - [STDERR_REDIRECT] 
2025-09-11 11:48:20,331 [ERROR] LogOutputStream:75 - [STDERR_REDIRECT] Sep 11, 2025 11:48:20 AM java.util.prefs.FileSystemPreferences checkLockFile0ErrorCode
2025-09-11 11:48:20,331 [ERROR] LogOutputStream:75 - [STDERR_REDIRECT] WARNING: Could not lock System prefs. Unix error code 2.
2025-09-11 11:48:20,331 [ERROR] LogOutputStream:75 - [STDERR_REDIRECT] 
2025-09-11 11:48:20,332 [ERROR] LogOutputStream:75 - [STDERR_REDIRECT] Sep 11, 2025 11:48:20 AM java.util.prefs.FileSystemPreferences syncWorld
2025-09-11 11:48:20,333 [ERROR] LogOutputStream:75 - [STDERR_REDIRECT] WARNING: Couldn't flush system prefs: java.util.prefs.BackingStoreException: Couldn't get file lock.
2025-09-11 11:48:20,333 [ERROR] LogOutputStream:75 - [STDERR_REDIRECT] 
2025-09-11 11:48:50,331 [ERROR] LogOutputStream:75 - [STDERR_REDIRECT] Sep 11, 2025 11:48:50 AM java.util.prefs.FileSystemPreferences checkLockFile0ErrorCode
2025-09-11 11:48:50,331 [ERROR] LogOutputStream:75 - [STDERR_REDIRECT] WARNING: Could not lock System prefs. Unix error code 2.
2025-09-11 11:48:50,331 [ERROR] LogOutputStream:75 - [STDERR_REDIRECT] 
2025-09-11 11:48:50,332 [ERROR] LogOutputStream:75 - [STDERR_REDIRECT] Sep 11, 2025 11:48:50 AM java.util.prefs.FileSystemPreferences syncWorld
2025-09-11 11:48:50,332 [ERROR] LogOutputStream:75 - [STDERR_REDIRECT] WARNING: Couldn't flush system prefs: java.util.prefs.BackingStoreException: Couldn't get file lock.
2025-09-11 11:48:50,332 [ERROR] LogOutputStream:75 - [STDERR_REDIRECT] 
2025-09-11 11:49:20,331 [ERROR] LogOutputStream:75 - [STDERR_REDIRECT] Sep 11, 2025 11:49:20 AM java.util.prefs.FileSystemPreferences checkLockFile0ErrorCode
2025-09-11 11:49:20,331 [ERROR] LogOutputStream:75 - [STDERR_REDIRECT] WARNING: Could not lock System prefs. Unix error code 2.
2025-09-11 11:49:20,332 [ERROR] LogOutputStream:75 - [STDERR_REDIRECT] 
2025-09-11 11:49:20,332 [ERROR] LogOutputStream:75 - [STDERR_REDIRECT] Sep 11, 2025 11:49:20 AM java.util.prefs.FileSystemPreferences syncWorld
2025-09-11 11:49:20,333 [ERROR] LogOutputStream:75 - [STDERR_REDIRECT] WARNING: Couldn't flush system prefs: java.util.prefs.BackingStoreException: Couldn't get file lock.
2025-09-11 11:49:20,333 [ERROR] LogOutputStream:75 - [STDERR_REDIRECT] 
2025-09-11 11:49:50,331 [ERROR] LogOutputStream:75 - [STDERR_REDIRECT] Sep 11, 2025 11:49:50 AM java.util.prefs.FileSystemPreferences checkLockFile0ErrorCode
2025-09-11 11:49:50,332 [ERROR] LogOutputStream:75 - [STDERR_REDIRECT] WARNING: Could not lock System prefs. Unix error code 2.
2025-09-11 11:49:50,332 [ERROR] LogOutputStream:75 - [STDERR_REDIRECT] 
2025-09-11 11:49:50,333 [ERROR] LogOutputStream:75 - [STDERR_REDIRECT] Sep 11, 2025 11:49:50 AM java.util.prefs.FileSystemPreferences syncWorld
2025-09-11 11:49:50,334 [ERROR] LogOutputStream:75 - [STDERR_REDIRECT] WARNING: Couldn't flush system prefs: java.util.prefs.BackingStoreException: Couldn't get file lock.
2025-09-11 11:49:50,334 [ERROR] LogOutputStream:75 - [STDERR_REDIRECT] 
2025-09-11 11:50:20,332 [ERROR] LogOutputStream:75 - [STDERR_REDIRECT] Sep 11, 2025 11:50:20 AM java.util.prefs.FileSystemPreferences checkLockFile0ErrorCode
2025-09-11 11:50:20,332 [ERROR] LogOutputStream:75 - [STDERR_REDIRECT] WARNING: Could not lock System prefs. Unix error code 2.
2025-09-11 11:50:20,332 [ERROR] LogOutputStream:75 - [STDERR_REDIRECT] 
2025-09-11 11:50:20,333 [ERROR] LogOutputStream:75 - [STDERR_REDIRECT] Sep 11, 2025 11:50:20 AM java.util.prefs.FileSystemPreferences syncWorld
2025-09-11 11:50:20,334 [ERROR] LogOutputStream:75 - [STDERR_REDIRECT] WARNING: Couldn't flush system prefs: java.util.prefs.BackingStoreException: Couldn't get file lock.
2025-09-11 11:50:20,334 [ERROR] LogOutputStream:75 - [STDERR_REDIRECT] 
2025-09-11 11:50:50,333 [ERROR] LogOutputStream:75 - [STDERR_REDIRECT] Sep 11, 2025 11:50:50 AM java.util.prefs.FileSystemPreferences checkLockFile0ErrorCode
2025-09-11 11:50:50,333 [ERROR] LogOutputStream:75 - [STDERR_REDIRECT] WARNING: Could not lock System prefs. Unix error code 2.
2025-09-11 11:50:50,334 [ERROR] LogOutputStream:75 - [STDERR_REDIRECT] 
2025-09-11 11:50:50,334 [ERROR] LogOutputStream:75 - [STDERR_REDIRECT] Sep 11, 2025 11:50:50 AM java.util.prefs.FileSystemPreferences syncWorld
2025-09-11 11:50:50,335 [ERROR] LogOutputStream:75 - [STDERR_REDIRECT] WARNING: Couldn't flush system prefs: java.util.prefs.BackingStoreException: Couldn't get file lock.
2025-09-11 11:50:50,335 [ERROR] LogOutputStream:75 - [STDERR_REDIRECT] 
2025-09-11 11:51:20,334 [ERROR] LogOutputStream:75 - [STDERR_REDIRECT] Sep 11, 2025 11:51:20 AM java.util.prefs.FileSystemPreferences checkLockFile0ErrorCode
2025-09-11 11:51:20,335 [ERROR] LogOutputStream:75 - [STDERR_REDIRECT] WARNING: Could not lock System prefs. Unix error code 2.
2025-09-11 11:51:20,335 [ERROR] LogOutputStream:75 - [STDERR_REDIRECT] 
2025-09-11 11:51:20,337 [ERROR] LogOutputStream:75 - [STDERR_REDIRECT] Sep 11, 2025 11:51:20 AM java.util.prefs.FileSystemPreferences syncWorld
2025-09-11 11:51:20,338 [ERROR] LogOutputStream:75 - [STDERR_REDIRECT] WARNING: Couldn't flush system prefs: java.util.prefs.BackingStoreException: Couldn't get file lock.
2025-09-11 11:51:20,338 [ERROR] LogOutputStream:75 - [STDERR_REDIRECT] 
2025-09-11 11:51:50,332 [ERROR] LogOutputStream:75 - [STDERR_REDIRECT] Sep 11, 2025 11:51:50 AM java.util.prefs.FileSystemPreferences checkLockFile0ErrorCode
2025-09-11 11:51:50,332 [ERROR] LogOutputStream:75 - [STDERR_REDIRECT] WARNING: Could not lock System prefs. Unix error code 2.
2025-09-11 11:51:50,332 [ERROR] LogOutputStream:75 - [STDERR_REDIRECT] 
2025-09-11 11:51:50,333 [ERROR] LogOutputStream:75 - [STDERR_REDIRECT] Sep 11, 2025 11:51:50 AM java.util.prefs.FileSystemPreferences syncWorld
2025-09-11 11:51:50,334 [ERROR] LogOutputStream:75 - [STDERR_REDIRECT] WARNING: Couldn't flush system prefs: java.util.prefs.BackingStoreException: Couldn't get file lock.
2025-09-11 11:51:50,334 [ERROR] LogOutputStream:75 - [STDERR_REDIRECT] 
2025-09-11 11:52:20,332 [ERROR] LogOutputStream:75 - [STDERR_REDIRECT] Sep 11, 2025 11:52:20 AM java.util.prefs.FileSystemPreferences checkLockFile0ErrorCode
2025-09-11 11:52:20,333 [ERROR] LogOutputStream:75 - [STDERR_REDIRECT] WARNING: Could not lock System prefs. Unix error code 2.
2025-09-11 11:52:20,333 [ERROR] LogOutputStream:75 - [STDERR_REDIRECT] 
2025-09-11 11:52:20,333 [ERROR] LogOutputStream:75 - [STDERR_REDIRECT] Sep 11, 2025 11:52:20 AM java.util.prefs.FileSystemPreferences syncWorld
2025-09-11 11:52:20,334 [ERROR] LogOutputStream:75 - [STDERR_REDIRECT] WARNING: Couldn't flush system prefs: java.util.prefs.BackingStoreException: Couldn't get file lock.
2025-09-11 11:52:20,334 [ERROR] LogOutputStream:75 - [STDERR_REDIRECT] 
2025-09-11 11:52:50,333 [ERROR] LogOutputStream:75 - [STDERR_REDIRECT] Sep 11, 2025 11:52:50 AM java.util.prefs.FileSystemPreferences checkLockFile0ErrorCode
2025-09-11 11:52:50,334 [ERROR] LogOutputStream:75 - [STDERR_REDIRECT] WARNING: Could not lock System prefs. Unix error code 2.
2025-09-11 11:52:50,334 [ERROR] LogOutputStream:75 - [STDERR_REDIRECT] 
2025-09-11 11:52:50,335 [ERROR] LogOutputStream:75 - [STDERR_REDIRECT] Sep 11, 2025 11:52:50 AM java.util.prefs.FileSystemPreferences syncWorld
2025-09-11 11:52:50,336 [ERROR] LogOutputStream:75 - [STDERR_REDIRECT] WARNING: Couldn't flush system prefs: java.util.prefs.BackingStoreException: Couldn't get file lock.
2025-09-11 11:52:50,336 [ERROR] LogOutputStream:75 - [STDERR_REDIRECT] 
2025-09-11 11:53:20,331 [ERROR] LogOutputStream:75 - [STDERR_REDIRECT] Sep 11, 2025 11:53:20 AM java.util.prefs.FileSystemPreferences checkLockFile0ErrorCode
2025-09-11 11:53:20,332 [ERROR] LogOutputStream:75 - [STDERR_REDIRECT] WARNING: Could not lock System prefs. Unix error code 2.
2025-09-11 11:53:20,332 [ERROR] LogOutputStream:75 - [STDERR_REDIRECT] 
2025-09-11 11:53:20,333 [ERROR] LogOutputStream:75 - [STDERR_REDIRECT] Sep 11, 2025 11:53:20 AM java.util.prefs.FileSystemPreferences syncWorld
2025-09-11 11:53:20,334 [ERROR] LogOutputStream:75 - [STDERR_REDIRECT] WARNING: Couldn't flush system prefs: java.util.prefs.BackingStoreException: Couldn't get file lock.
2025-09-11 11:53:20,334 [ERROR] LogOutputStream:75 - [STDERR_REDIRECT] 
2025-09-11 11:53:50,332 [ERROR] LogOutputStream:75 - [STDERR_REDIRECT] Sep 11, 2025 11:53:50 AM java.util.prefs.FileSystemPreferences checkLockFile0ErrorCode
2025-09-11 11:53:50,333 [ERROR] LogOutputStream:75 - [STDERR_REDIRECT] WARNING: Could not lock System prefs. Unix error code 2.
2025-09-11 11:53:50,333 [ERROR] LogOutputStream:75 - [STDERR_REDIRECT] 
2025-09-11 11:53:50,334 [ERROR] LogOutputStream:75 - [STDERR_REDIRECT] Sep 11, 2025 11:53:50 AM java.util.prefs.FileSystemPreferences syncWorld
2025-09-11 11:53:50,334 [ERROR] LogOutputStream:75 - [STDERR_REDIRECT] WARNING: Couldn't flush system prefs: java.util.prefs.BackingStoreException: Couldn't get file lock.
2025-09-11 11:53:50,335 [ERROR] LogOutputStream:75 - [STDERR_REDIRECT] 
2025-09-11 11:54:20,334 [ERROR] LogOutputStream:75 - [STDERR_REDIRECT] Sep 11, 2025 11:54:20 AM java.util.prefs.FileSystemPreferences checkLockFile0ErrorCode
2025-09-11 11:54:20,334 [ERROR] LogOutputStream:75 - [STDERR_REDIRECT] WARNING: Could not lock System prefs. Unix error code 2.
2025-09-11 11:54:20,335 [ERROR] LogOutputStream:75 - [STDERR_REDIRECT] 
2025-09-11 11:54:20,335 [ERROR] LogOutputStream:75 - [STDERR_REDIRECT] Sep 11, 2025 11:54:20 AM java.util.prefs.FileSystemPreferences syncWorld
2025-09-11 11:54:20,336 [ERROR] LogOutputStream:75 - [STDERR_REDIRECT] WARNING: Couldn't flush system prefs: java.util.prefs.BackingStoreException: Couldn't get file lock.
2025-09-11 11:54:20,336 [ERROR] LogOutputStream:75 - [STDERR_REDIRECT] 
2025-09-11 11:54:50,334 [ERROR] LogOutputStream:75 - [STDERR_REDIRECT] Sep 11, 2025 11:54:50 AM java.util.prefs.FileSystemPreferences checkLockFile0ErrorCode
2025-09-11 11:54:50,335 [ERROR] LogOutputStream:75 - [STDERR_REDIRECT] WARNING: Could not lock System prefs. Unix error code 2.
2025-09-11 11:54:50,335 [ERROR] LogOutputStream:75 - [STDERR_REDIRECT] 
2025-09-11 11:54:50,336 [ERROR] LogOutputStream:75 - [STDERR_REDIRECT] Sep 11, 2025 11:54:50 AM java.util.prefs.FileSystemPreferences syncWorld
2025-09-11 11:54:50,336 [ERROR] LogOutputStream:75 - [STDERR_REDIRECT] WARNING: Couldn't flush system prefs: java.util.prefs.BackingStoreException: Couldn't get file lock.
2025-09-11 11:54:50,337 [ERROR] LogOutputStream:75 - [STDERR_REDIRECT] 
2025-09-11 11:55:20,332 [ERROR] LogOutputStream:75 - [STDERR_REDIRECT] Sep 11, 2025 11:55:20 AM java.util.prefs.FileSystemPreferences checkLockFile0ErrorCode
2025-09-11 11:55:20,333 [ERROR] LogOutputStream:75 - [STDERR_REDIRECT] WARNING: Could not lock System prefs. Unix error code 2.
2025-09-11 11:55:20,333 [ERROR] LogOutputStream:75 - [STDERR_REDIRECT] 
2025-09-11 11:55:20,334 [ERROR] LogOutputStream:75 - [STDERR_REDIRECT] Sep 11, 2025 11:55:20 AM java.util.prefs.FileSystemPreferences syncWorld
2025-09-11 11:55:20,335 [ERROR] LogOutputStream:75 - [STDERR_REDIRECT] WARNING: Couldn't flush system prefs: java.util.prefs.BackingStoreException: Couldn't get file lock.
2025-09-11 11:55:20,335 [ERROR] LogOutputStream:75 - [STDERR_REDIRECT] 
2025-09-11 11:55:52,109 [ERROR] LogOutputStream:75 - [STDERR_REDIRECT] Sep 11, 2025 11:55:52 AM java.util.prefs.FileSystemPreferences checkLockFile0ErrorCode
2025-09-11 11:55:52,110 [ERROR] LogOutputStream:75 - [STDERR_REDIRECT] WARNING: Could not lock System prefs. Unix error code 2.
2025-09-11 11:55:52,110 [ERROR] LogOutputStream:75 - [STDERR_REDIRECT] 
2025-09-11 11:55:52,110 [ERROR] LogOutputStream:75 - [STDERR_REDIRECT] Sep 11, 2025 11:55:52 AM java.util.prefs.FileSystemPreferences syncWorld
2025-09-11 11:55:52,111 [ERROR] LogOutputStream:75 - [STDERR_REDIRECT] WARNING: Couldn't flush system prefs: java.util.prefs.BackingStoreException: Couldn't get file lock.
2025-09-11 11:55:52,111 [ERROR] LogOutputStream:75 - [STDERR_REDIRECT] 
2025-09-11 11:56:22,109 [ERROR] LogOutputStream:75 - [STDERR_REDIRECT] Sep 11, 2025 11:56:22 AM java.util.prefs.FileSystemPreferences checkLockFile0ErrorCode
2025-09-11 11:56:22,110 [ERROR] LogOutputStream:75 - [STDERR_REDIRECT] WARNING: Could not lock System prefs. Unix error code 2.
2025-09-11 11:56:22,110 [ERROR] LogOutputStream:75 - [STDERR_REDIRECT] 
2025-09-11 11:56:22,110 [ERROR] LogOutputStream:75 - [STDERR_REDIRECT] Sep 11, 2025 11:56:22 AM java.util.prefs.FileSystemPreferences syncWorld
2025-09-11 11:56:22,111 [ERROR] LogOutputStream:75 - [STDERR_REDIRECT] WARNING: Couldn't flush system prefs: java.util.prefs.BackingStoreException: Couldn't get file lock.
2025-09-11 11:56:22,111 [ERROR] LogOutputStream:75 - [STDERR_REDIRECT] 
2025-09-11 11:56:52,110 [ERROR] LogOutputStream:75 - [STDERR_REDIRECT] Sep 11, 2025 11:56:52 AM java.util.prefs.FileSystemPreferences checkLockFile0ErrorCode
2025-09-11 11:56:52,111 [ERROR] LogOutputStream:75 - [STDERR_REDIRECT] WARNING: Could not lock System prefs. Unix error code 2.
2025-09-11 11:56:52,111 [ERROR] LogOutputStream:75 - [STDERR_REDIRECT] 
2025-09-11 11:56:52,112 [ERROR] LogOutputStream:75 - [STDERR_REDIRECT] Sep 11, 2025 11:56:52 AM java.util.prefs.FileSystemPreferences syncWorld
2025-09-11 11:56:52,112 [ERROR] LogOutputStream:75 - [STDERR_REDIRECT] WARNING: Couldn't flush system prefs: java.util.prefs.BackingStoreException: Couldn't get file lock.
2025-09-11 11:56:52,113 [ERROR] LogOutputStream:75 - [STDERR_REDIRECT] 
2025-09-11 11:57:22,112 [ERROR] LogOutputStream:75 - [STDERR_REDIRECT] Sep 11, 2025 11:57:22 AM java.util.prefs.FileSystemPreferences checkLockFile0ErrorCode
2025-09-11 11:57:22,112 [ERROR] LogOutputStream:75 - [STDERR_REDIRECT] WARNING: Could not lock System prefs. Unix error code 2.
2025-09-11 11:57:22,112 [ERROR] LogOutputStream:75 - [STDERR_REDIRECT] 
2025-09-11 11:57:22,113 [ERROR] LogOutputStream:75 - [STDERR_REDIRECT] Sep 11, 2025 11:57:22 AM java.util.prefs.FileSystemPreferences syncWorld
2025-09-11 11:57:22,114 [ERROR] LogOutputStream:75 - [STDERR_REDIRECT] WARNING: Couldn't flush system prefs: java.util.prefs.BackingStoreException: Couldn't get file lock.
2025-09-11 11:57:22,114 [ERROR] LogOutputStream:75 - [STDERR_REDIRECT] 
2025-09-11 11:57:52,111 [ERROR] LogOutputStream:75 - [STDERR_REDIRECT] Sep 11, 2025 11:57:52 AM java.util.prefs.FileSystemPreferences checkLockFile0ErrorCode
2025-09-11 11:57:52,111 [ERROR] LogOutputStream:75 - [STDERR_REDIRECT] WARNING: Could not lock System prefs. Unix error code 2.
2025-09-11 11:57:52,112 [ERROR] LogOutputStream:75 - [STDERR_REDIRECT] 
2025-09-11 11:57:52,113 [ERROR] LogOutputStream:75 - [STDERR_REDIRECT] Sep 11, 2025 11:57:52 AM java.util.prefs.FileSystemPreferences syncWorld
2025-09-11 11:57:52,114 [ERROR] LogOutputStream:75 - [STDERR_REDIRECT] WARNING: Couldn't flush system prefs: java.util.prefs.BackingStoreException: Couldn't get file lock.
2025-09-11 11:57:52,114 [ERROR] LogOutputStream:75 - [STDERR_REDIRECT] 
2025-09-11 11:58:22,110 [ERROR] LogOutputStream:75 - [STDERR_REDIRECT] Sep 11, 2025 11:58:22 AM java.util.prefs.FileSystemPreferences checkLockFile0ErrorCode
2025-09-11 11:58:22,111 [ERROR] LogOutputStream:75 - [STDERR_REDIRECT] WARNING: Could not lock System prefs. Unix error code 2.
2025-09-11 11:58:22,111 [ERROR] LogOutputStream:75 - [STDERR_REDIRECT] 
2025-09-11 11:58:22,112 [ERROR] LogOutputStream:75 - [STDERR_REDIRECT] Sep 11, 2025 11:58:22 AM java.util.prefs.FileSystemPreferences syncWorld
2025-09-11 11:58:22,113 [ERROR] LogOutputStream:75 - [STDERR_REDIRECT] WARNING: Couldn't flush system prefs: java.util.prefs.BackingStoreException: Couldn't get file lock.
2025-09-11 11:58:22,113 [ERROR] LogOutputStream:75 - [STDERR_REDIRECT] 
2025-09-11 11:58:52,110 [ERROR] LogOutputStream:75 - [STDERR_REDIRECT] Sep 11, 2025 11:58:52 AM java.util.prefs.FileSystemPreferences checkLockFile0ErrorCode
2025-09-11 11:58:52,111 [ERROR] LogOutputStream:75 - [STDERR_REDIRECT] WARNING: Could not lock System prefs. Unix error code 2.
2025-09-11 11:58:52,112 [ERROR] LogOutputStream:75 - [STDERR_REDIRECT] 
2025-09-11 11:58:52,113 [ERROR] LogOutputStream:75 - [STDERR_REDIRECT] Sep 11, 2025 11:58:52 AM java.util.prefs.FileSystemPreferences syncWorld
2025-09-11 11:58:52,114 [ERROR] LogOutputStream:75 - [STDERR_REDIRECT] WARNING: Couldn't flush system prefs: java.util.prefs.BackingStoreException: Couldn't get file lock.
2025-09-11 11:58:52,114 [ERROR] LogOutputStream:75 - [STDERR_REDIRECT] 
2025-09-11 11:59:22,110 [ERROR] LogOutputStream:75 - [STDERR_REDIRECT] Sep 11, 2025 11:59:22 AM java.util.prefs.FileSystemPreferences checkLockFile0ErrorCode
2025-09-11 11:59:22,111 [ERROR] LogOutputStream:75 - [STDERR_REDIRECT] WARNING: Could not lock System prefs. Unix error code 2.
2025-09-11 11:59:22,111 [ERROR] LogOutputStream:75 - [STDERR_REDIRECT] 
2025-09-11 11:59:22,112 [ERROR] LogOutputStream:75 - [STDERR_REDIRECT] Sep 11, 2025 11:59:22 AM java.util.prefs.FileSystemPreferences syncWorld
2025-09-11 11:59:22,113 [ERROR] LogOutputStream:75 - [STDERR_REDIRECT] WARNING: Couldn't flush system prefs: java.util.prefs.BackingStoreException: Couldn't get file lock.
2025-09-11 11:59:22,113 [ERROR] LogOutputStream:75 - [STDERR_REDIRECT] 
2025-09-11 11:59:52,110 [ERROR] LogOutputStream:75 - [STDERR_REDIRECT] Sep 11, 2025 11:59:52 AM java.util.prefs.FileSystemPreferences checkLockFile0ErrorCode
2025-09-11 11:59:52,110 [ERROR] LogOutputStream:75 - [STDERR_REDIRECT] WARNING: Could not lock System prefs. Unix error code 2.
2025-09-11 11:59:52,111 [ERROR] LogOutputStream:75 - [STDERR_REDIRECT] 
2025-09-11 11:59:52,111 [ERROR] LogOutputStream:75 - [STDERR_REDIRECT] Sep 11, 2025 11:59:52 AM java.util.prefs.FileSystemPreferences syncWorld
2025-09-11 11:59:52,112 [ERROR] LogOutputStream:75 - [STDERR_REDIRECT] WARNING: Couldn't flush system prefs: java.util.prefs.BackingStoreException: Couldn't get file lock.
2025-09-11 11:59:52,112 [ERROR] LogOutputStream:75 - [STDERR_REDIRECT] 
2025-09-11 12:00:22,110 [ERROR] LogOutputStream:75 - [STDERR_REDIRECT] Sep 11, 2025 12:00:22 PM java.util.prefs.FileSystemPreferences checkLockFile0ErrorCode
2025-09-11 12:00:22,111 [ERROR] LogOutputStream:75 - [STDERR_REDIRECT] WARNING: Could not lock System prefs. Unix error code 2.
2025-09-11 12:00:22,111 [ERROR] LogOutputStream:75 - [STDERR_REDIRECT] 
2025-09-11 12:00:22,112 [ERROR] LogOutputStream:75 - [STDERR_REDIRECT] Sep 11, 2025 12:00:22 PM java.util.prefs.FileSystemPreferences syncWorld
2025-09-11 12:00:22,112 [ERROR] LogOutputStream:75 - [STDERR_REDIRECT] WARNING: Couldn't flush system prefs: java.util.prefs.BackingStoreException: Couldn't get file lock.
2025-09-11 12:00:22,112 [ERROR] LogOutputStream:75 - [STDERR_REDIRECT] 
2025-09-11 12:00:52,110 [ERROR] LogOutputStream:75 - [STDERR_REDIRECT] Sep 11, 2025 12:00:52 PM java.util.prefs.FileSystemPreferences checkLockFile0ErrorCode
2025-09-11 12:00:52,111 [ERROR] LogOutputStream:75 - [STDERR_REDIRECT] WARNING: Could not lock System prefs. Unix error code 2.
2025-09-11 12:00:52,111 [ERROR] LogOutputStream:75 - [STDERR_REDIRECT] 
2025-09-11 12:00:52,111 [ERROR] LogOutputStream:75 - [STDERR_REDIRECT] Sep 11, 2025 12:00:52 PM java.util.prefs.FileSystemPreferences syncWorld
2025-09-11 12:00:52,112 [ERROR] LogOutputStream:75 - [STDERR_REDIRECT] WARNING: Couldn't flush system prefs: java.util.prefs.BackingStoreException: Couldn't get file lock.
2025-09-11 12:00:52,112 [ERROR] LogOutputStream:75 - [STDERR_REDIRECT] 
2025-09-11 13:12:32,818 [ERROR] LogOutputStream:75 - [STDERR_REDIRECT] Sep 11, 2025 1:12:32 PM java.util.prefs.FileSystemPreferences checkLockFile0ErrorCode
2025-09-11 13:12:32,819 [ERROR] LogOutputStream:75 - [STDERR_REDIRECT] WARNING: Could not lock System prefs. Unix error code 2.
2025-09-11 13:12:32,819 [ERROR] LogOutputStream:75 - [STDERR_REDIRECT] 
2025-09-11 13:12:32,820 [ERROR] LogOutputStream:75 - [STDERR_REDIRECT] Sep 11, 2025 1:12:32 PM java.util.prefs.FileSystemPreferences syncWorld
2025-09-11 13:12:32,821 [ERROR] LogOutputStream:75 - [STDERR_REDIRECT] WARNING: Couldn't flush system prefs: java.util.prefs.BackingStoreException: Couldn't get file lock.
2025-09-11 13:12:32,821 [ERROR] LogOutputStream:75 - [STDERR_REDIRECT] 
2025-09-11 13:13:02,818 [ERROR] LogOutputStream:75 - [STDERR_REDIRECT] Sep 11, 2025 1:13:02 PM java.util.prefs.FileSystemPreferences checkLockFile0ErrorCode
2025-09-11 13:13:02,819 [ERROR] LogOutputStream:75 - [STDERR_REDIRECT] WARNING: Could not lock System prefs. Unix error code 2.
2025-09-11 13:13:02,819 [ERROR] LogOutputStream:75 - [STDERR_REDIRECT] 
2025-09-11 13:13:02,820 [ERROR] LogOutputStream:75 - [STDERR_REDIRECT] Sep 11, 2025 1:13:02 PM java.util.prefs.FileSystemPreferences syncWorld
2025-09-11 13:13:02,821 [ERROR] LogOutputStream:75 - [STDERR_REDIRECT] WARNING: Couldn't flush system prefs: java.util.prefs.BackingStoreException: Couldn't get file lock.
2025-09-11 13:13:02,821 [ERROR] LogOutputStream:75 - [STDERR_REDIRECT] 
2025-09-11 13:13:32,817 [ERROR] LogOutputStream:75 - [STDERR_REDIRECT] Sep 11, 2025 1:13:32 PM java.util.prefs.FileSystemPreferences checkLockFile0ErrorCode
2025-09-11 13:13:32,818 [ERROR] LogOutputStream:75 - [STDERR_REDIRECT] WARNING: Could not lock System prefs. Unix error code 2.
2025-09-11 13:13:32,818 [ERROR] LogOutputStream:75 - [STDERR_REDIRECT] 
2025-09-11 13:13:32,818 [ERROR] LogOutputStream:75 - [STDERR_REDIRECT] Sep 11, 2025 1:13:32 PM java.util.prefs.FileSystemPreferences syncWorld
2025-09-11 13:13:32,819 [ERROR] LogOutputStream:75 - [STDERR_REDIRECT] WARNING: Couldn't flush system prefs: java.util.prefs.BackingStoreException: Couldn't get file lock.
2025-09-11 13:13:32,819 [ERROR] LogOutputStream:75 - [STDERR_REDIRECT] 
2025-09-11 13:14:02,819 [ERROR] LogOutputStream:75 - [STDERR_REDIRECT] Sep 11, 2025 1:14:02 PM java.util.prefs.FileSystemPreferences checkLockFile0ErrorCode
2025-09-11 13:14:02,820 [ERROR] LogOutputStream:75 - [STDERR_REDIRECT] WARNING: Could not lock System prefs. Unix error code 2.
2025-09-11 13:14:02,820 [ERROR] LogOutputStream:75 - [STDERR_REDIRECT] 
2025-09-11 13:14:02,821 [ERROR] LogOutputStream:75 - [STDERR_REDIRECT] Sep 11, 2025 1:14:02 PM java.util.prefs.FileSystemPreferences syncWorld
2025-09-11 13:14:02,822 [ERROR] LogOutputStream:75 - [STDERR_REDIRECT] WARNING: Couldn't flush system prefs: java.util.prefs.BackingStoreException: Couldn't get file lock.
2025-09-11 13:14:02,822 [ERROR] LogOutputStream:75 - [STDERR_REDIRECT] 
2025-09-11 13:14:32,819 [ERROR] LogOutputStream:75 - [STDERR_REDIRECT] Sep 11, 2025 1:14:32 PM java.util.prefs.FileSystemPreferences checkLockFile0ErrorCode
2025-09-11 13:14:32,819 [ERROR] LogOutputStream:75 - [STDERR_REDIRECT] WARNING: Could not lock System prefs. Unix error code 2.
2025-09-11 13:14:32,819 [ERROR] LogOutputStream:75 - [STDERR_REDIRECT] 
2025-09-11 13:14:32,820 [ERROR] LogOutputStream:75 - [STDERR_REDIRECT] Sep 11, 2025 1:14:32 PM java.util.prefs.FileSystemPreferences syncWorld
2025-09-11 13:14:32,821 [ERROR] LogOutputStream:75 - [STDERR_REDIRECT] WARNING: Couldn't flush system prefs: java.util.prefs.BackingStoreException: Couldn't get file lock.
2025-09-11 13:14:32,821 [ERROR] LogOutputStream:75 - [STDERR_REDIRECT] 
2025-09-11 13:15:02,819 [ERROR] LogOutputStream:75 - [STDERR_REDIRECT] Sep 11, 2025 1:15:02 PM java.util.prefs.FileSystemPreferences checkLockFile0ErrorCode
2025-09-11 13:15:02,820 [ERROR] LogOutputStream:75 - [STDERR_REDIRECT] WARNING: Could not lock System prefs. Unix error code 2.
2025-09-11 13:15:02,820 [ERROR] LogOutputStream:75 - [STDERR_REDIRECT] 
2025-09-11 13:15:02,821 [ERROR] LogOutputStream:75 - [STDERR_REDIRECT] Sep 11, 2025 1:15:02 PM java.util.prefs.FileSystemPreferences syncWorld
2025-09-11 13:15:02,821 [ERROR] LogOutputStream:75 - [STDERR_REDIRECT] WARNING: Couldn't flush system prefs: java.util.prefs.BackingStoreException: Couldn't get file lock.
2025-09-11 13:15:02,821 [ERROR] LogOutputStream:75 - [STDERR_REDIRECT] 
2025-09-11 13:15:32,819 [ERROR] LogOutputStream:75 - [STDERR_REDIRECT] Sep 11, 2025 1:15:32 PM java.util.prefs.FileSystemPreferences checkLockFile0ErrorCode
2025-09-11 13:15:32,820 [ERROR] LogOutputStream:75 - [STDERR_REDIRECT] WARNING: Could not lock System prefs. Unix error code 2.
2025-09-11 13:15:32,820 [ERROR] LogOutputStream:75 - [STDERR_REDIRECT] 
2025-09-11 13:15:32,821 [ERROR] LogOutputStream:75 - [STDERR_REDIRECT] Sep 11, 2025 1:15:32 PM java.util.prefs.FileSystemPreferences syncWorld
2025-09-11 13:15:32,821 [ERROR] LogOutputStream:75 - [STDERR_REDIRECT] WARNING: Couldn't flush system prefs: java.util.prefs.BackingStoreException: Couldn't get file lock.
2025-09-11 13:15:32,821 [ERROR] LogOutputStream:75 - [STDERR_REDIRECT] 
2025-09-11 13:16:02,819 [ERROR] LogOutputStream:75 - [STDERR_REDIRECT] Sep 11, 2025 1:16:02 PM java.util.prefs.FileSystemPreferences checkLockFile0ErrorCode
2025-09-11 13:16:02,820 [ERROR] LogOutputStream:75 - [STDERR_REDIRECT] WARNING: Could not lock System prefs. Unix error code 2.
2025-09-11 13:16:02,820 [ERROR] LogOutputStream:75 - [STDERR_REDIRECT] 
2025-09-11 13:16:02,821 [ERROR] LogOutputStream:75 - [STDERR_REDIRECT] Sep 11, 2025 1:16:02 PM java.util.prefs.FileSystemPreferences syncWorld
2025-09-11 13:16:02,822 [ERROR] LogOutputStream:75 - [STDERR_REDIRECT] WARNING: Couldn't flush system prefs: java.util.prefs.BackingStoreException: Couldn't get file lock.
2025-09-11 13:16:02,822 [ERROR] LogOutputStream:75 - [STDERR_REDIRECT] 
2025-09-11 13:16:32,820 [ERROR] LogOutputStream:75 - [STDERR_REDIRECT] Sep 11, 2025 1:16:32 PM java.util.prefs.FileSystemPreferences checkLockFile0ErrorCode
2025-09-11 13:16:32,821 [ERROR] LogOutputStream:75 - [STDERR_REDIRECT] WARNING: Could not lock System prefs. Unix error code 2.
2025-09-11 13:16:32,821 [ERROR] LogOutputStream:75 - [STDERR_REDIRECT] 
2025-09-11 13:16:32,822 [ERROR] LogOutputStream:75 - [STDERR_REDIRECT] Sep 11, 2025 1:16:32 PM java.util.prefs.FileSystemPreferences syncWorld
2025-09-11 13:16:32,822 [ERROR] LogOutputStream:75 - [STDERR_REDIRECT] WARNING: Couldn't flush system prefs: java.util.prefs.BackingStoreException: Couldn't get file lock.
2025-09-11 13:16:32,823 [ERROR] LogOutputStream:75 - [STDERR_REDIRECT] 
2025-09-11 13:17:02,820 [ERROR] LogOutputStream:75 - [STDERR_REDIRECT] Sep 11, 2025 1:17:02 PM java.util.prefs.FileSystemPreferences checkLockFile0ErrorCode
2025-09-11 13:17:02,820 [ERROR] LogOutputStream:75 - [STDERR_REDIRECT] WARNING: Could not lock System prefs. Unix error code 2.
2025-09-11 13:17:02,820 [ERROR] LogOutputStream:75 - [STDERR_REDIRECT] 
2025-09-11 13:17:02,821 [ERROR] LogOutputStream:75 - [STDERR_REDIRECT] Sep 11, 2025 1:17:02 PM java.util.prefs.FileSystemPreferences syncWorld
2025-09-11 13:17:02,822 [ERROR] LogOutputStream:75 - [STDERR_REDIRECT] WARNING: Couldn't flush system prefs: java.util.prefs.BackingStoreException: Couldn't get file lock.
2025-09-11 13:17:02,822 [ERROR] LogOutputStream:75 - [STDERR_REDIRECT] 
2025-09-11 13:17:32,820 [ERROR] LogOutputStream:75 - [STDERR_REDIRECT] Sep 11, 2025 1:17:32 PM java.util.prefs.FileSystemPreferences checkLockFile0ErrorCode
2025-09-11 13:17:32,820 [ERROR] LogOutputStream:75 - [STDERR_REDIRECT] WARNING: Could not lock System prefs. Unix error code 2.
2025-09-11 13:17:32,820 [ERROR] LogOutputStream:75 - [STDERR_REDIRECT] 
2025-09-11 13:17:32,821 [ERROR] LogOutputStream:75 - [STDERR_REDIRECT] Sep 11, 2025 1:17:32 PM java.util.prefs.FileSystemPreferences syncWorld
2025-09-11 13:17:32,822 [ERROR] LogOutputStream:75 - [STDERR_REDIRECT] WARNING: Couldn't flush system prefs: java.util.prefs.BackingStoreException: Couldn't get file lock.
2025-09-11 13:17:32,822 [ERROR] LogOutputStream:75 - [STDERR_REDIRECT] 
2025-09-11 13:18:02,820 [ERROR] LogOutputStream:75 - [STDERR_REDIRECT] Sep 11, 2025 1:18:02 PM java.util.prefs.FileSystemPreferences checkLockFile0ErrorCode
2025-09-11 13:18:02,821 [ERROR] LogOutputStream:75 - [STDERR_REDIRECT] WARNING: Could not lock System prefs. Unix error code 2.
2025-09-11 13:18:02,821 [ERROR] LogOutputStream:75 - [STDERR_REDIRECT] 
2025-09-11 13:18:02,822 [ERROR] LogOutputStream:75 - [STDERR_REDIRECT] Sep 11, 2025 1:18:02 PM java.util.prefs.FileSystemPreferences syncWorld
2025-09-11 13:18:02,823 [ERROR] LogOutputStream:75 - [STDERR_REDIRECT] WARNING: Couldn't flush system prefs: java.util.prefs.BackingStoreException: Couldn't get file lock.
2025-09-11 13:18:02,823 [ERROR] LogOutputStream:75 - [STDERR_REDIRECT] 
2025-09-11 13:18:32,820 [ERROR] LogOutputStream:75 - [STDERR_REDIRECT] Sep 11, 2025 1:18:32 PM java.util.prefs.FileSystemPreferences checkLockFile0ErrorCode
2025-09-11 13:18:32,821 [ERROR] LogOutputStream:75 - [STDERR_REDIRECT] WARNING: Could not lock System prefs. Unix error code 2.
2025-09-11 13:18:32,821 [ERROR] LogOutputStream:75 - [STDERR_REDIRECT] 
2025-09-11 13:18:32,821 [ERROR] LogOutputStream:75 - [STDERR_REDIRECT] Sep 11, 2025 1:18:32 PM java.util.prefs.FileSystemPreferences syncWorld
2025-09-11 13:18:32,822 [ERROR] LogOutputStream:75 - [STDERR_REDIRECT] WARNING: Couldn't flush system prefs: java.util.prefs.BackingStoreException: Couldn't get file lock.
2025-09-11 13:18:32,822 [ERROR] LogOutputStream:75 - [STDERR_REDIRECT] 
2025-09-11 13:19:02,820 [ERROR] LogOutputStream:75 - [STDERR_REDIRECT] Sep 11, 2025 1:19:02 PM java.util.prefs.FileSystemPreferences checkLockFile0ErrorCode
2025-09-11 13:19:02,821 [ERROR] LogOutputStream:75 - [STDERR_REDIRECT] WARNING: Could not lock System prefs. Unix error code 2.
2025-09-11 13:19:02,821 [ERROR] LogOutputStream:75 - [STDERR_REDIRECT] 
2025-09-11 13:19:02,821 [ERROR] LogOutputStream:75 - [STDERR_REDIRECT] Sep 11, 2025 1:19:02 PM java.util.prefs.FileSystemPreferences syncWorld
2025-09-11 13:19:02,822 [ERROR] LogOutputStream:75 - [STDERR_REDIRECT] WARNING: Couldn't flush system prefs: java.util.prefs.BackingStoreException: Couldn't get file lock.
2025-09-11 13:19:02,822 [ERROR] LogOutputStream:75 - [STDERR_REDIRECT] 
2025-09-11 13:19:32,819 [ERROR] LogOutputStream:75 - [STDERR_REDIRECT] Sep 11, 2025 1:19:32 PM java.util.prefs.FileSystemPreferences checkLockFile0ErrorCode
2025-09-11 13:19:32,820 [ERROR] LogOutputStream:75 - [STDERR_REDIRECT] WARNING: Could not lock System prefs. Unix error code 2.
2025-09-11 13:19:32,820 [ERROR] LogOutputStream:75 - [STDERR_REDIRECT] 
2025-09-11 13:19:32,820 [ERROR] LogOutputStream:75 - [STDERR_REDIRECT] Sep 11, 2025 1:19:32 PM java.util.prefs.FileSystemPreferences syncWorld
2025-09-11 13:19:32,821 [ERROR] LogOutputStream:75 - [STDERR_REDIRECT] WARNING: Couldn't flush system prefs: java.util.prefs.BackingStoreException: Couldn't get file lock.
2025-09-11 13:19:32,821 [ERROR] LogOutputStream:75 - [STDERR_REDIRECT] 
2025-09-11 13:20:02,820 [ERROR] LogOutputStream:75 - [STDERR_REDIRECT] Sep 11, 2025 1:20:02 PM java.util.prefs.FileSystemPreferences checkLockFile0ErrorCode
2025-09-11 13:20:02,820 [ERROR] LogOutputStream:75 - [STDERR_REDIRECT] WARNING: Could not lock System prefs. Unix error code 2.
2025-09-11 13:20:02,821 [ERROR] LogOutputStream:75 - [STDERR_REDIRECT] 
2025-09-11 13:20:02,821 [ERROR] LogOutputStream:75 - [STDERR_REDIRECT] Sep 11, 2025 1:20:02 PM java.util.prefs.FileSystemPreferences syncWorld
2025-09-11 13:20:02,822 [ERROR] LogOutputStream:75 - [STDERR_REDIRECT] WARNING: Couldn't flush system prefs: java.util.prefs.BackingStoreException: Couldn't get file lock.
2025-09-11 13:20:02,822 [ERROR] LogOutputStream:75 - [STDERR_REDIRECT] 
2025-09-11 13:20:32,819 [ERROR] LogOutputStream:75 - [STDERR_REDIRECT] Sep 11, 2025 1:20:32 PM java.util.prefs.FileSystemPreferences checkLockFile0ErrorCode
2025-09-11 13:20:32,820 [ERROR] LogOutputStream:75 - [STDERR_REDIRECT] WARNING: Could not lock System prefs. Unix error code 2.
2025-09-11 13:20:32,820 [ERROR] LogOutputStream:75 - [STDERR_REDIRECT] 
2025-09-11 13:20:32,820 [ERROR] LogOutputStream:75 - [STDERR_REDIRECT] Sep 11, 2025 1:20:32 PM java.util.prefs.FileSystemPreferences syncWorld
2025-09-11 13:20:32,821 [ERROR] LogOutputStream:75 - [STDERR_REDIRECT] WARNING: Couldn't flush system prefs: java.util.prefs.BackingStoreException: Couldn't get file lock.
2025-09-11 13:20:32,821 [ERROR] LogOutputStream:75 - [STDERR_REDIRECT] 
2025-09-11 13:21:02,819 [ERROR] LogOutputStream:75 - [STDERR_REDIRECT] Sep 11, 2025 1:21:02 PM java.util.prefs.FileSystemPreferences checkLockFile0ErrorCode
2025-09-11 13:21:02,820 [ERROR] LogOutputStream:75 - [STDERR_REDIRECT] WARNING: Could not lock System prefs. Unix error code 2.
2025-09-11 13:21:02,820 [ERROR] LogOutputStream:75 - [STDERR_REDIRECT] 
2025-09-11 13:21:02,820 [ERROR] LogOutputStream:75 - [STDERR_REDIRECT] Sep 11, 2025 1:21:02 PM java.util.prefs.FileSystemPreferences syncWorld
2025-09-11 13:21:02,821 [ERROR] LogOutputStream:75 - [STDERR_REDIRECT] WARNING: Couldn't flush system prefs: java.util.prefs.BackingStoreException: Couldn't get file lock.
2025-09-11 13:21:02,821 [ERROR] LogOutputStream:75 - [STDERR_REDIRECT] 
2025-09-11 13:21:32,820 [ERROR] LogOutputStream:75 - [STDERR_REDIRECT] Sep 11, 2025 1:21:32 PM java.util.prefs.FileSystemPreferences checkLockFile0ErrorCode
2025-09-11 13:21:32,821 [ERROR] LogOutputStream:75 - [STDERR_REDIRECT] WARNING: Could not lock System prefs. Unix error code 2.
2025-09-11 13:21:32,821 [ERROR] LogOutputStream:75 - [STDERR_REDIRECT] 
2025-09-11 13:21:32,821 [ERROR] LogOutputStream:75 - [STDERR_REDIRECT] Sep 11, 2025 1:21:32 PM java.util.prefs.FileSystemPreferences syncWorld
2025-09-11 13:21:32,822 [ERROR] LogOutputStream:75 - [STDERR_REDIRECT] WARNING: Couldn't flush system prefs: java.util.prefs.BackingStoreException: Couldn't get file lock.
2025-09-11 13:21:32,822 [ERROR] LogOutputStream:75 - [STDERR_REDIRECT] 
2025-09-11 13:22:02,820 [ERROR] LogOutputStream:75 - [STDERR_REDIRECT] Sep 11, 2025 1:22:02 PM java.util.prefs.FileSystemPreferences checkLockFile0ErrorCode
2025-09-11 13:22:02,820 [ERROR] LogOutputStream:75 - [STDERR_REDIRECT] WARNING: Could not lock System prefs. Unix error code 2.
2025-09-11 13:22:02,820 [ERROR] LogOutputStream:75 - [STDERR_REDIRECT] 
2025-09-11 13:22:02,821 [ERROR] LogOutputStream:75 - [STDERR_REDIRECT] Sep 11, 2025 1:22:02 PM java.util.prefs.FileSystemPreferences syncWorld
2025-09-11 13:22:02,822 [ERROR] LogOutputStream:75 - [STDERR_REDIRECT] WARNING: Couldn't flush system prefs: java.util.prefs.BackingStoreException: Couldn't get file lock.
2025-09-11 13:22:02,822 [ERROR] LogOutputStream:75 - [STDERR_REDIRECT] 
2025-09-11 13:22:32,819 [ERROR] LogOutputStream:75 - [STDERR_REDIRECT] Sep 11, 2025 1:22:32 PM java.util.prefs.FileSystemPreferences checkLockFile0ErrorCode
2025-09-11 13:22:32,820 [ERROR] LogOutputStream:75 - [STDERR_REDIRECT] WARNING: Could not lock System prefs. Unix error code 2.
2025-09-11 13:22:32,820 [ERROR] LogOutputStream:75 - [STDERR_REDIRECT] 
2025-09-11 13:22:32,820 [ERROR] LogOutputStream:75 - [STDERR_REDIRECT] Sep 11, 2025 1:22:32 PM java.util.prefs.FileSystemPreferences syncWorld
2025-09-11 13:22:32,822 [ERROR] LogOutputStream:75 - [STDERR_REDIRECT] WARNING: Couldn't flush system prefs: java.util.prefs.BackingStoreException: Couldn't get file lock.
2025-09-11 13:22:32,822 [ERROR] LogOutputStream:75 - [STDERR_REDIRECT] 
2025-09-11 13:23:02,819 [ERROR] LogOutputStream:75 - [STDERR_REDIRECT] Sep 11, 2025 1:23:02 PM java.util.prefs.FileSystemPreferences checkLockFile0ErrorCode
2025-09-11 13:23:02,820 [ERROR] LogOutputStream:75 - [STDERR_REDIRECT] WARNING: Could not lock System prefs. Unix error code 2.
2025-09-11 13:23:02,820 [ERROR] LogOutputStream:75 - [STDERR_REDIRECT] 
2025-09-11 13:23:02,821 [ERROR] LogOutputStream:75 - [STDERR_REDIRECT] Sep 11, 2025 1:23:02 PM java.util.prefs.FileSystemPreferences syncWorld
2025-09-11 13:23:02,821 [ERROR] LogOutputStream:75 - [STDERR_REDIRECT] WARNING: Couldn't flush system prefs: java.util.prefs.BackingStoreException: Couldn't get file lock.
2025-09-11 13:23:02,821 [ERROR] LogOutputStream:75 - [STDERR_REDIRECT] 
2025-09-11 13:23:32,820 [ERROR] LogOutputStream:75 - [STDERR_REDIRECT] Sep 11, 2025 1:23:32 PM java.util.prefs.FileSystemPreferences checkLockFile0ErrorCode
2025-09-11 13:23:32,821 [ERROR] LogOutputStream:75 - [STDERR_REDIRECT] WARNING: Could not lock System prefs. Unix error code 2.
2025-09-11 13:23:32,821 [ERROR] LogOutputStream:75 - [STDERR_REDIRECT] 
2025-09-11 13:23:32,821 [ERROR] LogOutputStream:75 - [STDERR_REDIRECT] Sep 11, 2025 1:23:32 PM java.util.prefs.FileSystemPreferences syncWorld
2025-09-11 13:23:32,822 [ERROR] LogOutputStream:75 - [STDERR_REDIRECT] WARNING: Couldn't flush system prefs: java.util.prefs.BackingStoreException: Couldn't get file lock.
2025-09-11 13:23:32,822 [ERROR] LogOutputStream:75 - [STDERR_REDIRECT] 
2025-09-11 13:24:02,820 [ERROR] LogOutputStream:75 - [STDERR_REDIRECT] Sep 11, 2025 1:24:02 PM java.util.prefs.FileSystemPreferences checkLockFile0ErrorCode
2025-09-11 13:24:02,821 [ERROR] LogOutputStream:75 - [STDERR_REDIRECT] WARNING: Could not lock System prefs. Unix error code 2.
2025-09-11 13:24:02,821 [ERROR] LogOutputStream:75 - [STDERR_REDIRECT] 
2025-09-11 13:24:02,821 [ERROR] LogOutputStream:75 - [STDERR_REDIRECT] Sep 11, 2025 1:24:02 PM java.util.prefs.FileSystemPreferences syncWorld
2025-09-11 13:24:02,822 [ERROR] LogOutputStream:75 - [STDERR_REDIRECT] WARNING: Couldn't flush system prefs: java.util.prefs.BackingStoreException: Couldn't get file lock.
2025-09-11 13:24:02,822 [ERROR] LogOutputStream:75 - [STDERR_REDIRECT] 
2025-09-11 13:24:32,820 [ERROR] LogOutputStream:75 - [STDERR_REDIRECT] Sep 11, 2025 1:24:32 PM java.util.prefs.FileSystemPreferences checkLockFile0ErrorCode
2025-09-11 13:24:32,820 [ERROR] LogOutputStream:75 - [STDERR_REDIRECT] WARNING: Could not lock System prefs. Unix error code 2.
2025-09-11 13:24:32,820 [ERROR] LogOutputStream:75 - [STDERR_REDIRECT] 
2025-09-11 13:24:32,821 [ERROR] LogOutputStream:75 - [STDERR_REDIRECT] Sep 11, 2025 1:24:32 PM java.util.prefs.FileSystemPreferences syncWorld
2025-09-11 13:24:32,821 [ERROR] LogOutputStream:75 - [STDERR_REDIRECT] WARNING: Couldn't flush system prefs: java.util.prefs.BackingStoreException: Couldn't get file lock.
2025-09-11 13:24:32,821 [ERROR] LogOutputStream:75 - [STDERR_REDIRECT] 
2025-09-11 13:25:02,820 [ERROR] LogOutputStream:75 - [STDERR_REDIRECT] Sep 11, 2025 1:25:02 PM java.util.prefs.FileSystemPreferences checkLockFile0ErrorCode
2025-09-11 13:25:02,821 [ERROR] LogOutputStream:75 - [STDERR_REDIRECT] WARNING: Could not lock System prefs. Unix error code 2.
2025-09-11 13:25:02,821 [ERROR] LogOutputStream:75 - [STDERR_REDIRECT] 
2025-09-11 13:25:02,821 [ERROR] LogOutputStream:75 - [STDERR_REDIRECT] Sep 11, 2025 1:25:02 PM java.util.prefs.FileSystemPreferences syncWorld
2025-09-11 13:25:02,822 [ERROR] LogOutputStream:75 - [STDERR_REDIRECT] WARNING: Couldn't flush system prefs: java.util.prefs.BackingStoreException: Couldn't get file lock.
2025-09-11 13:25:02,822 [ERROR] LogOutputStream:75 - [STDERR_REDIRECT] 
2025-09-11 13:25:32,820 [ERROR] LogOutputStream:75 - [STDERR_REDIRECT] Sep 11, 2025 1:25:32 PM java.util.prefs.FileSystemPreferences checkLockFile0ErrorCode
2025-09-11 13:25:32,821 [ERROR] LogOutputStream:75 - [STDERR_REDIRECT] WARNING: Could not lock System prefs. Unix error code 2.
2025-09-11 13:25:32,821 [ERROR] LogOutputStream:75 - [STDERR_REDIRECT] 
2025-09-11 13:25:32,821 [ERROR] LogOutputStream:75 - [STDERR_REDIRECT] Sep 11, 2025 1:25:32 PM java.util.prefs.FileSystemPreferences syncWorld
2025-09-11 13:25:32,821 [ERROR] LogOutputStream:75 - [STDERR_REDIRECT] WARNING: Couldn't flush system prefs: java.util.prefs.BackingStoreException: Couldn't get file lock.
2025-09-11 13:25:32,821 [ERROR] LogOutputStream:75 - [STDERR_REDIRECT] 
2025-09-11 13:26:02,820 [ERROR] LogOutputStream:75 - [STDERR_REDIRECT] Sep 11, 2025 1:26:02 PM java.util.prefs.FileSystemPreferences checkLockFile0ErrorCode
2025-09-11 13:26:02,821 [ERROR] LogOutputStream:75 - [STDERR_REDIRECT] WARNING: Could not lock System prefs. Unix error code 2.
2025-09-11 13:26:02,821 [ERROR] LogOutputStream:75 - [STDERR_REDIRECT] 
2025-09-11 13:26:02,821 [ERROR] LogOutputStream:75 - [STDERR_REDIRECT] Sep 11, 2025 1:26:02 PM java.util.prefs.FileSystemPreferences syncWorld
2025-09-11 13:26:02,822 [ERROR] LogOutputStream:75 - [STDERR_REDIRECT] WARNING: Couldn't flush system prefs: java.util.prefs.BackingStoreException: Couldn't get file lock.
2025-09-11 13:26:02,822 [ERROR] LogOutputStream:75 - [STDERR_REDIRECT] 
2025-09-11 13:26:32,822 [ERROR] LogOutputStream:75 - [STDERR_REDIRECT] Sep 11, 2025 1:26:32 PM java.util.prefs.FileSystemPreferences checkLockFile0ErrorCode
2025-09-11 13:26:32,822 [ERROR] LogOutputStream:75 - [STDERR_REDIRECT] WARNING: Could not lock System prefs. Unix error code 2.
2025-09-11 13:26:32,822 [ERROR] LogOutputStream:75 - [STDERR_REDIRECT] 
2025-09-11 13:26:32,823 [ERROR] LogOutputStream:75 - [STDERR_REDIRECT] Sep 11, 2025 1:26:32 PM java.util.prefs.FileSystemPreferences syncWorld
2025-09-11 13:26:32,824 [ERROR] LogOutputStream:75 - [STDERR_REDIRECT] WARNING: Couldn't flush system prefs: java.util.prefs.BackingStoreException: Couldn't get file lock.
2025-09-11 13:26:32,824 [ERROR] LogOutputStream:75 - [STDERR_REDIRECT] 
2025-09-11 13:27:02,821 [ERROR] LogOutputStream:75 - [STDERR_REDIRECT] Sep 11, 2025 1:27:02 PM java.util.prefs.FileSystemPreferences checkLockFile0ErrorCode
2025-09-11 13:27:02,821 [ERROR] LogOutputStream:75 - [STDERR_REDIRECT] WARNING: Could not lock System prefs. Unix error code 2.
2025-09-11 13:27:02,821 [ERROR] LogOutputStream:75 - [STDERR_REDIRECT] 
2025-09-11 13:27:02,822 [ERROR] LogOutputStream:75 - [STDERR_REDIRECT] Sep 11, 2025 1:27:02 PM java.util.prefs.FileSystemPreferences syncWorld
2025-09-11 13:27:02,823 [ERROR] LogOutputStream:75 - [STDERR_REDIRECT] WARNING: Couldn't flush system prefs: java.util.prefs.BackingStoreException: Couldn't get file lock.
2025-09-11 13:27:02,823 [ERROR] LogOutputStream:75 - [STDERR_REDIRECT] 
2025-09-11 13:27:32,822 [ERROR] LogOutputStream:75 - [STDERR_REDIRECT] Sep 11, 2025 1:27:32 PM java.util.prefs.FileSystemPreferences checkLockFile0ErrorCode
2025-09-11 13:27:32,823 [ERROR] LogOutputStream:75 - [STDERR_REDIRECT] WARNING: Could not lock System prefs. Unix error code 2.
2025-09-11 13:27:32,823 [ERROR] LogOutputStream:75 - [STDERR_REDIRECT] 
2025-09-11 13:27:32,824 [ERROR] LogOutputStream:75 - [STDERR_REDIRECT] Sep 11, 2025 1:27:32 PM java.util.prefs.FileSystemPreferences syncWorld
2025-09-11 13:27:32,824 [ERROR] LogOutputStream:75 - [STDERR_REDIRECT] WARNING: Couldn't flush system prefs: java.util.prefs.BackingStoreException: Couldn't get file lock.
2025-09-11 13:27:32,824 [ERROR] LogOutputStream:75 - [STDERR_REDIRECT] 
2025-09-11 13:28:02,822 [ERROR] LogOutputStream:75 - [STDERR_REDIRECT] Sep 11, 2025 1:28:02 PM java.util.prefs.FileSystemPreferences checkLockFile0ErrorCode
2025-09-11 13:28:02,822 [ERROR] LogOutputStream:75 - [STDERR_REDIRECT] WARNING: Could not lock System prefs. Unix error code 2.
2025-09-11 13:28:02,823 [ERROR] LogOutputStream:75 - [STDERR_REDIRECT] 
2025-09-11 13:28:02,823 [ERROR] LogOutputStream:75 - [STDERR_REDIRECT] Sep 11, 2025 1:28:02 PM java.util.prefs.FileSystemPreferences syncWorld
2025-09-11 13:28:02,824 [ERROR] LogOutputStream:75 - [STDERR_REDIRECT] WARNING: Couldn't flush system prefs: java.util.prefs.BackingStoreException: Couldn't get file lock.
2025-09-11 13:28:02,824 [ERROR] LogOutputStream:75 - [STDERR_REDIRECT] 
2025-09-11 13:28:32,822 [ERROR] LogOutputStream:75 - [STDERR_REDIRECT] Sep 11, 2025 1:28:32 PM java.util.prefs.FileSystemPreferences checkLockFile0ErrorCode
2025-09-11 13:28:32,822 [ERROR] LogOutputStream:75 - [STDERR_REDIRECT] WARNING: Could not lock System prefs. Unix error code 2.
2025-09-11 13:28:32,822 [ERROR] LogOutputStream:75 - [STDERR_REDIRECT] 
2025-09-11 13:28:32,823 [ERROR] LogOutputStream:75 - [STDERR_REDIRECT] Sep 11, 2025 1:28:32 PM java.util.prefs.FileSystemPreferences syncWorld
2025-09-11 13:28:32,823 [ERROR] LogOutputStream:75 - [STDERR_REDIRECT] WARNING: Couldn't flush system prefs: java.util.prefs.BackingStoreException: Couldn't get file lock.
2025-09-11 13:28:32,823 [ERROR] LogOutputStream:75 - [STDERR_REDIRECT] 
2025-09-11 13:29:02,822 [ERROR] LogOutputStream:75 - [STDERR_REDIRECT] Sep 11, 2025 1:29:02 PM java.util.prefs.FileSystemPreferences checkLockFile0ErrorCode
2025-09-11 13:29:02,822 [ERROR] LogOutputStream:75 - [STDERR_REDIRECT] WARNING: Could not lock System prefs. Unix error code 2.
2025-09-11 13:29:02,822 [ERROR] LogOutputStream:75 - [STDERR_REDIRECT] 
2025-09-11 13:29:02,823 [ERROR] LogOutputStream:75 - [STDERR_REDIRECT] Sep 11, 2025 1:29:02 PM java.util.prefs.FileSystemPreferences syncWorld
2025-09-11 13:29:02,823 [ERROR] LogOutputStream:75 - [STDERR_REDIRECT] WARNING: Couldn't flush system prefs: java.util.prefs.BackingStoreException: Couldn't get file lock.
2025-09-11 13:29:02,823 [ERROR] LogOutputStream:75 - [STDERR_REDIRECT] 
2025-09-11 13:29:32,822 [ERROR] LogOutputStream:75 - [STDERR_REDIRECT] Sep 11, 2025 1:29:32 PM java.util.prefs.FileSystemPreferences checkLockFile0ErrorCode
2025-09-11 13:29:32,822 [ERROR] LogOutputStream:75 - [STDERR_REDIRECT] WARNING: Could not lock System prefs. Unix error code 2.
2025-09-11 13:29:32,822 [ERROR] LogOutputStream:75 - [STDERR_REDIRECT] 
2025-09-11 13:29:32,823 [ERROR] LogOutputStream:75 - [STDERR_REDIRECT] Sep 11, 2025 1:29:32 PM java.util.prefs.FileSystemPreferences syncWorld
2025-09-11 13:29:32,823 [ERROR] LogOutputStream:75 - [STDERR_REDIRECT] WARNING: Couldn't flush system prefs: java.util.prefs.BackingStoreException: Couldn't get file lock.
2025-09-11 13:29:32,823 [ERROR] LogOutputStream:75 - [STDERR_REDIRECT] 
2025-09-11 13:30:02,822 [ERROR] LogOutputStream:75 - [STDERR_REDIRECT] Sep 11, 2025 1:30:02 PM java.util.prefs.FileSystemPreferences checkLockFile0ErrorCode
2025-09-11 13:30:02,822 [ERROR] LogOutputStream:75 - [STDERR_REDIRECT] WARNING: Could not lock System prefs. Unix error code 2.
2025-09-11 13:30:02,822 [ERROR] LogOutputStream:75 - [STDERR_REDIRECT] 
2025-09-11 13:30:02,822 [ERROR] LogOutputStream:75 - [STDERR_REDIRECT] Sep 11, 2025 1:30:02 PM java.util.prefs.FileSystemPreferences syncWorld
2025-09-11 13:30:02,823 [ERROR] LogOutputStream:75 - [STDERR_REDIRECT] WARNING: Couldn't flush system prefs: java.util.prefs.BackingStoreException: Couldn't get file lock.
2025-09-11 13:30:02,823 [ERROR] LogOutputStream:75 - [STDERR_REDIRECT] 
2025-09-11 13:30:32,821 [ERROR] LogOutputStream:75 - [STDERR_REDIRECT] Sep 11, 2025 1:30:32 PM java.util.prefs.FileSystemPreferences checkLockFile0ErrorCode
2025-09-11 13:30:32,822 [ERROR] LogOutputStream:75 - [STDERR_REDIRECT] WARNING: Could not lock System prefs. Unix error code 2.
2025-09-11 13:30:32,822 [ERROR] LogOutputStream:75 - [STDERR_REDIRECT] 
2025-09-11 13:30:32,822 [ERROR] LogOutputStream:75 - [STDERR_REDIRECT] Sep 11, 2025 1:30:32 PM java.util.prefs.FileSystemPreferences syncWorld
2025-09-11 13:30:32,823 [ERROR] LogOutputStream:75 - [STDERR_REDIRECT] WARNING: Couldn't flush system prefs: java.util.prefs.BackingStoreException: Couldn't get file lock.
2025-09-11 13:30:32,823 [ERROR] LogOutputStream:75 - [STDERR_REDIRECT] 
2025-09-11 13:31:02,822 [ERROR] LogOutputStream:75 - [STDERR_REDIRECT] Sep 11, 2025 1:31:02 PM java.util.prefs.FileSystemPreferences checkLockFile0ErrorCode
2025-09-11 13:31:02,823 [ERROR] LogOutputStream:75 - [STDERR_REDIRECT] WARNING: Could not lock System prefs. Unix error code 2.
2025-09-11 13:31:02,823 [ERROR] LogOutputStream:75 - [STDERR_REDIRECT] 
2025-09-11 13:31:02,823 [ERROR] LogOutputStream:75 - [STDERR_REDIRECT] Sep 11, 2025 1:31:02 PM java.util.prefs.FileSystemPreferences syncWorld
2025-09-11 13:31:02,824 [ERROR] LogOutputStream:75 - [STDERR_REDIRECT] WARNING: Couldn't flush system prefs: java.util.prefs.BackingStoreException: Couldn't get file lock.
2025-09-11 13:31:02,824 [ERROR] LogOutputStream:75 - [STDERR_REDIRECT] 
2025-09-11 13:31:32,822 [ERROR] LogOutputStream:75 - [STDERR_REDIRECT] Sep 11, 2025 1:31:32 PM java.util.prefs.FileSystemPreferences checkLockFile0ErrorCode
2025-09-11 13:31:32,824 [ERROR] LogOutputStream:75 - [STDERR_REDIRECT] WARNING: Could not lock System prefs. Unix error code 2.
2025-09-11 13:31:32,824 [ERROR] LogOutputStream:75 - [STDERR_REDIRECT] 
2025-09-11 13:31:32,824 [ERROR] LogOutputStream:75 - [STDERR_REDIRECT] Sep 11, 2025 1:31:32 PM java.util.prefs.FileSystemPreferences syncWorld
2025-09-11 13:31:32,825 [ERROR] LogOutputStream:75 - [STDERR_REDIRECT] WARNING: Couldn't flush system prefs: java.util.prefs.BackingStoreException: Couldn't get file lock.
2025-09-11 13:31:32,825 [ERROR] LogOutputStream:75 - [STDERR_REDIRECT] 
2025-09-11 13:32:02,822 [ERROR] LogOutputStream:75 - [STDERR_REDIRECT] Sep 11, 2025 1:32:02 PM java.util.prefs.FileSystemPreferences checkLockFile0ErrorCode
2025-09-11 13:32:02,822 [ERROR] LogOutputStream:75 - [STDERR_REDIRECT] WARNING: Could not lock System prefs. Unix error code 2.
2025-09-11 13:32:02,822 [ERROR] LogOutputStream:75 - [STDERR_REDIRECT] 
2025-09-11 13:32:02,823 [ERROR] LogOutputStream:75 - [STDERR_REDIRECT] Sep 11, 2025 1:32:02 PM java.util.prefs.FileSystemPreferences syncWorld
2025-09-11 13:32:02,823 [ERROR] LogOutputStream:75 - [STDERR_REDIRECT] WARNING: Couldn't flush system prefs: java.util.prefs.BackingStoreException: Couldn't get file lock.
2025-09-11 13:32:02,823 [ERROR] LogOutputStream:75 - [STDERR_REDIRECT] 
2025-09-11 13:32:32,822 [ERROR] LogOutputStream:75 - [STDERR_REDIRECT] Sep 11, 2025 1:32:32 PM java.util.prefs.FileSystemPreferences checkLockFile0ErrorCode
2025-09-11 13:32:32,823 [ERROR] LogOutputStream:75 - [STDERR_REDIRECT] WARNING: Could not lock System prefs. Unix error code 2.
2025-09-11 13:32:32,823 [ERROR] LogOutputStream:75 - [STDERR_REDIRECT] 
2025-09-11 13:32:32,823 [ERROR] LogOutputStream:75 - [STDERR_REDIRECT] Sep 11, 2025 1:32:32 PM java.util.prefs.FileSystemPreferences syncWorld
2025-09-11 13:32:32,824 [ERROR] LogOutputStream:75 - [STDERR_REDIRECT] WARNING: Couldn't flush system prefs: java.util.prefs.BackingStoreException: Couldn't get file lock.
2025-09-11 13:32:32,824 [ERROR] LogOutputStream:75 - [STDERR_REDIRECT] 
2025-09-11 13:33:02,822 [ERROR] LogOutputStream:75 - [STDERR_REDIRECT] Sep 11, 2025 1:33:02 PM java.util.prefs.FileSystemPreferences checkLockFile0ErrorCode
2025-09-11 13:33:02,823 [ERROR] LogOutputStream:75 - [STDERR_REDIRECT] WARNING: Could not lock System prefs. Unix error code 2.
2025-09-11 13:33:02,823 [ERROR] LogOutputStream:75 - [STDERR_REDIRECT] 
2025-09-11 13:33:02,823 [ERROR] LogOutputStream:75 - [STDERR_REDIRECT] Sep 11, 2025 1:33:02 PM java.util.prefs.FileSystemPreferences syncWorld
2025-09-11 13:33:02,824 [ERROR] LogOutputStream:75 - [STDERR_REDIRECT] WARNING: Couldn't flush system prefs: java.util.prefs.BackingStoreException: Couldn't get file lock.
2025-09-11 13:33:02,824 [ERROR] LogOutputStream:75 - [STDERR_REDIRECT] 
2025-09-11 13:33:32,822 [ERROR] LogOutputStream:75 - [STDERR_REDIRECT] Sep 11, 2025 1:33:32 PM java.util.prefs.FileSystemPreferences checkLockFile0ErrorCode
2025-09-11 13:33:32,823 [ERROR] LogOutputStream:75 - [STDERR_REDIRECT] WARNING: Could not lock System prefs. Unix error code 2.
2025-09-11 13:33:32,823 [ERROR] LogOutputStream:75 - [STDERR_REDIRECT] 
2025-09-11 13:33:32,823 [ERROR] LogOutputStream:75 - [STDERR_REDIRECT] Sep 11, 2025 1:33:32 PM java.util.prefs.FileSystemPreferences syncWorld
2025-09-11 13:33:32,824 [ERROR] LogOutputStream:75 - [STDERR_REDIRECT] WARNING: Couldn't flush system prefs: java.util.prefs.BackingStoreException: Couldn't get file lock.
2025-09-11 13:33:32,824 [ERROR] LogOutputStream:75 - [STDERR_REDIRECT] 
2025-09-11 13:34:02,823 [ERROR] LogOutputStream:75 - [STDERR_REDIRECT] Sep 11, 2025 1:34:02 PM java.util.prefs.FileSystemPreferences checkLockFile0ErrorCode
2025-09-11 13:34:02,823 [ERROR] LogOutputStream:75 - [STDERR_REDIRECT] WARNING: Could not lock System prefs. Unix error code 2.
2025-09-11 13:34:02,824 [ERROR] LogOutputStream:75 - [STDERR_REDIRECT] 
2025-09-11 13:34:02,825 [ERROR] LogOutputStream:75 - [STDERR_REDIRECT] Sep 11, 2025 1:34:02 PM java.util.prefs.FileSystemPreferences syncWorld
2025-09-11 13:34:02,826 [ERROR] LogOutputStream:75 - [STDERR_REDIRECT] WARNING: Couldn't flush system prefs: java.util.prefs.BackingStoreException: Couldn't get file lock.
2025-09-11 13:34:02,826 [ERROR] LogOutputStream:75 - [STDERR_REDIRECT] 
2025-09-11 13:34:32,822 [ERROR] LogOutputStream:75 - [STDERR_REDIRECT] Sep 11, 2025 1:34:32 PM java.util.prefs.FileSystemPreferences checkLockFile0ErrorCode
2025-09-11 13:34:32,823 [ERROR] LogOutputStream:75 - [STDERR_REDIRECT] WARNING: Could not lock System prefs. Unix error code 2.
2025-09-11 13:34:32,823 [ERROR] LogOutputStream:75 - [STDERR_REDIRECT] 
2025-09-11 13:34:32,823 [ERROR] LogOutputStream:75 - [STDERR_REDIRECT] Sep 11, 2025 1:34:32 PM java.util.prefs.FileSystemPreferences syncWorld
2025-09-11 13:34:32,824 [ERROR] LogOutputStream:75 - [STDERR_REDIRECT] WARNING: Couldn't flush system prefs: java.util.prefs.BackingStoreException: Couldn't get file lock.
2025-09-11 13:34:32,824 [ERROR] LogOutputStream:75 - [STDERR_REDIRECT] 
2025-09-11 13:35:02,822 [ERROR] LogOutputStream:75 - [STDERR_REDIRECT] Sep 11, 2025 1:35:02 PM java.util.prefs.FileSystemPreferences checkLockFile0ErrorCode
2025-09-11 13:35:02,823 [ERROR] LogOutputStream:75 - [STDERR_REDIRECT] WARNING: Could not lock System prefs. Unix error code 2.
2025-09-11 13:35:02,823 [ERROR] LogOutputStream:75 - [STDERR_REDIRECT] 
2025-09-11 13:35:02,823 [ERROR] LogOutputStream:75 - [STDERR_REDIRECT] Sep 11, 2025 1:35:02 PM java.util.prefs.FileSystemPreferences syncWorld
2025-09-11 13:35:02,824 [ERROR] LogOutputStream:75 - [STDERR_REDIRECT] WARNING: Couldn't flush system prefs: java.util.prefs.BackingStoreException: Couldn't get file lock.
2025-09-11 13:35:02,824 [ERROR] LogOutputStream:75 - [STDERR_REDIRECT] 
2025-09-11 13:35:32,823 [ERROR] LogOutputStream:75 - [STDERR_REDIRECT] Sep 11, 2025 1:35:32 PM java.util.prefs.FileSystemPreferences checkLockFile0ErrorCode
2025-09-11 13:35:32,823 [ERROR] LogOutputStream:75 - [STDERR_REDIRECT] WARNING: Could not lock System prefs. Unix error code 2.
2025-09-11 13:35:32,823 [ERROR] LogOutputStream:75 - [STDERR_REDIRECT] 
2025-09-11 13:35:32,824 [ERROR] LogOutputStream:75 - [STDERR_REDIRECT] Sep 11, 2025 1:35:32 PM java.util.prefs.FileSystemPreferences syncWorld
2025-09-11 13:35:32,824 [ERROR] LogOutputStream:75 - [STDERR_REDIRECT] WARNING: Couldn't flush system prefs: java.util.prefs.BackingStoreException: Couldn't get file lock.
2025-09-11 13:35:32,824 [ERROR] LogOutputStream:75 - [STDERR_REDIRECT] 
2025-09-11 13:36:02,823 [ERROR] LogOutputStream:75 - [STDERR_REDIRECT] Sep 11, 2025 1:36:02 PM java.util.prefs.FileSystemPreferences checkLockFile0ErrorCode
2025-09-11 13:36:02,824 [ERROR] LogOutputStream:75 - [STDERR_REDIRECT] WARNING: Could not lock System prefs. Unix error code 2.
2025-09-11 13:36:02,824 [ERROR] LogOutputStream:75 - [STDERR_REDIRECT] 
2025-09-11 13:36:02,824 [ERROR] LogOutputStream:75 - [STDERR_REDIRECT] Sep 11, 2025 1:36:02 PM java.util.prefs.FileSystemPreferences syncWorld
2025-09-11 13:36:02,825 [ERROR] LogOutputStream:75 - [STDERR_REDIRECT] WARNING: Couldn't flush system prefs: java.util.prefs.BackingStoreException: Couldn't get file lock.
2025-09-11 13:36:02,825 [ERROR] LogOutputStream:75 - [STDERR_REDIRECT] 
2025-09-11 13:36:32,822 [ERROR] LogOutputStream:75 - [STDERR_REDIRECT] Sep 11, 2025 1:36:32 PM java.util.prefs.FileSystemPreferences checkLockFile0ErrorCode
2025-09-11 13:36:32,823 [ERROR] LogOutputStream:75 - [STDERR_REDIRECT] WARNING: Could not lock System prefs. Unix error code 2.
2025-09-11 13:36:32,823 [ERROR] LogOutputStream:75 - [STDERR_REDIRECT] 
2025-09-11 13:36:32,823 [ERROR] LogOutputStream:75 - [STDERR_REDIRECT] Sep 11, 2025 1:36:32 PM java.util.prefs.FileSystemPreferences syncWorld
2025-09-11 13:36:32,824 [ERROR] LogOutputStream:75 - [STDERR_REDIRECT] WARNING: Couldn't flush system prefs: java.util.prefs.BackingStoreException: Couldn't get file lock.
2025-09-11 13:36:32,824 [ERROR] LogOutputStream:75 - [STDERR_REDIRECT] 
2025-09-11 13:37:02,823 [ERROR] LogOutputStream:75 - [STDERR_REDIRECT] Sep 11, 2025 1:37:02 PM java.util.prefs.FileSystemPreferences checkLockFile0ErrorCode
2025-09-11 13:37:02,823 [ERROR] LogOutputStream:75 - [STDERR_REDIRECT] WARNING: Could not lock System prefs. Unix error code 2.
2025-09-11 13:37:02,823 [ERROR] LogOutputStream:75 - [STDERR_REDIRECT] 
2025-09-11 13:37:02,824 [ERROR] LogOutputStream:75 - [STDERR_REDIRECT] Sep 11, 2025 1:37:02 PM java.util.prefs.FileSystemPreferences syncWorld
2025-09-11 13:37:02,824 [ERROR] LogOutputStream:75 - [STDERR_REDIRECT] WARNING: Couldn't flush system prefs: java.util.prefs.BackingStoreException: Couldn't get file lock.
2025-09-11 13:37:02,824 [ERROR] LogOutputStream:75 - [STDERR_REDIRECT] 
2025-09-11 13:37:32,823 [ERROR] LogOutputStream:75 - [STDERR_REDIRECT] Sep 11, 2025 1:37:32 PM java.util.prefs.FileSystemPreferences checkLockFile0ErrorCode
2025-09-11 13:37:32,823 [ERROR] LogOutputStream:75 - [STDERR_REDIRECT] WARNING: Could not lock System prefs. Unix error code 2.
2025-09-11 13:37:32,823 [ERROR] LogOutputStream:75 - [STDERR_REDIRECT] 
2025-09-11 13:37:32,824 [ERROR] LogOutputStream:75 - [STDERR_REDIRECT] Sep 11, 2025 1:37:32 PM java.util.prefs.FileSystemPreferences syncWorld
2025-09-11 13:37:32,824 [ERROR] LogOutputStream:75 - [STDERR_REDIRECT] WARNING: Couldn't flush system prefs: java.util.prefs.BackingStoreException: Couldn't get file lock.
2025-09-11 13:37:32,824 [ERROR] LogOutputStream:75 - [STDERR_REDIRECT] 
2025-09-11 13:38:02,824 [ERROR] LogOutputStream:75 - [STDERR_REDIRECT] Sep 11, 2025 1:38:02 PM java.util.prefs.FileSystemPreferences checkLockFile0ErrorCode
2025-09-11 13:38:02,825 [ERROR] LogOutputStream:75 - [STDERR_REDIRECT] WARNING: Could not lock System prefs. Unix error code 2.
2025-09-11 13:38:02,825 [ERROR] LogOutputStream:75 - [STDERR_REDIRECT] 
2025-09-11 13:38:02,825 [ERROR] LogOutputStream:75 - [STDERR_REDIRECT] Sep 11, 2025 1:38:02 PM java.util.prefs.FileSystemPreferences syncWorld
2025-09-11 13:38:02,826 [ERROR] LogOutputStream:75 - [STDERR_REDIRECT] WARNING: Couldn't flush system prefs: java.util.prefs.BackingStoreException: Couldn't get file lock.
2025-09-11 13:38:02,826 [ERROR] LogOutputStream:75 - [STDERR_REDIRECT] 
2025-09-11 13:38:32,825 [ERROR] LogOutputStream:75 - [STDERR_REDIRECT] Sep 11, 2025 1:38:32 PM java.util.prefs.FileSystemPreferences checkLockFile0ErrorCode
2025-09-11 13:38:32,826 [ERROR] LogOutputStream:75 - [STDERR_REDIRECT] WARNING: Could not lock System prefs. Unix error code 2.
2025-09-11 13:38:32,826 [ERROR] LogOutputStream:75 - [STDERR_REDIRECT] 
2025-09-11 13:38:32,827 [ERROR] LogOutputStream:75 - [STDERR_REDIRECT] Sep 11, 2025 1:38:32 PM java.util.prefs.FileSystemPreferences syncWorld
2025-09-11 13:38:32,827 [ERROR] LogOutputStream:75 - [STDERR_REDIRECT] WARNING: Couldn't flush system prefs: java.util.prefs.BackingStoreException: Couldn't get file lock.
2025-09-11 13:38:32,827 [ERROR] LogOutputStream:75 - [STDERR_REDIRECT] 
2025-09-11 13:39:02,824 [ERROR] LogOutputStream:75 - [STDERR_REDIRECT] Sep 11, 2025 1:39:02 PM java.util.prefs.FileSystemPreferences checkLockFile0ErrorCode
2025-09-11 13:39:02,825 [ERROR] LogOutputStream:75 - [STDERR_REDIRECT] WARNING: Could not lock System prefs. Unix error code 2.
2025-09-11 13:39:02,825 [ERROR] LogOutputStream:75 - [STDERR_REDIRECT] 
2025-09-11 13:39:02,825 [ERROR] LogOutputStream:75 - [STDERR_REDIRECT] Sep 11, 2025 1:39:02 PM java.util.prefs.FileSystemPreferences syncWorld
2025-09-11 13:39:02,826 [ERROR] LogOutputStream:75 - [STDERR_REDIRECT] WARNING: Couldn't flush system prefs: java.util.prefs.BackingStoreException: Couldn't get file lock.
2025-09-11 13:39:02,826 [ERROR] LogOutputStream:75 - [STDERR_REDIRECT] 
2025-09-11 13:39:32,825 [ERROR] LogOutputStream:75 - [STDERR_REDIRECT] Sep 11, 2025 1:39:32 PM java.util.prefs.FileSystemPreferences checkLockFile0ErrorCode
2025-09-11 13:39:32,825 [ERROR] LogOutputStream:75 - [STDERR_REDIRECT] WARNING: Could not lock System prefs. Unix error code 2.
2025-09-11 13:39:32,825 [ERROR] LogOutputStream:75 - [STDERR_REDIRECT] 
2025-09-11 13:39:32,826 [ERROR] LogOutputStream:75 - [STDERR_REDIRECT] Sep 11, 2025 1:39:32 PM java.util.prefs.FileSystemPreferences syncWorld
2025-09-11 13:39:32,826 [ERROR] LogOutputStream:75 - [STDERR_REDIRECT] WARNING: Couldn't flush system prefs: java.util.prefs.BackingStoreException: Couldn't get file lock.
2025-09-11 13:39:32,826 [ERROR] LogOutputStream:75 - [STDERR_REDIRECT] 
2025-09-11 13:40:02,825 [ERROR] LogOutputStream:75 - [STDERR_REDIRECT] Sep 11, 2025 1:40:02 PM java.util.prefs.FileSystemPreferences checkLockFile0ErrorCode
2025-09-11 13:40:02,826 [ERROR] LogOutputStream:75 - [STDERR_REDIRECT] WARNING: Could not lock System prefs. Unix error code 2.
2025-09-11 13:40:02,826 [ERROR] LogOutputStream:75 - [STDERR_REDIRECT] 
2025-09-11 13:40:02,827 [ERROR] LogOutputStream:75 - [STDERR_REDIRECT] Sep 11, 2025 1:40:02 PM java.util.prefs.FileSystemPreferences syncWorld
2025-09-11 13:40:02,827 [ERROR] LogOutputStream:75 - [STDERR_REDIRECT] WARNING: Couldn't flush system prefs: java.util.prefs.BackingStoreException: Couldn't get file lock.
2025-09-11 13:40:02,827 [ERROR] LogOutputStream:75 - [STDERR_REDIRECT] 
2025-09-11 13:40:32,825 [ERROR] LogOutputStream:75 - [STDERR_REDIRECT] Sep 11, 2025 1:40:32 PM java.util.prefs.FileSystemPreferences checkLockFile0ErrorCode
2025-09-11 13:40:32,825 [ERROR] LogOutputStream:75 - [STDERR_REDIRECT] WARNING: Could not lock System prefs. Unix error code 2.
2025-09-11 13:40:32,825 [ERROR] LogOutputStream:75 - [STDERR_REDIRECT] 
2025-09-11 13:40:32,826 [ERROR] LogOutputStream:75 - [STDERR_REDIRECT] Sep 11, 2025 1:40:32 PM java.util.prefs.FileSystemPreferences syncWorld
2025-09-11 13:40:32,826 [ERROR] LogOutputStream:75 - [STDERR_REDIRECT] WARNING: Couldn't flush system prefs: java.util.prefs.BackingStoreException: Couldn't get file lock.
2025-09-11 13:40:32,826 [ERROR] LogOutputStream:75 - [STDERR_REDIRECT] 
2025-09-11 13:41:02,825 [ERROR] LogOutputStream:75 - [STDERR_REDIRECT] Sep 11, 2025 1:41:02 PM java.util.prefs.FileSystemPreferences checkLockFile0ErrorCode
2025-09-11 13:41:02,826 [ERROR] LogOutputStream:75 - [STDERR_REDIRECT] WARNING: Could not lock System prefs. Unix error code 2.
2025-09-11 13:41:02,826 [ERROR] LogOutputStream:75 - [STDERR_REDIRECT] 
2025-09-11 13:41:02,826 [ERROR] LogOutputStream:75 - [STDERR_REDIRECT] Sep 11, 2025 1:41:02 PM java.util.prefs.FileSystemPreferences syncWorld
2025-09-11 13:41:02,827 [ERROR] LogOutputStream:75 - [STDERR_REDIRECT] WARNING: Couldn't flush system prefs: java.util.prefs.BackingStoreException: Couldn't get file lock.
2025-09-11 13:41:02,827 [ERROR] LogOutputStream:75 - [STDERR_REDIRECT] 
2025-09-11 13:41:32,826 [ERROR] LogOutputStream:75 - [STDERR_REDIRECT] Sep 11, 2025 1:41:32 PM java.util.prefs.FileSystemPreferences checkLockFile0ErrorCode
2025-09-11 13:41:32,826 [ERROR] LogOutputStream:75 - [STDERR_REDIRECT] WARNING: Could not lock System prefs. Unix error code 2.
2025-09-11 13:41:32,826 [ERROR] LogOutputStream:75 - [STDERR_REDIRECT] 
2025-09-11 13:41:32,827 [ERROR] LogOutputStream:75 - [STDERR_REDIRECT] Sep 11, 2025 1:41:32 PM java.util.prefs.FileSystemPreferences syncWorld
2025-09-11 13:41:32,827 [ERROR] LogOutputStream:75 - [STDERR_REDIRECT] WARNING: Couldn't flush system prefs: java.util.prefs.BackingStoreException: Couldn't get file lock.
2025-09-11 13:41:32,827 [ERROR] LogOutputStream:75 - [STDERR_REDIRECT] 
2025-09-11 13:42:02,826 [ERROR] LogOutputStream:75 - [STDERR_REDIRECT] Sep 11, 2025 1:42:02 PM java.util.prefs.FileSystemPreferences checkLockFile0ErrorCode
2025-09-11 13:42:02,826 [ERROR] LogOutputStream:75 - [STDERR_REDIRECT] WARNING: Could not lock System prefs. Unix error code 2.
2025-09-11 13:42:02,826 [ERROR] LogOutputStream:75 - [STDERR_REDIRECT] 
2025-09-11 13:42:02,827 [ERROR] LogOutputStream:75 - [STDERR_REDIRECT] Sep 11, 2025 1:42:02 PM java.util.prefs.FileSystemPreferences syncWorld
2025-09-11 13:42:02,827 [ERROR] LogOutputStream:75 - [STDERR_REDIRECT] WARNING: Couldn't flush system prefs: java.util.prefs.BackingStoreException: Couldn't get file lock.
2025-09-11 13:42:02,828 [ERROR] LogOutputStream:75 - [STDERR_REDIRECT] 
2025-09-11 13:42:32,825 [ERROR] LogOutputStream:75 - [STDERR_REDIRECT] Sep 11, 2025 1:42:32 PM java.util.prefs.FileSystemPreferences checkLockFile0ErrorCode
2025-09-11 13:42:32,826 [ERROR] LogOutputStream:75 - [STDERR_REDIRECT] WARNING: Could not lock System prefs. Unix error code 2.
2025-09-11 13:42:32,826 [ERROR] LogOutputStream:75 - [STDERR_REDIRECT] 
2025-09-11 13:42:32,827 [ERROR] LogOutputStream:75 - [STDERR_REDIRECT] Sep 11, 2025 1:42:32 PM java.util.prefs.FileSystemPreferences syncWorld
2025-09-11 13:42:32,828 [ERROR] LogOutputStream:75 - [STDERR_REDIRECT] WARNING: Couldn't flush system prefs: java.util.prefs.BackingStoreException: Couldn't get file lock.
2025-09-11 13:42:32,828 [ERROR] LogOutputStream:75 - [STDERR_REDIRECT] 
2025-09-11 13:43:02,826 [ERROR] LogOutputStream:75 - [STDERR_REDIRECT] Sep 11, 2025 1:43:02 PM java.util.prefs.FileSystemPreferences checkLockFile0ErrorCode
2025-09-11 13:43:02,826 [ERROR] LogOutputStream:75 - [STDERR_REDIRECT] WARNING: Could not lock System prefs. Unix error code 2.
2025-09-11 13:43:02,826 [ERROR] LogOutputStream:75 - [STDERR_REDIRECT] 
2025-09-11 13:43:02,827 [ERROR] LogOutputStream:75 - [STDERR_REDIRECT] Sep 11, 2025 1:43:02 PM java.util.prefs.FileSystemPreferences syncWorld
2025-09-11 13:43:02,828 [ERROR] LogOutputStream:75 - [STDERR_REDIRECT] WARNING: Couldn't flush system prefs: java.util.prefs.BackingStoreException: Couldn't get file lock.
2025-09-11 13:43:02,828 [ERROR] LogOutputStream:75 - [STDERR_REDIRECT] 
2025-09-11 13:43:32,825 [ERROR] LogOutputStream:75 - [STDERR_REDIRECT] Sep 11, 2025 1:43:32 PM java.util.prefs.FileSystemPreferences checkLockFile0ErrorCode
2025-09-11 13:43:32,826 [ERROR] LogOutputStream:75 - [STDERR_REDIRECT] WARNING: Could not lock System prefs. Unix error code 2.
2025-09-11 13:43:32,826 [ERROR] LogOutputStream:75 - [STDERR_REDIRECT] 
2025-09-11 13:43:32,826 [ERROR] LogOutputStream:75 - [STDERR_REDIRECT] Sep 11, 2025 1:43:32 PM java.util.prefs.FileSystemPreferences syncWorld
2025-09-11 13:43:32,827 [ERROR] LogOutputStream:75 - [STDERR_REDIRECT] WARNING: Couldn't flush system prefs: java.util.prefs.BackingStoreException: Couldn't get file lock.
2025-09-11 13:43:32,827 [ERROR] LogOutputStream:75 - [STDERR_REDIRECT] 
2025-09-11 13:44:02,826 [ERROR] LogOutputStream:75 - [STDERR_REDIRECT] Sep 11, 2025 1:44:02 PM java.util.prefs.FileSystemPreferences checkLockFile0ErrorCode
2025-09-11 13:44:02,826 [ERROR] LogOutputStream:75 - [STDERR_REDIRECT] WARNING: Could not lock System prefs. Unix error code 2.
2025-09-11 13:44:02,827 [ERROR] LogOutputStream:75 - [STDERR_REDIRECT] 
2025-09-11 13:44:02,827 [ERROR] LogOutputStream:75 - [STDERR_REDIRECT] Sep 11, 2025 1:44:02 PM java.util.prefs.FileSystemPreferences syncWorld
2025-09-11 13:44:02,828 [ERROR] LogOutputStream:75 - [STDERR_REDIRECT] WARNING: Couldn't flush system prefs: java.util.prefs.BackingStoreException: Couldn't get file lock.
2025-09-11 13:44:02,828 [ERROR] LogOutputStream:75 - [STDERR_REDIRECT] 
2025-09-11 13:44:32,825 [ERROR] LogOutputStream:75 - [STDERR_REDIRECT] Sep 11, 2025 1:44:32 PM java.util.prefs.FileSystemPreferences checkLockFile0ErrorCode
2025-09-11 13:44:32,826 [ERROR] LogOutputStream:75 - [STDERR_REDIRECT] WARNING: Could not lock System prefs. Unix error code 2.
2025-09-11 13:44:32,826 [ERROR] LogOutputStream:75 - [STDERR_REDIRECT] 
2025-09-11 13:44:32,826 [ERROR] LogOutputStream:75 - [STDERR_REDIRECT] Sep 11, 2025 1:44:32 PM java.util.prefs.FileSystemPreferences syncWorld
2025-09-11 13:44:32,827 [ERROR] LogOutputStream:75 - [STDERR_REDIRECT] WARNING: Couldn't flush system prefs: java.util.prefs.BackingStoreException: Couldn't get file lock.
2025-09-11 13:44:32,827 [ERROR] LogOutputStream:75 - [STDERR_REDIRECT] 
2025-09-11 13:45:02,825 [ERROR] LogOutputStream:75 - [STDERR_REDIRECT] Sep 11, 2025 1:45:02 PM java.util.prefs.FileSystemPreferences checkLockFile0ErrorCode
2025-09-11 13:45:02,826 [ERROR] LogOutputStream:75 - [STDERR_REDIRECT] WARNING: Could not lock System prefs. Unix error code 2.
2025-09-11 13:45:02,826 [ERROR] LogOutputStream:75 - [STDERR_REDIRECT] 
2025-09-11 13:45:02,826 [ERROR] LogOutputStream:75 - [STDERR_REDIRECT] Sep 11, 2025 1:45:02 PM java.util.prefs.FileSystemPreferences syncWorld
2025-09-11 13:45:02,826 [ERROR] LogOutputStream:75 - [STDERR_REDIRECT] WARNING: Couldn't flush system prefs: java.util.prefs.BackingStoreException: Couldn't get file lock.
2025-09-11 13:45:02,826 [ERROR] LogOutputStream:75 - [STDERR_REDIRECT] 
2025-09-11 13:45:32,827 [ERROR] LogOutputStream:75 - [STDERR_REDIRECT] Sep 11, 2025 1:45:32 PM java.util.prefs.FileSystemPreferences checkLockFile0ErrorCode
2025-09-11 13:45:32,827 [ERROR] LogOutputStream:75 - [STDERR_REDIRECT] WARNING: Could not lock System prefs. Unix error code 2.
2025-09-11 13:45:32,827 [ERROR] LogOutputStream:75 - [STDERR_REDIRECT] 
2025-09-11 13:45:32,828 [ERROR] LogOutputStream:75 - [STDERR_REDIRECT] Sep 11, 2025 1:45:32 PM java.util.prefs.FileSystemPreferences syncWorld
2025-09-11 13:45:32,828 [ERROR] LogOutputStream:75 - [STDERR_REDIRECT] WARNING: Couldn't flush system prefs: java.util.prefs.BackingStoreException: Couldn't get file lock.
2025-09-11 13:45:32,828 [ERROR] LogOutputStream:75 - [STDERR_REDIRECT] 
2025-09-11 13:46:02,826 [ERROR] LogOutputStream:75 - [STDERR_REDIRECT] Sep 11, 2025 1:46:02 PM java.util.prefs.FileSystemPreferences checkLockFile0ErrorCode
2025-09-11 13:46:02,826 [ERROR] LogOutputStream:75 - [STDERR_REDIRECT] WARNING: Could not lock System prefs. Unix error code 2.
2025-09-11 13:46:02,826 [ERROR] LogOutputStream:75 - [STDERR_REDIRECT] 
2025-09-11 13:46:02,827 [ERROR] LogOutputStream:75 - [STDERR_REDIRECT] Sep 11, 2025 1:46:02 PM java.util.prefs.FileSystemPreferences syncWorld
2025-09-11 13:46:02,827 [ERROR] LogOutputStream:75 - [STDERR_REDIRECT] WARNING: Couldn't flush system prefs: java.util.prefs.BackingStoreException: Couldn't get file lock.
2025-09-11 13:46:02,827 [ERROR] LogOutputStream:75 - [STDERR_REDIRECT] 
2025-09-11 13:46:32,826 [ERROR] LogOutputStream:75 - [STDERR_REDIRECT] Sep 11, 2025 1:46:32 PM java.util.prefs.FileSystemPreferences checkLockFile0ErrorCode
2025-09-11 13:46:32,826 [ERROR] LogOutputStream:75 - [STDERR_REDIRECT] WARNING: Could not lock System prefs. Unix error code 2.
2025-09-11 13:46:32,826 [ERROR] LogOutputStream:75 - [STDERR_REDIRECT] 
2025-09-11 13:46:32,827 [ERROR] LogOutputStream:75 - [STDERR_REDIRECT] Sep 11, 2025 1:46:32 PM java.util.prefs.FileSystemPreferences syncWorld
2025-09-11 13:46:32,827 [ERROR] LogOutputStream:75 - [STDERR_REDIRECT] WARNING: Couldn't flush system prefs: java.util.prefs.BackingStoreException: Couldn't get file lock.
2025-09-11 13:46:32,827 [ERROR] LogOutputStream:75 - [STDERR_REDIRECT] 
2025-09-11 13:47:02,827 [ERROR] LogOutputStream:75 - [STDERR_REDIRECT] Sep 11, 2025 1:47:02 PM java.util.prefs.FileSystemPreferences checkLockFile0ErrorCode
2025-09-11 13:47:02,827 [ERROR] LogOutputStream:75 - [STDERR_REDIRECT] WARNING: Could not lock System prefs. Unix error code 2.
2025-09-11 13:47:02,827 [ERROR] LogOutputStream:75 - [STDERR_REDIRECT] 
2025-09-11 13:47:02,827 [ERROR] LogOutputStream:75 - [STDERR_REDIRECT] Sep 11, 2025 1:47:02 PM java.util.prefs.FileSystemPreferences syncWorld
2025-09-11 13:47:02,828 [ERROR] LogOutputStream:75 - [STDERR_REDIRECT] WARNING: Couldn't flush system prefs: java.util.prefs.BackingStoreException: Couldn't get file lock.
2025-09-11 13:47:02,828 [ERROR] LogOutputStream:75 - [STDERR_REDIRECT] 
2025-09-11 13:47:32,826 [ERROR] LogOutputStream:75 - [STDERR_REDIRECT] Sep 11, 2025 1:47:32 PM java.util.prefs.FileSystemPreferences checkLockFile0ErrorCode
2025-09-11 13:47:32,827 [ERROR] LogOutputStream:75 - [STDERR_REDIRECT] WARNING: Could not lock System prefs. Unix error code 2.
2025-09-11 13:47:32,827 [ERROR] LogOutputStream:75 - [STDERR_REDIRECT] 
2025-09-11 13:47:32,827 [ERROR] LogOutputStream:75 - [STDERR_REDIRECT] Sep 11, 2025 1:47:32 PM java.util.prefs.FileSystemPreferences syncWorld
2025-09-11 13:47:32,828 [ERROR] LogOutputStream:75 - [STDERR_REDIRECT] WARNING: Couldn't flush system prefs: java.util.prefs.BackingStoreException: Couldn't get file lock.
2025-09-11 13:47:32,828 [ERROR] LogOutputStream:75 - [STDERR_REDIRECT] 
2025-09-11 13:48:02,827 [ERROR] LogOutputStream:75 - [STDERR_REDIRECT] Sep 11, 2025 1:48:02 PM java.util.prefs.FileSystemPreferences checkLockFile0ErrorCode
2025-09-11 13:48:02,827 [ERROR] LogOutputStream:75 - [STDERR_REDIRECT] WARNING: Could not lock System prefs. Unix error code 2.
2025-09-11 13:48:02,828 [ERROR] LogOutputStream:75 - [STDERR_REDIRECT] 
2025-09-11 13:48:02,828 [ERROR] LogOutputStream:75 - [STDERR_REDIRECT] Sep 11, 2025 1:48:02 PM java.util.prefs.FileSystemPreferences syncWorld
2025-09-11 13:48:02,829 [ERROR] LogOutputStream:75 - [STDERR_REDIRECT] WARNING: Couldn't flush system prefs: java.util.prefs.BackingStoreException: Couldn't get file lock.
2025-09-11 13:48:02,829 [ERROR] LogOutputStream:75 - [STDERR_REDIRECT] 
2025-09-11 13:48:32,827 [ERROR] LogOutputStream:75 - [STDERR_REDIRECT] Sep 11, 2025 1:48:32 PM java.util.prefs.FileSystemPreferences checkLockFile0ErrorCode
2025-09-11 13:48:32,827 [ERROR] LogOutputStream:75 - [STDERR_REDIRECT] WARNING: Could not lock System prefs. Unix error code 2.
2025-09-11 13:48:32,827 [ERROR] LogOutputStream:75 - [STDERR_REDIRECT] 
2025-09-11 13:48:32,828 [ERROR] LogOutputStream:75 - [STDERR_REDIRECT] Sep 11, 2025 1:48:32 PM java.util.prefs.FileSystemPreferences syncWorld
2025-09-11 13:48:32,828 [ERROR] LogOutputStream:75 - [STDERR_REDIRECT] WARNING: Couldn't flush system prefs: java.util.prefs.BackingStoreException: Couldn't get file lock.
2025-09-11 13:48:32,828 [ERROR] LogOutputStream:75 - [STDERR_REDIRECT] 
2025-09-11 13:49:02,828 [ERROR] LogOutputStream:75 - [STDERR_REDIRECT] Sep 11, 2025 1:49:02 PM java.util.prefs.FileSystemPreferences checkLockFile0ErrorCode
2025-09-11 13:49:02,828 [ERROR] LogOutputStream:75 - [STDERR_REDIRECT] WARNING: Could not lock System prefs. Unix error code 2.
2025-09-11 13:49:02,828 [ERROR] LogOutputStream:75 - [STDERR_REDIRECT] 
2025-09-11 13:49:02,829 [ERROR] LogOutputStream:75 - [STDERR_REDIRECT] Sep 11, 2025 1:49:02 PM java.util.prefs.FileSystemPreferences syncWorld
2025-09-11 13:49:02,830 [ERROR] LogOutputStream:75 - [STDERR_REDIRECT] WARNING: Couldn't flush system prefs: java.util.prefs.BackingStoreException: Couldn't get file lock.
2025-09-11 13:49:02,830 [ERROR] LogOutputStream:75 - [STDERR_REDIRECT] 
2025-09-11 13:49:32,826 [ERROR] LogOutputStream:75 - [STDERR_REDIRECT] Sep 11, 2025 1:49:32 PM java.util.prefs.FileSystemPreferences checkLockFile0ErrorCode
2025-09-11 13:49:32,827 [ERROR] LogOutputStream:75 - [STDERR_REDIRECT] WARNING: Could not lock System prefs. Unix error code 2.
2025-09-11 13:49:32,827 [ERROR] LogOutputStream:75 - [STDERR_REDIRECT] 
2025-09-11 13:49:32,828 [ERROR] LogOutputStream:75 - [STDERR_REDIRECT] Sep 11, 2025 1:49:32 PM java.util.prefs.FileSystemPreferences syncWorld
2025-09-11 13:49:32,828 [ERROR] LogOutputStream:75 - [STDERR_REDIRECT] WARNING: Couldn't flush system prefs: java.util.prefs.BackingStoreException: Couldn't get file lock.
2025-09-11 13:49:32,828 [ERROR] LogOutputStream:75 - [STDERR_REDIRECT] 
2025-09-11 13:50:02,826 [ERROR] LogOutputStream:75 - [STDERR_REDIRECT] Sep 11, 2025 1:50:02 PM java.util.prefs.FileSystemPreferences checkLockFile0ErrorCode
2025-09-11 13:50:02,827 [ERROR] LogOutputStream:75 - [STDERR_REDIRECT] WARNING: Could not lock System prefs. Unix error code 2.
2025-09-11 13:50:02,827 [ERROR] LogOutputStream:75 - [STDERR_REDIRECT] 
2025-09-11 13:50:02,827 [ERROR] LogOutputStream:75 - [STDERR_REDIRECT] Sep 11, 2025 1:50:02 PM java.util.prefs.FileSystemPreferences syncWorld
2025-09-11 13:50:02,828 [ERROR] LogOutputStream:75 - [STDERR_REDIRECT] WARNING: Couldn't flush system prefs: java.util.prefs.BackingStoreException: Couldn't get file lock.
2025-09-11 13:50:02,828 [ERROR] LogOutputStream:75 - [STDERR_REDIRECT] 
2025-09-11 13:50:32,827 [ERROR] LogOutputStream:75 - [STDERR_REDIRECT] Sep 11, 2025 1:50:32 PM java.util.prefs.FileSystemPreferences checkLockFile0ErrorCode
2025-09-11 13:50:32,827 [ERROR] LogOutputStream:75 - [STDERR_REDIRECT] WARNING: Could not lock System prefs. Unix error code 2.
2025-09-11 13:50:32,827 [ERROR] LogOutputStream:75 - [STDERR_REDIRECT] 
2025-09-11 13:50:32,828 [ERROR] LogOutputStream:75 - [STDERR_REDIRECT] Sep 11, 2025 1:50:32 PM java.util.prefs.FileSystemPreferences syncWorld
2025-09-11 13:50:32,828 [ERROR] LogOutputStream:75 - [STDERR_REDIRECT] WARNING: Couldn't flush system prefs: java.util.prefs.BackingStoreException: Couldn't get file lock.
2025-09-11 13:50:32,828 [ERROR] LogOutputStream:75 - [STDERR_REDIRECT] 
2025-09-11 13:51:02,827 [ERROR] LogOutputStream:75 - [STDERR_REDIRECT] Sep 11, 2025 1:51:02 PM java.util.prefs.FileSystemPreferences checkLockFile0ErrorCode
2025-09-11 13:51:02,828 [ERROR] LogOutputStream:75 - [STDERR_REDIRECT] WARNING: Could not lock System prefs. Unix error code 2.
2025-09-11 13:51:02,828 [ERROR] LogOutputStream:75 - [STDERR_REDIRECT] 
2025-09-11 13:51:02,829 [ERROR] LogOutputStream:75 - [STDERR_REDIRECT] Sep 11, 2025 1:51:02 PM java.util.prefs.FileSystemPreferences syncWorld
2025-09-11 13:51:02,829 [ERROR] LogOutputStream:75 - [STDERR_REDIRECT] WARNING: Couldn't flush system prefs: java.util.prefs.BackingStoreException: Couldn't get file lock.
2025-09-11 13:51:02,829 [ERROR] LogOutputStream:75 - [STDERR_REDIRECT] 
2025-09-11 13:51:32,827 [ERROR] LogOutputStream:75 - [STDERR_REDIRECT] Sep 11, 2025 1:51:32 PM java.util.prefs.FileSystemPreferences checkLockFile0ErrorCode
2025-09-11 13:51:32,827 [ERROR] LogOutputStream:75 - [STDERR_REDIRECT] WARNING: Could not lock System prefs. Unix error code 2.
2025-09-11 13:51:32,827 [ERROR] LogOutputStream:75 - [STDERR_REDIRECT] 
2025-09-11 13:51:32,828 [ERROR] LogOutputStream:75 - [STDERR_REDIRECT] Sep 11, 2025 1:51:32 PM java.util.prefs.FileSystemPreferences syncWorld
2025-09-11 13:51:32,828 [ERROR] LogOutputStream:75 - [STDERR_REDIRECT] WARNING: Couldn't flush system prefs: java.util.prefs.BackingStoreException: Couldn't get file lock.
2025-09-11 13:51:32,828 [ERROR] LogOutputStream:75 - [STDERR_REDIRECT] 
2025-09-11 13:52:02,826 [ERROR] LogOutputStream:75 - [STDERR_REDIRECT] Sep 11, 2025 1:52:02 PM java.util.prefs.FileSystemPreferences checkLockFile0ErrorCode
2025-09-11 13:52:02,827 [ERROR] LogOutputStream:75 - [STDERR_REDIRECT] WARNING: Could not lock System prefs. Unix error code 2.
2025-09-11 13:52:02,827 [ERROR] LogOutputStream:75 - [STDERR_REDIRECT] 
2025-09-11 13:52:02,827 [ERROR] LogOutputStream:75 - [STDERR_REDIRECT] Sep 11, 2025 1:52:02 PM java.util.prefs.FileSystemPreferences syncWorld
2025-09-11 13:52:02,828 [ERROR] LogOutputStream:75 - [STDERR_REDIRECT] WARNING: Couldn't flush system prefs: java.util.prefs.BackingStoreException: Couldn't get file lock.
2025-09-11 13:52:02,828 [ERROR] LogOutputStream:75 - [STDERR_REDIRECT] 
2025-09-11 13:52:32,827 [ERROR] LogOutputStream:75 - [STDERR_REDIRECT] Sep 11, 2025 1:52:32 PM java.util.prefs.FileSystemPreferences checkLockFile0ErrorCode
2025-09-11 13:52:32,828 [ERROR] LogOutputStream:75 - [STDERR_REDIRECT] WARNING: Could not lock System prefs. Unix error code 2.
2025-09-11 13:52:32,828 [ERROR] LogOutputStream:75 - [STDERR_REDIRECT] 
2025-09-11 13:52:32,828 [ERROR] LogOutputStream:75 - [STDERR_REDIRECT] Sep 11, 2025 1:52:32 PM java.util.prefs.FileSystemPreferences syncWorld
2025-09-11 13:52:32,829 [ERROR] LogOutputStream:75 - [STDERR_REDIRECT] WARNING: Couldn't flush system prefs: java.util.prefs.BackingStoreException: Couldn't get file lock.
2025-09-11 13:52:32,829 [ERROR] LogOutputStream:75 - [STDERR_REDIRECT] 
2025-09-11 13:53:02,827 [ERROR] LogOutputStream:75 - [STDERR_REDIRECT] Sep 11, 2025 1:53:02 PM java.util.prefs.FileSystemPreferences checkLockFile0ErrorCode
2025-09-11 13:53:02,827 [ERROR] LogOutputStream:75 - [STDERR_REDIRECT] WARNING: Could not lock System prefs. Unix error code 2.
2025-09-11 13:53:02,827 [ERROR] LogOutputStream:75 - [STDERR_REDIRECT] 
2025-09-11 13:53:02,828 [ERROR] LogOutputStream:75 - [STDERR_REDIRECT] Sep 11, 2025 1:53:02 PM java.util.prefs.FileSystemPreferences syncWorld
2025-09-11 13:53:02,829 [ERROR] LogOutputStream:75 - [STDERR_REDIRECT] WARNING: Couldn't flush system prefs: java.util.prefs.BackingStoreException: Couldn't get file lock.
2025-09-11 13:53:02,829 [ERROR] LogOutputStream:75 - [STDERR_REDIRECT] 
2025-09-11 13:53:32,826 [ERROR] LogOutputStream:75 - [STDERR_REDIRECT] Sep 11, 2025 1:53:32 PM java.util.prefs.FileSystemPreferences checkLockFile0ErrorCode
2025-09-11 13:53:32,827 [ERROR] LogOutputStream:75 - [STDERR_REDIRECT] WARNING: Could not lock System prefs. Unix error code 2.
2025-09-11 13:53:32,827 [ERROR] LogOutputStream:75 - [STDERR_REDIRECT] 
2025-09-11 13:53:32,828 [ERROR] LogOutputStream:75 - [STDERR_REDIRECT] Sep 11, 2025 1:53:32 PM java.util.prefs.FileSystemPreferences syncWorld
2025-09-11 13:53:32,828 [ERROR] LogOutputStream:75 - [STDERR_REDIRECT] WARNING: Couldn't flush system prefs: java.util.prefs.BackingStoreException: Couldn't get file lock.
2025-09-11 13:53:32,828 [ERROR] LogOutputStream:75 - [STDERR_REDIRECT] 
2025-09-11 13:54:02,827 [ERROR] LogOutputStream:75 - [STDERR_REDIRECT] Sep 11, 2025 1:54:02 PM java.util.prefs.FileSystemPreferences checkLockFile0ErrorCode
2025-09-11 13:54:02,827 [ERROR] LogOutputStream:75 - [STDERR_REDIRECT] WARNING: Could not lock System prefs. Unix error code 2.
2025-09-11 13:54:02,827 [ERROR] LogOutputStream:75 - [STDERR_REDIRECT] 
2025-09-11 13:54:02,828 [ERROR] LogOutputStream:75 - [STDERR_REDIRECT] Sep 11, 2025 1:54:02 PM java.util.prefs.FileSystemPreferences syncWorld
2025-09-11 13:54:02,828 [ERROR] LogOutputStream:75 - [STDERR_REDIRECT] WARNING: Couldn't flush system prefs: java.util.prefs.BackingStoreException: Couldn't get file lock.
2025-09-11 13:54:02,828 [ERROR] LogOutputStream:75 - [STDERR_REDIRECT] 
2025-09-11 13:54:32,828 [ERROR] LogOutputStream:75 - [STDERR_REDIRECT] Sep 11, 2025 1:54:32 PM java.util.prefs.FileSystemPreferences checkLockFile0ErrorCode
2025-09-11 13:54:32,828 [ERROR] LogOutputStream:75 - [STDERR_REDIRECT] WARNING: Could not lock System prefs. Unix error code 2.
2025-09-11 13:54:32,828 [ERROR] LogOutputStream:75 - [STDERR_REDIRECT] 
2025-09-11 13:54:32,829 [ERROR] LogOutputStream:75 - [STDERR_REDIRECT] Sep 11, 2025 1:54:32 PM java.util.prefs.FileSystemPreferences syncWorld
2025-09-11 13:54:32,830 [ERROR] LogOutputStream:75 - [STDERR_REDIRECT] WARNING: Couldn't flush system prefs: java.util.prefs.BackingStoreException: Couldn't get file lock.
2025-09-11 13:54:32,830 [ERROR] LogOutputStream:75 - [STDERR_REDIRECT] 
2025-09-11 13:55:02,828 [ERROR] LogOutputStream:75 - [STDERR_REDIRECT] Sep 11, 2025 1:55:02 PM java.util.prefs.FileSystemPreferences checkLockFile0ErrorCode
2025-09-11 13:55:02,828 [ERROR] LogOutputStream:75 - [STDERR_REDIRECT] WARNING: Could not lock System prefs. Unix error code 2.
2025-09-11 13:55:02,828 [ERROR] LogOutputStream:75 - [STDERR_REDIRECT] 
2025-09-11 13:55:02,828 [ERROR] LogOutputStream:75 - [STDERR_REDIRECT] Sep 11, 2025 1:55:02 PM java.util.prefs.FileSystemPreferences syncWorld
2025-09-11 13:55:02,829 [ERROR] LogOutputStream:75 - [STDERR_REDIRECT] WARNING: Couldn't flush system prefs: java.util.prefs.BackingStoreException: Couldn't get file lock.
2025-09-11 13:55:02,829 [ERROR] LogOutputStream:75 - [STDERR_REDIRECT] 
2025-09-11 13:55:32,829 [ERROR] LogOutputStream:75 - [STDERR_REDIRECT] Sep 11, 2025 1:55:32 PM java.util.prefs.FileSystemPreferences checkLockFile0ErrorCode
2025-09-11 13:55:32,829 [ERROR] LogOutputStream:75 - [STDERR_REDIRECT] WARNING: Could not lock System prefs. Unix error code 2.
2025-09-11 13:55:32,829 [ERROR] LogOutputStream:75 - [STDERR_REDIRECT] 
2025-09-11 13:55:32,830 [ERROR] LogOutputStream:75 - [STDERR_REDIRECT] Sep 11, 2025 1:55:32 PM java.util.prefs.FileSystemPreferences syncWorld
2025-09-11 13:55:32,831 [ERROR] LogOutputStream:75 - [STDERR_REDIRECT] WARNING: Couldn't flush system prefs: java.util.prefs.BackingStoreException: Couldn't get file lock.
2025-09-11 13:55:32,831 [ERROR] LogOutputStream:75 - [STDERR_REDIRECT] 
2025-09-11 13:56:02,828 [ERROR] LogOutputStream:75 - [STDERR_REDIRECT] Sep 11, 2025 1:56:02 PM java.util.prefs.FileSystemPreferences checkLockFile0ErrorCode
2025-09-11 13:56:02,829 [ERROR] LogOutputStream:75 - [STDERR_REDIRECT] WARNING: Could not lock System prefs. Unix error code 2.
2025-09-11 13:56:02,829 [ERROR] LogOutputStream:75 - [STDERR_REDIRECT] 
2025-09-11 13:56:02,829 [ERROR] LogOutputStream:75 - [STDERR_REDIRECT] Sep 11, 2025 1:56:02 PM java.util.prefs.FileSystemPreferences syncWorld
2025-09-11 13:56:02,830 [ERROR] LogOutputStream:75 - [STDERR_REDIRECT] WARNING: Couldn't flush system prefs: java.util.prefs.BackingStoreException: Couldn't get file lock.
2025-09-11 13:56:02,830 [ERROR] LogOutputStream:75 - [STDERR_REDIRECT] 
2025-09-11 13:56:32,829 [ERROR] LogOutputStream:75 - [STDERR_REDIRECT] Sep 11, 2025 1:56:32 PM java.util.prefs.FileSystemPreferences checkLockFile0ErrorCode
2025-09-11 13:56:32,829 [ERROR] LogOutputStream:75 - [STDERR_REDIRECT] WARNING: Could not lock System prefs. Unix error code 2.
2025-09-11 13:56:32,830 [ERROR] LogOutputStream:75 - [STDERR_REDIRECT] 
2025-09-11 13:56:32,831 [ERROR] LogOutputStream:75 - [STDERR_REDIRECT] Sep 11, 2025 1:56:32 PM java.util.prefs.FileSystemPreferences syncWorld
2025-09-11 13:56:32,831 [ERROR] LogOutputStream:75 - [STDERR_REDIRECT] WARNING: Couldn't flush system prefs: java.util.prefs.BackingStoreException: Couldn't get file lock.
2025-09-11 13:56:32,831 [ERROR] LogOutputStream:75 - [STDERR_REDIRECT] 
2025-09-11 13:57:02,829 [ERROR] LogOutputStream:75 - [STDERR_REDIRECT] Sep 11, 2025 1:57:02 PM java.util.prefs.FileSystemPreferences checkLockFile0ErrorCode
2025-09-11 13:57:02,829 [ERROR] LogOutputStream:75 - [STDERR_REDIRECT] WARNING: Could not lock System prefs. Unix error code 2.
2025-09-11 13:57:02,829 [ERROR] LogOutputStream:75 - [STDERR_REDIRECT] 
2025-09-11 13:57:02,830 [ERROR] LogOutputStream:75 - [STDERR_REDIRECT] Sep 11, 2025 1:57:02 PM java.util.prefs.FileSystemPreferences syncWorld
2025-09-11 13:57:02,830 [ERROR] LogOutputStream:75 - [STDERR_REDIRECT] WARNING: Couldn't flush system prefs: java.util.prefs.BackingStoreException: Couldn't get file lock.
2025-09-11 13:57:02,830 [ERROR] LogOutputStream:75 - [STDERR_REDIRECT] 
2025-09-11 13:57:32,828 [ERROR] LogOutputStream:75 - [STDERR_REDIRECT] Sep 11, 2025 1:57:32 PM java.util.prefs.FileSystemPreferences checkLockFile0ErrorCode
2025-09-11 13:57:32,828 [ERROR] LogOutputStream:75 - [STDERR_REDIRECT] WARNING: Could not lock System prefs. Unix error code 2.
2025-09-11 13:57:32,828 [ERROR] LogOutputStream:75 - [STDERR_REDIRECT] 
2025-09-11 13:57:32,828 [ERROR] LogOutputStream:75 - [STDERR_REDIRECT] Sep 11, 2025 1:57:32 PM java.util.prefs.FileSystemPreferences syncWorld
2025-09-11 13:57:32,829 [ERROR] LogOutputStream:75 - [STDERR_REDIRECT] WARNING: Couldn't flush system prefs: java.util.prefs.BackingStoreException: Couldn't get file lock.
2025-09-11 13:57:32,829 [ERROR] LogOutputStream:75 - [STDERR_REDIRECT] 
2025-09-11 13:58:02,829 [ERROR] LogOutputStream:75 - [STDERR_REDIRECT] Sep 11, 2025 1:58:02 PM java.util.prefs.FileSystemPreferences checkLockFile0ErrorCode
2025-09-11 13:58:02,829 [ERROR] LogOutputStream:75 - [STDERR_REDIRECT] WARNING: Could not lock System prefs. Unix error code 2.
2025-09-11 13:58:02,829 [ERROR] LogOutputStream:75 - [STDERR_REDIRECT] 
2025-09-11 13:58:02,830 [ERROR] LogOutputStream:75 - [STDERR_REDIRECT] Sep 11, 2025 1:58:02 PM java.util.prefs.FileSystemPreferences syncWorld
2025-09-11 13:58:02,831 [ERROR] LogOutputStream:75 - [STDERR_REDIRECT] WARNING: Couldn't flush system prefs: java.util.prefs.BackingStoreException: Couldn't get file lock.
2025-09-11 13:58:02,831 [ERROR] LogOutputStream:75 - [STDERR_REDIRECT] 
2025-09-11 13:58:32,828 [ERROR] LogOutputStream:75 - [STDERR_REDIRECT] Sep 11, 2025 1:58:32 PM java.util.prefs.FileSystemPreferences checkLockFile0ErrorCode
2025-09-11 13:58:32,829 [ERROR] LogOutputStream:75 - [STDERR_REDIRECT] WARNING: Could not lock System prefs. Unix error code 2.
2025-09-11 13:58:32,829 [ERROR] LogOutputStream:75 - [STDERR_REDIRECT] 
2025-09-11 13:58:32,829 [ERROR] LogOutputStream:75 - [STDERR_REDIRECT] Sep 11, 2025 1:58:32 PM java.util.prefs.FileSystemPreferences syncWorld
2025-09-11 13:58:32,830 [ERROR] LogOutputStream:75 - [STDERR_REDIRECT] WARNING: Couldn't flush system prefs: java.util.prefs.BackingStoreException: Couldn't get file lock.
2025-09-11 13:58:32,830 [ERROR] LogOutputStream:75 - [STDERR_REDIRECT] 
2025-09-11 13:59:02,829 [ERROR] LogOutputStream:75 - [STDERR_REDIRECT] Sep 11, 2025 1:59:02 PM java.util.prefs.FileSystemPreferences checkLockFile0ErrorCode
2025-09-11 13:59:02,829 [ERROR] LogOutputStream:75 - [STDERR_REDIRECT] WARNING: Could not lock System prefs. Unix error code 2.
2025-09-11 13:59:02,829 [ERROR] LogOutputStream:75 - [STDERR_REDIRECT] 
2025-09-11 13:59:02,830 [ERROR] LogOutputStream:75 - [STDERR_REDIRECT] Sep 11, 2025 1:59:02 PM java.util.prefs.FileSystemPreferences syncWorld
2025-09-11 13:59:02,831 [ERROR] LogOutputStream:75 - [STDERR_REDIRECT] WARNING: Couldn't flush system prefs: java.util.prefs.BackingStoreException: Couldn't get file lock.
2025-09-11 13:59:02,831 [ERROR] LogOutputStream:75 - [STDERR_REDIRECT] 
2025-09-11 13:59:32,828 [ERROR] LogOutputStream:75 - [STDERR_REDIRECT] Sep 11, 2025 1:59:32 PM java.util.prefs.FileSystemPreferences checkLockFile0ErrorCode
2025-09-11 13:59:32,829 [ERROR] LogOutputStream:75 - [STDERR_REDIRECT] WARNING: Could not lock System prefs. Unix error code 2.
2025-09-11 13:59:32,829 [ERROR] LogOutputStream:75 - [STDERR_REDIRECT] 
2025-09-11 13:59:32,829 [ERROR] LogOutputStream:75 - [STDERR_REDIRECT] Sep 11, 2025 1:59:32 PM java.util.prefs.FileSystemPreferences syncWorld
2025-09-11 13:59:32,830 [ERROR] LogOutputStream:75 - [STDERR_REDIRECT] WARNING: Couldn't flush system prefs: java.util.prefs.BackingStoreException: Couldn't get file lock.
2025-09-11 13:59:32,830 [ERROR] LogOutputStream:75 - [STDERR_REDIRECT] 
2025-09-11 14:00:02,829 [ERROR] LogOutputStream:75 - [STDERR_REDIRECT] Sep 11, 2025 2:00:02 PM java.util.prefs.FileSystemPreferences checkLockFile0ErrorCode
2025-09-11 14:00:02,829 [ERROR] LogOutputStream:75 - [STDERR_REDIRECT] WARNING: Could not lock System prefs. Unix error code 2.
2025-09-11 14:00:02,829 [ERROR] LogOutputStream:75 - [STDERR_REDIRECT] 
2025-09-11 14:00:02,830 [ERROR] LogOutputStream:75 - [STDERR_REDIRECT] Sep 11, 2025 2:00:02 PM java.util.prefs.FileSystemPreferences syncWorld
2025-09-11 14:00:02,831 [ERROR] LogOutputStream:75 - [STDERR_REDIRECT] WARNING: Couldn't flush system prefs: java.util.prefs.BackingStoreException: Couldn't get file lock.
2025-09-11 14:00:02,831 [ERROR] LogOutputStream:75 - [STDERR_REDIRECT] 
2025-09-11 14:00:32,828 [ERROR] LogOutputStream:75 - [STDERR_REDIRECT] Sep 11, 2025 2:00:32 PM java.util.prefs.FileSystemPreferences checkLockFile0ErrorCode
2025-09-11 14:00:32,829 [ERROR] LogOutputStream:75 - [STDERR_REDIRECT] WARNING: Could not lock System prefs. Unix error code 2.
2025-09-11 14:00:32,829 [ERROR] LogOutputStream:75 - [STDERR_REDIRECT] 
2025-09-11 14:00:32,829 [ERROR] LogOutputStream:75 - [STDERR_REDIRECT] Sep 11, 2025 2:00:32 PM java.util.prefs.FileSystemPreferences syncWorld
2025-09-11 14:00:32,830 [ERROR] LogOutputStream:75 - [STDERR_REDIRECT] WARNING: Couldn't flush system prefs: java.util.prefs.BackingStoreException: Couldn't get file lock.
2025-09-11 14:00:32,830 [ERROR] LogOutputStream:75 - [STDERR_REDIRECT] 
2025-09-11 14:01:02,828 [ERROR] LogOutputStream:75 - [STDERR_REDIRECT] Sep 11, 2025 2:01:02 PM java.util.prefs.FileSystemPreferences checkLockFile0ErrorCode
2025-09-11 14:01:02,829 [ERROR] LogOutputStream:75 - [STDERR_REDIRECT] WARNING: Could not lock System prefs. Unix error code 2.
2025-09-11 14:01:02,829 [ERROR] LogOutputStream:75 - [STDERR_REDIRECT] 
2025-09-11 14:01:02,829 [ERROR] LogOutputStream:75 - [STDERR_REDIRECT] Sep 11, 2025 2:01:02 PM java.util.prefs.FileSystemPreferences syncWorld
2025-09-11 14:01:02,830 [ERROR] LogOutputStream:75 - [STDERR_REDIRECT] WARNING: Couldn't flush system prefs: java.util.prefs.BackingStoreException: Couldn't get file lock.
2025-09-11 14:01:02,830 [ERROR] LogOutputStream:75 - [STDERR_REDIRECT] 
2025-09-11 14:01:32,828 [ERROR] LogOutputStream:75 - [STDERR_REDIRECT] Sep 11, 2025 2:01:32 PM java.util.prefs.FileSystemPreferences checkLockFile0ErrorCode
2025-09-11 14:01:32,828 [ERROR] LogOutputStream:75 - [STDERR_REDIRECT] WARNING: Could not lock System prefs. Unix error code 2.
2025-09-11 14:01:32,828 [ERROR] LogOutputStream:75 - [STDERR_REDIRECT] 
2025-09-11 14:01:32,829 [ERROR] LogOutputStream:75 - [STDERR_REDIRECT] Sep 11, 2025 2:01:32 PM java.util.prefs.FileSystemPreferences syncWorld
2025-09-11 14:01:32,830 [ERROR] LogOutputStream:75 - [STDERR_REDIRECT] WARNING: Couldn't flush system prefs: java.util.prefs.BackingStoreException: Couldn't get file lock.
2025-09-11 14:01:32,830 [ERROR] LogOutputStream:75 - [STDERR_REDIRECT] 
2025-09-11 14:02:02,829 [ERROR] LogOutputStream:75 - [STDERR_REDIRECT] Sep 11, 2025 2:02:02 PM java.util.prefs.FileSystemPreferences checkLockFile0ErrorCode
2025-09-11 14:02:02,829 [ERROR] LogOutputStream:75 - [STDERR_REDIRECT] WARNING: Could not lock System prefs. Unix error code 2.
2025-09-11 14:02:02,829 [ERROR] LogOutputStream:75 - [STDERR_REDIRECT] 
2025-09-11 14:02:02,830 [ERROR] LogOutputStream:75 - [STDERR_REDIRECT] Sep 11, 2025 2:02:02 PM java.util.prefs.FileSystemPreferences syncWorld
2025-09-11 14:02:02,830 [ERROR] LogOutputStream:75 - [STDERR_REDIRECT] WARNING: Couldn't flush system prefs: java.util.prefs.BackingStoreException: Couldn't get file lock.
2025-09-11 14:02:02,830 [ERROR] LogOutputStream:75 - [STDERR_REDIRECT] 
2025-09-11 14:02:32,828 [ERROR] LogOutputStream:75 - [STDERR_REDIRECT] Sep 11, 2025 2:02:32 PM java.util.prefs.FileSystemPreferences checkLockFile0ErrorCode
2025-09-11 14:02:32,829 [ERROR] LogOutputStream:75 - [STDERR_REDIRECT] WARNING: Could not lock System prefs. Unix error code 2.
2025-09-11 14:02:32,829 [ERROR] LogOutputStream:75 - [STDERR_REDIRECT] 
2025-09-11 14:02:32,829 [ERROR] LogOutputStream:75 - [STDERR_REDIRECT] Sep 11, 2025 2:02:32 PM java.util.prefs.FileSystemPreferences syncWorld
2025-09-11 14:02:32,830 [ERROR] LogOutputStream:75 - [STDERR_REDIRECT] WARNING: Couldn't flush system prefs: java.util.prefs.BackingStoreException: Couldn't get file lock.
2025-09-11 14:02:32,830 [ERROR] LogOutputStream:75 - [STDERR_REDIRECT] 
2025-09-11 14:03:02,828 [ERROR] LogOutputStream:75 - [STDERR_REDIRECT] Sep 11, 2025 2:03:02 PM java.util.prefs.FileSystemPreferences checkLockFile0ErrorCode
2025-09-11 14:03:02,829 [ERROR] LogOutputStream:75 - [STDERR_REDIRECT] WARNING: Could not lock System prefs. Unix error code 2.
2025-09-11 14:03:02,829 [ERROR] LogOutputStream:75 - [STDERR_REDIRECT] 
2025-09-11 14:03:02,829 [ERROR] LogOutputStream:75 - [STDERR_REDIRECT] Sep 11, 2025 2:03:02 PM java.util.prefs.FileSystemPreferences syncWorld
2025-09-11 14:03:02,829 [ERROR] LogOutputStream:75 - [STDERR_REDIRECT] WARNING: Couldn't flush system prefs: java.util.prefs.BackingStoreException: Couldn't get file lock.
2025-09-11 14:03:02,829 [ERROR] LogOutputStream:75 - [STDERR_REDIRECT] 
2025-09-11 14:03:32,830 [ERROR] LogOutputStream:75 - [STDERR_REDIRECT] Sep 11, 2025 2:03:32 PM java.util.prefs.FileSystemPreferences checkLockFile0ErrorCode
2025-09-11 14:03:32,830 [ERROR] LogOutputStream:75 - [STDERR_REDIRECT] WARNING: Could not lock System prefs. Unix error code 2.
2025-09-11 14:03:32,830 [ERROR] LogOutputStream:75 - [STDERR_REDIRECT] 
2025-09-11 14:03:32,831 [ERROR] LogOutputStream:75 - [STDERR_REDIRECT] Sep 11, 2025 2:03:32 PM java.util.prefs.FileSystemPreferences syncWorld
2025-09-11 14:03:32,831 [ERROR] LogOutputStream:75 - [STDERR_REDIRECT] WARNING: Couldn't flush system prefs: java.util.prefs.BackingStoreException: Couldn't get file lock.
2025-09-11 14:03:32,831 [ERROR] LogOutputStream:75 - [STDERR_REDIRECT] 
2025-09-11 14:04:02,831 [ERROR] LogOutputStream:75 - [STDERR_REDIRECT] Sep 11, 2025 2:04:02 PM java.util.prefs.FileSystemPreferences checkLockFile0ErrorCode
2025-09-11 14:04:02,831 [ERROR] LogOutputStream:75 - [STDERR_REDIRECT] WARNING: Could not lock System prefs. Unix error code 2.
2025-09-11 14:04:02,831 [ERROR] LogOutputStream:75 - [STDERR_REDIRECT] 
2025-09-11 14:04:02,832 [ERROR] LogOutputStream:75 - [STDERR_REDIRECT] Sep 11, 2025 2:04:02 PM java.util.prefs.FileSystemPreferences syncWorld
2025-09-11 14:04:02,833 [ERROR] LogOutputStream:75 - [STDERR_REDIRECT] WARNING: Couldn't flush system prefs: java.util.prefs.BackingStoreException: Couldn't get file lock.
2025-09-11 14:04:02,833 [ERROR] LogOutputStream:75 - [STDERR_REDIRECT] 
2025-09-11 14:04:32,828 [ERROR] LogOutputStream:75 - [STDERR_REDIRECT] Sep 11, 2025 2:04:32 PM java.util.prefs.FileSystemPreferences checkLockFile0ErrorCode
2025-09-11 14:04:32,829 [ERROR] LogOutputStream:75 - [STDERR_REDIRECT] WARNING: Could not lock System prefs. Unix error code 2.
2025-09-11 14:04:32,829 [ERROR] LogOutputStream:75 - [STDERR_REDIRECT] 
2025-09-11 14:04:32,829 [ERROR] LogOutputStream:75 - [STDERR_REDIRECT] Sep 11, 2025 2:04:32 PM java.util.prefs.FileSystemPreferences syncWorld
2025-09-11 14:04:32,830 [ERROR] LogOutputStream:75 - [STDERR_REDIRECT] WARNING: Couldn't flush system prefs: java.util.prefs.BackingStoreException: Couldn't get file lock.
2025-09-11 14:04:32,830 [ERROR] LogOutputStream:75 - [STDERR_REDIRECT] 
2025-09-11 14:05:02,828 [ERROR] LogOutputStream:75 - [STDERR_REDIRECT] Sep 11, 2025 2:05:02 PM java.util.prefs.FileSystemPreferences checkLockFile0ErrorCode
2025-09-11 14:05:02,829 [ERROR] LogOutputStream:75 - [STDERR_REDIRECT] WARNING: Could not lock System prefs. Unix error code 2.
2025-09-11 14:05:02,829 [ERROR] LogOutputStream:75 - [STDERR_REDIRECT] 
2025-09-11 14:05:02,829 [ERROR] LogOutputStream:75 - [STDERR_REDIRECT] Sep 11, 2025 2:05:02 PM java.util.prefs.FileSystemPreferences syncWorld
2025-09-11 14:05:02,830 [ERROR] LogOutputStream:75 - [STDERR_REDIRECT] WARNING: Couldn't flush system prefs: java.util.prefs.BackingStoreException: Couldn't get file lock.
2025-09-11 14:05:02,830 [ERROR] LogOutputStream:75 - [STDERR_REDIRECT] 
2025-09-11 14:05:32,829 [ERROR] LogOutputStream:75 - [STDERR_REDIRECT] Sep 11, 2025 2:05:32 PM java.util.prefs.FileSystemPreferences checkLockFile0ErrorCode
2025-09-11 14:05:32,830 [ERROR] LogOutputStream:75 - [STDERR_REDIRECT] WARNING: Could not lock System prefs. Unix error code 2.
2025-09-11 14:05:32,830 [ERROR] LogOutputStream:75 - [STDERR_REDIRECT] 
2025-09-11 14:05:32,831 [ERROR] LogOutputStream:75 - [STDERR_REDIRECT] Sep 11, 2025 2:05:32 PM java.util.prefs.FileSystemPreferences syncWorld
2025-09-11 14:05:32,833 [ERROR] LogOutputStream:75 - [STDERR_REDIRECT] WARNING: Couldn't flush system prefs: java.util.prefs.BackingStoreException: Couldn't get file lock.
2025-09-11 14:05:32,833 [ERROR] LogOutputStream:75 - [STDERR_REDIRECT] 
2025-09-11 14:06:02,828 [ERROR] LogOutputStream:75 - [STDERR_REDIRECT] Sep 11, 2025 2:06:02 PM java.util.prefs.FileSystemPreferences checkLockFile0ErrorCode
2025-09-11 14:06:02,828 [ERROR] LogOutputStream:75 - [STDERR_REDIRECT] WARNING: Could not lock System prefs. Unix error code 2.
2025-09-11 14:06:02,828 [ERROR] LogOutputStream:75 - [STDERR_REDIRECT] 
2025-09-11 14:06:02,828 [ERROR] LogOutputStream:75 - [STDERR_REDIRECT] Sep 11, 2025 2:06:02 PM java.util.prefs.FileSystemPreferences syncWorld
2025-09-11 14:06:02,829 [ERROR] LogOutputStream:75 - [STDERR_REDIRECT] WARNING: Couldn't flush system prefs: java.util.prefs.BackingStoreException: Couldn't get file lock.
2025-09-11 14:06:02,829 [ERROR] LogOutputStream:75 - [STDERR_REDIRECT] 
2025-09-11 14:06:32,829 [ERROR] LogOutputStream:75 - [STDERR_REDIRECT] Sep 11, 2025 2:06:32 PM java.util.prefs.FileSystemPreferences checkLockFile0ErrorCode
2025-09-11 14:06:32,829 [ERROR] LogOutputStream:75 - [STDERR_REDIRECT] WARNING: Could not lock System prefs. Unix error code 2.
2025-09-11 14:06:32,830 [ERROR] LogOutputStream:75 - [STDERR_REDIRECT] 
2025-09-11 14:06:32,830 [ERROR] LogOutputStream:75 - [STDERR_REDIRECT] Sep 11, 2025 2:06:32 PM java.util.prefs.FileSystemPreferences syncWorld
2025-09-11 14:06:32,831 [ERROR] LogOutputStream:75 - [STDERR_REDIRECT] WARNING: Couldn't flush system prefs: java.util.prefs.BackingStoreException: Couldn't get file lock.
2025-09-11 14:06:32,831 [ERROR] LogOutputStream:75 - [STDERR_REDIRECT] 
2025-09-11 14:07:02,828 [ERROR] LogOutputStream:75 - [STDERR_REDIRECT] Sep 11, 2025 2:07:02 PM java.util.prefs.FileSystemPreferences checkLockFile0ErrorCode
2025-09-11 14:07:02,829 [ERROR] LogOutputStream:75 - [STDERR_REDIRECT] WARNING: Could not lock System prefs. Unix error code 2.
2025-09-11 14:07:02,829 [ERROR] LogOutputStream:75 - [STDERR_REDIRECT] 
2025-09-11 14:07:02,829 [ERROR] LogOutputStream:75 - [STDERR_REDIRECT] Sep 11, 2025 2:07:02 PM java.util.prefs.FileSystemPreferences syncWorld
2025-09-11 14:07:02,829 [ERROR] LogOutputStream:75 - [STDERR_REDIRECT] WARNING: Couldn't flush system prefs: java.util.prefs.BackingStoreException: Couldn't get file lock.
2025-09-11 14:07:02,829 [ERROR] LogOutputStream:75 - [STDERR_REDIRECT] 
2025-09-11 14:07:32,829 [ERROR] LogOutputStream:75 - [STDERR_REDIRECT] Sep 11, 2025 2:07:32 PM java.util.prefs.FileSystemPreferences checkLockFile0ErrorCode
2025-09-11 14:07:32,830 [ERROR] LogOutputStream:75 - [STDERR_REDIRECT] WARNING: Could not lock System prefs. Unix error code 2.
2025-09-11 14:07:32,830 [ERROR] LogOutputStream:75 - [STDERR_REDIRECT] 
2025-09-11 14:07:32,830 [ERROR] LogOutputStream:75 - [STDERR_REDIRECT] Sep 11, 2025 2:07:32 PM java.util.prefs.FileSystemPreferences syncWorld
2025-09-11 14:07:32,831 [ERROR] LogOutputStream:75 - [STDERR_REDIRECT] WARNING: Couldn't flush system prefs: java.util.prefs.BackingStoreException: Couldn't get file lock.
2025-09-11 14:07:32,831 [ERROR] LogOutputStream:75 - [STDERR_REDIRECT] 
2025-09-11 14:08:02,829 [ERROR] LogOutputStream:75 - [STDERR_REDIRECT] Sep 11, 2025 2:08:02 PM java.util.prefs.FileSystemPreferences checkLockFile0ErrorCode
2025-09-11 14:08:02,829 [ERROR] LogOutputStream:75 - [STDERR_REDIRECT] WARNING: Could not lock System prefs. Unix error code 2.
2025-09-11 14:08:02,829 [ERROR] LogOutputStream:75 - [STDERR_REDIRECT] 
2025-09-11 14:08:02,830 [ERROR] LogOutputStream:75 - [STDERR_REDIRECT] Sep 11, 2025 2:08:02 PM java.util.prefs.FileSystemPreferences syncWorld
2025-09-11 14:08:02,830 [ERROR] LogOutputStream:75 - [STDERR_REDIRECT] WARNING: Couldn't flush system prefs: java.util.prefs.BackingStoreException: Couldn't get file lock.
2025-09-11 14:08:02,830 [ERROR] LogOutputStream:75 - [STDERR_REDIRECT] 
2025-09-11 14:08:32,830 [ERROR] LogOutputStream:75 - [STDERR_REDIRECT] Sep 11, 2025 2:08:32 PM java.util.prefs.FileSystemPreferences checkLockFile0ErrorCode
2025-09-11 14:08:32,830 [ERROR] LogOutputStream:75 - [STDERR_REDIRECT] WARNING: Could not lock System prefs. Unix error code 2.
2025-09-11 14:08:32,830 [ERROR] LogOutputStream:75 - [STDERR_REDIRECT] 
2025-09-11 14:08:32,831 [ERROR] LogOutputStream:75 - [STDERR_REDIRECT] Sep 11, 2025 2:08:32 PM java.util.prefs.FileSystemPreferences syncWorld
2025-09-11 14:08:32,831 [ERROR] LogOutputStream:75 - [STDERR_REDIRECT] WARNING: Couldn't flush system prefs: java.util.prefs.BackingStoreException: Couldn't get file lock.
2025-09-11 14:08:32,831 [ERROR] LogOutputStream:75 - [STDERR_REDIRECT] 
2025-09-11 14:09:02,828 [ERROR] LogOutputStream:75 - [STDERR_REDIRECT] Sep 11, 2025 2:09:02 PM java.util.prefs.FileSystemPreferences checkLockFile0ErrorCode
2025-09-11 14:09:02,829 [ERROR] LogOutputStream:75 - [STDERR_REDIRECT] WARNING: Could not lock System prefs. Unix error code 2.
2025-09-11 14:09:02,829 [ERROR] LogOutputStream:75 - [STDERR_REDIRECT] 
2025-09-11 14:09:02,829 [ERROR] LogOutputStream:75 - [STDERR_REDIRECT] Sep 11, 2025 2:09:02 PM java.util.prefs.FileSystemPreferences syncWorld
2025-09-11 14:09:02,830 [ERROR] LogOutputStream:75 - [STDERR_REDIRECT] WARNING: Couldn't flush system prefs: java.util.prefs.BackingStoreException: Couldn't get file lock.
2025-09-11 14:09:02,830 [ERROR] LogOutputStream:75 - [STDERR_REDIRECT] 
2025-09-11 14:09:32,828 [ERROR] LogOutputStream:75 - [STDERR_REDIRECT] Sep 11, 2025 2:09:32 PM java.util.prefs.FileSystemPreferences checkLockFile0ErrorCode
2025-09-11 14:09:32,829 [ERROR] LogOutputStream:75 - [STDERR_REDIRECT] WARNING: Could not lock System prefs. Unix error code 2.
2025-09-11 14:09:32,829 [ERROR] LogOutputStream:75 - [STDERR_REDIRECT] 
2025-09-11 14:09:32,829 [ERROR] LogOutputStream:75 - [STDERR_REDIRECT] Sep 11, 2025 2:09:32 PM java.util.prefs.FileSystemPreferences syncWorld
2025-09-11 14:09:32,830 [ERROR] LogOutputStream:75 - [STDERR_REDIRECT] WARNING: Couldn't flush system prefs: java.util.prefs.BackingStoreException: Couldn't get file lock.
2025-09-11 14:09:32,830 [ERROR] LogOutputStream:75 - [STDERR_REDIRECT] 
2025-09-11 14:10:02,830 [ERROR] LogOutputStream:75 - [STDERR_REDIRECT] Sep 11, 2025 2:10:02 PM java.util.prefs.FileSystemPreferences checkLockFile0ErrorCode
2025-09-11 14:10:02,831 [ERROR] LogOutputStream:75 - [STDERR_REDIRECT] WARNING: Could not lock System prefs. Unix error code 2.
2025-09-11 14:10:02,831 [ERROR] LogOutputStream:75 - [STDERR_REDIRECT] 
2025-09-11 14:10:02,832 [ERROR] LogOutputStream:75 - [STDERR_REDIRECT] Sep 11, 2025 2:10:02 PM java.util.prefs.FileSystemPreferences syncWorld
2025-09-11 14:10:02,832 [ERROR] LogOutputStream:75 - [STDERR_REDIRECT] WARNING: Couldn't flush system prefs: java.util.prefs.BackingStoreException: Couldn't get file lock.
2025-09-11 14:10:02,832 [ERROR] LogOutputStream:75 - [STDERR_REDIRECT] 
2025-09-11 14:10:32,830 [ERROR] LogOutputStream:75 - [STDERR_REDIRECT] Sep 11, 2025 2:10:32 PM java.util.prefs.FileSystemPreferences checkLockFile0ErrorCode
2025-09-11 14:10:32,830 [ERROR] LogOutputStream:75 - [STDERR_REDIRECT] WARNING: Could not lock System prefs. Unix error code 2.
2025-09-11 14:10:32,830 [ERROR] LogOutputStream:75 - [STDERR_REDIRECT] 
2025-09-11 14:10:32,830 [ERROR] LogOutputStream:75 - [STDERR_REDIRECT] Sep 11, 2025 2:10:32 PM java.util.prefs.FileSystemPreferences syncWorld
2025-09-11 14:10:32,831 [ERROR] LogOutputStream:75 - [STDERR_REDIRECT] WARNING: Couldn't flush system prefs: java.util.prefs.BackingStoreException: Couldn't get file lock.
2025-09-11 14:10:32,831 [ERROR] LogOutputStream:75 - [STDERR_REDIRECT] 
2025-09-11 14:11:02,830 [ERROR] LogOutputStream:75 - [STDERR_REDIRECT] Sep 11, 2025 2:11:02 PM java.util.prefs.FileSystemPreferences checkLockFile0ErrorCode
2025-09-11 14:11:02,830 [ERROR] LogOutputStream:75 - [STDERR_REDIRECT] WARNING: Could not lock System prefs. Unix error code 2.
2025-09-11 14:11:02,830 [ERROR] LogOutputStream:75 - [STDERR_REDIRECT] 
2025-09-11 14:11:02,831 [ERROR] LogOutputStream:75 - [STDERR_REDIRECT] Sep 11, 2025 2:11:02 PM java.util.prefs.FileSystemPreferences syncWorld
2025-09-11 14:11:02,832 [ERROR] LogOutputStream:75 - [STDERR_REDIRECT] WARNING: Couldn't flush system prefs: java.util.prefs.BackingStoreException: Couldn't get file lock.
2025-09-11 14:11:02,832 [ERROR] LogOutputStream:75 - [STDERR_REDIRECT] 
2025-09-11 14:11:32,830 [ERROR] LogOutputStream:75 - [STDERR_REDIRECT] Sep 11, 2025 2:11:32 PM java.util.prefs.FileSystemPreferences checkLockFile0ErrorCode
2025-09-11 14:11:32,830 [ERROR] LogOutputStream:75 - [STDERR_REDIRECT] WARNING: Could not lock System prefs. Unix error code 2.
2025-09-11 14:11:32,830 [ERROR] LogOutputStream:75 - [STDERR_REDIRECT] 
2025-09-11 14:11:32,830 [ERROR] LogOutputStream:75 - [STDERR_REDIRECT] Sep 11, 2025 2:11:32 PM java.util.prefs.FileSystemPreferences syncWorld
2025-09-11 14:11:32,831 [ERROR] LogOutputStream:75 - [STDERR_REDIRECT] WARNING: Couldn't flush system prefs: java.util.prefs.BackingStoreException: Couldn't get file lock.
2025-09-11 14:11:32,831 [ERROR] LogOutputStream:75 - [STDERR_REDIRECT] 
2025-09-11 14:12:02,831 [ERROR] LogOutputStream:75 - [STDERR_REDIRECT] Sep 11, 2025 2:12:02 PM java.util.prefs.FileSystemPreferences checkLockFile0ErrorCode
2025-09-11 14:12:02,832 [ERROR] LogOutputStream:75 - [STDERR_REDIRECT] WARNING: Could not lock System prefs. Unix error code 2.
2025-09-11 14:12:02,832 [ERROR] LogOutputStream:75 - [STDERR_REDIRECT] 
2025-09-11 14:12:02,833 [ERROR] LogOutputStream:75 - [STDERR_REDIRECT] Sep 11, 2025 2:12:02 PM java.util.prefs.FileSystemPreferences syncWorld
2025-09-11 14:12:02,833 [ERROR] LogOutputStream:75 - [STDERR_REDIRECT] WARNING: Couldn't flush system prefs: java.util.prefs.BackingStoreException: Couldn't get file lock.
2025-09-11 14:12:02,833 [ERROR] LogOutputStream:75 - [STDERR_REDIRECT] 
2025-09-11 14:12:32,828 [ERROR] LogOutputStream:75 - [STDERR_REDIRECT] Sep 11, 2025 2:12:32 PM java.util.prefs.FileSystemPreferences checkLockFile0ErrorCode
2025-09-11 14:12:32,829 [ERROR] LogOutputStream:75 - [STDERR_REDIRECT] WARNING: Could not lock System prefs. Unix error code 2.
2025-09-11 14:12:32,829 [ERROR] LogOutputStream:75 - [STDERR_REDIRECT] 
2025-09-11 14:12:32,829 [ERROR] LogOutputStream:75 - [STDERR_REDIRECT] Sep 11, 2025 2:12:32 PM java.util.prefs.FileSystemPreferences syncWorld
2025-09-11 14:12:32,830 [ERROR] LogOutputStream:75 - [STDERR_REDIRECT] WARNING: Couldn't flush system prefs: java.util.prefs.BackingStoreException: Couldn't get file lock.
2025-09-11 14:12:32,830 [ERROR] LogOutputStream:75 - [STDERR_REDIRECT] 
2025-09-11 14:13:02,831 [ERROR] LogOutputStream:75 - [STDERR_REDIRECT] Sep 11, 2025 2:13:02 PM java.util.prefs.FileSystemPreferences checkLockFile0ErrorCode
2025-09-11 14:13:02,832 [ERROR] LogOutputStream:75 - [STDERR_REDIRECT] WARNING: Could not lock System prefs. Unix error code 2.
2025-09-11 14:13:02,832 [ERROR] LogOutputStream:75 - [STDERR_REDIRECT] 
2025-09-11 14:13:02,832 [ERROR] LogOutputStream:75 - [STDERR_REDIRECT] Sep 11, 2025 2:13:02 PM java.util.prefs.FileSystemPreferences syncWorld
2025-09-11 14:13:02,833 [ERROR] LogOutputStream:75 - [STDERR_REDIRECT] WARNING: Couldn't flush system prefs: java.util.prefs.BackingStoreException: Couldn't get file lock.
2025-09-11 14:13:02,833 [ERROR] LogOutputStream:75 - [STDERR_REDIRECT] 
2025-09-11 14:13:32,831 [ERROR] LogOutputStream:75 - [STDERR_REDIRECT] Sep 11, 2025 2:13:32 PM java.util.prefs.FileSystemPreferences checkLockFile0ErrorCode
2025-09-11 14:13:32,832 [ERROR] LogOutputStream:75 - [STDERR_REDIRECT] WARNING: Could not lock System prefs. Unix error code 2.
2025-09-11 14:13:32,832 [ERROR] LogOutputStream:75 - [STDERR_REDIRECT] 
2025-09-11 14:13:32,832 [ERROR] LogOutputStream:75 - [STDERR_REDIRECT] Sep 11, 2025 2:13:32 PM java.util.prefs.FileSystemPreferences syncWorld
2025-09-11 14:13:32,833 [ERROR] LogOutputStream:75 - [STDERR_REDIRECT] WARNING: Couldn't flush system prefs: java.util.prefs.BackingStoreException: Couldn't get file lock.
2025-09-11 14:13:32,833 [ERROR] LogOutputStream:75 - [STDERR_REDIRECT] 
2025-09-11 14:14:02,829 [ERROR] LogOutputStream:75 - [STDERR_REDIRECT] Sep 11, 2025 2:14:02 PM java.util.prefs.FileSystemPreferences checkLockFile0ErrorCode
2025-09-11 14:14:02,830 [ERROR] LogOutputStream:75 - [STDERR_REDIRECT] WARNING: Could not lock System prefs. Unix error code 2.
2025-09-11 14:14:02,830 [ERROR] LogOutputStream:75 - [STDERR_REDIRECT] 
2025-09-11 14:14:02,831 [ERROR] LogOutputStream:75 - [STDERR_REDIRECT] Sep 11, 2025 2:14:02 PM java.util.prefs.FileSystemPreferences syncWorld
2025-09-11 14:14:02,831 [ERROR] LogOutputStream:75 - [STDERR_REDIRECT] WARNING: Couldn't flush system prefs: java.util.prefs.BackingStoreException: Couldn't get file lock.
2025-09-11 14:14:02,831 [ERROR] LogOutputStream:75 - [STDERR_REDIRECT] 
2025-09-11 14:14:32,829 [ERROR] LogOutputStream:75 - [STDERR_REDIRECT] Sep 11, 2025 2:14:32 PM java.util.prefs.FileSystemPreferences checkLockFile0ErrorCode
2025-09-11 14:14:32,830 [ERROR] LogOutputStream:75 - [STDERR_REDIRECT] WARNING: Could not lock System prefs. Unix error code 2.
2025-09-11 14:14:32,830 [ERROR] LogOutputStream:75 - [STDERR_REDIRECT] 
2025-09-11 14:14:32,830 [ERROR] LogOutputStream:75 - [STDERR_REDIRECT] Sep 11, 2025 2:14:32 PM java.util.prefs.FileSystemPreferences syncWorld
2025-09-11 14:14:32,830 [ERROR] LogOutputStream:75 - [STDERR_REDIRECT] WARNING: Couldn't flush system prefs: java.util.prefs.BackingStoreException: Couldn't get file lock.
2025-09-11 14:14:32,830 [ERROR] LogOutputStream:75 - [STDERR_REDIRECT] 
2025-09-11 14:15:02,831 [ERROR] LogOutputStream:75 - [STDERR_REDIRECT] Sep 11, 2025 2:15:02 PM java.util.prefs.FileSystemPreferences checkLockFile0ErrorCode
2025-09-11 14:15:02,832 [ERROR] LogOutputStream:75 - [STDERR_REDIRECT] WARNING: Could not lock System prefs. Unix error code 2.
2025-09-11 14:15:02,832 [ERROR] LogOutputStream:75 - [STDERR_REDIRECT] 
2025-09-11 14:15:02,833 [ERROR] LogOutputStream:75 - [STDERR_REDIRECT] Sep 11, 2025 2:15:02 PM java.util.prefs.FileSystemPreferences syncWorld
2025-09-11 14:15:02,833 [ERROR] LogOutputStream:75 - [STDERR_REDIRECT] WARNING: Couldn't flush system prefs: java.util.prefs.BackingStoreException: Couldn't get file lock.
2025-09-11 14:15:02,833 [ERROR] LogOutputStream:75 - [STDERR_REDIRECT] 
2025-09-11 14:15:32,831 [ERROR] LogOutputStream:75 - [STDERR_REDIRECT] Sep 11, 2025 2:15:32 PM java.util.prefs.FileSystemPreferences checkLockFile0ErrorCode
2025-09-11 14:15:32,831 [ERROR] LogOutputStream:75 - [STDERR_REDIRECT] WARNING: Could not lock System prefs. Unix error code 2.
2025-09-11 14:15:32,831 [ERROR] LogOutputStream:75 - [STDERR_REDIRECT] 
2025-09-11 14:15:32,832 [ERROR] LogOutputStream:75 - [STDERR_REDIRECT] Sep 11, 2025 2:15:32 PM java.util.prefs.FileSystemPreferences syncWorld
2025-09-11 14:15:32,832 [ERROR] LogOutputStream:75 - [STDERR_REDIRECT] WARNING: Couldn't flush system prefs: java.util.prefs.BackingStoreException: Couldn't get file lock.
2025-09-11 14:15:32,832 [ERROR] LogOutputStream:75 - [STDERR_REDIRECT] 
2025-09-11 14:16:02,833 [ERROR] LogOutputStream:75 - [STDERR_REDIRECT] Sep 11, 2025 2:16:02 PM java.util.prefs.FileSystemPreferences checkLockFile0ErrorCode
2025-09-11 14:16:02,834 [ERROR] LogOutputStream:75 - [STDERR_REDIRECT] WARNING: Could not lock System prefs. Unix error code 2.
2025-09-11 14:16:02,834 [ERROR] LogOutputStream:75 - [STDERR_REDIRECT] 
2025-09-11 14:16:02,834 [ERROR] LogOutputStream:75 - [STDERR_REDIRECT] Sep 11, 2025 2:16:02 PM java.util.prefs.FileSystemPreferences syncWorld
2025-09-11 14:16:02,835 [ERROR] LogOutputStream:75 - [STDERR_REDIRECT] WARNING: Couldn't flush system prefs: java.util.prefs.BackingStoreException: Couldn't get file lock.
2025-09-11 14:16:02,835 [ERROR] LogOutputStream:75 - [STDERR_REDIRECT] 
2025-09-11 14:16:32,830 [ERROR] LogOutputStream:75 - [STDERR_REDIRECT] Sep 11, 2025 2:16:32 PM java.util.prefs.FileSystemPreferences checkLockFile0ErrorCode
2025-09-11 14:16:32,830 [ERROR] LogOutputStream:75 - [STDERR_REDIRECT] WARNING: Could not lock System prefs. Unix error code 2.
2025-09-11 14:16:32,830 [ERROR] LogOutputStream:75 - [STDERR_REDIRECT] 
2025-09-11 14:16:32,831 [ERROR] LogOutputStream:75 - [STDERR_REDIRECT] Sep 11, 2025 2:16:32 PM java.util.prefs.FileSystemPreferences syncWorld
2025-09-11 14:16:32,831 [ERROR] LogOutputStream:75 - [STDERR_REDIRECT] WARNING: Couldn't flush system prefs: java.util.prefs.BackingStoreException: Couldn't get file lock.
2025-09-11 14:16:32,831 [ERROR] LogOutputStream:75 - [STDERR_REDIRECT] 
2025-09-11 14:17:02,831 [ERROR] LogOutputStream:75 - [STDERR_REDIRECT] Sep 11, 2025 2:17:02 PM java.util.prefs.FileSystemPreferences checkLockFile0ErrorCode
2025-09-11 14:17:02,831 [ERROR] LogOutputStream:75 - [STDERR_REDIRECT] WARNING: Could not lock System prefs. Unix error code 2.
2025-09-11 14:17:02,831 [ERROR] LogOutputStream:75 - [STDERR_REDIRECT] 
2025-09-11 14:17:02,832 [ERROR] LogOutputStream:75 - [STDERR_REDIRECT] Sep 11, 2025 2:17:02 PM java.util.prefs.FileSystemPreferences syncWorld
2025-09-11 14:17:02,832 [ERROR] LogOutputStream:75 - [STDERR_REDIRECT] WARNING: Couldn't flush system prefs: java.util.prefs.BackingStoreException: Couldn't get file lock.
2025-09-11 14:17:02,832 [ERROR] LogOutputStream:75 - [STDERR_REDIRECT] 
2025-09-11 14:17:32,833 [ERROR] LogOutputStream:75 - [STDERR_REDIRECT] Sep 11, 2025 2:17:32 PM java.util.prefs.FileSystemPreferences checkLockFile0ErrorCode
2025-09-11 14:17:32,834 [ERROR] LogOutputStream:75 - [STDERR_REDIRECT] WARNING: Could not lock System prefs. Unix error code 2.
2025-09-11 14:17:32,834 [ERROR] LogOutputStream:75 - [STDERR_REDIRECT] 
2025-09-11 14:17:32,834 [ERROR] LogOutputStream:75 - [STDERR_REDIRECT] Sep 11, 2025 2:17:32 PM java.util.prefs.FileSystemPreferences syncWorld
2025-09-11 14:17:32,835 [ERROR] LogOutputStream:75 - [STDERR_REDIRECT] WARNING: Couldn't flush system prefs: java.util.prefs.BackingStoreException: Couldn't get file lock.
2025-09-11 14:17:32,835 [ERROR] LogOutputStream:75 - [STDERR_REDIRECT] 
2025-09-11 14:18:02,831 [ERROR] LogOutputStream:75 - [STDERR_REDIRECT] Sep 11, 2025 2:18:02 PM java.util.prefs.FileSystemPreferences checkLockFile0ErrorCode
2025-09-11 14:18:02,831 [ERROR] LogOutputStream:75 - [STDERR_REDIRECT] WARNING: Could not lock System prefs. Unix error code 2.
2025-09-11 14:18:02,831 [ERROR] LogOutputStream:75 - [STDERR_REDIRECT] 
2025-09-11 14:18:02,832 [ERROR] LogOutputStream:75 - [STDERR_REDIRECT] Sep 11, 2025 2:18:02 PM java.util.prefs.FileSystemPreferences syncWorld
2025-09-11 14:18:02,832 [ERROR] LogOutputStream:75 - [STDERR_REDIRECT] WARNING: Couldn't flush system prefs: java.util.prefs.BackingStoreException: Couldn't get file lock.
2025-09-11 14:18:02,833 [ERROR] LogOutputStream:75 - [STDERR_REDIRECT] 
2025-09-11 14:18:32,830 [ERROR] LogOutputStream:75 - [STDERR_REDIRECT] Sep 11, 2025 2:18:32 PM java.util.prefs.FileSystemPreferences checkLockFile0ErrorCode
2025-09-11 14:18:32,831 [ERROR] LogOutputStream:75 - [STDERR_REDIRECT] WARNING: Could not lock System prefs. Unix error code 2.
2025-09-11 14:18:32,831 [ERROR] LogOutputStream:75 - [STDERR_REDIRECT] 
2025-09-11 14:18:32,832 [ERROR] LogOutputStream:75 - [STDERR_REDIRECT] Sep 11, 2025 2:18:32 PM java.util.prefs.FileSystemPreferences syncWorld
2025-09-11 14:18:32,832 [ERROR] LogOutputStream:75 - [STDERR_REDIRECT] WARNING: Couldn't flush system prefs: java.util.prefs.BackingStoreException: Couldn't get file lock.
2025-09-11 14:18:32,832 [ERROR] LogOutputStream:75 - [STDERR_REDIRECT] 
2025-09-11 14:19:02,830 [ERROR] LogOutputStream:75 - [STDERR_REDIRECT] Sep 11, 2025 2:19:02 PM java.util.prefs.FileSystemPreferences checkLockFile0ErrorCode
2025-09-11 14:19:02,831 [ERROR] LogOutputStream:75 - [STDERR_REDIRECT] WARNING: Could not lock System prefs. Unix error code 2.
2025-09-11 14:19:02,831 [ERROR] LogOutputStream:75 - [STDERR_REDIRECT] 
2025-09-11 14:19:02,831 [ERROR] LogOutputStream:75 - [STDERR_REDIRECT] Sep 11, 2025 2:19:02 PM java.util.prefs.FileSystemPreferences syncWorld
2025-09-11 14:19:02,832 [ERROR] LogOutputStream:75 - [STDERR_REDIRECT] WARNING: Couldn't flush system prefs: java.util.prefs.BackingStoreException: Couldn't get file lock.
2025-09-11 14:19:02,832 [ERROR] LogOutputStream:75 - [STDERR_REDIRECT] 
2025-09-11 14:19:32,830 [ERROR] LogOutputStream:75 - [STDERR_REDIRECT] Sep 11, 2025 2:19:32 PM java.util.prefs.FileSystemPreferences checkLockFile0ErrorCode
2025-09-11 14:19:32,830 [ERROR] LogOutputStream:75 - [STDERR_REDIRECT] WARNING: Could not lock System prefs. Unix error code 2.
2025-09-11 14:19:32,830 [ERROR] LogOutputStream:75 - [STDERR_REDIRECT] 
2025-09-11 14:19:32,831 [ERROR] LogOutputStream:75 - [STDERR_REDIRECT] Sep 11, 2025 2:19:32 PM java.util.prefs.FileSystemPreferences syncWorld
2025-09-11 14:19:32,832 [ERROR] LogOutputStream:75 - [STDERR_REDIRECT] WARNING: Couldn't flush system prefs: java.util.prefs.BackingStoreException: Couldn't get file lock.
2025-09-11 14:19:32,832 [ERROR] LogOutputStream:75 - [STDERR_REDIRECT] 
2025-09-11 14:20:02,831 [ERROR] LogOutputStream:75 - [STDERR_REDIRECT] Sep 11, 2025 2:20:02 PM java.util.prefs.FileSystemPreferences checkLockFile0ErrorCode
2025-09-11 14:20:02,831 [ERROR] LogOutputStream:75 - [STDERR_REDIRECT] WARNING: Could not lock System prefs. Unix error code 2.
2025-09-11 14:20:02,831 [ERROR] LogOutputStream:75 - [STDERR_REDIRECT] 
2025-09-11 14:20:02,831 [ERROR] LogOutputStream:75 - [STDERR_REDIRECT] Sep 11, 2025 2:20:02 PM java.util.prefs.FileSystemPreferences syncWorld
2025-09-11 14:20:02,832 [ERROR] LogOutputStream:75 - [STDERR_REDIRECT] WARNING: Couldn't flush system prefs: java.util.prefs.BackingStoreException: Couldn't get file lock.
2025-09-11 14:20:02,832 [ERROR] LogOutputStream:75 - [STDERR_REDIRECT] 
2025-09-11 14:20:32,830 [ERROR] LogOutputStream:75 - [STDERR_REDIRECT] Sep 11, 2025 2:20:32 PM java.util.prefs.FileSystemPreferences checkLockFile0ErrorCode
2025-09-11 14:20:32,831 [ERROR] LogOutputStream:75 - [STDERR_REDIRECT] WARNING: Could not lock System prefs. Unix error code 2.
2025-09-11 14:20:32,831 [ERROR] LogOutputStream:75 - [STDERR_REDIRECT] 
2025-09-11 14:20:32,831 [ERROR] LogOutputStream:75 - [STDERR_REDIRECT] Sep 11, 2025 2:20:32 PM java.util.prefs.FileSystemPreferences syncWorld
2025-09-11 14:20:32,831 [ERROR] LogOutputStream:75 - [STDERR_REDIRECT] WARNING: Couldn't flush system prefs: java.util.prefs.BackingStoreException: Couldn't get file lock.
2025-09-11 14:20:32,832 [ERROR] LogOutputStream:75 - [STDERR_REDIRECT] 
2025-09-11 14:21:02,853 [ERROR] LogOutputStream:75 - [STDERR_REDIRECT] Sep 11, 2025 2:21:02 PM java.util.prefs.FileSystemPreferences checkLockFile0ErrorCode
2025-09-11 14:21:02,854 [ERROR] LogOutputStream:75 - [STDERR_REDIRECT] WARNING: Could not lock System prefs. Unix error code 2.
2025-09-11 14:21:02,854 [ERROR] LogOutputStream:75 - [STDERR_REDIRECT] 
2025-09-11 14:21:02,854 [ERROR] LogOutputStream:75 - [STDERR_REDIRECT] Sep 11, 2025 2:21:02 PM java.util.prefs.FileSystemPreferences syncWorld
2025-09-11 14:21:02,855 [ERROR] LogOutputStream:75 - [STDERR_REDIRECT] WARNING: Couldn't flush system prefs: java.util.prefs.BackingStoreException: Couldn't get file lock.
2025-09-11 14:21:02,855 [ERROR] LogOutputStream:75 - [STDERR_REDIRECT] 
2025-09-11 14:21:32,830 [ERROR] LogOutputStream:75 - [STDERR_REDIRECT] Sep 11, 2025 2:21:32 PM java.util.prefs.FileSystemPreferences checkLockFile0ErrorCode
2025-09-11 14:21:32,830 [ERROR] LogOutputStream:75 - [STDERR_REDIRECT] WARNING: Could not lock System prefs. Unix error code 2.
2025-09-11 14:21:32,830 [ERROR] LogOutputStream:75 - [STDERR_REDIRECT] 
2025-09-11 14:21:32,831 [ERROR] LogOutputStream:75 - [STDERR_REDIRECT] Sep 11, 2025 2:21:32 PM java.util.prefs.FileSystemPreferences syncWorld
2025-09-11 14:21:32,831 [ERROR] LogOutputStream:75 - [STDERR_REDIRECT] WARNING: Couldn't flush system prefs: java.util.prefs.BackingStoreException: Couldn't get file lock.
2025-09-11 14:21:32,831 [ERROR] LogOutputStream:75 - [STDERR_REDIRECT] 
2025-09-11 14:22:02,830 [ERROR] LogOutputStream:75 - [STDERR_REDIRECT] Sep 11, 2025 2:22:02 PM java.util.prefs.FileSystemPreferences checkLockFile0ErrorCode
2025-09-11 14:22:02,831 [ERROR] LogOutputStream:75 - [STDERR_REDIRECT] WARNING: Could not lock System prefs. Unix error code 2.
2025-09-11 14:22:02,831 [ERROR] LogOutputStream:75 - [STDERR_REDIRECT] 
2025-09-11 14:22:02,831 [ERROR] LogOutputStream:75 - [STDERR_REDIRECT] Sep 11, 2025 2:22:02 PM java.util.prefs.FileSystemPreferences syncWorld
2025-09-11 14:22:02,832 [ERROR] LogOutputStream:75 - [STDERR_REDIRECT] WARNING: Couldn't flush system prefs: java.util.prefs.BackingStoreException: Couldn't get file lock.
2025-09-11 14:22:02,832 [ERROR] LogOutputStream:75 - [STDERR_REDIRECT] 
2025-09-11 14:22:32,830 [ERROR] LogOutputStream:75 - [STDERR_REDIRECT] Sep 11, 2025 2:22:32 PM java.util.prefs.FileSystemPreferences checkLockFile0ErrorCode
2025-09-11 14:22:32,831 [ERROR] LogOutputStream:75 - [STDERR_REDIRECT] WARNING: Could not lock System prefs. Unix error code 2.
2025-09-11 14:22:32,831 [ERROR] LogOutputStream:75 - [STDERR_REDIRECT] 
2025-09-11 14:22:32,831 [ERROR] LogOutputStream:75 - [STDERR_REDIRECT] Sep 11, 2025 2:22:32 PM java.util.prefs.FileSystemPreferences syncWorld
2025-09-11 14:22:32,832 [ERROR] LogOutputStream:75 - [STDERR_REDIRECT] WARNING: Couldn't flush system prefs: java.util.prefs.BackingStoreException: Couldn't get file lock.
2025-09-11 14:22:32,832 [ERROR] LogOutputStream:75 - [STDERR_REDIRECT] 
2025-09-11 14:23:02,831 [ERROR] LogOutputStream:75 - [STDERR_REDIRECT] Sep 11, 2025 2:23:02 PM java.util.prefs.FileSystemPreferences checkLockFile0ErrorCode
2025-09-11 14:23:02,831 [ERROR] LogOutputStream:75 - [STDERR_REDIRECT] WARNING: Could not lock System prefs. Unix error code 2.
2025-09-11 14:23:02,831 [ERROR] LogOutputStream:75 - [STDERR_REDIRECT] 
2025-09-11 14:23:02,832 [ERROR] LogOutputStream:75 - [STDERR_REDIRECT] Sep 11, 2025 2:23:02 PM java.util.prefs.FileSystemPreferences syncWorld
2025-09-11 14:23:02,833 [ERROR] LogOutputStream:75 - [STDERR_REDIRECT] WARNING: Couldn't flush system prefs: java.util.prefs.BackingStoreException: Couldn't get file lock.
2025-09-11 14:23:02,833 [ERROR] LogOutputStream:75 - [STDERR_REDIRECT] 
2025-09-11 14:23:32,830 [ERROR] LogOutputStream:75 - [STDERR_REDIRECT] Sep 11, 2025 2:23:32 PM java.util.prefs.FileSystemPreferences checkLockFile0ErrorCode
2025-09-11 14:23:32,831 [ERROR] LogOutputStream:75 - [STDERR_REDIRECT] WARNING: Could not lock System prefs. Unix error code 2.
2025-09-11 14:23:32,831 [ERROR] LogOutputStream:75 - [STDERR_REDIRECT] 
2025-09-11 14:23:32,831 [ERROR] LogOutputStream:75 - [STDERR_REDIRECT] Sep 11, 2025 2:23:32 PM java.util.prefs.FileSystemPreferences syncWorld
2025-09-11 14:23:32,832 [ERROR] LogOutputStream:75 - [STDERR_REDIRECT] WARNING: Couldn't flush system prefs: java.util.prefs.BackingStoreException: Couldn't get file lock.
2025-09-11 14:23:32,832 [ERROR] LogOutputStream:75 - [STDERR_REDIRECT] 
2025-09-11 14:24:02,830 [ERROR] LogOutputStream:75 - [STDERR_REDIRECT] Sep 11, 2025 2:24:02 PM java.util.prefs.FileSystemPreferences checkLockFile0ErrorCode
2025-09-11 14:24:02,831 [ERROR] LogOutputStream:75 - [STDERR_REDIRECT] WARNING: Could not lock System prefs. Unix error code 2.
2025-09-11 14:24:02,831 [ERROR] LogOutputStream:75 - [STDERR_REDIRECT] 
2025-09-11 14:24:02,831 [ERROR] LogOutputStream:75 - [STDERR_REDIRECT] Sep 11, 2025 2:24:02 PM java.util.prefs.FileSystemPreferences syncWorld
2025-09-11 14:24:02,831 [ERROR] LogOutputStream:75 - [STDERR_REDIRECT] WARNING: Couldn't flush system prefs: java.util.prefs.BackingStoreException: Couldn't get file lock.
2025-09-11 14:24:02,831 [ERROR] LogOutputStream:75 - [STDERR_REDIRECT] 
2025-09-11 14:24:32,831 [ERROR] LogOutputStream:75 - [STDERR_REDIRECT] Sep 11, 2025 2:24:32 PM java.util.prefs.FileSystemPreferences checkLockFile0ErrorCode
2025-09-11 14:24:32,832 [ERROR] LogOutputStream:75 - [STDERR_REDIRECT] WARNING: Could not lock System prefs. Unix error code 2.
2025-09-11 14:24:32,832 [ERROR] LogOutputStream:75 - [STDERR_REDIRECT] 
2025-09-11 14:24:32,832 [ERROR] LogOutputStream:75 - [STDERR_REDIRECT] Sep 11, 2025 2:24:32 PM java.util.prefs.FileSystemPreferences syncWorld
2025-09-11 14:24:32,833 [ERROR] LogOutputStream:75 - [STDERR_REDIRECT] WARNING: Couldn't flush system prefs: java.util.prefs.BackingStoreException: Couldn't get file lock.
2025-09-11 14:24:32,833 [ERROR] LogOutputStream:75 - [STDERR_REDIRECT] 
2025-09-11 14:25:02,834 [ERROR] LogOutputStream:75 - [STDERR_REDIRECT] Sep 11, 2025 2:25:02 PM java.util.prefs.FileSystemPreferences checkLockFile0ErrorCode
2025-09-11 14:25:02,834 [ERROR] LogOutputStream:75 - [STDERR_REDIRECT] WARNING: Could not lock System prefs. Unix error code 2.
2025-09-11 14:25:02,834 [ERROR] LogOutputStream:75 - [STDERR_REDIRECT] 
2025-09-11 14:25:02,835 [ERROR] LogOutputStream:75 - [STDERR_REDIRECT] Sep 11, 2025 2:25:02 PM java.util.prefs.FileSystemPreferences syncWorld
2025-09-11 14:25:02,835 [ERROR] LogOutputStream:75 - [STDERR_REDIRECT] WARNING: Couldn't flush system prefs: java.util.prefs.BackingStoreException: Couldn't get file lock.
2025-09-11 14:25:02,836 [ERROR] LogOutputStream:75 - [STDERR_REDIRECT] 
2025-09-11 14:25:32,834 [ERROR] LogOutputStream:75 - [STDERR_REDIRECT] Sep 11, 2025 2:25:32 PM java.util.prefs.FileSystemPreferences checkLockFile0ErrorCode
2025-09-11 14:25:32,835 [ERROR] LogOutputStream:75 - [STDERR_REDIRECT] WARNING: Could not lock System prefs. Unix error code 2.
2025-09-11 14:25:32,835 [ERROR] LogOutputStream:75 - [STDERR_REDIRECT] 
2025-09-11 14:25:32,836 [ERROR] LogOutputStream:75 - [STDERR_REDIRECT] Sep 11, 2025 2:25:32 PM java.util.prefs.FileSystemPreferences syncWorld
2025-09-11 14:25:32,836 [ERROR] LogOutputStream:75 - [STDERR_REDIRECT] WARNING: Couldn't flush system prefs: java.util.prefs.BackingStoreException: Couldn't get file lock.
2025-09-11 14:25:32,836 [ERROR] LogOutputStream:75 - [STDERR_REDIRECT] 
2025-09-11 14:26:02,832 [ERROR] LogOutputStream:75 - [STDERR_REDIRECT] Sep 11, 2025 2:26:02 PM java.util.prefs.FileSystemPreferences checkLockFile0ErrorCode
2025-09-11 14:26:02,832 [ERROR] LogOutputStream:75 - [STDERR_REDIRECT] WARNING: Could not lock System prefs. Unix error code 2.
2025-09-11 14:26:02,832 [ERROR] LogOutputStream:75 - [STDERR_REDIRECT] 
2025-09-11 14:26:02,832 [ERROR] LogOutputStream:75 - [STDERR_REDIRECT] Sep 11, 2025 2:26:02 PM java.util.prefs.FileSystemPreferences syncWorld
2025-09-11 14:26:02,833 [ERROR] LogOutputStream:75 - [STDERR_REDIRECT] WARNING: Couldn't flush system prefs: java.util.prefs.BackingStoreException: Couldn't get file lock.
2025-09-11 14:26:02,833 [ERROR] LogOutputStream:75 - [STDERR_REDIRECT] 
2025-09-11 14:26:32,832 [ERROR] LogOutputStream:75 - [STDERR_REDIRECT] Sep 11, 2025 2:26:32 PM java.util.prefs.FileSystemPreferences checkLockFile0ErrorCode
2025-09-11 14:26:32,833 [ERROR] LogOutputStream:75 - [STDERR_REDIRECT] WARNING: Could not lock System prefs. Unix error code 2.
2025-09-11 14:26:32,833 [ERROR] LogOutputStream:75 - [STDERR_REDIRECT] 
2025-09-11 14:26:32,833 [ERROR] LogOutputStream:75 - [STDERR_REDIRECT] Sep 11, 2025 2:26:32 PM java.util.prefs.FileSystemPreferences syncWorld
2025-09-11 14:26:32,835 [ERROR] LogOutputStream:75 - [STDERR_REDIRECT] WARNING: Couldn't flush system prefs: java.util.prefs.BackingStoreException: Couldn't get file lock.
2025-09-11 14:26:32,835 [ERROR] LogOutputStream:75 - [STDERR_REDIRECT] 
2025-09-11 14:27:02,831 [ERROR] LogOutputStream:75 - [STDERR_REDIRECT] Sep 11, 2025 2:27:02 PM java.util.prefs.FileSystemPreferences checkLockFile0ErrorCode
2025-09-11 14:27:02,832 [ERROR] LogOutputStream:75 - [STDERR_REDIRECT] WARNING: Could not lock System prefs. Unix error code 2.
2025-09-11 14:27:02,832 [ERROR] LogOutputStream:75 - [STDERR_REDIRECT] 
2025-09-11 14:27:02,833 [ERROR] LogOutputStream:75 - [STDERR_REDIRECT] Sep 11, 2025 2:27:02 PM java.util.prefs.FileSystemPreferences syncWorld
2025-09-11 14:27:02,833 [ERROR] LogOutputStream:75 - [STDERR_REDIRECT] WARNING: Couldn't flush system prefs: java.util.prefs.BackingStoreException: Couldn't get file lock.
2025-09-11 14:27:02,833 [ERROR] LogOutputStream:75 - [STDERR_REDIRECT] 
2025-09-11 14:27:32,832 [ERROR] LogOutputStream:75 - [STDERR_REDIRECT] Sep 11, 2025 2:27:32 PM java.util.prefs.FileSystemPreferences checkLockFile0ErrorCode
2025-09-11 14:27:32,832 [ERROR] LogOutputStream:75 - [STDERR_REDIRECT] WARNING: Could not lock System prefs. Unix error code 2.
2025-09-11 14:27:32,832 [ERROR] LogOutputStream:75 - [STDERR_REDIRECT] 
2025-09-11 14:27:32,833 [ERROR] LogOutputStream:75 - [STDERR_REDIRECT] Sep 11, 2025 2:27:32 PM java.util.prefs.FileSystemPreferences syncWorld
2025-09-11 14:27:32,833 [ERROR] LogOutputStream:75 - [STDERR_REDIRECT] WARNING: Couldn't flush system prefs: java.util.prefs.BackingStoreException: Couldn't get file lock.
2025-09-11 14:27:32,834 [ERROR] LogOutputStream:75 - [STDERR_REDIRECT] 
2025-09-11 14:28:02,831 [ERROR] LogOutputStream:75 - [STDERR_REDIRECT] Sep 11, 2025 2:28:02 PM java.util.prefs.FileSystemPreferences checkLockFile0ErrorCode
2025-09-11 14:28:02,831 [ERROR] LogOutputStream:75 - [STDERR_REDIRECT] WARNING: Could not lock System prefs. Unix error code 2.
2025-09-11 14:28:02,831 [ERROR] LogOutputStream:75 - [STDERR_REDIRECT] 
2025-09-11 14:28:02,832 [ERROR] LogOutputStream:75 - [STDERR_REDIRECT] Sep 11, 2025 2:28:02 PM java.util.prefs.FileSystemPreferences syncWorld
2025-09-11 14:28:02,833 [ERROR] LogOutputStream:75 - [STDERR_REDIRECT] WARNING: Couldn't flush system prefs: java.util.prefs.BackingStoreException: Couldn't get file lock.
2025-09-11 14:28:02,833 [ERROR] LogOutputStream:75 - [STDERR_REDIRECT] 
2025-09-11 14:28:32,832 [ERROR] LogOutputStream:75 - [STDERR_REDIRECT] Sep 11, 2025 2:28:32 PM java.util.prefs.FileSystemPreferences checkLockFile0ErrorCode
2025-09-11 14:28:32,832 [ERROR] LogOutputStream:75 - [STDERR_REDIRECT] WARNING: Could not lock System prefs. Unix error code 2.
2025-09-11 14:28:32,832 [ERROR] LogOutputStream:75 - [STDERR_REDIRECT] 
2025-09-11 14:28:32,833 [ERROR] LogOutputStream:75 - [STDERR_REDIRECT] Sep 11, 2025 2:28:32 PM java.util.prefs.FileSystemPreferences syncWorld
2025-09-11 14:28:32,834 [ERROR] LogOutputStream:75 - [STDERR_REDIRECT] WARNING: Couldn't flush system prefs: java.util.prefs.BackingStoreException: Couldn't get file lock.
2025-09-11 14:28:32,834 [ERROR] LogOutputStream:75 - [STDERR_REDIRECT] 
2025-09-11 14:29:02,833 [ERROR] LogOutputStream:75 - [STDERR_REDIRECT] Sep 11, 2025 2:29:02 PM java.util.prefs.FileSystemPreferences checkLockFile0ErrorCode
2025-09-11 14:29:02,834 [ERROR] LogOutputStream:75 - [STDERR_REDIRECT] WARNING: Could not lock System prefs. Unix error code 2.
2025-09-11 14:29:02,834 [ERROR] LogOutputStream:75 - [STDERR_REDIRECT] 
2025-09-11 14:29:02,835 [ERROR] LogOutputStream:75 - [STDERR_REDIRECT] Sep 11, 2025 2:29:02 PM java.util.prefs.FileSystemPreferences syncWorld
2025-09-11 14:29:02,835 [ERROR] LogOutputStream:75 - [STDERR_REDIRECT] WARNING: Couldn't flush system prefs: java.util.prefs.BackingStoreException: Couldn't get file lock.
2025-09-11 14:29:02,835 [ERROR] LogOutputStream:75 - [STDERR_REDIRECT] 
2025-09-11 14:29:32,832 [ERROR] LogOutputStream:75 - [STDERR_REDIRECT] Sep 11, 2025 2:29:32 PM java.util.prefs.FileSystemPreferences checkLockFile0ErrorCode
2025-09-11 14:29:32,832 [ERROR] LogOutputStream:75 - [STDERR_REDIRECT] WARNING: Could not lock System prefs. Unix error code 2.
2025-09-11 14:29:32,832 [ERROR] LogOutputStream:75 - [STDERR_REDIRECT] 
2025-09-11 14:29:32,833 [ERROR] LogOutputStream:75 - [STDERR_REDIRECT] Sep 11, 2025 2:29:32 PM java.util.prefs.FileSystemPreferences syncWorld
2025-09-11 14:29:32,834 [ERROR] LogOutputStream:75 - [STDERR_REDIRECT] WARNING: Couldn't flush system prefs: java.util.prefs.BackingStoreException: Couldn't get file lock.
2025-09-11 14:29:32,834 [ERROR] LogOutputStream:75 - [STDERR_REDIRECT] 
2025-09-11 14:30:02,831 [ERROR] LogOutputStream:75 - [STDERR_REDIRECT] Sep 11, 2025 2:30:02 PM java.util.prefs.FileSystemPreferences checkLockFile0ErrorCode
2025-09-11 14:30:02,831 [ERROR] LogOutputStream:75 - [STDERR_REDIRECT] WARNING: Could not lock System prefs. Unix error code 2.
2025-09-11 14:30:02,831 [ERROR] LogOutputStream:75 - [STDERR_REDIRECT] 
2025-09-11 14:30:02,832 [ERROR] LogOutputStream:75 - [STDERR_REDIRECT] Sep 11, 2025 2:30:02 PM java.util.prefs.FileSystemPreferences syncWorld
2025-09-11 14:30:02,833 [ERROR] LogOutputStream:75 - [STDERR_REDIRECT] WARNING: Couldn't flush system prefs: java.util.prefs.BackingStoreException: Couldn't get file lock.
2025-09-11 14:30:02,833 [ERROR] LogOutputStream:75 - [STDERR_REDIRECT] 
2025-09-11 14:30:32,832 [ERROR] LogOutputStream:75 - [STDERR_REDIRECT] Sep 11, 2025 2:30:32 PM java.util.prefs.FileSystemPreferences checkLockFile0ErrorCode
2025-09-11 14:30:32,832 [ERROR] LogOutputStream:75 - [STDERR_REDIRECT] WARNING: Could not lock System prefs. Unix error code 2.
2025-09-11 14:30:32,832 [ERROR] LogOutputStream:75 - [STDERR_REDIRECT] 
2025-09-11 14:30:32,833 [ERROR] LogOutputStream:75 - [STDERR_REDIRECT] Sep 11, 2025 2:30:32 PM java.util.prefs.FileSystemPreferences syncWorld
2025-09-11 14:30:32,834 [ERROR] LogOutputStream:75 - [STDERR_REDIRECT] WARNING: Couldn't flush system prefs: java.util.prefs.BackingStoreException: Couldn't get file lock.
2025-09-11 14:30:32,834 [ERROR] LogOutputStream:75 - [STDERR_REDIRECT] 
2025-09-11 14:31:02,831 [ERROR] LogOutputStream:75 - [STDERR_REDIRECT] Sep 11, 2025 2:31:02 PM java.util.prefs.FileSystemPreferences checkLockFile0ErrorCode
2025-09-11 14:31:02,832 [ERROR] LogOutputStream:75 - [STDERR_REDIRECT] WARNING: Could not lock System prefs. Unix error code 2.
2025-09-11 14:31:02,832 [ERROR] LogOutputStream:75 - [STDERR_REDIRECT] 
2025-09-11 14:31:02,832 [ERROR] LogOutputStream:75 - [STDERR_REDIRECT] Sep 11, 2025 2:31:02 PM java.util.prefs.FileSystemPreferences syncWorld
2025-09-11 14:31:02,833 [ERROR] LogOutputStream:75 - [STDERR_REDIRECT] WARNING: Couldn't flush system prefs: java.util.prefs.BackingStoreException: Couldn't get file lock.
2025-09-11 14:31:02,833 [ERROR] LogOutputStream:75 - [STDERR_REDIRECT] 
2025-09-11 14:31:32,831 [ERROR] LogOutputStream:75 - [STDERR_REDIRECT] Sep 11, 2025 2:31:32 PM java.util.prefs.FileSystemPreferences checkLockFile0ErrorCode
2025-09-11 14:31:32,832 [ERROR] LogOutputStream:75 - [STDERR_REDIRECT] WARNING: Could not lock System prefs. Unix error code 2.
2025-09-11 14:31:32,832 [ERROR] LogOutputStream:75 - [STDERR_REDIRECT] 
2025-09-11 14:31:32,832 [ERROR] LogOutputStream:75 - [STDERR_REDIRECT] Sep 11, 2025 2:31:32 PM java.util.prefs.FileSystemPreferences syncWorld
2025-09-11 14:31:32,833 [ERROR] LogOutputStream:75 - [STDERR_REDIRECT] WARNING: Couldn't flush system prefs: java.util.prefs.BackingStoreException: Couldn't get file lock.
2025-09-11 14:31:32,833 [ERROR] LogOutputStream:75 - [STDERR_REDIRECT] 
2025-09-11 14:32:02,831 [ERROR] LogOutputStream:75 - [STDERR_REDIRECT] Sep 11, 2025 2:32:02 PM java.util.prefs.FileSystemPreferences checkLockFile0ErrorCode
2025-09-11 14:32:02,832 [ERROR] LogOutputStream:75 - [STDERR_REDIRECT] WARNING: Could not lock System prefs. Unix error code 2.
2025-09-11 14:32:02,832 [ERROR] LogOutputStream:75 - [STDERR_REDIRECT] 
2025-09-11 14:32:02,832 [ERROR] LogOutputStream:75 - [STDERR_REDIRECT] Sep 11, 2025 2:32:02 PM java.util.prefs.FileSystemPreferences syncWorld
2025-09-11 14:32:02,833 [ERROR] LogOutputStream:75 - [STDERR_REDIRECT] WARNING: Couldn't flush system prefs: java.util.prefs.BackingStoreException: Couldn't get file lock.
2025-09-11 14:32:02,833 [ERROR] LogOutputStream:75 - [STDERR_REDIRECT] 
2025-09-11 14:32:32,831 [ERROR] LogOutputStream:75 - [STDERR_REDIRECT] Sep 11, 2025 2:32:32 PM java.util.prefs.FileSystemPreferences checkLockFile0ErrorCode
2025-09-11 14:32:32,832 [ERROR] LogOutputStream:75 - [STDERR_REDIRECT] WARNING: Could not lock System prefs. Unix error code 2.
2025-09-11 14:32:32,832 [ERROR] LogOutputStream:75 - [STDERR_REDIRECT] 
2025-09-11 14:32:32,832 [ERROR] LogOutputStream:75 - [STDERR_REDIRECT] Sep 11, 2025 2:32:32 PM java.util.prefs.FileSystemPreferences syncWorld
2025-09-11 14:32:32,833 [ERROR] LogOutputStream:75 - [STDERR_REDIRECT] WARNING: Couldn't flush system prefs: java.util.prefs.BackingStoreException: Couldn't get file lock.
2025-09-11 14:32:32,833 [ERROR] LogOutputStream:75 - [STDERR_REDIRECT] 
2025-09-11 14:33:02,831 [ERROR] LogOutputStream:75 - [STDERR_REDIRECT] Sep 11, 2025 2:33:02 PM java.util.prefs.FileSystemPreferences checkLockFile0ErrorCode
2025-09-11 14:33:02,831 [ERROR] LogOutputStream:75 - [STDERR_REDIRECT] WARNING: Could not lock System prefs. Unix error code 2.
2025-09-11 14:33:02,831 [ERROR] LogOutputStream:75 - [STDERR_REDIRECT] 
2025-09-11 14:33:02,832 [ERROR] LogOutputStream:75 - [STDERR_REDIRECT] Sep 11, 2025 2:33:02 PM java.util.prefs.FileSystemPreferences syncWorld
2025-09-11 14:33:02,832 [ERROR] LogOutputStream:75 - [STDERR_REDIRECT] WARNING: Couldn't flush system prefs: java.util.prefs.BackingStoreException: Couldn't get file lock.
2025-09-11 14:33:02,832 [ERROR] LogOutputStream:75 - [STDERR_REDIRECT] 
2025-09-11 14:33:32,832 [ERROR] LogOutputStream:75 - [STDERR_REDIRECT] Sep 11, 2025 2:33:32 PM java.util.prefs.FileSystemPreferences checkLockFile0ErrorCode
2025-09-11 14:33:32,832 [ERROR] LogOutputStream:75 - [STDERR_REDIRECT] WARNING: Could not lock System prefs. Unix error code 2.
2025-09-11 14:33:32,832 [ERROR] LogOutputStream:75 - [STDERR_REDIRECT] 
2025-09-11 14:33:32,833 [ERROR] LogOutputStream:75 - [STDERR_REDIRECT] Sep 11, 2025 2:33:32 PM java.util.prefs.FileSystemPreferences syncWorld
2025-09-11 14:33:32,833 [ERROR] LogOutputStream:75 - [STDERR_REDIRECT] WARNING: Couldn't flush system prefs: java.util.prefs.BackingStoreException: Couldn't get file lock.
2025-09-11 14:33:32,834 [ERROR] LogOutputStream:75 - [STDERR_REDIRECT] 
2025-09-11 14:34:02,833 [ERROR] LogOutputStream:75 - [STDERR_REDIRECT] Sep 11, 2025 2:34:02 PM java.util.prefs.FileSystemPreferences checkLockFile0ErrorCode
2025-09-11 14:34:02,834 [ERROR] LogOutputStream:75 - [STDERR_REDIRECT] WARNING: Could not lock System prefs. Unix error code 2.
2025-09-11 14:34:02,834 [ERROR] LogOutputStream:75 - [STDERR_REDIRECT] 
2025-09-11 14:34:02,834 [ERROR] LogOutputStream:75 - [STDERR_REDIRECT] Sep 11, 2025 2:34:02 PM java.util.prefs.FileSystemPreferences syncWorld
2025-09-11 14:34:02,835 [ERROR] LogOutputStream:75 - [STDERR_REDIRECT] WARNING: Couldn't flush system prefs: java.util.prefs.BackingStoreException: Couldn't get file lock.
2025-09-11 14:34:02,835 [ERROR] LogOutputStream:75 - [STDERR_REDIRECT] 
2025-09-11 14:34:32,832 [ERROR] LogOutputStream:75 - [STDERR_REDIRECT] Sep 11, 2025 2:34:32 PM java.util.prefs.FileSystemPreferences checkLockFile0ErrorCode
2025-09-11 14:34:32,833 [ERROR] LogOutputStream:75 - [STDERR_REDIRECT] WARNING: Could not lock System prefs. Unix error code 2.
2025-09-11 14:34:32,833 [ERROR] LogOutputStream:75 - [STDERR_REDIRECT] 
2025-09-11 14:34:32,833 [ERROR] LogOutputStream:75 - [STDERR_REDIRECT] Sep 11, 2025 2:34:32 PM java.util.prefs.FileSystemPreferences syncWorld
2025-09-11 14:34:32,834 [ERROR] LogOutputStream:75 - [STDERR_REDIRECT] WARNING: Couldn't flush system prefs: java.util.prefs.BackingStoreException: Couldn't get file lock.
2025-09-11 14:34:32,834 [ERROR] LogOutputStream:75 - [STDERR_REDIRECT] 
2025-09-11 14:35:02,832 [ERROR] LogOutputStream:75 - [STDERR_REDIRECT] Sep 11, 2025 2:35:02 PM java.util.prefs.FileSystemPreferences checkLockFile0ErrorCode
2025-09-11 14:35:02,833 [ERROR] LogOutputStream:75 - [STDERR_REDIRECT] WARNING: Could not lock System prefs. Unix error code 2.
2025-09-11 14:35:02,833 [ERROR] LogOutputStream:75 - [STDERR_REDIRECT] 
2025-09-11 14:35:02,833 [ERROR] LogOutputStream:75 - [STDERR_REDIRECT] Sep 11, 2025 2:35:02 PM java.util.prefs.FileSystemPreferences syncWorld
2025-09-11 14:35:02,834 [ERROR] LogOutputStream:75 - [STDERR_REDIRECT] WARNING: Couldn't flush system prefs: java.util.prefs.BackingStoreException: Couldn't get file lock.
2025-09-11 14:35:02,834 [ERROR] LogOutputStream:75 - [STDERR_REDIRECT] 
2025-09-11 14:35:32,833 [ERROR] LogOutputStream:75 - [STDERR_REDIRECT] Sep 11, 2025 2:35:32 PM java.util.prefs.FileSystemPreferences checkLockFile0ErrorCode
2025-09-11 14:35:32,833 [ERROR] LogOutputStream:75 - [STDERR_REDIRECT] WARNING: Could not lock System prefs. Unix error code 2.
2025-09-11 14:35:32,833 [ERROR] LogOutputStream:75 - [STDERR_REDIRECT] 
2025-09-11 14:35:32,834 [ERROR] LogOutputStream:75 - [STDERR_REDIRECT] Sep 11, 2025 2:35:32 PM java.util.prefs.FileSystemPreferences syncWorld
2025-09-11 14:35:32,834 [ERROR] LogOutputStream:75 - [STDERR_REDIRECT] WARNING: Couldn't flush system prefs: java.util.prefs.BackingStoreException: Couldn't get file lock.
2025-09-11 14:35:32,834 [ERROR] LogOutputStream:75 - [STDERR_REDIRECT] 
2025-09-11 14:36:02,833 [ERROR] LogOutputStream:75 - [STDERR_REDIRECT] Sep 11, 2025 2:36:02 PM java.util.prefs.FileSystemPreferences checkLockFile0ErrorCode
2025-09-11 14:36:02,834 [ERROR] LogOutputStream:75 - [STDERR_REDIRECT] WARNING: Could not lock System prefs. Unix error code 2.
2025-09-11 14:36:02,834 [ERROR] LogOutputStream:75 - [STDERR_REDIRECT] 
2025-09-11 14:36:02,834 [ERROR] LogOutputStream:75 - [STDERR_REDIRECT] Sep 11, 2025 2:36:02 PM java.util.prefs.FileSystemPreferences syncWorld
2025-09-11 14:36:02,835 [ERROR] LogOutputStream:75 - [STDERR_REDIRECT] WARNING: Couldn't flush system prefs: java.util.prefs.BackingStoreException: Couldn't get file lock.
2025-09-11 14:36:02,835 [ERROR] LogOutputStream:75 - [STDERR_REDIRECT] 
2025-09-11 14:36:32,834 [ERROR] LogOutputStream:75 - [STDERR_REDIRECT] Sep 11, 2025 2:36:32 PM java.util.prefs.FileSystemPreferences checkLockFile0ErrorCode
2025-09-11 14:36:32,834 [ERROR] LogOutputStream:75 - [STDERR_REDIRECT] WARNING: Could not lock System prefs. Unix error code 2.
2025-09-11 14:36:32,834 [ERROR] LogOutputStream:75 - [STDERR_REDIRECT] 
2025-09-11 14:36:32,835 [ERROR] LogOutputStream:75 - [STDERR_REDIRECT] Sep 11, 2025 2:36:32 PM java.util.prefs.FileSystemPreferences syncWorld
2025-09-11 14:36:32,835 [ERROR] LogOutputStream:75 - [STDERR_REDIRECT] WARNING: Couldn't flush system prefs: java.util.prefs.BackingStoreException: Couldn't get file lock.
2025-09-11 14:36:32,835 [ERROR] LogOutputStream:75 - [STDERR_REDIRECT] 
2025-09-11 14:37:02,833 [ERROR] LogOutputStream:75 - [STDERR_REDIRECT] Sep 11, 2025 2:37:02 PM java.util.prefs.FileSystemPreferences checkLockFile0ErrorCode
2025-09-11 14:37:02,833 [ERROR] LogOutputStream:75 - [STDERR_REDIRECT] WARNING: Could not lock System prefs. Unix error code 2.
2025-09-11 14:37:02,833 [ERROR] LogOutputStream:75 - [STDERR_REDIRECT] 
2025-09-11 14:37:02,834 [ERROR] LogOutputStream:75 - [STDERR_REDIRECT] Sep 11, 2025 2:37:02 PM java.util.prefs.FileSystemPreferences syncWorld
2025-09-11 14:37:02,835 [ERROR] LogOutputStream:75 - [STDERR_REDIRECT] WARNING: Couldn't flush system prefs: java.util.prefs.BackingStoreException: Couldn't get file lock.
2025-09-11 14:37:02,835 [ERROR] LogOutputStream:75 - [STDERR_REDIRECT] 
2025-09-11 14:37:32,833 [ERROR] LogOutputStream:75 - [STDERR_REDIRECT] Sep 11, 2025 2:37:32 PM java.util.prefs.FileSystemPreferences checkLockFile0ErrorCode
2025-09-11 14:37:32,834 [ERROR] LogOutputStream:75 - [STDERR_REDIRECT] WARNING: Could not lock System prefs. Unix error code 2.
2025-09-11 14:37:32,834 [ERROR] LogOutputStream:75 - [STDERR_REDIRECT] 
2025-09-11 14:37:32,834 [ERROR] LogOutputStream:75 - [STDERR_REDIRECT] Sep 11, 2025 2:37:32 PM java.util.prefs.FileSystemPreferences syncWorld
2025-09-11 14:37:32,835 [ERROR] LogOutputStream:75 - [STDERR_REDIRECT] WARNING: Couldn't flush system prefs: java.util.prefs.BackingStoreException: Couldn't get file lock.
2025-09-11 14:37:32,835 [ERROR] LogOutputStream:75 - [STDERR_REDIRECT] 
2025-09-11 14:38:02,834 [ERROR] LogOutputStream:75 - [STDERR_REDIRECT] Sep 11, 2025 2:38:02 PM java.util.prefs.FileSystemPreferences checkLockFile0ErrorCode
2025-09-11 14:38:02,834 [ERROR] LogOutputStream:75 - [STDERR_REDIRECT] WARNING: Could not lock System prefs. Unix error code 2.
2025-09-11 14:38:02,835 [ERROR] LogOutputStream:75 - [STDERR_REDIRECT] 
2025-09-11 14:38:02,835 [ERROR] LogOutputStream:75 - [STDERR_REDIRECT] Sep 11, 2025 2:38:02 PM java.util.prefs.FileSystemPreferences syncWorld
2025-09-11 14:38:02,836 [ERROR] LogOutputStream:75 - [STDERR_REDIRECT] WARNING: Couldn't flush system prefs: java.util.prefs.BackingStoreException: Couldn't get file lock.
2025-09-11 14:38:02,836 [ERROR] LogOutputStream:75 - [STDERR_REDIRECT] 
2025-09-11 14:38:32,833 [ERROR] LogOutputStream:75 - [STDERR_REDIRECT] Sep 11, 2025 2:38:32 PM java.util.prefs.FileSystemPreferences checkLockFile0ErrorCode
2025-09-11 14:38:32,834 [ERROR] LogOutputStream:75 - [STDERR_REDIRECT] WARNING: Could not lock System prefs. Unix error code 2.
2025-09-11 14:38:32,834 [ERROR] LogOutputStream:75 - [STDERR_REDIRECT] 
2025-09-11 14:38:32,834 [ERROR] LogOutputStream:75 - [STDERR_REDIRECT] Sep 11, 2025 2:38:32 PM java.util.prefs.FileSystemPreferences syncWorld
2025-09-11 14:38:32,835 [ERROR] LogOutputStream:75 - [STDERR_REDIRECT] WARNING: Couldn't flush system prefs: java.util.prefs.BackingStoreException: Couldn't get file lock.
2025-09-11 14:38:32,835 [ERROR] LogOutputStream:75 - [STDERR_REDIRECT] 
2025-09-11 14:39:02,834 [ERROR] LogOutputStream:75 - [STDERR_REDIRECT] Sep 11, 2025 2:39:02 PM java.util.prefs.FileSystemPreferences checkLockFile0ErrorCode
2025-09-11 14:39:02,835 [ERROR] LogOutputStream:75 - [STDERR_REDIRECT] WARNING: Could not lock System prefs. Unix error code 2.
2025-09-11 14:39:02,835 [ERROR] LogOutputStream:75 - [STDERR_REDIRECT] 
2025-09-11 14:39:02,836 [ERROR] LogOutputStream:75 - [STDERR_REDIRECT] Sep 11, 2025 2:39:02 PM java.util.prefs.FileSystemPreferences syncWorld
2025-09-11 14:39:02,836 [ERROR] LogOutputStream:75 - [STDERR_REDIRECT] WARNING: Couldn't flush system prefs: java.util.prefs.BackingStoreException: Couldn't get file lock.
2025-09-11 14:39:02,836 [ERROR] LogOutputStream:75 - [STDERR_REDIRECT] 
2025-09-11 14:39:32,835 [ERROR] LogOutputStream:75 - [STDERR_REDIRECT] Sep 11, 2025 2:39:32 PM java.util.prefs.FileSystemPreferences checkLockFile0ErrorCode
2025-09-11 14:39:32,836 [ERROR] LogOutputStream:75 - [STDERR_REDIRECT] WARNING: Could not lock System prefs. Unix error code 2.
2025-09-11 14:39:32,836 [ERROR] LogOutputStream:75 - [STDERR_REDIRECT] 
2025-09-11 14:39:32,836 [ERROR] LogOutputStream:75 - [STDERR_REDIRECT] Sep 11, 2025 2:39:32 PM java.util.prefs.FileSystemPreferences syncWorld
2025-09-11 14:39:32,837 [ERROR] LogOutputStream:75 - [STDERR_REDIRECT] WARNING: Couldn't flush system prefs: java.util.prefs.BackingStoreException: Couldn't get file lock.
2025-09-11 14:39:32,837 [ERROR] LogOutputStream:75 - [STDERR_REDIRECT] 
2025-09-11 14:40:02,834 [ERROR] LogOutputStream:75 - [STDERR_REDIRECT] Sep 11, 2025 2:40:02 PM java.util.prefs.FileSystemPreferences checkLockFile0ErrorCode
2025-09-11 14:40:02,835 [ERROR] LogOutputStream:75 - [STDERR_REDIRECT] WARNING: Could not lock System prefs. Unix error code 2.
2025-09-11 14:40:02,835 [ERROR] LogOutputStream:75 - [STDERR_REDIRECT] 
2025-09-11 14:40:02,835 [ERROR] LogOutputStream:75 - [STDERR_REDIRECT] Sep 11, 2025 2:40:02 PM java.util.prefs.FileSystemPreferences syncWorld
2025-09-11 14:40:02,836 [ERROR] LogOutputStream:75 - [STDERR_REDIRECT] WARNING: Couldn't flush system prefs: java.util.prefs.BackingStoreException: Couldn't get file lock.
2025-09-11 14:40:02,836 [ERROR] LogOutputStream:75 - [STDERR_REDIRECT] 
2025-09-11 14:40:32,835 [ERROR] LogOutputStream:75 - [STDERR_REDIRECT] Sep 11, 2025 2:40:32 PM java.util.prefs.FileSystemPreferences checkLockFile0ErrorCode
2025-09-11 14:40:32,835 [ERROR] LogOutputStream:75 - [STDERR_REDIRECT] WARNING: Could not lock System prefs. Unix error code 2.
2025-09-11 14:40:32,835 [ERROR] LogOutputStream:75 - [STDERR_REDIRECT] 
2025-09-11 14:40:32,836 [ERROR] LogOutputStream:75 - [STDERR_REDIRECT] Sep 11, 2025 2:40:32 PM java.util.prefs.FileSystemPreferences syncWorld
2025-09-11 14:40:32,836 [ERROR] LogOutputStream:75 - [STDERR_REDIRECT] WARNING: Couldn't flush system prefs: java.util.prefs.BackingStoreException: Couldn't get file lock.
2025-09-11 14:40:32,836 [ERROR] LogOutputStream:75 - [STDERR_REDIRECT] 
2025-09-11 14:41:02,834 [ERROR] LogOutputStream:75 - [STDERR_REDIRECT] Sep 11, 2025 2:41:02 PM java.util.prefs.FileSystemPreferences checkLockFile0ErrorCode
2025-09-11 14:41:02,834 [ERROR] LogOutputStream:75 - [STDERR_REDIRECT] WARNING: Could not lock System prefs. Unix error code 2.
2025-09-11 14:41:02,834 [ERROR] LogOutputStream:75 - [STDERR_REDIRECT] 
2025-09-11 14:41:02,835 [ERROR] LogOutputStream:75 - [STDERR_REDIRECT] Sep 11, 2025 2:41:02 PM java.util.prefs.FileSystemPreferences syncWorld
2025-09-11 14:41:02,835 [ERROR] LogOutputStream:75 - [STDERR_REDIRECT] WARNING: Couldn't flush system prefs: java.util.prefs.BackingStoreException: Couldn't get file lock.
2025-09-11 14:41:02,835 [ERROR] LogOutputStream:75 - [STDERR_REDIRECT] 
2025-09-11 14:41:32,835 [ERROR] LogOutputStream:75 - [STDERR_REDIRECT] Sep 11, 2025 2:41:32 PM java.util.prefs.FileSystemPreferences checkLockFile0ErrorCode
2025-09-11 14:41:32,835 [ERROR] LogOutputStream:75 - [STDERR_REDIRECT] WARNING: Could not lock System prefs. Unix error code 2.
2025-09-11 14:41:32,835 [ERROR] LogOutputStream:75 - [STDERR_REDIRECT] 
2025-09-11 14:41:32,836 [ERROR] LogOutputStream:75 - [STDERR_REDIRECT] Sep 11, 2025 2:41:32 PM java.util.prefs.FileSystemPreferences syncWorld
2025-09-11 14:41:32,836 [ERROR] LogOutputStream:75 - [STDERR_REDIRECT] WARNING: Couldn't flush system prefs: java.util.prefs.BackingStoreException: Couldn't get file lock.
2025-09-11 14:41:32,836 [ERROR] LogOutputStream:75 - [STDERR_REDIRECT] 
2025-09-11 14:42:02,835 [ERROR] LogOutputStream:75 - [STDERR_REDIRECT] Sep 11, 2025 2:42:02 PM java.util.prefs.FileSystemPreferences checkLockFile0ErrorCode
2025-09-11 14:42:02,836 [ERROR] LogOutputStream:75 - [STDERR_REDIRECT] WARNING: Could not lock System prefs. Unix error code 2.
2025-09-11 14:42:02,836 [ERROR] LogOutputStream:75 - [STDERR_REDIRECT] 
2025-09-11 14:42:02,836 [ERROR] LogOutputStream:75 - [STDERR_REDIRECT] Sep 11, 2025 2:42:02 PM java.util.prefs.FileSystemPreferences syncWorld
2025-09-11 14:42:02,837 [ERROR] LogOutputStream:75 - [STDERR_REDIRECT] WARNING: Couldn't flush system prefs: java.util.prefs.BackingStoreException: Couldn't get file lock.
2025-09-11 14:42:02,837 [ERROR] LogOutputStream:75 - [STDERR_REDIRECT] 
2025-09-11 14:42:32,839 [ERROR] LogOutputStream:75 - [STDERR_REDIRECT] Sep 11, 2025 2:42:32 PM java.util.prefs.FileSystemPreferences checkLockFile0ErrorCode
2025-09-11 14:42:32,839 [ERROR] LogOutputStream:75 - [STDERR_REDIRECT] WARNING: Could not lock System prefs. Unix error code 2.
2025-09-11 14:42:32,839 [ERROR] LogOutputStream:75 - [STDERR_REDIRECT] 
2025-09-11 14:42:32,840 [ERROR] LogOutputStream:75 - [STDERR_REDIRECT] Sep 11, 2025 2:42:32 PM java.util.prefs.FileSystemPreferences syncWorld
2025-09-11 14:42:32,840 [ERROR] LogOutputStream:75 - [STDERR_REDIRECT] WARNING: Couldn't flush system prefs: java.util.prefs.BackingStoreException: Couldn't get file lock.
2025-09-11 14:42:32,840 [ERROR] LogOutputStream:75 - [STDERR_REDIRECT] 
2025-09-11 14:43:02,836 [ERROR] LogOutputStream:75 - [STDERR_REDIRECT] Sep 11, 2025 2:43:02 PM java.util.prefs.FileSystemPreferences checkLockFile0ErrorCode
2025-09-11 14:43:02,837 [ERROR] LogOutputStream:75 - [STDERR_REDIRECT] WARNING: Could not lock System prefs. Unix error code 2.
2025-09-11 14:43:02,837 [ERROR] LogOutputStream:75 - [STDERR_REDIRECT] 
2025-09-11 14:43:02,837 [ERROR] LogOutputStream:75 - [STDERR_REDIRECT] Sep 11, 2025 2:43:02 PM java.util.prefs.FileSystemPreferences syncWorld
2025-09-11 14:43:02,838 [ERROR] LogOutputStream:75 - [STDERR_REDIRECT] WARNING: Couldn't flush system prefs: java.util.prefs.BackingStoreException: Couldn't get file lock.
2025-09-11 14:43:02,838 [ERROR] LogOutputStream:75 - [STDERR_REDIRECT] 
2025-09-11 14:43:32,838 [ERROR] LogOutputStream:75 - [STDERR_REDIRECT] Sep 11, 2025 2:43:32 PM java.util.prefs.FileSystemPreferences checkLockFile0ErrorCode
2025-09-11 14:43:32,839 [ERROR] LogOutputStream:75 - [STDERR_REDIRECT] WARNING: Could not lock System prefs. Unix error code 2.
2025-09-11 14:43:32,839 [ERROR] LogOutputStream:75 - [STDERR_REDIRECT] 
2025-09-11 14:43:32,840 [ERROR] LogOutputStream:75 - [STDERR_REDIRECT] Sep 11, 2025 2:43:32 PM java.util.prefs.FileSystemPreferences syncWorld
2025-09-11 14:43:32,841 [ERROR] LogOutputStream:75 - [STDERR_REDIRECT] WARNING: Couldn't flush system prefs: java.util.prefs.BackingStoreException: Couldn't get file lock.
2025-09-11 14:43:32,841 [ERROR] LogOutputStream:75 - [STDERR_REDIRECT] 
2025-09-11 14:44:02,836 [ERROR] LogOutputStream:75 - [STDERR_REDIRECT] Sep 11, 2025 2:44:02 PM java.util.prefs.FileSystemPreferences checkLockFile0ErrorCode
2025-09-11 14:44:02,836 [ERROR] LogOutputStream:75 - [STDERR_REDIRECT] WARNING: Could not lock System prefs. Unix error code 2.
2025-09-11 14:44:02,836 [ERROR] LogOutputStream:75 - [STDERR_REDIRECT] 
2025-09-11 14:44:02,837 [ERROR] LogOutputStream:75 - [STDERR_REDIRECT] Sep 11, 2025 2:44:02 PM java.util.prefs.FileSystemPreferences syncWorld
2025-09-11 14:44:02,837 [ERROR] LogOutputStream:75 - [STDERR_REDIRECT] WARNING: Couldn't flush system prefs: java.util.prefs.BackingStoreException: Couldn't get file lock.
2025-09-11 14:44:02,837 [ERROR] LogOutputStream:75 - [STDERR_REDIRECT] 
2025-09-11 14:44:32,836 [ERROR] LogOutputStream:75 - [STDERR_REDIRECT] Sep 11, 2025 2:44:32 PM java.util.prefs.FileSystemPreferences checkLockFile0ErrorCode
2025-09-11 14:44:32,837 [ERROR] LogOutputStream:75 - [STDERR_REDIRECT] WARNING: Could not lock System prefs. Unix error code 2.
2025-09-11 14:44:32,837 [ERROR] LogOutputStream:75 - [STDERR_REDIRECT] 
2025-09-11 14:44:32,837 [ERROR] LogOutputStream:75 - [STDERR_REDIRECT] Sep 11, 2025 2:44:32 PM java.util.prefs.FileSystemPreferences syncWorld
2025-09-11 14:44:32,838 [ERROR] LogOutputStream:75 - [STDERR_REDIRECT] WARNING: Couldn't flush system prefs: java.util.prefs.BackingStoreException: Couldn't get file lock.
2025-09-11 14:44:32,838 [ERROR] LogOutputStream:75 - [STDERR_REDIRECT] 
2025-09-11 14:45:02,837 [ERROR] LogOutputStream:75 - [STDERR_REDIRECT] Sep 11, 2025 2:45:02 PM java.util.prefs.FileSystemPreferences checkLockFile0ErrorCode
2025-09-11 14:45:02,837 [ERROR] LogOutputStream:75 - [STDERR_REDIRECT] WARNING: Could not lock System prefs. Unix error code 2.
2025-09-11 14:45:02,837 [ERROR] LogOutputStream:75 - [STDERR_REDIRECT] 
2025-09-11 14:45:02,838 [ERROR] LogOutputStream:75 - [STDERR_REDIRECT] Sep 11, 2025 2:45:02 PM java.util.prefs.FileSystemPreferences syncWorld
2025-09-11 14:45:02,839 [ERROR] LogOutputStream:75 - [STDERR_REDIRECT] WARNING: Couldn't flush system prefs: java.util.prefs.BackingStoreException: Couldn't get file lock.
2025-09-11 14:45:02,839 [ERROR] LogOutputStream:75 - [STDERR_REDIRECT] 
2025-09-11 14:45:32,836 [ERROR] LogOutputStream:75 - [STDERR_REDIRECT] Sep 11, 2025 2:45:32 PM java.util.prefs.FileSystemPreferences checkLockFile0ErrorCode
2025-09-11 14:45:32,837 [ERROR] LogOutputStream:75 - [STDERR_REDIRECT] WARNING: Could not lock System prefs. Unix error code 2.
2025-09-11 14:45:32,837 [ERROR] LogOutputStream:75 - [STDERR_REDIRECT] 
2025-09-11 14:45:32,837 [ERROR] LogOutputStream:75 - [STDERR_REDIRECT] Sep 11, 2025 2:45:32 PM java.util.prefs.FileSystemPreferences syncWorld
2025-09-11 14:45:32,838 [ERROR] LogOutputStream:75 - [STDERR_REDIRECT] WARNING: Couldn't flush system prefs: java.util.prefs.BackingStoreException: Couldn't get file lock.
2025-09-11 14:45:32,838 [ERROR] LogOutputStream:75 - [STDERR_REDIRECT] 
2025-09-11 14:46:02,836 [ERROR] LogOutputStream:75 - [STDERR_REDIRECT] Sep 11, 2025 2:46:02 PM java.util.prefs.FileSystemPreferences checkLockFile0ErrorCode
2025-09-11 14:46:02,836 [ERROR] LogOutputStream:75 - [STDERR_REDIRECT] WARNING: Could not lock System prefs. Unix error code 2.
2025-09-11 14:46:02,837 [ERROR] LogOutputStream:75 - [STDERR_REDIRECT] 
2025-09-11 14:46:02,837 [ERROR] LogOutputStream:75 - [STDERR_REDIRECT] Sep 11, 2025 2:46:02 PM java.util.prefs.FileSystemPreferences syncWorld
2025-09-11 14:46:02,838 [ERROR] LogOutputStream:75 - [STDERR_REDIRECT] WARNING: Couldn't flush system prefs: java.util.prefs.BackingStoreException: Couldn't get file lock.
2025-09-11 14:46:02,838 [ERROR] LogOutputStream:75 - [STDERR_REDIRECT] 
2025-09-11 14:46:32,836 [ERROR] LogOutputStream:75 - [STDERR_REDIRECT] Sep 11, 2025 2:46:32 PM java.util.prefs.FileSystemPreferences checkLockFile0ErrorCode
2025-09-11 14:46:32,837 [ERROR] LogOutputStream:75 - [STDERR_REDIRECT] WARNING: Could not lock System prefs. Unix error code 2.
2025-09-11 14:46:32,837 [ERROR] LogOutputStream:75 - [STDERR_REDIRECT] 
2025-09-11 14:46:32,837 [ERROR] LogOutputStream:75 - [STDERR_REDIRECT] Sep 11, 2025 2:46:32 PM java.util.prefs.FileSystemPreferences syncWorld
2025-09-11 14:46:32,838 [ERROR] LogOutputStream:75 - [STDERR_REDIRECT] WARNING: Couldn't flush system prefs: java.util.prefs.BackingStoreException: Couldn't get file lock.
2025-09-11 14:46:32,838 [ERROR] LogOutputStream:75 - [STDERR_REDIRECT] 
2025-09-11 14:47:02,837 [ERROR] LogOutputStream:75 - [STDERR_REDIRECT] Sep 11, 2025 2:47:02 PM java.util.prefs.FileSystemPreferences checkLockFile0ErrorCode
2025-09-11 14:47:02,837 [ERROR] LogOutputStream:75 - [STDERR_REDIRECT] WARNING: Could not lock System prefs. Unix error code 2.
2025-09-11 14:47:02,837 [ERROR] LogOutputStream:75 - [STDERR_REDIRECT] 
2025-09-11 14:47:02,837 [ERROR] LogOutputStream:75 - [STDERR_REDIRECT] Sep 11, 2025 2:47:02 PM java.util.prefs.FileSystemPreferences syncWorld
2025-09-11 14:47:02,838 [ERROR] LogOutputStream:75 - [STDERR_REDIRECT] WARNING: Couldn't flush system prefs: java.util.prefs.BackingStoreException: Couldn't get file lock.
2025-09-11 14:47:02,838 [ERROR] LogOutputStream:75 - [STDERR_REDIRECT] 
2025-09-11 14:47:32,836 [ERROR] LogOutputStream:75 - [STDERR_REDIRECT] Sep 11, 2025 2:47:32 PM java.util.prefs.FileSystemPreferences checkLockFile0ErrorCode
2025-09-11 14:47:32,837 [ERROR] LogOutputStream:75 - [STDERR_REDIRECT] WARNING: Could not lock System prefs. Unix error code 2.
2025-09-11 14:47:32,837 [ERROR] LogOutputStream:75 - [STDERR_REDIRECT] 
2025-09-11 14:47:32,837 [ERROR] LogOutputStream:75 - [STDERR_REDIRECT] Sep 11, 2025 2:47:32 PM java.util.prefs.FileSystemPreferences syncWorld
2025-09-11 14:47:32,838 [ERROR] LogOutputStream:75 - [STDERR_REDIRECT] WARNING: Couldn't flush system prefs: java.util.prefs.BackingStoreException: Couldn't get file lock.
2025-09-11 14:47:32,838 [ERROR] LogOutputStream:75 - [STDERR_REDIRECT] 
2025-09-11 14:48:02,839 [ERROR] LogOutputStream:75 - [STDERR_REDIRECT] Sep 11, 2025 2:48:02 PM java.util.prefs.FileSystemPreferences checkLockFile0ErrorCode
2025-09-11 14:48:02,839 [ERROR] LogOutputStream:75 - [STDERR_REDIRECT] WARNING: Could not lock System prefs. Unix error code 2.
2025-09-11 14:48:02,839 [ERROR] LogOutputStream:75 - [STDERR_REDIRECT] 
2025-09-11 14:48:02,840 [ERROR] LogOutputStream:75 - [STDERR_REDIRECT] Sep 11, 2025 2:48:02 PM java.util.prefs.FileSystemPreferences syncWorld
2025-09-11 14:48:02,840 [ERROR] LogOutputStream:75 - [STDERR_REDIRECT] WARNING: Couldn't flush system prefs: java.util.prefs.BackingStoreException: Couldn't get file lock.
2025-09-11 14:48:02,840 [ERROR] LogOutputStream:75 - [STDERR_REDIRECT] 
2025-09-11 14:48:32,838 [ERROR] LogOutputStream:75 - [STDERR_REDIRECT] Sep 11, 2025 2:48:32 PM java.util.prefs.FileSystemPreferences checkLockFile0ErrorCode
2025-09-11 14:48:32,839 [ERROR] LogOutputStream:75 - [STDERR_REDIRECT] WARNING: Could not lock System prefs. Unix error code 2.
2025-09-11 14:48:32,839 [ERROR] LogOutputStream:75 - [STDERR_REDIRECT] 
2025-09-11 14:48:32,840 [ERROR] LogOutputStream:75 - [STDERR_REDIRECT] Sep 11, 2025 2:48:32 PM java.util.prefs.FileSystemPreferences syncWorld
2025-09-11 14:48:32,840 [ERROR] LogOutputStream:75 - [STDERR_REDIRECT] WARNING: Couldn't flush system prefs: java.util.prefs.BackingStoreException: Couldn't get file lock.
2025-09-11 14:48:32,840 [ERROR] LogOutputStream:75 - [STDERR_REDIRECT] 
2025-09-11 14:49:02,837 [ERROR] LogOutputStream:75 - [STDERR_REDIRECT] Sep 11, 2025 2:49:02 PM java.util.prefs.FileSystemPreferences checkLockFile0ErrorCode
2025-09-11 14:49:02,837 [ERROR] LogOutputStream:75 - [STDERR_REDIRECT] WARNING: Could not lock System prefs. Unix error code 2.
2025-09-11 14:49:02,837 [ERROR] LogOutputStream:75 - [STDERR_REDIRECT] 
2025-09-11 14:49:02,838 [ERROR] LogOutputStream:75 - [STDERR_REDIRECT] Sep 11, 2025 2:49:02 PM java.util.prefs.FileSystemPreferences syncWorld
2025-09-11 14:49:02,839 [ERROR] LogOutputStream:75 - [STDERR_REDIRECT] WARNING: Couldn't flush system prefs: java.util.prefs.BackingStoreException: Couldn't get file lock.
2025-09-11 14:49:02,839 [ERROR] LogOutputStream:75 - [STDERR_REDIRECT] 
2025-09-11 14:49:32,836 [ERROR] LogOutputStream:75 - [STDERR_REDIRECT] Sep 11, 2025 2:49:32 PM java.util.prefs.FileSystemPreferences checkLockFile0ErrorCode
2025-09-11 14:49:32,837 [ERROR] LogOutputStream:75 - [STDERR_REDIRECT] WARNING: Could not lock System prefs. Unix error code 2.
2025-09-11 14:49:32,837 [ERROR] LogOutputStream:75 - [STDERR_REDIRECT] 
2025-09-11 14:49:32,837 [ERROR] LogOutputStream:75 - [STDERR_REDIRECT] Sep 11, 2025 2:49:32 PM java.util.prefs.FileSystemPreferences syncWorld
2025-09-11 14:49:32,837 [ERROR] LogOutputStream:75 - [STDERR_REDIRECT] WARNING: Couldn't flush system prefs: java.util.prefs.BackingStoreException: Couldn't get file lock.
2025-09-11 14:49:32,837 [ERROR] LogOutputStream:75 - [STDERR_REDIRECT] 
2025-09-11 14:50:02,837 [ERROR] LogOutputStream:75 - [STDERR_REDIRECT] Sep 11, 2025 2:50:02 PM java.util.prefs.FileSystemPreferences checkLockFile0ErrorCode
2025-09-11 14:50:02,837 [ERROR] LogOutputStream:75 - [STDERR_REDIRECT] WARNING: Could not lock System prefs. Unix error code 2.
2025-09-11 14:50:02,837 [ERROR] LogOutputStream:75 - [STDERR_REDIRECT] 
2025-09-11 14:50:02,838 [ERROR] LogOutputStream:75 - [STDERR_REDIRECT] Sep 11, 2025 2:50:02 PM java.util.prefs.FileSystemPreferences syncWorld
2025-09-11 14:50:02,838 [ERROR] LogOutputStream:75 - [STDERR_REDIRECT] WARNING: Couldn't flush system prefs: java.util.prefs.BackingStoreException: Couldn't get file lock.
2025-09-11 14:50:02,838 [ERROR] LogOutputStream:75 - [STDERR_REDIRECT] 
2025-09-11 14:50:32,836 [ERROR] LogOutputStream:75 - [STDERR_REDIRECT] Sep 11, 2025 2:50:32 PM java.util.prefs.FileSystemPreferences checkLockFile0ErrorCode
2025-09-11 14:50:32,837 [ERROR] LogOutputStream:75 - [STDERR_REDIRECT] WARNING: Could not lock System prefs. Unix error code 2.
2025-09-11 14:50:32,837 [ERROR] LogOutputStream:75 - [STDERR_REDIRECT] 
2025-09-11 14:50:32,837 [ERROR] LogOutputStream:75 - [STDERR_REDIRECT] Sep 11, 2025 2:50:32 PM java.util.prefs.FileSystemPreferences syncWorld
2025-09-11 14:50:32,838 [ERROR] LogOutputStream:75 - [STDERR_REDIRECT] WARNING: Couldn't flush system prefs: java.util.prefs.BackingStoreException: Couldn't get file lock.
2025-09-11 14:50:32,838 [ERROR] LogOutputStream:75 - [STDERR_REDIRECT] 
2025-09-11 14:51:02,837 [ERROR] LogOutputStream:75 - [STDERR_REDIRECT] Sep 11, 2025 2:51:02 PM java.util.prefs.FileSystemPreferences checkLockFile0ErrorCode
2025-09-11 14:51:02,837 [ERROR] LogOutputStream:75 - [STDERR_REDIRECT] WARNING: Could not lock System prefs. Unix error code 2.
2025-09-11 14:51:02,837 [ERROR] LogOutputStream:75 - [STDERR_REDIRECT] 
2025-09-11 14:51:02,837 [ERROR] LogOutputStream:75 - [STDERR_REDIRECT] Sep 11, 2025 2:51:02 PM java.util.prefs.FileSystemPreferences syncWorld
2025-09-11 14:51:02,838 [ERROR] LogOutputStream:75 - [STDERR_REDIRECT] WARNING: Couldn't flush system prefs: java.util.prefs.BackingStoreException: Couldn't get file lock.
2025-09-11 14:51:02,838 [ERROR] LogOutputStream:75 - [STDERR_REDIRECT] 
2025-09-11 14:51:32,836 [ERROR] LogOutputStream:75 - [STDERR_REDIRECT] Sep 11, 2025 2:51:32 PM java.util.prefs.FileSystemPreferences checkLockFile0ErrorCode
2025-09-11 14:51:32,837 [ERROR] LogOutputStream:75 - [STDERR_REDIRECT] WARNING: Could not lock System prefs. Unix error code 2.
2025-09-11 14:51:32,837 [ERROR] LogOutputStream:75 - [STDERR_REDIRECT] 
2025-09-11 14:51:32,837 [ERROR] LogOutputStream:75 - [STDERR_REDIRECT] Sep 11, 2025 2:51:32 PM java.util.prefs.FileSystemPreferences syncWorld
2025-09-11 14:51:32,838 [ERROR] LogOutputStream:75 - [STDERR_REDIRECT] WARNING: Couldn't flush system prefs: java.util.prefs.BackingStoreException: Couldn't get file lock.
2025-09-11 14:51:32,838 [ERROR] LogOutputStream:75 - [STDERR_REDIRECT] 
2025-09-11 14:52:02,837 [ERROR] LogOutputStream:75 - [STDERR_REDIRECT] Sep 11, 2025 2:52:02 PM java.util.prefs.FileSystemPreferences checkLockFile0ErrorCode
2025-09-11 14:52:02,837 [ERROR] LogOutputStream:75 - [STDERR_REDIRECT] WARNING: Could not lock System prefs. Unix error code 2.
2025-09-11 14:52:02,837 [ERROR] LogOutputStream:75 - [STDERR_REDIRECT] 
2025-09-11 14:52:02,838 [ERROR] LogOutputStream:75 - [STDERR_REDIRECT] Sep 11, 2025 2:52:02 PM java.util.prefs.FileSystemPreferences syncWorld
2025-09-11 14:52:02,838 [ERROR] LogOutputStream:75 - [STDERR_REDIRECT] WARNING: Couldn't flush system prefs: java.util.prefs.BackingStoreException: Couldn't get file lock.
2025-09-11 14:52:02,838 [ERROR] LogOutputStream:75 - [STDERR_REDIRECT] 
2025-09-11 14:52:32,839 [ERROR] LogOutputStream:75 - [STDERR_REDIRECT] Sep 11, 2025 2:52:32 PM java.util.prefs.FileSystemPreferences checkLockFile0ErrorCode
2025-09-11 14:52:32,839 [ERROR] LogOutputStream:75 - [STDERR_REDIRECT] WARNING: Could not lock System prefs. Unix error code 2.
2025-09-11 14:52:32,839 [ERROR] LogOutputStream:75 - [STDERR_REDIRECT] 
2025-09-11 14:52:32,840 [ERROR] LogOutputStream:75 - [STDERR_REDIRECT] Sep 11, 2025 2:52:32 PM java.util.prefs.FileSystemPreferences syncWorld
2025-09-11 14:52:32,840 [ERROR] LogOutputStream:75 - [STDERR_REDIRECT] WARNING: Couldn't flush system prefs: java.util.prefs.BackingStoreException: Couldn't get file lock.
2025-09-11 14:52:32,840 [ERROR] LogOutputStream:75 - [STDERR_REDIRECT] 
2025-09-11 14:53:02,839 [ERROR] LogOutputStream:75 - [STDERR_REDIRECT] Sep 11, 2025 2:53:02 PM java.util.prefs.FileSystemPreferences checkLockFile0ErrorCode
2025-09-11 14:53:02,840 [ERROR] LogOutputStream:75 - [STDERR_REDIRECT] WARNING: Could not lock System prefs. Unix error code 2.
2025-09-11 14:53:02,840 [ERROR] LogOutputStream:75 - [STDERR_REDIRECT] 
2025-09-11 14:53:02,841 [ERROR] LogOutputStream:75 - [STDERR_REDIRECT] Sep 11, 2025 2:53:02 PM java.util.prefs.FileSystemPreferences syncWorld
2025-09-11 14:53:02,841 [ERROR] LogOutputStream:75 - [STDERR_REDIRECT] WARNING: Couldn't flush system prefs: java.util.prefs.BackingStoreException: Couldn't get file lock.
2025-09-11 14:53:02,841 [ERROR] LogOutputStream:75 - [STDERR_REDIRECT] 
2025-09-11 14:53:32,837 [ERROR] LogOutputStream:75 - [STDERR_REDIRECT] Sep 11, 2025 2:53:32 PM java.util.prefs.FileSystemPreferences checkLockFile0ErrorCode
2025-09-11 14:53:32,838 [ERROR] LogOutputStream:75 - [STDERR_REDIRECT] WARNING: Could not lock System prefs. Unix error code 2.
2025-09-11 14:53:32,838 [ERROR] LogOutputStream:75 - [STDERR_REDIRECT] 
2025-09-11 14:53:32,839 [ERROR] LogOutputStream:75 - [STDERR_REDIRECT] Sep 11, 2025 2:53:32 PM java.util.prefs.FileSystemPreferences syncWorld
2025-09-11 14:53:32,839 [ERROR] LogOutputStream:75 - [STDERR_REDIRECT] WARNING: Couldn't flush system prefs: java.util.prefs.BackingStoreException: Couldn't get file lock.
2025-09-11 14:53:32,839 [ERROR] LogOutputStream:75 - [STDERR_REDIRECT] 
2025-09-11 14:54:02,838 [ERROR] LogOutputStream:75 - [STDERR_REDIRECT] Sep 11, 2025 2:54:02 PM java.util.prefs.FileSystemPreferences checkLockFile0ErrorCode
2025-09-11 14:54:02,838 [ERROR] LogOutputStream:75 - [STDERR_REDIRECT] WARNING: Could not lock System prefs. Unix error code 2.
2025-09-11 14:54:02,838 [ERROR] LogOutputStream:75 - [STDERR_REDIRECT] 
2025-09-11 14:54:02,839 [ERROR] LogOutputStream:75 - [STDERR_REDIRECT] Sep 11, 2025 2:54:02 PM java.util.prefs.FileSystemPreferences syncWorld
2025-09-11 14:54:02,839 [ERROR] LogOutputStream:75 - [STDERR_REDIRECT] WARNING: Couldn't flush system prefs: java.util.prefs.BackingStoreException: Couldn't get file lock.
2025-09-11 14:54:02,839 [ERROR] LogOutputStream:75 - [STDERR_REDIRECT] 
2025-09-11 14:54:32,840 [ERROR] LogOutputStream:75 - [STDERR_REDIRECT] Sep 11, 2025 2:54:32 PM java.util.prefs.FileSystemPreferences checkLockFile0ErrorCode
2025-09-11 14:54:32,841 [ERROR] LogOutputStream:75 - [STDERR_REDIRECT] WARNING: Could not lock System prefs. Unix error code 2.
2025-09-11 14:54:32,841 [ERROR] LogOutputStream:75 - [STDERR_REDIRECT] 
2025-09-11 14:54:32,841 [ERROR] LogOutputStream:75 - [STDERR_REDIRECT] Sep 11, 2025 2:54:32 PM java.util.prefs.FileSystemPreferences syncWorld
2025-09-11 14:54:32,842 [ERROR] LogOutputStream:75 - [STDERR_REDIRECT] WARNING: Couldn't flush system prefs: java.util.prefs.BackingStoreException: Couldn't get file lock.
2025-09-11 14:54:32,842 [ERROR] LogOutputStream:75 - [STDERR_REDIRECT] 
2025-09-11 14:55:02,838 [ERROR] LogOutputStream:75 - [STDERR_REDIRECT] Sep 11, 2025 2:55:02 PM java.util.prefs.FileSystemPreferences checkLockFile0ErrorCode
2025-09-11 14:55:02,839 [ERROR] LogOutputStream:75 - [STDERR_REDIRECT] WARNING: Could not lock System prefs. Unix error code 2.
2025-09-11 14:55:02,839 [ERROR] LogOutputStream:75 - [STDERR_REDIRECT] 
2025-09-11 14:55:02,839 [ERROR] LogOutputStream:75 - [STDERR_REDIRECT] Sep 11, 2025 2:55:02 PM java.util.prefs.FileSystemPreferences syncWorld
2025-09-11 14:55:02,840 [ERROR] LogOutputStream:75 - [STDERR_REDIRECT] WARNING: Couldn't flush system prefs: java.util.prefs.BackingStoreException: Couldn't get file lock.
2025-09-11 14:55:02,840 [ERROR] LogOutputStream:75 - [STDERR_REDIRECT] 
2025-09-11 14:55:32,838 [ERROR] LogOutputStream:75 - [STDERR_REDIRECT] Sep 11, 2025 2:55:32 PM java.util.prefs.FileSystemPreferences checkLockFile0ErrorCode
2025-09-11 14:55:32,839 [ERROR] LogOutputStream:75 - [STDERR_REDIRECT] WARNING: Could not lock System prefs. Unix error code 2.
2025-09-11 14:55:32,839 [ERROR] LogOutputStream:75 - [STDERR_REDIRECT] 
2025-09-11 14:55:32,839 [ERROR] LogOutputStream:75 - [STDERR_REDIRECT] Sep 11, 2025 2:55:32 PM java.util.prefs.FileSystemPreferences syncWorld
2025-09-11 14:55:32,840 [ERROR] LogOutputStream:75 - [STDERR_REDIRECT] WARNING: Couldn't flush system prefs: java.util.prefs.BackingStoreException: Couldn't get file lock.
2025-09-11 14:55:32,840 [ERROR] LogOutputStream:75 - [STDERR_REDIRECT] 
2025-09-11 14:56:02,838 [ERROR] LogOutputStream:75 - [STDERR_REDIRECT] Sep 11, 2025 2:56:02 PM java.util.prefs.FileSystemPreferences checkLockFile0ErrorCode
2025-09-11 14:56:02,838 [ERROR] LogOutputStream:75 - [STDERR_REDIRECT] WARNING: Could not lock System prefs. Unix error code 2.
2025-09-11 14:56:02,838 [ERROR] LogOutputStream:75 - [STDERR_REDIRECT] 
2025-09-11 14:56:02,839 [ERROR] LogOutputStream:75 - [STDERR_REDIRECT] Sep 11, 2025 2:56:02 PM java.util.prefs.FileSystemPreferences syncWorld
2025-09-11 14:56:02,839 [ERROR] LogOutputStream:75 - [STDERR_REDIRECT] WARNING: Couldn't flush system prefs: java.util.prefs.BackingStoreException: Couldn't get file lock.
2025-09-11 14:56:02,839 [ERROR] LogOutputStream:75 - [STDERR_REDIRECT] 
2025-09-11 14:56:32,840 [ERROR] LogOutputStream:75 - [STDERR_REDIRECT] Sep 11, 2025 2:56:32 PM java.util.prefs.FileSystemPreferences checkLockFile0ErrorCode
2025-09-11 14:56:32,840 [ERROR] LogOutputStream:75 - [STDERR_REDIRECT] WARNING: Could not lock System prefs. Unix error code 2.
2025-09-11 14:56:32,840 [ERROR] LogOutputStream:75 - [STDERR_REDIRECT] 
2025-09-11 14:56:32,841 [ERROR] LogOutputStream:75 - [STDERR_REDIRECT] Sep 11, 2025 2:56:32 PM java.util.prefs.FileSystemPreferences syncWorld
2025-09-11 14:56:32,841 [ERROR] LogOutputStream:75 - [STDERR_REDIRECT] WARNING: Couldn't flush system prefs: java.util.prefs.BackingStoreException: Couldn't get file lock.
2025-09-11 14:56:32,841 [ERROR] LogOutputStream:75 - [STDERR_REDIRECT] 
2025-09-11 14:57:02,838 [ERROR] LogOutputStream:75 - [STDERR_REDIRECT] Sep 11, 2025 2:57:02 PM java.util.prefs.FileSystemPreferences checkLockFile0ErrorCode
2025-09-11 14:57:02,839 [ERROR] LogOutputStream:75 - [STDERR_REDIRECT] WARNING: Could not lock System prefs. Unix error code 2.
2025-09-11 14:57:02,839 [ERROR] LogOutputStream:75 - [STDERR_REDIRECT] 
2025-09-11 14:57:02,839 [ERROR] LogOutputStream:75 - [STDERR_REDIRECT] Sep 11, 2025 2:57:02 PM java.util.prefs.FileSystemPreferences syncWorld
2025-09-11 14:57:02,840 [ERROR] LogOutputStream:75 - [STDERR_REDIRECT] WARNING: Couldn't flush system prefs: java.util.prefs.BackingStoreException: Couldn't get file lock.
2025-09-11 14:57:02,840 [ERROR] LogOutputStream:75 - [STDERR_REDIRECT] 
2025-09-11 14:57:32,839 [ERROR] LogOutputStream:75 - [STDERR_REDIRECT] Sep 11, 2025 2:57:32 PM java.util.prefs.FileSystemPreferences checkLockFile0ErrorCode
2025-09-11 14:57:32,839 [ERROR] LogOutputStream:75 - [STDERR_REDIRECT] WARNING: Could not lock System prefs. Unix error code 2.
2025-09-11 14:57:32,840 [ERROR] LogOutputStream:75 - [STDERR_REDIRECT] 
2025-09-11 14:57:32,840 [ERROR] LogOutputStream:75 - [STDERR_REDIRECT] Sep 11, 2025 2:57:32 PM java.util.prefs.FileSystemPreferences syncWorld
2025-09-11 14:57:32,841 [ERROR] LogOutputStream:75 - [STDERR_REDIRECT] WARNING: Couldn't flush system prefs: java.util.prefs.BackingStoreException: Couldn't get file lock.
2025-09-11 14:57:32,841 [ERROR] LogOutputStream:75 - [STDERR_REDIRECT] 
2025-09-11 14:58:02,840 [ERROR] LogOutputStream:75 - [STDERR_REDIRECT] Sep 11, 2025 2:58:02 PM java.util.prefs.FileSystemPreferences checkLockFile0ErrorCode
2025-09-11 14:58:02,841 [ERROR] LogOutputStream:75 - [STDERR_REDIRECT] WARNING: Could not lock System prefs. Unix error code 2.
2025-09-11 14:58:02,841 [ERROR] LogOutputStream:75 - [STDERR_REDIRECT] 
2025-09-11 14:58:02,841 [ERROR] LogOutputStream:75 - [STDERR_REDIRECT] Sep 11, 2025 2:58:02 PM java.util.prefs.FileSystemPreferences syncWorld
2025-09-11 14:58:02,841 [ERROR] LogOutputStream:75 - [STDERR_REDIRECT] WARNING: Couldn't flush system prefs: java.util.prefs.BackingStoreException: Couldn't get file lock.
2025-09-11 14:58:02,841 [ERROR] LogOutputStream:75 - [STDERR_REDIRECT] 
2025-09-11 14:58:32,843 [ERROR] LogOutputStream:75 - [STDERR_REDIRECT] Sep 11, 2025 2:58:32 PM java.util.prefs.FileSystemPreferences checkLockFile0ErrorCode
2025-09-11 14:58:32,843 [ERROR] LogOutputStream:75 - [STDERR_REDIRECT] WARNING: Could not lock System prefs. Unix error code 2.
2025-09-11 14:58:32,843 [ERROR] LogOutputStream:75 - [STDERR_REDIRECT] 
2025-09-11 14:58:32,844 [ERROR] LogOutputStream:75 - [STDERR_REDIRECT] Sep 11, 2025 2:58:32 PM java.util.prefs.FileSystemPreferences syncWorld
2025-09-11 14:58:32,844 [ERROR] LogOutputStream:75 - [STDERR_REDIRECT] WARNING: Couldn't flush system prefs: java.util.prefs.BackingStoreException: Couldn't get file lock.
2025-09-11 14:58:32,844 [ERROR] LogOutputStream:75 - [STDERR_REDIRECT] 
2025-09-11 14:59:02,842 [ERROR] LogOutputStream:75 - [STDERR_REDIRECT] Sep 11, 2025 2:59:02 PM java.util.prefs.FileSystemPreferences checkLockFile0ErrorCode
2025-09-11 14:59:02,842 [ERROR] LogOutputStream:75 - [STDERR_REDIRECT] WARNING: Could not lock System prefs. Unix error code 2.
2025-09-11 14:59:02,842 [ERROR] LogOutputStream:75 - [STDERR_REDIRECT] 
2025-09-11 14:59:02,843 [ERROR] LogOutputStream:75 - [STDERR_REDIRECT] Sep 11, 2025 2:59:02 PM java.util.prefs.FileSystemPreferences syncWorld
2025-09-11 14:59:02,844 [ERROR] LogOutputStream:75 - [STDERR_REDIRECT] WARNING: Couldn't flush system prefs: java.util.prefs.BackingStoreException: Couldn't get file lock.
2025-09-11 14:59:02,844 [ERROR] LogOutputStream:75 - [STDERR_REDIRECT] 
2025-09-11 14:59:32,840 [ERROR] LogOutputStream:75 - [STDERR_REDIRECT] Sep 11, 2025 2:59:32 PM java.util.prefs.FileSystemPreferences checkLockFile0ErrorCode
2025-09-11 14:59:32,840 [ERROR] LogOutputStream:75 - [STDERR_REDIRECT] WARNING: Could not lock System prefs. Unix error code 2.
2025-09-11 14:59:32,840 [ERROR] LogOutputStream:75 - [STDERR_REDIRECT] 
2025-09-11 14:59:32,841 [ERROR] LogOutputStream:75 - [STDERR_REDIRECT] Sep 11, 2025 2:59:32 PM java.util.prefs.FileSystemPreferences syncWorld
2025-09-11 14:59:32,841 [ERROR] LogOutputStream:75 - [STDERR_REDIRECT] WARNING: Couldn't flush system prefs: java.util.prefs.BackingStoreException: Couldn't get file lock.
2025-09-11 14:59:32,841 [ERROR] LogOutputStream:75 - [STDERR_REDIRECT] 
2025-09-11 15:00:02,840 [ERROR] LogOutputStream:75 - [STDERR_REDIRECT] Sep 11, 2025 3:00:02 PM java.util.prefs.FileSystemPreferences checkLockFile0ErrorCode
2025-09-11 15:00:02,840 [ERROR] LogOutputStream:75 - [STDERR_REDIRECT] WARNING: Could not lock System prefs. Unix error code 2.
2025-09-11 15:00:02,840 [ERROR] LogOutputStream:75 - [STDERR_REDIRECT] 
2025-09-11 15:00:02,841 [ERROR] LogOutputStream:75 - [STDERR_REDIRECT] Sep 11, 2025 3:00:02 PM java.util.prefs.FileSystemPreferences syncWorld
2025-09-11 15:00:02,841 [ERROR] LogOutputStream:75 - [STDERR_REDIRECT] WARNING: Couldn't flush system prefs: java.util.prefs.BackingStoreException: Couldn't get file lock.
2025-09-11 15:00:02,841 [ERROR] LogOutputStream:75 - [STDERR_REDIRECT] 
2025-09-11 15:00:32,841 [ERROR] LogOutputStream:75 - [STDERR_REDIRECT] Sep 11, 2025 3:00:32 PM java.util.prefs.FileSystemPreferences checkLockFile0ErrorCode
2025-09-11 15:00:32,841 [ERROR] LogOutputStream:75 - [STDERR_REDIRECT] WARNING: Could not lock System prefs. Unix error code 2.
2025-09-11 15:00:32,841 [ERROR] LogOutputStream:75 - [STDERR_REDIRECT] 
2025-09-11 15:00:32,842 [ERROR] LogOutputStream:75 - [STDERR_REDIRECT] Sep 11, 2025 3:00:32 PM java.util.prefs.FileSystemPreferences syncWorld
2025-09-11 15:00:32,843 [ERROR] LogOutputStream:75 - [STDERR_REDIRECT] WARNING: Couldn't flush system prefs: java.util.prefs.BackingStoreException: Couldn't get file lock.
2025-09-11 15:00:32,844 [ERROR] LogOutputStream:75 - [STDERR_REDIRECT] 
2025-09-11 15:01:02,840 [ERROR] LogOutputStream:75 - [STDERR_REDIRECT] Sep 11, 2025 3:01:02 PM java.util.prefs.FileSystemPreferences checkLockFile0ErrorCode
2025-09-11 15:01:02,841 [ERROR] LogOutputStream:75 - [STDERR_REDIRECT] WARNING: Could not lock System prefs. Unix error code 2.
2025-09-11 15:01:02,841 [ERROR] LogOutputStream:75 - [STDERR_REDIRECT] 
2025-09-11 15:01:02,841 [ERROR] LogOutputStream:75 - [STDERR_REDIRECT] Sep 11, 2025 3:01:02 PM java.util.prefs.FileSystemPreferences syncWorld
2025-09-11 15:01:02,842 [ERROR] LogOutputStream:75 - [STDERR_REDIRECT] WARNING: Couldn't flush system prefs: java.util.prefs.BackingStoreException: Couldn't get file lock.
2025-09-11 15:01:02,842 [ERROR] LogOutputStream:75 - [STDERR_REDIRECT] 
2025-09-11 15:01:32,840 [ERROR] LogOutputStream:75 - [STDERR_REDIRECT] Sep 11, 2025 3:01:32 PM java.util.prefs.FileSystemPreferences checkLockFile0ErrorCode
2025-09-11 15:01:32,841 [ERROR] LogOutputStream:75 - [STDERR_REDIRECT] WARNING: Could not lock System prefs. Unix error code 2.
2025-09-11 15:01:32,841 [ERROR] LogOutputStream:75 - [STDERR_REDIRECT] 
2025-09-11 15:01:32,841 [ERROR] LogOutputStream:75 - [STDERR_REDIRECT] Sep 11, 2025 3:01:32 PM java.util.prefs.FileSystemPreferences syncWorld
2025-09-11 15:01:32,842 [ERROR] LogOutputStream:75 - [STDERR_REDIRECT] WARNING: Couldn't flush system prefs: java.util.prefs.BackingStoreException: Couldn't get file lock.
2025-09-11 15:01:32,842 [ERROR] LogOutputStream:75 - [STDERR_REDIRECT] 
2025-09-11 15:02:02,844 [ERROR] LogOutputStream:75 - [STDERR_REDIRECT] Sep 11, 2025 3:02:02 PM java.util.prefs.FileSystemPreferences checkLockFile0ErrorCode
2025-09-11 15:02:02,844 [ERROR] LogOutputStream:75 - [STDERR_REDIRECT] WARNING: Could not lock System prefs. Unix error code 2.
2025-09-11 15:02:02,844 [ERROR] LogOutputStream:75 - [STDERR_REDIRECT] 
2025-09-11 15:02:02,845 [ERROR] LogOutputStream:75 - [STDERR_REDIRECT] Sep 11, 2025 3:02:02 PM java.util.prefs.FileSystemPreferences syncWorld
2025-09-11 15:02:02,845 [ERROR] LogOutputStream:75 - [STDERR_REDIRECT] WARNING: Couldn't flush system prefs: java.util.prefs.BackingStoreException: Couldn't get file lock.
2025-09-11 15:02:02,846 [ERROR] LogOutputStream:75 - [STDERR_REDIRECT] 
2025-09-11 15:02:32,840 [ERROR] LogOutputStream:75 - [STDERR_REDIRECT] Sep 11, 2025 3:02:32 PM java.util.prefs.FileSystemPreferences checkLockFile0ErrorCode
2025-09-11 15:02:32,841 [ERROR] LogOutputStream:75 - [STDERR_REDIRECT] WARNING: Could not lock System prefs. Unix error code 2.
2025-09-11 15:02:32,841 [ERROR] LogOutputStream:75 - [STDERR_REDIRECT] 
2025-09-11 15:02:32,841 [ERROR] LogOutputStream:75 - [STDERR_REDIRECT] Sep 11, 2025 3:02:32 PM java.util.prefs.FileSystemPreferences syncWorld
2025-09-11 15:02:32,842 [ERROR] LogOutputStream:75 - [STDERR_REDIRECT] WARNING: Couldn't flush system prefs: java.util.prefs.BackingStoreException: Couldn't get file lock.
2025-09-11 15:02:32,842 [ERROR] LogOutputStream:75 - [STDERR_REDIRECT] 
2025-09-11 15:03:02,844 [ERROR] LogOutputStream:75 - [STDERR_REDIRECT] Sep 11, 2025 3:03:02 PM java.util.prefs.FileSystemPreferences checkLockFile0ErrorCode
2025-09-11 15:03:02,844 [ERROR] LogOutputStream:75 - [STDERR_REDIRECT] WARNING: Could not lock System prefs. Unix error code 2.
2025-09-11 15:03:02,845 [ERROR] LogOutputStream:75 - [STDERR_REDIRECT] 
2025-09-11 15:03:02,845 [ERROR] LogOutputStream:75 - [STDERR_REDIRECT] Sep 11, 2025 3:03:02 PM java.util.prefs.FileSystemPreferences syncWorld
2025-09-11 15:03:02,846 [ERROR] LogOutputStream:75 - [STDERR_REDIRECT] WARNING: Couldn't flush system prefs: java.util.prefs.BackingStoreException: Couldn't get file lock.
2025-09-11 15:03:02,846 [ERROR] LogOutputStream:75 - [STDERR_REDIRECT] 
2025-09-11 15:03:32,841 [ERROR] LogOutputStream:75 - [STDERR_REDIRECT] Sep 11, 2025 3:03:32 PM java.util.prefs.FileSystemPreferences checkLockFile0ErrorCode
2025-09-11 15:03:32,841 [ERROR] LogOutputStream:75 - [STDERR_REDIRECT] WARNING: Could not lock System prefs. Unix error code 2.
2025-09-11 15:03:32,841 [ERROR] LogOutputStream:75 - [STDERR_REDIRECT] 
2025-09-11 15:03:32,842 [ERROR] LogOutputStream:75 - [STDERR_REDIRECT] Sep 11, 2025 3:03:32 PM java.util.prefs.FileSystemPreferences syncWorld
2025-09-11 15:03:32,842 [ERROR] LogOutputStream:75 - [STDERR_REDIRECT] WARNING: Couldn't flush system prefs: java.util.prefs.BackingStoreException: Couldn't get file lock.
2025-09-11 15:03:32,842 [ERROR] LogOutputStream:75 - [STDERR_REDIRECT] 
2025-09-11 15:04:02,842 [ERROR] LogOutputStream:75 - [STDERR_REDIRECT] Sep 11, 2025 3:04:02 PM java.util.prefs.FileSystemPreferences checkLockFile0ErrorCode
2025-09-11 15:04:02,842 [ERROR] LogOutputStream:75 - [STDERR_REDIRECT] WARNING: Could not lock System prefs. Unix error code 2.
2025-09-11 15:04:02,842 [ERROR] LogOutputStream:75 - [STDERR_REDIRECT] 
2025-09-11 15:04:02,843 [ERROR] LogOutputStream:75 - [STDERR_REDIRECT] Sep 11, 2025 3:04:02 PM java.util.prefs.FileSystemPreferences syncWorld
2025-09-11 15:04:02,844 [ERROR] LogOutputStream:75 - [STDERR_REDIRECT] WARNING: Couldn't flush system prefs: java.util.prefs.BackingStoreException: Couldn't get file lock.
2025-09-11 15:04:02,844 [ERROR] LogOutputStream:75 - [STDERR_REDIRECT] 
2025-09-11 15:04:32,841 [ERROR] LogOutputStream:75 - [STDERR_REDIRECT] Sep 11, 2025 3:04:32 PM java.util.prefs.FileSystemPreferences checkLockFile0ErrorCode
2025-09-11 15:04:32,841 [ERROR] LogOutputStream:75 - [STDERR_REDIRECT] WARNING: Could not lock System prefs. Unix error code 2.
2025-09-11 15:04:32,841 [ERROR] LogOutputStream:75 - [STDERR_REDIRECT] 
2025-09-11 15:04:32,842 [ERROR] LogOutputStream:75 - [STDERR_REDIRECT] Sep 11, 2025 3:04:32 PM java.util.prefs.FileSystemPreferences syncWorld
2025-09-11 15:04:32,843 [ERROR] LogOutputStream:75 - [STDERR_REDIRECT] WARNING: Couldn't flush system prefs: java.util.prefs.BackingStoreException: Couldn't get file lock.
2025-09-11 15:04:32,843 [ERROR] LogOutputStream:75 - [STDERR_REDIRECT] 
2025-09-11 15:05:02,842 [ERROR] LogOutputStream:75 - [STDERR_REDIRECT] Sep 11, 2025 3:05:02 PM java.util.prefs.FileSystemPreferences checkLockFile0ErrorCode
2025-09-11 15:05:02,842 [ERROR] LogOutputStream:75 - [STDERR_REDIRECT] WARNING: Could not lock System prefs. Unix error code 2.
2025-09-11 15:05:02,842 [ERROR] LogOutputStream:75 - [STDERR_REDIRECT] 
2025-09-11 15:05:02,843 [ERROR] LogOutputStream:75 - [STDERR_REDIRECT] Sep 11, 2025 3:05:02 PM java.util.prefs.FileSystemPreferences syncWorld
2025-09-11 15:05:02,843 [ERROR] LogOutputStream:75 - [STDERR_REDIRECT] WARNING: Couldn't flush system prefs: java.util.prefs.BackingStoreException: Couldn't get file lock.
2025-09-11 15:05:02,843 [ERROR] LogOutputStream:75 - [STDERR_REDIRECT] 
2025-09-11 15:05:32,842 [ERROR] LogOutputStream:75 - [STDERR_REDIRECT] Sep 11, 2025 3:05:32 PM java.util.prefs.FileSystemPreferences checkLockFile0ErrorCode
2025-09-11 15:05:32,842 [ERROR] LogOutputStream:75 - [STDERR_REDIRECT] WARNING: Could not lock System prefs. Unix error code 2.
2025-09-11 15:05:32,842 [ERROR] LogOutputStream:75 - [STDERR_REDIRECT] 
2025-09-11 15:05:32,843 [ERROR] LogOutputStream:75 - [STDERR_REDIRECT] Sep 11, 2025 3:05:32 PM java.util.prefs.FileSystemPreferences syncWorld
2025-09-11 15:05:32,844 [ERROR] LogOutputStream:75 - [STDERR_REDIRECT] WARNING: Couldn't flush system prefs: java.util.prefs.BackingStoreException: Couldn't get file lock.
2025-09-11 15:05:32,844 [ERROR] LogOutputStream:75 - [STDERR_REDIRECT] 
2025-09-11 15:06:02,842 [ERROR] LogOutputStream:75 - [STDERR_REDIRECT] Sep 11, 2025 3:06:02 PM java.util.prefs.FileSystemPreferences checkLockFile0ErrorCode
2025-09-11 15:06:02,842 [ERROR] LogOutputStream:75 - [STDERR_REDIRECT] WARNING: Could not lock System prefs. Unix error code 2.
2025-09-11 15:06:02,843 [ERROR] LogOutputStream:75 - [STDERR_REDIRECT] 
2025-09-11 15:06:02,843 [ERROR] LogOutputStream:75 - [STDERR_REDIRECT] Sep 11, 2025 3:06:02 PM java.util.prefs.FileSystemPreferences syncWorld
2025-09-11 15:06:02,844 [ERROR] LogOutputStream:75 - [STDERR_REDIRECT] WARNING: Couldn't flush system prefs: java.util.prefs.BackingStoreException: Couldn't get file lock.
2025-09-11 15:06:02,844 [ERROR] LogOutputStream:75 - [STDERR_REDIRECT] 
2025-09-11 15:06:32,841 [ERROR] LogOutputStream:75 - [STDERR_REDIRECT] Sep 11, 2025 3:06:32 PM java.util.prefs.FileSystemPreferences checkLockFile0ErrorCode
2025-09-11 15:06:32,842 [ERROR] LogOutputStream:75 - [STDERR_REDIRECT] WARNING: Could not lock System prefs. Unix error code 2.
2025-09-11 15:06:32,842 [ERROR] LogOutputStream:75 - [STDERR_REDIRECT] 
2025-09-11 15:06:32,842 [ERROR] LogOutputStream:75 - [STDERR_REDIRECT] Sep 11, 2025 3:06:32 PM java.util.prefs.FileSystemPreferences syncWorld
2025-09-11 15:06:32,843 [ERROR] LogOutputStream:75 - [STDERR_REDIRECT] WARNING: Couldn't flush system prefs: java.util.prefs.BackingStoreException: Couldn't get file lock.
2025-09-11 15:06:32,843 [ERROR] LogOutputStream:75 - [STDERR_REDIRECT] 
2025-09-11 15:07:02,845 [ERROR] LogOutputStream:75 - [STDERR_REDIRECT] Sep 11, 2025 3:07:02 PM java.util.prefs.FileSystemPreferences checkLockFile0ErrorCode
2025-09-11 15:07:02,846 [ERROR] LogOutputStream:75 - [STDERR_REDIRECT] WARNING: Could not lock System prefs. Unix error code 2.
2025-09-11 15:07:02,846 [ERROR] LogOutputStream:75 - [STDERR_REDIRECT] 
2025-09-11 15:07:02,846 [ERROR] LogOutputStream:75 - [STDERR_REDIRECT] Sep 11, 2025 3:07:02 PM java.util.prefs.FileSystemPreferences syncWorld
2025-09-11 15:07:02,847 [ERROR] LogOutputStream:75 - [STDERR_REDIRECT] WARNING: Couldn't flush system prefs: java.util.prefs.BackingStoreException: Couldn't get file lock.
2025-09-11 15:07:02,847 [ERROR] LogOutputStream:75 - [STDERR_REDIRECT] 
2025-09-11 15:07:32,841 [ERROR] LogOutputStream:75 - [STDERR_REDIRECT] Sep 11, 2025 3:07:32 PM java.util.prefs.FileSystemPreferences checkLockFile0ErrorCode
2025-09-11 15:07:32,841 [ERROR] LogOutputStream:75 - [STDERR_REDIRECT] WARNING: Could not lock System prefs. Unix error code 2.
2025-09-11 15:07:32,841 [ERROR] LogOutputStream:75 - [STDERR_REDIRECT] 
2025-09-11 15:07:32,842 [ERROR] LogOutputStream:75 - [STDERR_REDIRECT] Sep 11, 2025 3:07:32 PM java.util.prefs.FileSystemPreferences syncWorld
2025-09-11 15:07:32,842 [ERROR] LogOutputStream:75 - [STDERR_REDIRECT] WARNING: Couldn't flush system prefs: java.util.prefs.BackingStoreException: Couldn't get file lock.
2025-09-11 15:07:32,842 [ERROR] LogOutputStream:75 - [STDERR_REDIRECT] 
2025-09-11 15:08:02,842 [ERROR] LogOutputStream:75 - [STDERR_REDIRECT] Sep 11, 2025 3:08:02 PM java.util.prefs.FileSystemPreferences checkLockFile0ErrorCode
2025-09-11 15:08:02,843 [ERROR] LogOutputStream:75 - [STDERR_REDIRECT] WARNING: Could not lock System prefs. Unix error code 2.
2025-09-11 15:08:02,843 [ERROR] LogOutputStream:75 - [STDERR_REDIRECT] 
2025-09-11 15:08:02,843 [ERROR] LogOutputStream:75 - [STDERR_REDIRECT] Sep 11, 2025 3:08:02 PM java.util.prefs.FileSystemPreferences syncWorld
2025-09-11 15:08:02,844 [ERROR] LogOutputStream:75 - [STDERR_REDIRECT] WARNING: Couldn't flush system prefs: java.util.prefs.BackingStoreException: Couldn't get file lock.
2025-09-11 15:08:02,844 [ERROR] LogOutputStream:75 - [STDERR_REDIRECT] 
2025-09-11 15:08:32,841 [ERROR] LogOutputStream:75 - [STDERR_REDIRECT] Sep 11, 2025 3:08:32 PM java.util.prefs.FileSystemPreferences checkLockFile0ErrorCode
2025-09-11 15:08:32,841 [ERROR] LogOutputStream:75 - [STDERR_REDIRECT] WARNING: Could not lock System prefs. Unix error code 2.
2025-09-11 15:08:32,841 [ERROR] LogOutputStream:75 - [STDERR_REDIRECT] 
2025-09-11 15:08:32,842 [ERROR] LogOutputStream:75 - [STDERR_REDIRECT] Sep 11, 2025 3:08:32 PM java.util.prefs.FileSystemPreferences syncWorld
2025-09-11 15:08:32,843 [ERROR] LogOutputStream:75 - [STDERR_REDIRECT] WARNING: Couldn't flush system prefs: java.util.prefs.BackingStoreException: Couldn't get file lock.
2025-09-11 15:08:32,843 [ERROR] LogOutputStream:75 - [STDERR_REDIRECT] 
2025-09-11 15:09:02,840 [ERROR] LogOutputStream:75 - [STDERR_REDIRECT] Sep 11, 2025 3:09:02 PM java.util.prefs.FileSystemPreferences checkLockFile0ErrorCode
2025-09-11 15:09:02,841 [ERROR] LogOutputStream:75 - [STDERR_REDIRECT] WARNING: Could not lock System prefs. Unix error code 2.
2025-09-11 15:09:02,841 [ERROR] LogOutputStream:75 - [STDERR_REDIRECT] 
2025-09-11 15:09:02,841 [ERROR] LogOutputStream:75 - [STDERR_REDIRECT] Sep 11, 2025 3:09:02 PM java.util.prefs.FileSystemPreferences syncWorld
2025-09-11 15:09:02,842 [ERROR] LogOutputStream:75 - [STDERR_REDIRECT] WARNING: Couldn't flush system prefs: java.util.prefs.BackingStoreException: Couldn't get file lock.
2025-09-11 15:09:02,842 [ERROR] LogOutputStream:75 - [STDERR_REDIRECT] 
2025-09-11 15:09:32,844 [ERROR] LogOutputStream:75 - [STDERR_REDIRECT] Sep 11, 2025 3:09:32 PM java.util.prefs.FileSystemPreferences checkLockFile0ErrorCode
2025-09-11 15:09:32,845 [ERROR] LogOutputStream:75 - [STDERR_REDIRECT] WARNING: Could not lock System prefs. Unix error code 2.
2025-09-11 15:09:32,845 [ERROR] LogOutputStream:75 - [STDERR_REDIRECT] 
2025-09-11 15:09:32,845 [ERROR] LogOutputStream:75 - [STDERR_REDIRECT] Sep 11, 2025 3:09:32 PM java.util.prefs.FileSystemPreferences syncWorld
2025-09-11 15:09:32,846 [ERROR] LogOutputStream:75 - [STDERR_REDIRECT] WARNING: Couldn't flush system prefs: java.util.prefs.BackingStoreException: Couldn't get file lock.
2025-09-11 15:09:32,846 [ERROR] LogOutputStream:75 - [STDERR_REDIRECT] 
2025-09-11 15:10:02,843 [ERROR] LogOutputStream:75 - [STDERR_REDIRECT] Sep 11, 2025 3:10:02 PM java.util.prefs.FileSystemPreferences checkLockFile0ErrorCode
2025-09-11 15:10:02,843 [ERROR] LogOutputStream:75 - [STDERR_REDIRECT] WARNING: Could not lock System prefs. Unix error code 2.
2025-09-11 15:10:02,843 [ERROR] LogOutputStream:75 - [STDERR_REDIRECT] 
2025-09-11 15:10:02,844 [ERROR] LogOutputStream:75 - [STDERR_REDIRECT] Sep 11, 2025 3:10:02 PM java.util.prefs.FileSystemPreferences syncWorld
2025-09-11 15:10:02,844 [ERROR] LogOutputStream:75 - [STDERR_REDIRECT] WARNING: Couldn't flush system prefs: java.util.prefs.BackingStoreException: Couldn't get file lock.
2025-09-11 15:10:02,844 [ERROR] LogOutputStream:75 - [STDERR_REDIRECT] 
2025-09-11 15:10:32,844 [ERROR] LogOutputStream:75 - [STDERR_REDIRECT] Sep 11, 2025 3:10:32 PM java.util.prefs.FileSystemPreferences checkLockFile0ErrorCode
2025-09-11 15:10:32,844 [ERROR] LogOutputStream:75 - [STDERR_REDIRECT] WARNING: Could not lock System prefs. Unix error code 2.
2025-09-11 15:10:32,845 [ERROR] LogOutputStream:75 - [STDERR_REDIRECT] 
2025-09-11 15:10:32,845 [ERROR] LogOutputStream:75 - [STDERR_REDIRECT] Sep 11, 2025 3:10:32 PM java.util.prefs.FileSystemPreferences syncWorld
2025-09-11 15:10:32,846 [ERROR] LogOutputStream:75 - [STDERR_REDIRECT] WARNING: Couldn't flush system prefs: java.util.prefs.BackingStoreException: Couldn't get file lock.
2025-09-11 15:10:32,846 [ERROR] LogOutputStream:75 - [STDERR_REDIRECT] 
2025-09-11 15:11:02,842 [ERROR] LogOutputStream:75 - [STDERR_REDIRECT] Sep 11, 2025 3:11:02 PM java.util.prefs.FileSystemPreferences checkLockFile0ErrorCode
2025-09-11 15:11:02,842 [ERROR] LogOutputStream:75 - [STDERR_REDIRECT] WARNING: Could not lock System prefs. Unix error code 2.
2025-09-11 15:11:02,842 [ERROR] LogOutputStream:75 - [STDERR_REDIRECT] 
2025-09-11 15:11:02,843 [ERROR] LogOutputStream:75 - [STDERR_REDIRECT] Sep 11, 2025 3:11:02 PM java.util.prefs.FileSystemPreferences syncWorld
2025-09-11 15:11:02,843 [ERROR] LogOutputStream:75 - [STDERR_REDIRECT] WARNING: Couldn't flush system prefs: java.util.prefs.BackingStoreException: Couldn't get file lock.
2025-09-11 15:11:02,843 [ERROR] LogOutputStream:75 - [STDERR_REDIRECT] 
2025-09-11 15:11:32,843 [ERROR] LogOutputStream:75 - [STDERR_REDIRECT] Sep 11, 2025 3:11:32 PM java.util.prefs.FileSystemPreferences checkLockFile0ErrorCode
2025-09-11 15:11:32,844 [ERROR] LogOutputStream:75 - [STDERR_REDIRECT] WARNING: Could not lock System prefs. Unix error code 2.
2025-09-11 15:11:32,844 [ERROR] LogOutputStream:75 - [STDERR_REDIRECT] 
2025-09-11 15:11:32,845 [ERROR] LogOutputStream:75 - [STDERR_REDIRECT] Sep 11, 2025 3:11:32 PM java.util.prefs.FileSystemPreferences syncWorld
2025-09-11 15:11:32,845 [ERROR] LogOutputStream:75 - [STDERR_REDIRECT] WARNING: Couldn't flush system prefs: java.util.prefs.BackingStoreException: Couldn't get file lock.
2025-09-11 15:11:32,845 [ERROR] LogOutputStream:75 - [STDERR_REDIRECT] 
2025-09-11 15:12:02,843 [ERROR] LogOutputStream:75 - [STDERR_REDIRECT] Sep 11, 2025 3:12:02 PM java.util.prefs.FileSystemPreferences checkLockFile0ErrorCode
2025-09-11 15:12:02,843 [ERROR] LogOutputStream:75 - [STDERR_REDIRECT] WARNING: Could not lock System prefs. Unix error code 2.
2025-09-11 15:12:02,844 [ERROR] LogOutputStream:75 - [STDERR_REDIRECT] 
2025-09-11 15:12:02,844 [ERROR] LogOutputStream:75 - [STDERR_REDIRECT] Sep 11, 2025 3:12:02 PM java.util.prefs.FileSystemPreferences syncWorld
2025-09-11 15:12:02,845 [ERROR] LogOutputStream:75 - [STDERR_REDIRECT] WARNING: Couldn't flush system prefs: java.util.prefs.BackingStoreException: Couldn't get file lock.
2025-09-11 15:12:02,845 [ERROR] LogOutputStream:75 - [STDERR_REDIRECT] 
2025-09-11 15:12:32,842 [ERROR] LogOutputStream:75 - [STDERR_REDIRECT] Sep 11, 2025 3:12:32 PM java.util.prefs.FileSystemPreferences checkLockFile0ErrorCode
2025-09-11 15:12:32,843 [ERROR] LogOutputStream:75 - [STDERR_REDIRECT] WARNING: Could not lock System prefs. Unix error code 2.
2025-09-11 15:12:32,843 [ERROR] LogOutputStream:75 - [STDERR_REDIRECT] 
2025-09-11 15:12:32,843 [ERROR] LogOutputStream:75 - [STDERR_REDIRECT] Sep 11, 2025 3:12:32 PM java.util.prefs.FileSystemPreferences syncWorld
2025-09-11 15:12:32,844 [ERROR] LogOutputStream:75 - [STDERR_REDIRECT] WARNING: Couldn't flush system prefs: java.util.prefs.BackingStoreException: Couldn't get file lock.
2025-09-11 15:12:32,844 [ERROR] LogOutputStream:75 - [STDERR_REDIRECT] 
2025-09-11 15:13:02,853 [ERROR] LogOutputStream:75 - [STDERR_REDIRECT] Sep 11, 2025 3:13:02 PM java.util.prefs.FileSystemPreferences checkLockFile0ErrorCode
2025-09-11 15:13:02,853 [ERROR] LogOutputStream:75 - [STDERR_REDIRECT] WARNING: Could not lock System prefs. Unix error code 2.
2025-09-11 15:13:02,853 [ERROR] LogOutputStream:75 - [STDERR_REDIRECT] 
2025-09-11 15:13:02,854 [ERROR] LogOutputStream:75 - [STDERR_REDIRECT] Sep 11, 2025 3:13:02 PM java.util.prefs.FileSystemPreferences syncWorld
2025-09-11 15:13:02,855 [ERROR] LogOutputStream:75 - [STDERR_REDIRECT] WARNING: Couldn't flush system prefs: java.util.prefs.BackingStoreException: Couldn't get file lock.
2025-09-11 15:13:02,855 [ERROR] LogOutputStream:75 - [STDERR_REDIRECT] 
2025-09-11 15:13:32,842 [ERROR] LogOutputStream:75 - [STDERR_REDIRECT] Sep 11, 2025 3:13:32 PM java.util.prefs.FileSystemPreferences checkLockFile0ErrorCode
2025-09-11 15:13:32,843 [ERROR] LogOutputStream:75 - [STDERR_REDIRECT] WARNING: Could not lock System prefs. Unix error code 2.
2025-09-11 15:13:32,843 [ERROR] LogOutputStream:75 - [STDERR_REDIRECT] 
2025-09-11 15:13:32,843 [ERROR] LogOutputStream:75 - [STDERR_REDIRECT] Sep 11, 2025 3:13:32 PM java.util.prefs.FileSystemPreferences syncWorld
2025-09-11 15:13:32,844 [ERROR] LogOutputStream:75 - [STDERR_REDIRECT] WARNING: Couldn't flush system prefs: java.util.prefs.BackingStoreException: Couldn't get file lock.
2025-09-11 15:13:32,844 [ERROR] LogOutputStream:75 - [STDERR_REDIRECT] 
2025-09-11 15:14:02,844 [ERROR] LogOutputStream:75 - [STDERR_REDIRECT] Sep 11, 2025 3:14:02 PM java.util.prefs.FileSystemPreferences checkLockFile0ErrorCode
2025-09-11 15:14:02,845 [ERROR] LogOutputStream:75 - [STDERR_REDIRECT] WARNING: Could not lock System prefs. Unix error code 2.
2025-09-11 15:14:02,845 [ERROR] LogOutputStream:75 - [STDERR_REDIRECT] 
2025-09-11 15:14:02,845 [ERROR] LogOutputStream:75 - [STDERR_REDIRECT] Sep 11, 2025 3:14:02 PM java.util.prefs.FileSystemPreferences syncWorld
2025-09-11 15:14:02,846 [ERROR] LogOutputStream:75 - [STDERR_REDIRECT] WARNING: Couldn't flush system prefs: java.util.prefs.BackingStoreException: Couldn't get file lock.
2025-09-11 15:14:02,846 [ERROR] LogOutputStream:75 - [STDERR_REDIRECT] 
2025-09-11 15:14:32,845 [ERROR] LogOutputStream:75 - [STDERR_REDIRECT] Sep 11, 2025 3:14:32 PM java.util.prefs.FileSystemPreferences checkLockFile0ErrorCode
2025-09-11 15:14:32,845 [ERROR] LogOutputStream:75 - [STDERR_REDIRECT] WARNING: Could not lock System prefs. Unix error code 2.
2025-09-11 15:14:32,845 [ERROR] LogOutputStream:75 - [STDERR_REDIRECT] 
2025-09-11 15:14:32,846 [ERROR] LogOutputStream:75 - [STDERR_REDIRECT] Sep 11, 2025 3:14:32 PM java.util.prefs.FileSystemPreferences syncWorld
2025-09-11 15:14:32,847 [ERROR] LogOutputStream:75 - [STDERR_REDIRECT] WARNING: Couldn't flush system prefs: java.util.prefs.BackingStoreException: Couldn't get file lock.
2025-09-11 15:14:32,847 [ERROR] LogOutputStream:75 - [STDERR_REDIRECT] 
2025-09-11 15:15:02,843 [ERROR] LogOutputStream:75 - [STDERR_REDIRECT] Sep 11, 2025 3:15:02 PM java.util.prefs.FileSystemPreferences checkLockFile0ErrorCode
2025-09-11 15:15:02,843 [ERROR] LogOutputStream:75 - [STDERR_REDIRECT] WARNING: Could not lock System prefs. Unix error code 2.
2025-09-11 15:15:02,843 [ERROR] LogOutputStream:75 - [STDERR_REDIRECT] 
2025-09-11 15:15:02,844 [ERROR] LogOutputStream:75 - [STDERR_REDIRECT] Sep 11, 2025 3:15:02 PM java.util.prefs.FileSystemPreferences syncWorld
2025-09-11 15:15:02,845 [ERROR] LogOutputStream:75 - [STDERR_REDIRECT] WARNING: Couldn't flush system prefs: java.util.prefs.BackingStoreException: Couldn't get file lock.
2025-09-11 15:15:02,845 [ERROR] LogOutputStream:75 - [STDERR_REDIRECT] 
2025-09-11 15:15:32,842 [ERROR] LogOutputStream:75 - [STDERR_REDIRECT] Sep 11, 2025 3:15:32 PM java.util.prefs.FileSystemPreferences checkLockFile0ErrorCode
2025-09-11 15:15:32,843 [ERROR] LogOutputStream:75 - [STDERR_REDIRECT] WARNING: Could not lock System prefs. Unix error code 2.
2025-09-11 15:15:32,843 [ERROR] LogOutputStream:75 - [STDERR_REDIRECT] 
2025-09-11 15:15:32,843 [ERROR] LogOutputStream:75 - [STDERR_REDIRECT] Sep 11, 2025 3:15:32 PM java.util.prefs.FileSystemPreferences syncWorld
2025-09-11 15:15:32,844 [ERROR] LogOutputStream:75 - [STDERR_REDIRECT] WARNING: Couldn't flush system prefs: java.util.prefs.BackingStoreException: Couldn't get file lock.
2025-09-11 15:15:32,844 [ERROR] LogOutputStream:75 - [STDERR_REDIRECT] 
2025-09-11 15:16:02,845 [ERROR] LogOutputStream:75 - [STDERR_REDIRECT] Sep 11, 2025 3:16:02 PM java.util.prefs.FileSystemPreferences checkLockFile0ErrorCode
2025-09-11 15:16:02,846 [ERROR] LogOutputStream:75 - [STDERR_REDIRECT] WARNING: Could not lock System prefs. Unix error code 2.
2025-09-11 15:16:02,846 [ERROR] LogOutputStream:75 - [STDERR_REDIRECT] 
2025-09-11 15:16:02,847 [ERROR] LogOutputStream:75 - [STDERR_REDIRECT] Sep 11, 2025 3:16:02 PM java.util.prefs.FileSystemPreferences syncWorld
2025-09-11 15:16:02,847 [ERROR] LogOutputStream:75 - [STDERR_REDIRECT] WARNING: Couldn't flush system prefs: java.util.prefs.BackingStoreException: Couldn't get file lock.
2025-09-11 15:16:02,847 [ERROR] LogOutputStream:75 - [STDERR_REDIRECT] 
2025-09-11 15:16:32,844 [ERROR] LogOutputStream:75 - [STDERR_REDIRECT] Sep 11, 2025 3:16:32 PM java.util.prefs.FileSystemPreferences checkLockFile0ErrorCode
2025-09-11 15:16:32,844 [ERROR] LogOutputStream:75 - [STDERR_REDIRECT] WARNING: Could not lock System prefs. Unix error code 2.
2025-09-11 15:16:32,844 [ERROR] LogOutputStream:75 - [STDERR_REDIRECT] 
2025-09-11 15:16:32,845 [ERROR] LogOutputStream:75 - [STDERR_REDIRECT] Sep 11, 2025 3:16:32 PM java.util.prefs.FileSystemPreferences syncWorld
2025-09-11 15:16:32,846 [ERROR] LogOutputStream:75 - [STDERR_REDIRECT] WARNING: Couldn't flush system prefs: java.util.prefs.BackingStoreException: Couldn't get file lock.
2025-09-11 15:16:32,846 [ERROR] LogOutputStream:75 - [STDERR_REDIRECT] 
2025-09-11 15:17:02,843 [ERROR] LogOutputStream:75 - [STDERR_REDIRECT] Sep 11, 2025 3:17:02 PM java.util.prefs.FileSystemPreferences checkLockFile0ErrorCode
2025-09-11 15:17:02,843 [ERROR] LogOutputStream:75 - [STDERR_REDIRECT] WARNING: Could not lock System prefs. Unix error code 2.
2025-09-11 15:17:02,843 [ERROR] LogOutputStream:75 - [STDERR_REDIRECT] 
2025-09-11 15:17:02,844 [ERROR] LogOutputStream:75 - [STDERR_REDIRECT] Sep 11, 2025 3:17:02 PM java.util.prefs.FileSystemPreferences syncWorld
2025-09-11 15:17:02,845 [ERROR] LogOutputStream:75 - [STDERR_REDIRECT] WARNING: Couldn't flush system prefs: java.util.prefs.BackingStoreException: Couldn't get file lock.
2025-09-11 15:17:02,845 [ERROR] LogOutputStream:75 - [STDERR_REDIRECT] 
2025-09-11 15:17:32,845 [ERROR] LogOutputStream:75 - [STDERR_REDIRECT] Sep 11, 2025 3:17:32 PM java.util.prefs.FileSystemPreferences checkLockFile0ErrorCode
2025-09-11 15:17:32,845 [ERROR] LogOutputStream:75 - [STDERR_REDIRECT] WARNING: Could not lock System prefs. Unix error code 2.
2025-09-11 15:17:32,845 [ERROR] LogOutputStream:75 - [STDERR_REDIRECT] 
2025-09-11 15:17:32,846 [ERROR] LogOutputStream:75 - [STDERR_REDIRECT] Sep 11, 2025 3:17:32 PM java.util.prefs.FileSystemPreferences syncWorld
2025-09-11 15:17:32,847 [ERROR] LogOutputStream:75 - [STDERR_REDIRECT] WARNING: Couldn't flush system prefs: java.util.prefs.BackingStoreException: Couldn't get file lock.
2025-09-11 15:17:32,847 [ERROR] LogOutputStream:75 - [STDERR_REDIRECT] 
2025-09-11 15:18:02,843 [ERROR] LogOutputStream:75 - [STDERR_REDIRECT] Sep 11, 2025 3:18:02 PM java.util.prefs.FileSystemPreferences checkLockFile0ErrorCode
2025-09-11 15:18:02,843 [ERROR] LogOutputStream:75 - [STDERR_REDIRECT] WARNING: Could not lock System prefs. Unix error code 2.
2025-09-11 15:18:02,843 [ERROR] LogOutputStream:75 - [STDERR_REDIRECT] 
2025-09-11 15:18:02,844 [ERROR] LogOutputStream:75 - [STDERR_REDIRECT] Sep 11, 2025 3:18:02 PM java.util.prefs.FileSystemPreferences syncWorld
2025-09-11 15:18:02,844 [ERROR] LogOutputStream:75 - [STDERR_REDIRECT] WARNING: Couldn't flush system prefs: java.util.prefs.BackingStoreException: Couldn't get file lock.
2025-09-11 15:18:02,844 [ERROR] LogOutputStream:75 - [STDERR_REDIRECT] 
2025-09-11 15:18:32,844 [ERROR] LogOutputStream:75 - [STDERR_REDIRECT] Sep 11, 2025 3:18:32 PM java.util.prefs.FileSystemPreferences checkLockFile0ErrorCode
2025-09-11 15:18:32,845 [ERROR] LogOutputStream:75 - [STDERR_REDIRECT] WARNING: Could not lock System prefs. Unix error code 2.
2025-09-11 15:18:32,845 [ERROR] LogOutputStream:75 - [STDERR_REDIRECT] 
2025-09-11 15:18:32,846 [ERROR] LogOutputStream:75 - [STDERR_REDIRECT] Sep 11, 2025 3:18:32 PM java.util.prefs.FileSystemPreferences syncWorld
2025-09-11 15:18:32,846 [ERROR] LogOutputStream:75 - [STDERR_REDIRECT] WARNING: Couldn't flush system prefs: java.util.prefs.BackingStoreException: Couldn't get file lock.
2025-09-11 15:18:32,846 [ERROR] LogOutputStream:75 - [STDERR_REDIRECT] 
2025-09-11 15:19:02,845 [ERROR] LogOutputStream:75 - [STDERR_REDIRECT] Sep 11, 2025 3:19:02 PM java.util.prefs.FileSystemPreferences checkLockFile0ErrorCode
2025-09-11 15:19:02,845 [ERROR] LogOutputStream:75 - [STDERR_REDIRECT] WARNING: Could not lock System prefs. Unix error code 2.
2025-09-11 15:19:02,845 [ERROR] LogOutputStream:75 - [STDERR_REDIRECT] 
2025-09-11 15:19:02,846 [ERROR] LogOutputStream:75 - [STDERR_REDIRECT] Sep 11, 2025 3:19:02 PM java.util.prefs.FileSystemPreferences syncWorld
2025-09-11 15:19:02,847 [ERROR] LogOutputStream:75 - [STDERR_REDIRECT] WARNING: Couldn't flush system prefs: java.util.prefs.BackingStoreException: Couldn't get file lock.
2025-09-11 15:19:02,847 [ERROR] LogOutputStream:75 - [STDERR_REDIRECT] 
2025-09-11 15:19:32,846 [ERROR] LogOutputStream:75 - [STDERR_REDIRECT] Sep 11, 2025 3:19:32 PM java.util.prefs.FileSystemPreferences checkLockFile0ErrorCode
2025-09-11 15:19:32,847 [ERROR] LogOutputStream:75 - [STDERR_REDIRECT] WARNING: Could not lock System prefs. Unix error code 2.
2025-09-11 15:19:32,847 [ERROR] LogOutputStream:75 - [STDERR_REDIRECT] 
2025-09-11 15:19:32,847 [ERROR] LogOutputStream:75 - [STDERR_REDIRECT] Sep 11, 2025 3:19:32 PM java.util.prefs.FileSystemPreferences syncWorld
2025-09-11 15:19:32,847 [ERROR] LogOutputStream:75 - [STDERR_REDIRECT] WARNING: Couldn't flush system prefs: java.util.prefs.BackingStoreException: Couldn't get file lock.
2025-09-11 15:19:32,847 [ERROR] LogOutputStream:75 - [STDERR_REDIRECT] 
2025-09-11 15:20:02,847 [ERROR] LogOutputStream:75 - [STDERR_REDIRECT] Sep 11, 2025 3:20:02 PM java.util.prefs.FileSystemPreferences checkLockFile0ErrorCode
2025-09-11 15:20:02,848 [ERROR] LogOutputStream:75 - [STDERR_REDIRECT] WARNING: Could not lock System prefs. Unix error code 2.
2025-09-11 15:20:02,848 [ERROR] LogOutputStream:75 - [STDERR_REDIRECT] 
2025-09-11 15:20:02,849 [ERROR] LogOutputStream:75 - [STDERR_REDIRECT] Sep 11, 2025 3:20:02 PM java.util.prefs.FileSystemPreferences syncWorld
2025-09-11 15:20:02,849 [ERROR] LogOutputStream:75 - [STDERR_REDIRECT] WARNING: Couldn't flush system prefs: java.util.prefs.BackingStoreException: Couldn't get file lock.
2025-09-11 15:20:02,849 [ERROR] LogOutputStream:75 - [STDERR_REDIRECT] 
2025-09-11 15:20:32,846 [ERROR] LogOutputStream:75 - [STDERR_REDIRECT] Sep 11, 2025 3:20:32 PM java.util.prefs.FileSystemPreferences checkLockFile0ErrorCode
2025-09-11 15:20:32,846 [ERROR] LogOutputStream:75 - [STDERR_REDIRECT] WARNING: Could not lock System prefs. Unix error code 2.
2025-09-11 15:20:32,846 [ERROR] LogOutputStream:75 - [STDERR_REDIRECT] 
2025-09-11 15:20:32,847 [ERROR] LogOutputStream:75 - [STDERR_REDIRECT] Sep 11, 2025 3:20:32 PM java.util.prefs.FileSystemPreferences syncWorld
2025-09-11 15:20:32,847 [ERROR] LogOutputStream:75 - [STDERR_REDIRECT] WARNING: Couldn't flush system prefs: java.util.prefs.BackingStoreException: Couldn't get file lock.
2025-09-11 15:20:32,847 [ERROR] LogOutputStream:75 - [STDERR_REDIRECT] 
2025-09-11 15:21:02,846 [ERROR] LogOutputStream:75 - [STDERR_REDIRECT] Sep 11, 2025 3:21:02 PM java.util.prefs.FileSystemPreferences checkLockFile0ErrorCode
2025-09-11 15:21:02,847 [ERROR] LogOutputStream:75 - [STDERR_REDIRECT] WARNING: Could not lock System prefs. Unix error code 2.
2025-09-11 15:21:02,847 [ERROR] LogOutputStream:75 - [STDERR_REDIRECT] 
2025-09-11 15:21:02,847 [ERROR] LogOutputStream:75 - [STDERR_REDIRECT] Sep 11, 2025 3:21:02 PM java.util.prefs.FileSystemPreferences syncWorld
2025-09-11 15:21:02,848 [ERROR] LogOutputStream:75 - [STDERR_REDIRECT] WARNING: Couldn't flush system prefs: java.util.prefs.BackingStoreException: Couldn't get file lock.
2025-09-11 15:21:02,848 [ERROR] LogOutputStream:75 - [STDERR_REDIRECT] 
2025-09-11 15:21:32,849 [ERROR] LogOutputStream:75 - [STDERR_REDIRECT] Sep 11, 2025 3:21:32 PM java.util.prefs.FileSystemPreferences checkLockFile0ErrorCode
2025-09-11 15:21:32,850 [ERROR] LogOutputStream:75 - [STDERR_REDIRECT] WARNING: Could not lock System prefs. Unix error code 2.
2025-09-11 15:21:32,850 [ERROR] LogOutputStream:75 - [STDERR_REDIRECT] 
2025-09-11 15:21:32,851 [ERROR] LogOutputStream:75 - [STDERR_REDIRECT] Sep 11, 2025 3:21:32 PM java.util.prefs.FileSystemPreferences syncWorld
2025-09-11 15:21:32,852 [ERROR] LogOutputStream:75 - [STDERR_REDIRECT] WARNING: Couldn't flush system prefs: java.util.prefs.BackingStoreException: Couldn't get file lock.
2025-09-11 15:21:32,852 [ERROR] LogOutputStream:75 - [STDERR_REDIRECT] 
2025-09-11 15:22:02,846 [ERROR] LogOutputStream:75 - [STDERR_REDIRECT] Sep 11, 2025 3:22:02 PM java.util.prefs.FileSystemPreferences checkLockFile0ErrorCode
2025-09-11 15:22:02,847 [ERROR] LogOutputStream:75 - [STDERR_REDIRECT] WARNING: Could not lock System prefs. Unix error code 2.
2025-09-11 15:22:02,847 [ERROR] LogOutputStream:75 - [STDERR_REDIRECT] 
2025-09-11 15:22:02,847 [ERROR] LogOutputStream:75 - [STDERR_REDIRECT] Sep 11, 2025 3:22:02 PM java.util.prefs.FileSystemPreferences syncWorld
2025-09-11 15:22:02,848 [ERROR] LogOutputStream:75 - [STDERR_REDIRECT] WARNING: Couldn't flush system prefs: java.util.prefs.BackingStoreException: Couldn't get file lock.
2025-09-11 15:22:02,848 [ERROR] LogOutputStream:75 - [STDERR_REDIRECT] 
2025-09-11 15:22:32,849 [ERROR] LogOutputStream:75 - [STDERR_REDIRECT] Sep 11, 2025 3:22:32 PM java.util.prefs.FileSystemPreferences checkLockFile0ErrorCode
2025-09-11 15:22:32,850 [ERROR] LogOutputStream:75 - [STDERR_REDIRECT] WARNING: Could not lock System prefs. Unix error code 2.
2025-09-11 15:22:32,850 [ERROR] LogOutputStream:75 - [STDERR_REDIRECT] 
2025-09-11 15:22:32,851 [ERROR] LogOutputStream:75 - [STDERR_REDIRECT] Sep 11, 2025 3:22:32 PM java.util.prefs.FileSystemPreferences syncWorld
2025-09-11 15:22:32,851 [ERROR] LogOutputStream:75 - [STDERR_REDIRECT] WARNING: Couldn't flush system prefs: java.util.prefs.BackingStoreException: Couldn't get file lock.
2025-09-11 15:22:32,851 [ERROR] LogOutputStream:75 - [STDERR_REDIRECT] 
2025-09-11 15:23:02,848 [ERROR] LogOutputStream:75 - [STDERR_REDIRECT] Sep 11, 2025 3:23:02 PM java.util.prefs.FileSystemPreferences checkLockFile0ErrorCode
2025-09-11 15:23:02,848 [ERROR] LogOutputStream:75 - [STDERR_REDIRECT] WARNING: Could not lock System prefs. Unix error code 2.
2025-09-11 15:23:02,848 [ERROR] LogOutputStream:75 - [STDERR_REDIRECT] 
2025-09-11 15:23:02,849 [ERROR] LogOutputStream:75 - [STDERR_REDIRECT] Sep 11, 2025 3:23:02 PM java.util.prefs.FileSystemPreferences syncWorld
2025-09-11 15:23:02,849 [ERROR] LogOutputStream:75 - [STDERR_REDIRECT] WARNING: Couldn't flush system prefs: java.util.prefs.BackingStoreException: Couldn't get file lock.
2025-09-11 15:23:02,849 [ERROR] LogOutputStream:75 - [STDERR_REDIRECT] 
2025-09-11 15:23:32,846 [ERROR] LogOutputStream:75 - [STDERR_REDIRECT] Sep 11, 2025 3:23:32 PM java.util.prefs.FileSystemPreferences checkLockFile0ErrorCode
2025-09-11 15:23:32,846 [ERROR] LogOutputStream:75 - [STDERR_REDIRECT] WARNING: Could not lock System prefs. Unix error code 2.
2025-09-11 15:23:32,847 [ERROR] LogOutputStream:75 - [STDERR_REDIRECT] 
2025-09-11 15:23:32,847 [ERROR] LogOutputStream:75 - [STDERR_REDIRECT] Sep 11, 2025 3:23:32 PM java.util.prefs.FileSystemPreferences syncWorld
2025-09-11 15:23:32,847 [ERROR] LogOutputStream:75 - [STDERR_REDIRECT] WARNING: Couldn't flush system prefs: java.util.prefs.BackingStoreException: Couldn't get file lock.
2025-09-11 15:23:32,847 [ERROR] LogOutputStream:75 - [STDERR_REDIRECT] 
2025-09-11 15:24:02,848 [ERROR] LogOutputStream:75 - [STDERR_REDIRECT] Sep 11, 2025 3:24:02 PM java.util.prefs.FileSystemPreferences checkLockFile0ErrorCode
2025-09-11 15:24:02,848 [ERROR] LogOutputStream:75 - [STDERR_REDIRECT] WARNING: Could not lock System prefs. Unix error code 2.
2025-09-11 15:24:02,849 [ERROR] LogOutputStream:75 - [STDERR_REDIRECT] 
2025-09-11 15:24:02,849 [ERROR] LogOutputStream:75 - [STDERR_REDIRECT] Sep 11, 2025 3:24:02 PM java.util.prefs.FileSystemPreferences syncWorld
2025-09-11 15:24:02,849 [ERROR] LogOutputStream:75 - [STDERR_REDIRECT] WARNING: Couldn't flush system prefs: java.util.prefs.BackingStoreException: Couldn't get file lock.
2025-09-11 15:24:02,849 [ERROR] LogOutputStream:75 - [STDERR_REDIRECT] 
2025-09-11 15:24:32,850 [ERROR] LogOutputStream:75 - [STDERR_REDIRECT] Sep 11, 2025 3:24:32 PM java.util.prefs.FileSystemPreferences checkLockFile0ErrorCode
2025-09-11 15:24:32,851 [ERROR] LogOutputStream:75 - [STDERR_REDIRECT] WARNING: Could not lock System prefs. Unix error code 2.
2025-09-11 15:24:32,851 [ERROR] LogOutputStream:75 - [STDERR_REDIRECT] 
2025-09-11 15:24:32,851 [ERROR] LogOutputStream:75 - [STDERR_REDIRECT] Sep 11, 2025 3:24:32 PM java.util.prefs.FileSystemPreferences syncWorld
2025-09-11 15:24:32,852 [ERROR] LogOutputStream:75 - [STDERR_REDIRECT] WARNING: Couldn't flush system prefs: java.util.prefs.BackingStoreException: Couldn't get file lock.
2025-09-11 15:24:32,852 [ERROR] LogOutputStream:75 - [STDERR_REDIRECT] 
2025-09-11 15:25:02,849 [ERROR] LogOutputStream:75 - [STDERR_REDIRECT] Sep 11, 2025 3:25:02 PM java.util.prefs.FileSystemPreferences checkLockFile0ErrorCode
2025-09-11 15:25:02,849 [ERROR] LogOutputStream:75 - [STDERR_REDIRECT] WARNING: Could not lock System prefs. Unix error code 2.
2025-09-11 15:25:02,850 [ERROR] LogOutputStream:75 - [STDERR_REDIRECT] 
2025-09-11 15:25:02,850 [ERROR] LogOutputStream:75 - [STDERR_REDIRECT] Sep 11, 2025 3:25:02 PM java.util.prefs.FileSystemPreferences syncWorld
2025-09-11 15:25:02,850 [ERROR] LogOutputStream:75 - [STDERR_REDIRECT] WARNING: Couldn't flush system prefs: java.util.prefs.BackingStoreException: Couldn't get file lock.
2025-09-11 15:25:02,850 [ERROR] LogOutputStream:75 - [STDERR_REDIRECT] 
2025-09-11 15:25:32,850 [ERROR] LogOutputStream:75 - [STDERR_REDIRECT] Sep 11, 2025 3:25:32 PM java.util.prefs.FileSystemPreferences checkLockFile0ErrorCode
2025-09-11 15:25:32,850 [ERROR] LogOutputStream:75 - [STDERR_REDIRECT] WARNING: Could not lock System prefs. Unix error code 2.
2025-09-11 15:25:32,850 [ERROR] LogOutputStream:75 - [STDERR_REDIRECT] 
2025-09-11 15:25:32,851 [ERROR] LogOutputStream:75 - [STDERR_REDIRECT] Sep 11, 2025 3:25:32 PM java.util.prefs.FileSystemPreferences syncWorld
2025-09-11 15:25:32,851 [ERROR] LogOutputStream:75 - [STDERR_REDIRECT] WARNING: Couldn't flush system prefs: java.util.prefs.BackingStoreException: Couldn't get file lock.
2025-09-11 15:25:32,851 [ERROR] LogOutputStream:75 - [STDERR_REDIRECT] 
2025-09-11 15:26:02,848 [ERROR] LogOutputStream:75 - [STDERR_REDIRECT] Sep 11, 2025 3:26:02 PM java.util.prefs.FileSystemPreferences checkLockFile0ErrorCode
2025-09-11 15:26:02,848 [ERROR] LogOutputStream:75 - [STDERR_REDIRECT] WARNING: Could not lock System prefs. Unix error code 2.
2025-09-11 15:26:02,848 [ERROR] LogOutputStream:75 - [STDERR_REDIRECT] 
2025-09-11 15:26:02,849 [ERROR] LogOutputStream:75 - [STDERR_REDIRECT] Sep 11, 2025 3:26:02 PM java.util.prefs.FileSystemPreferences syncWorld
2025-09-11 15:26:02,849 [ERROR] LogOutputStream:75 - [STDERR_REDIRECT] WARNING: Couldn't flush system prefs: java.util.prefs.BackingStoreException: Couldn't get file lock.
2025-09-11 15:26:02,849 [ERROR] LogOutputStream:75 - [STDERR_REDIRECT] 
2025-09-11 15:26:32,848 [ERROR] LogOutputStream:75 - [STDERR_REDIRECT] Sep 11, 2025 3:26:32 PM java.util.prefs.FileSystemPreferences checkLockFile0ErrorCode
2025-09-11 15:26:32,848 [ERROR] LogOutputStream:75 - [STDERR_REDIRECT] WARNING: Could not lock System prefs. Unix error code 2.
2025-09-11 15:26:32,848 [ERROR] LogOutputStream:75 - [STDERR_REDIRECT] 
2025-09-11 15:26:32,849 [ERROR] LogOutputStream:75 - [STDERR_REDIRECT] Sep 11, 2025 3:26:32 PM java.util.prefs.FileSystemPreferences syncWorld
2025-09-11 15:26:32,849 [ERROR] LogOutputStream:75 - [STDERR_REDIRECT] WARNING: Couldn't flush system prefs: java.util.prefs.BackingStoreException: Couldn't get file lock.
2025-09-11 15:26:32,849 [ERROR] LogOutputStream:75 - [STDERR_REDIRECT] 
2025-09-11 15:27:02,849 [ERROR] LogOutputStream:75 - [STDERR_REDIRECT] Sep 11, 2025 3:27:02 PM java.util.prefs.FileSystemPreferences checkLockFile0ErrorCode
2025-09-11 15:27:02,850 [ERROR] LogOutputStream:75 - [STDERR_REDIRECT] WARNING: Could not lock System prefs. Unix error code 2.
2025-09-11 15:27:02,850 [ERROR] LogOutputStream:75 - [STDERR_REDIRECT] 
2025-09-11 15:27:02,850 [ERROR] LogOutputStream:75 - [STDERR_REDIRECT] Sep 11, 2025 3:27:02 PM java.util.prefs.FileSystemPreferences syncWorld
2025-09-11 15:27:02,851 [ERROR] LogOutputStream:75 - [STDERR_REDIRECT] WARNING: Couldn't flush system prefs: java.util.prefs.BackingStoreException: Couldn't get file lock.
2025-09-11 15:27:02,851 [ERROR] LogOutputStream:75 - [STDERR_REDIRECT] 
2025-09-11 15:27:32,848 [ERROR] LogOutputStream:75 - [STDERR_REDIRECT] Sep 11, 2025 3:27:32 PM java.util.prefs.FileSystemPreferences checkLockFile0ErrorCode
2025-09-11 15:27:32,848 [ERROR] LogOutputStream:75 - [STDERR_REDIRECT] WARNING: Could not lock System prefs. Unix error code 2.
2025-09-11 15:27:32,848 [ERROR] LogOutputStream:75 - [STDERR_REDIRECT] 
2025-09-11 15:27:32,849 [ERROR] LogOutputStream:75 - [STDERR_REDIRECT] Sep 11, 2025 3:27:32 PM java.util.prefs.FileSystemPreferences syncWorld
2025-09-11 15:27:32,850 [ERROR] LogOutputStream:75 - [STDERR_REDIRECT] WARNING: Couldn't flush system prefs: java.util.prefs.BackingStoreException: Couldn't get file lock.
2025-09-11 15:27:32,850 [ERROR] LogOutputStream:75 - [STDERR_REDIRECT] 
2025-09-11 15:28:02,848 [ERROR] LogOutputStream:75 - [STDERR_REDIRECT] Sep 11, 2025 3:28:02 PM java.util.prefs.FileSystemPreferences checkLockFile0ErrorCode
2025-09-11 15:28:02,848 [ERROR] LogOutputStream:75 - [STDERR_REDIRECT] WARNING: Could not lock System prefs. Unix error code 2.
2025-09-11 15:28:02,848 [ERROR] LogOutputStream:75 - [STDERR_REDIRECT] 
2025-09-11 15:28:02,849 [ERROR] LogOutputStream:75 - [STDERR_REDIRECT] Sep 11, 2025 3:28:02 PM java.util.prefs.FileSystemPreferences syncWorld
2025-09-11 15:28:02,849 [ERROR] LogOutputStream:75 - [STDERR_REDIRECT] WARNING: Couldn't flush system prefs: java.util.prefs.BackingStoreException: Couldn't get file lock.
2025-09-11 15:28:02,849 [ERROR] LogOutputStream:75 - [STDERR_REDIRECT] 
2025-09-11 15:28:32,847 [ERROR] LogOutputStream:75 - [STDERR_REDIRECT] Sep 11, 2025 3:28:32 PM java.util.prefs.FileSystemPreferences checkLockFile0ErrorCode
2025-09-11 15:28:32,848 [ERROR] LogOutputStream:75 - [STDERR_REDIRECT] WARNING: Could not lock System prefs. Unix error code 2.
2025-09-11 15:28:32,848 [ERROR] LogOutputStream:75 - [STDERR_REDIRECT] 
2025-09-11 15:28:32,848 [ERROR] LogOutputStream:75 - [STDERR_REDIRECT] Sep 11, 2025 3:28:32 PM java.util.prefs.FileSystemPreferences syncWorld
2025-09-11 15:28:32,849 [ERROR] LogOutputStream:75 - [STDERR_REDIRECT] WARNING: Couldn't flush system prefs: java.util.prefs.BackingStoreException: Couldn't get file lock.
2025-09-11 15:28:32,849 [ERROR] LogOutputStream:75 - [STDERR_REDIRECT] 
2025-09-11 16:06:51,853 [ERROR] LogOutputStream:75 - [STDERR_REDIRECT] Sep 11, 2025 4:06:51 PM java.util.prefs.FileSystemPreferences checkLockFile0ErrorCode
2025-09-11 16:06:51,853 [ERROR] LogOutputStream:75 - [STDERR_REDIRECT] WARNING: Could not lock System prefs. Unix error code 2.
2025-09-11 16:06:51,853 [ERROR] LogOutputStream:75 - [STDERR_REDIRECT] 
2025-09-11 16:06:51,854 [ERROR] LogOutputStream:75 - [STDERR_REDIRECT] Sep 11, 2025 4:06:51 PM java.util.prefs.FileSystemPreferences syncWorld
2025-09-11 16:06:51,854 [ERROR] LogOutputStream:75 - [STDERR_REDIRECT] WARNING: Couldn't flush system prefs: java.util.prefs.BackingStoreException: Couldn't get file lock.
2025-09-11 16:06:51,854 [ERROR] LogOutputStream:75 - [STDERR_REDIRECT] 
2025-09-11 16:07:21,852 [ERROR] LogOutputStream:75 - [STDERR_REDIRECT] Sep 11, 2025 4:07:21 PM java.util.prefs.FileSystemPreferences checkLockFile0ErrorCode
2025-09-11 16:07:21,852 [ERROR] LogOutputStream:75 - [STDERR_REDIRECT] WARNING: Could not lock System prefs. Unix error code 2.
2025-09-11 16:07:21,853 [ERROR] LogOutputStream:75 - [STDERR_REDIRECT] 
2025-09-11 16:07:21,853 [ERROR] LogOutputStream:75 - [STDERR_REDIRECT] Sep 11, 2025 4:07:21 PM java.util.prefs.FileSystemPreferences syncWorld
2025-09-11 16:07:21,853 [ERROR] LogOutputStream:75 - [STDERR_REDIRECT] WARNING: Couldn't flush system prefs: java.util.prefs.BackingStoreException: Couldn't get file lock.
2025-09-11 16:07:21,853 [ERROR] LogOutputStream:75 - [STDERR_REDIRECT] 
2025-09-11 16:07:51,853 [ERROR] LogOutputStream:75 - [STDERR_REDIRECT] Sep 11, 2025 4:07:51 PM java.util.prefs.FileSystemPreferences checkLockFile0ErrorCode
2025-09-11 16:07:51,853 [ERROR] LogOutputStream:75 - [STDERR_REDIRECT] WARNING: Could not lock System prefs. Unix error code 2.
2025-09-11 16:07:51,853 [ERROR] LogOutputStream:75 - [STDERR_REDIRECT] 
2025-09-11 16:07:51,853 [ERROR] LogOutputStream:75 - [STDERR_REDIRECT] Sep 11, 2025 4:07:51 PM java.util.prefs.FileSystemPreferences syncWorld
2025-09-11 16:07:51,854 [ERROR] LogOutputStream:75 - [STDERR_REDIRECT] WARNING: Couldn't flush system prefs: java.util.prefs.BackingStoreException: Couldn't get file lock.
2025-09-11 16:07:51,854 [ERROR] LogOutputStream:75 - [STDERR_REDIRECT] 
2025-09-11 16:08:21,852 [ERROR] LogOutputStream:75 - [STDERR_REDIRECT] Sep 11, 2025 4:08:21 PM java.util.prefs.FileSystemPreferences checkLockFile0ErrorCode
2025-09-11 16:08:21,852 [ERROR] LogOutputStream:75 - [STDERR_REDIRECT] WARNING: Could not lock System prefs. Unix error code 2.
2025-09-11 16:08:21,852 [ERROR] LogOutputStream:75 - [STDERR_REDIRECT] 
2025-09-11 16:08:21,853 [ERROR] LogOutputStream:75 - [STDERR_REDIRECT] Sep 11, 2025 4:08:21 PM java.util.prefs.FileSystemPreferences syncWorld
2025-09-11 16:08:21,854 [ERROR] LogOutputStream:75 - [STDERR_REDIRECT] WARNING: Couldn't flush system prefs: java.util.prefs.BackingStoreException: Couldn't get file lock.
2025-09-11 16:08:21,854 [ERROR] LogOutputStream:75 - [STDERR_REDIRECT] 
2025-09-11 16:08:51,852 [ERROR] LogOutputStream:75 - [STDERR_REDIRECT] Sep 11, 2025 4:08:51 PM java.util.prefs.FileSystemPreferences checkLockFile0ErrorCode
2025-09-11 16:08:51,853 [ERROR] LogOutputStream:75 - [STDERR_REDIRECT] WARNING: Could not lock System prefs. Unix error code 2.
2025-09-11 16:08:51,853 [ERROR] LogOutputStream:75 - [STDERR_REDIRECT] 
2025-09-11 16:08:51,854 [ERROR] LogOutputStream:75 - [STDERR_REDIRECT] Sep 11, 2025 4:08:51 PM java.util.prefs.FileSystemPreferences syncWorld
2025-09-11 16:08:51,854 [ERROR] LogOutputStream:75 - [STDERR_REDIRECT] WARNING: Couldn't flush system prefs: java.util.prefs.BackingStoreException: Couldn't get file lock.
2025-09-11 16:08:51,854 [ERROR] LogOutputStream:75 - [STDERR_REDIRECT] 
2025-09-11 16:09:21,853 [ERROR] LogOutputStream:75 - [STDERR_REDIRECT] Sep 11, 2025 4:09:21 PM java.util.prefs.FileSystemPreferences checkLockFile0ErrorCode
2025-09-11 16:09:21,853 [ERROR] LogOutputStream:75 - [STDERR_REDIRECT] WARNING: Could not lock System prefs. Unix error code 2.
2025-09-11 16:09:21,853 [ERROR] LogOutputStream:75 - [STDERR_REDIRECT] 
2025-09-11 16:09:21,854 [ERROR] LogOutputStream:75 - [STDERR_REDIRECT] Sep 11, 2025 4:09:21 PM java.util.prefs.FileSystemPreferences syncWorld
2025-09-11 16:09:21,854 [ERROR] LogOutputStream:75 - [STDERR_REDIRECT] WARNING: Couldn't flush system prefs: java.util.prefs.BackingStoreException: Couldn't get file lock.
2025-09-11 16:09:21,854 [ERROR] LogOutputStream:75 - [STDERR_REDIRECT] 
2025-09-11 16:09:51,853 [ERROR] LogOutputStream:75 - [STDERR_REDIRECT] Sep 11, 2025 4:09:51 PM java.util.prefs.FileSystemPreferences checkLockFile0ErrorCode
2025-09-11 16:09:51,853 [ERROR] LogOutputStream:75 - [STDERR_REDIRECT] WARNING: Could not lock System prefs. Unix error code 2.
2025-09-11 16:09:51,853 [ERROR] LogOutputStream:75 - [STDERR_REDIRECT] 
2025-09-11 16:09:51,854 [ERROR] LogOutputStream:75 - [STDERR_REDIRECT] Sep 11, 2025 4:09:51 PM java.util.prefs.FileSystemPreferences syncWorld
2025-09-11 16:09:51,854 [ERROR] LogOutputStream:75 - [STDERR_REDIRECT] WARNING: Couldn't flush system prefs: java.util.prefs.BackingStoreException: Couldn't get file lock.
2025-09-11 16:09:51,855 [ERROR] LogOutputStream:75 - [STDERR_REDIRECT] 
2025-09-11 16:10:21,853 [ERROR] LogOutputStream:75 - [STDERR_REDIRECT] Sep 11, 2025 4:10:21 PM java.util.prefs.FileSystemPreferences checkLockFile0ErrorCode
2025-09-11 16:10:21,853 [ERROR] LogOutputStream:75 - [STDERR_REDIRECT] WARNING: Could not lock System prefs. Unix error code 2.
2025-09-11 16:10:21,853 [ERROR] LogOutputStream:75 - [STDERR_REDIRECT] 
2025-09-11 16:10:21,854 [ERROR] LogOutputStream:75 - [STDERR_REDIRECT] Sep 11, 2025 4:10:21 PM java.util.prefs.FileSystemPreferences syncWorld
2025-09-11 16:10:21,854 [ERROR] LogOutputStream:75 - [STDERR_REDIRECT] WARNING: Couldn't flush system prefs: java.util.prefs.BackingStoreException: Couldn't get file lock.
2025-09-11 16:10:21,854 [ERROR] LogOutputStream:75 - [STDERR_REDIRECT] 
2025-09-11 16:10:51,853 [ERROR] LogOutputStream:75 - [STDERR_REDIRECT] Sep 11, 2025 4:10:51 PM java.util.prefs.FileSystemPreferences checkLockFile0ErrorCode
2025-09-11 16:10:51,854 [ERROR] LogOutputStream:75 - [STDERR_REDIRECT] WARNING: Could not lock System prefs. Unix error code 2.
2025-09-11 16:10:51,854 [ERROR] LogOutputStream:75 - [STDERR_REDIRECT] 
2025-09-11 16:10:51,854 [ERROR] LogOutputStream:75 - [STDERR_REDIRECT] Sep 11, 2025 4:10:51 PM java.util.prefs.FileSystemPreferences syncWorld
2025-09-11 16:10:51,855 [ERROR] LogOutputStream:75 - [STDERR_REDIRECT] WARNING: Couldn't flush system prefs: java.util.prefs.BackingStoreException: Couldn't get file lock.
2025-09-11 16:10:51,855 [ERROR] LogOutputStream:75 - [STDERR_REDIRECT] 
2025-09-11 16:11:21,853 [ERROR] LogOutputStream:75 - [STDERR_REDIRECT] Sep 11, 2025 4:11:21 PM java.util.prefs.FileSystemPreferences checkLockFile0ErrorCode
2025-09-11 16:11:21,854 [ERROR] LogOutputStream:75 - [STDERR_REDIRECT] WARNING: Could not lock System prefs. Unix error code 2.
2025-09-11 16:11:21,854 [ERROR] LogOutputStream:75 - [STDERR_REDIRECT] 
2025-09-11 16:11:21,854 [ERROR] LogOutputStream:75 - [STDERR_REDIRECT] Sep 11, 2025 4:11:21 PM java.util.prefs.FileSystemPreferences syncWorld
2025-09-11 16:11:21,854 [ERROR] LogOutputStream:75 - [STDERR_REDIRECT] WARNING: Couldn't flush system prefs: java.util.prefs.BackingStoreException: Couldn't get file lock.
2025-09-11 16:11:21,854 [ERROR] LogOutputStream:75 - [STDERR_REDIRECT] 
2025-09-11 16:11:51,854 [ERROR] LogOutputStream:75 - [STDERR_REDIRECT] Sep 11, 2025 4:11:51 PM java.util.prefs.FileSystemPreferences checkLockFile0ErrorCode
2025-09-11 16:11:51,854 [ERROR] LogOutputStream:75 - [STDERR_REDIRECT] WARNING: Could not lock System prefs. Unix error code 2.
2025-09-11 16:11:51,854 [ERROR] LogOutputStream:75 - [STDERR_REDIRECT] 
2025-09-11 16:11:51,854 [ERROR] LogOutputStream:75 - [STDERR_REDIRECT] Sep 11, 2025 4:11:51 PM java.util.prefs.FileSystemPreferences syncWorld
2025-09-11 16:11:51,855 [ERROR] LogOutputStream:75 - [STDERR_REDIRECT] WARNING: Couldn't flush system prefs: java.util.prefs.BackingStoreException: Couldn't get file lock.
2025-09-11 16:11:51,855 [ERROR] LogOutputStream:75 - [STDERR_REDIRECT] 
2025-09-11 16:12:21,854 [ERROR] LogOutputStream:75 - [STDERR_REDIRECT] Sep 11, 2025 4:12:21 PM java.util.prefs.FileSystemPreferences checkLockFile0ErrorCode
2025-09-11 16:12:21,855 [ERROR] LogOutputStream:75 - [STDERR_REDIRECT] WARNING: Could not lock System prefs. Unix error code 2.
2025-09-11 16:12:21,855 [ERROR] LogOutputStream:75 - [STDERR_REDIRECT] 
2025-09-11 16:12:21,855 [ERROR] LogOutputStream:75 - [STDERR_REDIRECT] Sep 11, 2025 4:12:21 PM java.util.prefs.FileSystemPreferences syncWorld
2025-09-11 16:12:21,856 [ERROR] LogOutputStream:75 - [STDERR_REDIRECT] WARNING: Couldn't flush system prefs: java.util.prefs.BackingStoreException: Couldn't get file lock.
2025-09-11 16:12:21,856 [ERROR] LogOutputStream:75 - [STDERR_REDIRECT] 
2025-09-11 16:12:51,854 [ERROR] LogOutputStream:75 - [STDERR_REDIRECT] Sep 11, 2025 4:12:51 PM java.util.prefs.FileSystemPreferences checkLockFile0ErrorCode
2025-09-11 16:12:51,855 [ERROR] LogOutputStream:75 - [STDERR_REDIRECT] WARNING: Could not lock System prefs. Unix error code 2.
2025-09-11 16:12:51,855 [ERROR] LogOutputStream:75 - [STDERR_REDIRECT] 
2025-09-11 16:12:51,855 [ERROR] LogOutputStream:75 - [STDERR_REDIRECT] Sep 11, 2025 4:12:51 PM java.util.prefs.FileSystemPreferences syncWorld
2025-09-11 16:12:51,856 [ERROR] LogOutputStream:75 - [STDERR_REDIRECT] WARNING: Couldn't flush system prefs: java.util.prefs.BackingStoreException: Couldn't get file lock.
2025-09-11 16:12:51,856 [ERROR] LogOutputStream:75 - [STDERR_REDIRECT] 
2025-09-11 16:13:21,854 [ERROR] LogOutputStream:75 - [STDERR_REDIRECT] Sep 11, 2025 4:13:21 PM java.util.prefs.FileSystemPreferences checkLockFile0ErrorCode
2025-09-11 16:13:21,855 [ERROR] LogOutputStream:75 - [STDERR_REDIRECT] WARNING: Could not lock System prefs. Unix error code 2.
2025-09-11 16:13:21,855 [ERROR] LogOutputStream:75 - [STDERR_REDIRECT] 
2025-09-11 16:13:21,855 [ERROR] LogOutputStream:75 - [STDERR_REDIRECT] Sep 11, 2025 4:13:21 PM java.util.prefs.FileSystemPreferences syncWorld
2025-09-11 16:13:21,856 [ERROR] LogOutputStream:75 - [STDERR_REDIRECT] WARNING: Couldn't flush system prefs: java.util.prefs.BackingStoreException: Couldn't get file lock.
2025-09-11 16:13:21,856 [ERROR] LogOutputStream:75 - [STDERR_REDIRECT] 
2025-09-11 16:13:51,855 [ERROR] LogOutputStream:75 - [STDERR_REDIRECT] Sep 11, 2025 4:13:51 PM java.util.prefs.FileSystemPreferences checkLockFile0ErrorCode
2025-09-11 16:13:51,855 [ERROR] LogOutputStream:75 - [STDERR_REDIRECT] WARNING: Could not lock System prefs. Unix error code 2.
2025-09-11 16:13:51,855 [ERROR] LogOutputStream:75 - [STDERR_REDIRECT] 
2025-09-11 16:13:51,855 [ERROR] LogOutputStream:75 - [STDERR_REDIRECT] Sep 11, 2025 4:13:51 PM java.util.prefs.FileSystemPreferences syncWorld
2025-09-11 16:13:51,856 [ERROR] LogOutputStream:75 - [STDERR_REDIRECT] WARNING: Couldn't flush system prefs: java.util.prefs.BackingStoreException: Couldn't get file lock.
2025-09-11 16:13:51,856 [ERROR] LogOutputStream:75 - [STDERR_REDIRECT] 
2025-09-11 16:14:21,854 [ERROR] LogOutputStream:75 - [STDERR_REDIRECT] Sep 11, 2025 4:14:21 PM java.util.prefs.FileSystemPreferences checkLockFile0ErrorCode
2025-09-11 16:14:21,854 [ERROR] LogOutputStream:75 - [STDERR_REDIRECT] WARNING: Could not lock System prefs. Unix error code 2.
2025-09-11 16:14:21,855 [ERROR] LogOutputStream:75 - [STDERR_REDIRECT] 
2025-09-11 16:14:21,855 [ERROR] LogOutputStream:75 - [STDERR_REDIRECT] Sep 11, 2025 4:14:21 PM java.util.prefs.FileSystemPreferences syncWorld
2025-09-11 16:14:21,856 [ERROR] LogOutputStream:75 - [STDERR_REDIRECT] WARNING: Couldn't flush system prefs: java.util.prefs.BackingStoreException: Couldn't get file lock.
2025-09-11 16:14:21,856 [ERROR] LogOutputStream:75 - [STDERR_REDIRECT] 
2025-09-11 16:14:51,854 [ERROR] LogOutputStream:75 - [STDERR_REDIRECT] Sep 11, 2025 4:14:51 PM java.util.prefs.FileSystemPreferences checkLockFile0ErrorCode
2025-09-11 16:14:51,855 [ERROR] LogOutputStream:75 - [STDERR_REDIRECT] WARNING: Could not lock System prefs. Unix error code 2.
2025-09-11 16:14:51,855 [ERROR] LogOutputStream:75 - [STDERR_REDIRECT] 
2025-09-11 16:14:51,855 [ERROR] LogOutputStream:75 - [STDERR_REDIRECT] Sep 11, 2025 4:14:51 PM java.util.prefs.FileSystemPreferences syncWorld
2025-09-11 16:14:51,856 [ERROR] LogOutputStream:75 - [STDERR_REDIRECT] WARNING: Couldn't flush system prefs: java.util.prefs.BackingStoreException: Couldn't get file lock.
2025-09-11 16:14:51,856 [ERROR] LogOutputStream:75 - [STDERR_REDIRECT] 
2025-09-11 16:15:21,866 [ERROR] LogOutputStream:75 - [STDERR_REDIRECT] Sep 11, 2025 4:15:21 PM java.util.prefs.FileSystemPreferences checkLockFile0ErrorCode
2025-09-11 16:15:21,866 [ERROR] LogOutputStream:75 - [STDERR_REDIRECT] WARNING: Could not lock System prefs. Unix error code 2.
2025-09-11 16:15:21,866 [ERROR] LogOutputStream:75 - [STDERR_REDIRECT] 
2025-09-11 16:15:21,867 [ERROR] LogOutputStream:75 - [STDERR_REDIRECT] Sep 11, 2025 4:15:21 PM java.util.prefs.FileSystemPreferences syncWorld
2025-09-11 16:15:21,868 [ERROR] LogOutputStream:75 - [STDERR_REDIRECT] WARNING: Couldn't flush system prefs: java.util.prefs.BackingStoreException: Couldn't get file lock.
2025-09-11 16:15:21,868 [ERROR] LogOutputStream:75 - [STDERR_REDIRECT] 
2025-09-11 16:15:51,854 [ERROR] LogOutputStream:75 - [STDERR_REDIRECT] Sep 11, 2025 4:15:51 PM java.util.prefs.FileSystemPreferences checkLockFile0ErrorCode
2025-09-11 16:15:51,854 [ERROR] LogOutputStream:75 - [STDERR_REDIRECT] WARNING: Could not lock System prefs. Unix error code 2.
2025-09-11 16:15:51,854 [ERROR] LogOutputStream:75 - [STDERR_REDIRECT] 
2025-09-11 16:15:51,855 [ERROR] LogOutputStream:75 - [STDERR_REDIRECT] Sep 11, 2025 4:15:51 PM java.util.prefs.FileSystemPreferences syncWorld
2025-09-11 16:15:51,855 [ERROR] LogOutputStream:75 - [STDERR_REDIRECT] WARNING: Couldn't flush system prefs: java.util.prefs.BackingStoreException: Couldn't get file lock.
2025-09-11 16:15:51,855 [ERROR] LogOutputStream:75 - [STDERR_REDIRECT] 
2025-09-11 16:16:21,854 [ERROR] LogOutputStream:75 - [STDERR_REDIRECT] Sep 11, 2025 4:16:21 PM java.util.prefs.FileSystemPreferences checkLockFile0ErrorCode
2025-09-11 16:16:21,854 [ERROR] LogOutputStream:75 - [STDERR_REDIRECT] WARNING: Could not lock System prefs. Unix error code 2.
2025-09-11 16:16:21,854 [ERROR] LogOutputStream:75 - [STDERR_REDIRECT] 
2025-09-11 16:16:21,855 [ERROR] LogOutputStream:75 - [STDERR_REDIRECT] Sep 11, 2025 4:16:21 PM java.util.prefs.FileSystemPreferences syncWorld
2025-09-11 16:16:21,855 [ERROR] LogOutputStream:75 - [STDERR_REDIRECT] WARNING: Couldn't flush system prefs: java.util.prefs.BackingStoreException: Couldn't get file lock.
2025-09-11 16:16:21,855 [ERROR] LogOutputStream:75 - [STDERR_REDIRECT] 
2025-09-11 16:16:51,854 [ERROR] LogOutputStream:75 - [STDERR_REDIRECT] Sep 11, 2025 4:16:51 PM java.util.prefs.FileSystemPreferences checkLockFile0ErrorCode
2025-09-11 16:16:51,855 [ERROR] LogOutputStream:75 - [STDERR_REDIRECT] WARNING: Could not lock System prefs. Unix error code 2.
2025-09-11 16:16:51,855 [ERROR] LogOutputStream:75 - [STDERR_REDIRECT] 
2025-09-11 16:16:51,855 [ERROR] LogOutputStream:75 - [STDERR_REDIRECT] Sep 11, 2025 4:16:51 PM java.util.prefs.FileSystemPreferences syncWorld
2025-09-11 16:16:51,856 [ERROR] LogOutputStream:75 - [STDERR_REDIRECT] WARNING: Couldn't flush system prefs: java.util.prefs.BackingStoreException: Couldn't get file lock.
2025-09-11 16:16:51,856 [ERROR] LogOutputStream:75 - [STDERR_REDIRECT] 
2025-09-11 16:17:21,854 [ERROR] LogOutputStream:75 - [STDERR_REDIRECT] Sep 11, 2025 4:17:21 PM java.util.prefs.FileSystemPreferences checkLockFile0ErrorCode
2025-09-11 16:17:21,854 [ERROR] LogOutputStream:75 - [STDERR_REDIRECT] WARNING: Could not lock System prefs. Unix error code 2.
2025-09-11 16:17:21,854 [ERROR] LogOutputStream:75 - [STDERR_REDIRECT] 
2025-09-11 16:17:21,855 [ERROR] LogOutputStream:75 - [STDERR_REDIRECT] Sep 11, 2025 4:17:21 PM java.util.prefs.FileSystemPreferences syncWorld
2025-09-11 16:17:21,856 [ERROR] LogOutputStream:75 - [STDERR_REDIRECT] WARNING: Couldn't flush system prefs: java.util.prefs.BackingStoreException: Couldn't get file lock.
2025-09-11 16:17:21,856 [ERROR] LogOutputStream:75 - [STDERR_REDIRECT] 
2025-09-11 16:17:51,854 [ERROR] LogOutputStream:75 - [STDERR_REDIRECT] Sep 11, 2025 4:17:51 PM java.util.prefs.FileSystemPreferences checkLockFile0ErrorCode
2025-09-11 16:17:51,855 [ERROR] LogOutputStream:75 - [STDERR_REDIRECT] WARNING: Could not lock System prefs. Unix error code 2.
2025-09-11 16:17:51,855 [ERROR] LogOutputStream:75 - [STDERR_REDIRECT] 
2025-09-11 16:17:51,855 [ERROR] LogOutputStream:75 - [STDERR_REDIRECT] Sep 11, 2025 4:17:51 PM java.util.prefs.FileSystemPreferences syncWorld
2025-09-11 16:17:51,856 [ERROR] LogOutputStream:75 - [STDERR_REDIRECT] WARNING: Couldn't flush system prefs: java.util.prefs.BackingStoreException: Couldn't get file lock.
2025-09-11 16:17:51,856 [ERROR] LogOutputStream:75 - [STDERR_REDIRECT] 
2025-09-11 16:18:21,854 [ERROR] LogOutputStream:75 - [STDERR_REDIRECT] Sep 11, 2025 4:18:21 PM java.util.prefs.FileSystemPreferences checkLockFile0ErrorCode
2025-09-11 16:18:21,854 [ERROR] LogOutputStream:75 - [STDERR_REDIRECT] WARNING: Could not lock System prefs. Unix error code 2.
2025-09-11 16:18:21,855 [ERROR] LogOutputStream:75 - [STDERR_REDIRECT] 
2025-09-11 16:18:21,855 [ERROR] LogOutputStream:75 - [STDERR_REDIRECT] Sep 11, 2025 4:18:21 PM java.util.prefs.FileSystemPreferences syncWorld
2025-09-11 16:18:21,855 [ERROR] LogOutputStream:75 - [STDERR_REDIRECT] WARNING: Couldn't flush system prefs: java.util.prefs.BackingStoreException: Couldn't get file lock.
2025-09-11 16:18:21,855 [ERROR] LogOutputStream:75 - [STDERR_REDIRECT] 
2025-09-11 16:18:51,855 [ERROR] LogOutputStream:75 - [STDERR_REDIRECT] Sep 11, 2025 4:18:51 PM java.util.prefs.FileSystemPreferences checkLockFile0ErrorCode
2025-09-11 16:18:51,856 [ERROR] LogOutputStream:75 - [STDERR_REDIRECT] WARNING: Could not lock System prefs. Unix error code 2.
2025-09-11 16:18:51,856 [ERROR] LogOutputStream:75 - [STDERR_REDIRECT] 
2025-09-11 16:18:51,856 [ERROR] LogOutputStream:75 - [STDERR_REDIRECT] Sep 11, 2025 4:18:51 PM java.util.prefs.FileSystemPreferences syncWorld
2025-09-11 16:18:51,856 [ERROR] LogOutputStream:75 - [STDERR_REDIRECT] WARNING: Couldn't flush system prefs: java.util.prefs.BackingStoreException: Couldn't get file lock.
2025-09-11 16:18:51,857 [ERROR] LogOutputStream:75 - [STDERR_REDIRECT] 
2025-09-11 16:19:21,857 [ERROR] LogOutputStream:75 - [STDERR_REDIRECT] Sep 11, 2025 4:19:21 PM java.util.prefs.FileSystemPreferences checkLockFile0ErrorCode
2025-09-11 16:19:21,858 [ERROR] LogOutputStream:75 - [STDERR_REDIRECT] WARNING: Could not lock System prefs. Unix error code 2.
2025-09-11 16:19:21,858 [ERROR] LogOutputStream:75 - [STDERR_REDIRECT] 
2025-09-11 16:19:21,858 [ERROR] LogOutputStream:75 - [STDERR_REDIRECT] Sep 11, 2025 4:19:21 PM java.util.prefs.FileSystemPreferences syncWorld
2025-09-11 16:19:21,858 [ERROR] LogOutputStream:75 - [STDERR_REDIRECT] WARNING: Couldn't flush system prefs: java.util.prefs.BackingStoreException: Couldn't get file lock.
2025-09-11 16:19:21,859 [ERROR] LogOutputStream:75 - [STDERR_REDIRECT] 
2025-09-11 16:19:51,856 [ERROR] LogOutputStream:75 - [STDERR_REDIRECT] Sep 11, 2025 4:19:51 PM java.util.prefs.FileSystemPreferences checkLockFile0ErrorCode
2025-09-11 16:19:51,856 [ERROR] LogOutputStream:75 - [STDERR_REDIRECT] WARNING: Could not lock System prefs. Unix error code 2.
2025-09-11 16:19:51,856 [ERROR] LogOutputStream:75 - [STDERR_REDIRECT] 
2025-09-11 16:19:51,857 [ERROR] LogOutputStream:75 - [STDERR_REDIRECT] Sep 11, 2025 4:19:51 PM java.util.prefs.FileSystemPreferences syncWorld
2025-09-11 16:19:51,857 [ERROR] LogOutputStream:75 - [STDERR_REDIRECT] WARNING: Couldn't flush system prefs: java.util.prefs.BackingStoreException: Couldn't get file lock.
2025-09-11 16:19:51,857 [ERROR] LogOutputStream:75 - [STDERR_REDIRECT] 
2025-09-11 16:20:21,864 [ERROR] LogOutputStream:75 - [STDERR_REDIRECT] Sep 11, 2025 4:20:21 PM java.util.prefs.FileSystemPreferences checkLockFile0ErrorCode
2025-09-11 16:20:21,866 [ERROR] LogOutputStream:75 - [STDERR_REDIRECT] WARNING: Could not lock System prefs. Unix error code 2.
2025-09-11 16:20:21,866 [ERROR] LogOutputStream:75 - [STDERR_REDIRECT] 
2025-09-11 16:20:21,867 [ERROR] LogOutputStream:75 - [STDERR_REDIRECT] Sep 11, 2025 4:20:21 PM java.util.prefs.FileSystemPreferences syncWorld
2025-09-11 16:20:21,868 [ERROR] LogOutputStream:75 - [STDERR_REDIRECT] WARNING: Couldn't flush system prefs: java.util.prefs.BackingStoreException: Couldn't get file lock.
2025-09-11 16:20:21,868 [ERROR] LogOutputStream:75 - [STDERR_REDIRECT] 
2025-09-11 16:20:51,856 [ERROR] LogOutputStream:75 - [STDERR_REDIRECT] Sep 11, 2025 4:20:51 PM java.util.prefs.FileSystemPreferences checkLockFile0ErrorCode
2025-09-11 16:20:51,857 [ERROR] LogOutputStream:75 - [STDERR_REDIRECT] WARNING: Could not lock System prefs. Unix error code 2.
2025-09-11 16:20:51,857 [ERROR] LogOutputStream:75 - [STDERR_REDIRECT] 
2025-09-11 16:20:51,857 [ERROR] LogOutputStream:75 - [STDERR_REDIRECT] Sep 11, 2025 4:20:51 PM java.util.prefs.FileSystemPreferences syncWorld
2025-09-11 16:20:51,858 [ERROR] LogOutputStream:75 - [STDERR_REDIRECT] WARNING: Couldn't flush system prefs: java.util.prefs.BackingStoreException: Couldn't get file lock.
2025-09-11 16:20:51,858 [ERROR] LogOutputStream:75 - [STDERR_REDIRECT] 
2025-09-11 16:21:21,855 [ERROR] LogOutputStream:75 - [STDERR_REDIRECT] Sep 11, 2025 4:21:21 PM java.util.prefs.FileSystemPreferences checkLockFile0ErrorCode
2025-09-11 16:21:21,855 [ERROR] LogOutputStream:75 - [STDERR_REDIRECT] WARNING: Could not lock System prefs. Unix error code 2.
2025-09-11 16:21:21,855 [ERROR] LogOutputStream:75 - [STDERR_REDIRECT] 
2025-09-11 16:21:21,856 [ERROR] LogOutputStream:75 - [STDERR_REDIRECT] Sep 11, 2025 4:21:21 PM java.util.prefs.FileSystemPreferences syncWorld
2025-09-11 16:21:21,856 [ERROR] LogOutputStream:75 - [STDERR_REDIRECT] WARNING: Couldn't flush system prefs: java.util.prefs.BackingStoreException: Couldn't get file lock.
2025-09-11 16:21:21,856 [ERROR] LogOutputStream:75 - [STDERR_REDIRECT] 
2025-09-11 16:21:51,856 [ERROR] LogOutputStream:75 - [STDERR_REDIRECT] Sep 11, 2025 4:21:51 PM java.util.prefs.FileSystemPreferences checkLockFile0ErrorCode
2025-09-11 16:21:51,856 [ERROR] LogOutputStream:75 - [STDERR_REDIRECT] WARNING: Could not lock System prefs. Unix error code 2.
2025-09-11 16:21:51,856 [ERROR] LogOutputStream:75 - [STDERR_REDIRECT] 
2025-09-11 16:21:51,856 [ERROR] LogOutputStream:75 - [STDERR_REDIRECT] Sep 11, 2025 4:21:51 PM java.util.prefs.FileSystemPreferences syncWorld
2025-09-11 16:21:51,857 [ERROR] LogOutputStream:75 - [STDERR_REDIRECT] WARNING: Couldn't flush system prefs: java.util.prefs.BackingStoreException: Couldn't get file lock.
2025-09-11 16:21:51,857 [ERROR] LogOutputStream:75 - [STDERR_REDIRECT] 
2025-09-11 16:22:21,856 [ERROR] LogOutputStream:75 - [STDERR_REDIRECT] Sep 11, 2025 4:22:21 PM java.util.prefs.FileSystemPreferences checkLockFile0ErrorCode
2025-09-11 16:22:21,856 [ERROR] LogOutputStream:75 - [STDERR_REDIRECT] WARNING: Could not lock System prefs. Unix error code 2.
2025-09-11 16:22:21,856 [ERROR] LogOutputStream:75 - [STDERR_REDIRECT] 
2025-09-11 16:22:21,856 [ERROR] LogOutputStream:75 - [STDERR_REDIRECT] Sep 11, 2025 4:22:21 PM java.util.prefs.FileSystemPreferences syncWorld
2025-09-11 16:22:21,857 [ERROR] LogOutputStream:75 - [STDERR_REDIRECT] WARNING: Couldn't flush system prefs: java.util.prefs.BackingStoreException: Couldn't get file lock.
2025-09-11 16:22:21,857 [ERROR] LogOutputStream:75 - [STDERR_REDIRECT] 
2025-09-11 16:22:51,855 [ERROR] LogOutputStream:75 - [STDERR_REDIRECT] Sep 11, 2025 4:22:51 PM java.util.prefs.FileSystemPreferences checkLockFile0ErrorCode
2025-09-11 16:22:51,856 [ERROR] LogOutputStream:75 - [STDERR_REDIRECT] WARNING: Could not lock System prefs. Unix error code 2.
2025-09-11 16:22:51,856 [ERROR] LogOutputStream:75 - [STDERR_REDIRECT] 
2025-09-11 16:22:51,856 [ERROR] LogOutputStream:75 - [STDERR_REDIRECT] Sep 11, 2025 4:22:51 PM java.util.prefs.FileSystemPreferences syncWorld
2025-09-11 16:22:51,856 [ERROR] LogOutputStream:75 - [STDERR_REDIRECT] WARNING: Couldn't flush system prefs: java.util.prefs.BackingStoreException: Couldn't get file lock.
2025-09-11 16:22:51,856 [ERROR] LogOutputStream:75 - [STDERR_REDIRECT] 
2025-09-11 16:23:21,856 [ERROR] LogOutputStream:75 - [STDERR_REDIRECT] Sep 11, 2025 4:23:21 PM java.util.prefs.FileSystemPreferences checkLockFile0ErrorCode
2025-09-11 16:23:21,856 [ERROR] LogOutputStream:75 - [STDERR_REDIRECT] WARNING: Could not lock System prefs. Unix error code 2.
2025-09-11 16:23:21,856 [ERROR] LogOutputStream:75 - [STDERR_REDIRECT] 
2025-09-11 16:23:21,856 [ERROR] LogOutputStream:75 - [STDERR_REDIRECT] Sep 11, 2025 4:23:21 PM java.util.prefs.FileSystemPreferences syncWorld
2025-09-11 16:23:21,857 [ERROR] LogOutputStream:75 - [STDERR_REDIRECT] WARNING: Couldn't flush system prefs: java.util.prefs.BackingStoreException: Couldn't get file lock.
2025-09-11 16:23:21,857 [ERROR] LogOutputStream:75 - [STDERR_REDIRECT] 
2025-09-11 16:23:51,856 [ERROR] LogOutputStream:75 - [STDERR_REDIRECT] Sep 11, 2025 4:23:51 PM java.util.prefs.FileSystemPreferences checkLockFile0ErrorCode
2025-09-11 16:23:51,857 [ERROR] LogOutputStream:75 - [STDERR_REDIRECT] WARNING: Could not lock System prefs. Unix error code 2.
2025-09-11 16:23:51,857 [ERROR] LogOutputStream:75 - [STDERR_REDIRECT] 
2025-09-11 16:23:51,857 [ERROR] LogOutputStream:75 - [STDERR_REDIRECT] Sep 11, 2025 4:23:51 PM java.util.prefs.FileSystemPreferences syncWorld
2025-09-11 16:23:51,858 [ERROR] LogOutputStream:75 - [STDERR_REDIRECT] WARNING: Couldn't flush system prefs: java.util.prefs.BackingStoreException: Couldn't get file lock.
2025-09-11 16:23:51,858 [ERROR] LogOutputStream:75 - [STDERR_REDIRECT] 
2025-09-11 16:24:21,856 [ERROR] LogOutputStream:75 - [STDERR_REDIRECT] Sep 11, 2025 4:24:21 PM java.util.prefs.FileSystemPreferences checkLockFile0ErrorCode
2025-09-11 16:24:21,857 [ERROR] LogOutputStream:75 - [STDERR_REDIRECT] WARNING: Could not lock System prefs. Unix error code 2.
2025-09-11 16:24:21,857 [ERROR] LogOutputStream:75 - [STDERR_REDIRECT] 
2025-09-11 16:24:21,857 [ERROR] LogOutputStream:75 - [STDERR_REDIRECT] Sep 11, 2025 4:24:21 PM java.util.prefs.FileSystemPreferences syncWorld
2025-09-11 16:24:21,858 [ERROR] LogOutputStream:75 - [STDERR_REDIRECT] WARNING: Couldn't flush system prefs: java.util.prefs.BackingStoreException: Couldn't get file lock.
2025-09-11 16:24:21,858 [ERROR] LogOutputStream:75 - [STDERR_REDIRECT] 
2025-09-11 16:24:51,857 [ERROR] LogOutputStream:75 - [STDERR_REDIRECT] Sep 11, 2025 4:24:51 PM java.util.prefs.FileSystemPreferences checkLockFile0ErrorCode
2025-09-11 16:24:51,857 [ERROR] LogOutputStream:75 - [STDERR_REDIRECT] WARNING: Could not lock System prefs. Unix error code 2.
2025-09-11 16:24:51,857 [ERROR] LogOutputStream:75 - [STDERR_REDIRECT] 
2025-09-11 16:24:51,857 [ERROR] LogOutputStream:75 - [STDERR_REDIRECT] Sep 11, 2025 4:24:51 PM java.util.prefs.FileSystemPreferences syncWorld
2025-09-11 16:24:51,858 [ERROR] LogOutputStream:75 - [STDERR_REDIRECT] WARNING: Couldn't flush system prefs: java.util.prefs.BackingStoreException: Couldn't get file lock.
2025-09-11 16:24:51,858 [ERROR] LogOutputStream:75 - [STDERR_REDIRECT] 
2025-09-11 16:25:21,856 [ERROR] LogOutputStream:75 - [STDERR_REDIRECT] Sep 11, 2025 4:25:21 PM java.util.prefs.FileSystemPreferences checkLockFile0ErrorCode
2025-09-11 16:25:21,857 [ERROR] LogOutputStream:75 - [STDERR_REDIRECT] WARNING: Could not lock System prefs. Unix error code 2.
2025-09-11 16:25:21,857 [ERROR] LogOutputStream:75 - [STDERR_REDIRECT] 
2025-09-11 16:25:21,857 [ERROR] LogOutputStream:75 - [STDERR_REDIRECT] Sep 11, 2025 4:25:21 PM java.util.prefs.FileSystemPreferences syncWorld
2025-09-11 16:25:21,857 [ERROR] LogOutputStream:75 - [STDERR_REDIRECT] WARNING: Couldn't flush system prefs: java.util.prefs.BackingStoreException: Couldn't get file lock.
2025-09-11 16:25:21,857 [ERROR] LogOutputStream:75 - [STDERR_REDIRECT] 
2025-09-11 16:25:51,857 [ERROR] LogOutputStream:75 - [STDERR_REDIRECT] Sep 11, 2025 4:25:51 PM java.util.prefs.FileSystemPreferences checkLockFile0ErrorCode
2025-09-11 16:25:51,857 [ERROR] LogOutputStream:75 - [STDERR_REDIRECT] WARNING: Could not lock System prefs. Unix error code 2.
2025-09-11 16:25:51,857 [ERROR] LogOutputStream:75 - [STDERR_REDIRECT] 
2025-09-11 16:25:51,857 [ERROR] LogOutputStream:75 - [STDERR_REDIRECT] Sep 11, 2025 4:25:51 PM java.util.prefs.FileSystemPreferences syncWorld
2025-09-11 16:25:51,858 [ERROR] LogOutputStream:75 - [STDERR_REDIRECT] WARNING: Couldn't flush system prefs: java.util.prefs.BackingStoreException: Couldn't get file lock.
2025-09-11 16:25:51,858 [ERROR] LogOutputStream:75 - [STDERR_REDIRECT] 
2025-09-11 16:26:21,856 [ERROR] LogOutputStream:75 - [STDERR_REDIRECT] Sep 11, 2025 4:26:21 PM java.util.prefs.FileSystemPreferences checkLockFile0ErrorCode
2025-09-11 16:26:21,857 [ERROR] LogOutputStream:75 - [STDERR_REDIRECT] WARNING: Could not lock System prefs. Unix error code 2.
2025-09-11 16:26:21,857 [ERROR] LogOutputStream:75 - [STDERR_REDIRECT] 
2025-09-11 16:26:21,857 [ERROR] LogOutputStream:75 - [STDERR_REDIRECT] Sep 11, 2025 4:26:21 PM java.util.prefs.FileSystemPreferences syncWorld
2025-09-11 16:26:21,857 [ERROR] LogOutputStream:75 - [STDERR_REDIRECT] WARNING: Couldn't flush system prefs: java.util.prefs.BackingStoreException: Couldn't get file lock.
2025-09-11 16:26:21,857 [ERROR] LogOutputStream:75 - [STDERR_REDIRECT] 
2025-09-11 16:26:51,857 [ERROR] LogOutputStream:75 - [STDERR_REDIRECT] Sep 11, 2025 4:26:51 PM java.util.prefs.FileSystemPreferences checkLockFile0ErrorCode
2025-09-11 16:26:51,858 [ERROR] LogOutputStream:75 - [STDERR_REDIRECT] WARNING: Could not lock System prefs. Unix error code 2.
2025-09-11 16:26:51,858 [ERROR] LogOutputStream:75 - [STDERR_REDIRECT] 
2025-09-11 16:26:51,858 [ERROR] LogOutputStream:75 - [STDERR_REDIRECT] Sep 11, 2025 4:26:51 PM java.util.prefs.FileSystemPreferences syncWorld
2025-09-11 16:26:51,858 [ERROR] LogOutputStream:75 - [STDERR_REDIRECT] WARNING: Couldn't flush system prefs: java.util.prefs.BackingStoreException: Couldn't get file lock.
2025-09-11 16:26:51,858 [ERROR] LogOutputStream:75 - [STDERR_REDIRECT] 
2025-09-11 16:27:21,857 [ERROR] LogOutputStream:75 - [STDERR_REDIRECT] Sep 11, 2025 4:27:21 PM java.util.prefs.FileSystemPreferences checkLockFile0ErrorCode
2025-09-11 16:27:21,857 [ERROR] LogOutputStream:75 - [STDERR_REDIRECT] WARNING: Could not lock System prefs. Unix error code 2.
2025-09-11 16:27:21,858 [ERROR] LogOutputStream:75 - [STDERR_REDIRECT] 
2025-09-11 16:27:21,858 [ERROR] LogOutputStream:75 - [STDERR_REDIRECT] Sep 11, 2025 4:27:21 PM java.util.prefs.FileSystemPreferences syncWorld
2025-09-11 16:27:21,858 [ERROR] LogOutputStream:75 - [STDERR_REDIRECT] WARNING: Couldn't flush system prefs: java.util.prefs.BackingStoreException: Couldn't get file lock.
2025-09-11 16:27:21,858 [ERROR] LogOutputStream:75 - [STDERR_REDIRECT] 
2025-09-11 16:27:51,858 [ERROR] LogOutputStream:75 - [STDERR_REDIRECT] Sep 11, 2025 4:27:51 PM java.util.prefs.FileSystemPreferences checkLockFile0ErrorCode
2025-09-11 16:27:51,858 [ERROR] LogOutputStream:75 - [STDERR_REDIRECT] WARNING: Could not lock System prefs. Unix error code 2.
2025-09-11 16:27:51,858 [ERROR] LogOutputStream:75 - [STDERR_REDIRECT] 
2025-09-11 16:27:51,859 [ERROR] LogOutputStream:75 - [STDERR_REDIRECT] Sep 11, 2025 4:27:51 PM java.util.prefs.FileSystemPreferences syncWorld
2025-09-11 16:27:51,859 [ERROR] LogOutputStream:75 - [STDERR_REDIRECT] WARNING: Couldn't flush system prefs: java.util.prefs.BackingStoreException: Couldn't get file lock.
2025-09-11 16:27:51,859 [ERROR] LogOutputStream:75 - [STDERR_REDIRECT] 
2025-09-11 16:28:21,858 [ERROR] LogOutputStream:75 - [STDERR_REDIRECT] Sep 11, 2025 4:28:21 PM java.util.prefs.FileSystemPreferences checkLockFile0ErrorCode
2025-09-11 16:28:21,859 [ERROR] LogOutputStream:75 - [STDERR_REDIRECT] WARNING: Could not lock System prefs. Unix error code 2.
2025-09-11 16:28:21,859 [ERROR] LogOutputStream:75 - [STDERR_REDIRECT] 
2025-09-11 16:28:21,859 [ERROR] LogOutputStream:75 - [STDERR_REDIRECT] Sep 11, 2025 4:28:21 PM java.util.prefs.FileSystemPreferences syncWorld
2025-09-11 16:28:21,860 [ERROR] LogOutputStream:75 - [STDERR_REDIRECT] WARNING: Couldn't flush system prefs: java.util.prefs.BackingStoreException: Couldn't get file lock.
2025-09-11 16:28:21,860 [ERROR] LogOutputStream:75 - [STDERR_REDIRECT] 
2025-09-11 16:28:51,858 [ERROR] LogOutputStream:75 - [STDERR_REDIRECT] Sep 11, 2025 4:28:51 PM java.util.prefs.FileSystemPreferences checkLockFile0ErrorCode
2025-09-11 16:28:51,858 [ERROR] LogOutputStream:75 - [STDERR_REDIRECT] WARNING: Could not lock System prefs. Unix error code 2.
2025-09-11 16:28:51,858 [ERROR] LogOutputStream:75 - [STDERR_REDIRECT] 
2025-09-11 16:28:51,859 [ERROR] LogOutputStream:75 - [STDERR_REDIRECT] Sep 11, 2025 4:28:51 PM java.util.prefs.FileSystemPreferences syncWorld
2025-09-11 16:28:51,860 [ERROR] LogOutputStream:75 - [STDERR_REDIRECT] WARNING: Couldn't flush system prefs: java.util.prefs.BackingStoreException: Couldn't get file lock.
2025-09-11 16:28:51,860 [ERROR] LogOutputStream:75 - [STDERR_REDIRECT] 
2025-09-11 16:29:21,858 [ERROR] LogOutputStream:75 - [STDERR_REDIRECT] Sep 11, 2025 4:29:21 PM java.util.prefs.FileSystemPreferences checkLockFile0ErrorCode
2025-09-11 16:29:21,859 [ERROR] LogOutputStream:75 - [STDERR_REDIRECT] WARNING: Could not lock System prefs. Unix error code 2.
2025-09-11 16:29:21,859 [ERROR] LogOutputStream:75 - [STDERR_REDIRECT] 
2025-09-11 16:29:21,859 [ERROR] LogOutputStream:75 - [STDERR_REDIRECT] Sep 11, 2025 4:29:21 PM java.util.prefs.FileSystemPreferences syncWorld
2025-09-11 16:29:21,860 [ERROR] LogOutputStream:75 - [STDERR_REDIRECT] WARNING: Couldn't flush system prefs: java.util.prefs.BackingStoreException: Couldn't get file lock.
2025-09-11 16:29:21,860 [ERROR] LogOutputStream:75 - [STDERR_REDIRECT] 
2025-09-11 16:29:51,858 [ERROR] LogOutputStream:75 - [STDERR_REDIRECT] Sep 11, 2025 4:29:51 PM java.util.prefs.FileSystemPreferences checkLockFile0ErrorCode
2025-09-11 16:29:51,858 [ERROR] LogOutputStream:75 - [STDERR_REDIRECT] WARNING: Could not lock System prefs. Unix error code 2.
2025-09-11 16:29:51,858 [ERROR] LogOutputStream:75 - [STDERR_REDIRECT] 
2025-09-11 16:29:51,859 [ERROR] LogOutputStream:75 - [STDERR_REDIRECT] Sep 11, 2025 4:29:51 PM java.util.prefs.FileSystemPreferences syncWorld
2025-09-11 16:29:51,859 [ERROR] LogOutputStream:75 - [STDERR_REDIRECT] WARNING: Couldn't flush system prefs: java.util.prefs.BackingStoreException: Couldn't get file lock.
2025-09-11 16:29:51,859 [ERROR] LogOutputStream:75 - [STDERR_REDIRECT] 
2025-09-11 16:30:21,859 [ERROR] LogOutputStream:75 - [STDERR_REDIRECT] Sep 11, 2025 4:30:21 PM java.util.prefs.FileSystemPreferences checkLockFile0ErrorCode
2025-09-11 16:30:21,859 [ERROR] LogOutputStream:75 - [STDERR_REDIRECT] WARNING: Could not lock System prefs. Unix error code 2.
2025-09-11 16:30:21,859 [ERROR] LogOutputStream:75 - [STDERR_REDIRECT] 
2025-09-11 16:30:21,860 [ERROR] LogOutputStream:75 - [STDERR_REDIRECT] Sep 11, 2025 4:30:21 PM java.util.prefs.FileSystemPreferences syncWorld
2025-09-11 16:30:21,860 [ERROR] LogOutputStream:75 - [STDERR_REDIRECT] WARNING: Couldn't flush system prefs: java.util.prefs.BackingStoreException: Couldn't get file lock.
2025-09-11 16:30:21,860 [ERROR] LogOutputStream:75 - [STDERR_REDIRECT] 
2025-09-11 16:30:51,862 [ERROR] LogOutputStream:75 - [STDERR_REDIRECT] Sep 11, 2025 4:30:51 PM java.util.prefs.FileSystemPreferences checkLockFile0ErrorCode
2025-09-11 16:30:51,862 [ERROR] LogOutputStream:75 - [STDERR_REDIRECT] WARNING: Could not lock System prefs. Unix error code 2.
2025-09-11 16:30:51,862 [ERROR] LogOutputStream:75 - [STDERR_REDIRECT] 
2025-09-11 16:30:51,863 [ERROR] LogOutputStream:75 - [STDERR_REDIRECT] Sep 11, 2025 4:30:51 PM java.util.prefs.FileSystemPreferences syncWorld
2025-09-11 16:30:51,863 [ERROR] LogOutputStream:75 - [STDERR_REDIRECT] WARNING: Couldn't flush system prefs: java.util.prefs.BackingStoreException: Couldn't get file lock.
2025-09-11 16:30:51,863 [ERROR] LogOutputStream:75 - [STDERR_REDIRECT] 
2025-09-11 16:31:21,862 [ERROR] LogOutputStream:75 - [STDERR_REDIRECT] Sep 11, 2025 4:31:21 PM java.util.prefs.FileSystemPreferences checkLockFile0ErrorCode
2025-09-11 16:31:21,862 [ERROR] LogOutputStream:75 - [STDERR_REDIRECT] WARNING: Could not lock System prefs. Unix error code 2.
2025-09-11 16:31:21,862 [ERROR] LogOutputStream:75 - [STDERR_REDIRECT] 
2025-09-11 16:31:21,863 [ERROR] LogOutputStream:75 - [STDERR_REDIRECT] Sep 11, 2025 4:31:21 PM java.util.prefs.FileSystemPreferences syncWorld
2025-09-11 16:31:21,863 [ERROR] LogOutputStream:75 - [STDERR_REDIRECT] WARNING: Couldn't flush system prefs: java.util.prefs.BackingStoreException: Couldn't get file lock.
2025-09-11 16:31:21,863 [ERROR] LogOutputStream:75 - [STDERR_REDIRECT] 
2025-09-11 16:31:51,859 [ERROR] LogOutputStream:75 - [STDERR_REDIRECT] Sep 11, 2025 4:31:51 PM java.util.prefs.FileSystemPreferences checkLockFile0ErrorCode
2025-09-11 16:31:51,860 [ERROR] LogOutputStream:75 - [STDERR_REDIRECT] WARNING: Could not lock System prefs. Unix error code 2.
2025-09-11 16:31:51,860 [ERROR] LogOutputStream:75 - [STDERR_REDIRECT] 
2025-09-11 16:31:51,860 [ERROR] LogOutputStream:75 - [STDERR_REDIRECT] Sep 11, 2025 4:31:51 PM java.util.prefs.FileSystemPreferences syncWorld
2025-09-11 16:31:51,860 [ERROR] LogOutputStream:75 - [STDERR_REDIRECT] WARNING: Couldn't flush system prefs: java.util.prefs.BackingStoreException: Couldn't get file lock.
2025-09-11 16:31:51,860 [ERROR] LogOutputStream:75 - [STDERR_REDIRECT] 
2025-09-11 16:32:21,861 [ERROR] LogOutputStream:75 - [STDERR_REDIRECT] Sep 11, 2025 4:32:21 PM java.util.prefs.FileSystemPreferences checkLockFile0ErrorCode
2025-09-11 16:32:21,862 [ERROR] LogOutputStream:75 - [STDERR_REDIRECT] WARNING: Could not lock System prefs. Unix error code 2.
2025-09-11 16:32:21,862 [ERROR] LogOutputStream:75 - [STDERR_REDIRECT] 
2025-09-11 16:32:21,862 [ERROR] LogOutputStream:75 - [STDERR_REDIRECT] Sep 11, 2025 4:32:21 PM java.util.prefs.FileSystemPreferences syncWorld
2025-09-11 16:32:21,863 [ERROR] LogOutputStream:75 - [STDERR_REDIRECT] WARNING: Couldn't flush system prefs: java.util.prefs.BackingStoreException: Couldn't get file lock.
2025-09-11 16:32:21,863 [ERROR] LogOutputStream:75 - [STDERR_REDIRECT] 
2025-09-11 16:32:51,859 [ERROR] LogOutputStream:75 - [STDERR_REDIRECT] Sep 11, 2025 4:32:51 PM java.util.prefs.FileSystemPreferences checkLockFile0ErrorCode
2025-09-11 16:32:51,860 [ERROR] LogOutputStream:75 - [STDERR_REDIRECT] WARNING: Could not lock System prefs. Unix error code 2.
2025-09-11 16:32:51,860 [ERROR] LogOutputStream:75 - [STDERR_REDIRECT] 
2025-09-11 16:32:51,860 [ERROR] LogOutputStream:75 - [STDERR_REDIRECT] Sep 11, 2025 4:32:51 PM java.util.prefs.FileSystemPreferences syncWorld
2025-09-11 16:32:51,861 [ERROR] LogOutputStream:75 - [STDERR_REDIRECT] WARNING: Couldn't flush system prefs: java.util.prefs.BackingStoreException: Couldn't get file lock.
2025-09-11 16:32:51,861 [ERROR] LogOutputStream:75 - [STDERR_REDIRECT] 
2025-09-11 16:33:21,859 [ERROR] LogOutputStream:75 - [STDERR_REDIRECT] Sep 11, 2025 4:33:21 PM java.util.prefs.FileSystemPreferences checkLockFile0ErrorCode
2025-09-11 16:33:21,860 [ERROR] LogOutputStream:75 - [STDERR_REDIRECT] WARNING: Could not lock System prefs. Unix error code 2.
2025-09-11 16:33:21,860 [ERROR] LogOutputStream:75 - [STDERR_REDIRECT] 
2025-09-11 16:33:21,860 [ERROR] LogOutputStream:75 - [STDERR_REDIRECT] Sep 11, 2025 4:33:21 PM java.util.prefs.FileSystemPreferences syncWorld
2025-09-11 16:33:21,861 [ERROR] LogOutputStream:75 - [STDERR_REDIRECT] WARNING: Couldn't flush system prefs: java.util.prefs.BackingStoreException: Couldn't get file lock.
2025-09-11 16:33:21,861 [ERROR] LogOutputStream:75 - [STDERR_REDIRECT] 
2025-09-11 16:33:51,891 [ERROR] LogOutputStream:75 - [STDERR_REDIRECT] Sep 11, 2025 4:33:51 PM java.util.prefs.FileSystemPreferences checkLockFile0ErrorCode
2025-09-11 16:33:51,892 [ERROR] LogOutputStream:75 - [STDERR_REDIRECT] WARNING: Could not lock System prefs. Unix error code 2.
2025-09-11 16:33:51,892 [ERROR] LogOutputStream:75 - [STDERR_REDIRECT] 
2025-09-11 16:33:51,893 [ERROR] LogOutputStream:75 - [STDERR_REDIRECT] Sep 11, 2025 4:33:51 PM java.util.prefs.FileSystemPreferences syncWorld
2025-09-11 16:33:51,893 [ERROR] LogOutputStream:75 - [STDERR_REDIRECT] WARNING: Couldn't flush system prefs: java.util.prefs.BackingStoreException: Couldn't get file lock.
2025-09-11 16:33:51,893 [ERROR] LogOutputStream:75 - [STDERR_REDIRECT] 
2025-09-11 16:34:21,861 [ERROR] LogOutputStream:75 - [STDERR_REDIRECT] Sep 11, 2025 4:34:21 PM java.util.prefs.FileSystemPreferences checkLockFile0ErrorCode
2025-09-11 16:34:21,861 [ERROR] LogOutputStream:75 - [STDERR_REDIRECT] WARNING: Could not lock System prefs. Unix error code 2.
2025-09-11 16:34:21,861 [ERROR] LogOutputStream:75 - [STDERR_REDIRECT] 
2025-09-11 16:34:21,862 [ERROR] LogOutputStream:75 - [STDERR_REDIRECT] Sep 11, 2025 4:34:21 PM java.util.prefs.FileSystemPreferences syncWorld
2025-09-11 16:34:21,862 [ERROR] LogOutputStream:75 - [STDERR_REDIRECT] WARNING: Couldn't flush system prefs: java.util.prefs.BackingStoreException: Couldn't get file lock.
2025-09-11 16:34:21,862 [ERROR] LogOutputStream:75 - [STDERR_REDIRECT] 
2025-09-11 16:34:51,861 [ERROR] LogOutputStream:75 - [STDERR_REDIRECT] Sep 11, 2025 4:34:51 PM java.util.prefs.FileSystemPreferences checkLockFile0ErrorCode
2025-09-11 16:34:51,861 [ERROR] LogOutputStream:75 - [STDERR_REDIRECT] WARNING: Could not lock System prefs. Unix error code 2.
2025-09-11 16:34:51,861 [ERROR] LogOutputStream:75 - [STDERR_REDIRECT] 
2025-09-11 16:34:51,862 [ERROR] LogOutputStream:75 - [STDERR_REDIRECT] Sep 11, 2025 4:34:51 PM java.util.prefs.FileSystemPreferences syncWorld
2025-09-11 16:34:51,862 [ERROR] LogOutputStream:75 - [STDERR_REDIRECT] WARNING: Couldn't flush system prefs: java.util.prefs.BackingStoreException: Couldn't get file lock.
2025-09-11 16:34:51,862 [ERROR] LogOutputStream:75 - [STDERR_REDIRECT] 
2025-09-11 16:35:21,860 [ERROR] LogOutputStream:75 - [STDERR_REDIRECT] Sep 11, 2025 4:35:21 PM java.util.prefs.FileSystemPreferences checkLockFile0ErrorCode
2025-09-11 16:35:21,861 [ERROR] LogOutputStream:75 - [STDERR_REDIRECT] WARNING: Could not lock System prefs. Unix error code 2.
2025-09-11 16:35:21,861 [ERROR] LogOutputStream:75 - [STDERR_REDIRECT] 
2025-09-11 16:35:21,861 [ERROR] LogOutputStream:75 - [STDERR_REDIRECT] Sep 11, 2025 4:35:21 PM java.util.prefs.FileSystemPreferences syncWorld
2025-09-11 16:35:21,862 [ERROR] LogOutputStream:75 - [STDERR_REDIRECT] WARNING: Couldn't flush system prefs: java.util.prefs.BackingStoreException: Couldn't get file lock.
2025-09-11 16:35:21,862 [ERROR] LogOutputStream:75 - [STDERR_REDIRECT] 
2025-09-11 16:35:51,861 [ERROR] LogOutputStream:75 - [STDERR_REDIRECT] Sep 11, 2025 4:35:51 PM java.util.prefs.FileSystemPreferences checkLockFile0ErrorCode
2025-09-11 16:35:51,861 [ERROR] LogOutputStream:75 - [STDERR_REDIRECT] WARNING: Could not lock System prefs. Unix error code 2.
2025-09-11 16:35:51,861 [ERROR] LogOutputStream:75 - [STDERR_REDIRECT] 
2025-09-11 16:35:51,862 [ERROR] LogOutputStream:75 - [STDERR_REDIRECT] Sep 11, 2025 4:35:51 PM java.util.prefs.FileSystemPreferences syncWorld
2025-09-11 16:35:51,862 [ERROR] LogOutputStream:75 - [STDERR_REDIRECT] WARNING: Couldn't flush system prefs: java.util.prefs.BackingStoreException: Couldn't get file lock.
2025-09-11 16:35:51,863 [ERROR] LogOutputStream:75 - [STDERR_REDIRECT] 
2025-09-11 16:36:21,860 [ERROR] LogOutputStream:75 - [STDERR_REDIRECT] Sep 11, 2025 4:36:21 PM java.util.prefs.FileSystemPreferences checkLockFile0ErrorCode
2025-09-11 16:36:21,860 [ERROR] LogOutputStream:75 - [STDERR_REDIRECT] WARNING: Could not lock System prefs. Unix error code 2.
2025-09-11 16:36:21,860 [ERROR] LogOutputStream:75 - [STDERR_REDIRECT] 
2025-09-11 16:36:21,861 [ERROR] LogOutputStream:75 - [STDERR_REDIRECT] Sep 11, 2025 4:36:21 PM java.util.prefs.FileSystemPreferences syncWorld
2025-09-11 16:36:21,861 [ERROR] LogOutputStream:75 - [STDERR_REDIRECT] WARNING: Couldn't flush system prefs: java.util.prefs.BackingStoreException: Couldn't get file lock.
2025-09-11 16:36:21,861 [ERROR] LogOutputStream:75 - [STDERR_REDIRECT] 
2025-09-11 16:36:51,862 [ERROR] LogOutputStream:75 - [STDERR_REDIRECT] Sep 11, 2025 4:36:51 PM java.util.prefs.FileSystemPreferences checkLockFile0ErrorCode
2025-09-11 16:36:51,863 [ERROR] LogOutputStream:75 - [STDERR_REDIRECT] WARNING: Could not lock System prefs. Unix error code 2.
2025-09-11 16:36:51,863 [ERROR] LogOutputStream:75 - [STDERR_REDIRECT] 
2025-09-11 16:36:51,863 [ERROR] LogOutputStream:75 - [STDERR_REDIRECT] Sep 11, 2025 4:36:51 PM java.util.prefs.FileSystemPreferences syncWorld
2025-09-11 16:36:51,864 [ERROR] LogOutputStream:75 - [STDERR_REDIRECT] WARNING: Couldn't flush system prefs: java.util.prefs.BackingStoreException: Couldn't get file lock.
2025-09-11 16:36:51,864 [ERROR] LogOutputStream:75 - [STDERR_REDIRECT] 
2025-09-11 16:37:21,860 [ERROR] LogOutputStream:75 - [STDERR_REDIRECT] Sep 11, 2025 4:37:21 PM java.util.prefs.FileSystemPreferences checkLockFile0ErrorCode
2025-09-11 16:37:21,861 [ERROR] LogOutputStream:75 - [STDERR_REDIRECT] WARNING: Could not lock System prefs. Unix error code 2.
2025-09-11 16:37:21,861 [ERROR] LogOutputStream:75 - [STDERR_REDIRECT] 
2025-09-11 16:37:21,861 [ERROR] LogOutputStream:75 - [STDERR_REDIRECT] Sep 11, 2025 4:37:21 PM java.util.prefs.FileSystemPreferences syncWorld
2025-09-11 16:37:21,861 [ERROR] LogOutputStream:75 - [STDERR_REDIRECT] WARNING: Couldn't flush system prefs: java.util.prefs.BackingStoreException: Couldn't get file lock.
2025-09-11 16:37:21,861 [ERROR] LogOutputStream:75 - [STDERR_REDIRECT] 
2025-09-11 16:37:51,862 [ERROR] LogOutputStream:75 - [STDERR_REDIRECT] Sep 11, 2025 4:37:51 PM java.util.prefs.FileSystemPreferences checkLockFile0ErrorCode
2025-09-11 16:37:51,862 [ERROR] LogOutputStream:75 - [STDERR_REDIRECT] WARNING: Could not lock System prefs. Unix error code 2.
2025-09-11 16:37:51,862 [ERROR] LogOutputStream:75 - [STDERR_REDIRECT] 
2025-09-11 16:37:51,863 [ERROR] LogOutputStream:75 - [STDERR_REDIRECT] Sep 11, 2025 4:37:51 PM java.util.prefs.FileSystemPreferences syncWorld
2025-09-11 16:37:51,863 [ERROR] LogOutputStream:75 - [STDERR_REDIRECT] WARNING: Couldn't flush system prefs: java.util.prefs.BackingStoreException: Couldn't get file lock.
2025-09-11 16:37:51,863 [ERROR] LogOutputStream:75 - [STDERR_REDIRECT] 
2025-09-11 16:38:21,862 [ERROR] LogOutputStream:75 - [STDERR_REDIRECT] Sep 11, 2025 4:38:21 PM java.util.prefs.FileSystemPreferences checkLockFile0ErrorCode
2025-09-11 16:38:21,862 [ERROR] LogOutputStream:75 - [STDERR_REDIRECT] WARNING: Could not lock System prefs. Unix error code 2.
2025-09-11 16:38:21,862 [ERROR] LogOutputStream:75 - [STDERR_REDIRECT] 
2025-09-11 16:38:21,862 [ERROR] LogOutputStream:75 - [STDERR_REDIRECT] Sep 11, 2025 4:38:21 PM java.util.prefs.FileSystemPreferences syncWorld
2025-09-11 16:38:21,863 [ERROR] LogOutputStream:75 - [STDERR_REDIRECT] WARNING: Couldn't flush system prefs: java.util.prefs.BackingStoreException: Couldn't get file lock.
2025-09-11 16:38:21,863 [ERROR] LogOutputStream:75 - [STDERR_REDIRECT] 
2025-09-11 16:38:51,861 [ERROR] LogOutputStream:75 - [STDERR_REDIRECT] Sep 11, 2025 4:38:51 PM java.util.prefs.FileSystemPreferences checkLockFile0ErrorCode
2025-09-11 16:38:51,862 [ERROR] LogOutputStream:75 - [STDERR_REDIRECT] WARNING: Could not lock System prefs. Unix error code 2.
2025-09-11 16:38:51,862 [ERROR] LogOutputStream:75 - [STDERR_REDIRECT] 
2025-09-11 16:38:51,862 [ERROR] LogOutputStream:75 - [STDERR_REDIRECT] Sep 11, 2025 4:38:51 PM java.util.prefs.FileSystemPreferences syncWorld
2025-09-11 16:38:51,863 [ERROR] LogOutputStream:75 - [STDERR_REDIRECT] WARNING: Couldn't flush system prefs: java.util.prefs.BackingStoreException: Couldn't get file lock.
2025-09-11 16:38:51,863 [ERROR] LogOutputStream:75 - [STDERR_REDIRECT] 
2025-09-11 16:39:21,861 [ERROR] LogOutputStream:75 - [STDERR_REDIRECT] Sep 11, 2025 4:39:21 PM java.util.prefs.FileSystemPreferences checkLockFile0ErrorCode
2025-09-11 16:39:21,862 [ERROR] LogOutputStream:75 - [STDERR_REDIRECT] WARNING: Could not lock System prefs. Unix error code 2.
2025-09-11 16:39:21,862 [ERROR] LogOutputStream:75 - [STDERR_REDIRECT] 
2025-09-11 16:39:21,863 [ERROR] LogOutputStream:75 - [STDERR_REDIRECT] Sep 11, 2025 4:39:21 PM java.util.prefs.FileSystemPreferences syncWorld
2025-09-11 16:39:21,863 [ERROR] LogOutputStream:75 - [STDERR_REDIRECT] WARNING: Couldn't flush system prefs: java.util.prefs.BackingStoreException: Couldn't get file lock.
2025-09-11 16:39:21,863 [ERROR] LogOutputStream:75 - [STDERR_REDIRECT] 
2025-09-11 16:39:51,862 [ERROR] LogOutputStream:75 - [STDERR_REDIRECT] Sep 11, 2025 4:39:51 PM java.util.prefs.FileSystemPreferences checkLockFile0ErrorCode
2025-09-11 16:39:51,862 [ERROR] LogOutputStream:75 - [STDERR_REDIRECT] WARNING: Could not lock System prefs. Unix error code 2.
2025-09-11 16:39:51,862 [ERROR] LogOutputStream:75 - [STDERR_REDIRECT] 
2025-09-11 16:39:51,862 [ERROR] LogOutputStream:75 - [STDERR_REDIRECT] Sep 11, 2025 4:39:51 PM java.util.prefs.FileSystemPreferences syncWorld
2025-09-11 16:39:51,863 [ERROR] LogOutputStream:75 - [STDERR_REDIRECT] WARNING: Couldn't flush system prefs: java.util.prefs.BackingStoreException: Couldn't get file lock.
2025-09-11 16:39:51,863 [ERROR] LogOutputStream:75 - [STDERR_REDIRECT] 
2025-09-11 16:40:21,861 [ERROR] LogOutputStream:75 - [STDERR_REDIRECT] Sep 11, 2025 4:40:21 PM java.util.prefs.FileSystemPreferences checkLockFile0ErrorCode
2025-09-11 16:40:21,862 [ERROR] LogOutputStream:75 - [STDERR_REDIRECT] WARNING: Could not lock System prefs. Unix error code 2.
2025-09-11 16:40:21,862 [ERROR] LogOutputStream:75 - [STDERR_REDIRECT] 
2025-09-11 16:40:21,862 [ERROR] LogOutputStream:75 - [STDERR_REDIRECT] Sep 11, 2025 4:40:21 PM java.util.prefs.FileSystemPreferences syncWorld
2025-09-11 16:40:21,863 [ERROR] LogOutputStream:75 - [STDERR_REDIRECT] WARNING: Couldn't flush system prefs: java.util.prefs.BackingStoreException: Couldn't get file lock.
2025-09-11 16:40:21,863 [ERROR] LogOutputStream:75 - [STDERR_REDIRECT] 
2025-09-11 16:40:51,862 [ERROR] LogOutputStream:75 - [STDERR_REDIRECT] Sep 11, 2025 4:40:51 PM java.util.prefs.FileSystemPreferences checkLockFile0ErrorCode
2025-09-11 16:40:51,862 [ERROR] LogOutputStream:75 - [STDERR_REDIRECT] WARNING: Could not lock System prefs. Unix error code 2.
2025-09-11 16:40:51,862 [ERROR] LogOutputStream:75 - [STDERR_REDIRECT] 
2025-09-11 16:40:51,862 [ERROR] LogOutputStream:75 - [STDERR_REDIRECT] Sep 11, 2025 4:40:51 PM java.util.prefs.FileSystemPreferences syncWorld
2025-09-11 16:40:51,863 [ERROR] LogOutputStream:75 - [STDERR_REDIRECT] WARNING: Couldn't flush system prefs: java.util.prefs.BackingStoreException: Couldn't get file lock.
2025-09-11 16:40:51,863 [ERROR] LogOutputStream:75 - [STDERR_REDIRECT] 
2025-09-11 16:41:21,862 [ERROR] LogOutputStream:75 - [STDERR_REDIRECT] Sep 11, 2025 4:41:21 PM java.util.prefs.FileSystemPreferences checkLockFile0ErrorCode
2025-09-11 16:41:21,862 [ERROR] LogOutputStream:75 - [STDERR_REDIRECT] WARNING: Could not lock System prefs. Unix error code 2.
2025-09-11 16:41:21,862 [ERROR] LogOutputStream:75 - [STDERR_REDIRECT] 
2025-09-11 16:41:21,862 [ERROR] LogOutputStream:75 - [STDERR_REDIRECT] Sep 11, 2025 4:41:21 PM java.util.prefs.FileSystemPreferences syncWorld
2025-09-11 16:41:21,863 [ERROR] LogOutputStream:75 - [STDERR_REDIRECT] WARNING: Couldn't flush system prefs: java.util.prefs.BackingStoreException: Couldn't get file lock.
2025-09-11 16:41:21,863 [ERROR] LogOutputStream:75 - [STDERR_REDIRECT] 
2025-09-11 16:41:51,861 [ERROR] LogOutputStream:75 - [STDERR_REDIRECT] Sep 11, 2025 4:41:51 PM java.util.prefs.FileSystemPreferences checkLockFile0ErrorCode
2025-09-11 16:41:51,862 [ERROR] LogOutputStream:75 - [STDERR_REDIRECT] WARNING: Could not lock System prefs. Unix error code 2.
2025-09-11 16:41:51,862 [ERROR] LogOutputStream:75 - [STDERR_REDIRECT] 
2025-09-11 16:41:51,862 [ERROR] LogOutputStream:75 - [STDERR_REDIRECT] Sep 11, 2025 4:41:51 PM java.util.prefs.FileSystemPreferences syncWorld
2025-09-11 16:41:51,863 [ERROR] LogOutputStream:75 - [STDERR_REDIRECT] WARNING: Couldn't flush system prefs: java.util.prefs.BackingStoreException: Couldn't get file lock.
2025-09-11 16:41:51,863 [ERROR] LogOutputStream:75 - [STDERR_REDIRECT] 
2025-09-11 16:42:21,861 [ERROR] LogOutputStream:75 - [STDERR_REDIRECT] Sep 11, 2025 4:42:21 PM java.util.prefs.FileSystemPreferences checkLockFile0ErrorCode
2025-09-11 16:42:21,862 [ERROR] LogOutputStream:75 - [STDERR_REDIRECT] WARNING: Could not lock System prefs. Unix error code 2.
2025-09-11 16:42:21,862 [ERROR] LogOutputStream:75 - [STDERR_REDIRECT] 
2025-09-11 16:42:21,862 [ERROR] LogOutputStream:75 - [STDERR_REDIRECT] Sep 11, 2025 4:42:21 PM java.util.prefs.FileSystemPreferences syncWorld
2025-09-11 16:42:21,863 [ERROR] LogOutputStream:75 - [STDERR_REDIRECT] WARNING: Couldn't flush system prefs: java.util.prefs.BackingStoreException: Couldn't get file lock.
2025-09-11 16:42:21,863 [ERROR] LogOutputStream:75 - [STDERR_REDIRECT] 
2025-09-11 16:42:51,861 [ERROR] LogOutputStream:75 - [STDERR_REDIRECT] Sep 11, 2025 4:42:51 PM java.util.prefs.FileSystemPreferences checkLockFile0ErrorCode
2025-09-11 16:42:51,861 [ERROR] LogOutputStream:75 - [STDERR_REDIRECT] WARNING: Could not lock System prefs. Unix error code 2.
2025-09-11 16:42:51,861 [ERROR] LogOutputStream:75 - [STDERR_REDIRECT] 
2025-09-11 16:42:51,862 [ERROR] LogOutputStream:75 - [STDERR_REDIRECT] Sep 11, 2025 4:42:51 PM java.util.prefs.FileSystemPreferences syncWorld
2025-09-11 16:42:51,862 [ERROR] LogOutputStream:75 - [STDERR_REDIRECT] WARNING: Couldn't flush system prefs: java.util.prefs.BackingStoreException: Couldn't get file lock.
2025-09-11 16:42:51,863 [ERROR] LogOutputStream:75 - [STDERR_REDIRECT] 
2025-09-11 16:43:21,861 [ERROR] LogOutputStream:75 - [STDERR_REDIRECT] Sep 11, 2025 4:43:21 PM java.util.prefs.FileSystemPreferences checkLockFile0ErrorCode
2025-09-11 16:43:21,861 [ERROR] LogOutputStream:75 - [STDERR_REDIRECT] WARNING: Could not lock System prefs. Unix error code 2.
2025-09-11 16:43:21,861 [ERROR] LogOutputStream:75 - [STDERR_REDIRECT] 
2025-09-11 16:43:21,861 [ERROR] LogOutputStream:75 - [STDERR_REDIRECT] Sep 11, 2025 4:43:21 PM java.util.prefs.FileSystemPreferences syncWorld
2025-09-11 16:43:21,862 [ERROR] LogOutputStream:75 - [STDERR_REDIRECT] WARNING: Couldn't flush system prefs: java.util.prefs.BackingStoreException: Couldn't get file lock.
2025-09-11 16:43:21,862 [ERROR] LogOutputStream:75 - [STDERR_REDIRECT] 
2025-09-11 16:43:51,862 [ERROR] LogOutputStream:75 - [STDERR_REDIRECT] Sep 11, 2025 4:43:51 PM java.util.prefs.FileSystemPreferences checkLockFile0ErrorCode
2025-09-11 16:43:51,863 [ERROR] LogOutputStream:75 - [STDERR_REDIRECT] WARNING: Could not lock System prefs. Unix error code 2.
2025-09-11 16:43:51,863 [ERROR] LogOutputStream:75 - [STDERR_REDIRECT] 
2025-09-11 16:43:51,863 [ERROR] LogOutputStream:75 - [STDERR_REDIRECT] Sep 11, 2025 4:43:51 PM java.util.prefs.FileSystemPreferences syncWorld
2025-09-11 16:43:51,864 [ERROR] LogOutputStream:75 - [STDERR_REDIRECT] WARNING: Couldn't flush system prefs: java.util.prefs.BackingStoreException: Couldn't get file lock.
2025-09-11 16:43:51,864 [ERROR] LogOutputStream:75 - [STDERR_REDIRECT] 
2025-09-11 16:44:21,861 [ERROR] LogOutputStream:75 - [STDERR_REDIRECT] Sep 11, 2025 4:44:21 PM java.util.prefs.FileSystemPreferences checkLockFile0ErrorCode
2025-09-11 16:44:21,861 [ERROR] LogOutputStream:75 - [STDERR_REDIRECT] WARNING: Could not lock System prefs. Unix error code 2.
2025-09-11 16:44:21,861 [ERROR] LogOutputStream:75 - [STDERR_REDIRECT] 
2025-09-11 16:44:21,862 [ERROR] LogOutputStream:75 - [STDERR_REDIRECT] Sep 11, 2025 4:44:21 PM java.util.prefs.FileSystemPreferences syncWorld
2025-09-11 16:44:21,862 [ERROR] LogOutputStream:75 - [STDERR_REDIRECT] WARNING: Couldn't flush system prefs: java.util.prefs.BackingStoreException: Couldn't get file lock.
2025-09-11 16:44:21,862 [ERROR] LogOutputStream:75 - [STDERR_REDIRECT] 
2025-09-11 16:44:51,861 [ERROR] LogOutputStream:75 - [STDERR_REDIRECT] Sep 11, 2025 4:44:51 PM java.util.prefs.FileSystemPreferences checkLockFile0ErrorCode
2025-09-11 16:44:51,861 [ERROR] LogOutputStream:75 - [STDERR_REDIRECT] WARNING: Could not lock System prefs. Unix error code 2.
2025-09-11 16:44:51,861 [ERROR] LogOutputStream:75 - [STDERR_REDIRECT] 
2025-09-11 16:44:51,862 [ERROR] LogOutputStream:75 - [STDERR_REDIRECT] Sep 11, 2025 4:44:51 PM java.util.prefs.FileSystemPreferences syncWorld
2025-09-11 16:44:51,862 [ERROR] LogOutputStream:75 - [STDERR_REDIRECT] WARNING: Couldn't flush system prefs: java.util.prefs.BackingStoreException: Couldn't get file lock.
2025-09-11 16:44:51,862 [ERROR] LogOutputStream:75 - [STDERR_REDIRECT] 
2025-09-11 16:45:21,862 [ERROR] LogOutputStream:75 - [STDERR_REDIRECT] Sep 11, 2025 4:45:21 PM java.util.prefs.FileSystemPreferences checkLockFile0ErrorCode
2025-09-11 16:45:21,862 [ERROR] LogOutputStream:75 - [STDERR_REDIRECT] WARNING: Could not lock System prefs. Unix error code 2.
2025-09-11 16:45:21,862 [ERROR] LogOutputStream:75 - [STDERR_REDIRECT] 
2025-09-11 16:45:21,863 [ERROR] LogOutputStream:75 - [STDERR_REDIRECT] Sep 11, 2025 4:45:21 PM java.util.prefs.FileSystemPreferences syncWorld
2025-09-11 16:45:21,863 [ERROR] LogOutputStream:75 - [STDERR_REDIRECT] WARNING: Couldn't flush system prefs: java.util.prefs.BackingStoreException: Couldn't get file lock.
2025-09-11 16:45:21,863 [ERROR] LogOutputStream:75 - [STDERR_REDIRECT] 
2025-09-11 16:45:51,864 [ERROR] LogOutputStream:75 - [STDERR_REDIRECT] Sep 11, 2025 4:45:51 PM java.util.prefs.FileSystemPreferences checkLockFile0ErrorCode
2025-09-11 16:45:51,864 [ERROR] LogOutputStream:75 - [STDERR_REDIRECT] WARNING: Could not lock System prefs. Unix error code 2.
2025-09-11 16:45:51,864 [ERROR] LogOutputStream:75 - [STDERR_REDIRECT] 
2025-09-11 16:45:51,864 [ERROR] LogOutputStream:75 - [STDERR_REDIRECT] Sep 11, 2025 4:45:51 PM java.util.prefs.FileSystemPreferences syncWorld
2025-09-11 16:45:51,865 [ERROR] LogOutputStream:75 - [STDERR_REDIRECT] WARNING: Couldn't flush system prefs: java.util.prefs.BackingStoreException: Couldn't get file lock.
2025-09-11 16:45:51,865 [ERROR] LogOutputStream:75 - [STDERR_REDIRECT] 
2025-09-11 16:46:21,861 [ERROR] LogOutputStream:75 - [STDERR_REDIRECT] Sep 11, 2025 4:46:21 PM java.util.prefs.FileSystemPreferences checkLockFile0ErrorCode
2025-09-11 16:46:21,862 [ERROR] LogOutputStream:75 - [STDERR_REDIRECT] WARNING: Could not lock System prefs. Unix error code 2.
2025-09-11 16:46:21,862 [ERROR] LogOutputStream:75 - [STDERR_REDIRECT] 
2025-09-11 16:46:21,862 [ERROR] LogOutputStream:75 - [STDERR_REDIRECT] Sep 11, 2025 4:46:21 PM java.util.prefs.FileSystemPreferences syncWorld
2025-09-11 16:46:21,863 [ERROR] LogOutputStream:75 - [STDERR_REDIRECT] WARNING: Couldn't flush system prefs: java.util.prefs.BackingStoreException: Couldn't get file lock.
2025-09-11 16:46:21,863 [ERROR] LogOutputStream:75 - [STDERR_REDIRECT] 
2025-09-11 16:46:51,861 [ERROR] LogOutputStream:75 - [STDERR_REDIRECT] Sep 11, 2025 4:46:51 PM java.util.prefs.FileSystemPreferences checkLockFile0ErrorCode
2025-09-11 16:46:51,862 [ERROR] LogOutputStream:75 - [STDERR_REDIRECT] WARNING: Could not lock System prefs. Unix error code 2.
2025-09-11 16:46:51,862 [ERROR] LogOutputStream:75 - [STDERR_REDIRECT] 
2025-09-11 16:46:51,862 [ERROR] LogOutputStream:75 - [STDERR_REDIRECT] Sep 11, 2025 4:46:51 PM java.util.prefs.FileSystemPreferences syncWorld
2025-09-11 16:46:51,863 [ERROR] LogOutputStream:75 - [STDERR_REDIRECT] WARNING: Couldn't flush system prefs: java.util.prefs.BackingStoreException: Couldn't get file lock.
2025-09-11 16:46:51,863 [ERROR] LogOutputStream:75 - [STDERR_REDIRECT] 
2025-09-11 16:47:21,863 [ERROR] LogOutputStream:75 - [STDERR_REDIRECT] Sep 11, 2025 4:47:21 PM java.util.prefs.FileSystemPreferences checkLockFile0ErrorCode
2025-09-11 16:47:21,864 [ERROR] LogOutputStream:75 - [STDERR_REDIRECT] WARNING: Could not lock System prefs. Unix error code 2.
2025-09-11 16:47:21,864 [ERROR] LogOutputStream:75 - [STDERR_REDIRECT] 
2025-09-11 16:47:21,864 [ERROR] LogOutputStream:75 - [STDERR_REDIRECT] Sep 11, 2025 4:47:21 PM java.util.prefs.FileSystemPreferences syncWorld
2025-09-11 16:47:21,865 [ERROR] LogOutputStream:75 - [STDERR_REDIRECT] WARNING: Couldn't flush system prefs: java.util.prefs.BackingStoreException: Couldn't get file lock.
2025-09-11 16:47:21,865 [ERROR] LogOutputStream:75 - [STDERR_REDIRECT] 
2025-09-11 16:47:51,861 [ERROR] LogOutputStream:75 - [STDERR_REDIRECT] Sep 11, 2025 4:47:51 PM java.util.prefs.FileSystemPreferences checkLockFile0ErrorCode
2025-09-11 16:47:51,861 [ERROR] LogOutputStream:75 - [STDERR_REDIRECT] WARNING: Could not lock System prefs. Unix error code 2.
2025-09-11 16:47:51,861 [ERROR] LogOutputStream:75 - [STDERR_REDIRECT] 
2025-09-11 16:47:51,862 [ERROR] LogOutputStream:75 - [STDERR_REDIRECT] Sep 11, 2025 4:47:51 PM java.util.prefs.FileSystemPreferences syncWorld
2025-09-11 16:47:51,862 [ERROR] LogOutputStream:75 - [STDERR_REDIRECT] WARNING: Couldn't flush system prefs: java.util.prefs.BackingStoreException: Couldn't get file lock.
2025-09-11 16:47:51,862 [ERROR] LogOutputStream:75 - [STDERR_REDIRECT] 
2025-09-11 16:48:21,862 [ERROR] LogOutputStream:75 - [STDERR_REDIRECT] Sep 11, 2025 4:48:21 PM java.util.prefs.FileSystemPreferences checkLockFile0ErrorCode
2025-09-11 16:48:21,862 [ERROR] LogOutputStream:75 - [STDERR_REDIRECT] WARNING: Could not lock System prefs. Unix error code 2.
2025-09-11 16:48:21,862 [ERROR] LogOutputStream:75 - [STDERR_REDIRECT] 
2025-09-11 16:48:21,863 [ERROR] LogOutputStream:75 - [STDERR_REDIRECT] Sep 11, 2025 4:48:21 PM java.util.prefs.FileSystemPreferences syncWorld
2025-09-11 16:48:21,863 [ERROR] LogOutputStream:75 - [STDERR_REDIRECT] WARNING: Couldn't flush system prefs: java.util.prefs.BackingStoreException: Couldn't get file lock.
2025-09-11 16:48:21,863 [ERROR] LogOutputStream:75 - [STDERR_REDIRECT] 
2025-09-11 16:48:41,480 [ERROR] LogOutputStream:75 - [STDERR_REDIRECT] 
