2025-09-17 10:33:55,228 [INFO] Activator:176 - 


2025-09-17 10:33:55,231 [INFO] Activator:177 - !SESSION log4j initialized
2025-09-17 10:33:56,947 [INFO] LogOutputStream:77 - [STDOUT_REDIRECT] 
2025-09-17 10:33:57,734 [INFO] ApplicationProperties:184 - Using Application install path: /opt/st/stm32cubeide_1.19.0/plugins/com.st.stm32cube.common.mx_6.15.0.202507011659
2025-09-17 10:33:57,746 [INFO] DbMcusXml:78 - Set database path to: /opt/st/stm32cubeide_1.19.0/plugins/com.st.stm32cube.common.mx_6.15.0.202507011659//db//mcu/
2025-09-17 10:33:57,746 [INFO] ApiDb:274 - Set plugin database path to: /opt/st/stm32cubeide_1.19.0/plugins/com.st.stm32cube.common.mx_6.15.0.202507011659//db//plugins/boardmanager/
2025-09-17 10:33:57,746 [WARN] ApiDb:259 - Overriding images path with different value:  => /opt/st/stm32cubeide_1.19.0/plugins/com.st.stm32cube.common.mx_6.15.0.202507011659//db//plugins/mcufinder/images/
2025-09-17 10:33:57,751 [INFO] ApiDb:250 - Set database path to: /home/matijak/.stmcufinder/plugins/mcufinder//mcu/
2025-09-17 10:33:57,752 [INFO] DbMcusAds:125 - Set database path to: /home/matijak/.stmcufinder/plugins/mcufinder//mcu/
2025-09-17 10:33:57,753 [INFO] CrossReferenceDbSqlite:203 - Set database path to: /home/matijak/.stmcufinder/plugins/mcufinder//mcu/cs/
2025-09-17 10:33:57,838 [INFO] RulesReader:64 - Compatibility file has been processed (317 Rules)
2025-09-17 10:33:57,885 [INFO] DbMcusXml:78 - Set database path to: /opt/st/stm32cubeide_1.19.0/plugins/com.st.stm32cube.common.mx_6.15.0.202507011659//db//mcu/
2025-09-17 10:33:57,885 [INFO] ApiDb:274 - Set plugin database path to: /opt/st/stm32cubeide_1.19.0/plugins/com.st.stm32cube.common.mx_6.15.0.202507011659//db//plugins/boardmanager/
2025-09-17 10:33:57,885 [INFO] ApiDb:261 - Set plugin images path to: /opt/st/stm32cubeide_1.19.0/plugins/com.st.stm32cube.common.mx_6.15.0.202507011659//db//plugins/mcufinder/images/
2025-09-17 10:33:57,885 [WARN] DbFile:41 - Overriding database path with different value: /home/matijak/.stmcufinder/plugins/mcufinder/ => /home/matijak/.stmcufinder/plugins/mcufinder
2025-09-17 10:33:57,885 [INFO] ApiDb:250 - Set database path to: /home/matijak/.stmcufinder/plugins/mcufinder//mcu/
2025-09-17 10:33:57,885 [WARN] DbFile:41 - Overriding database path with different value: /home/matijak/.stmcufinder/plugins/mcufinder/ => /home/matijak/.stmcufinder/plugins/mcufinder
2025-09-17 10:33:57,885 [INFO] DbMcusAds:125 - Set database path to: /home/matijak/.stmcufinder/plugins/mcufinder//mcu/
2025-09-17 10:33:57,886 [WARN] DbFile:41 - Overriding database path with different value: /home/matijak/.stmcufinder/plugins/mcufinder/ => /home/matijak/.stmcufinder/plugins/mcufinder
2025-09-17 10:33:57,886 [WARN] DbFile:41 - Overriding database path with different value: /home/matijak/.stmcufinder/plugins/mcufinder/ => /home/matijak/.stmcufinder/plugins/mcufinder
2025-09-17 10:33:57,886 [INFO] CrossReferenceDbSqlite:203 - Set database path to: /home/matijak/.stmcufinder/plugins/mcufinder//mcu/cs/
2025-09-17 10:33:57,935 [INFO] MainPanel:274 - HeapMemory: 268435456
2025-09-17 10:33:58,059 [INFO] DbMcusXml:78 - Set database path to: /opt/st/stm32cubeide_1.19.0/plugins/com.st.stm32cube.common.mx_6.15.0.202507011659//db//mcu/
2025-09-17 10:33:58,059 [INFO] ApiDb:274 - Set plugin database path to: /opt/st/stm32cubeide_1.19.0/plugins/com.st.stm32cube.common.mx_6.15.0.202507011659//db//plugins/boardmanager/
2025-09-17 10:33:58,059 [INFO] ApiDb:261 - Set plugin images path to: /opt/st/stm32cubeide_1.19.0/plugins/com.st.stm32cube.common.mx_6.15.0.202507011659//db//plugins/mcufinder/images/
2025-09-17 10:33:58,059 [WARN] DbFile:41 - Overriding database path with different value: /home/matijak/.stmcufinder/plugins/mcufinder/ => /home/matijak/.stmcufinder/plugins/mcufinder
2025-09-17 10:33:58,059 [INFO] ApiDb:250 - Set database path to: /home/matijak/.stmcufinder/plugins/mcufinder//mcu/
2025-09-17 10:33:58,060 [WARN] DbFile:41 - Overriding database path with different value: /home/matijak/.stmcufinder/plugins/mcufinder/ => /home/matijak/.stmcufinder/plugins/mcufinder
2025-09-17 10:33:58,060 [INFO] DbMcusAds:125 - Set database path to: /home/matijak/.stmcufinder/plugins/mcufinder//mcu/
2025-09-17 10:33:58,060 [WARN] DbFile:41 - Overriding database path with different value: /home/matijak/.stmcufinder/plugins/mcufinder/ => /home/matijak/.stmcufinder/plugins/mcufinder
2025-09-17 10:33:58,060 [WARN] DbFile:41 - Overriding database path with different value: /home/matijak/.stmcufinder/plugins/mcufinder/ => /home/matijak/.stmcufinder/plugins/mcufinder
2025-09-17 10:33:58,060 [INFO] CrossReferenceDbSqlite:203 - Set database path to: /home/matijak/.stmcufinder/plugins/mcufinder//mcu/cs/
2025-09-17 10:33:58,073 [INFO] ApplicationProperties:184 - Using Application install path: /opt/st/stm32cubeide_1.19.0/plugins/com.st.stm32cube.common.mx_6.15.0.202507011659
2025-09-17 10:33:58,075 [INFO] PluginManage:196 - Search for loadable plugins [exclusion list=, ]
2025-09-17 10:33:58,075 [INFO] PluginManage:310 - Check plugin analytics
2025-09-17 10:33:58,173 [INFO] AnalyticsPlugin:253 - Accepted Software Licenses: 
2025-09-17 10:33:58,173 [INFO] AnalyticsPlugin:255 - Accepted CMSIS Pack Licenses: 
2025-09-17 10:33:58,173 [INFO] AnalyticsPlugin:257 - Accepted Firmware Licenses: FW.L4.1.18.0,FW.G4.1.6.0
2025-09-17 10:33:58,174 [INFO] PluginManage:359 - Loaded plugin analytics (category:tool,tabindex:-1)
2025-09-17 10:33:58,174 [INFO] PluginManage:310 - Check plugin cadmodel
2025-09-17 10:33:58,178 [INFO] CADModel:105 - Init CAD model plugin
2025-09-17 10:33:58,178 [INFO] PluginManage:359 - Loaded plugin cadmodel (category:power,tabindex:5)
2025-09-17 10:33:58,178 [INFO] PluginManage:310 - Check plugin clock
2025-09-17 10:33:58,183 [INFO] PluginManage:359 - Loaded plugin clock (category:base,tabindex:2)
2025-09-17 10:33:58,183 [INFO] PluginManage:310 - Check plugin ddr
2025-09-17 10:33:58,185 [INFO] PluginManage:359 - Loaded plugin ddr (category:tool,tabindex:6)
2025-09-17 10:33:58,185 [INFO] PluginManage:310 - Check plugin filemanager
2025-09-17 10:33:58,277 [INFO] PluginManage:359 - Loaded plugin filemanager (category:base,tabindex:10)
2025-09-17 10:33:58,277 [INFO] PluginManage:310 - Check plugin ipmanager
2025-09-17 10:33:58,281 [INFO] PluginManage:359 - Loaded plugin ipmanager (category:base,tabindex:5)
2025-09-17 10:33:58,281 [INFO] PluginManage:310 - Check plugin lpbam
2025-09-17 10:33:58,288 [INFO] PluginManage:359 - Loaded plugin lpbam (category:base,tabindex:0)
2025-09-17 10:33:58,288 [INFO] PluginManage:310 - Check plugin memorymap
2025-09-17 10:33:58,296 [INFO] PluginManage:359 - Loaded plugin memorymap (category:base,tabindex:4)
2025-09-17 10:33:58,296 [INFO] PluginManage:310 - Check plugin pinoutandconfiguration
2025-09-17 10:33:58,301 [INFO] PluginManage:359 - Loaded plugin pinoutandconfiguration (category:base,tabindex:1)
2025-09-17 10:33:58,302 [INFO] PluginManage:310 - Check plugin pinoutconfig
2025-09-17 10:33:58,356 [WARN] SupportedApi:132 - Cannot load RTOS API schema: s4s-elt-must-match.1: The content of 'definitions' must match (annotation?, (simpleType | complexType)?, (unique | key | keyref)*)). A problem was found starting at: attribute.
2025-09-17 10:33:58,448 [INFO] PluginManage:359 - Loaded plugin pinoutconfig (category:base,tabindex:0)
2025-09-17 10:33:58,448 [INFO] PluginManage:310 - Check plugin power
2025-09-17 10:33:58,456 [INFO] PluginManage:359 - Loaded plugin power (category:power,tabindex:4)
2025-09-17 10:33:58,456 [INFO] PluginManage:310 - Check plugin projectmanager
2025-09-17 10:33:58,466 [INFO] PluginManage:359 - Loaded plugin projectmanager (category:projectmanager,tabindex:4)
2025-09-17 10:33:58,466 [INFO] PluginManage:310 - Check plugin rif
2025-09-17 10:33:58,473 [INFO] PluginManage:359 - Loaded plugin rif (category:base,tabindex:3)
2025-09-17 10:33:58,473 [INFO] PluginManage:310 - Check plugin thirdparty
2025-09-17 10:33:58,553 [INFO] PluginManage:359 - Loaded plugin thirdparty (category:base,tabindex:-1)
2025-09-17 10:33:58,553 [WARN] IntegrityCheckThread:84 - waiting for thirdparty lock release [integrity check]
2025-09-17 10:33:58,553 [INFO] PluginManage:310 - Check plugin tools
2025-09-17 10:33:58,553 [INFO] IntegrityCheckThread:86 - entering critical section [integrity check]
2025-09-17 10:33:58,553 [INFO] ThirdPartyUpdaterWithRetryManager:70 - Updater plugin not ready yet. [1/15]
2025-09-17 10:33:58,555 [INFO] PluginManage:359 - Loaded plugin tools (category:base,tabindex:7)
2025-09-17 10:33:58,555 [INFO] PluginManage:310 - Check plugin tutovideos
2025-09-17 10:33:58,682 [INFO] PluginManage:359 - Loaded plugin tutovideos (category:base,tabindex:-1)
2025-09-17 10:33:58,682 [INFO] PluginManage:310 - Check plugin updater
2025-09-17 10:33:58,698 [INFO] PluginManage:359 - Loaded plugin updater (category:base,tabindex:12)
2025-09-17 10:33:58,698 [INFO] PluginManage:310 - Check plugin userauth
2025-09-17 10:33:58,700 [INFO] UserAuth:118 - Init User Auth plugin
2025-09-17 10:33:58,701 [INFO] PluginManage:359 - Loaded plugin userauth (category:base,tabindex:14)
2025-09-17 10:33:58,701 [INFO] PluginManage:283 - PluginManage : Loaded plugins [18]
2025-09-17 10:33:58,806 [INFO] PinOutPanel:1589 - setPackage(No Configuration,No Configuration)
2025-09-17 10:33:58,853 [INFO] CADModel:165 - CPN selected for project level
2025-09-17 10:33:58,853 [INFO] CADModel:114 - Register for checkConnection events
2025-09-17 10:33:58,865 [INFO] IPUIPlugin:80 - create IPUIPlugin
2025-09-17 10:33:58,865 [INFO] PluginManager:220 - loadIPPluginJar : add adc
2025-09-17 10:33:58,867 [INFO] IPUIPlugin:80 - create IPUIPlugin
2025-09-17 10:33:58,867 [INFO] PluginManager:220 - loadIPPluginJar : add aes
2025-09-17 10:33:58,868 [INFO] IPUIPlugin:80 - create IPUIPlugin
2025-09-17 10:33:58,869 [INFO] PluginManager:220 - loadIPPluginJar : add can
2025-09-17 10:33:58,869 [INFO] IPUIPlugin:80 - create IPUIPlugin
2025-09-17 10:33:58,869 [INFO] PluginManager:220 - loadIPPluginJar : add comp
2025-09-17 10:33:58,871 [INFO] IPUIPlugin:80 - create IPUIPlugin
2025-09-17 10:33:58,871 [INFO] PluginManager:220 - loadIPPluginJar : add cryp
2025-09-17 10:33:58,873 [INFO] IPUIPlugin:80 - create IPUIPlugin
2025-09-17 10:33:58,873 [INFO] PluginManager:220 - loadIPPluginJar : add ddr_ctrl_phy
2025-09-17 10:33:58,875 [INFO] IPUIPlugin:80 - create IPUIPlugin
2025-09-17 10:33:58,875 [INFO] PluginManager:220 - loadIPPluginJar : add dfsdm
2025-09-17 10:33:58,880 [INFO] IPUIPlugin:80 - create IPUIPlugin
2025-09-17 10:33:58,880 [INFO] PluginManager:220 - loadIPPluginJar : add dma
2025-09-17 10:33:58,882 [INFO] IPUIPlugin:80 - create IPUIPlugin
2025-09-17 10:33:58,882 [INFO] PluginManager:220 - loadIPPluginJar : add dma3
2025-09-17 10:33:58,884 [INFO] IPUIPlugin:80 - create IPUIPlugin
2025-09-17 10:33:58,884 [INFO] PluginManager:220 - loadIPPluginJar : add extmemmanager
2025-09-17 10:33:58,885 [INFO] IPUIPlugin:80 - create IPUIPlugin
2025-09-17 10:33:58,885 [INFO] PluginManager:220 - loadIPPluginJar : add fatfs
2025-09-17 10:33:58,888 [INFO] IPUIPlugin:80 - create IPUIPlugin
2025-09-17 10:33:58,888 [INFO] PluginManager:220 - loadIPPluginJar : add fmc
2025-09-17 10:33:58,894 [INFO] IPUIPlugin:80 - create IPUIPlugin
2025-09-17 10:33:58,894 [INFO] PluginManager:220 - loadIPPluginJar : add freertos
2025-09-17 10:33:58,895 [INFO] IPUIPlugin:80 - create IPUIPlugin
2025-09-17 10:33:58,895 [INFO] PluginManager:220 - loadIPPluginJar : add genericplugin
2025-09-17 10:33:58,896 [INFO] IPUIPlugin:80 - create IPUIPlugin
2025-09-17 10:33:58,897 [INFO] PluginManager:220 - loadIPPluginJar : add gfxmmu
2025-09-17 10:33:58,900 [INFO] IPUIPlugin:80 - create IPUIPlugin
2025-09-17 10:33:58,901 [INFO] PluginManager:220 - loadIPPluginJar : add gic
2025-09-17 10:33:58,904 [INFO] IPUIPlugin:80 - create IPUIPlugin
2025-09-17 10:33:58,904 [INFO] PluginManager:220 - loadIPPluginJar : add gpio
2025-09-17 10:33:58,907 [INFO] IPUIPlugin:80 - create IPUIPlugin
2025-09-17 10:33:58,907 [INFO] PluginManager:220 - loadIPPluginJar : add gtzc
2025-09-17 10:33:58,908 [INFO] IPUIPlugin:80 - create IPUIPlugin
2025-09-17 10:33:58,908 [INFO] PluginManager:220 - loadIPPluginJar : add hash
2025-09-17 10:33:58,909 [INFO] IPUIPlugin:80 - create IPUIPlugin
2025-09-17 10:33:58,909 [INFO] PluginManager:220 - loadIPPluginJar : add i2c
2025-09-17 10:33:58,911 [INFO] IPUIPlugin:80 - create IPUIPlugin
2025-09-17 10:33:58,911 [INFO] PluginManager:220 - loadIPPluginJar : add i2s
2025-09-17 10:33:58,913 [INFO] IPUIPlugin:80 - create IPUIPlugin
2025-09-17 10:33:58,914 [INFO] PluginManager:220 - loadIPPluginJar : add i3c
2025-09-17 10:33:58,916 [INFO] IPUIPlugin:80 - create IPUIPlugin
2025-09-17 10:33:58,916 [INFO] PluginManager:220 - loadIPPluginJar : add ipddr
2025-09-17 10:33:58,922 [INFO] IPUIPlugin:80 - create IPUIPlugin
2025-09-17 10:33:58,922 [INFO] PluginManager:220 - loadIPPluginJar : add linkedlist
2025-09-17 10:33:58,924 [INFO] IPUIPlugin:80 - create IPUIPlugin
2025-09-17 10:33:58,924 [INFO] PluginManager:220 - loadIPPluginJar : add lorawan
2025-09-17 10:33:58,925 [INFO] IPUIPlugin:80 - create IPUIPlugin
2025-09-17 10:33:58,926 [INFO] PluginManager:220 - loadIPPluginJar : add ltdc
2025-09-17 10:33:58,930 [INFO] IPUIPlugin:80 - create IPUIPlugin
2025-09-17 10:33:58,930 [INFO] PluginManager:220 - loadIPPluginJar : add mdma
2025-09-17 10:33:58,933 [INFO] IPUIPlugin:80 - create IPUIPlugin
2025-09-17 10:33:58,934 [INFO] PluginManager:220 - loadIPPluginJar : add nvic
2025-09-17 10:33:58,936 [INFO] IPUIPlugin:80 - create IPUIPlugin
2025-09-17 10:33:58,936 [INFO] PluginManager:220 - loadIPPluginJar : add opamp
2025-09-17 10:33:58,937 [INFO] IPUIPlugin:80 - create IPUIPlugin
2025-09-17 10:33:58,938 [INFO] PluginManager:220 - loadIPPluginJar : add openamp
2025-09-17 10:33:58,939 [INFO] IPUIPlugin:80 - create IPUIPlugin
2025-09-17 10:33:58,940 [INFO] PluginManager:220 - loadIPPluginJar : add pdm2pcm
2025-09-17 10:33:58,945 [INFO] IPUIPlugin:80 - create IPUIPlugin
2025-09-17 10:33:58,947 [INFO] PluginManager:220 - loadIPPluginJar : add plateformsettings
2025-09-17 10:33:58,948 [INFO] IPUIPlugin:80 - create IPUIPlugin
2025-09-17 10:33:58,948 [INFO] PluginManager:220 - loadIPPluginJar : add quadspi
2025-09-17 10:33:58,949 [INFO] IPUIPlugin:80 - create IPUIPlugin
2025-09-17 10:33:58,949 [INFO] PluginManager:220 - loadIPPluginJar : add radio
2025-09-17 10:33:58,951 [INFO] IPUIPlugin:80 - create IPUIPlugin
2025-09-17 10:33:58,951 [INFO] PluginManager:220 - loadIPPluginJar : add resmgrutility
2025-09-17 10:33:58,953 [INFO] IPUIPlugin:80 - create IPUIPlugin
2025-09-17 10:33:58,953 [INFO] PluginManager:220 - loadIPPluginJar : add sai
2025-09-17 10:33:58,954 [INFO] IPUIPlugin:80 - create IPUIPlugin
2025-09-17 10:33:58,954 [INFO] PluginManager:220 - loadIPPluginJar : add spi
2025-09-17 10:33:58,959 [INFO] IPUIPlugin:80 - create IPUIPlugin
2025-09-17 10:33:58,960 [INFO] PluginManager:220 - loadIPPluginJar : add stm32_wpan
2025-09-17 10:33:58,961 [INFO] IPUIPlugin:80 - create IPUIPlugin
2025-09-17 10:33:58,961 [INFO] PluginManager:220 - loadIPPluginJar : add tim
2025-09-17 10:33:58,963 [INFO] IPUIPlugin:80 - create IPUIPlugin
2025-09-17 10:33:58,963 [INFO] PluginManager:220 - loadIPPluginJar : add touchsensing
2025-09-17 10:33:58,964 [INFO] IPUIPlugin:80 - create IPUIPlugin
2025-09-17 10:33:58,964 [INFO] PluginManager:220 - loadIPPluginJar : add tracer_emb
2025-09-17 10:33:58,965 [INFO] IPUIPlugin:80 - create IPUIPlugin
2025-09-17 10:33:58,966 [INFO] PluginManager:220 - loadIPPluginJar : add ts
2025-09-17 10:33:58,966 [INFO] IPUIPlugin:80 - create IPUIPlugin
2025-09-17 10:33:58,966 [INFO] PluginManager:220 - loadIPPluginJar : add tsc
2025-09-17 10:33:58,968 [INFO] IPUIPlugin:80 - create IPUIPlugin
2025-09-17 10:33:58,968 [INFO] PluginManager:220 - loadIPPluginJar : add ucpd
2025-09-17 10:33:58,969 [INFO] IPUIPlugin:80 - create IPUIPlugin
2025-09-17 10:33:58,969 [INFO] PluginManager:220 - loadIPPluginJar : add usart
2025-09-17 10:33:58,971 [INFO] IPUIPlugin:80 - create IPUIPlugin
2025-09-17 10:33:58,971 [INFO] PluginManager:220 - loadIPPluginJar : add usbx
2025-09-17 10:33:59,062 [FATAL] Updater:351 - Updater called before beeing initialized
2025-09-17 10:33:59,078 [INFO] RulesReader:64 - Compatibility file has been processed (317 Rules)
2025-09-17 10:33:59,086 [INFO] RulesReader:64 - Compatibility file has been processed (317 Rules)
2025-09-17 10:33:59,091 [INFO] CADModel:165 - CPN selected for project level
2025-09-17 10:33:59,092 [INFO] CADModel:114 - Register for checkConnection events
2025-09-17 10:33:59,092 [FATAL] Updater:351 - Updater called before beeing initialized
2025-09-17 10:33:59,092 [ERROR] CADModel:125 - Updater not yet initialized, retry later 
2025-09-17 10:33:59,166 [FATAL] Updater:351 - Updater called before beeing initialized
2025-09-17 10:33:59,167 [INFO] CADModel:165 - CPN selected for project level
2025-09-17 10:33:59,167 [INFO] CADModel:114 - Register for checkConnection events
2025-09-17 10:33:59,167 [FATAL] Updater:351 - Updater called before beeing initialized
2025-09-17 10:33:59,167 [ERROR] CADModel:125 - Updater not yet initialized, retry later 
2025-09-17 10:33:59,169 [FATAL] Updater:351 - Updater called before beeing initialized
2025-09-17 10:33:59,222 [FATAL] Updater:351 - Updater called before beeing initialized
2025-09-17 10:33:59,225 [INFO] DbMcusAds:53 - JSON generation date=Tue Jul 08 10:14:23 CEST 2025 (1751962463582)
2025-09-17 10:33:59,225 [FATAL] Updater:351 - Updater called before beeing initialized
2025-09-17 10:33:59,250 [WARN] DetailPanel:346 - Failed to get advertising image, set to default
2025-09-17 10:33:59,297 [FATAL] Updater:351 - Updater called before beeing initialized
2025-09-17 10:33:59,299 [FATAL] Updater:351 - Updater called before beeing initialized
2025-09-17 10:33:59,299 [FATAL] Updater:351 - Updater called before beeing initialized
2025-09-17 10:33:59,299 [WARN] DetailPanel:346 - Failed to get advertising image, set to default
2025-09-17 10:33:59,300 [FATAL] Updater:351 - Updater called before beeing initialized
2025-09-17 10:33:59,318 [ERROR] Updater:1198 - MainUpdater not yet initialized. External WinMGr cannot be set.
2025-09-17 10:33:59,319 [INFO] Updater:1134 - Updater Version found : 6.15.0
2025-09-17 10:33:59,330 [INFO] ApplicationProperties:184 - Using Application install path: /opt/st/stm32cubeide_1.19.0/plugins/com.st.stm32cube.common.mx_6.15.0.202507011659
2025-09-17 10:33:59,338 [ERROR] LogOutputStream:75 - [STDERR_REDIRECT] Sep 17, 2025 10:33:59 AM java.util.prefs.FileSystemPreferences$2 run
2025-09-17 10:33:59,338 [ERROR] LogOutputStream:75 - [STDERR_REDIRECT] WARNING: Could not create system preferences directory. System preferences are unusable.
2025-09-17 10:33:59,338 [ERROR] LogOutputStream:75 - [STDERR_REDIRECT] 
2025-09-17 10:33:59,744 [INFO] MainUpdater:2872 - connection check result : 10
2025-09-17 10:33:59,744 [INFO] MainUpdater:289 - Updater Check For Update Now.
2025-09-17 10:33:59,744 [INFO] MicroXplorer:498 - Change Database Version : DB.6.0.150
2025-09-17 10:33:59,756 [INFO] McuFinderGlobals:63 - Set McuFinder mode to 2 (CubeIDE integrated)
2025-09-17 10:33:59,756 [INFO] UserAuth:487 - Internet connection configuration mode: 1
2025-09-17 10:33:59,772 [INFO] JxBrowserEngine:152 - Initiate JxBrowser Engine with user profile folder
2025-09-17 10:33:59,892 [INFO] CheckServerUpdateThread:120 - End of CheckServer Thread
2025-09-17 10:34:00,314 [INFO] WebApp:169 - Instantiating new browser for Auth
2025-09-17 10:34:00,735 [INFO] WebApp:463 - Apply proxy settings
2025-09-17 10:34:00,736 [INFO] WebApp:548 - Chromium requires no authentication
2025-09-17 10:34:00,741 [INFO] WebApp:491 - Direct internet connection detected
2025-09-17 10:34:00,753 [INFO] WebApp:900 - Register for checkConnection events
2025-09-17 10:34:00,753 [INFO] WebApp:463 - Apply proxy settings
2025-09-17 10:34:00,753 [INFO] WebApp:548 - Chromium requires no authentication
2025-09-17 10:34:00,754 [INFO] WebApp:491 - Direct internet connection detected
2025-09-17 10:34:00,837 [INFO] WebApp:225 - Starting web application
2025-09-17 10:34:00,837 [INFO] WebApp:593 - Web application path used /opt/st/stm32cubeide_1.19.0/plugins/com.st.stm32cube.common.mx_6.15.0.202507011659/db/plugins/mcufinder/reactClient1/index.html
2025-09-17 10:34:00,900 [INFO] UserAuth:487 - Internet connection configuration mode: 1
2025-09-17 10:34:01,179 [INFO] WebApp:191 - Connection restablished
2025-09-17 10:34:01,661 [WARN] PackLoader:240 - Cannot read IP mode file for STMicroelectronics.FP-SNS-MOTENVWB1.1.4.0
2025-09-17 10:34:01,666 [WARN] PackLoader:240 - Cannot read IP mode file for STMicroelectronics.FP-ATR-ASTRA1.2.0.2
2025-09-17 10:34:01,670 [WARN] PackLoader:240 - Cannot read IP mode file for STMicroelectronics.X-CUBE-SMBUS.2.1.0
2025-09-17 10:34:01,673 [WARN] PackLoader:240 - Cannot read IP mode file for STMicroelectronics.X-CUBE-ST60.1.0.0
2025-09-17 10:34:01,692 [WARN] PackLoader:240 - Cannot read IP mode file for STMicroelectronics.X-CUBE-AZRTOS-F7.1.1.0
2025-09-17 10:34:01,701 [WARN] PackLoader:240 - Cannot read IP mode file for WES.I-CUBE-Cesium.1.4.0
2025-09-17 10:34:01,717 [WARN] PackLoader:240 - Cannot read IP mode file for Infineon.AIROC-Wi-Fi-Bluetooth-STM32.1.7.1
2025-09-17 10:34:01,740 [WARN] PackLoader:240 - Cannot read IP mode file for STMicroelectronics.X-CUBE-AZRTOS-H7.3.4.0
2025-09-17 10:34:01,748 [WARN] PackLoader:240 - Cannot read IP mode file for STMicroelectronics.X-CUBE-DISPLAY.3.0.0
2025-09-17 10:34:01,757 [WARN] PackLoader:240 - Cannot read IP mode file for STMicroelectronics.X-CUBE-NFC10.1.0.0
2025-09-17 10:34:01,762 [WARN] PackLoader:240 - Cannot read IP mode file for emotas.I-CUBE-CANOPEN.1.3.0
2025-09-17 10:34:01,767 [WARN] PackLoader:240 - Cannot read IP mode file for STMicroelectronics.FP-SNS-STBOX1.2.1.0
2025-09-17 10:34:01,771 [WARN] PackLoader:240 - Cannot read IP mode file for STMicroelectronics.FP-SNS-SMARTAG2.1.2.0
2025-09-17 10:34:01,774 [WARN] PackLoader:240 - Cannot read IP mode file for STMicroelectronics.FP-SNS-FLIGHT1.5.1.0
2025-09-17 10:34:01,780 [INFO] LogOutputStream:77 - [STDOUT_REDIRECT] 1 : Invalid condition id : UX_CORESTACK_Condition cause : null
2025-09-17 10:34:01,781 [INFO] LogOutputStream:77 - [STDOUT_REDIRECT] 1 : Invalid condition id : UX_CORESTACK_Condition cause : null
2025-09-17 10:34:01,781 [INFO] LogOutputStream:77 - [STDOUT_REDIRECT] 1 : Invalid condition id : UX_CORESTACK_Condition cause : null
2025-09-17 10:34:01,782 [INFO] LogOutputStream:77 - [STDOUT_REDIRECT] 1 : Invalid condition id : UX_CORESTACK_Condition cause : null
2025-09-17 10:34:01,782 [INFO] LogOutputStream:77 - [STDOUT_REDIRECT] 1 : Invalid condition id : UX_CORESTACK_Condition cause : null
2025-09-17 10:34:01,784 [WARN] PackLoader:240 - Cannot read IP mode file for STMicroelectronics.X-CUBE-AZRTOS-WL.2.0.0
2025-09-17 10:34:01,788 [WARN] PackLoader:240 - Cannot read IP mode file for STMicroelectronics.FP-SNS-MOTENV1.5.0.0
2025-09-17 10:34:01,793 [WARN] PackLoader:240 - Cannot read IP mode file for STMicroelectronics.X-CUBE-BLE2.3.3.0
2025-09-17 10:34:01,798 [WARN] PackLoader:240 - Cannot read IP mode file for STMicroelectronics.X-CUBE-NFC9.1.0.0
2025-09-17 10:34:01,802 [WARN] PackLoader:240 - Cannot read IP mode file for wolfSSL.I-CUBE-wolfSSL.5.8.2
2025-09-17 10:34:01,805 [WARN] PackLoader:240 - Cannot read IP mode file for STMicroelectronics.X-CUBE-BLE1.7.1.0
2025-09-17 10:34:01,807 [WARN] PackLoader:240 - Cannot read IP mode file for wolfSSL.I-CUBE-wolfMQTT.1.19.2
2025-09-17 10:34:01,811 [WARN] PackLoader:240 - Cannot read IP mode file for STMicroelectronics.X-CUBE-EEPRMA1.5.2.0
2025-09-17 10:34:01,821 [WARN] PackLoader:240 - Cannot read IP mode file for STMicroelectronics.X-CUBE-AZRTOS-G0.1.1.0
2025-09-17 10:34:01,827 [WARN] PackLoader:240 - Cannot read IP mode file for STMicroelectronics.X-CUBE-SAFEA1.1.2.2
2025-09-17 10:34:01,832 [WARN] PackLoader:240 - Cannot read IP mode file for STMicroelectronics.X-CUBE-NFC4.3.0.0
2025-09-17 10:34:01,837 [WARN] PackLoader:240 - Cannot read IP mode file for EmbeddedOffice.I-CUBE-FS-RTOS.1.0.1
2025-09-17 10:34:01,841 [WARN] PackLoader:240 - Cannot read IP mode file for STMicroelectronics.X-CUBE-WB05N.2.0.0
2025-09-17 10:34:01,844 [WARN] PackLoader:240 - Cannot read IP mode file for wolfSSL.I-CUBE-wolfTPM.3.8.0
2025-09-17 10:34:01,848 [WARN] PackLoader:240 - Cannot read IP mode file for STMicroelectronics.X-CUBE-TCPP.4.2.0
2025-09-17 10:34:01,853 [WARN] PackLoader:240 - Cannot read IP mode file for RealThread.X-CUBE-RT-Thread_Nano.4.1.1
2025-09-17 10:34:01,856 [WARN] PackLoader:240 - Cannot read IP mode file for STMicroelectronics.FP-ATR-SIGFOX1.3.2.0
2025-09-17 10:34:01,860 [WARN] PackLoader:240 - Cannot read IP mode file for ITTIA_DB.I-CUBE-ITTIADB.8.9.0
2025-09-17 10:34:01,864 [WARN] PackLoader:240 - Cannot read IP mode file for STMicroelectronics.X-CUBE-ST67W61.1.0.0
2025-09-17 10:34:01,867 [WARN] PackLoader:240 - Cannot read IP mode file for STMicroelectronics.X-CUBE-AI.10.2.0
2025-09-17 10:34:01,893 [WARN] PackLoader:240 - Cannot read IP mode file for SEGGER.I-CUBE-embOS.1.3.1
2025-09-17 10:34:01,959 [WARN] PackLoader:240 - Cannot read IP mode file for STMicroelectronics.X-CUBE-ALGOBUILD.1.4.0
2025-09-17 10:34:02,006 [WARN] PackLoader:240 - Cannot read IP mode file for STMicroelectronics.X-CUBE-MEMS1.11.3.0
2025-09-17 10:34:02,141 [WARN] PackLoader:240 - Cannot read IP mode file for STMicroelectronics.X-CUBE-PM33A1.1.0.0
2025-09-17 10:34:02,153 [WARN] PackLoader:240 - Cannot read IP mode file for STMicroelectronics.X-CUBE-AZRTOS-F4.1.1.0
2025-09-17 10:34:02,158 [WARN] PackLoader:240 - Cannot read IP mode file for Avnet-IotConnect.X-CUBE-IoTC-DA16k-PMOD.1.0.0
2025-09-17 10:34:02,161 [WARN] PackLoader:240 - Cannot read IP mode file for STMicroelectronics.X-CUBE-ISPU.2.1.0
2025-09-17 10:34:02,167 [WARN] PackLoader:240 - Cannot read IP mode file for STMicroelectronics.X-CUBE-NFC12.1.0.0
2025-09-17 10:34:02,179 [WARN] PackLoader:240 - Cannot read IP mode file for STMicroelectronics.X-CUBE-AZRTOS-L5.2.0.0
2025-09-17 10:34:02,185 [WARN] PackLoader:240 - Cannot read IP mode file for STMicroelectronics.X-CUBE-NFC6.3.1.0
2025-09-17 10:34:02,190 [WARN] PackLoader:240 - Cannot read IP mode file for STMicroelectronics.X-CUBE-FREERTOS.1.3.1
2025-09-17 10:34:02,193 [WARN] PackLoader:240 - Cannot read IP mode file for STMicroelectronics.FP-SNS-STAIOTCFT.1.0.0
2025-09-17 10:34:02,197 [WARN] PackLoader:240 - Cannot read IP mode file for STMicroelectronics.X-CUBE-DPower.1.3.0
2025-09-17 10:34:02,206 [WARN] ConditionMgr:438 - getConditionDescription Invalid condition id : LAN8742 Phy interface Condition cause : null
2025-09-17 10:34:02,207 [WARN] PackLoader:240 - Cannot read IP mode file for STMicroelectronics.X-CUBE-AZRTOS-L4.2.0.0
2025-09-17 10:34:02,207 [WARN] ConditionMgr:1044 - genDependencies : Invalid condition id : LAN8742 Phy interface Condition cause : null
2025-09-17 10:34:02,208 [WARN] ConditionMgr:1044 - genDependencies : Invalid condition id : LAN8742 Phy interface Condition cause : null
2025-09-17 10:34:02,208 [WARN] ConditionMgr:1044 - genDependencies : Invalid condition id : LAN8742 Phy interface Condition cause : null
2025-09-17 10:34:02,213 [WARN] PackLoader:240 - Cannot read IP mode file for STMicroelectronics.X-CUBE-SFXS2LP1.4.0.0
2025-09-17 10:34:02,223 [WARN] PackLoader:240 - Cannot read IP mode file for STMicroelectronics.X-CUBE-BLEMGR.4.1.0
2025-09-17 10:34:02,233 [WARN] ConditionMgr:438 - getConditionDescription Invalid condition id : UX DEVICE CLASS RTOS Condition cause : null
2025-09-17 10:34:02,234 [WARN] ConditionMgr:438 - getConditionDescription Invalid condition id : UX DEVICE CLASS RTOS Condition cause : null
2025-09-17 10:34:02,235 [WARN] PackLoader:240 - Cannot read IP mode file for STMicroelectronics.X-CUBE-AZRTOS-WB.2.0.0
2025-09-17 10:34:02,235 [WARN] ConditionMgr:1044 - genDependencies : Invalid condition id : UX DEVICE CLASS RTOS Condition cause : null
2025-09-17 10:34:02,235 [WARN] ConditionMgr:1044 - genDependencies : Invalid condition id : UX DEVICE CLASS RTOS Condition cause : null
2025-09-17 10:34:02,235 [WARN] ConditionMgr:1044 - genDependencies : Invalid condition id : UX DEVICE CLASS RTOS Condition cause : null
2025-09-17 10:34:02,235 [WARN] ConditionMgr:1044 - genDependencies : Invalid condition id : UX DEVICE CLASS RTOS Condition cause : null
2025-09-17 10:34:02,235 [WARN] ConditionMgr:1044 - genDependencies : Invalid condition id : UX DEVICE CLASS RTOS Condition cause : null
2025-09-17 10:34:02,239 [WARN] PackLoader:240 - Cannot read IP mode file for STMicroelectronics.X-CUBE-GNSS1.7.0.1
2025-09-17 10:34:02,247 [WARN] PackLoader:240 - Cannot read IP mode file for STMicroelectronics.X-CUBE-TOUCHGFX.4.25.0
2025-09-17 10:34:02,250 [WARN] ConditionMgr:438 - getConditionDescription Invalid condition id : Cortex-A Device cause : null
2025-09-17 10:34:02,262 [WARN] ConditionMgr:1044 - genDependencies : Invalid condition id : Cortex-A Device cause : null
2025-09-17 10:34:02,262 [WARN] ConditionMgr:1044 - genDependencies : Invalid condition id : Cortex-A Device cause : null
2025-09-17 10:34:02,263 [WARN] ConditionMgr:1044 - genDependencies : Invalid condition id : Cortex-A Device cause : null
2025-09-17 10:34:02,270 [WARN] PackLoader:240 - Cannot read IP mode file for STMicroelectronics.X-CUBE-SUBG2.5.0.0
2025-09-17 10:34:02,282 [WARN] PackLoader:240 - Cannot read IP mode file for STMicroelectronics.X-CUBE-AZRTOS-H7RS.1.1.0
2025-09-17 10:34:02,286 [WARN] PackLoader:240 - Cannot read IP mode file for Cesanta.I-CUBE-Mongoose.7.13.0
2025-09-17 10:34:02,292 [WARN] PackLoader:240 - Cannot read IP mode file for STMicroelectronics.X-CUBE-AZRTOS-G4.2.0.0
2025-09-17 10:34:02,295 [WARN] PackLoader:240 - Cannot read IP mode file for wolfSSL.I-CUBE-wolfSSH.1.4.20
2025-09-17 10:34:02,298 [WARN] PackLoader:240 - Cannot read IP mode file for STMicroelectronics.X-CUBE-NFC7.2.0.0
2025-09-17 10:34:02,306 [WARN] PackLoader:240 - Cannot read IP mode file for STMicroelectronics.X-CUBE-IPS.3.1.0
2025-09-17 10:34:02,312 [WARN] PackLoader:240 - Cannot read IP mode file for STMicroelectronics.X-CUBE-ALS.1.0.2
2025-09-17 10:34:02,316 [WARN] PackLoader:240 - Cannot read IP mode file for STMicroelectronics.X-CUBE-STSE01.1.0.0
2025-09-17 10:34:02,322 [WARN] PackLoader:240 - Cannot read IP mode file for STMicroelectronics.X-CUBE-TOF1.3.4.3
2025-09-17 10:34:02,329 [INFO] ThirdParty:978 - Integrity check success = true
2025-09-17 10:34:02,329 [INFO] IntegrityCheckThread:100 - exiting critical section [integrity check]
2025-09-17 10:34:02,329 [INFO] IntegrityCheckThread:103 - End integrity checks thread
2025-09-17 10:34:28,634 [ERROR] LogOutputStream:75 - [STDERR_REDIRECT] Sep 17, 2025 10:34:28 AM java.util.prefs.FileSystemPreferences checkLockFile0ErrorCode
2025-09-17 10:34:28,634 [ERROR] LogOutputStream:75 - [STDERR_REDIRECT] WARNING: Could not lock System prefs. Unix error code 2.
2025-09-17 10:34:28,634 [ERROR] LogOutputStream:75 - [STDERR_REDIRECT] 
2025-09-17 10:34:28,635 [ERROR] LogOutputStream:75 - [STDERR_REDIRECT] Sep 17, 2025 10:34:28 AM java.util.prefs.FileSystemPreferences syncWorld
2025-09-17 10:34:28,635 [ERROR] LogOutputStream:75 - [STDERR_REDIRECT] WARNING: Couldn't flush system prefs: java.util.prefs.BackingStoreException: Couldn't get file lock.
2025-09-17 10:34:28,635 [ERROR] LogOutputStream:75 - [STDERR_REDIRECT] 
2025-09-17 10:34:58,620 [ERROR] LogOutputStream:75 - [STDERR_REDIRECT] Sep 17, 2025 10:34:58 AM java.util.prefs.FileSystemPreferences checkLockFile0ErrorCode
2025-09-17 10:34:58,620 [ERROR] LogOutputStream:75 - [STDERR_REDIRECT] WARNING: Could not lock System prefs. Unix error code 2.
2025-09-17 10:34:58,620 [ERROR] LogOutputStream:75 - [STDERR_REDIRECT] 
2025-09-17 10:34:58,621 [ERROR] LogOutputStream:75 - [STDERR_REDIRECT] Sep 17, 2025 10:34:58 AM java.util.prefs.FileSystemPreferences syncWorld
2025-09-17 10:34:58,621 [ERROR] LogOutputStream:75 - [STDERR_REDIRECT] WARNING: Couldn't flush system prefs: java.util.prefs.BackingStoreException: Couldn't get file lock.
2025-09-17 10:34:58,622 [ERROR] LogOutputStream:75 - [STDERR_REDIRECT] 
2025-09-17 10:35:28,619 [ERROR] LogOutputStream:75 - [STDERR_REDIRECT] Sep 17, 2025 10:35:28 AM java.util.prefs.FileSystemPreferences checkLockFile0ErrorCode
2025-09-17 10:35:28,619 [ERROR] LogOutputStream:75 - [STDERR_REDIRECT] WARNING: Could not lock System prefs. Unix error code 2.
2025-09-17 10:35:28,620 [ERROR] LogOutputStream:75 - [STDERR_REDIRECT] 
2025-09-17 10:35:28,620 [ERROR] LogOutputStream:75 - [STDERR_REDIRECT] Sep 17, 2025 10:35:28 AM java.util.prefs.FileSystemPreferences syncWorld
2025-09-17 10:35:28,620 [ERROR] LogOutputStream:75 - [STDERR_REDIRECT] WARNING: Couldn't flush system prefs: java.util.prefs.BackingStoreException: Couldn't get file lock.
2025-09-17 10:35:28,620 [ERROR] LogOutputStream:75 - [STDERR_REDIRECT] 
2025-09-17 10:35:58,619 [ERROR] LogOutputStream:75 - [STDERR_REDIRECT] Sep 17, 2025 10:35:58 AM java.util.prefs.FileSystemPreferences checkLockFile0ErrorCode
2025-09-17 10:35:58,619 [ERROR] LogOutputStream:75 - [STDERR_REDIRECT] WARNING: Could not lock System prefs. Unix error code 2.
2025-09-17 10:35:58,619 [ERROR] LogOutputStream:75 - [STDERR_REDIRECT] 
2025-09-17 10:35:58,620 [ERROR] LogOutputStream:75 - [STDERR_REDIRECT] Sep 17, 2025 10:35:58 AM java.util.prefs.FileSystemPreferences syncWorld
2025-09-17 10:35:58,620 [ERROR] LogOutputStream:75 - [STDERR_REDIRECT] WARNING: Couldn't flush system prefs: java.util.prefs.BackingStoreException: Couldn't get file lock.
2025-09-17 10:35:58,620 [ERROR] LogOutputStream:75 - [STDERR_REDIRECT] 
2025-09-17 10:36:28,619 [ERROR] LogOutputStream:75 - [STDERR_REDIRECT] Sep 17, 2025 10:36:28 AM java.util.prefs.FileSystemPreferences checkLockFile0ErrorCode
2025-09-17 10:36:28,620 [ERROR] LogOutputStream:75 - [STDERR_REDIRECT] WARNING: Could not lock System prefs. Unix error code 2.
2025-09-17 10:36:28,620 [ERROR] LogOutputStream:75 - [STDERR_REDIRECT] 
2025-09-17 10:36:28,620 [ERROR] LogOutputStream:75 - [STDERR_REDIRECT] Sep 17, 2025 10:36:28 AM java.util.prefs.FileSystemPreferences syncWorld
2025-09-17 10:36:28,621 [ERROR] LogOutputStream:75 - [STDERR_REDIRECT] WARNING: Couldn't flush system prefs: java.util.prefs.BackingStoreException: Couldn't get file lock.
2025-09-17 10:36:28,621 [ERROR] LogOutputStream:75 - [STDERR_REDIRECT] 
2025-09-17 10:36:58,619 [ERROR] LogOutputStream:75 - [STDERR_REDIRECT] Sep 17, 2025 10:36:58 AM java.util.prefs.FileSystemPreferences checkLockFile0ErrorCode
2025-09-17 10:36:58,619 [ERROR] LogOutputStream:75 - [STDERR_REDIRECT] WARNING: Could not lock System prefs. Unix error code 2.
2025-09-17 10:36:58,619 [ERROR] LogOutputStream:75 - [STDERR_REDIRECT] 
2025-09-17 10:36:58,620 [ERROR] LogOutputStream:75 - [STDERR_REDIRECT] Sep 17, 2025 10:36:58 AM java.util.prefs.FileSystemPreferences syncWorld
2025-09-17 10:36:58,620 [ERROR] LogOutputStream:75 - [STDERR_REDIRECT] WARNING: Couldn't flush system prefs: java.util.prefs.BackingStoreException: Couldn't get file lock.
2025-09-17 10:36:58,620 [ERROR] LogOutputStream:75 - [STDERR_REDIRECT] 
2025-09-17 10:37:28,619 [ERROR] LogOutputStream:75 - [STDERR_REDIRECT] Sep 17, 2025 10:37:28 AM java.util.prefs.FileSystemPreferences checkLockFile0ErrorCode
2025-09-17 10:37:28,619 [ERROR] LogOutputStream:75 - [STDERR_REDIRECT] WARNING: Could not lock System prefs. Unix error code 2.
2025-09-17 10:37:28,619 [ERROR] LogOutputStream:75 - [STDERR_REDIRECT] 
2025-09-17 10:37:28,619 [ERROR] LogOutputStream:75 - [STDERR_REDIRECT] Sep 17, 2025 10:37:28 AM java.util.prefs.FileSystemPreferences syncWorld
2025-09-17 10:37:28,619 [ERROR] LogOutputStream:75 - [STDERR_REDIRECT] WARNING: Couldn't flush system prefs: java.util.prefs.BackingStoreException: Couldn't get file lock.
2025-09-17 10:37:28,620 [ERROR] LogOutputStream:75 - [STDERR_REDIRECT] 
2025-09-17 10:37:58,619 [ERROR] LogOutputStream:75 - [STDERR_REDIRECT] Sep 17, 2025 10:37:58 AM java.util.prefs.FileSystemPreferences checkLockFile0ErrorCode
2025-09-17 10:37:58,619 [ERROR] LogOutputStream:75 - [STDERR_REDIRECT] WARNING: Could not lock System prefs. Unix error code 2.
2025-09-17 10:37:58,619 [ERROR] LogOutputStream:75 - [STDERR_REDIRECT] 
2025-09-17 10:37:58,619 [ERROR] LogOutputStream:75 - [STDERR_REDIRECT] Sep 17, 2025 10:37:58 AM java.util.prefs.FileSystemPreferences syncWorld
2025-09-17 10:37:58,619 [ERROR] LogOutputStream:75 - [STDERR_REDIRECT] WARNING: Couldn't flush system prefs: java.util.prefs.BackingStoreException: Couldn't get file lock.
2025-09-17 10:37:58,619 [ERROR] LogOutputStream:75 - [STDERR_REDIRECT] 
2025-09-17 10:38:28,620 [ERROR] LogOutputStream:75 - [STDERR_REDIRECT] Sep 17, 2025 10:38:28 AM java.util.prefs.FileSystemPreferences checkLockFile0ErrorCode
2025-09-17 10:38:28,620 [ERROR] LogOutputStream:75 - [STDERR_REDIRECT] WARNING: Could not lock System prefs. Unix error code 2.
2025-09-17 10:38:28,620 [ERROR] LogOutputStream:75 - [STDERR_REDIRECT] 
2025-09-17 10:38:28,620 [ERROR] LogOutputStream:75 - [STDERR_REDIRECT] Sep 17, 2025 10:38:28 AM java.util.prefs.FileSystemPreferences syncWorld
2025-09-17 10:38:28,621 [ERROR] LogOutputStream:75 - [STDERR_REDIRECT] WARNING: Couldn't flush system prefs: java.util.prefs.BackingStoreException: Couldn't get file lock.
2025-09-17 10:38:28,621 [ERROR] LogOutputStream:75 - [STDERR_REDIRECT] 
2025-09-17 10:38:58,620 [ERROR] LogOutputStream:75 - [STDERR_REDIRECT] Sep 17, 2025 10:38:58 AM java.util.prefs.FileSystemPreferences checkLockFile0ErrorCode
2025-09-17 10:38:58,621 [ERROR] LogOutputStream:75 - [STDERR_REDIRECT] WARNING: Could not lock System prefs. Unix error code 2.
2025-09-17 10:38:58,621 [ERROR] LogOutputStream:75 - [STDERR_REDIRECT] 
2025-09-17 10:38:58,622 [ERROR] LogOutputStream:75 - [STDERR_REDIRECT] Sep 17, 2025 10:38:58 AM java.util.prefs.FileSystemPreferences syncWorld
2025-09-17 10:38:58,622 [ERROR] LogOutputStream:75 - [STDERR_REDIRECT] WARNING: Couldn't flush system prefs: java.util.prefs.BackingStoreException: Couldn't get file lock.
2025-09-17 10:38:58,622 [ERROR] LogOutputStream:75 - [STDERR_REDIRECT] 
2025-09-17 10:39:28,621 [ERROR] LogOutputStream:75 - [STDERR_REDIRECT] Sep 17, 2025 10:39:28 AM java.util.prefs.FileSystemPreferences checkLockFile0ErrorCode
2025-09-17 10:39:28,622 [ERROR] LogOutputStream:75 - [STDERR_REDIRECT] WARNING: Could not lock System prefs. Unix error code 2.
2025-09-17 10:39:28,622 [ERROR] LogOutputStream:75 - [STDERR_REDIRECT] 
2025-09-17 10:39:28,622 [ERROR] LogOutputStream:75 - [STDERR_REDIRECT] Sep 17, 2025 10:39:28 AM java.util.prefs.FileSystemPreferences syncWorld
2025-09-17 10:39:28,622 [ERROR] LogOutputStream:75 - [STDERR_REDIRECT] WARNING: Couldn't flush system prefs: java.util.prefs.BackingStoreException: Couldn't get file lock.
2025-09-17 10:39:28,622 [ERROR] LogOutputStream:75 - [STDERR_REDIRECT] 
2025-09-17 10:39:58,623 [ERROR] LogOutputStream:75 - [STDERR_REDIRECT] Sep 17, 2025 10:39:58 AM java.util.prefs.FileSystemPreferences checkLockFile0ErrorCode
2025-09-17 10:39:58,624 [ERROR] LogOutputStream:75 - [STDERR_REDIRECT] WARNING: Could not lock System prefs. Unix error code 2.
2025-09-17 10:39:58,624 [ERROR] LogOutputStream:75 - [STDERR_REDIRECT] 
2025-09-17 10:39:58,625 [ERROR] LogOutputStream:75 - [STDERR_REDIRECT] Sep 17, 2025 10:39:58 AM java.util.prefs.FileSystemPreferences syncWorld
2025-09-17 10:39:58,625 [ERROR] LogOutputStream:75 - [STDERR_REDIRECT] WARNING: Couldn't flush system prefs: java.util.prefs.BackingStoreException: Couldn't get file lock.
2025-09-17 10:39:58,625 [ERROR] LogOutputStream:75 - [STDERR_REDIRECT] 
2025-09-17 10:40:28,622 [ERROR] LogOutputStream:75 - [STDERR_REDIRECT] Sep 17, 2025 10:40:28 AM java.util.prefs.FileSystemPreferences checkLockFile0ErrorCode
2025-09-17 10:40:28,622 [ERROR] LogOutputStream:75 - [STDERR_REDIRECT] WARNING: Could not lock System prefs. Unix error code 2.
2025-09-17 10:40:28,623 [ERROR] LogOutputStream:75 - [STDERR_REDIRECT] 
2025-09-17 10:40:28,623 [ERROR] LogOutputStream:75 - [STDERR_REDIRECT] Sep 17, 2025 10:40:28 AM java.util.prefs.FileSystemPreferences syncWorld
2025-09-17 10:40:28,624 [ERROR] LogOutputStream:75 - [STDERR_REDIRECT] WARNING: Couldn't flush system prefs: java.util.prefs.BackingStoreException: Couldn't get file lock.
2025-09-17 10:40:28,624 [ERROR] LogOutputStream:75 - [STDERR_REDIRECT] 
2025-09-17 10:40:58,622 [ERROR] LogOutputStream:75 - [STDERR_REDIRECT] Sep 17, 2025 10:40:58 AM java.util.prefs.FileSystemPreferences checkLockFile0ErrorCode
2025-09-17 10:40:58,622 [ERROR] LogOutputStream:75 - [STDERR_REDIRECT] WARNING: Could not lock System prefs. Unix error code 2.
2025-09-17 10:40:58,622 [ERROR] LogOutputStream:75 - [STDERR_REDIRECT] 
2025-09-17 10:40:58,622 [ERROR] LogOutputStream:75 - [STDERR_REDIRECT] Sep 17, 2025 10:40:58 AM java.util.prefs.FileSystemPreferences syncWorld
2025-09-17 10:40:58,622 [ERROR] LogOutputStream:75 - [STDERR_REDIRECT] WARNING: Couldn't flush system prefs: java.util.prefs.BackingStoreException: Couldn't get file lock.
2025-09-17 10:40:58,623 [ERROR] LogOutputStream:75 - [STDERR_REDIRECT] 
2025-09-17 10:41:28,621 [ERROR] LogOutputStream:75 - [STDERR_REDIRECT] Sep 17, 2025 10:41:28 AM java.util.prefs.FileSystemPreferences checkLockFile0ErrorCode
2025-09-17 10:41:28,622 [ERROR] LogOutputStream:75 - [STDERR_REDIRECT] WARNING: Could not lock System prefs. Unix error code 2.
2025-09-17 10:41:28,622 [ERROR] LogOutputStream:75 - [STDERR_REDIRECT] 
2025-09-17 10:41:28,622 [ERROR] LogOutputStream:75 - [STDERR_REDIRECT] Sep 17, 2025 10:41:28 AM java.util.prefs.FileSystemPreferences syncWorld
2025-09-17 10:41:28,622 [ERROR] LogOutputStream:75 - [STDERR_REDIRECT] WARNING: Couldn't flush system prefs: java.util.prefs.BackingStoreException: Couldn't get file lock.
2025-09-17 10:41:28,622 [ERROR] LogOutputStream:75 - [STDERR_REDIRECT] 
2025-09-17 10:41:58,622 [ERROR] LogOutputStream:75 - [STDERR_REDIRECT] Sep 17, 2025 10:41:58 AM java.util.prefs.FileSystemPreferences checkLockFile0ErrorCode
2025-09-17 10:41:58,623 [ERROR] LogOutputStream:75 - [STDERR_REDIRECT] WARNING: Could not lock System prefs. Unix error code 2.
2025-09-17 10:41:58,623 [ERROR] LogOutputStream:75 - [STDERR_REDIRECT] 
2025-09-17 10:41:58,623 [ERROR] LogOutputStream:75 - [STDERR_REDIRECT] Sep 17, 2025 10:41:58 AM java.util.prefs.FileSystemPreferences syncWorld
2025-09-17 10:41:58,623 [ERROR] LogOutputStream:75 - [STDERR_REDIRECT] WARNING: Couldn't flush system prefs: java.util.prefs.BackingStoreException: Couldn't get file lock.
2025-09-17 10:41:58,623 [ERROR] LogOutputStream:75 - [STDERR_REDIRECT] 
2025-09-17 10:42:28,622 [ERROR] LogOutputStream:75 - [STDERR_REDIRECT] Sep 17, 2025 10:42:28 AM java.util.prefs.FileSystemPreferences checkLockFile0ErrorCode
2025-09-17 10:42:28,622 [ERROR] LogOutputStream:75 - [STDERR_REDIRECT] WARNING: Could not lock System prefs. Unix error code 2.
2025-09-17 10:42:28,622 [ERROR] LogOutputStream:75 - [STDERR_REDIRECT] 
2025-09-17 10:42:28,623 [ERROR] LogOutputStream:75 - [STDERR_REDIRECT] Sep 17, 2025 10:42:28 AM java.util.prefs.FileSystemPreferences syncWorld
2025-09-17 10:42:28,623 [ERROR] LogOutputStream:75 - [STDERR_REDIRECT] WARNING: Couldn't flush system prefs: java.util.prefs.BackingStoreException: Couldn't get file lock.
2025-09-17 10:42:28,623 [ERROR] LogOutputStream:75 - [STDERR_REDIRECT] 
2025-09-17 10:42:58,622 [ERROR] LogOutputStream:75 - [STDERR_REDIRECT] Sep 17, 2025 10:42:58 AM java.util.prefs.FileSystemPreferences checkLockFile0ErrorCode
2025-09-17 10:42:58,623 [ERROR] LogOutputStream:75 - [STDERR_REDIRECT] WARNING: Could not lock System prefs. Unix error code 2.
2025-09-17 10:42:58,623 [ERROR] LogOutputStream:75 - [STDERR_REDIRECT] 
2025-09-17 10:42:58,623 [ERROR] LogOutputStream:75 - [STDERR_REDIRECT] Sep 17, 2025 10:42:58 AM java.util.prefs.FileSystemPreferences syncWorld
2025-09-17 10:42:58,624 [ERROR] LogOutputStream:75 - [STDERR_REDIRECT] WARNING: Couldn't flush system prefs: java.util.prefs.BackingStoreException: Couldn't get file lock.
2025-09-17 10:42:58,624 [ERROR] LogOutputStream:75 - [STDERR_REDIRECT] 
2025-09-17 10:43:28,622 [ERROR] LogOutputStream:75 - [STDERR_REDIRECT] Sep 17, 2025 10:43:28 AM java.util.prefs.FileSystemPreferences checkLockFile0ErrorCode
2025-09-17 10:43:28,623 [ERROR] LogOutputStream:75 - [STDERR_REDIRECT] WARNING: Could not lock System prefs. Unix error code 2.
2025-09-17 10:43:28,623 [ERROR] LogOutputStream:75 - [STDERR_REDIRECT] 
2025-09-17 10:43:28,623 [ERROR] LogOutputStream:75 - [STDERR_REDIRECT] Sep 17, 2025 10:43:28 AM java.util.prefs.FileSystemPreferences syncWorld
2025-09-17 10:43:28,623 [ERROR] LogOutputStream:75 - [STDERR_REDIRECT] WARNING: Couldn't flush system prefs: java.util.prefs.BackingStoreException: Couldn't get file lock.
2025-09-17 10:43:28,623 [ERROR] LogOutputStream:75 - [STDERR_REDIRECT] 
2025-09-17 10:43:58,622 [ERROR] LogOutputStream:75 - [STDERR_REDIRECT] Sep 17, 2025 10:43:58 AM java.util.prefs.FileSystemPreferences checkLockFile0ErrorCode
2025-09-17 10:43:58,623 [ERROR] LogOutputStream:75 - [STDERR_REDIRECT] WARNING: Could not lock System prefs. Unix error code 2.
2025-09-17 10:43:58,623 [ERROR] LogOutputStream:75 - [STDERR_REDIRECT] 
2025-09-17 10:43:58,623 [ERROR] LogOutputStream:75 - [STDERR_REDIRECT] Sep 17, 2025 10:43:58 AM java.util.prefs.FileSystemPreferences syncWorld
2025-09-17 10:43:58,623 [ERROR] LogOutputStream:75 - [STDERR_REDIRECT] WARNING: Couldn't flush system prefs: java.util.prefs.BackingStoreException: Couldn't get file lock.
2025-09-17 10:43:58,623 [ERROR] LogOutputStream:75 - [STDERR_REDIRECT] 
2025-09-17 10:44:28,624 [ERROR] LogOutputStream:75 - [STDERR_REDIRECT] Sep 17, 2025 10:44:28 AM java.util.prefs.FileSystemPreferences checkLockFile0ErrorCode
2025-09-17 10:44:28,624 [ERROR] LogOutputStream:75 - [STDERR_REDIRECT] WARNING: Could not lock System prefs. Unix error code 2.
2025-09-17 10:44:28,624 [ERROR] LogOutputStream:75 - [STDERR_REDIRECT] 
2025-09-17 10:44:28,625 [ERROR] LogOutputStream:75 - [STDERR_REDIRECT] Sep 17, 2025 10:44:28 AM java.util.prefs.FileSystemPreferences syncWorld
2025-09-17 10:44:28,625 [ERROR] LogOutputStream:75 - [STDERR_REDIRECT] WARNING: Couldn't flush system prefs: java.util.prefs.BackingStoreException: Couldn't get file lock.
2025-09-17 10:44:28,625 [ERROR] LogOutputStream:75 - [STDERR_REDIRECT] 
2025-09-17 10:44:58,624 [ERROR] LogOutputStream:75 - [STDERR_REDIRECT] Sep 17, 2025 10:44:58 AM java.util.prefs.FileSystemPreferences checkLockFile0ErrorCode
2025-09-17 10:44:58,624 [ERROR] LogOutputStream:75 - [STDERR_REDIRECT] WARNING: Could not lock System prefs. Unix error code 2.
2025-09-17 10:44:58,624 [ERROR] LogOutputStream:75 - [STDERR_REDIRECT] 
2025-09-17 10:44:58,625 [ERROR] LogOutputStream:75 - [STDERR_REDIRECT] Sep 17, 2025 10:44:58 AM java.util.prefs.FileSystemPreferences syncWorld
2025-09-17 10:44:58,625 [ERROR] LogOutputStream:75 - [STDERR_REDIRECT] WARNING: Couldn't flush system prefs: java.util.prefs.BackingStoreException: Couldn't get file lock.
2025-09-17 10:44:58,625 [ERROR] LogOutputStream:75 - [STDERR_REDIRECT] 
2025-09-17 10:45:28,623 [ERROR] LogOutputStream:75 - [STDERR_REDIRECT] Sep 17, 2025 10:45:28 AM java.util.prefs.FileSystemPreferences checkLockFile0ErrorCode
2025-09-17 10:45:28,623 [ERROR] LogOutputStream:75 - [STDERR_REDIRECT] WARNING: Could not lock System prefs. Unix error code 2.
2025-09-17 10:45:28,623 [ERROR] LogOutputStream:75 - [STDERR_REDIRECT] 
2025-09-17 10:45:28,624 [ERROR] LogOutputStream:75 - [STDERR_REDIRECT] Sep 17, 2025 10:45:28 AM java.util.prefs.FileSystemPreferences syncWorld
2025-09-17 10:45:28,624 [ERROR] LogOutputStream:75 - [STDERR_REDIRECT] WARNING: Couldn't flush system prefs: java.util.prefs.BackingStoreException: Couldn't get file lock.
2025-09-17 10:45:28,624 [ERROR] LogOutputStream:75 - [STDERR_REDIRECT] 
2025-09-17 10:45:58,623 [ERROR] LogOutputStream:75 - [STDERR_REDIRECT] Sep 17, 2025 10:45:58 AM java.util.prefs.FileSystemPreferences checkLockFile0ErrorCode
2025-09-17 10:45:58,624 [ERROR] LogOutputStream:75 - [STDERR_REDIRECT] WARNING: Could not lock System prefs. Unix error code 2.
2025-09-17 10:45:58,624 [ERROR] LogOutputStream:75 - [STDERR_REDIRECT] 
2025-09-17 10:45:58,624 [ERROR] LogOutputStream:75 - [STDERR_REDIRECT] Sep 17, 2025 10:45:58 AM java.util.prefs.FileSystemPreferences syncWorld
2025-09-17 10:45:58,624 [ERROR] LogOutputStream:75 - [STDERR_REDIRECT] WARNING: Couldn't flush system prefs: java.util.prefs.BackingStoreException: Couldn't get file lock.
2025-09-17 10:45:58,624 [ERROR] LogOutputStream:75 - [STDERR_REDIRECT] 
2025-09-17 10:46:28,624 [ERROR] LogOutputStream:75 - [STDERR_REDIRECT] Sep 17, 2025 10:46:28 AM java.util.prefs.FileSystemPreferences checkLockFile0ErrorCode
2025-09-17 10:46:28,624 [ERROR] LogOutputStream:75 - [STDERR_REDIRECT] WARNING: Could not lock System prefs. Unix error code 2.
2025-09-17 10:46:28,625 [ERROR] LogOutputStream:75 - [STDERR_REDIRECT] 
2025-09-17 10:46:28,625 [ERROR] LogOutputStream:75 - [STDERR_REDIRECT] Sep 17, 2025 10:46:28 AM java.util.prefs.FileSystemPreferences syncWorld
2025-09-17 10:46:28,625 [ERROR] LogOutputStream:75 - [STDERR_REDIRECT] WARNING: Couldn't flush system prefs: java.util.prefs.BackingStoreException: Couldn't get file lock.
2025-09-17 10:46:28,625 [ERROR] LogOutputStream:75 - [STDERR_REDIRECT] 
2025-09-17 10:46:58,623 [ERROR] LogOutputStream:75 - [STDERR_REDIRECT] Sep 17, 2025 10:46:58 AM java.util.prefs.FileSystemPreferences checkLockFile0ErrorCode
2025-09-17 10:46:58,624 [ERROR] LogOutputStream:75 - [STDERR_REDIRECT] WARNING: Could not lock System prefs. Unix error code 2.
2025-09-17 10:46:58,624 [ERROR] LogOutputStream:75 - [STDERR_REDIRECT] 
2025-09-17 10:46:58,624 [ERROR] LogOutputStream:75 - [STDERR_REDIRECT] Sep 17, 2025 10:46:58 AM java.util.prefs.FileSystemPreferences syncWorld
2025-09-17 10:46:58,624 [ERROR] LogOutputStream:75 - [STDERR_REDIRECT] WARNING: Couldn't flush system prefs: java.util.prefs.BackingStoreException: Couldn't get file lock.
2025-09-17 10:46:58,624 [ERROR] LogOutputStream:75 - [STDERR_REDIRECT] 
2025-09-17 10:47:28,625 [ERROR] LogOutputStream:75 - [STDERR_REDIRECT] Sep 17, 2025 10:47:28 AM java.util.prefs.FileSystemPreferences checkLockFile0ErrorCode
2025-09-17 10:47:28,625 [ERROR] LogOutputStream:75 - [STDERR_REDIRECT] WARNING: Could not lock System prefs. Unix error code 2.
2025-09-17 10:47:28,625 [ERROR] LogOutputStream:75 - [STDERR_REDIRECT] 
2025-09-17 10:47:28,626 [ERROR] LogOutputStream:75 - [STDERR_REDIRECT] Sep 17, 2025 10:47:28 AM java.util.prefs.FileSystemPreferences syncWorld
2025-09-17 10:47:28,626 [ERROR] LogOutputStream:75 - [STDERR_REDIRECT] WARNING: Couldn't flush system prefs: java.util.prefs.BackingStoreException: Couldn't get file lock.
2025-09-17 10:47:28,626 [ERROR] LogOutputStream:75 - [STDERR_REDIRECT] 
2025-09-17 10:47:58,623 [ERROR] LogOutputStream:75 - [STDERR_REDIRECT] Sep 17, 2025 10:47:58 AM java.util.prefs.FileSystemPreferences checkLockFile0ErrorCode
2025-09-17 10:47:58,624 [ERROR] LogOutputStream:75 - [STDERR_REDIRECT] WARNING: Could not lock System prefs. Unix error code 2.
2025-09-17 10:47:58,624 [ERROR] LogOutputStream:75 - [STDERR_REDIRECT] 
2025-09-17 10:47:58,624 [ERROR] LogOutputStream:75 - [STDERR_REDIRECT] Sep 17, 2025 10:47:58 AM java.util.prefs.FileSystemPreferences syncWorld
2025-09-17 10:47:58,624 [ERROR] LogOutputStream:75 - [STDERR_REDIRECT] WARNING: Couldn't flush system prefs: java.util.prefs.BackingStoreException: Couldn't get file lock.
2025-09-17 10:47:58,625 [ERROR] LogOutputStream:75 - [STDERR_REDIRECT] 
2025-09-17 10:48:28,623 [ERROR] LogOutputStream:75 - [STDERR_REDIRECT] Sep 17, 2025 10:48:28 AM java.util.prefs.FileSystemPreferences checkLockFile0ErrorCode
2025-09-17 10:48:28,624 [ERROR] LogOutputStream:75 - [STDERR_REDIRECT] WARNING: Could not lock System prefs. Unix error code 2.
2025-09-17 10:48:28,624 [ERROR] LogOutputStream:75 - [STDERR_REDIRECT] 
2025-09-17 10:48:28,624 [ERROR] LogOutputStream:75 - [STDERR_REDIRECT] Sep 17, 2025 10:48:28 AM java.util.prefs.FileSystemPreferences syncWorld
2025-09-17 10:48:28,625 [ERROR] LogOutputStream:75 - [STDERR_REDIRECT] WARNING: Couldn't flush system prefs: java.util.prefs.BackingStoreException: Couldn't get file lock.
2025-09-17 10:48:28,625 [ERROR] LogOutputStream:75 - [STDERR_REDIRECT] 
2025-09-17 10:48:58,624 [ERROR] LogOutputStream:75 - [STDERR_REDIRECT] Sep 17, 2025 10:48:58 AM java.util.prefs.FileSystemPreferences checkLockFile0ErrorCode
2025-09-17 10:48:58,624 [ERROR] LogOutputStream:75 - [STDERR_REDIRECT] WARNING: Could not lock System prefs. Unix error code 2.
2025-09-17 10:48:58,624 [ERROR] LogOutputStream:75 - [STDERR_REDIRECT] 
2025-09-17 10:48:58,624 [ERROR] LogOutputStream:75 - [STDERR_REDIRECT] Sep 17, 2025 10:48:58 AM java.util.prefs.FileSystemPreferences syncWorld
2025-09-17 10:48:58,624 [ERROR] LogOutputStream:75 - [STDERR_REDIRECT] WARNING: Couldn't flush system prefs: java.util.prefs.BackingStoreException: Couldn't get file lock.
2025-09-17 10:48:58,624 [ERROR] LogOutputStream:75 - [STDERR_REDIRECT] 
2025-09-17 10:49:28,624 [ERROR] LogOutputStream:75 - [STDERR_REDIRECT] Sep 17, 2025 10:49:28 AM java.util.prefs.FileSystemPreferences checkLockFile0ErrorCode
2025-09-17 10:49:28,625 [ERROR] LogOutputStream:75 - [STDERR_REDIRECT] WARNING: Could not lock System prefs. Unix error code 2.
2025-09-17 10:49:28,625 [ERROR] LogOutputStream:75 - [STDERR_REDIRECT] 
2025-09-17 10:49:28,625 [ERROR] LogOutputStream:75 - [STDERR_REDIRECT] Sep 17, 2025 10:49:28 AM java.util.prefs.FileSystemPreferences syncWorld
2025-09-17 10:49:28,625 [ERROR] LogOutputStream:75 - [STDERR_REDIRECT] WARNING: Couldn't flush system prefs: java.util.prefs.BackingStoreException: Couldn't get file lock.
2025-09-17 10:49:28,625 [ERROR] LogOutputStream:75 - [STDERR_REDIRECT] 
2025-09-17 10:49:58,624 [ERROR] LogOutputStream:75 - [STDERR_REDIRECT] Sep 17, 2025 10:49:58 AM java.util.prefs.FileSystemPreferences checkLockFile0ErrorCode
2025-09-17 10:49:58,625 [ERROR] LogOutputStream:75 - [STDERR_REDIRECT] WARNING: Could not lock System prefs. Unix error code 2.
2025-09-17 10:49:58,625 [ERROR] LogOutputStream:75 - [STDERR_REDIRECT] 
2025-09-17 10:49:58,625 [ERROR] LogOutputStream:75 - [STDERR_REDIRECT] Sep 17, 2025 10:49:58 AM java.util.prefs.FileSystemPreferences syncWorld
2025-09-17 10:49:58,625 [ERROR] LogOutputStream:75 - [STDERR_REDIRECT] WARNING: Couldn't flush system prefs: java.util.prefs.BackingStoreException: Couldn't get file lock.
2025-09-17 10:49:58,625 [ERROR] LogOutputStream:75 - [STDERR_REDIRECT] 
2025-09-17 10:50:28,624 [ERROR] LogOutputStream:75 - [STDERR_REDIRECT] Sep 17, 2025 10:50:28 AM java.util.prefs.FileSystemPreferences checkLockFile0ErrorCode
2025-09-17 10:50:28,624 [ERROR] LogOutputStream:75 - [STDERR_REDIRECT] WARNING: Could not lock System prefs. Unix error code 2.
2025-09-17 10:50:28,625 [ERROR] LogOutputStream:75 - [STDERR_REDIRECT] 
2025-09-17 10:50:28,625 [ERROR] LogOutputStream:75 - [STDERR_REDIRECT] Sep 17, 2025 10:50:28 AM java.util.prefs.FileSystemPreferences syncWorld
2025-09-17 10:50:28,625 [ERROR] LogOutputStream:75 - [STDERR_REDIRECT] WARNING: Couldn't flush system prefs: java.util.prefs.BackingStoreException: Couldn't get file lock.
2025-09-17 10:50:28,625 [ERROR] LogOutputStream:75 - [STDERR_REDIRECT] 
2025-09-17 10:50:58,626 [ERROR] LogOutputStream:75 - [STDERR_REDIRECT] Sep 17, 2025 10:50:58 AM java.util.prefs.FileSystemPreferences checkLockFile0ErrorCode
2025-09-17 10:50:58,626 [ERROR] LogOutputStream:75 - [STDERR_REDIRECT] WARNING: Could not lock System prefs. Unix error code 2.
2025-09-17 10:50:58,626 [ERROR] LogOutputStream:75 - [STDERR_REDIRECT] 
2025-09-17 10:50:58,626 [ERROR] LogOutputStream:75 - [STDERR_REDIRECT] Sep 17, 2025 10:50:58 AM java.util.prefs.FileSystemPreferences syncWorld
2025-09-17 10:50:58,626 [ERROR] LogOutputStream:75 - [STDERR_REDIRECT] WARNING: Couldn't flush system prefs: java.util.prefs.BackingStoreException: Couldn't get file lock.
2025-09-17 10:50:58,626 [ERROR] LogOutputStream:75 - [STDERR_REDIRECT] 
2025-09-17 10:51:28,625 [ERROR] LogOutputStream:75 - [STDERR_REDIRECT] Sep 17, 2025 10:51:28 AM java.util.prefs.FileSystemPreferences checkLockFile0ErrorCode
2025-09-17 10:51:28,625 [ERROR] LogOutputStream:75 - [STDERR_REDIRECT] WARNING: Could not lock System prefs. Unix error code 2.
2025-09-17 10:51:28,625 [ERROR] LogOutputStream:75 - [STDERR_REDIRECT] 
2025-09-17 10:51:28,625 [ERROR] LogOutputStream:75 - [STDERR_REDIRECT] Sep 17, 2025 10:51:28 AM java.util.prefs.FileSystemPreferences syncWorld
2025-09-17 10:51:28,625 [ERROR] LogOutputStream:75 - [STDERR_REDIRECT] WARNING: Couldn't flush system prefs: java.util.prefs.BackingStoreException: Couldn't get file lock.
2025-09-17 10:51:28,625 [ERROR] LogOutputStream:75 - [STDERR_REDIRECT] 
2025-09-17 10:51:58,626 [ERROR] LogOutputStream:75 - [STDERR_REDIRECT] Sep 17, 2025 10:51:58 AM java.util.prefs.FileSystemPreferences checkLockFile0ErrorCode
2025-09-17 10:51:58,626 [ERROR] LogOutputStream:75 - [STDERR_REDIRECT] WARNING: Could not lock System prefs. Unix error code 2.
2025-09-17 10:51:58,626 [ERROR] LogOutputStream:75 - [STDERR_REDIRECT] 
2025-09-17 10:51:58,627 [ERROR] LogOutputStream:75 - [STDERR_REDIRECT] Sep 17, 2025 10:51:58 AM java.util.prefs.FileSystemPreferences syncWorld
2025-09-17 10:51:58,627 [ERROR] LogOutputStream:75 - [STDERR_REDIRECT] WARNING: Couldn't flush system prefs: java.util.prefs.BackingStoreException: Couldn't get file lock.
2025-09-17 10:51:58,627 [ERROR] LogOutputStream:75 - [STDERR_REDIRECT] 
2025-09-17 10:52:28,625 [ERROR] LogOutputStream:75 - [STDERR_REDIRECT] Sep 17, 2025 10:52:28 AM java.util.prefs.FileSystemPreferences checkLockFile0ErrorCode
2025-09-17 10:52:28,625 [ERROR] LogOutputStream:75 - [STDERR_REDIRECT] WARNING: Could not lock System prefs. Unix error code 2.
2025-09-17 10:52:28,625 [ERROR] LogOutputStream:75 - [STDERR_REDIRECT] 
2025-09-17 10:52:28,625 [ERROR] LogOutputStream:75 - [STDERR_REDIRECT] Sep 17, 2025 10:52:28 AM java.util.prefs.FileSystemPreferences syncWorld
2025-09-17 10:52:28,626 [ERROR] LogOutputStream:75 - [STDERR_REDIRECT] WARNING: Couldn't flush system prefs: java.util.prefs.BackingStoreException: Couldn't get file lock.
2025-09-17 10:52:28,626 [ERROR] LogOutputStream:75 - [STDERR_REDIRECT] 
2025-09-17 10:52:58,625 [ERROR] LogOutputStream:75 - [STDERR_REDIRECT] Sep 17, 2025 10:52:58 AM java.util.prefs.FileSystemPreferences checkLockFile0ErrorCode
2025-09-17 10:52:58,625 [ERROR] LogOutputStream:75 - [STDERR_REDIRECT] WARNING: Could not lock System prefs. Unix error code 2.
2025-09-17 10:52:58,625 [ERROR] LogOutputStream:75 - [STDERR_REDIRECT] 
2025-09-17 10:52:58,626 [ERROR] LogOutputStream:75 - [STDERR_REDIRECT] Sep 17, 2025 10:52:58 AM java.util.prefs.FileSystemPreferences syncWorld
2025-09-17 10:52:58,626 [ERROR] LogOutputStream:75 - [STDERR_REDIRECT] WARNING: Couldn't flush system prefs: java.util.prefs.BackingStoreException: Couldn't get file lock.
2025-09-17 10:52:58,626 [ERROR] LogOutputStream:75 - [STDERR_REDIRECT] 
2025-09-17 10:53:28,625 [ERROR] LogOutputStream:75 - [STDERR_REDIRECT] Sep 17, 2025 10:53:28 AM java.util.prefs.FileSystemPreferences checkLockFile0ErrorCode
2025-09-17 10:53:28,625 [ERROR] LogOutputStream:75 - [STDERR_REDIRECT] WARNING: Could not lock System prefs. Unix error code 2.
2025-09-17 10:53:28,625 [ERROR] LogOutputStream:75 - [STDERR_REDIRECT] 
2025-09-17 10:53:28,626 [ERROR] LogOutputStream:75 - [STDERR_REDIRECT] Sep 17, 2025 10:53:28 AM java.util.prefs.FileSystemPreferences syncWorld
2025-09-17 10:53:28,626 [ERROR] LogOutputStream:75 - [STDERR_REDIRECT] WARNING: Couldn't flush system prefs: java.util.prefs.BackingStoreException: Couldn't get file lock.
2025-09-17 10:53:28,626 [ERROR] LogOutputStream:75 - [STDERR_REDIRECT] 
2025-09-17 10:53:58,625 [ERROR] LogOutputStream:75 - [STDERR_REDIRECT] Sep 17, 2025 10:53:58 AM java.util.prefs.FileSystemPreferences checkLockFile0ErrorCode
2025-09-17 10:53:58,625 [ERROR] LogOutputStream:75 - [STDERR_REDIRECT] WARNING: Could not lock System prefs. Unix error code 2.
2025-09-17 10:53:58,625 [ERROR] LogOutputStream:75 - [STDERR_REDIRECT] 
2025-09-17 10:53:58,626 [ERROR] LogOutputStream:75 - [STDERR_REDIRECT] Sep 17, 2025 10:53:58 AM java.util.prefs.FileSystemPreferences syncWorld
2025-09-17 10:53:58,626 [ERROR] LogOutputStream:75 - [STDERR_REDIRECT] WARNING: Couldn't flush system prefs: java.util.prefs.BackingStoreException: Couldn't get file lock.
2025-09-17 10:53:58,626 [ERROR] LogOutputStream:75 - [STDERR_REDIRECT] 
2025-09-17 10:54:28,625 [ERROR] LogOutputStream:75 - [STDERR_REDIRECT] Sep 17, 2025 10:54:28 AM java.util.prefs.FileSystemPreferences checkLockFile0ErrorCode
2025-09-17 10:54:28,625 [ERROR] LogOutputStream:75 - [STDERR_REDIRECT] WARNING: Could not lock System prefs. Unix error code 2.
2025-09-17 10:54:28,625 [ERROR] LogOutputStream:75 - [STDERR_REDIRECT] 
2025-09-17 10:54:28,626 [ERROR] LogOutputStream:75 - [STDERR_REDIRECT] Sep 17, 2025 10:54:28 AM java.util.prefs.FileSystemPreferences syncWorld
2025-09-17 10:54:28,626 [ERROR] LogOutputStream:75 - [STDERR_REDIRECT] WARNING: Couldn't flush system prefs: java.util.prefs.BackingStoreException: Couldn't get file lock.
2025-09-17 10:54:28,626 [ERROR] LogOutputStream:75 - [STDERR_REDIRECT] 
2025-09-17 10:54:58,625 [ERROR] LogOutputStream:75 - [STDERR_REDIRECT] Sep 17, 2025 10:54:58 AM java.util.prefs.FileSystemPreferences checkLockFile0ErrorCode
2025-09-17 10:54:58,625 [ERROR] LogOutputStream:75 - [STDERR_REDIRECT] WARNING: Could not lock System prefs. Unix error code 2.
2025-09-17 10:54:58,626 [ERROR] LogOutputStream:75 - [STDERR_REDIRECT] 
2025-09-17 10:54:58,626 [ERROR] LogOutputStream:75 - [STDERR_REDIRECT] Sep 17, 2025 10:54:58 AM java.util.prefs.FileSystemPreferences syncWorld
2025-09-17 10:54:58,626 [ERROR] LogOutputStream:75 - [STDERR_REDIRECT] WARNING: Couldn't flush system prefs: java.util.prefs.BackingStoreException: Couldn't get file lock.
2025-09-17 10:54:58,626 [ERROR] LogOutputStream:75 - [STDERR_REDIRECT] 
2025-09-17 10:55:28,626 [ERROR] LogOutputStream:75 - [STDERR_REDIRECT] Sep 17, 2025 10:55:28 AM java.util.prefs.FileSystemPreferences checkLockFile0ErrorCode
2025-09-17 10:55:28,626 [ERROR] LogOutputStream:75 - [STDERR_REDIRECT] WARNING: Could not lock System prefs. Unix error code 2.
2025-09-17 10:55:28,626 [ERROR] LogOutputStream:75 - [STDERR_REDIRECT] 
2025-09-17 10:55:28,626 [ERROR] LogOutputStream:75 - [STDERR_REDIRECT] Sep 17, 2025 10:55:28 AM java.util.prefs.FileSystemPreferences syncWorld
2025-09-17 10:55:28,626 [ERROR] LogOutputStream:75 - [STDERR_REDIRECT] WARNING: Couldn't flush system prefs: java.util.prefs.BackingStoreException: Couldn't get file lock.
2025-09-17 10:55:28,626 [ERROR] LogOutputStream:75 - [STDERR_REDIRECT] 
2025-09-17 10:55:58,626 [ERROR] LogOutputStream:75 - [STDERR_REDIRECT] Sep 17, 2025 10:55:58 AM java.util.prefs.FileSystemPreferences checkLockFile0ErrorCode
2025-09-17 10:55:58,626 [ERROR] LogOutputStream:75 - [STDERR_REDIRECT] WARNING: Could not lock System prefs. Unix error code 2.
2025-09-17 10:55:58,626 [ERROR] LogOutputStream:75 - [STDERR_REDIRECT] 
2025-09-17 10:55:58,626 [ERROR] LogOutputStream:75 - [STDERR_REDIRECT] Sep 17, 2025 10:55:58 AM java.util.prefs.FileSystemPreferences syncWorld
2025-09-17 10:55:58,627 [ERROR] LogOutputStream:75 - [STDERR_REDIRECT] WARNING: Couldn't flush system prefs: java.util.prefs.BackingStoreException: Couldn't get file lock.
2025-09-17 10:55:58,627 [ERROR] LogOutputStream:75 - [STDERR_REDIRECT] 
2025-09-17 10:56:28,626 [ERROR] LogOutputStream:75 - [STDERR_REDIRECT] Sep 17, 2025 10:56:28 AM java.util.prefs.FileSystemPreferences checkLockFile0ErrorCode
2025-09-17 10:56:28,626 [ERROR] LogOutputStream:75 - [STDERR_REDIRECT] WARNING: Could not lock System prefs. Unix error code 2.
2025-09-17 10:56:28,626 [ERROR] LogOutputStream:75 - [STDERR_REDIRECT] 
2025-09-17 10:56:28,626 [ERROR] LogOutputStream:75 - [STDERR_REDIRECT] Sep 17, 2025 10:56:28 AM java.util.prefs.FileSystemPreferences syncWorld
2025-09-17 10:56:28,626 [ERROR] LogOutputStream:75 - [STDERR_REDIRECT] WARNING: Couldn't flush system prefs: java.util.prefs.BackingStoreException: Couldn't get file lock.
2025-09-17 10:56:28,627 [ERROR] LogOutputStream:75 - [STDERR_REDIRECT] 
2025-09-17 10:56:58,625 [ERROR] LogOutputStream:75 - [STDERR_REDIRECT] Sep 17, 2025 10:56:58 AM java.util.prefs.FileSystemPreferences checkLockFile0ErrorCode
2025-09-17 10:56:58,625 [ERROR] LogOutputStream:75 - [STDERR_REDIRECT] WARNING: Could not lock System prefs. Unix error code 2.
2025-09-17 10:56:58,625 [ERROR] LogOutputStream:75 - [STDERR_REDIRECT] 
2025-09-17 10:56:58,625 [ERROR] LogOutputStream:75 - [STDERR_REDIRECT] Sep 17, 2025 10:56:58 AM java.util.prefs.FileSystemPreferences syncWorld
2025-09-17 10:56:58,625 [ERROR] LogOutputStream:75 - [STDERR_REDIRECT] WARNING: Couldn't flush system prefs: java.util.prefs.BackingStoreException: Couldn't get file lock.
2025-09-17 10:56:58,626 [ERROR] LogOutputStream:75 - [STDERR_REDIRECT] 
2025-09-17 10:57:28,626 [ERROR] LogOutputStream:75 - [STDERR_REDIRECT] Sep 17, 2025 10:57:28 AM java.util.prefs.FileSystemPreferences checkLockFile0ErrorCode
2025-09-17 10:57:28,626 [ERROR] LogOutputStream:75 - [STDERR_REDIRECT] WARNING: Could not lock System prefs. Unix error code 2.
2025-09-17 10:57:28,626 [ERROR] LogOutputStream:75 - [STDERR_REDIRECT] 
2025-09-17 10:57:28,626 [ERROR] LogOutputStream:75 - [STDERR_REDIRECT] Sep 17, 2025 10:57:28 AM java.util.prefs.FileSystemPreferences syncWorld
2025-09-17 10:57:28,626 [ERROR] LogOutputStream:75 - [STDERR_REDIRECT] WARNING: Couldn't flush system prefs: java.util.prefs.BackingStoreException: Couldn't get file lock.
2025-09-17 10:57:28,627 [ERROR] LogOutputStream:75 - [STDERR_REDIRECT] 
2025-09-17 10:57:58,626 [ERROR] LogOutputStream:75 - [STDERR_REDIRECT] Sep 17, 2025 10:57:58 AM java.util.prefs.FileSystemPreferences checkLockFile0ErrorCode
2025-09-17 10:57:58,626 [ERROR] LogOutputStream:75 - [STDERR_REDIRECT] WARNING: Could not lock System prefs. Unix error code 2.
2025-09-17 10:57:58,626 [ERROR] LogOutputStream:75 - [STDERR_REDIRECT] 
2025-09-17 10:57:58,626 [ERROR] LogOutputStream:75 - [STDERR_REDIRECT] Sep 17, 2025 10:57:58 AM java.util.prefs.FileSystemPreferences syncWorld
2025-09-17 10:57:58,627 [ERROR] LogOutputStream:75 - [STDERR_REDIRECT] WARNING: Couldn't flush system prefs: java.util.prefs.BackingStoreException: Couldn't get file lock.
2025-09-17 10:57:58,627 [ERROR] LogOutputStream:75 - [STDERR_REDIRECT] 
2025-09-17 10:58:28,626 [ERROR] LogOutputStream:75 - [STDERR_REDIRECT] Sep 17, 2025 10:58:28 AM java.util.prefs.FileSystemPreferences checkLockFile0ErrorCode
2025-09-17 10:58:28,626 [ERROR] LogOutputStream:75 - [STDERR_REDIRECT] WARNING: Could not lock System prefs. Unix error code 2.
2025-09-17 10:58:28,626 [ERROR] LogOutputStream:75 - [STDERR_REDIRECT] 
2025-09-17 10:58:28,626 [ERROR] LogOutputStream:75 - [STDERR_REDIRECT] Sep 17, 2025 10:58:28 AM java.util.prefs.FileSystemPreferences syncWorld
2025-09-17 10:58:28,627 [ERROR] LogOutputStream:75 - [STDERR_REDIRECT] WARNING: Couldn't flush system prefs: java.util.prefs.BackingStoreException: Couldn't get file lock.
2025-09-17 10:58:28,627 [ERROR] LogOutputStream:75 - [STDERR_REDIRECT] 
2025-09-17 10:58:58,626 [ERROR] LogOutputStream:75 - [STDERR_REDIRECT] Sep 17, 2025 10:58:58 AM java.util.prefs.FileSystemPreferences checkLockFile0ErrorCode
2025-09-17 10:58:58,626 [ERROR] LogOutputStream:75 - [STDERR_REDIRECT] WARNING: Could not lock System prefs. Unix error code 2.
2025-09-17 10:58:58,626 [ERROR] LogOutputStream:75 - [STDERR_REDIRECT] 
2025-09-17 10:58:58,626 [ERROR] LogOutputStream:75 - [STDERR_REDIRECT] Sep 17, 2025 10:58:58 AM java.util.prefs.FileSystemPreferences syncWorld
2025-09-17 10:58:58,626 [ERROR] LogOutputStream:75 - [STDERR_REDIRECT] WARNING: Couldn't flush system prefs: java.util.prefs.BackingStoreException: Couldn't get file lock.
2025-09-17 10:58:58,626 [ERROR] LogOutputStream:75 - [STDERR_REDIRECT] 
2025-09-17 10:59:28,626 [ERROR] LogOutputStream:75 - [STDERR_REDIRECT] Sep 17, 2025 10:59:28 AM java.util.prefs.FileSystemPreferences checkLockFile0ErrorCode
2025-09-17 10:59:28,626 [ERROR] LogOutputStream:75 - [STDERR_REDIRECT] WARNING: Could not lock System prefs. Unix error code 2.
2025-09-17 10:59:28,626 [ERROR] LogOutputStream:75 - [STDERR_REDIRECT] 
2025-09-17 10:59:28,626 [ERROR] LogOutputStream:75 - [STDERR_REDIRECT] Sep 17, 2025 10:59:28 AM java.util.prefs.FileSystemPreferences syncWorld
2025-09-17 10:59:28,626 [ERROR] LogOutputStream:75 - [STDERR_REDIRECT] WARNING: Couldn't flush system prefs: java.util.prefs.BackingStoreException: Couldn't get file lock.
2025-09-17 10:59:28,627 [ERROR] LogOutputStream:75 - [STDERR_REDIRECT] 
2025-09-17 10:59:58,627 [ERROR] LogOutputStream:75 - [STDERR_REDIRECT] Sep 17, 2025 10:59:58 AM java.util.prefs.FileSystemPreferences checkLockFile0ErrorCode
2025-09-17 10:59:58,627 [ERROR] LogOutputStream:75 - [STDERR_REDIRECT] WARNING: Could not lock System prefs. Unix error code 2.
2025-09-17 10:59:58,627 [ERROR] LogOutputStream:75 - [STDERR_REDIRECT] 
2025-09-17 10:59:58,627 [ERROR] LogOutputStream:75 - [STDERR_REDIRECT] Sep 17, 2025 10:59:58 AM java.util.prefs.FileSystemPreferences syncWorld
2025-09-17 10:59:58,628 [ERROR] LogOutputStream:75 - [STDERR_REDIRECT] WARNING: Couldn't flush system prefs: java.util.prefs.BackingStoreException: Couldn't get file lock.
2025-09-17 10:59:58,628 [ERROR] LogOutputStream:75 - [STDERR_REDIRECT] 
2025-09-17 11:00:28,627 [ERROR] LogOutputStream:75 - [STDERR_REDIRECT] Sep 17, 2025 11:00:28 AM java.util.prefs.FileSystemPreferences checkLockFile0ErrorCode
2025-09-17 11:00:28,627 [ERROR] LogOutputStream:75 - [STDERR_REDIRECT] WARNING: Could not lock System prefs. Unix error code 2.
2025-09-17 11:00:28,627 [ERROR] LogOutputStream:75 - [STDERR_REDIRECT] 
2025-09-17 11:00:28,627 [ERROR] LogOutputStream:75 - [STDERR_REDIRECT] Sep 17, 2025 11:00:28 AM java.util.prefs.FileSystemPreferences syncWorld
2025-09-17 11:00:28,628 [ERROR] LogOutputStream:75 - [STDERR_REDIRECT] WARNING: Couldn't flush system prefs: java.util.prefs.BackingStoreException: Couldn't get file lock.
2025-09-17 11:00:28,628 [ERROR] LogOutputStream:75 - [STDERR_REDIRECT] 
2025-09-17 11:00:58,627 [ERROR] LogOutputStream:75 - [STDERR_REDIRECT] Sep 17, 2025 11:00:58 AM java.util.prefs.FileSystemPreferences checkLockFile0ErrorCode
2025-09-17 11:00:58,627 [ERROR] LogOutputStream:75 - [STDERR_REDIRECT] WARNING: Could not lock System prefs. Unix error code 2.
2025-09-17 11:00:58,627 [ERROR] LogOutputStream:75 - [STDERR_REDIRECT] 
2025-09-17 11:00:58,627 [ERROR] LogOutputStream:75 - [STDERR_REDIRECT] Sep 17, 2025 11:00:58 AM java.util.prefs.FileSystemPreferences syncWorld
2025-09-17 11:00:58,627 [ERROR] LogOutputStream:75 - [STDERR_REDIRECT] WARNING: Couldn't flush system prefs: java.util.prefs.BackingStoreException: Couldn't get file lock.
2025-09-17 11:00:58,627 [ERROR] LogOutputStream:75 - [STDERR_REDIRECT] 
2025-09-17 11:01:28,628 [ERROR] LogOutputStream:75 - [STDERR_REDIRECT] Sep 17, 2025 11:01:28 AM java.util.prefs.FileSystemPreferences checkLockFile0ErrorCode
2025-09-17 11:01:28,628 [ERROR] LogOutputStream:75 - [STDERR_REDIRECT] WARNING: Could not lock System prefs. Unix error code 2.
2025-09-17 11:01:28,628 [ERROR] LogOutputStream:75 - [STDERR_REDIRECT] 
2025-09-17 11:01:28,628 [ERROR] LogOutputStream:75 - [STDERR_REDIRECT] Sep 17, 2025 11:01:28 AM java.util.prefs.FileSystemPreferences syncWorld
2025-09-17 11:01:28,628 [ERROR] LogOutputStream:75 - [STDERR_REDIRECT] WARNING: Couldn't flush system prefs: java.util.prefs.BackingStoreException: Couldn't get file lock.
2025-09-17 11:01:28,628 [ERROR] LogOutputStream:75 - [STDERR_REDIRECT] 
2025-09-17 11:01:58,628 [ERROR] LogOutputStream:75 - [STDERR_REDIRECT] Sep 17, 2025 11:01:58 AM java.util.prefs.FileSystemPreferences checkLockFile0ErrorCode
2025-09-17 11:01:58,628 [ERROR] LogOutputStream:75 - [STDERR_REDIRECT] WARNING: Could not lock System prefs. Unix error code 2.
2025-09-17 11:01:58,628 [ERROR] LogOutputStream:75 - [STDERR_REDIRECT] 
2025-09-17 11:01:58,629 [ERROR] LogOutputStream:75 - [STDERR_REDIRECT] Sep 17, 2025 11:01:58 AM java.util.prefs.FileSystemPreferences syncWorld
2025-09-17 11:01:58,629 [ERROR] LogOutputStream:75 - [STDERR_REDIRECT] WARNING: Couldn't flush system prefs: java.util.prefs.BackingStoreException: Couldn't get file lock.
2025-09-17 11:01:58,629 [ERROR] LogOutputStream:75 - [STDERR_REDIRECT] 
2025-09-17 11:02:28,628 [ERROR] LogOutputStream:75 - [STDERR_REDIRECT] Sep 17, 2025 11:02:28 AM java.util.prefs.FileSystemPreferences checkLockFile0ErrorCode
2025-09-17 11:02:28,628 [ERROR] LogOutputStream:75 - [STDERR_REDIRECT] WARNING: Could not lock System prefs. Unix error code 2.
2025-09-17 11:02:28,628 [ERROR] LogOutputStream:75 - [STDERR_REDIRECT] 
2025-09-17 11:02:28,628 [ERROR] LogOutputStream:75 - [STDERR_REDIRECT] Sep 17, 2025 11:02:28 AM java.util.prefs.FileSystemPreferences syncWorld
2025-09-17 11:02:28,628 [ERROR] LogOutputStream:75 - [STDERR_REDIRECT] WARNING: Couldn't flush system prefs: java.util.prefs.BackingStoreException: Couldn't get file lock.
2025-09-17 11:02:28,628 [ERROR] LogOutputStream:75 - [STDERR_REDIRECT] 
2025-09-17 11:02:58,628 [ERROR] LogOutputStream:75 - [STDERR_REDIRECT] Sep 17, 2025 11:02:58 AM java.util.prefs.FileSystemPreferences checkLockFile0ErrorCode
2025-09-17 11:02:58,628 [ERROR] LogOutputStream:75 - [STDERR_REDIRECT] WARNING: Could not lock System prefs. Unix error code 2.
2025-09-17 11:02:58,629 [ERROR] LogOutputStream:75 - [STDERR_REDIRECT] 
2025-09-17 11:02:58,629 [ERROR] LogOutputStream:75 - [STDERR_REDIRECT] Sep 17, 2025 11:02:58 AM java.util.prefs.FileSystemPreferences syncWorld
2025-09-17 11:02:58,629 [ERROR] LogOutputStream:75 - [STDERR_REDIRECT] WARNING: Couldn't flush system prefs: java.util.prefs.BackingStoreException: Couldn't get file lock.
2025-09-17 11:02:58,629 [ERROR] LogOutputStream:75 - [STDERR_REDIRECT] 
2025-09-17 11:03:28,627 [ERROR] LogOutputStream:75 - [STDERR_REDIRECT] Sep 17, 2025 11:03:28 AM java.util.prefs.FileSystemPreferences checkLockFile0ErrorCode
2025-09-17 11:03:28,628 [ERROR] LogOutputStream:75 - [STDERR_REDIRECT] WARNING: Could not lock System prefs. Unix error code 2.
2025-09-17 11:03:28,628 [ERROR] LogOutputStream:75 - [STDERR_REDIRECT] 
2025-09-17 11:03:28,628 [ERROR] LogOutputStream:75 - [STDERR_REDIRECT] Sep 17, 2025 11:03:28 AM java.util.prefs.FileSystemPreferences syncWorld
2025-09-17 11:03:28,628 [ERROR] LogOutputStream:75 - [STDERR_REDIRECT] WARNING: Couldn't flush system prefs: java.util.prefs.BackingStoreException: Couldn't get file lock.
2025-09-17 11:03:28,629 [ERROR] LogOutputStream:75 - [STDERR_REDIRECT] 
2025-09-17 11:03:58,628 [ERROR] LogOutputStream:75 - [STDERR_REDIRECT] Sep 17, 2025 11:03:58 AM java.util.prefs.FileSystemPreferences checkLockFile0ErrorCode
2025-09-17 11:03:58,628 [ERROR] LogOutputStream:75 - [STDERR_REDIRECT] WARNING: Could not lock System prefs. Unix error code 2.
2025-09-17 11:03:58,628 [ERROR] LogOutputStream:75 - [STDERR_REDIRECT] 
2025-09-17 11:03:58,629 [ERROR] LogOutputStream:75 - [STDERR_REDIRECT] Sep 17, 2025 11:03:58 AM java.util.prefs.FileSystemPreferences syncWorld
2025-09-17 11:03:58,629 [ERROR] LogOutputStream:75 - [STDERR_REDIRECT] WARNING: Couldn't flush system prefs: java.util.prefs.BackingStoreException: Couldn't get file lock.
2025-09-17 11:03:58,629 [ERROR] LogOutputStream:75 - [STDERR_REDIRECT] 
2025-09-17 11:04:28,628 [ERROR] LogOutputStream:75 - [STDERR_REDIRECT] Sep 17, 2025 11:04:28 AM java.util.prefs.FileSystemPreferences checkLockFile0ErrorCode
2025-09-17 11:04:28,628 [ERROR] LogOutputStream:75 - [STDERR_REDIRECT] WARNING: Could not lock System prefs. Unix error code 2.
2025-09-17 11:04:28,628 [ERROR] LogOutputStream:75 - [STDERR_REDIRECT] 
2025-09-17 11:04:28,629 [ERROR] LogOutputStream:75 - [STDERR_REDIRECT] Sep 17, 2025 11:04:28 AM java.util.prefs.FileSystemPreferences syncWorld
2025-09-17 11:04:28,629 [ERROR] LogOutputStream:75 - [STDERR_REDIRECT] WARNING: Couldn't flush system prefs: java.util.prefs.BackingStoreException: Couldn't get file lock.
2025-09-17 11:04:28,629 [ERROR] LogOutputStream:75 - [STDERR_REDIRECT] 
2025-09-17 11:04:58,628 [ERROR] LogOutputStream:75 - [STDERR_REDIRECT] Sep 17, 2025 11:04:58 AM java.util.prefs.FileSystemPreferences checkLockFile0ErrorCode
2025-09-17 11:04:58,628 [ERROR] LogOutputStream:75 - [STDERR_REDIRECT] WARNING: Could not lock System prefs. Unix error code 2.
2025-09-17 11:04:58,628 [ERROR] LogOutputStream:75 - [STDERR_REDIRECT] 
2025-09-17 11:04:58,629 [ERROR] LogOutputStream:75 - [STDERR_REDIRECT] Sep 17, 2025 11:04:58 AM java.util.prefs.FileSystemPreferences syncWorld
2025-09-17 11:04:58,629 [ERROR] LogOutputStream:75 - [STDERR_REDIRECT] WARNING: Couldn't flush system prefs: java.util.prefs.BackingStoreException: Couldn't get file lock.
2025-09-17 11:04:58,629 [ERROR] LogOutputStream:75 - [STDERR_REDIRECT] 
2025-09-17 11:05:28,628 [ERROR] LogOutputStream:75 - [STDERR_REDIRECT] Sep 17, 2025 11:05:28 AM java.util.prefs.FileSystemPreferences checkLockFile0ErrorCode
2025-09-17 11:05:28,628 [ERROR] LogOutputStream:75 - [STDERR_REDIRECT] WARNING: Could not lock System prefs. Unix error code 2.
2025-09-17 11:05:28,628 [ERROR] LogOutputStream:75 - [STDERR_REDIRECT] 
2025-09-17 11:05:28,628 [ERROR] LogOutputStream:75 - [STDERR_REDIRECT] Sep 17, 2025 11:05:28 AM java.util.prefs.FileSystemPreferences syncWorld
2025-09-17 11:05:28,628 [ERROR] LogOutputStream:75 - [STDERR_REDIRECT] WARNING: Couldn't flush system prefs: java.util.prefs.BackingStoreException: Couldn't get file lock.
2025-09-17 11:05:28,629 [ERROR] LogOutputStream:75 - [STDERR_REDIRECT] 
2025-09-17 11:05:58,628 [ERROR] LogOutputStream:75 - [STDERR_REDIRECT] Sep 17, 2025 11:05:58 AM java.util.prefs.FileSystemPreferences checkLockFile0ErrorCode
2025-09-17 11:05:58,628 [ERROR] LogOutputStream:75 - [STDERR_REDIRECT] WARNING: Could not lock System prefs. Unix error code 2.
2025-09-17 11:05:58,628 [ERROR] LogOutputStream:75 - [STDERR_REDIRECT] 
2025-09-17 11:05:58,629 [ERROR] LogOutputStream:75 - [STDERR_REDIRECT] Sep 17, 2025 11:05:58 AM java.util.prefs.FileSystemPreferences syncWorld
2025-09-17 11:05:58,629 [ERROR] LogOutputStream:75 - [STDERR_REDIRECT] WARNING: Couldn't flush system prefs: java.util.prefs.BackingStoreException: Couldn't get file lock.
2025-09-17 11:05:58,629 [ERROR] LogOutputStream:75 - [STDERR_REDIRECT] 
2025-09-17 11:06:28,628 [ERROR] LogOutputStream:75 - [STDERR_REDIRECT] Sep 17, 2025 11:06:28 AM java.util.prefs.FileSystemPreferences checkLockFile0ErrorCode
2025-09-17 11:06:28,628 [ERROR] LogOutputStream:75 - [STDERR_REDIRECT] WARNING: Could not lock System prefs. Unix error code 2.
2025-09-17 11:06:28,628 [ERROR] LogOutputStream:75 - [STDERR_REDIRECT] 
2025-09-17 11:06:28,629 [ERROR] LogOutputStream:75 - [STDERR_REDIRECT] Sep 17, 2025 11:06:28 AM java.util.prefs.FileSystemPreferences syncWorld
2025-09-17 11:06:28,629 [ERROR] LogOutputStream:75 - [STDERR_REDIRECT] WARNING: Couldn't flush system prefs: java.util.prefs.BackingStoreException: Couldn't get file lock.
2025-09-17 11:06:28,629 [ERROR] LogOutputStream:75 - [STDERR_REDIRECT] 
2025-09-17 11:06:58,630 [ERROR] LogOutputStream:75 - [STDERR_REDIRECT] Sep 17, 2025 11:06:58 AM java.util.prefs.FileSystemPreferences checkLockFile0ErrorCode
2025-09-17 11:06:58,630 [ERROR] LogOutputStream:75 - [STDERR_REDIRECT] WARNING: Could not lock System prefs. Unix error code 2.
2025-09-17 11:06:58,630 [ERROR] LogOutputStream:75 - [STDERR_REDIRECT] 
2025-09-17 11:06:58,630 [ERROR] LogOutputStream:75 - [STDERR_REDIRECT] Sep 17, 2025 11:06:58 AM java.util.prefs.FileSystemPreferences syncWorld
2025-09-17 11:06:58,630 [ERROR] LogOutputStream:75 - [STDERR_REDIRECT] WARNING: Couldn't flush system prefs: java.util.prefs.BackingStoreException: Couldn't get file lock.
2025-09-17 11:06:58,630 [ERROR] LogOutputStream:75 - [STDERR_REDIRECT] 
2025-09-17 11:07:28,628 [ERROR] LogOutputStream:75 - [STDERR_REDIRECT] Sep 17, 2025 11:07:28 AM java.util.prefs.FileSystemPreferences checkLockFile0ErrorCode
2025-09-17 11:07:28,629 [ERROR] LogOutputStream:75 - [STDERR_REDIRECT] WARNING: Could not lock System prefs. Unix error code 2.
2025-09-17 11:07:28,629 [ERROR] LogOutputStream:75 - [STDERR_REDIRECT] 
2025-09-17 11:07:28,629 [ERROR] LogOutputStream:75 - [STDERR_REDIRECT] Sep 17, 2025 11:07:28 AM java.util.prefs.FileSystemPreferences syncWorld
2025-09-17 11:07:28,630 [ERROR] LogOutputStream:75 - [STDERR_REDIRECT] WARNING: Couldn't flush system prefs: java.util.prefs.BackingStoreException: Couldn't get file lock.
2025-09-17 11:07:28,630 [ERROR] LogOutputStream:75 - [STDERR_REDIRECT] 
2025-09-17 11:07:58,628 [ERROR] LogOutputStream:75 - [STDERR_REDIRECT] Sep 17, 2025 11:07:58 AM java.util.prefs.FileSystemPreferences checkLockFile0ErrorCode
2025-09-17 11:07:58,629 [ERROR] LogOutputStream:75 - [STDERR_REDIRECT] WARNING: Could not lock System prefs. Unix error code 2.
2025-09-17 11:07:58,629 [ERROR] LogOutputStream:75 - [STDERR_REDIRECT] 
2025-09-17 11:07:58,629 [ERROR] LogOutputStream:75 - [STDERR_REDIRECT] Sep 17, 2025 11:07:58 AM java.util.prefs.FileSystemPreferences syncWorld
2025-09-17 11:07:58,629 [ERROR] LogOutputStream:75 - [STDERR_REDIRECT] WARNING: Couldn't flush system prefs: java.util.prefs.BackingStoreException: Couldn't get file lock.
2025-09-17 11:07:58,629 [ERROR] LogOutputStream:75 - [STDERR_REDIRECT] 
2025-09-17 11:08:28,629 [ERROR] LogOutputStream:75 - [STDERR_REDIRECT] Sep 17, 2025 11:08:28 AM java.util.prefs.FileSystemPreferences checkLockFile0ErrorCode
2025-09-17 11:08:28,629 [ERROR] LogOutputStream:75 - [STDERR_REDIRECT] WARNING: Could not lock System prefs. Unix error code 2.
2025-09-17 11:08:28,630 [ERROR] LogOutputStream:75 - [STDERR_REDIRECT] 
2025-09-17 11:08:28,630 [ERROR] LogOutputStream:75 - [STDERR_REDIRECT] Sep 17, 2025 11:08:28 AM java.util.prefs.FileSystemPreferences syncWorld
2025-09-17 11:08:28,630 [ERROR] LogOutputStream:75 - [STDERR_REDIRECT] WARNING: Couldn't flush system prefs: java.util.prefs.BackingStoreException: Couldn't get file lock.
2025-09-17 11:08:28,630 [ERROR] LogOutputStream:75 - [STDERR_REDIRECT] 
2025-09-17 11:08:58,630 [ERROR] LogOutputStream:75 - [STDERR_REDIRECT] Sep 17, 2025 11:08:58 AM java.util.prefs.FileSystemPreferences checkLockFile0ErrorCode
2025-09-17 11:08:58,630 [ERROR] LogOutputStream:75 - [STDERR_REDIRECT] WARNING: Could not lock System prefs. Unix error code 2.
2025-09-17 11:08:58,630 [ERROR] LogOutputStream:75 - [STDERR_REDIRECT] 
2025-09-17 11:08:58,630 [ERROR] LogOutputStream:75 - [STDERR_REDIRECT] Sep 17, 2025 11:08:58 AM java.util.prefs.FileSystemPreferences syncWorld
2025-09-17 11:08:58,630 [ERROR] LogOutputStream:75 - [STDERR_REDIRECT] WARNING: Couldn't flush system prefs: java.util.prefs.BackingStoreException: Couldn't get file lock.
2025-09-17 11:08:58,630 [ERROR] LogOutputStream:75 - [STDERR_REDIRECT] 
2025-09-17 11:09:28,631 [ERROR] LogOutputStream:75 - [STDERR_REDIRECT] Sep 17, 2025 11:09:28 AM java.util.prefs.FileSystemPreferences checkLockFile0ErrorCode
2025-09-17 11:09:28,631 [ERROR] LogOutputStream:75 - [STDERR_REDIRECT] WARNING: Could not lock System prefs. Unix error code 2.
2025-09-17 11:09:28,631 [ERROR] LogOutputStream:75 - [STDERR_REDIRECT] 
2025-09-17 11:09:28,631 [ERROR] LogOutputStream:75 - [STDERR_REDIRECT] Sep 17, 2025 11:09:28 AM java.util.prefs.FileSystemPreferences syncWorld
2025-09-17 11:09:28,632 [ERROR] LogOutputStream:75 - [STDERR_REDIRECT] WARNING: Couldn't flush system prefs: java.util.prefs.BackingStoreException: Couldn't get file lock.
2025-09-17 11:09:28,632 [ERROR] LogOutputStream:75 - [STDERR_REDIRECT] 
2025-09-17 11:09:58,630 [ERROR] LogOutputStream:75 - [STDERR_REDIRECT] Sep 17, 2025 11:09:58 AM java.util.prefs.FileSystemPreferences checkLockFile0ErrorCode
2025-09-17 11:09:58,631 [ERROR] LogOutputStream:75 - [STDERR_REDIRECT] WARNING: Could not lock System prefs. Unix error code 2.
2025-09-17 11:09:58,631 [ERROR] LogOutputStream:75 - [STDERR_REDIRECT] 
2025-09-17 11:09:58,631 [ERROR] LogOutputStream:75 - [STDERR_REDIRECT] Sep 17, 2025 11:09:58 AM java.util.prefs.FileSystemPreferences syncWorld
2025-09-17 11:09:58,631 [ERROR] LogOutputStream:75 - [STDERR_REDIRECT] WARNING: Couldn't flush system prefs: java.util.prefs.BackingStoreException: Couldn't get file lock.
2025-09-17 11:09:58,631 [ERROR] LogOutputStream:75 - [STDERR_REDIRECT] 
2025-09-17 11:10:28,631 [ERROR] LogOutputStream:75 - [STDERR_REDIRECT] Sep 17, 2025 11:10:28 AM java.util.prefs.FileSystemPreferences checkLockFile0ErrorCode
2025-09-17 11:10:28,632 [ERROR] LogOutputStream:75 - [STDERR_REDIRECT] WARNING: Could not lock System prefs. Unix error code 2.
2025-09-17 11:10:28,632 [ERROR] LogOutputStream:75 - [STDERR_REDIRECT] 
2025-09-17 11:10:28,632 [ERROR] LogOutputStream:75 - [STDERR_REDIRECT] Sep 17, 2025 11:10:28 AM java.util.prefs.FileSystemPreferences syncWorld
2025-09-17 11:10:28,632 [ERROR] LogOutputStream:75 - [STDERR_REDIRECT] WARNING: Couldn't flush system prefs: java.util.prefs.BackingStoreException: Couldn't get file lock.
2025-09-17 11:10:28,632 [ERROR] LogOutputStream:75 - [STDERR_REDIRECT] 
2025-09-17 11:10:58,631 [ERROR] LogOutputStream:75 - [STDERR_REDIRECT] Sep 17, 2025 11:10:58 AM java.util.prefs.FileSystemPreferences checkLockFile0ErrorCode
2025-09-17 11:10:58,632 [ERROR] LogOutputStream:75 - [STDERR_REDIRECT] WARNING: Could not lock System prefs. Unix error code 2.
2025-09-17 11:10:58,632 [ERROR] LogOutputStream:75 - [STDERR_REDIRECT] 
2025-09-17 11:10:58,632 [ERROR] LogOutputStream:75 - [STDERR_REDIRECT] Sep 17, 2025 11:10:58 AM java.util.prefs.FileSystemPreferences syncWorld
2025-09-17 11:10:58,632 [ERROR] LogOutputStream:75 - [STDERR_REDIRECT] WARNING: Couldn't flush system prefs: java.util.prefs.BackingStoreException: Couldn't get file lock.
2025-09-17 11:10:58,632 [ERROR] LogOutputStream:75 - [STDERR_REDIRECT] 
2025-09-17 11:11:28,631 [ERROR] LogOutputStream:75 - [STDERR_REDIRECT] Sep 17, 2025 11:11:28 AM java.util.prefs.FileSystemPreferences checkLockFile0ErrorCode
2025-09-17 11:11:28,631 [ERROR] LogOutputStream:75 - [STDERR_REDIRECT] WARNING: Could not lock System prefs. Unix error code 2.
2025-09-17 11:11:28,631 [ERROR] LogOutputStream:75 - [STDERR_REDIRECT] 
2025-09-17 11:11:28,631 [ERROR] LogOutputStream:75 - [STDERR_REDIRECT] Sep 17, 2025 11:11:28 AM java.util.prefs.FileSystemPreferences syncWorld
2025-09-17 11:11:28,632 [ERROR] LogOutputStream:75 - [STDERR_REDIRECT] WARNING: Couldn't flush system prefs: java.util.prefs.BackingStoreException: Couldn't get file lock.
2025-09-17 11:11:28,632 [ERROR] LogOutputStream:75 - [STDERR_REDIRECT] 
2025-09-17 11:11:58,631 [ERROR] LogOutputStream:75 - [STDERR_REDIRECT] Sep 17, 2025 11:11:58 AM java.util.prefs.FileSystemPreferences checkLockFile0ErrorCode
2025-09-17 11:11:58,631 [ERROR] LogOutputStream:75 - [STDERR_REDIRECT] WARNING: Could not lock System prefs. Unix error code 2.
2025-09-17 11:11:58,631 [ERROR] LogOutputStream:75 - [STDERR_REDIRECT] 
2025-09-17 11:11:58,632 [ERROR] LogOutputStream:75 - [STDERR_REDIRECT] Sep 17, 2025 11:11:58 AM java.util.prefs.FileSystemPreferences syncWorld
2025-09-17 11:11:58,632 [ERROR] LogOutputStream:75 - [STDERR_REDIRECT] WARNING: Couldn't flush system prefs: java.util.prefs.BackingStoreException: Couldn't get file lock.
2025-09-17 11:11:58,632 [ERROR] LogOutputStream:75 - [STDERR_REDIRECT] 
2025-09-17 11:12:28,631 [ERROR] LogOutputStream:75 - [STDERR_REDIRECT] Sep 17, 2025 11:12:28 AM java.util.prefs.FileSystemPreferences checkLockFile0ErrorCode
2025-09-17 11:12:28,631 [ERROR] LogOutputStream:75 - [STDERR_REDIRECT] WARNING: Could not lock System prefs. Unix error code 2.
2025-09-17 11:12:28,631 [ERROR] LogOutputStream:75 - [STDERR_REDIRECT] 
2025-09-17 11:12:28,631 [ERROR] LogOutputStream:75 - [STDERR_REDIRECT] Sep 17, 2025 11:12:28 AM java.util.prefs.FileSystemPreferences syncWorld
2025-09-17 11:12:28,631 [ERROR] LogOutputStream:75 - [STDERR_REDIRECT] WARNING: Couldn't flush system prefs: java.util.prefs.BackingStoreException: Couldn't get file lock.
2025-09-17 11:12:28,631 [ERROR] LogOutputStream:75 - [STDERR_REDIRECT] 
2025-09-17 11:12:58,630 [ERROR] LogOutputStream:75 - [STDERR_REDIRECT] Sep 17, 2025 11:12:58 AM java.util.prefs.FileSystemPreferences checkLockFile0ErrorCode
2025-09-17 11:12:58,630 [ERROR] LogOutputStream:75 - [STDERR_REDIRECT] WARNING: Could not lock System prefs. Unix error code 2.
2025-09-17 11:12:58,630 [ERROR] LogOutputStream:75 - [STDERR_REDIRECT] 
2025-09-17 11:12:58,631 [ERROR] LogOutputStream:75 - [STDERR_REDIRECT] Sep 17, 2025 11:12:58 AM java.util.prefs.FileSystemPreferences syncWorld
2025-09-17 11:12:58,631 [ERROR] LogOutputStream:75 - [STDERR_REDIRECT] WARNING: Couldn't flush system prefs: java.util.prefs.BackingStoreException: Couldn't get file lock.
2025-09-17 11:12:58,631 [ERROR] LogOutputStream:75 - [STDERR_REDIRECT] 
2025-09-17 11:13:28,630 [ERROR] LogOutputStream:75 - [STDERR_REDIRECT] Sep 17, 2025 11:13:28 AM java.util.prefs.FileSystemPreferences checkLockFile0ErrorCode
2025-09-17 11:13:28,630 [ERROR] LogOutputStream:75 - [STDERR_REDIRECT] WARNING: Could not lock System prefs. Unix error code 2.
2025-09-17 11:13:28,630 [ERROR] LogOutputStream:75 - [STDERR_REDIRECT] 
2025-09-17 11:13:28,631 [ERROR] LogOutputStream:75 - [STDERR_REDIRECT] Sep 17, 2025 11:13:28 AM java.util.prefs.FileSystemPreferences syncWorld
2025-09-17 11:13:28,631 [ERROR] LogOutputStream:75 - [STDERR_REDIRECT] WARNING: Couldn't flush system prefs: java.util.prefs.BackingStoreException: Couldn't get file lock.
2025-09-17 11:13:28,631 [ERROR] LogOutputStream:75 - [STDERR_REDIRECT] 
2025-09-17 11:13:58,631 [ERROR] LogOutputStream:75 - [STDERR_REDIRECT] Sep 17, 2025 11:13:58 AM java.util.prefs.FileSystemPreferences checkLockFile0ErrorCode
2025-09-17 11:13:58,632 [ERROR] LogOutputStream:75 - [STDERR_REDIRECT] WARNING: Could not lock System prefs. Unix error code 2.
2025-09-17 11:13:58,632 [ERROR] LogOutputStream:75 - [STDERR_REDIRECT] 
2025-09-17 11:13:58,632 [ERROR] LogOutputStream:75 - [STDERR_REDIRECT] Sep 17, 2025 11:13:58 AM java.util.prefs.FileSystemPreferences syncWorld
2025-09-17 11:13:58,632 [ERROR] LogOutputStream:75 - [STDERR_REDIRECT] WARNING: Couldn't flush system prefs: java.util.prefs.BackingStoreException: Couldn't get file lock.
2025-09-17 11:13:58,632 [ERROR] LogOutputStream:75 - [STDERR_REDIRECT] 
2025-09-17 11:14:28,631 [ERROR] LogOutputStream:75 - [STDERR_REDIRECT] Sep 17, 2025 11:14:28 AM java.util.prefs.FileSystemPreferences checkLockFile0ErrorCode
2025-09-17 11:14:28,631 [ERROR] LogOutputStream:75 - [STDERR_REDIRECT] WARNING: Could not lock System prefs. Unix error code 2.
2025-09-17 11:14:28,631 [ERROR] LogOutputStream:75 - [STDERR_REDIRECT] 
2025-09-17 11:14:28,631 [ERROR] LogOutputStream:75 - [STDERR_REDIRECT] Sep 17, 2025 11:14:28 AM java.util.prefs.FileSystemPreferences syncWorld
2025-09-17 11:14:28,632 [ERROR] LogOutputStream:75 - [STDERR_REDIRECT] WARNING: Couldn't flush system prefs: java.util.prefs.BackingStoreException: Couldn't get file lock.
2025-09-17 11:14:28,632 [ERROR] LogOutputStream:75 - [STDERR_REDIRECT] 
2025-09-17 11:14:58,630 [ERROR] LogOutputStream:75 - [STDERR_REDIRECT] Sep 17, 2025 11:14:58 AM java.util.prefs.FileSystemPreferences checkLockFile0ErrorCode
2025-09-17 11:14:58,631 [ERROR] LogOutputStream:75 - [STDERR_REDIRECT] WARNING: Could not lock System prefs. Unix error code 2.
2025-09-17 11:14:58,631 [ERROR] LogOutputStream:75 - [STDERR_REDIRECT] 
2025-09-17 11:14:58,631 [ERROR] LogOutputStream:75 - [STDERR_REDIRECT] Sep 17, 2025 11:14:58 AM java.util.prefs.FileSystemPreferences syncWorld
2025-09-17 11:14:58,631 [ERROR] LogOutputStream:75 - [STDERR_REDIRECT] WARNING: Couldn't flush system prefs: java.util.prefs.BackingStoreException: Couldn't get file lock.
2025-09-17 11:14:58,631 [ERROR] LogOutputStream:75 - [STDERR_REDIRECT] 
2025-09-17 11:15:28,631 [ERROR] LogOutputStream:75 - [STDERR_REDIRECT] Sep 17, 2025 11:15:28 AM java.util.prefs.FileSystemPreferences checkLockFile0ErrorCode
2025-09-17 11:15:28,631 [ERROR] LogOutputStream:75 - [STDERR_REDIRECT] WARNING: Could not lock System prefs. Unix error code 2.
2025-09-17 11:15:28,631 [ERROR] LogOutputStream:75 - [STDERR_REDIRECT] 
2025-09-17 11:15:28,631 [ERROR] LogOutputStream:75 - [STDERR_REDIRECT] Sep 17, 2025 11:15:28 AM java.util.prefs.FileSystemPreferences syncWorld
2025-09-17 11:15:28,632 [ERROR] LogOutputStream:75 - [STDERR_REDIRECT] WARNING: Couldn't flush system prefs: java.util.prefs.BackingStoreException: Couldn't get file lock.
2025-09-17 11:15:28,632 [ERROR] LogOutputStream:75 - [STDERR_REDIRECT] 
2025-09-17 11:15:58,631 [ERROR] LogOutputStream:75 - [STDERR_REDIRECT] Sep 17, 2025 11:15:58 AM java.util.prefs.FileSystemPreferences checkLockFile0ErrorCode
2025-09-17 11:15:58,631 [ERROR] LogOutputStream:75 - [STDERR_REDIRECT] WARNING: Could not lock System prefs. Unix error code 2.
2025-09-17 11:15:58,631 [ERROR] LogOutputStream:75 - [STDERR_REDIRECT] 
2025-09-17 11:15:58,632 [ERROR] LogOutputStream:75 - [STDERR_REDIRECT] Sep 17, 2025 11:15:58 AM java.util.prefs.FileSystemPreferences syncWorld
2025-09-17 11:15:58,632 [ERROR] LogOutputStream:75 - [STDERR_REDIRECT] WARNING: Couldn't flush system prefs: java.util.prefs.BackingStoreException: Couldn't get file lock.
2025-09-17 11:15:58,632 [ERROR] LogOutputStream:75 - [STDERR_REDIRECT] 
2025-09-17 11:16:28,631 [ERROR] LogOutputStream:75 - [STDERR_REDIRECT] Sep 17, 2025 11:16:28 AM java.util.prefs.FileSystemPreferences checkLockFile0ErrorCode
2025-09-17 11:16:28,631 [ERROR] LogOutputStream:75 - [STDERR_REDIRECT] WARNING: Could not lock System prefs. Unix error code 2.
2025-09-17 11:16:28,632 [ERROR] LogOutputStream:75 - [STDERR_REDIRECT] 
2025-09-17 11:16:28,632 [ERROR] LogOutputStream:75 - [STDERR_REDIRECT] Sep 17, 2025 11:16:28 AM java.util.prefs.FileSystemPreferences syncWorld
2025-09-17 11:16:28,632 [ERROR] LogOutputStream:75 - [STDERR_REDIRECT] WARNING: Couldn't flush system prefs: java.util.prefs.BackingStoreException: Couldn't get file lock.
2025-09-17 11:16:28,632 [ERROR] LogOutputStream:75 - [STDERR_REDIRECT] 
2025-09-17 11:16:58,634 [ERROR] LogOutputStream:75 - [STDERR_REDIRECT] Sep 17, 2025 11:16:58 AM java.util.prefs.FileSystemPreferences checkLockFile0ErrorCode
2025-09-17 11:16:58,634 [ERROR] LogOutputStream:75 - [STDERR_REDIRECT] WARNING: Could not lock System prefs. Unix error code 2.
2025-09-17 11:16:58,634 [ERROR] LogOutputStream:75 - [STDERR_REDIRECT] 
2025-09-17 11:16:58,635 [ERROR] LogOutputStream:75 - [STDERR_REDIRECT] Sep 17, 2025 11:16:58 AM java.util.prefs.FileSystemPreferences syncWorld
2025-09-17 11:16:58,635 [ERROR] LogOutputStream:75 - [STDERR_REDIRECT] WARNING: Couldn't flush system prefs: java.util.prefs.BackingStoreException: Couldn't get file lock.
2025-09-17 11:16:58,635 [ERROR] LogOutputStream:75 - [STDERR_REDIRECT] 
2025-09-17 11:17:28,631 [ERROR] LogOutputStream:75 - [STDERR_REDIRECT] Sep 17, 2025 11:17:28 AM java.util.prefs.FileSystemPreferences checkLockFile0ErrorCode
2025-09-17 11:17:28,631 [ERROR] LogOutputStream:75 - [STDERR_REDIRECT] WARNING: Could not lock System prefs. Unix error code 2.
2025-09-17 11:17:28,631 [ERROR] LogOutputStream:75 - [STDERR_REDIRECT] 
2025-09-17 11:17:28,632 [ERROR] LogOutputStream:75 - [STDERR_REDIRECT] Sep 17, 2025 11:17:28 AM java.util.prefs.FileSystemPreferences syncWorld
2025-09-17 11:17:28,632 [ERROR] LogOutputStream:75 - [STDERR_REDIRECT] WARNING: Couldn't flush system prefs: java.util.prefs.BackingStoreException: Couldn't get file lock.
2025-09-17 11:17:28,632 [ERROR] LogOutputStream:75 - [STDERR_REDIRECT] 
2025-09-17 11:17:58,630 [ERROR] LogOutputStream:75 - [STDERR_REDIRECT] Sep 17, 2025 11:17:58 AM java.util.prefs.FileSystemPreferences checkLockFile0ErrorCode
2025-09-17 11:17:58,631 [ERROR] LogOutputStream:75 - [STDERR_REDIRECT] WARNING: Could not lock System prefs. Unix error code 2.
2025-09-17 11:17:58,631 [ERROR] LogOutputStream:75 - [STDERR_REDIRECT] 
2025-09-17 11:17:58,631 [ERROR] LogOutputStream:75 - [STDERR_REDIRECT] Sep 17, 2025 11:17:58 AM java.util.prefs.FileSystemPreferences syncWorld
2025-09-17 11:17:58,631 [ERROR] LogOutputStream:75 - [STDERR_REDIRECT] WARNING: Couldn't flush system prefs: java.util.prefs.BackingStoreException: Couldn't get file lock.
2025-09-17 11:17:58,631 [ERROR] LogOutputStream:75 - [STDERR_REDIRECT] 
2025-09-17 11:18:28,633 [ERROR] LogOutputStream:75 - [STDERR_REDIRECT] Sep 17, 2025 11:18:28 AM java.util.prefs.FileSystemPreferences checkLockFile0ErrorCode
2025-09-17 11:18:28,633 [ERROR] LogOutputStream:75 - [STDERR_REDIRECT] WARNING: Could not lock System prefs. Unix error code 2.
2025-09-17 11:18:28,633 [ERROR] LogOutputStream:75 - [STDERR_REDIRECT] 
2025-09-17 11:18:28,634 [ERROR] LogOutputStream:75 - [STDERR_REDIRECT] Sep 17, 2025 11:18:28 AM java.util.prefs.FileSystemPreferences syncWorld
2025-09-17 11:18:28,634 [ERROR] LogOutputStream:75 - [STDERR_REDIRECT] WARNING: Couldn't flush system prefs: java.util.prefs.BackingStoreException: Couldn't get file lock.
2025-09-17 11:18:28,634 [ERROR] LogOutputStream:75 - [STDERR_REDIRECT] 
2025-09-17 11:18:58,631 [ERROR] LogOutputStream:75 - [STDERR_REDIRECT] Sep 17, 2025 11:18:58 AM java.util.prefs.FileSystemPreferences checkLockFile0ErrorCode
2025-09-17 11:18:58,631 [ERROR] LogOutputStream:75 - [STDERR_REDIRECT] WARNING: Could not lock System prefs. Unix error code 2.
2025-09-17 11:18:58,631 [ERROR] LogOutputStream:75 - [STDERR_REDIRECT] 
2025-09-17 11:18:58,631 [ERROR] LogOutputStream:75 - [STDERR_REDIRECT] Sep 17, 2025 11:18:58 AM java.util.prefs.FileSystemPreferences syncWorld
2025-09-17 11:18:58,631 [ERROR] LogOutputStream:75 - [STDERR_REDIRECT] WARNING: Couldn't flush system prefs: java.util.prefs.BackingStoreException: Couldn't get file lock.
2025-09-17 11:18:58,631 [ERROR] LogOutputStream:75 - [STDERR_REDIRECT] 
2025-09-17 11:19:28,631 [ERROR] LogOutputStream:75 - [STDERR_REDIRECT] Sep 17, 2025 11:19:28 AM java.util.prefs.FileSystemPreferences checkLockFile0ErrorCode
2025-09-17 11:19:28,632 [ERROR] LogOutputStream:75 - [STDERR_REDIRECT] WARNING: Could not lock System prefs. Unix error code 2.
2025-09-17 11:19:28,632 [ERROR] LogOutputStream:75 - [STDERR_REDIRECT] 
2025-09-17 11:19:28,632 [ERROR] LogOutputStream:75 - [STDERR_REDIRECT] Sep 17, 2025 11:19:28 AM java.util.prefs.FileSystemPreferences syncWorld
2025-09-17 11:19:28,632 [ERROR] LogOutputStream:75 - [STDERR_REDIRECT] WARNING: Couldn't flush system prefs: java.util.prefs.BackingStoreException: Couldn't get file lock.
2025-09-17 11:19:28,632 [ERROR] LogOutputStream:75 - [STDERR_REDIRECT] 
2025-09-17 11:19:58,631 [ERROR] LogOutputStream:75 - [STDERR_REDIRECT] Sep 17, 2025 11:19:58 AM java.util.prefs.FileSystemPreferences checkLockFile0ErrorCode
2025-09-17 11:19:58,632 [ERROR] LogOutputStream:75 - [STDERR_REDIRECT] WARNING: Could not lock System prefs. Unix error code 2.
2025-09-17 11:19:58,632 [ERROR] LogOutputStream:75 - [STDERR_REDIRECT] 
2025-09-17 11:19:58,632 [ERROR] LogOutputStream:75 - [STDERR_REDIRECT] Sep 17, 2025 11:19:58 AM java.util.prefs.FileSystemPreferences syncWorld
2025-09-17 11:19:58,632 [ERROR] LogOutputStream:75 - [STDERR_REDIRECT] WARNING: Couldn't flush system prefs: java.util.prefs.BackingStoreException: Couldn't get file lock.
2025-09-17 11:19:58,632 [ERROR] LogOutputStream:75 - [STDERR_REDIRECT] 
2025-09-17 11:20:28,631 [ERROR] LogOutputStream:75 - [STDERR_REDIRECT] Sep 17, 2025 11:20:28 AM java.util.prefs.FileSystemPreferences checkLockFile0ErrorCode
2025-09-17 11:20:28,631 [ERROR] LogOutputStream:75 - [STDERR_REDIRECT] WARNING: Could not lock System prefs. Unix error code 2.
2025-09-17 11:20:28,631 [ERROR] LogOutputStream:75 - [STDERR_REDIRECT] 
2025-09-17 11:20:28,632 [ERROR] LogOutputStream:75 - [STDERR_REDIRECT] Sep 17, 2025 11:20:28 AM java.util.prefs.FileSystemPreferences syncWorld
2025-09-17 11:20:28,632 [ERROR] LogOutputStream:75 - [STDERR_REDIRECT] WARNING: Couldn't flush system prefs: java.util.prefs.BackingStoreException: Couldn't get file lock.
2025-09-17 11:20:28,632 [ERROR] LogOutputStream:75 - [STDERR_REDIRECT] 
2025-09-17 11:20:58,631 [ERROR] LogOutputStream:75 - [STDERR_REDIRECT] Sep 17, 2025 11:20:58 AM java.util.prefs.FileSystemPreferences checkLockFile0ErrorCode
2025-09-17 11:20:58,631 [ERROR] LogOutputStream:75 - [STDERR_REDIRECT] WARNING: Could not lock System prefs. Unix error code 2.
2025-09-17 11:20:58,631 [ERROR] LogOutputStream:75 - [STDERR_REDIRECT] 
2025-09-17 11:20:58,631 [ERROR] LogOutputStream:75 - [STDERR_REDIRECT] Sep 17, 2025 11:20:58 AM java.util.prefs.FileSystemPreferences syncWorld
2025-09-17 11:20:58,631 [ERROR] LogOutputStream:75 - [STDERR_REDIRECT] WARNING: Couldn't flush system prefs: java.util.prefs.BackingStoreException: Couldn't get file lock.
2025-09-17 11:20:58,631 [ERROR] LogOutputStream:75 - [STDERR_REDIRECT] 
2025-09-17 11:21:28,631 [ERROR] LogOutputStream:75 - [STDERR_REDIRECT] Sep 17, 2025 11:21:28 AM java.util.prefs.FileSystemPreferences checkLockFile0ErrorCode
2025-09-17 11:21:28,631 [ERROR] LogOutputStream:75 - [STDERR_REDIRECT] WARNING: Could not lock System prefs. Unix error code 2.
2025-09-17 11:21:28,631 [ERROR] LogOutputStream:75 - [STDERR_REDIRECT] 
2025-09-17 11:21:28,632 [ERROR] LogOutputStream:75 - [STDERR_REDIRECT] Sep 17, 2025 11:21:28 AM java.util.prefs.FileSystemPreferences syncWorld
2025-09-17 11:21:28,632 [ERROR] LogOutputStream:75 - [STDERR_REDIRECT] WARNING: Couldn't flush system prefs: java.util.prefs.BackingStoreException: Couldn't get file lock.
2025-09-17 11:21:28,632 [ERROR] LogOutputStream:75 - [STDERR_REDIRECT] 
2025-09-17 11:21:58,631 [ERROR] LogOutputStream:75 - [STDERR_REDIRECT] Sep 17, 2025 11:21:58 AM java.util.prefs.FileSystemPreferences checkLockFile0ErrorCode
2025-09-17 11:21:58,631 [ERROR] LogOutputStream:75 - [STDERR_REDIRECT] WARNING: Could not lock System prefs. Unix error code 2.
2025-09-17 11:21:58,631 [ERROR] LogOutputStream:75 - [STDERR_REDIRECT] 
2025-09-17 11:21:58,632 [ERROR] LogOutputStream:75 - [STDERR_REDIRECT] Sep 17, 2025 11:21:58 AM java.util.prefs.FileSystemPreferences syncWorld
2025-09-17 11:21:58,632 [ERROR] LogOutputStream:75 - [STDERR_REDIRECT] WARNING: Couldn't flush system prefs: java.util.prefs.BackingStoreException: Couldn't get file lock.
2025-09-17 11:21:58,632 [ERROR] LogOutputStream:75 - [STDERR_REDIRECT] 
2025-09-17 11:22:28,631 [ERROR] LogOutputStream:75 - [STDERR_REDIRECT] Sep 17, 2025 11:22:28 AM java.util.prefs.FileSystemPreferences checkLockFile0ErrorCode
2025-09-17 11:22:28,631 [ERROR] LogOutputStream:75 - [STDERR_REDIRECT] WARNING: Could not lock System prefs. Unix error code 2.
2025-09-17 11:22:28,631 [ERROR] LogOutputStream:75 - [STDERR_REDIRECT] 
2025-09-17 11:22:28,631 [ERROR] LogOutputStream:75 - [STDERR_REDIRECT] Sep 17, 2025 11:22:28 AM java.util.prefs.FileSystemPreferences syncWorld
2025-09-17 11:22:28,631 [ERROR] LogOutputStream:75 - [STDERR_REDIRECT] WARNING: Couldn't flush system prefs: java.util.prefs.BackingStoreException: Couldn't get file lock.
2025-09-17 11:22:28,631 [ERROR] LogOutputStream:75 - [STDERR_REDIRECT] 
2025-09-17 11:22:58,631 [ERROR] LogOutputStream:75 - [STDERR_REDIRECT] Sep 17, 2025 11:22:58 AM java.util.prefs.FileSystemPreferences checkLockFile0ErrorCode
2025-09-17 11:22:58,631 [ERROR] LogOutputStream:75 - [STDERR_REDIRECT] WARNING: Could not lock System prefs. Unix error code 2.
2025-09-17 11:22:58,631 [ERROR] LogOutputStream:75 - [STDERR_REDIRECT] 
2025-09-17 11:22:58,632 [ERROR] LogOutputStream:75 - [STDERR_REDIRECT] Sep 17, 2025 11:22:58 AM java.util.prefs.FileSystemPreferences syncWorld
2025-09-17 11:22:58,632 [ERROR] LogOutputStream:75 - [STDERR_REDIRECT] WARNING: Couldn't flush system prefs: java.util.prefs.BackingStoreException: Couldn't get file lock.
2025-09-17 11:22:58,632 [ERROR] LogOutputStream:75 - [STDERR_REDIRECT] 
2025-09-17 11:23:28,631 [ERROR] LogOutputStream:75 - [STDERR_REDIRECT] Sep 17, 2025 11:23:28 AM java.util.prefs.FileSystemPreferences checkLockFile0ErrorCode
2025-09-17 11:23:28,631 [ERROR] LogOutputStream:75 - [STDERR_REDIRECT] WARNING: Could not lock System prefs. Unix error code 2.
2025-09-17 11:23:28,631 [ERROR] LogOutputStream:75 - [STDERR_REDIRECT] 
2025-09-17 11:23:28,631 [ERROR] LogOutputStream:75 - [STDERR_REDIRECT] Sep 17, 2025 11:23:28 AM java.util.prefs.FileSystemPreferences syncWorld
2025-09-17 11:23:28,631 [ERROR] LogOutputStream:75 - [STDERR_REDIRECT] WARNING: Couldn't flush system prefs: java.util.prefs.BackingStoreException: Couldn't get file lock.
2025-09-17 11:23:28,631 [ERROR] LogOutputStream:75 - [STDERR_REDIRECT] 
2025-09-17 11:23:58,632 [ERROR] LogOutputStream:75 - [STDERR_REDIRECT] Sep 17, 2025 11:23:58 AM java.util.prefs.FileSystemPreferences checkLockFile0ErrorCode
2025-09-17 11:23:58,632 [ERROR] LogOutputStream:75 - [STDERR_REDIRECT] WARNING: Could not lock System prefs. Unix error code 2.
2025-09-17 11:23:58,632 [ERROR] LogOutputStream:75 - [STDERR_REDIRECT] 
2025-09-17 11:23:58,632 [ERROR] LogOutputStream:75 - [STDERR_REDIRECT] Sep 17, 2025 11:23:58 AM java.util.prefs.FileSystemPreferences syncWorld
2025-09-17 11:23:58,632 [ERROR] LogOutputStream:75 - [STDERR_REDIRECT] WARNING: Couldn't flush system prefs: java.util.prefs.BackingStoreException: Couldn't get file lock.
2025-09-17 11:23:58,632 [ERROR] LogOutputStream:75 - [STDERR_REDIRECT] 
2025-09-17 11:24:28,637 [ERROR] LogOutputStream:75 - [STDERR_REDIRECT] Sep 17, 2025 11:24:28 AM java.util.prefs.FileSystemPreferences checkLockFile0ErrorCode
2025-09-17 11:24:28,637 [ERROR] LogOutputStream:75 - [STDERR_REDIRECT] WARNING: Could not lock System prefs. Unix error code 2.
2025-09-17 11:24:28,637 [ERROR] LogOutputStream:75 - [STDERR_REDIRECT] 
2025-09-17 11:24:28,637 [ERROR] LogOutputStream:75 - [STDERR_REDIRECT] Sep 17, 2025 11:24:28 AM java.util.prefs.FileSystemPreferences syncWorld
2025-09-17 11:24:28,637 [ERROR] LogOutputStream:75 - [STDERR_REDIRECT] WARNING: Couldn't flush system prefs: java.util.prefs.BackingStoreException: Couldn't get file lock.
2025-09-17 11:24:28,637 [ERROR] LogOutputStream:75 - [STDERR_REDIRECT] 
2025-09-17 11:24:58,635 [ERROR] LogOutputStream:75 - [STDERR_REDIRECT] Sep 17, 2025 11:24:58 AM java.util.prefs.FileSystemPreferences checkLockFile0ErrorCode
2025-09-17 11:24:58,635 [ERROR] LogOutputStream:75 - [STDERR_REDIRECT] WARNING: Could not lock System prefs. Unix error code 2.
2025-09-17 11:24:58,635 [ERROR] LogOutputStream:75 - [STDERR_REDIRECT] 
2025-09-17 11:24:58,636 [ERROR] LogOutputStream:75 - [STDERR_REDIRECT] Sep 17, 2025 11:24:58 AM java.util.prefs.FileSystemPreferences syncWorld
2025-09-17 11:24:58,636 [ERROR] LogOutputStream:75 - [STDERR_REDIRECT] WARNING: Couldn't flush system prefs: java.util.prefs.BackingStoreException: Couldn't get file lock.
2025-09-17 11:24:58,636 [ERROR] LogOutputStream:75 - [STDERR_REDIRECT] 
2025-09-17 11:25:28,633 [ERROR] LogOutputStream:75 - [STDERR_REDIRECT] Sep 17, 2025 11:25:28 AM java.util.prefs.FileSystemPreferences checkLockFile0ErrorCode
2025-09-17 11:25:28,633 [ERROR] LogOutputStream:75 - [STDERR_REDIRECT] WARNING: Could not lock System prefs. Unix error code 2.
2025-09-17 11:25:28,633 [ERROR] LogOutputStream:75 - [STDERR_REDIRECT] 
2025-09-17 11:25:28,633 [ERROR] LogOutputStream:75 - [STDERR_REDIRECT] Sep 17, 2025 11:25:28 AM java.util.prefs.FileSystemPreferences syncWorld
2025-09-17 11:25:28,634 [ERROR] LogOutputStream:75 - [STDERR_REDIRECT] WARNING: Couldn't flush system prefs: java.util.prefs.BackingStoreException: Couldn't get file lock.
2025-09-17 11:25:28,634 [ERROR] LogOutputStream:75 - [STDERR_REDIRECT] 
2025-09-17 11:25:58,632 [ERROR] LogOutputStream:75 - [STDERR_REDIRECT] Sep 17, 2025 11:25:58 AM java.util.prefs.FileSystemPreferences checkLockFile0ErrorCode
2025-09-17 11:25:58,633 [ERROR] LogOutputStream:75 - [STDERR_REDIRECT] WARNING: Could not lock System prefs. Unix error code 2.
2025-09-17 11:25:58,633 [ERROR] LogOutputStream:75 - [STDERR_REDIRECT] 
2025-09-17 11:25:58,633 [ERROR] LogOutputStream:75 - [STDERR_REDIRECT] Sep 17, 2025 11:25:58 AM java.util.prefs.FileSystemPreferences syncWorld
2025-09-17 11:25:58,633 [ERROR] LogOutputStream:75 - [STDERR_REDIRECT] WARNING: Couldn't flush system prefs: java.util.prefs.BackingStoreException: Couldn't get file lock.
2025-09-17 11:25:58,633 [ERROR] LogOutputStream:75 - [STDERR_REDIRECT] 
2025-09-17 11:26:28,635 [ERROR] LogOutputStream:75 - [STDERR_REDIRECT] Sep 17, 2025 11:26:28 AM java.util.prefs.FileSystemPreferences checkLockFile0ErrorCode
2025-09-17 11:26:28,635 [ERROR] LogOutputStream:75 - [STDERR_REDIRECT] WARNING: Could not lock System prefs. Unix error code 2.
2025-09-17 11:26:28,635 [ERROR] LogOutputStream:75 - [STDERR_REDIRECT] 
2025-09-17 11:26:28,635 [ERROR] LogOutputStream:75 - [STDERR_REDIRECT] Sep 17, 2025 11:26:28 AM java.util.prefs.FileSystemPreferences syncWorld
2025-09-17 11:26:28,635 [ERROR] LogOutputStream:75 - [STDERR_REDIRECT] WARNING: Couldn't flush system prefs: java.util.prefs.BackingStoreException: Couldn't get file lock.
2025-09-17 11:26:28,636 [ERROR] LogOutputStream:75 - [STDERR_REDIRECT] 
2025-09-17 11:26:58,632 [ERROR] LogOutputStream:75 - [STDERR_REDIRECT] Sep 17, 2025 11:26:58 AM java.util.prefs.FileSystemPreferences checkLockFile0ErrorCode
2025-09-17 11:26:58,633 [ERROR] LogOutputStream:75 - [STDERR_REDIRECT] WARNING: Could not lock System prefs. Unix error code 2.
2025-09-17 11:26:58,634 [ERROR] LogOutputStream:75 - [STDERR_REDIRECT] 
2025-09-17 11:26:58,634 [ERROR] LogOutputStream:75 - [STDERR_REDIRECT] Sep 17, 2025 11:26:58 AM java.util.prefs.FileSystemPreferences syncWorld
2025-09-17 11:26:58,634 [ERROR] LogOutputStream:75 - [STDERR_REDIRECT] WARNING: Couldn't flush system prefs: java.util.prefs.BackingStoreException: Couldn't get file lock.
2025-09-17 11:26:58,634 [ERROR] LogOutputStream:75 - [STDERR_REDIRECT] 
2025-09-17 11:27:28,632 [ERROR] LogOutputStream:75 - [STDERR_REDIRECT] Sep 17, 2025 11:27:28 AM java.util.prefs.FileSystemPreferences checkLockFile0ErrorCode
2025-09-17 11:27:28,632 [ERROR] LogOutputStream:75 - [STDERR_REDIRECT] WARNING: Could not lock System prefs. Unix error code 2.
2025-09-17 11:27:28,633 [ERROR] LogOutputStream:75 - [STDERR_REDIRECT] 
2025-09-17 11:27:28,633 [ERROR] LogOutputStream:75 - [STDERR_REDIRECT] Sep 17, 2025 11:27:28 AM java.util.prefs.FileSystemPreferences syncWorld
2025-09-17 11:27:28,633 [ERROR] LogOutputStream:75 - [STDERR_REDIRECT] WARNING: Couldn't flush system prefs: java.util.prefs.BackingStoreException: Couldn't get file lock.
2025-09-17 11:27:28,633 [ERROR] LogOutputStream:75 - [STDERR_REDIRECT] 
2025-09-17 11:27:58,633 [ERROR] LogOutputStream:75 - [STDERR_REDIRECT] Sep 17, 2025 11:27:58 AM java.util.prefs.FileSystemPreferences checkLockFile0ErrorCode
2025-09-17 11:27:58,633 [ERROR] LogOutputStream:75 - [STDERR_REDIRECT] WARNING: Could not lock System prefs. Unix error code 2.
2025-09-17 11:27:58,633 [ERROR] LogOutputStream:75 - [STDERR_REDIRECT] 
2025-09-17 11:27:58,634 [ERROR] LogOutputStream:75 - [STDERR_REDIRECT] Sep 17, 2025 11:27:58 AM java.util.prefs.FileSystemPreferences syncWorld
2025-09-17 11:27:58,634 [ERROR] LogOutputStream:75 - [STDERR_REDIRECT] WARNING: Couldn't flush system prefs: java.util.prefs.BackingStoreException: Couldn't get file lock.
2025-09-17 11:27:58,634 [ERROR] LogOutputStream:75 - [STDERR_REDIRECT] 
2025-09-17 11:28:28,633 [ERROR] LogOutputStream:75 - [STDERR_REDIRECT] Sep 17, 2025 11:28:28 AM java.util.prefs.FileSystemPreferences checkLockFile0ErrorCode
2025-09-17 11:28:28,633 [ERROR] LogOutputStream:75 - [STDERR_REDIRECT] WARNING: Could not lock System prefs. Unix error code 2.
2025-09-17 11:28:28,633 [ERROR] LogOutputStream:75 - [STDERR_REDIRECT] 
2025-09-17 11:28:28,633 [ERROR] LogOutputStream:75 - [STDERR_REDIRECT] Sep 17, 2025 11:28:28 AM java.util.prefs.FileSystemPreferences syncWorld
2025-09-17 11:28:28,633 [ERROR] LogOutputStream:75 - [STDERR_REDIRECT] WARNING: Couldn't flush system prefs: java.util.prefs.BackingStoreException: Couldn't get file lock.
2025-09-17 11:28:28,633 [ERROR] LogOutputStream:75 - [STDERR_REDIRECT] 
2025-09-17 11:28:58,633 [ERROR] LogOutputStream:75 - [STDERR_REDIRECT] Sep 17, 2025 11:28:58 AM java.util.prefs.FileSystemPreferences checkLockFile0ErrorCode
2025-09-17 11:28:58,633 [ERROR] LogOutputStream:75 - [STDERR_REDIRECT] WARNING: Could not lock System prefs. Unix error code 2.
2025-09-17 11:28:58,633 [ERROR] LogOutputStream:75 - [STDERR_REDIRECT] 
2025-09-17 11:28:58,633 [ERROR] LogOutputStream:75 - [STDERR_REDIRECT] Sep 17, 2025 11:28:58 AM java.util.prefs.FileSystemPreferences syncWorld
2025-09-17 11:28:58,634 [ERROR] LogOutputStream:75 - [STDERR_REDIRECT] WARNING: Couldn't flush system prefs: java.util.prefs.BackingStoreException: Couldn't get file lock.
2025-09-17 11:28:58,634 [ERROR] LogOutputStream:75 - [STDERR_REDIRECT] 
2025-09-17 11:29:28,632 [ERROR] LogOutputStream:75 - [STDERR_REDIRECT] Sep 17, 2025 11:29:28 AM java.util.prefs.FileSystemPreferences checkLockFile0ErrorCode
2025-09-17 11:29:28,632 [ERROR] LogOutputStream:75 - [STDERR_REDIRECT] WARNING: Could not lock System prefs. Unix error code 2.
2025-09-17 11:29:28,632 [ERROR] LogOutputStream:75 - [STDERR_REDIRECT] 
2025-09-17 11:29:28,632 [ERROR] LogOutputStream:75 - [STDERR_REDIRECT] Sep 17, 2025 11:29:28 AM java.util.prefs.FileSystemPreferences syncWorld
2025-09-17 11:29:28,633 [ERROR] LogOutputStream:75 - [STDERR_REDIRECT] WARNING: Couldn't flush system prefs: java.util.prefs.BackingStoreException: Couldn't get file lock.
2025-09-17 11:29:28,633 [ERROR] LogOutputStream:75 - [STDERR_REDIRECT] 
2025-09-17 11:29:58,632 [ERROR] LogOutputStream:75 - [STDERR_REDIRECT] Sep 17, 2025 11:29:58 AM java.util.prefs.FileSystemPreferences checkLockFile0ErrorCode
2025-09-17 11:29:58,633 [ERROR] LogOutputStream:75 - [STDERR_REDIRECT] WARNING: Could not lock System prefs. Unix error code 2.
2025-09-17 11:29:58,633 [ERROR] LogOutputStream:75 - [STDERR_REDIRECT] 
2025-09-17 11:29:58,633 [ERROR] LogOutputStream:75 - [STDERR_REDIRECT] Sep 17, 2025 11:29:58 AM java.util.prefs.FileSystemPreferences syncWorld
2025-09-17 11:29:58,633 [ERROR] LogOutputStream:75 - [STDERR_REDIRECT] WARNING: Couldn't flush system prefs: java.util.prefs.BackingStoreException: Couldn't get file lock.
2025-09-17 11:29:58,633 [ERROR] LogOutputStream:75 - [STDERR_REDIRECT] 
2025-09-17 11:30:28,632 [ERROR] LogOutputStream:75 - [STDERR_REDIRECT] Sep 17, 2025 11:30:28 AM java.util.prefs.FileSystemPreferences checkLockFile0ErrorCode
2025-09-17 11:30:28,632 [ERROR] LogOutputStream:75 - [STDERR_REDIRECT] WARNING: Could not lock System prefs. Unix error code 2.
2025-09-17 11:30:28,632 [ERROR] LogOutputStream:75 - [STDERR_REDIRECT] 
2025-09-17 11:30:28,633 [ERROR] LogOutputStream:75 - [STDERR_REDIRECT] Sep 17, 2025 11:30:28 AM java.util.prefs.FileSystemPreferences syncWorld
2025-09-17 11:30:28,633 [ERROR] LogOutputStream:75 - [STDERR_REDIRECT] WARNING: Couldn't flush system prefs: java.util.prefs.BackingStoreException: Couldn't get file lock.
2025-09-17 11:30:28,633 [ERROR] LogOutputStream:75 - [STDERR_REDIRECT] 
2025-09-17 11:30:58,633 [ERROR] LogOutputStream:75 - [STDERR_REDIRECT] Sep 17, 2025 11:30:58 AM java.util.prefs.FileSystemPreferences checkLockFile0ErrorCode
2025-09-17 11:30:58,633 [ERROR] LogOutputStream:75 - [STDERR_REDIRECT] WARNING: Could not lock System prefs. Unix error code 2.
2025-09-17 11:30:58,633 [ERROR] LogOutputStream:75 - [STDERR_REDIRECT] 
2025-09-17 11:30:58,633 [ERROR] LogOutputStream:75 - [STDERR_REDIRECT] Sep 17, 2025 11:30:58 AM java.util.prefs.FileSystemPreferences syncWorld
2025-09-17 11:30:58,633 [ERROR] LogOutputStream:75 - [STDERR_REDIRECT] WARNING: Couldn't flush system prefs: java.util.prefs.BackingStoreException: Couldn't get file lock.
2025-09-17 11:30:58,633 [ERROR] LogOutputStream:75 - [STDERR_REDIRECT] 
2025-09-17 11:31:28,634 [ERROR] LogOutputStream:75 - [STDERR_REDIRECT] Sep 17, 2025 11:31:28 AM java.util.prefs.FileSystemPreferences checkLockFile0ErrorCode
2025-09-17 11:31:28,634 [ERROR] LogOutputStream:75 - [STDERR_REDIRECT] WARNING: Could not lock System prefs. Unix error code 2.
2025-09-17 11:31:28,634 [ERROR] LogOutputStream:75 - [STDERR_REDIRECT] 
2025-09-17 11:31:28,634 [ERROR] LogOutputStream:75 - [STDERR_REDIRECT] Sep 17, 2025 11:31:28 AM java.util.prefs.FileSystemPreferences syncWorld
2025-09-17 11:31:28,634 [ERROR] LogOutputStream:75 - [STDERR_REDIRECT] WARNING: Couldn't flush system prefs: java.util.prefs.BackingStoreException: Couldn't get file lock.
2025-09-17 11:31:28,634 [ERROR] LogOutputStream:75 - [STDERR_REDIRECT] 
2025-09-17 11:31:58,633 [ERROR] LogOutputStream:75 - [STDERR_REDIRECT] Sep 17, 2025 11:31:58 AM java.util.prefs.FileSystemPreferences checkLockFile0ErrorCode
2025-09-17 11:31:58,633 [ERROR] LogOutputStream:75 - [STDERR_REDIRECT] WARNING: Could not lock System prefs. Unix error code 2.
2025-09-17 11:31:58,634 [ERROR] LogOutputStream:75 - [STDERR_REDIRECT] 
2025-09-17 11:31:58,634 [ERROR] LogOutputStream:75 - [STDERR_REDIRECT] Sep 17, 2025 11:31:58 AM java.util.prefs.FileSystemPreferences syncWorld
2025-09-17 11:31:58,634 [ERROR] LogOutputStream:75 - [STDERR_REDIRECT] WARNING: Couldn't flush system prefs: java.util.prefs.BackingStoreException: Couldn't get file lock.
2025-09-17 11:31:58,634 [ERROR] LogOutputStream:75 - [STDERR_REDIRECT] 
2025-09-17 11:32:28,635 [ERROR] LogOutputStream:75 - [STDERR_REDIRECT] Sep 17, 2025 11:32:28 AM java.util.prefs.FileSystemPreferences checkLockFile0ErrorCode
2025-09-17 11:32:28,635 [ERROR] LogOutputStream:75 - [STDERR_REDIRECT] WARNING: Could not lock System prefs. Unix error code 2.
2025-09-17 11:32:28,635 [ERROR] LogOutputStream:75 - [STDERR_REDIRECT] 
2025-09-17 11:32:28,635 [ERROR] LogOutputStream:75 - [STDERR_REDIRECT] Sep 17, 2025 11:32:28 AM java.util.prefs.FileSystemPreferences syncWorld
2025-09-17 11:32:28,635 [ERROR] LogOutputStream:75 - [STDERR_REDIRECT] WARNING: Couldn't flush system prefs: java.util.prefs.BackingStoreException: Couldn't get file lock.
2025-09-17 11:32:28,635 [ERROR] LogOutputStream:75 - [STDERR_REDIRECT] 
2025-09-17 11:32:58,634 [ERROR] LogOutputStream:75 - [STDERR_REDIRECT] Sep 17, 2025 11:32:58 AM java.util.prefs.FileSystemPreferences checkLockFile0ErrorCode
2025-09-17 11:32:58,635 [ERROR] LogOutputStream:75 - [STDERR_REDIRECT] WARNING: Could not lock System prefs. Unix error code 2.
2025-09-17 11:32:58,635 [ERROR] LogOutputStream:75 - [STDERR_REDIRECT] 
2025-09-17 11:32:58,635 [ERROR] LogOutputStream:75 - [STDERR_REDIRECT] Sep 17, 2025 11:32:58 AM java.util.prefs.FileSystemPreferences syncWorld
2025-09-17 11:32:58,635 [ERROR] LogOutputStream:75 - [STDERR_REDIRECT] WARNING: Couldn't flush system prefs: java.util.prefs.BackingStoreException: Couldn't get file lock.
2025-09-17 11:32:58,635 [ERROR] LogOutputStream:75 - [STDERR_REDIRECT] 
2025-09-17 11:33:28,636 [ERROR] LogOutputStream:75 - [STDERR_REDIRECT] Sep 17, 2025 11:33:28 AM java.util.prefs.FileSystemPreferences checkLockFile0ErrorCode
2025-09-17 11:33:28,636 [ERROR] LogOutputStream:75 - [STDERR_REDIRECT] WARNING: Could not lock System prefs. Unix error code 2.
2025-09-17 11:33:28,636 [ERROR] LogOutputStream:75 - [STDERR_REDIRECT] 
2025-09-17 11:33:28,637 [ERROR] LogOutputStream:75 - [STDERR_REDIRECT] Sep 17, 2025 11:33:28 AM java.util.prefs.FileSystemPreferences syncWorld
2025-09-17 11:33:28,637 [ERROR] LogOutputStream:75 - [STDERR_REDIRECT] WARNING: Couldn't flush system prefs: java.util.prefs.BackingStoreException: Couldn't get file lock.
2025-09-17 11:33:28,637 [ERROR] LogOutputStream:75 - [STDERR_REDIRECT] 
2025-09-17 11:33:58,636 [ERROR] LogOutputStream:75 - [STDERR_REDIRECT] Sep 17, 2025 11:33:58 AM java.util.prefs.FileSystemPreferences checkLockFile0ErrorCode
2025-09-17 11:33:58,636 [ERROR] LogOutputStream:75 - [STDERR_REDIRECT] WARNING: Could not lock System prefs. Unix error code 2.
2025-09-17 11:33:58,636 [ERROR] LogOutputStream:75 - [STDERR_REDIRECT] 
2025-09-17 11:33:58,636 [ERROR] LogOutputStream:75 - [STDERR_REDIRECT] Sep 17, 2025 11:33:58 AM java.util.prefs.FileSystemPreferences syncWorld
2025-09-17 11:33:58,636 [ERROR] LogOutputStream:75 - [STDERR_REDIRECT] WARNING: Couldn't flush system prefs: java.util.prefs.BackingStoreException: Couldn't get file lock.
2025-09-17 11:33:58,636 [ERROR] LogOutputStream:75 - [STDERR_REDIRECT] 
2025-09-17 11:34:28,636 [ERROR] LogOutputStream:75 - [STDERR_REDIRECT] Sep 17, 2025 11:34:28 AM java.util.prefs.FileSystemPreferences checkLockFile0ErrorCode
2025-09-17 11:34:28,636 [ERROR] LogOutputStream:75 - [STDERR_REDIRECT] WARNING: Could not lock System prefs. Unix error code 2.
2025-09-17 11:34:28,637 [ERROR] LogOutputStream:75 - [STDERR_REDIRECT] 
2025-09-17 11:34:28,637 [ERROR] LogOutputStream:75 - [STDERR_REDIRECT] Sep 17, 2025 11:34:28 AM java.util.prefs.FileSystemPreferences syncWorld
2025-09-17 11:34:28,637 [ERROR] LogOutputStream:75 - [STDERR_REDIRECT] WARNING: Couldn't flush system prefs: java.util.prefs.BackingStoreException: Couldn't get file lock.
2025-09-17 11:34:28,637 [ERROR] LogOutputStream:75 - [STDERR_REDIRECT] 
2025-09-17 11:34:58,637 [ERROR] LogOutputStream:75 - [STDERR_REDIRECT] Sep 17, 2025 11:34:58 AM java.util.prefs.FileSystemPreferences checkLockFile0ErrorCode
2025-09-17 11:34:58,637 [ERROR] LogOutputStream:75 - [STDERR_REDIRECT] WARNING: Could not lock System prefs. Unix error code 2.
2025-09-17 11:34:58,637 [ERROR] LogOutputStream:75 - [STDERR_REDIRECT] 
2025-09-17 11:34:58,637 [ERROR] LogOutputStream:75 - [STDERR_REDIRECT] Sep 17, 2025 11:34:58 AM java.util.prefs.FileSystemPreferences syncWorld
2025-09-17 11:34:58,637 [ERROR] LogOutputStream:75 - [STDERR_REDIRECT] WARNING: Couldn't flush system prefs: java.util.prefs.BackingStoreException: Couldn't get file lock.
2025-09-17 11:34:58,637 [ERROR] LogOutputStream:75 - [STDERR_REDIRECT] 
2025-09-17 11:35:28,636 [ERROR] LogOutputStream:75 - [STDERR_REDIRECT] Sep 17, 2025 11:35:28 AM java.util.prefs.FileSystemPreferences checkLockFile0ErrorCode
2025-09-17 11:35:28,636 [ERROR] LogOutputStream:75 - [STDERR_REDIRECT] WARNING: Could not lock System prefs. Unix error code 2.
2025-09-17 11:35:28,636 [ERROR] LogOutputStream:75 - [STDERR_REDIRECT] 
2025-09-17 11:35:28,637 [ERROR] LogOutputStream:75 - [STDERR_REDIRECT] Sep 17, 2025 11:35:28 AM java.util.prefs.FileSystemPreferences syncWorld
2025-09-17 11:35:28,637 [ERROR] LogOutputStream:75 - [STDERR_REDIRECT] WARNING: Couldn't flush system prefs: java.util.prefs.BackingStoreException: Couldn't get file lock.
2025-09-17 11:35:28,637 [ERROR] LogOutputStream:75 - [STDERR_REDIRECT] 
2025-09-17 11:35:58,636 [ERROR] LogOutputStream:75 - [STDERR_REDIRECT] Sep 17, 2025 11:35:58 AM java.util.prefs.FileSystemPreferences checkLockFile0ErrorCode
2025-09-17 11:35:58,636 [ERROR] LogOutputStream:75 - [STDERR_REDIRECT] WARNING: Could not lock System prefs. Unix error code 2.
2025-09-17 11:35:58,636 [ERROR] LogOutputStream:75 - [STDERR_REDIRECT] 
2025-09-17 11:35:58,636 [ERROR] LogOutputStream:75 - [STDERR_REDIRECT] Sep 17, 2025 11:35:58 AM java.util.prefs.FileSystemPreferences syncWorld
2025-09-17 11:35:58,637 [ERROR] LogOutputStream:75 - [STDERR_REDIRECT] WARNING: Couldn't flush system prefs: java.util.prefs.BackingStoreException: Couldn't get file lock.
2025-09-17 11:35:58,637 [ERROR] LogOutputStream:75 - [STDERR_REDIRECT] 
2025-09-17 11:36:28,636 [ERROR] LogOutputStream:75 - [STDERR_REDIRECT] Sep 17, 2025 11:36:28 AM java.util.prefs.FileSystemPreferences checkLockFile0ErrorCode
2025-09-17 11:36:28,636 [ERROR] LogOutputStream:75 - [STDERR_REDIRECT] WARNING: Could not lock System prefs. Unix error code 2.
2025-09-17 11:36:28,636 [ERROR] LogOutputStream:75 - [STDERR_REDIRECT] 
2025-09-17 11:36:28,637 [ERROR] LogOutputStream:75 - [STDERR_REDIRECT] Sep 17, 2025 11:36:28 AM java.util.prefs.FileSystemPreferences syncWorld
2025-09-17 11:36:28,637 [ERROR] LogOutputStream:75 - [STDERR_REDIRECT] WARNING: Couldn't flush system prefs: java.util.prefs.BackingStoreException: Couldn't get file lock.
2025-09-17 11:36:28,637 [ERROR] LogOutputStream:75 - [STDERR_REDIRECT] 
2025-09-17 11:36:58,635 [ERROR] LogOutputStream:75 - [STDERR_REDIRECT] Sep 17, 2025 11:36:58 AM java.util.prefs.FileSystemPreferences checkLockFile0ErrorCode
2025-09-17 11:36:58,636 [ERROR] LogOutputStream:75 - [STDERR_REDIRECT] WARNING: Could not lock System prefs. Unix error code 2.
2025-09-17 11:36:58,636 [ERROR] LogOutputStream:75 - [STDERR_REDIRECT] 
2025-09-17 11:36:58,636 [ERROR] LogOutputStream:75 - [STDERR_REDIRECT] Sep 17, 2025 11:36:58 AM java.util.prefs.FileSystemPreferences syncWorld
2025-09-17 11:36:58,636 [ERROR] LogOutputStream:75 - [STDERR_REDIRECT] WARNING: Couldn't flush system prefs: java.util.prefs.BackingStoreException: Couldn't get file lock.
2025-09-17 11:36:58,636 [ERROR] LogOutputStream:75 - [STDERR_REDIRECT] 
2025-09-17 11:37:28,636 [ERROR] LogOutputStream:75 - [STDERR_REDIRECT] Sep 17, 2025 11:37:28 AM java.util.prefs.FileSystemPreferences checkLockFile0ErrorCode
2025-09-17 11:37:28,636 [ERROR] LogOutputStream:75 - [STDERR_REDIRECT] WARNING: Could not lock System prefs. Unix error code 2.
2025-09-17 11:37:28,636 [ERROR] LogOutputStream:75 - [STDERR_REDIRECT] 
2025-09-17 11:37:28,637 [ERROR] LogOutputStream:75 - [STDERR_REDIRECT] Sep 17, 2025 11:37:28 AM java.util.prefs.FileSystemPreferences syncWorld
2025-09-17 11:37:28,637 [ERROR] LogOutputStream:75 - [STDERR_REDIRECT] WARNING: Couldn't flush system prefs: java.util.prefs.BackingStoreException: Couldn't get file lock.
2025-09-17 11:37:28,637 [ERROR] LogOutputStream:75 - [STDERR_REDIRECT] 
2025-09-17 11:37:58,637 [ERROR] LogOutputStream:75 - [STDERR_REDIRECT] Sep 17, 2025 11:37:58 AM java.util.prefs.FileSystemPreferences checkLockFile0ErrorCode
2025-09-17 11:37:58,638 [ERROR] LogOutputStream:75 - [STDERR_REDIRECT] WARNING: Could not lock System prefs. Unix error code 2.
2025-09-17 11:37:58,638 [ERROR] LogOutputStream:75 - [STDERR_REDIRECT] 
2025-09-17 11:37:58,638 [ERROR] LogOutputStream:75 - [STDERR_REDIRECT] Sep 17, 2025 11:37:58 AM java.util.prefs.FileSystemPreferences syncWorld
2025-09-17 11:37:58,638 [ERROR] LogOutputStream:75 - [STDERR_REDIRECT] WARNING: Couldn't flush system prefs: java.util.prefs.BackingStoreException: Couldn't get file lock.
2025-09-17 11:37:58,638 [ERROR] LogOutputStream:75 - [STDERR_REDIRECT] 
2025-09-17 11:38:28,637 [ERROR] LogOutputStream:75 - [STDERR_REDIRECT] Sep 17, 2025 11:38:28 AM java.util.prefs.FileSystemPreferences checkLockFile0ErrorCode
2025-09-17 11:38:28,637 [ERROR] LogOutputStream:75 - [STDERR_REDIRECT] WARNING: Could not lock System prefs. Unix error code 2.
2025-09-17 11:38:28,637 [ERROR] LogOutputStream:75 - [STDERR_REDIRECT] 
2025-09-17 11:38:28,638 [ERROR] LogOutputStream:75 - [STDERR_REDIRECT] Sep 17, 2025 11:38:28 AM java.util.prefs.FileSystemPreferences syncWorld
2025-09-17 11:38:28,638 [ERROR] LogOutputStream:75 - [STDERR_REDIRECT] WARNING: Couldn't flush system prefs: java.util.prefs.BackingStoreException: Couldn't get file lock.
2025-09-17 11:38:28,638 [ERROR] LogOutputStream:75 - [STDERR_REDIRECT] 
2025-09-17 11:38:58,636 [ERROR] LogOutputStream:75 - [STDERR_REDIRECT] Sep 17, 2025 11:38:58 AM java.util.prefs.FileSystemPreferences checkLockFile0ErrorCode
2025-09-17 11:38:58,636 [ERROR] LogOutputStream:75 - [STDERR_REDIRECT] WARNING: Could not lock System prefs. Unix error code 2.
2025-09-17 11:38:58,636 [ERROR] LogOutputStream:75 - [STDERR_REDIRECT] 
2025-09-17 11:38:58,636 [ERROR] LogOutputStream:75 - [STDERR_REDIRECT] Sep 17, 2025 11:38:58 AM java.util.prefs.FileSystemPreferences syncWorld
2025-09-17 11:38:58,636 [ERROR] LogOutputStream:75 - [STDERR_REDIRECT] WARNING: Couldn't flush system prefs: java.util.prefs.BackingStoreException: Couldn't get file lock.
2025-09-17 11:38:58,636 [ERROR] LogOutputStream:75 - [STDERR_REDIRECT] 
2025-09-17 11:39:28,637 [ERROR] LogOutputStream:75 - [STDERR_REDIRECT] Sep 17, 2025 11:39:28 AM java.util.prefs.FileSystemPreferences checkLockFile0ErrorCode
2025-09-17 11:39:28,637 [ERROR] LogOutputStream:75 - [STDERR_REDIRECT] WARNING: Could not lock System prefs. Unix error code 2.
2025-09-17 11:39:28,637 [ERROR] LogOutputStream:75 - [STDERR_REDIRECT] 
2025-09-17 11:39:28,637 [ERROR] LogOutputStream:75 - [STDERR_REDIRECT] Sep 17, 2025 11:39:28 AM java.util.prefs.FileSystemPreferences syncWorld
2025-09-17 11:39:28,637 [ERROR] LogOutputStream:75 - [STDERR_REDIRECT] WARNING: Couldn't flush system prefs: java.util.prefs.BackingStoreException: Couldn't get file lock.
2025-09-17 11:39:28,637 [ERROR] LogOutputStream:75 - [STDERR_REDIRECT] 
2025-09-17 11:39:58,636 [ERROR] LogOutputStream:75 - [STDERR_REDIRECT] Sep 17, 2025 11:39:58 AM java.util.prefs.FileSystemPreferences checkLockFile0ErrorCode
2025-09-17 11:39:58,636 [ERROR] LogOutputStream:75 - [STDERR_REDIRECT] WARNING: Could not lock System prefs. Unix error code 2.
2025-09-17 11:39:58,637 [ERROR] LogOutputStream:75 - [STDERR_REDIRECT] 
2025-09-17 11:39:58,637 [ERROR] LogOutputStream:75 - [STDERR_REDIRECT] Sep 17, 2025 11:39:58 AM java.util.prefs.FileSystemPreferences syncWorld
2025-09-17 11:39:58,637 [ERROR] LogOutputStream:75 - [STDERR_REDIRECT] WARNING: Couldn't flush system prefs: java.util.prefs.BackingStoreException: Couldn't get file lock.
2025-09-17 11:39:58,637 [ERROR] LogOutputStream:75 - [STDERR_REDIRECT] 
2025-09-17 11:40:28,636 [ERROR] LogOutputStream:75 - [STDERR_REDIRECT] Sep 17, 2025 11:40:28 AM java.util.prefs.FileSystemPreferences checkLockFile0ErrorCode
2025-09-17 11:40:28,637 [ERROR] LogOutputStream:75 - [STDERR_REDIRECT] WARNING: Could not lock System prefs. Unix error code 2.
2025-09-17 11:40:28,637 [ERROR] LogOutputStream:75 - [STDERR_REDIRECT] 
2025-09-17 11:40:28,637 [ERROR] LogOutputStream:75 - [STDERR_REDIRECT] Sep 17, 2025 11:40:28 AM java.util.prefs.FileSystemPreferences syncWorld
2025-09-17 11:40:28,637 [ERROR] LogOutputStream:75 - [STDERR_REDIRECT] WARNING: Couldn't flush system prefs: java.util.prefs.BackingStoreException: Couldn't get file lock.
2025-09-17 11:40:28,637 [ERROR] LogOutputStream:75 - [STDERR_REDIRECT] 
2025-09-17 11:40:58,636 [ERROR] LogOutputStream:75 - [STDERR_REDIRECT] Sep 17, 2025 11:40:58 AM java.util.prefs.FileSystemPreferences checkLockFile0ErrorCode
2025-09-17 11:40:58,636 [ERROR] LogOutputStream:75 - [STDERR_REDIRECT] WARNING: Could not lock System prefs. Unix error code 2.
2025-09-17 11:40:58,636 [ERROR] LogOutputStream:75 - [STDERR_REDIRECT] 
2025-09-17 11:40:58,636 [ERROR] LogOutputStream:75 - [STDERR_REDIRECT] Sep 17, 2025 11:40:58 AM java.util.prefs.FileSystemPreferences syncWorld
2025-09-17 11:40:58,636 [ERROR] LogOutputStream:75 - [STDERR_REDIRECT] WARNING: Couldn't flush system prefs: java.util.prefs.BackingStoreException: Couldn't get file lock.
2025-09-17 11:40:58,636 [ERROR] LogOutputStream:75 - [STDERR_REDIRECT] 
2025-09-17 11:41:28,639 [ERROR] LogOutputStream:75 - [STDERR_REDIRECT] Sep 17, 2025 11:41:28 AM java.util.prefs.FileSystemPreferences checkLockFile0ErrorCode
2025-09-17 11:41:28,639 [ERROR] LogOutputStream:75 - [STDERR_REDIRECT] WARNING: Could not lock System prefs. Unix error code 2.
2025-09-17 11:41:28,639 [ERROR] LogOutputStream:75 - [STDERR_REDIRECT] 
2025-09-17 11:41:28,639 [ERROR] LogOutputStream:75 - [STDERR_REDIRECT] Sep 17, 2025 11:41:28 AM java.util.prefs.FileSystemPreferences syncWorld
2025-09-17 11:41:28,639 [ERROR] LogOutputStream:75 - [STDERR_REDIRECT] WARNING: Couldn't flush system prefs: java.util.prefs.BackingStoreException: Couldn't get file lock.
2025-09-17 11:41:28,639 [ERROR] LogOutputStream:75 - [STDERR_REDIRECT] 
2025-09-17 11:41:58,635 [ERROR] LogOutputStream:75 - [STDERR_REDIRECT] Sep 17, 2025 11:41:58 AM java.util.prefs.FileSystemPreferences checkLockFile0ErrorCode
2025-09-17 11:41:58,635 [ERROR] LogOutputStream:75 - [STDERR_REDIRECT] WARNING: Could not lock System prefs. Unix error code 2.
2025-09-17 11:41:58,635 [ERROR] LogOutputStream:75 - [STDERR_REDIRECT] 
2025-09-17 11:41:58,635 [ERROR] LogOutputStream:75 - [STDERR_REDIRECT] Sep 17, 2025 11:41:58 AM java.util.prefs.FileSystemPreferences syncWorld
2025-09-17 11:41:58,635 [ERROR] LogOutputStream:75 - [STDERR_REDIRECT] WARNING: Couldn't flush system prefs: java.util.prefs.BackingStoreException: Couldn't get file lock.
2025-09-17 11:41:58,636 [ERROR] LogOutputStream:75 - [STDERR_REDIRECT] 
2025-09-17 11:42:28,638 [ERROR] LogOutputStream:75 - [STDERR_REDIRECT] Sep 17, 2025 11:42:28 AM java.util.prefs.FileSystemPreferences checkLockFile0ErrorCode
2025-09-17 11:42:28,638 [ERROR] LogOutputStream:75 - [STDERR_REDIRECT] WARNING: Could not lock System prefs. Unix error code 2.
2025-09-17 11:42:28,638 [ERROR] LogOutputStream:75 - [STDERR_REDIRECT] 
2025-09-17 11:42:28,638 [ERROR] LogOutputStream:75 - [STDERR_REDIRECT] Sep 17, 2025 11:42:28 AM java.util.prefs.FileSystemPreferences syncWorld
2025-09-17 11:42:28,638 [ERROR] LogOutputStream:75 - [STDERR_REDIRECT] WARNING: Couldn't flush system prefs: java.util.prefs.BackingStoreException: Couldn't get file lock.
2025-09-17 11:42:28,638 [ERROR] LogOutputStream:75 - [STDERR_REDIRECT] 
2025-09-17 11:42:58,636 [ERROR] LogOutputStream:75 - [STDERR_REDIRECT] Sep 17, 2025 11:42:58 AM java.util.prefs.FileSystemPreferences checkLockFile0ErrorCode
2025-09-17 11:42:58,636 [ERROR] LogOutputStream:75 - [STDERR_REDIRECT] WARNING: Could not lock System prefs. Unix error code 2.
2025-09-17 11:42:58,636 [ERROR] LogOutputStream:75 - [STDERR_REDIRECT] 
2025-09-17 11:42:58,636 [ERROR] LogOutputStream:75 - [STDERR_REDIRECT] Sep 17, 2025 11:42:58 AM java.util.prefs.FileSystemPreferences syncWorld
2025-09-17 11:42:58,636 [ERROR] LogOutputStream:75 - [STDERR_REDIRECT] WARNING: Couldn't flush system prefs: java.util.prefs.BackingStoreException: Couldn't get file lock.
2025-09-17 11:42:58,637 [ERROR] LogOutputStream:75 - [STDERR_REDIRECT] 
2025-09-17 11:43:28,637 [ERROR] LogOutputStream:75 - [STDERR_REDIRECT] Sep 17, 2025 11:43:28 AM java.util.prefs.FileSystemPreferences checkLockFile0ErrorCode
2025-09-17 11:43:28,638 [ERROR] LogOutputStream:75 - [STDERR_REDIRECT] WARNING: Could not lock System prefs. Unix error code 2.
2025-09-17 11:43:28,638 [ERROR] LogOutputStream:75 - [STDERR_REDIRECT] 
2025-09-17 11:43:28,638 [ERROR] LogOutputStream:75 - [STDERR_REDIRECT] Sep 17, 2025 11:43:28 AM java.util.prefs.FileSystemPreferences syncWorld
2025-09-17 11:43:28,638 [ERROR] LogOutputStream:75 - [STDERR_REDIRECT] WARNING: Couldn't flush system prefs: java.util.prefs.BackingStoreException: Couldn't get file lock.
2025-09-17 11:43:28,638 [ERROR] LogOutputStream:75 - [STDERR_REDIRECT] 
2025-09-17 11:43:58,635 [ERROR] LogOutputStream:75 - [STDERR_REDIRECT] Sep 17, 2025 11:43:58 AM java.util.prefs.FileSystemPreferences checkLockFile0ErrorCode
2025-09-17 11:43:58,636 [ERROR] LogOutputStream:75 - [STDERR_REDIRECT] WARNING: Could not lock System prefs. Unix error code 2.
2025-09-17 11:43:58,636 [ERROR] LogOutputStream:75 - [STDERR_REDIRECT] 
2025-09-17 11:43:58,636 [ERROR] LogOutputStream:75 - [STDERR_REDIRECT] Sep 17, 2025 11:43:58 AM java.util.prefs.FileSystemPreferences syncWorld
2025-09-17 11:43:58,636 [ERROR] LogOutputStream:75 - [STDERR_REDIRECT] WARNING: Couldn't flush system prefs: java.util.prefs.BackingStoreException: Couldn't get file lock.
2025-09-17 11:43:58,636 [ERROR] LogOutputStream:75 - [STDERR_REDIRECT] 
2025-09-17 11:44:28,637 [ERROR] LogOutputStream:75 - [STDERR_REDIRECT] Sep 17, 2025 11:44:28 AM java.util.prefs.FileSystemPreferences checkLockFile0ErrorCode
2025-09-17 11:44:28,637 [ERROR] LogOutputStream:75 - [STDERR_REDIRECT] WARNING: Could not lock System prefs. Unix error code 2.
2025-09-17 11:44:28,637 [ERROR] LogOutputStream:75 - [STDERR_REDIRECT] 
2025-09-17 11:44:28,637 [ERROR] LogOutputStream:75 - [STDERR_REDIRECT] Sep 17, 2025 11:44:28 AM java.util.prefs.FileSystemPreferences syncWorld
2025-09-17 11:44:28,638 [ERROR] LogOutputStream:75 - [STDERR_REDIRECT] WARNING: Couldn't flush system prefs: java.util.prefs.BackingStoreException: Couldn't get file lock.
2025-09-17 11:44:28,638 [ERROR] LogOutputStream:75 - [STDERR_REDIRECT] 
2025-09-17 11:44:58,635 [ERROR] LogOutputStream:75 - [STDERR_REDIRECT] Sep 17, 2025 11:44:58 AM java.util.prefs.FileSystemPreferences checkLockFile0ErrorCode
2025-09-17 11:44:58,636 [ERROR] LogOutputStream:75 - [STDERR_REDIRECT] WARNING: Could not lock System prefs. Unix error code 2.
2025-09-17 11:44:58,636 [ERROR] LogOutputStream:75 - [STDERR_REDIRECT] 
2025-09-17 11:44:58,636 [ERROR] LogOutputStream:75 - [STDERR_REDIRECT] Sep 17, 2025 11:44:58 AM java.util.prefs.FileSystemPreferences syncWorld
2025-09-17 11:44:58,636 [ERROR] LogOutputStream:75 - [STDERR_REDIRECT] WARNING: Couldn't flush system prefs: java.util.prefs.BackingStoreException: Couldn't get file lock.
2025-09-17 11:44:58,636 [ERROR] LogOutputStream:75 - [STDERR_REDIRECT] 
2025-09-17 11:45:28,636 [ERROR] LogOutputStream:75 - [STDERR_REDIRECT] Sep 17, 2025 11:45:28 AM java.util.prefs.FileSystemPreferences checkLockFile0ErrorCode
2025-09-17 11:45:28,637 [ERROR] LogOutputStream:75 - [STDERR_REDIRECT] WARNING: Could not lock System prefs. Unix error code 2.
2025-09-17 11:45:28,637 [ERROR] LogOutputStream:75 - [STDERR_REDIRECT] 
2025-09-17 11:45:28,637 [ERROR] LogOutputStream:75 - [STDERR_REDIRECT] Sep 17, 2025 11:45:28 AM java.util.prefs.FileSystemPreferences syncWorld
2025-09-17 11:45:28,637 [ERROR] LogOutputStream:75 - [STDERR_REDIRECT] WARNING: Couldn't flush system prefs: java.util.prefs.BackingStoreException: Couldn't get file lock.
2025-09-17 11:45:28,637 [ERROR] LogOutputStream:75 - [STDERR_REDIRECT] 
2025-09-17 11:45:58,636 [ERROR] LogOutputStream:75 - [STDERR_REDIRECT] Sep 17, 2025 11:45:58 AM java.util.prefs.FileSystemPreferences checkLockFile0ErrorCode
2025-09-17 11:45:58,636 [ERROR] LogOutputStream:75 - [STDERR_REDIRECT] WARNING: Could not lock System prefs. Unix error code 2.
2025-09-17 11:45:58,636 [ERROR] LogOutputStream:75 - [STDERR_REDIRECT] 
2025-09-17 11:45:58,636 [ERROR] LogOutputStream:75 - [STDERR_REDIRECT] Sep 17, 2025 11:45:58 AM java.util.prefs.FileSystemPreferences syncWorld
2025-09-17 11:45:58,636 [ERROR] LogOutputStream:75 - [STDERR_REDIRECT] WARNING: Couldn't flush system prefs: java.util.prefs.BackingStoreException: Couldn't get file lock.
2025-09-17 11:45:58,636 [ERROR] LogOutputStream:75 - [STDERR_REDIRECT] 
2025-09-17 11:46:28,637 [ERROR] LogOutputStream:75 - [STDERR_REDIRECT] Sep 17, 2025 11:46:28 AM java.util.prefs.FileSystemPreferences checkLockFile0ErrorCode
2025-09-17 11:46:28,637 [ERROR] LogOutputStream:75 - [STDERR_REDIRECT] WARNING: Could not lock System prefs. Unix error code 2.
2025-09-17 11:46:28,637 [ERROR] LogOutputStream:75 - [STDERR_REDIRECT] 
2025-09-17 11:46:28,637 [ERROR] LogOutputStream:75 - [STDERR_REDIRECT] Sep 17, 2025 11:46:28 AM java.util.prefs.FileSystemPreferences syncWorld
2025-09-17 11:46:28,637 [ERROR] LogOutputStream:75 - [STDERR_REDIRECT] WARNING: Couldn't flush system prefs: java.util.prefs.BackingStoreException: Couldn't get file lock.
2025-09-17 11:46:28,637 [ERROR] LogOutputStream:75 - [STDERR_REDIRECT] 
2025-09-17 11:46:58,636 [ERROR] LogOutputStream:75 - [STDERR_REDIRECT] Sep 17, 2025 11:46:58 AM java.util.prefs.FileSystemPreferences checkLockFile0ErrorCode
2025-09-17 11:46:58,636 [ERROR] LogOutputStream:75 - [STDERR_REDIRECT] WARNING: Could not lock System prefs. Unix error code 2.
2025-09-17 11:46:58,636 [ERROR] LogOutputStream:75 - [STDERR_REDIRECT] 
2025-09-17 11:46:58,637 [ERROR] LogOutputStream:75 - [STDERR_REDIRECT] Sep 17, 2025 11:46:58 AM java.util.prefs.FileSystemPreferences syncWorld
2025-09-17 11:46:58,637 [ERROR] LogOutputStream:75 - [STDERR_REDIRECT] WARNING: Couldn't flush system prefs: java.util.prefs.BackingStoreException: Couldn't get file lock.
2025-09-17 11:46:58,637 [ERROR] LogOutputStream:75 - [STDERR_REDIRECT] 
2025-09-17 11:47:28,636 [ERROR] LogOutputStream:75 - [STDERR_REDIRECT] Sep 17, 2025 11:47:28 AM java.util.prefs.FileSystemPreferences checkLockFile0ErrorCode
2025-09-17 11:47:28,636 [ERROR] LogOutputStream:75 - [STDERR_REDIRECT] WARNING: Could not lock System prefs. Unix error code 2.
2025-09-17 11:47:28,636 [ERROR] LogOutputStream:75 - [STDERR_REDIRECT] 
2025-09-17 11:47:28,636 [ERROR] LogOutputStream:75 - [STDERR_REDIRECT] Sep 17, 2025 11:47:28 AM java.util.prefs.FileSystemPreferences syncWorld
2025-09-17 11:47:28,636 [ERROR] LogOutputStream:75 - [STDERR_REDIRECT] WARNING: Couldn't flush system prefs: java.util.prefs.BackingStoreException: Couldn't get file lock.
2025-09-17 11:47:28,637 [ERROR] LogOutputStream:75 - [STDERR_REDIRECT] 
2025-09-17 11:47:58,635 [ERROR] LogOutputStream:75 - [STDERR_REDIRECT] Sep 17, 2025 11:47:58 AM java.util.prefs.FileSystemPreferences checkLockFile0ErrorCode
2025-09-17 11:47:58,635 [ERROR] LogOutputStream:75 - [STDERR_REDIRECT] WARNING: Could not lock System prefs. Unix error code 2.
2025-09-17 11:47:58,635 [ERROR] LogOutputStream:75 - [STDERR_REDIRECT] 
2025-09-17 11:47:58,636 [ERROR] LogOutputStream:75 - [STDERR_REDIRECT] Sep 17, 2025 11:47:58 AM java.util.prefs.FileSystemPreferences syncWorld
2025-09-17 11:47:58,636 [ERROR] LogOutputStream:75 - [STDERR_REDIRECT] WARNING: Couldn't flush system prefs: java.util.prefs.BackingStoreException: Couldn't get file lock.
2025-09-17 11:47:58,636 [ERROR] LogOutputStream:75 - [STDERR_REDIRECT] 
2025-09-17 11:48:28,636 [ERROR] LogOutputStream:75 - [STDERR_REDIRECT] Sep 17, 2025 11:48:28 AM java.util.prefs.FileSystemPreferences checkLockFile0ErrorCode
2025-09-17 11:48:28,637 [ERROR] LogOutputStream:75 - [STDERR_REDIRECT] WARNING: Could not lock System prefs. Unix error code 2.
2025-09-17 11:48:28,637 [ERROR] LogOutputStream:75 - [STDERR_REDIRECT] 
2025-09-17 11:48:28,637 [ERROR] LogOutputStream:75 - [STDERR_REDIRECT] Sep 17, 2025 11:48:28 AM java.util.prefs.FileSystemPreferences syncWorld
2025-09-17 11:48:28,637 [ERROR] LogOutputStream:75 - [STDERR_REDIRECT] WARNING: Couldn't flush system prefs: java.util.prefs.BackingStoreException: Couldn't get file lock.
2025-09-17 11:48:28,637 [ERROR] LogOutputStream:75 - [STDERR_REDIRECT] 
2025-09-17 11:48:58,636 [ERROR] LogOutputStream:75 - [STDERR_REDIRECT] Sep 17, 2025 11:48:58 AM java.util.prefs.FileSystemPreferences checkLockFile0ErrorCode
2025-09-17 11:48:58,636 [ERROR] LogOutputStream:75 - [STDERR_REDIRECT] WARNING: Could not lock System prefs. Unix error code 2.
2025-09-17 11:48:58,636 [ERROR] LogOutputStream:75 - [STDERR_REDIRECT] 
2025-09-17 11:48:58,636 [ERROR] LogOutputStream:75 - [STDERR_REDIRECT] Sep 17, 2025 11:48:58 AM java.util.prefs.FileSystemPreferences syncWorld
2025-09-17 11:48:58,636 [ERROR] LogOutputStream:75 - [STDERR_REDIRECT] WARNING: Couldn't flush system prefs: java.util.prefs.BackingStoreException: Couldn't get file lock.
2025-09-17 11:48:58,636 [ERROR] LogOutputStream:75 - [STDERR_REDIRECT] 
2025-09-17 11:49:28,637 [ERROR] LogOutputStream:75 - [STDERR_REDIRECT] Sep 17, 2025 11:49:28 AM java.util.prefs.FileSystemPreferences checkLockFile0ErrorCode
2025-09-17 11:49:28,637 [ERROR] LogOutputStream:75 - [STDERR_REDIRECT] WARNING: Could not lock System prefs. Unix error code 2.
2025-09-17 11:49:28,637 [ERROR] LogOutputStream:75 - [STDERR_REDIRECT] 
2025-09-17 11:49:28,638 [ERROR] LogOutputStream:75 - [STDERR_REDIRECT] Sep 17, 2025 11:49:28 AM java.util.prefs.FileSystemPreferences syncWorld
2025-09-17 11:49:28,638 [ERROR] LogOutputStream:75 - [STDERR_REDIRECT] WARNING: Couldn't flush system prefs: java.util.prefs.BackingStoreException: Couldn't get file lock.
2025-09-17 11:49:28,638 [ERROR] LogOutputStream:75 - [STDERR_REDIRECT] 
2025-09-17 11:49:58,635 [ERROR] LogOutputStream:75 - [STDERR_REDIRECT] Sep 17, 2025 11:49:58 AM java.util.prefs.FileSystemPreferences checkLockFile0ErrorCode
2025-09-17 11:49:58,636 [ERROR] LogOutputStream:75 - [STDERR_REDIRECT] WARNING: Could not lock System prefs. Unix error code 2.
2025-09-17 11:49:58,636 [ERROR] LogOutputStream:75 - [STDERR_REDIRECT] 
2025-09-17 11:49:58,636 [ERROR] LogOutputStream:75 - [STDERR_REDIRECT] Sep 17, 2025 11:49:58 AM java.util.prefs.FileSystemPreferences syncWorld
2025-09-17 11:49:58,636 [ERROR] LogOutputStream:75 - [STDERR_REDIRECT] WARNING: Couldn't flush system prefs: java.util.prefs.BackingStoreException: Couldn't get file lock.
2025-09-17 11:49:58,636 [ERROR] LogOutputStream:75 - [STDERR_REDIRECT] 
2025-09-17 11:50:28,636 [ERROR] LogOutputStream:75 - [STDERR_REDIRECT] Sep 17, 2025 11:50:28 AM java.util.prefs.FileSystemPreferences checkLockFile0ErrorCode
2025-09-17 11:50:28,636 [ERROR] LogOutputStream:75 - [STDERR_REDIRECT] WARNING: Could not lock System prefs. Unix error code 2.
2025-09-17 11:50:28,636 [ERROR] LogOutputStream:75 - [STDERR_REDIRECT] 
2025-09-17 11:50:28,636 [ERROR] LogOutputStream:75 - [STDERR_REDIRECT] Sep 17, 2025 11:50:28 AM java.util.prefs.FileSystemPreferences syncWorld
2025-09-17 11:50:28,636 [ERROR] LogOutputStream:75 - [STDERR_REDIRECT] WARNING: Couldn't flush system prefs: java.util.prefs.BackingStoreException: Couldn't get file lock.
2025-09-17 11:50:28,637 [ERROR] LogOutputStream:75 - [STDERR_REDIRECT] 
2025-09-17 11:50:58,638 [ERROR] LogOutputStream:75 - [STDERR_REDIRECT] Sep 17, 2025 11:50:58 AM java.util.prefs.FileSystemPreferences checkLockFile0ErrorCode
2025-09-17 11:50:58,639 [ERROR] LogOutputStream:75 - [STDERR_REDIRECT] WARNING: Could not lock System prefs. Unix error code 2.
2025-09-17 11:50:58,639 [ERROR] LogOutputStream:75 - [STDERR_REDIRECT] 
2025-09-17 11:50:58,639 [ERROR] LogOutputStream:75 - [STDERR_REDIRECT] Sep 17, 2025 11:50:58 AM java.util.prefs.FileSystemPreferences syncWorld
2025-09-17 11:50:58,639 [ERROR] LogOutputStream:75 - [STDERR_REDIRECT] WARNING: Couldn't flush system prefs: java.util.prefs.BackingStoreException: Couldn't get file lock.
2025-09-17 11:50:58,639 [ERROR] LogOutputStream:75 - [STDERR_REDIRECT] 
2025-09-17 11:51:28,636 [ERROR] LogOutputStream:75 - [STDERR_REDIRECT] Sep 17, 2025 11:51:28 AM java.util.prefs.FileSystemPreferences checkLockFile0ErrorCode
2025-09-17 11:51:28,636 [ERROR] LogOutputStream:75 - [STDERR_REDIRECT] WARNING: Could not lock System prefs. Unix error code 2.
2025-09-17 11:51:28,636 [ERROR] LogOutputStream:75 - [STDERR_REDIRECT] 
2025-09-17 11:51:28,636 [ERROR] LogOutputStream:75 - [STDERR_REDIRECT] Sep 17, 2025 11:51:28 AM java.util.prefs.FileSystemPreferences syncWorld
2025-09-17 11:51:28,636 [ERROR] LogOutputStream:75 - [STDERR_REDIRECT] WARNING: Couldn't flush system prefs: java.util.prefs.BackingStoreException: Couldn't get file lock.
2025-09-17 11:51:28,636 [ERROR] LogOutputStream:75 - [STDERR_REDIRECT] 
2025-09-17 11:51:58,637 [ERROR] LogOutputStream:75 - [STDERR_REDIRECT] Sep 17, 2025 11:51:58 AM java.util.prefs.FileSystemPreferences checkLockFile0ErrorCode
2025-09-17 11:51:58,637 [ERROR] LogOutputStream:75 - [STDERR_REDIRECT] WARNING: Could not lock System prefs. Unix error code 2.
2025-09-17 11:51:58,637 [ERROR] LogOutputStream:75 - [STDERR_REDIRECT] 
2025-09-17 11:51:58,638 [ERROR] LogOutputStream:75 - [STDERR_REDIRECT] Sep 17, 2025 11:51:58 AM java.util.prefs.FileSystemPreferences syncWorld
2025-09-17 11:51:58,638 [ERROR] LogOutputStream:75 - [STDERR_REDIRECT] WARNING: Couldn't flush system prefs: java.util.prefs.BackingStoreException: Couldn't get file lock.
2025-09-17 11:51:58,638 [ERROR] LogOutputStream:75 - [STDERR_REDIRECT] 
2025-09-17 11:52:28,635 [ERROR] LogOutputStream:75 - [STDERR_REDIRECT] Sep 17, 2025 11:52:28 AM java.util.prefs.FileSystemPreferences checkLockFile0ErrorCode
2025-09-17 11:52:28,636 [ERROR] LogOutputStream:75 - [STDERR_REDIRECT] WARNING: Could not lock System prefs. Unix error code 2.
2025-09-17 11:52:28,636 [ERROR] LogOutputStream:75 - [STDERR_REDIRECT] 
2025-09-17 11:52:28,636 [ERROR] LogOutputStream:75 - [STDERR_REDIRECT] Sep 17, 2025 11:52:28 AM java.util.prefs.FileSystemPreferences syncWorld
2025-09-17 11:52:28,636 [ERROR] LogOutputStream:75 - [STDERR_REDIRECT] WARNING: Couldn't flush system prefs: java.util.prefs.BackingStoreException: Couldn't get file lock.
2025-09-17 11:52:28,636 [ERROR] LogOutputStream:75 - [STDERR_REDIRECT] 
2025-09-17 11:52:58,636 [ERROR] LogOutputStream:75 - [STDERR_REDIRECT] Sep 17, 2025 11:52:58 AM java.util.prefs.FileSystemPreferences checkLockFile0ErrorCode
2025-09-17 11:52:58,636 [ERROR] LogOutputStream:75 - [STDERR_REDIRECT] WARNING: Could not lock System prefs. Unix error code 2.
2025-09-17 11:52:58,636 [ERROR] LogOutputStream:75 - [STDERR_REDIRECT] 
2025-09-17 11:52:58,636 [ERROR] LogOutputStream:75 - [STDERR_REDIRECT] Sep 17, 2025 11:52:58 AM java.util.prefs.FileSystemPreferences syncWorld
2025-09-17 11:52:58,636 [ERROR] LogOutputStream:75 - [STDERR_REDIRECT] WARNING: Couldn't flush system prefs: java.util.prefs.BackingStoreException: Couldn't get file lock.
2025-09-17 11:52:58,636 [ERROR] LogOutputStream:75 - [STDERR_REDIRECT] 
2025-09-17 11:53:28,636 [ERROR] LogOutputStream:75 - [STDERR_REDIRECT] Sep 17, 2025 11:53:28 AM java.util.prefs.FileSystemPreferences checkLockFile0ErrorCode
2025-09-17 11:53:28,636 [ERROR] LogOutputStream:75 - [STDERR_REDIRECT] WARNING: Could not lock System prefs. Unix error code 2.
2025-09-17 11:53:28,636 [ERROR] LogOutputStream:75 - [STDERR_REDIRECT] 
2025-09-17 11:53:28,636 [ERROR] LogOutputStream:75 - [STDERR_REDIRECT] Sep 17, 2025 11:53:28 AM java.util.prefs.FileSystemPreferences syncWorld
2025-09-17 11:53:28,636 [ERROR] LogOutputStream:75 - [STDERR_REDIRECT] WARNING: Couldn't flush system prefs: java.util.prefs.BackingStoreException: Couldn't get file lock.
2025-09-17 11:53:28,636 [ERROR] LogOutputStream:75 - [STDERR_REDIRECT] 
2025-09-17 11:53:58,637 [ERROR] LogOutputStream:75 - [STDERR_REDIRECT] Sep 17, 2025 11:53:58 AM java.util.prefs.FileSystemPreferences checkLockFile0ErrorCode
2025-09-17 11:53:58,637 [ERROR] LogOutputStream:75 - [STDERR_REDIRECT] WARNING: Could not lock System prefs. Unix error code 2.
2025-09-17 11:53:58,637 [ERROR] LogOutputStream:75 - [STDERR_REDIRECT] 
2025-09-17 11:53:58,638 [ERROR] LogOutputStream:75 - [STDERR_REDIRECT] Sep 17, 2025 11:53:58 AM java.util.prefs.FileSystemPreferences syncWorld
2025-09-17 11:53:58,638 [ERROR] LogOutputStream:75 - [STDERR_REDIRECT] WARNING: Couldn't flush system prefs: java.util.prefs.BackingStoreException: Couldn't get file lock.
2025-09-17 11:53:58,638 [ERROR] LogOutputStream:75 - [STDERR_REDIRECT] 
2025-09-17 11:54:28,637 [ERROR] LogOutputStream:75 - [STDERR_REDIRECT] Sep 17, 2025 11:54:28 AM java.util.prefs.FileSystemPreferences checkLockFile0ErrorCode
2025-09-17 11:54:28,637 [ERROR] LogOutputStream:75 - [STDERR_REDIRECT] WARNING: Could not lock System prefs. Unix error code 2.
2025-09-17 11:54:28,637 [ERROR] LogOutputStream:75 - [STDERR_REDIRECT] 
2025-09-17 11:54:28,637 [ERROR] LogOutputStream:75 - [STDERR_REDIRECT] Sep 17, 2025 11:54:28 AM java.util.prefs.FileSystemPreferences syncWorld
2025-09-17 11:54:28,638 [ERROR] LogOutputStream:75 - [STDERR_REDIRECT] WARNING: Couldn't flush system prefs: java.util.prefs.BackingStoreException: Couldn't get file lock.
2025-09-17 11:54:28,638 [ERROR] LogOutputStream:75 - [STDERR_REDIRECT] 
2025-09-17 11:54:58,636 [ERROR] LogOutputStream:75 - [STDERR_REDIRECT] Sep 17, 2025 11:54:58 AM java.util.prefs.FileSystemPreferences checkLockFile0ErrorCode
2025-09-17 11:54:58,636 [ERROR] LogOutputStream:75 - [STDERR_REDIRECT] WARNING: Could not lock System prefs. Unix error code 2.
2025-09-17 11:54:58,637 [ERROR] LogOutputStream:75 - [STDERR_REDIRECT] 
2025-09-17 11:54:58,637 [ERROR] LogOutputStream:75 - [STDERR_REDIRECT] Sep 17, 2025 11:54:58 AM java.util.prefs.FileSystemPreferences syncWorld
2025-09-17 11:54:58,637 [ERROR] LogOutputStream:75 - [STDERR_REDIRECT] WARNING: Couldn't flush system prefs: java.util.prefs.BackingStoreException: Couldn't get file lock.
2025-09-17 11:54:58,637 [ERROR] LogOutputStream:75 - [STDERR_REDIRECT] 
2025-09-17 11:55:28,637 [ERROR] LogOutputStream:75 - [STDERR_REDIRECT] Sep 17, 2025 11:55:28 AM java.util.prefs.FileSystemPreferences checkLockFile0ErrorCode
2025-09-17 11:55:28,637 [ERROR] LogOutputStream:75 - [STDERR_REDIRECT] WARNING: Could not lock System prefs. Unix error code 2.
2025-09-17 11:55:28,637 [ERROR] LogOutputStream:75 - [STDERR_REDIRECT] 
2025-09-17 11:55:28,637 [ERROR] LogOutputStream:75 - [STDERR_REDIRECT] Sep 17, 2025 11:55:28 AM java.util.prefs.FileSystemPreferences syncWorld
2025-09-17 11:55:28,637 [ERROR] LogOutputStream:75 - [STDERR_REDIRECT] WARNING: Couldn't flush system prefs: java.util.prefs.BackingStoreException: Couldn't get file lock.
2025-09-17 11:55:28,638 [ERROR] LogOutputStream:75 - [STDERR_REDIRECT] 
2025-09-17 11:55:58,636 [ERROR] LogOutputStream:75 - [STDERR_REDIRECT] Sep 17, 2025 11:55:58 AM java.util.prefs.FileSystemPreferences checkLockFile0ErrorCode
2025-09-17 11:55:58,636 [ERROR] LogOutputStream:75 - [STDERR_REDIRECT] WARNING: Could not lock System prefs. Unix error code 2.
2025-09-17 11:55:58,636 [ERROR] LogOutputStream:75 - [STDERR_REDIRECT] 
2025-09-17 11:55:58,636 [ERROR] LogOutputStream:75 - [STDERR_REDIRECT] Sep 17, 2025 11:55:58 AM java.util.prefs.FileSystemPreferences syncWorld
2025-09-17 11:55:58,637 [ERROR] LogOutputStream:75 - [STDERR_REDIRECT] WARNING: Couldn't flush system prefs: java.util.prefs.BackingStoreException: Couldn't get file lock.
2025-09-17 11:55:58,637 [ERROR] LogOutputStream:75 - [STDERR_REDIRECT] 
2025-09-17 11:56:28,636 [ERROR] LogOutputStream:75 - [STDERR_REDIRECT] Sep 17, 2025 11:56:28 AM java.util.prefs.FileSystemPreferences checkLockFile0ErrorCode
2025-09-17 11:56:28,636 [ERROR] LogOutputStream:75 - [STDERR_REDIRECT] WARNING: Could not lock System prefs. Unix error code 2.
2025-09-17 11:56:28,637 [ERROR] LogOutputStream:75 - [STDERR_REDIRECT] 
2025-09-17 11:56:28,637 [ERROR] LogOutputStream:75 - [STDERR_REDIRECT] Sep 17, 2025 11:56:28 AM java.util.prefs.FileSystemPreferences syncWorld
2025-09-17 11:56:28,637 [ERROR] LogOutputStream:75 - [STDERR_REDIRECT] WARNING: Couldn't flush system prefs: java.util.prefs.BackingStoreException: Couldn't get file lock.
2025-09-17 11:56:28,637 [ERROR] LogOutputStream:75 - [STDERR_REDIRECT] 
2025-09-17 11:56:58,637 [ERROR] LogOutputStream:75 - [STDERR_REDIRECT] Sep 17, 2025 11:56:58 AM java.util.prefs.FileSystemPreferences checkLockFile0ErrorCode
2025-09-17 11:56:58,637 [ERROR] LogOutputStream:75 - [STDERR_REDIRECT] WARNING: Could not lock System prefs. Unix error code 2.
2025-09-17 11:56:58,637 [ERROR] LogOutputStream:75 - [STDERR_REDIRECT] 
2025-09-17 11:56:58,637 [ERROR] LogOutputStream:75 - [STDERR_REDIRECT] Sep 17, 2025 11:56:58 AM java.util.prefs.FileSystemPreferences syncWorld
2025-09-17 11:56:58,637 [ERROR] LogOutputStream:75 - [STDERR_REDIRECT] WARNING: Couldn't flush system prefs: java.util.prefs.BackingStoreException: Couldn't get file lock.
2025-09-17 11:56:58,637 [ERROR] LogOutputStream:75 - [STDERR_REDIRECT] 
2025-09-17 11:57:28,637 [ERROR] LogOutputStream:75 - [STDERR_REDIRECT] Sep 17, 2025 11:57:28 AM java.util.prefs.FileSystemPreferences checkLockFile0ErrorCode
2025-09-17 11:57:28,637 [ERROR] LogOutputStream:75 - [STDERR_REDIRECT] WARNING: Could not lock System prefs. Unix error code 2.
2025-09-17 11:57:28,637 [ERROR] LogOutputStream:75 - [STDERR_REDIRECT] 
2025-09-17 11:57:28,637 [ERROR] LogOutputStream:75 - [STDERR_REDIRECT] Sep 17, 2025 11:57:28 AM java.util.prefs.FileSystemPreferences syncWorld
2025-09-17 11:57:28,638 [ERROR] LogOutputStream:75 - [STDERR_REDIRECT] WARNING: Couldn't flush system prefs: java.util.prefs.BackingStoreException: Couldn't get file lock.
2025-09-17 11:57:28,638 [ERROR] LogOutputStream:75 - [STDERR_REDIRECT] 
2025-09-17 11:57:58,636 [ERROR] LogOutputStream:75 - [STDERR_REDIRECT] Sep 17, 2025 11:57:58 AM java.util.prefs.FileSystemPreferences checkLockFile0ErrorCode
2025-09-17 11:57:58,636 [ERROR] LogOutputStream:75 - [STDERR_REDIRECT] WARNING: Could not lock System prefs. Unix error code 2.
2025-09-17 11:57:58,637 [ERROR] LogOutputStream:75 - [STDERR_REDIRECT] 
2025-09-17 11:57:58,637 [ERROR] LogOutputStream:75 - [STDERR_REDIRECT] Sep 17, 2025 11:57:58 AM java.util.prefs.FileSystemPreferences syncWorld
2025-09-17 11:57:58,637 [ERROR] LogOutputStream:75 - [STDERR_REDIRECT] WARNING: Couldn't flush system prefs: java.util.prefs.BackingStoreException: Couldn't get file lock.
2025-09-17 11:57:58,637 [ERROR] LogOutputStream:75 - [STDERR_REDIRECT] 
2025-09-17 11:58:28,637 [ERROR] LogOutputStream:75 - [STDERR_REDIRECT] Sep 17, 2025 11:58:28 AM java.util.prefs.FileSystemPreferences checkLockFile0ErrorCode
2025-09-17 11:58:28,637 [ERROR] LogOutputStream:75 - [STDERR_REDIRECT] WARNING: Could not lock System prefs. Unix error code 2.
2025-09-17 11:58:28,638 [ERROR] LogOutputStream:75 - [STDERR_REDIRECT] 
2025-09-17 11:58:28,638 [ERROR] LogOutputStream:75 - [STDERR_REDIRECT] Sep 17, 2025 11:58:28 AM java.util.prefs.FileSystemPreferences syncWorld
2025-09-17 11:58:28,638 [ERROR] LogOutputStream:75 - [STDERR_REDIRECT] WARNING: Couldn't flush system prefs: java.util.prefs.BackingStoreException: Couldn't get file lock.
2025-09-17 11:58:28,638 [ERROR] LogOutputStream:75 - [STDERR_REDIRECT] 
2025-09-17 11:58:58,637 [ERROR] LogOutputStream:75 - [STDERR_REDIRECT] Sep 17, 2025 11:58:58 AM java.util.prefs.FileSystemPreferences checkLockFile0ErrorCode
2025-09-17 11:58:58,637 [ERROR] LogOutputStream:75 - [STDERR_REDIRECT] WARNING: Could not lock System prefs. Unix error code 2.
2025-09-17 11:58:58,637 [ERROR] LogOutputStream:75 - [STDERR_REDIRECT] 
2025-09-17 11:58:58,637 [ERROR] LogOutputStream:75 - [STDERR_REDIRECT] Sep 17, 2025 11:58:58 AM java.util.prefs.FileSystemPreferences syncWorld
2025-09-17 11:58:58,637 [ERROR] LogOutputStream:75 - [STDERR_REDIRECT] WARNING: Couldn't flush system prefs: java.util.prefs.BackingStoreException: Couldn't get file lock.
2025-09-17 11:58:58,637 [ERROR] LogOutputStream:75 - [STDERR_REDIRECT] 
2025-09-17 11:59:28,637 [ERROR] LogOutputStream:75 - [STDERR_REDIRECT] Sep 17, 2025 11:59:28 AM java.util.prefs.FileSystemPreferences checkLockFile0ErrorCode
2025-09-17 11:59:28,638 [ERROR] LogOutputStream:75 - [STDERR_REDIRECT] WARNING: Could not lock System prefs. Unix error code 2.
2025-09-17 11:59:28,638 [ERROR] LogOutputStream:75 - [STDERR_REDIRECT] 
2025-09-17 11:59:28,638 [ERROR] LogOutputStream:75 - [STDERR_REDIRECT] Sep 17, 2025 11:59:28 AM java.util.prefs.FileSystemPreferences syncWorld
2025-09-17 11:59:28,638 [ERROR] LogOutputStream:75 - [STDERR_REDIRECT] WARNING: Couldn't flush system prefs: java.util.prefs.BackingStoreException: Couldn't get file lock.
2025-09-17 11:59:28,638 [ERROR] LogOutputStream:75 - [STDERR_REDIRECT] 
2025-09-17 11:59:58,639 [ERROR] LogOutputStream:75 - [STDERR_REDIRECT] Sep 17, 2025 11:59:58 AM java.util.prefs.FileSystemPreferences checkLockFile0ErrorCode
2025-09-17 11:59:58,639 [ERROR] LogOutputStream:75 - [STDERR_REDIRECT] WARNING: Could not lock System prefs. Unix error code 2.
2025-09-17 11:59:58,639 [ERROR] LogOutputStream:75 - [STDERR_REDIRECT] 
2025-09-17 11:59:58,639 [ERROR] LogOutputStream:75 - [STDERR_REDIRECT] Sep 17, 2025 11:59:58 AM java.util.prefs.FileSystemPreferences syncWorld
2025-09-17 11:59:58,639 [ERROR] LogOutputStream:75 - [STDERR_REDIRECT] WARNING: Couldn't flush system prefs: java.util.prefs.BackingStoreException: Couldn't get file lock.
2025-09-17 11:59:58,639 [ERROR] LogOutputStream:75 - [STDERR_REDIRECT] 
2025-09-17 12:00:28,641 [ERROR] LogOutputStream:75 - [STDERR_REDIRECT] Sep 17, 2025 12:00:28 PM java.util.prefs.FileSystemPreferences checkLockFile0ErrorCode
2025-09-17 12:00:28,641 [ERROR] LogOutputStream:75 - [STDERR_REDIRECT] WARNING: Could not lock System prefs. Unix error code 2.
2025-09-17 12:00:28,641 [ERROR] LogOutputStream:75 - [STDERR_REDIRECT] 
2025-09-17 12:00:28,642 [ERROR] LogOutputStream:75 - [STDERR_REDIRECT] Sep 17, 2025 12:00:28 PM java.util.prefs.FileSystemPreferences syncWorld
2025-09-17 12:00:28,642 [ERROR] LogOutputStream:75 - [STDERR_REDIRECT] WARNING: Couldn't flush system prefs: java.util.prefs.BackingStoreException: Couldn't get file lock.
2025-09-17 12:00:28,642 [ERROR] LogOutputStream:75 - [STDERR_REDIRECT] 
2025-09-17 12:00:58,640 [ERROR] LogOutputStream:75 - [STDERR_REDIRECT] Sep 17, 2025 12:00:58 PM java.util.prefs.FileSystemPreferences checkLockFile0ErrorCode
2025-09-17 12:00:58,640 [ERROR] LogOutputStream:75 - [STDERR_REDIRECT] WARNING: Could not lock System prefs. Unix error code 2.
2025-09-17 12:00:58,640 [ERROR] LogOutputStream:75 - [STDERR_REDIRECT] 
2025-09-17 12:00:58,640 [ERROR] LogOutputStream:75 - [STDERR_REDIRECT] Sep 17, 2025 12:00:58 PM java.util.prefs.FileSystemPreferences syncWorld
2025-09-17 12:00:58,640 [ERROR] LogOutputStream:75 - [STDERR_REDIRECT] WARNING: Couldn't flush system prefs: java.util.prefs.BackingStoreException: Couldn't get file lock.
2025-09-17 12:00:58,640 [ERROR] LogOutputStream:75 - [STDERR_REDIRECT] 
2025-09-17 12:01:28,639 [ERROR] LogOutputStream:75 - [STDERR_REDIRECT] Sep 17, 2025 12:01:28 PM java.util.prefs.FileSystemPreferences checkLockFile0ErrorCode
2025-09-17 12:01:28,639 [ERROR] LogOutputStream:75 - [STDERR_REDIRECT] WARNING: Could not lock System prefs. Unix error code 2.
2025-09-17 12:01:28,639 [ERROR] LogOutputStream:75 - [STDERR_REDIRECT] 
2025-09-17 12:01:28,639 [ERROR] LogOutputStream:75 - [STDERR_REDIRECT] Sep 17, 2025 12:01:28 PM java.util.prefs.FileSystemPreferences syncWorld
2025-09-17 12:01:28,640 [ERROR] LogOutputStream:75 - [STDERR_REDIRECT] WARNING: Couldn't flush system prefs: java.util.prefs.BackingStoreException: Couldn't get file lock.
2025-09-17 12:01:28,640 [ERROR] LogOutputStream:75 - [STDERR_REDIRECT] 
2025-09-17 12:01:58,637 [ERROR] LogOutputStream:75 - [STDERR_REDIRECT] Sep 17, 2025 12:01:58 PM java.util.prefs.FileSystemPreferences checkLockFile0ErrorCode
2025-09-17 12:01:58,637 [ERROR] LogOutputStream:75 - [STDERR_REDIRECT] WARNING: Could not lock System prefs. Unix error code 2.
2025-09-17 12:01:58,637 [ERROR] LogOutputStream:75 - [STDERR_REDIRECT] 
2025-09-17 12:01:58,637 [ERROR] LogOutputStream:75 - [STDERR_REDIRECT] Sep 17, 2025 12:01:58 PM java.util.prefs.FileSystemPreferences syncWorld
2025-09-17 12:01:58,638 [ERROR] LogOutputStream:75 - [STDERR_REDIRECT] WARNING: Couldn't flush system prefs: java.util.prefs.BackingStoreException: Couldn't get file lock.
2025-09-17 12:01:58,638 [ERROR] LogOutputStream:75 - [STDERR_REDIRECT] 
2025-09-17 12:02:28,638 [ERROR] LogOutputStream:75 - [STDERR_REDIRECT] Sep 17, 2025 12:02:28 PM java.util.prefs.FileSystemPreferences checkLockFile0ErrorCode
2025-09-17 12:02:28,638 [ERROR] LogOutputStream:75 - [STDERR_REDIRECT] WARNING: Could not lock System prefs. Unix error code 2.
2025-09-17 12:02:28,638 [ERROR] LogOutputStream:75 - [STDERR_REDIRECT] 
2025-09-17 12:02:28,638 [ERROR] LogOutputStream:75 - [STDERR_REDIRECT] Sep 17, 2025 12:02:28 PM java.util.prefs.FileSystemPreferences syncWorld
2025-09-17 12:02:28,639 [ERROR] LogOutputStream:75 - [STDERR_REDIRECT] WARNING: Couldn't flush system prefs: java.util.prefs.BackingStoreException: Couldn't get file lock.
2025-09-17 12:02:28,639 [ERROR] LogOutputStream:75 - [STDERR_REDIRECT] 
2025-09-17 12:02:58,637 [ERROR] LogOutputStream:75 - [STDERR_REDIRECT] Sep 17, 2025 12:02:58 PM java.util.prefs.FileSystemPreferences checkLockFile0ErrorCode
2025-09-17 12:02:58,637 [ERROR] LogOutputStream:75 - [STDERR_REDIRECT] WARNING: Could not lock System prefs. Unix error code 2.
2025-09-17 12:02:58,637 [ERROR] LogOutputStream:75 - [STDERR_REDIRECT] 
2025-09-17 12:02:58,637 [ERROR] LogOutputStream:75 - [STDERR_REDIRECT] Sep 17, 2025 12:02:58 PM java.util.prefs.FileSystemPreferences syncWorld
2025-09-17 12:02:58,637 [ERROR] LogOutputStream:75 - [STDERR_REDIRECT] WARNING: Couldn't flush system prefs: java.util.prefs.BackingStoreException: Couldn't get file lock.
2025-09-17 12:02:58,637 [ERROR] LogOutputStream:75 - [STDERR_REDIRECT] 
2025-09-17 12:03:28,638 [ERROR] LogOutputStream:75 - [STDERR_REDIRECT] Sep 17, 2025 12:03:28 PM java.util.prefs.FileSystemPreferences checkLockFile0ErrorCode
2025-09-17 12:03:28,639 [ERROR] LogOutputStream:75 - [STDERR_REDIRECT] WARNING: Could not lock System prefs. Unix error code 2.
2025-09-17 12:03:28,639 [ERROR] LogOutputStream:75 - [STDERR_REDIRECT] 
2025-09-17 12:03:28,639 [ERROR] LogOutputStream:75 - [STDERR_REDIRECT] Sep 17, 2025 12:03:28 PM java.util.prefs.FileSystemPreferences syncWorld
2025-09-17 12:03:28,639 [ERROR] LogOutputStream:75 - [STDERR_REDIRECT] WARNING: Couldn't flush system prefs: java.util.prefs.BackingStoreException: Couldn't get file lock.
2025-09-17 12:03:28,640 [ERROR] LogOutputStream:75 - [STDERR_REDIRECT] 
2025-09-17 12:03:58,638 [ERROR] LogOutputStream:75 - [STDERR_REDIRECT] Sep 17, 2025 12:03:58 PM java.util.prefs.FileSystemPreferences checkLockFile0ErrorCode
2025-09-17 12:03:58,638 [ERROR] LogOutputStream:75 - [STDERR_REDIRECT] WARNING: Could not lock System prefs. Unix error code 2.
2025-09-17 12:03:58,638 [ERROR] LogOutputStream:75 - [STDERR_REDIRECT] 
2025-09-17 12:03:58,639 [ERROR] LogOutputStream:75 - [STDERR_REDIRECT] Sep 17, 2025 12:03:58 PM java.util.prefs.FileSystemPreferences syncWorld
2025-09-17 12:03:58,639 [ERROR] LogOutputStream:75 - [STDERR_REDIRECT] WARNING: Couldn't flush system prefs: java.util.prefs.BackingStoreException: Couldn't get file lock.
2025-09-17 12:03:58,639 [ERROR] LogOutputStream:75 - [STDERR_REDIRECT] 
2025-09-17 12:04:28,638 [ERROR] LogOutputStream:75 - [STDERR_REDIRECT] Sep 17, 2025 12:04:28 PM java.util.prefs.FileSystemPreferences checkLockFile0ErrorCode
2025-09-17 12:04:28,638 [ERROR] LogOutputStream:75 - [STDERR_REDIRECT] WARNING: Could not lock System prefs. Unix error code 2.
2025-09-17 12:04:28,638 [ERROR] LogOutputStream:75 - [STDERR_REDIRECT] 
2025-09-17 12:04:28,638 [ERROR] LogOutputStream:75 - [STDERR_REDIRECT] Sep 17, 2025 12:04:28 PM java.util.prefs.FileSystemPreferences syncWorld
2025-09-17 12:04:28,638 [ERROR] LogOutputStream:75 - [STDERR_REDIRECT] WARNING: Couldn't flush system prefs: java.util.prefs.BackingStoreException: Couldn't get file lock.
2025-09-17 12:04:28,638 [ERROR] LogOutputStream:75 - [STDERR_REDIRECT] 
2025-09-17 12:04:58,638 [ERROR] LogOutputStream:75 - [STDERR_REDIRECT] Sep 17, 2025 12:04:58 PM java.util.prefs.FileSystemPreferences checkLockFile0ErrorCode
2025-09-17 12:04:58,638 [ERROR] LogOutputStream:75 - [STDERR_REDIRECT] WARNING: Could not lock System prefs. Unix error code 2.
2025-09-17 12:04:58,639 [ERROR] LogOutputStream:75 - [STDERR_REDIRECT] 
2025-09-17 12:04:58,639 [ERROR] LogOutputStream:75 - [STDERR_REDIRECT] Sep 17, 2025 12:04:58 PM java.util.prefs.FileSystemPreferences syncWorld
2025-09-17 12:04:58,639 [ERROR] LogOutputStream:75 - [STDERR_REDIRECT] WARNING: Couldn't flush system prefs: java.util.prefs.BackingStoreException: Couldn't get file lock.
2025-09-17 12:04:58,639 [ERROR] LogOutputStream:75 - [STDERR_REDIRECT] 
2025-09-17 12:05:28,639 [ERROR] LogOutputStream:75 - [STDERR_REDIRECT] Sep 17, 2025 12:05:28 PM java.util.prefs.FileSystemPreferences checkLockFile0ErrorCode
2025-09-17 12:05:28,639 [ERROR] LogOutputStream:75 - [STDERR_REDIRECT] WARNING: Could not lock System prefs. Unix error code 2.
2025-09-17 12:05:28,639 [ERROR] LogOutputStream:75 - [STDERR_REDIRECT] 
2025-09-17 12:05:28,639 [ERROR] LogOutputStream:75 - [STDERR_REDIRECT] Sep 17, 2025 12:05:28 PM java.util.prefs.FileSystemPreferences syncWorld
2025-09-17 12:05:28,639 [ERROR] LogOutputStream:75 - [STDERR_REDIRECT] WARNING: Couldn't flush system prefs: java.util.prefs.BackingStoreException: Couldn't get file lock.
2025-09-17 12:05:28,639 [ERROR] LogOutputStream:75 - [STDERR_REDIRECT] 
2025-09-17 12:05:58,639 [ERROR] LogOutputStream:75 - [STDERR_REDIRECT] Sep 17, 2025 12:05:58 PM java.util.prefs.FileSystemPreferences checkLockFile0ErrorCode
2025-09-17 12:05:58,639 [ERROR] LogOutputStream:75 - [STDERR_REDIRECT] WARNING: Could not lock System prefs. Unix error code 2.
2025-09-17 12:05:58,639 [ERROR] LogOutputStream:75 - [STDERR_REDIRECT] 
2025-09-17 12:05:58,639 [ERROR] LogOutputStream:75 - [STDERR_REDIRECT] Sep 17, 2025 12:05:58 PM java.util.prefs.FileSystemPreferences syncWorld
2025-09-17 12:05:58,640 [ERROR] LogOutputStream:75 - [STDERR_REDIRECT] WARNING: Couldn't flush system prefs: java.util.prefs.BackingStoreException: Couldn't get file lock.
2025-09-17 12:05:58,640 [ERROR] LogOutputStream:75 - [STDERR_REDIRECT] 
2025-09-17 12:06:28,642 [ERROR] LogOutputStream:75 - [STDERR_REDIRECT] Sep 17, 2025 12:06:28 PM java.util.prefs.FileSystemPreferences checkLockFile0ErrorCode
2025-09-17 12:06:28,642 [ERROR] LogOutputStream:75 - [STDERR_REDIRECT] WARNING: Could not lock System prefs. Unix error code 2.
2025-09-17 12:06:28,642 [ERROR] LogOutputStream:75 - [STDERR_REDIRECT] 
2025-09-17 12:06:28,642 [ERROR] LogOutputStream:75 - [STDERR_REDIRECT] Sep 17, 2025 12:06:28 PM java.util.prefs.FileSystemPreferences syncWorld
2025-09-17 12:06:28,642 [ERROR] LogOutputStream:75 - [STDERR_REDIRECT] WARNING: Couldn't flush system prefs: java.util.prefs.BackingStoreException: Couldn't get file lock.
2025-09-17 12:06:28,642 [ERROR] LogOutputStream:75 - [STDERR_REDIRECT] 
2025-09-17 12:06:58,639 [ERROR] LogOutputStream:75 - [STDERR_REDIRECT] Sep 17, 2025 12:06:58 PM java.util.prefs.FileSystemPreferences checkLockFile0ErrorCode
2025-09-17 12:06:58,639 [ERROR] LogOutputStream:75 - [STDERR_REDIRECT] WARNING: Could not lock System prefs. Unix error code 2.
2025-09-17 12:06:58,639 [ERROR] LogOutputStream:75 - [STDERR_REDIRECT] 
2025-09-17 12:06:58,640 [ERROR] LogOutputStream:75 - [STDERR_REDIRECT] Sep 17, 2025 12:06:58 PM java.util.prefs.FileSystemPreferences syncWorld
2025-09-17 12:06:58,640 [ERROR] LogOutputStream:75 - [STDERR_REDIRECT] WARNING: Couldn't flush system prefs: java.util.prefs.BackingStoreException: Couldn't get file lock.
2025-09-17 12:06:58,640 [ERROR] LogOutputStream:75 - [STDERR_REDIRECT] 
2025-09-17 12:07:28,638 [ERROR] LogOutputStream:75 - [STDERR_REDIRECT] Sep 17, 2025 12:07:28 PM java.util.prefs.FileSystemPreferences checkLockFile0ErrorCode
2025-09-17 12:07:28,639 [ERROR] LogOutputStream:75 - [STDERR_REDIRECT] WARNING: Could not lock System prefs. Unix error code 2.
2025-09-17 12:07:28,639 [ERROR] LogOutputStream:75 - [STDERR_REDIRECT] 
2025-09-17 12:07:28,639 [ERROR] LogOutputStream:75 - [STDERR_REDIRECT] Sep 17, 2025 12:07:28 PM java.util.prefs.FileSystemPreferences syncWorld
2025-09-17 12:07:28,639 [ERROR] LogOutputStream:75 - [STDERR_REDIRECT] WARNING: Couldn't flush system prefs: java.util.prefs.BackingStoreException: Couldn't get file lock.
2025-09-17 12:07:28,639 [ERROR] LogOutputStream:75 - [STDERR_REDIRECT] 
2025-09-17 12:07:58,639 [ERROR] LogOutputStream:75 - [STDERR_REDIRECT] Sep 17, 2025 12:07:58 PM java.util.prefs.FileSystemPreferences checkLockFile0ErrorCode
2025-09-17 12:07:58,639 [ERROR] LogOutputStream:75 - [STDERR_REDIRECT] WARNING: Could not lock System prefs. Unix error code 2.
2025-09-17 12:07:58,639 [ERROR] LogOutputStream:75 - [STDERR_REDIRECT] 
2025-09-17 12:07:58,640 [ERROR] LogOutputStream:75 - [STDERR_REDIRECT] Sep 17, 2025 12:07:58 PM java.util.prefs.FileSystemPreferences syncWorld
2025-09-17 12:07:58,640 [ERROR] LogOutputStream:75 - [STDERR_REDIRECT] WARNING: Couldn't flush system prefs: java.util.prefs.BackingStoreException: Couldn't get file lock.
2025-09-17 12:07:58,640 [ERROR] LogOutputStream:75 - [STDERR_REDIRECT] 
2025-09-17 12:08:28,639 [ERROR] LogOutputStream:75 - [STDERR_REDIRECT] Sep 17, 2025 12:08:28 PM java.util.prefs.FileSystemPreferences checkLockFile0ErrorCode
2025-09-17 12:08:28,639 [ERROR] LogOutputStream:75 - [STDERR_REDIRECT] WARNING: Could not lock System prefs. Unix error code 2.
2025-09-17 12:08:28,639 [ERROR] LogOutputStream:75 - [STDERR_REDIRECT] 
2025-09-17 12:08:28,640 [ERROR] LogOutputStream:75 - [STDERR_REDIRECT] Sep 17, 2025 12:08:28 PM java.util.prefs.FileSystemPreferences syncWorld
2025-09-17 12:08:28,640 [ERROR] LogOutputStream:75 - [STDERR_REDIRECT] WARNING: Couldn't flush system prefs: java.util.prefs.BackingStoreException: Couldn't get file lock.
2025-09-17 12:08:28,640 [ERROR] LogOutputStream:75 - [STDERR_REDIRECT] 
2025-09-17 12:08:58,639 [ERROR] LogOutputStream:75 - [STDERR_REDIRECT] Sep 17, 2025 12:08:58 PM java.util.prefs.FileSystemPreferences checkLockFile0ErrorCode
2025-09-17 12:08:58,639 [ERROR] LogOutputStream:75 - [STDERR_REDIRECT] WARNING: Could not lock System prefs. Unix error code 2.
2025-09-17 12:08:58,639 [ERROR] LogOutputStream:75 - [STDERR_REDIRECT] 
2025-09-17 12:08:58,639 [ERROR] LogOutputStream:75 - [STDERR_REDIRECT] Sep 17, 2025 12:08:58 PM java.util.prefs.FileSystemPreferences syncWorld
2025-09-17 12:08:58,640 [ERROR] LogOutputStream:75 - [STDERR_REDIRECT] WARNING: Couldn't flush system prefs: java.util.prefs.BackingStoreException: Couldn't get file lock.
2025-09-17 12:08:58,640 [ERROR] LogOutputStream:75 - [STDERR_REDIRECT] 
2025-09-17 12:09:28,638 [ERROR] LogOutputStream:75 - [STDERR_REDIRECT] Sep 17, 2025 12:09:28 PM java.util.prefs.FileSystemPreferences checkLockFile0ErrorCode
2025-09-17 12:09:28,638 [ERROR] LogOutputStream:75 - [STDERR_REDIRECT] WARNING: Could not lock System prefs. Unix error code 2.
2025-09-17 12:09:28,638 [ERROR] LogOutputStream:75 - [STDERR_REDIRECT] 
2025-09-17 12:09:28,638 [ERROR] LogOutputStream:75 - [STDERR_REDIRECT] Sep 17, 2025 12:09:28 PM java.util.prefs.FileSystemPreferences syncWorld
2025-09-17 12:09:28,639 [ERROR] LogOutputStream:75 - [STDERR_REDIRECT] WARNING: Couldn't flush system prefs: java.util.prefs.BackingStoreException: Couldn't get file lock.
2025-09-17 12:09:28,639 [ERROR] LogOutputStream:75 - [STDERR_REDIRECT] 
2025-09-17 12:09:58,639 [ERROR] LogOutputStream:75 - [STDERR_REDIRECT] Sep 17, 2025 12:09:58 PM java.util.prefs.FileSystemPreferences checkLockFile0ErrorCode
2025-09-17 12:09:58,639 [ERROR] LogOutputStream:75 - [STDERR_REDIRECT] WARNING: Could not lock System prefs. Unix error code 2.
2025-09-17 12:09:58,639 [ERROR] LogOutputStream:75 - [STDERR_REDIRECT] 
2025-09-17 12:09:58,640 [ERROR] LogOutputStream:75 - [STDERR_REDIRECT] Sep 17, 2025 12:09:58 PM java.util.prefs.FileSystemPreferences syncWorld
2025-09-17 12:09:58,640 [ERROR] LogOutputStream:75 - [STDERR_REDIRECT] WARNING: Couldn't flush system prefs: java.util.prefs.BackingStoreException: Couldn't get file lock.
2025-09-17 12:09:58,640 [ERROR] LogOutputStream:75 - [STDERR_REDIRECT] 
2025-09-17 12:10:28,640 [ERROR] LogOutputStream:75 - [STDERR_REDIRECT] Sep 17, 2025 12:10:28 PM java.util.prefs.FileSystemPreferences checkLockFile0ErrorCode
2025-09-17 12:10:28,640 [ERROR] LogOutputStream:75 - [STDERR_REDIRECT] WARNING: Could not lock System prefs. Unix error code 2.
2025-09-17 12:10:28,640 [ERROR] LogOutputStream:75 - [STDERR_REDIRECT] 
2025-09-17 12:10:28,640 [ERROR] LogOutputStream:75 - [STDERR_REDIRECT] Sep 17, 2025 12:10:28 PM java.util.prefs.FileSystemPreferences syncWorld
2025-09-17 12:10:28,640 [ERROR] LogOutputStream:75 - [STDERR_REDIRECT] WARNING: Couldn't flush system prefs: java.util.prefs.BackingStoreException: Couldn't get file lock.
2025-09-17 12:10:28,640 [ERROR] LogOutputStream:75 - [STDERR_REDIRECT] 
2025-09-17 12:10:58,639 [ERROR] LogOutputStream:75 - [STDERR_REDIRECT] Sep 17, 2025 12:10:58 PM java.util.prefs.FileSystemPreferences checkLockFile0ErrorCode
2025-09-17 12:10:58,639 [ERROR] LogOutputStream:75 - [STDERR_REDIRECT] WARNING: Could not lock System prefs. Unix error code 2.
2025-09-17 12:10:58,639 [ERROR] LogOutputStream:75 - [STDERR_REDIRECT] 
2025-09-17 12:10:58,639 [ERROR] LogOutputStream:75 - [STDERR_REDIRECT] Sep 17, 2025 12:10:58 PM java.util.prefs.FileSystemPreferences syncWorld
2025-09-17 12:10:58,639 [ERROR] LogOutputStream:75 - [STDERR_REDIRECT] WARNING: Couldn't flush system prefs: java.util.prefs.BackingStoreException: Couldn't get file lock.
2025-09-17 12:10:58,640 [ERROR] LogOutputStream:75 - [STDERR_REDIRECT] 
2025-09-17 12:11:28,638 [ERROR] LogOutputStream:75 - [STDERR_REDIRECT] Sep 17, 2025 12:11:28 PM java.util.prefs.FileSystemPreferences checkLockFile0ErrorCode
2025-09-17 12:11:28,638 [ERROR] LogOutputStream:75 - [STDERR_REDIRECT] WARNING: Could not lock System prefs. Unix error code 2.
2025-09-17 12:11:28,639 [ERROR] LogOutputStream:75 - [STDERR_REDIRECT] 
2025-09-17 12:11:28,639 [ERROR] LogOutputStream:75 - [STDERR_REDIRECT] Sep 17, 2025 12:11:28 PM java.util.prefs.FileSystemPreferences syncWorld
2025-09-17 12:11:28,639 [ERROR] LogOutputStream:75 - [STDERR_REDIRECT] WARNING: Couldn't flush system prefs: java.util.prefs.BackingStoreException: Couldn't get file lock.
2025-09-17 12:11:28,639 [ERROR] LogOutputStream:75 - [STDERR_REDIRECT] 
2025-09-17 12:11:58,639 [ERROR] LogOutputStream:75 - [STDERR_REDIRECT] Sep 17, 2025 12:11:58 PM java.util.prefs.FileSystemPreferences checkLockFile0ErrorCode
2025-09-17 12:11:58,639 [ERROR] LogOutputStream:75 - [STDERR_REDIRECT] WARNING: Could not lock System prefs. Unix error code 2.
2025-09-17 12:11:58,639 [ERROR] LogOutputStream:75 - [STDERR_REDIRECT] 
2025-09-17 12:11:58,639 [ERROR] LogOutputStream:75 - [STDERR_REDIRECT] Sep 17, 2025 12:11:58 PM java.util.prefs.FileSystemPreferences syncWorld
2025-09-17 12:11:58,639 [ERROR] LogOutputStream:75 - [STDERR_REDIRECT] WARNING: Couldn't flush system prefs: java.util.prefs.BackingStoreException: Couldn't get file lock.
2025-09-17 12:11:58,639 [ERROR] LogOutputStream:75 - [STDERR_REDIRECT] 
2025-09-17 12:12:28,639 [ERROR] LogOutputStream:75 - [STDERR_REDIRECT] Sep 17, 2025 12:12:28 PM java.util.prefs.FileSystemPreferences checkLockFile0ErrorCode
2025-09-17 12:12:28,639 [ERROR] LogOutputStream:75 - [STDERR_REDIRECT] WARNING: Could not lock System prefs. Unix error code 2.
2025-09-17 12:12:28,639 [ERROR] LogOutputStream:75 - [STDERR_REDIRECT] 
2025-09-17 12:12:28,639 [ERROR] LogOutputStream:75 - [STDERR_REDIRECT] Sep 17, 2025 12:12:28 PM java.util.prefs.FileSystemPreferences syncWorld
2025-09-17 12:12:28,640 [ERROR] LogOutputStream:75 - [STDERR_REDIRECT] WARNING: Couldn't flush system prefs: java.util.prefs.BackingStoreException: Couldn't get file lock.
2025-09-17 12:12:28,640 [ERROR] LogOutputStream:75 - [STDERR_REDIRECT] 
2025-09-17 12:12:58,638 [ERROR] LogOutputStream:75 - [STDERR_REDIRECT] Sep 17, 2025 12:12:58 PM java.util.prefs.FileSystemPreferences checkLockFile0ErrorCode
2025-09-17 12:12:58,638 [ERROR] LogOutputStream:75 - [STDERR_REDIRECT] WARNING: Could not lock System prefs. Unix error code 2.
2025-09-17 12:12:58,638 [ERROR] LogOutputStream:75 - [STDERR_REDIRECT] 
2025-09-17 12:12:58,639 [ERROR] LogOutputStream:75 - [STDERR_REDIRECT] Sep 17, 2025 12:12:58 PM java.util.prefs.FileSystemPreferences syncWorld
2025-09-17 12:12:58,639 [ERROR] LogOutputStream:75 - [STDERR_REDIRECT] WARNING: Couldn't flush system prefs: java.util.prefs.BackingStoreException: Couldn't get file lock.
2025-09-17 12:12:58,639 [ERROR] LogOutputStream:75 - [STDERR_REDIRECT] 
2025-09-17 12:13:28,639 [ERROR] LogOutputStream:75 - [STDERR_REDIRECT] Sep 17, 2025 12:13:28 PM java.util.prefs.FileSystemPreferences checkLockFile0ErrorCode
2025-09-17 12:13:28,639 [ERROR] LogOutputStream:75 - [STDERR_REDIRECT] WARNING: Could not lock System prefs. Unix error code 2.
2025-09-17 12:13:28,639 [ERROR] LogOutputStream:75 - [STDERR_REDIRECT] 
2025-09-17 12:13:28,639 [ERROR] LogOutputStream:75 - [STDERR_REDIRECT] Sep 17, 2025 12:13:28 PM java.util.prefs.FileSystemPreferences syncWorld
2025-09-17 12:13:28,639 [ERROR] LogOutputStream:75 - [STDERR_REDIRECT] WARNING: Couldn't flush system prefs: java.util.prefs.BackingStoreException: Couldn't get file lock.
2025-09-17 12:13:28,639 [ERROR] LogOutputStream:75 - [STDERR_REDIRECT] 
2025-09-17 12:13:58,639 [ERROR] LogOutputStream:75 - [STDERR_REDIRECT] Sep 17, 2025 12:13:58 PM java.util.prefs.FileSystemPreferences checkLockFile0ErrorCode
2025-09-17 12:13:58,640 [ERROR] LogOutputStream:75 - [STDERR_REDIRECT] WARNING: Could not lock System prefs. Unix error code 2.
2025-09-17 12:13:58,640 [ERROR] LogOutputStream:75 - [STDERR_REDIRECT] 
2025-09-17 12:13:58,640 [ERROR] LogOutputStream:75 - [STDERR_REDIRECT] Sep 17, 2025 12:13:58 PM java.util.prefs.FileSystemPreferences syncWorld
2025-09-17 12:13:58,640 [ERROR] LogOutputStream:75 - [STDERR_REDIRECT] WARNING: Couldn't flush system prefs: java.util.prefs.BackingStoreException: Couldn't get file lock.
2025-09-17 12:13:58,640 [ERROR] LogOutputStream:75 - [STDERR_REDIRECT] 
2025-09-17 12:14:28,639 [ERROR] LogOutputStream:75 - [STDERR_REDIRECT] Sep 17, 2025 12:14:28 PM java.util.prefs.FileSystemPreferences checkLockFile0ErrorCode
2025-09-17 12:14:28,639 [ERROR] LogOutputStream:75 - [STDERR_REDIRECT] WARNING: Could not lock System prefs. Unix error code 2.
2025-09-17 12:14:28,639 [ERROR] LogOutputStream:75 - [STDERR_REDIRECT] 
2025-09-17 12:14:28,639 [ERROR] LogOutputStream:75 - [STDERR_REDIRECT] Sep 17, 2025 12:14:28 PM java.util.prefs.FileSystemPreferences syncWorld
2025-09-17 12:14:28,639 [ERROR] LogOutputStream:75 - [STDERR_REDIRECT] WARNING: Couldn't flush system prefs: java.util.prefs.BackingStoreException: Couldn't get file lock.
2025-09-17 12:14:28,639 [ERROR] LogOutputStream:75 - [STDERR_REDIRECT] 
2025-09-17 12:14:58,639 [ERROR] LogOutputStream:75 - [STDERR_REDIRECT] Sep 17, 2025 12:14:58 PM java.util.prefs.FileSystemPreferences checkLockFile0ErrorCode
2025-09-17 12:14:58,639 [ERROR] LogOutputStream:75 - [STDERR_REDIRECT] WARNING: Could not lock System prefs. Unix error code 2.
2025-09-17 12:14:58,639 [ERROR] LogOutputStream:75 - [STDERR_REDIRECT] 
2025-09-17 12:14:58,639 [ERROR] LogOutputStream:75 - [STDERR_REDIRECT] Sep 17, 2025 12:14:58 PM java.util.prefs.FileSystemPreferences syncWorld
2025-09-17 12:14:58,639 [ERROR] LogOutputStream:75 - [STDERR_REDIRECT] WARNING: Couldn't flush system prefs: java.util.prefs.BackingStoreException: Couldn't get file lock.
2025-09-17 12:14:58,639 [ERROR] LogOutputStream:75 - [STDERR_REDIRECT] 
2025-09-17 12:15:28,639 [ERROR] LogOutputStream:75 - [STDERR_REDIRECT] Sep 17, 2025 12:15:28 PM java.util.prefs.FileSystemPreferences checkLockFile0ErrorCode
2025-09-17 12:15:28,639 [ERROR] LogOutputStream:75 - [STDERR_REDIRECT] WARNING: Could not lock System prefs. Unix error code 2.
2025-09-17 12:15:28,639 [ERROR] LogOutputStream:75 - [STDERR_REDIRECT] 
2025-09-17 12:15:28,639 [ERROR] LogOutputStream:75 - [STDERR_REDIRECT] Sep 17, 2025 12:15:28 PM java.util.prefs.FileSystemPreferences syncWorld
2025-09-17 12:15:28,639 [ERROR] LogOutputStream:75 - [STDERR_REDIRECT] WARNING: Couldn't flush system prefs: java.util.prefs.BackingStoreException: Couldn't get file lock.
2025-09-17 12:15:28,639 [ERROR] LogOutputStream:75 - [STDERR_REDIRECT] 
2025-09-17 12:15:58,639 [ERROR] LogOutputStream:75 - [STDERR_REDIRECT] Sep 17, 2025 12:15:58 PM java.util.prefs.FileSystemPreferences checkLockFile0ErrorCode
2025-09-17 12:15:58,639 [ERROR] LogOutputStream:75 - [STDERR_REDIRECT] WARNING: Could not lock System prefs. Unix error code 2.
2025-09-17 12:15:58,639 [ERROR] LogOutputStream:75 - [STDERR_REDIRECT] 
2025-09-17 12:15:58,639 [ERROR] LogOutputStream:75 - [STDERR_REDIRECT] Sep 17, 2025 12:15:58 PM java.util.prefs.FileSystemPreferences syncWorld
2025-09-17 12:15:58,639 [ERROR] LogOutputStream:75 - [STDERR_REDIRECT] WARNING: Couldn't flush system prefs: java.util.prefs.BackingStoreException: Couldn't get file lock.
2025-09-17 12:15:58,639 [ERROR] LogOutputStream:75 - [STDERR_REDIRECT] 
2025-09-17 12:16:28,639 [ERROR] LogOutputStream:75 - [STDERR_REDIRECT] Sep 17, 2025 12:16:28 PM java.util.prefs.FileSystemPreferences checkLockFile0ErrorCode
2025-09-17 12:16:28,639 [ERROR] LogOutputStream:75 - [STDERR_REDIRECT] WARNING: Could not lock System prefs. Unix error code 2.
2025-09-17 12:16:28,639 [ERROR] LogOutputStream:75 - [STDERR_REDIRECT] 
2025-09-17 12:16:28,639 [ERROR] LogOutputStream:75 - [STDERR_REDIRECT] Sep 17, 2025 12:16:28 PM java.util.prefs.FileSystemPreferences syncWorld
2025-09-17 12:16:28,639 [ERROR] LogOutputStream:75 - [STDERR_REDIRECT] WARNING: Couldn't flush system prefs: java.util.prefs.BackingStoreException: Couldn't get file lock.
2025-09-17 12:16:28,639 [ERROR] LogOutputStream:75 - [STDERR_REDIRECT] 
2025-09-17 12:16:58,639 [ERROR] LogOutputStream:75 - [STDERR_REDIRECT] Sep 17, 2025 12:16:58 PM java.util.prefs.FileSystemPreferences checkLockFile0ErrorCode
2025-09-17 12:16:58,639 [ERROR] LogOutputStream:75 - [STDERR_REDIRECT] WARNING: Could not lock System prefs. Unix error code 2.
2025-09-17 12:16:58,639 [ERROR] LogOutputStream:75 - [STDERR_REDIRECT] 
2025-09-17 12:16:58,639 [ERROR] LogOutputStream:75 - [STDERR_REDIRECT] Sep 17, 2025 12:16:58 PM java.util.prefs.FileSystemPreferences syncWorld
2025-09-17 12:16:58,639 [ERROR] LogOutputStream:75 - [STDERR_REDIRECT] WARNING: Couldn't flush system prefs: java.util.prefs.BackingStoreException: Couldn't get file lock.
2025-09-17 12:16:58,639 [ERROR] LogOutputStream:75 - [STDERR_REDIRECT] 
2025-09-17 12:17:28,639 [ERROR] LogOutputStream:75 - [STDERR_REDIRECT] Sep 17, 2025 12:17:28 PM java.util.prefs.FileSystemPreferences checkLockFile0ErrorCode
2025-09-17 12:17:28,639 [ERROR] LogOutputStream:75 - [STDERR_REDIRECT] WARNING: Could not lock System prefs. Unix error code 2.
2025-09-17 12:17:28,639 [ERROR] LogOutputStream:75 - [STDERR_REDIRECT] 
2025-09-17 12:17:28,639 [ERROR] LogOutputStream:75 - [STDERR_REDIRECT] Sep 17, 2025 12:17:28 PM java.util.prefs.FileSystemPreferences syncWorld
2025-09-17 12:17:28,639 [ERROR] LogOutputStream:75 - [STDERR_REDIRECT] WARNING: Couldn't flush system prefs: java.util.prefs.BackingStoreException: Couldn't get file lock.
2025-09-17 12:17:28,639 [ERROR] LogOutputStream:75 - [STDERR_REDIRECT] 
2025-09-17 12:17:58,640 [ERROR] LogOutputStream:75 - [STDERR_REDIRECT] Sep 17, 2025 12:17:58 PM java.util.prefs.FileSystemPreferences checkLockFile0ErrorCode
2025-09-17 12:17:58,640 [ERROR] LogOutputStream:75 - [STDERR_REDIRECT] WARNING: Could not lock System prefs. Unix error code 2.
2025-09-17 12:17:58,640 [ERROR] LogOutputStream:75 - [STDERR_REDIRECT] 
2025-09-17 12:17:58,641 [ERROR] LogOutputStream:75 - [STDERR_REDIRECT] Sep 17, 2025 12:17:58 PM java.util.prefs.FileSystemPreferences syncWorld
2025-09-17 12:17:58,641 [ERROR] LogOutputStream:75 - [STDERR_REDIRECT] WARNING: Couldn't flush system prefs: java.util.prefs.BackingStoreException: Couldn't get file lock.
2025-09-17 12:17:58,641 [ERROR] LogOutputStream:75 - [STDERR_REDIRECT] 
2025-09-17 12:18:28,641 [ERROR] LogOutputStream:75 - [STDERR_REDIRECT] Sep 17, 2025 12:18:28 PM java.util.prefs.FileSystemPreferences checkLockFile0ErrorCode
2025-09-17 12:18:28,641 [ERROR] LogOutputStream:75 - [STDERR_REDIRECT] WARNING: Could not lock System prefs. Unix error code 2.
2025-09-17 12:18:28,641 [ERROR] LogOutputStream:75 - [STDERR_REDIRECT] 
2025-09-17 12:18:28,641 [ERROR] LogOutputStream:75 - [STDERR_REDIRECT] Sep 17, 2025 12:18:28 PM java.util.prefs.FileSystemPreferences syncWorld
2025-09-17 12:18:28,641 [ERROR] LogOutputStream:75 - [STDERR_REDIRECT] WARNING: Couldn't flush system prefs: java.util.prefs.BackingStoreException: Couldn't get file lock.
2025-09-17 12:18:28,641 [ERROR] LogOutputStream:75 - [STDERR_REDIRECT] 
2025-09-17 12:18:58,642 [ERROR] LogOutputStream:75 - [STDERR_REDIRECT] Sep 17, 2025 12:18:58 PM java.util.prefs.FileSystemPreferences checkLockFile0ErrorCode
2025-09-17 12:18:58,642 [ERROR] LogOutputStream:75 - [STDERR_REDIRECT] WARNING: Could not lock System prefs. Unix error code 2.
2025-09-17 12:18:58,642 [ERROR] LogOutputStream:75 - [STDERR_REDIRECT] 
2025-09-17 12:18:58,642 [ERROR] LogOutputStream:75 - [STDERR_REDIRECT] Sep 17, 2025 12:18:58 PM java.util.prefs.FileSystemPreferences syncWorld
2025-09-17 12:18:58,642 [ERROR] LogOutputStream:75 - [STDERR_REDIRECT] WARNING: Couldn't flush system prefs: java.util.prefs.BackingStoreException: Couldn't get file lock.
2025-09-17 12:18:58,642 [ERROR] LogOutputStream:75 - [STDERR_REDIRECT] 
2025-09-17 12:19:28,642 [ERROR] LogOutputStream:75 - [STDERR_REDIRECT] Sep 17, 2025 12:19:28 PM java.util.prefs.FileSystemPreferences checkLockFile0ErrorCode
2025-09-17 12:19:28,642 [ERROR] LogOutputStream:75 - [STDERR_REDIRECT] WARNING: Could not lock System prefs. Unix error code 2.
2025-09-17 12:19:28,642 [ERROR] LogOutputStream:75 - [STDERR_REDIRECT] 
2025-09-17 12:19:28,642 [ERROR] LogOutputStream:75 - [STDERR_REDIRECT] Sep 17, 2025 12:19:28 PM java.util.prefs.FileSystemPreferences syncWorld
2025-09-17 12:19:28,642 [ERROR] LogOutputStream:75 - [STDERR_REDIRECT] WARNING: Couldn't flush system prefs: java.util.prefs.BackingStoreException: Couldn't get file lock.
2025-09-17 12:19:28,642 [ERROR] LogOutputStream:75 - [STDERR_REDIRECT] 
2025-09-17 12:19:58,642 [ERROR] LogOutputStream:75 - [STDERR_REDIRECT] Sep 17, 2025 12:19:58 PM java.util.prefs.FileSystemPreferences checkLockFile0ErrorCode
2025-09-17 12:19:58,642 [ERROR] LogOutputStream:75 - [STDERR_REDIRECT] WARNING: Could not lock System prefs. Unix error code 2.
2025-09-17 12:19:58,642 [ERROR] LogOutputStream:75 - [STDERR_REDIRECT] 
2025-09-17 12:19:58,642 [ERROR] LogOutputStream:75 - [STDERR_REDIRECT] Sep 17, 2025 12:19:58 PM java.util.prefs.FileSystemPreferences syncWorld
2025-09-17 12:19:58,642 [ERROR] LogOutputStream:75 - [STDERR_REDIRECT] WARNING: Couldn't flush system prefs: java.util.prefs.BackingStoreException: Couldn't get file lock.
2025-09-17 12:19:58,642 [ERROR] LogOutputStream:75 - [STDERR_REDIRECT] 
2025-09-17 12:20:28,642 [ERROR] LogOutputStream:75 - [STDERR_REDIRECT] Sep 17, 2025 12:20:28 PM java.util.prefs.FileSystemPreferences checkLockFile0ErrorCode
2025-09-17 12:20:28,642 [ERROR] LogOutputStream:75 - [STDERR_REDIRECT] WARNING: Could not lock System prefs. Unix error code 2.
2025-09-17 12:20:28,642 [ERROR] LogOutputStream:75 - [STDERR_REDIRECT] 
2025-09-17 12:20:28,643 [ERROR] LogOutputStream:75 - [STDERR_REDIRECT] Sep 17, 2025 12:20:28 PM java.util.prefs.FileSystemPreferences syncWorld
2025-09-17 12:20:28,643 [ERROR] LogOutputStream:75 - [STDERR_REDIRECT] WARNING: Couldn't flush system prefs: java.util.prefs.BackingStoreException: Couldn't get file lock.
2025-09-17 12:20:28,643 [ERROR] LogOutputStream:75 - [STDERR_REDIRECT] 
2025-09-17 12:20:58,642 [ERROR] LogOutputStream:75 - [STDERR_REDIRECT] Sep 17, 2025 12:20:58 PM java.util.prefs.FileSystemPreferences checkLockFile0ErrorCode
2025-09-17 12:20:58,642 [ERROR] LogOutputStream:75 - [STDERR_REDIRECT] WARNING: Could not lock System prefs. Unix error code 2.
2025-09-17 12:20:58,642 [ERROR] LogOutputStream:75 - [STDERR_REDIRECT] 
2025-09-17 12:20:58,642 [ERROR] LogOutputStream:75 - [STDERR_REDIRECT] Sep 17, 2025 12:20:58 PM java.util.prefs.FileSystemPreferences syncWorld
2025-09-17 12:20:58,642 [ERROR] LogOutputStream:75 - [STDERR_REDIRECT] WARNING: Couldn't flush system prefs: java.util.prefs.BackingStoreException: Couldn't get file lock.
2025-09-17 12:20:58,642 [ERROR] LogOutputStream:75 - [STDERR_REDIRECT] 
2025-09-17 12:21:28,642 [ERROR] LogOutputStream:75 - [STDERR_REDIRECT] Sep 17, 2025 12:21:28 PM java.util.prefs.FileSystemPreferences checkLockFile0ErrorCode
2025-09-17 12:21:28,642 [ERROR] LogOutputStream:75 - [STDERR_REDIRECT] WARNING: Could not lock System prefs. Unix error code 2.
2025-09-17 12:21:28,642 [ERROR] LogOutputStream:75 - [STDERR_REDIRECT] 
2025-09-17 12:21:28,643 [ERROR] LogOutputStream:75 - [STDERR_REDIRECT] Sep 17, 2025 12:21:28 PM java.util.prefs.FileSystemPreferences syncWorld
2025-09-17 12:21:28,643 [ERROR] LogOutputStream:75 - [STDERR_REDIRECT] WARNING: Couldn't flush system prefs: java.util.prefs.BackingStoreException: Couldn't get file lock.
2025-09-17 12:21:28,643 [ERROR] LogOutputStream:75 - [STDERR_REDIRECT] 
2025-09-17 12:21:58,642 [ERROR] LogOutputStream:75 - [STDERR_REDIRECT] Sep 17, 2025 12:21:58 PM java.util.prefs.FileSystemPreferences checkLockFile0ErrorCode
2025-09-17 12:21:58,642 [ERROR] LogOutputStream:75 - [STDERR_REDIRECT] WARNING: Could not lock System prefs. Unix error code 2.
2025-09-17 12:21:58,642 [ERROR] LogOutputStream:75 - [STDERR_REDIRECT] 
2025-09-17 12:21:58,642 [ERROR] LogOutputStream:75 - [STDERR_REDIRECT] Sep 17, 2025 12:21:58 PM java.util.prefs.FileSystemPreferences syncWorld
2025-09-17 12:21:58,642 [ERROR] LogOutputStream:75 - [STDERR_REDIRECT] WARNING: Couldn't flush system prefs: java.util.prefs.BackingStoreException: Couldn't get file lock.
2025-09-17 12:21:58,642 [ERROR] LogOutputStream:75 - [STDERR_REDIRECT] 
2025-09-17 12:22:28,643 [ERROR] LogOutputStream:75 - [STDERR_REDIRECT] Sep 17, 2025 12:22:28 PM java.util.prefs.FileSystemPreferences checkLockFile0ErrorCode
2025-09-17 12:22:28,643 [ERROR] LogOutputStream:75 - [STDERR_REDIRECT] WARNING: Could not lock System prefs. Unix error code 2.
2025-09-17 12:22:28,643 [ERROR] LogOutputStream:75 - [STDERR_REDIRECT] 
2025-09-17 12:22:28,643 [ERROR] LogOutputStream:75 - [STDERR_REDIRECT] Sep 17, 2025 12:22:28 PM java.util.prefs.FileSystemPreferences syncWorld
2025-09-17 12:22:28,643 [ERROR] LogOutputStream:75 - [STDERR_REDIRECT] WARNING: Couldn't flush system prefs: java.util.prefs.BackingStoreException: Couldn't get file lock.
2025-09-17 12:22:28,643 [ERROR] LogOutputStream:75 - [STDERR_REDIRECT] 
2025-09-17 12:22:58,643 [ERROR] LogOutputStream:75 - [STDERR_REDIRECT] Sep 17, 2025 12:22:58 PM java.util.prefs.FileSystemPreferences checkLockFile0ErrorCode
2025-09-17 12:22:58,643 [ERROR] LogOutputStream:75 - [STDERR_REDIRECT] WARNING: Could not lock System prefs. Unix error code 2.
2025-09-17 12:22:58,643 [ERROR] LogOutputStream:75 - [STDERR_REDIRECT] 
2025-09-17 12:22:58,643 [ERROR] LogOutputStream:75 - [STDERR_REDIRECT] Sep 17, 2025 12:22:58 PM java.util.prefs.FileSystemPreferences syncWorld
2025-09-17 12:22:58,644 [ERROR] LogOutputStream:75 - [STDERR_REDIRECT] WARNING: Couldn't flush system prefs: java.util.prefs.BackingStoreException: Couldn't get file lock.
2025-09-17 12:22:58,644 [ERROR] LogOutputStream:75 - [STDERR_REDIRECT] 
2025-09-17 12:23:28,642 [ERROR] LogOutputStream:75 - [STDERR_REDIRECT] Sep 17, 2025 12:23:28 PM java.util.prefs.FileSystemPreferences checkLockFile0ErrorCode
2025-09-17 12:23:28,643 [ERROR] LogOutputStream:75 - [STDERR_REDIRECT] WARNING: Could not lock System prefs. Unix error code 2.
2025-09-17 12:23:28,643 [ERROR] LogOutputStream:75 - [STDERR_REDIRECT] 
2025-09-17 12:23:28,643 [ERROR] LogOutputStream:75 - [STDERR_REDIRECT] Sep 17, 2025 12:23:28 PM java.util.prefs.FileSystemPreferences syncWorld
2025-09-17 12:23:28,643 [ERROR] LogOutputStream:75 - [STDERR_REDIRECT] WARNING: Couldn't flush system prefs: java.util.prefs.BackingStoreException: Couldn't get file lock.
2025-09-17 12:23:28,643 [ERROR] LogOutputStream:75 - [STDERR_REDIRECT] 
2025-09-17 12:23:58,643 [ERROR] LogOutputStream:75 - [STDERR_REDIRECT] Sep 17, 2025 12:23:58 PM java.util.prefs.FileSystemPreferences checkLockFile0ErrorCode
2025-09-17 12:23:58,643 [ERROR] LogOutputStream:75 - [STDERR_REDIRECT] WARNING: Could not lock System prefs. Unix error code 2.
2025-09-17 12:23:58,643 [ERROR] LogOutputStream:75 - [STDERR_REDIRECT] 
2025-09-17 12:23:58,643 [ERROR] LogOutputStream:75 - [STDERR_REDIRECT] Sep 17, 2025 12:23:58 PM java.util.prefs.FileSystemPreferences syncWorld
2025-09-17 12:23:58,643 [ERROR] LogOutputStream:75 - [STDERR_REDIRECT] WARNING: Couldn't flush system prefs: java.util.prefs.BackingStoreException: Couldn't get file lock.
2025-09-17 12:23:58,644 [ERROR] LogOutputStream:75 - [STDERR_REDIRECT] 
2025-09-17 12:24:28,642 [ERROR] LogOutputStream:75 - [STDERR_REDIRECT] Sep 17, 2025 12:24:28 PM java.util.prefs.FileSystemPreferences checkLockFile0ErrorCode
2025-09-17 12:24:28,643 [ERROR] LogOutputStream:75 - [STDERR_REDIRECT] WARNING: Could not lock System prefs. Unix error code 2.
2025-09-17 12:24:28,643 [ERROR] LogOutputStream:75 - [STDERR_REDIRECT] 
2025-09-17 12:24:28,643 [ERROR] LogOutputStream:75 - [STDERR_REDIRECT] Sep 17, 2025 12:24:28 PM java.util.prefs.FileSystemPreferences syncWorld
2025-09-17 12:24:28,643 [ERROR] LogOutputStream:75 - [STDERR_REDIRECT] WARNING: Couldn't flush system prefs: java.util.prefs.BackingStoreException: Couldn't get file lock.
2025-09-17 12:24:28,643 [ERROR] LogOutputStream:75 - [STDERR_REDIRECT] 
2025-09-17 12:24:58,643 [ERROR] LogOutputStream:75 - [STDERR_REDIRECT] Sep 17, 2025 12:24:58 PM java.util.prefs.FileSystemPreferences checkLockFile0ErrorCode
2025-09-17 12:24:58,643 [ERROR] LogOutputStream:75 - [STDERR_REDIRECT] WARNING: Could not lock System prefs. Unix error code 2.
2025-09-17 12:24:58,643 [ERROR] LogOutputStream:75 - [STDERR_REDIRECT] 
2025-09-17 12:24:58,643 [ERROR] LogOutputStream:75 - [STDERR_REDIRECT] Sep 17, 2025 12:24:58 PM java.util.prefs.FileSystemPreferences syncWorld
2025-09-17 12:24:58,643 [ERROR] LogOutputStream:75 - [STDERR_REDIRECT] WARNING: Couldn't flush system prefs: java.util.prefs.BackingStoreException: Couldn't get file lock.
2025-09-17 12:24:58,644 [ERROR] LogOutputStream:75 - [STDERR_REDIRECT] 
2025-09-17 12:25:28,643 [ERROR] LogOutputStream:75 - [STDERR_REDIRECT] Sep 17, 2025 12:25:28 PM java.util.prefs.FileSystemPreferences checkLockFile0ErrorCode
2025-09-17 12:25:28,643 [ERROR] LogOutputStream:75 - [STDERR_REDIRECT] WARNING: Could not lock System prefs. Unix error code 2.
2025-09-17 12:25:28,643 [ERROR] LogOutputStream:75 - [STDERR_REDIRECT] 
2025-09-17 12:25:28,644 [ERROR] LogOutputStream:75 - [STDERR_REDIRECT] Sep 17, 2025 12:25:28 PM java.util.prefs.FileSystemPreferences syncWorld
2025-09-17 12:25:28,644 [ERROR] LogOutputStream:75 - [STDERR_REDIRECT] WARNING: Couldn't flush system prefs: java.util.prefs.BackingStoreException: Couldn't get file lock.
2025-09-17 12:25:28,644 [ERROR] LogOutputStream:75 - [STDERR_REDIRECT] 
2025-09-17 12:25:58,643 [ERROR] LogOutputStream:75 - [STDERR_REDIRECT] Sep 17, 2025 12:25:58 PM java.util.prefs.FileSystemPreferences checkLockFile0ErrorCode
2025-09-17 12:25:58,643 [ERROR] LogOutputStream:75 - [STDERR_REDIRECT] WARNING: Could not lock System prefs. Unix error code 2.
2025-09-17 12:25:58,643 [ERROR] LogOutputStream:75 - [STDERR_REDIRECT] 
2025-09-17 12:25:58,643 [ERROR] LogOutputStream:75 - [STDERR_REDIRECT] Sep 17, 2025 12:25:58 PM java.util.prefs.FileSystemPreferences syncWorld
2025-09-17 12:25:58,643 [ERROR] LogOutputStream:75 - [STDERR_REDIRECT] WARNING: Couldn't flush system prefs: java.util.prefs.BackingStoreException: Couldn't get file lock.
2025-09-17 12:25:58,643 [ERROR] LogOutputStream:75 - [STDERR_REDIRECT] 
2025-09-17 12:26:28,643 [ERROR] LogOutputStream:75 - [STDERR_REDIRECT] Sep 17, 2025 12:26:28 PM java.util.prefs.FileSystemPreferences checkLockFile0ErrorCode
2025-09-17 12:26:28,643 [ERROR] LogOutputStream:75 - [STDERR_REDIRECT] WARNING: Could not lock System prefs. Unix error code 2.
2025-09-17 12:26:28,643 [ERROR] LogOutputStream:75 - [STDERR_REDIRECT] 
2025-09-17 12:26:28,644 [ERROR] LogOutputStream:75 - [STDERR_REDIRECT] Sep 17, 2025 12:26:28 PM java.util.prefs.FileSystemPreferences syncWorld
2025-09-17 12:26:28,644 [ERROR] LogOutputStream:75 - [STDERR_REDIRECT] WARNING: Couldn't flush system prefs: java.util.prefs.BackingStoreException: Couldn't get file lock.
2025-09-17 12:26:28,644 [ERROR] LogOutputStream:75 - [STDERR_REDIRECT] 
2025-09-17 12:26:58,643 [ERROR] LogOutputStream:75 - [STDERR_REDIRECT] Sep 17, 2025 12:26:58 PM java.util.prefs.FileSystemPreferences checkLockFile0ErrorCode
2025-09-17 12:26:58,643 [ERROR] LogOutputStream:75 - [STDERR_REDIRECT] WARNING: Could not lock System prefs. Unix error code 2.
2025-09-17 12:26:58,643 [ERROR] LogOutputStream:75 - [STDERR_REDIRECT] 
2025-09-17 12:26:58,643 [ERROR] LogOutputStream:75 - [STDERR_REDIRECT] Sep 17, 2025 12:26:58 PM java.util.prefs.FileSystemPreferences syncWorld
2025-09-17 12:26:58,643 [ERROR] LogOutputStream:75 - [STDERR_REDIRECT] WARNING: Couldn't flush system prefs: java.util.prefs.BackingStoreException: Couldn't get file lock.
2025-09-17 12:26:58,643 [ERROR] LogOutputStream:75 - [STDERR_REDIRECT] 
2025-09-17 12:27:28,643 [ERROR] LogOutputStream:75 - [STDERR_REDIRECT] Sep 17, 2025 12:27:28 PM java.util.prefs.FileSystemPreferences checkLockFile0ErrorCode
2025-09-17 12:27:28,643 [ERROR] LogOutputStream:75 - [STDERR_REDIRECT] WARNING: Could not lock System prefs. Unix error code 2.
2025-09-17 12:27:28,643 [ERROR] LogOutputStream:75 - [STDERR_REDIRECT] 
2025-09-17 12:27:28,644 [ERROR] LogOutputStream:75 - [STDERR_REDIRECT] Sep 17, 2025 12:27:28 PM java.util.prefs.FileSystemPreferences syncWorld
2025-09-17 12:27:28,644 [ERROR] LogOutputStream:75 - [STDERR_REDIRECT] WARNING: Couldn't flush system prefs: java.util.prefs.BackingStoreException: Couldn't get file lock.
2025-09-17 12:27:28,644 [ERROR] LogOutputStream:75 - [STDERR_REDIRECT] 
2025-09-17 12:27:58,642 [ERROR] LogOutputStream:75 - [STDERR_REDIRECT] Sep 17, 2025 12:27:58 PM java.util.prefs.FileSystemPreferences checkLockFile0ErrorCode
2025-09-17 12:27:58,642 [ERROR] LogOutputStream:75 - [STDERR_REDIRECT] WARNING: Could not lock System prefs. Unix error code 2.
2025-09-17 12:27:58,643 [ERROR] LogOutputStream:75 - [STDERR_REDIRECT] 
2025-09-17 12:27:58,643 [ERROR] LogOutputStream:75 - [STDERR_REDIRECT] Sep 17, 2025 12:27:58 PM java.util.prefs.FileSystemPreferences syncWorld
2025-09-17 12:27:58,643 [ERROR] LogOutputStream:75 - [STDERR_REDIRECT] WARNING: Couldn't flush system prefs: java.util.prefs.BackingStoreException: Couldn't get file lock.
2025-09-17 12:27:58,643 [ERROR] LogOutputStream:75 - [STDERR_REDIRECT] 
2025-09-17 12:28:28,643 [ERROR] LogOutputStream:75 - [STDERR_REDIRECT] Sep 17, 2025 12:28:28 PM java.util.prefs.FileSystemPreferences checkLockFile0ErrorCode
2025-09-17 12:28:28,643 [ERROR] LogOutputStream:75 - [STDERR_REDIRECT] WARNING: Could not lock System prefs. Unix error code 2.
2025-09-17 12:28:28,643 [ERROR] LogOutputStream:75 - [STDERR_REDIRECT] 
2025-09-17 12:28:28,643 [ERROR] LogOutputStream:75 - [STDERR_REDIRECT] Sep 17, 2025 12:28:28 PM java.util.prefs.FileSystemPreferences syncWorld
2025-09-17 12:28:28,643 [ERROR] LogOutputStream:75 - [STDERR_REDIRECT] WARNING: Couldn't flush system prefs: java.util.prefs.BackingStoreException: Couldn't get file lock.
2025-09-17 12:28:28,643 [ERROR] LogOutputStream:75 - [STDERR_REDIRECT] 
2025-09-17 12:28:58,643 [ERROR] LogOutputStream:75 - [STDERR_REDIRECT] Sep 17, 2025 12:28:58 PM java.util.prefs.FileSystemPreferences checkLockFile0ErrorCode
2025-09-17 12:28:58,643 [ERROR] LogOutputStream:75 - [STDERR_REDIRECT] WARNING: Could not lock System prefs. Unix error code 2.
2025-09-17 12:28:58,643 [ERROR] LogOutputStream:75 - [STDERR_REDIRECT] 
2025-09-17 12:28:58,643 [ERROR] LogOutputStream:75 - [STDERR_REDIRECT] Sep 17, 2025 12:28:58 PM java.util.prefs.FileSystemPreferences syncWorld
2025-09-17 12:28:58,643 [ERROR] LogOutputStream:75 - [STDERR_REDIRECT] WARNING: Couldn't flush system prefs: java.util.prefs.BackingStoreException: Couldn't get file lock.
2025-09-17 12:28:58,643 [ERROR] LogOutputStream:75 - [STDERR_REDIRECT] 
2025-09-17 12:29:28,643 [ERROR] LogOutputStream:75 - [STDERR_REDIRECT] Sep 17, 2025 12:29:28 PM java.util.prefs.FileSystemPreferences checkLockFile0ErrorCode
2025-09-17 12:29:28,643 [ERROR] LogOutputStream:75 - [STDERR_REDIRECT] WARNING: Could not lock System prefs. Unix error code 2.
2025-09-17 12:29:28,643 [ERROR] LogOutputStream:75 - [STDERR_REDIRECT] 
2025-09-17 12:29:28,643 [ERROR] LogOutputStream:75 - [STDERR_REDIRECT] Sep 17, 2025 12:29:28 PM java.util.prefs.FileSystemPreferences syncWorld
2025-09-17 12:29:28,644 [ERROR] LogOutputStream:75 - [STDERR_REDIRECT] WARNING: Couldn't flush system prefs: java.util.prefs.BackingStoreException: Couldn't get file lock.
2025-09-17 12:29:28,644 [ERROR] LogOutputStream:75 - [STDERR_REDIRECT] 
2025-09-17 12:29:58,642 [ERROR] LogOutputStream:75 - [STDERR_REDIRECT] Sep 17, 2025 12:29:58 PM java.util.prefs.FileSystemPreferences checkLockFile0ErrorCode
2025-09-17 12:29:58,643 [ERROR] LogOutputStream:75 - [STDERR_REDIRECT] WARNING: Could not lock System prefs. Unix error code 2.
2025-09-17 12:29:58,643 [ERROR] LogOutputStream:75 - [STDERR_REDIRECT] 
2025-09-17 12:29:58,643 [ERROR] LogOutputStream:75 - [STDERR_REDIRECT] Sep 17, 2025 12:29:58 PM java.util.prefs.FileSystemPreferences syncWorld
2025-09-17 12:29:58,643 [ERROR] LogOutputStream:75 - [STDERR_REDIRECT] WARNING: Couldn't flush system prefs: java.util.prefs.BackingStoreException: Couldn't get file lock.
2025-09-17 12:29:58,643 [ERROR] LogOutputStream:75 - [STDERR_REDIRECT] 
2025-09-17 12:30:28,643 [ERROR] LogOutputStream:75 - [STDERR_REDIRECT] Sep 17, 2025 12:30:28 PM java.util.prefs.FileSystemPreferences checkLockFile0ErrorCode
2025-09-17 12:30:28,643 [ERROR] LogOutputStream:75 - [STDERR_REDIRECT] WARNING: Could not lock System prefs. Unix error code 2.
2025-09-17 12:30:28,644 [ERROR] LogOutputStream:75 - [STDERR_REDIRECT] 
2025-09-17 12:30:28,644 [ERROR] LogOutputStream:75 - [STDERR_REDIRECT] Sep 17, 2025 12:30:28 PM java.util.prefs.FileSystemPreferences syncWorld
2025-09-17 12:30:28,644 [ERROR] LogOutputStream:75 - [STDERR_REDIRECT] WARNING: Couldn't flush system prefs: java.util.prefs.BackingStoreException: Couldn't get file lock.
2025-09-17 12:30:28,644 [ERROR] LogOutputStream:75 - [STDERR_REDIRECT] 
2025-09-17 12:30:58,642 [ERROR] LogOutputStream:75 - [STDERR_REDIRECT] Sep 17, 2025 12:30:58 PM java.util.prefs.FileSystemPreferences checkLockFile0ErrorCode
2025-09-17 12:30:58,643 [ERROR] LogOutputStream:75 - [STDERR_REDIRECT] WARNING: Could not lock System prefs. Unix error code 2.
2025-09-17 12:30:58,643 [ERROR] LogOutputStream:75 - [STDERR_REDIRECT] 
2025-09-17 12:30:58,643 [ERROR] LogOutputStream:75 - [STDERR_REDIRECT] Sep 17, 2025 12:30:58 PM java.util.prefs.FileSystemPreferences syncWorld
2025-09-17 12:30:58,643 [ERROR] LogOutputStream:75 - [STDERR_REDIRECT] WARNING: Couldn't flush system prefs: java.util.prefs.BackingStoreException: Couldn't get file lock.
2025-09-17 12:30:58,643 [ERROR] LogOutputStream:75 - [STDERR_REDIRECT] 
2025-09-17 12:31:28,643 [ERROR] LogOutputStream:75 - [STDERR_REDIRECT] Sep 17, 2025 12:31:28 PM java.util.prefs.FileSystemPreferences checkLockFile0ErrorCode
2025-09-17 12:31:28,643 [ERROR] LogOutputStream:75 - [STDERR_REDIRECT] WARNING: Could not lock System prefs. Unix error code 2.
2025-09-17 12:31:28,643 [ERROR] LogOutputStream:75 - [STDERR_REDIRECT] 
2025-09-17 12:31:28,643 [ERROR] LogOutputStream:75 - [STDERR_REDIRECT] Sep 17, 2025 12:31:28 PM java.util.prefs.FileSystemPreferences syncWorld
2025-09-17 12:31:28,643 [ERROR] LogOutputStream:75 - [STDERR_REDIRECT] WARNING: Couldn't flush system prefs: java.util.prefs.BackingStoreException: Couldn't get file lock.
2025-09-17 12:31:28,643 [ERROR] LogOutputStream:75 - [STDERR_REDIRECT] 
2025-09-17 12:31:58,643 [ERROR] LogOutputStream:75 - [STDERR_REDIRECT] Sep 17, 2025 12:31:58 PM java.util.prefs.FileSystemPreferences checkLockFile0ErrorCode
2025-09-17 12:31:58,643 [ERROR] LogOutputStream:75 - [STDERR_REDIRECT] WARNING: Could not lock System prefs. Unix error code 2.
2025-09-17 12:31:58,643 [ERROR] LogOutputStream:75 - [STDERR_REDIRECT] 
2025-09-17 12:31:58,643 [ERROR] LogOutputStream:75 - [STDERR_REDIRECT] Sep 17, 2025 12:31:58 PM java.util.prefs.FileSystemPreferences syncWorld
2025-09-17 12:31:58,643 [ERROR] LogOutputStream:75 - [STDERR_REDIRECT] WARNING: Couldn't flush system prefs: java.util.prefs.BackingStoreException: Couldn't get file lock.
2025-09-17 12:31:58,644 [ERROR] LogOutputStream:75 - [STDERR_REDIRECT] 
2025-09-17 12:32:28,643 [ERROR] LogOutputStream:75 - [STDERR_REDIRECT] Sep 17, 2025 12:32:28 PM java.util.prefs.FileSystemPreferences checkLockFile0ErrorCode
2025-09-17 12:32:28,643 [ERROR] LogOutputStream:75 - [STDERR_REDIRECT] WARNING: Could not lock System prefs. Unix error code 2.
2025-09-17 12:32:28,643 [ERROR] LogOutputStream:75 - [STDERR_REDIRECT] 
2025-09-17 12:32:28,643 [ERROR] LogOutputStream:75 - [STDERR_REDIRECT] Sep 17, 2025 12:32:28 PM java.util.prefs.FileSystemPreferences syncWorld
2025-09-17 12:32:28,643 [ERROR] LogOutputStream:75 - [STDERR_REDIRECT] WARNING: Couldn't flush system prefs: java.util.prefs.BackingStoreException: Couldn't get file lock.
2025-09-17 12:32:28,644 [ERROR] LogOutputStream:75 - [STDERR_REDIRECT] 
2025-09-17 12:32:58,642 [ERROR] LogOutputStream:75 - [STDERR_REDIRECT] Sep 17, 2025 12:32:58 PM java.util.prefs.FileSystemPreferences checkLockFile0ErrorCode
2025-09-17 12:32:58,642 [ERROR] LogOutputStream:75 - [STDERR_REDIRECT] WARNING: Could not lock System prefs. Unix error code 2.
2025-09-17 12:32:58,642 [ERROR] LogOutputStream:75 - [STDERR_REDIRECT] 
2025-09-17 12:32:58,643 [ERROR] LogOutputStream:75 - [STDERR_REDIRECT] Sep 17, 2025 12:32:58 PM java.util.prefs.FileSystemPreferences syncWorld
2025-09-17 12:32:58,643 [ERROR] LogOutputStream:75 - [STDERR_REDIRECT] WARNING: Couldn't flush system prefs: java.util.prefs.BackingStoreException: Couldn't get file lock.
2025-09-17 12:32:58,643 [ERROR] LogOutputStream:75 - [STDERR_REDIRECT] 
2025-09-17 12:33:28,642 [ERROR] LogOutputStream:75 - [STDERR_REDIRECT] Sep 17, 2025 12:33:28 PM java.util.prefs.FileSystemPreferences checkLockFile0ErrorCode
2025-09-17 12:33:28,643 [ERROR] LogOutputStream:75 - [STDERR_REDIRECT] WARNING: Could not lock System prefs. Unix error code 2.
2025-09-17 12:33:28,643 [ERROR] LogOutputStream:75 - [STDERR_REDIRECT] 
2025-09-17 12:33:28,643 [ERROR] LogOutputStream:75 - [STDERR_REDIRECT] Sep 17, 2025 12:33:28 PM java.util.prefs.FileSystemPreferences syncWorld
2025-09-17 12:33:28,643 [ERROR] LogOutputStream:75 - [STDERR_REDIRECT] WARNING: Couldn't flush system prefs: java.util.prefs.BackingStoreException: Couldn't get file lock.
2025-09-17 12:33:28,643 [ERROR] LogOutputStream:75 - [STDERR_REDIRECT] 
2025-09-17 12:33:58,643 [ERROR] LogOutputStream:75 - [STDERR_REDIRECT] Sep 17, 2025 12:33:58 PM java.util.prefs.FileSystemPreferences checkLockFile0ErrorCode
2025-09-17 12:33:58,643 [ERROR] LogOutputStream:75 - [STDERR_REDIRECT] WARNING: Could not lock System prefs. Unix error code 2.
2025-09-17 12:33:58,643 [ERROR] LogOutputStream:75 - [STDERR_REDIRECT] 
2025-09-17 12:33:58,643 [ERROR] LogOutputStream:75 - [STDERR_REDIRECT] Sep 17, 2025 12:33:58 PM java.util.prefs.FileSystemPreferences syncWorld
2025-09-17 12:33:58,643 [ERROR] LogOutputStream:75 - [STDERR_REDIRECT] WARNING: Couldn't flush system prefs: java.util.prefs.BackingStoreException: Couldn't get file lock.
2025-09-17 12:33:58,643 [ERROR] LogOutputStream:75 - [STDERR_REDIRECT] 
2025-09-17 12:34:28,643 [ERROR] LogOutputStream:75 - [STDERR_REDIRECT] Sep 17, 2025 12:34:28 PM java.util.prefs.FileSystemPreferences checkLockFile0ErrorCode
2025-09-17 12:34:28,644 [ERROR] LogOutputStream:75 - [STDERR_REDIRECT] WARNING: Could not lock System prefs. Unix error code 2.
2025-09-17 12:34:28,644 [ERROR] LogOutputStream:75 - [STDERR_REDIRECT] 
2025-09-17 12:34:28,644 [ERROR] LogOutputStream:75 - [STDERR_REDIRECT] Sep 17, 2025 12:34:28 PM java.util.prefs.FileSystemPreferences syncWorld
2025-09-17 12:34:28,644 [ERROR] LogOutputStream:75 - [STDERR_REDIRECT] WARNING: Couldn't flush system prefs: java.util.prefs.BackingStoreException: Couldn't get file lock.
2025-09-17 12:34:28,644 [ERROR] LogOutputStream:75 - [STDERR_REDIRECT] 
2025-09-17 12:34:58,643 [ERROR] LogOutputStream:75 - [STDERR_REDIRECT] Sep 17, 2025 12:34:58 PM java.util.prefs.FileSystemPreferences checkLockFile0ErrorCode
2025-09-17 12:34:58,644 [ERROR] LogOutputStream:75 - [STDERR_REDIRECT] WARNING: Could not lock System prefs. Unix error code 2.
2025-09-17 12:34:58,644 [ERROR] LogOutputStream:75 - [STDERR_REDIRECT] 
2025-09-17 12:34:58,644 [ERROR] LogOutputStream:75 - [STDERR_REDIRECT] Sep 17, 2025 12:34:58 PM java.util.prefs.FileSystemPreferences syncWorld
2025-09-17 12:34:58,644 [ERROR] LogOutputStream:75 - [STDERR_REDIRECT] WARNING: Couldn't flush system prefs: java.util.prefs.BackingStoreException: Couldn't get file lock.
2025-09-17 12:34:58,644 [ERROR] LogOutputStream:75 - [STDERR_REDIRECT] 
2025-09-17 12:35:28,644 [ERROR] LogOutputStream:75 - [STDERR_REDIRECT] Sep 17, 2025 12:35:28 PM java.util.prefs.FileSystemPreferences checkLockFile0ErrorCode
2025-09-17 12:35:28,644 [ERROR] LogOutputStream:75 - [STDERR_REDIRECT] WARNING: Could not lock System prefs. Unix error code 2.
2025-09-17 12:35:28,644 [ERROR] LogOutputStream:75 - [STDERR_REDIRECT] 
2025-09-17 12:35:28,644 [ERROR] LogOutputStream:75 - [STDERR_REDIRECT] Sep 17, 2025 12:35:28 PM java.util.prefs.FileSystemPreferences syncWorld
2025-09-17 12:35:28,645 [ERROR] LogOutputStream:75 - [STDERR_REDIRECT] WARNING: Couldn't flush system prefs: java.util.prefs.BackingStoreException: Couldn't get file lock.
2025-09-17 12:35:28,645 [ERROR] LogOutputStream:75 - [STDERR_REDIRECT] 
2025-09-17 12:35:58,643 [ERROR] LogOutputStream:75 - [STDERR_REDIRECT] Sep 17, 2025 12:35:58 PM java.util.prefs.FileSystemPreferences checkLockFile0ErrorCode
2025-09-17 12:35:58,643 [ERROR] LogOutputStream:75 - [STDERR_REDIRECT] WARNING: Could not lock System prefs. Unix error code 2.
2025-09-17 12:35:58,644 [ERROR] LogOutputStream:75 - [STDERR_REDIRECT] 
2025-09-17 12:35:58,644 [ERROR] LogOutputStream:75 - [STDERR_REDIRECT] Sep 17, 2025 12:35:58 PM java.util.prefs.FileSystemPreferences syncWorld
2025-09-17 12:35:58,644 [ERROR] LogOutputStream:75 - [STDERR_REDIRECT] WARNING: Couldn't flush system prefs: java.util.prefs.BackingStoreException: Couldn't get file lock.
2025-09-17 12:35:58,644 [ERROR] LogOutputStream:75 - [STDERR_REDIRECT] 
2025-09-17 12:36:28,644 [ERROR] LogOutputStream:75 - [STDERR_REDIRECT] Sep 17, 2025 12:36:28 PM java.util.prefs.FileSystemPreferences checkLockFile0ErrorCode
2025-09-17 12:36:28,644 [ERROR] LogOutputStream:75 - [STDERR_REDIRECT] WARNING: Could not lock System prefs. Unix error code 2.
2025-09-17 12:36:28,644 [ERROR] LogOutputStream:75 - [STDERR_REDIRECT] 
2025-09-17 12:36:28,644 [ERROR] LogOutputStream:75 - [STDERR_REDIRECT] Sep 17, 2025 12:36:28 PM java.util.prefs.FileSystemPreferences syncWorld
2025-09-17 12:36:28,644 [ERROR] LogOutputStream:75 - [STDERR_REDIRECT] WARNING: Couldn't flush system prefs: java.util.prefs.BackingStoreException: Couldn't get file lock.
2025-09-17 12:36:28,644 [ERROR] LogOutputStream:75 - [STDERR_REDIRECT] 
2025-09-17 12:36:58,644 [ERROR] LogOutputStream:75 - [STDERR_REDIRECT] Sep 17, 2025 12:36:58 PM java.util.prefs.FileSystemPreferences checkLockFile0ErrorCode
2025-09-17 12:36:58,644 [ERROR] LogOutputStream:75 - [STDERR_REDIRECT] WARNING: Could not lock System prefs. Unix error code 2.
2025-09-17 12:36:58,644 [ERROR] LogOutputStream:75 - [STDERR_REDIRECT] 
2025-09-17 12:36:58,644 [ERROR] LogOutputStream:75 - [STDERR_REDIRECT] Sep 17, 2025 12:36:58 PM java.util.prefs.FileSystemPreferences syncWorld
2025-09-17 12:36:58,645 [ERROR] LogOutputStream:75 - [STDERR_REDIRECT] WARNING: Couldn't flush system prefs: java.util.prefs.BackingStoreException: Couldn't get file lock.
2025-09-17 12:36:58,645 [ERROR] LogOutputStream:75 - [STDERR_REDIRECT] 
2025-09-17 12:37:28,643 [ERROR] LogOutputStream:75 - [STDERR_REDIRECT] Sep 17, 2025 12:37:28 PM java.util.prefs.FileSystemPreferences checkLockFile0ErrorCode
2025-09-17 12:37:28,643 [ERROR] LogOutputStream:75 - [STDERR_REDIRECT] WARNING: Could not lock System prefs. Unix error code 2.
2025-09-17 12:37:28,643 [ERROR] LogOutputStream:75 - [STDERR_REDIRECT] 
2025-09-17 12:37:28,644 [ERROR] LogOutputStream:75 - [STDERR_REDIRECT] Sep 17, 2025 12:37:28 PM java.util.prefs.FileSystemPreferences syncWorld
2025-09-17 12:37:28,644 [ERROR] LogOutputStream:75 - [STDERR_REDIRECT] WARNING: Couldn't flush system prefs: java.util.prefs.BackingStoreException: Couldn't get file lock.
2025-09-17 12:37:28,644 [ERROR] LogOutputStream:75 - [STDERR_REDIRECT] 
2025-09-17 12:37:58,644 [ERROR] LogOutputStream:75 - [STDERR_REDIRECT] Sep 17, 2025 12:37:58 PM java.util.prefs.FileSystemPreferences checkLockFile0ErrorCode
2025-09-17 12:37:58,644 [ERROR] LogOutputStream:75 - [STDERR_REDIRECT] WARNING: Could not lock System prefs. Unix error code 2.
2025-09-17 12:37:58,644 [ERROR] LogOutputStream:75 - [STDERR_REDIRECT] 
2025-09-17 12:37:58,645 [ERROR] LogOutputStream:75 - [STDERR_REDIRECT] Sep 17, 2025 12:37:58 PM java.util.prefs.FileSystemPreferences syncWorld
2025-09-17 12:37:58,645 [ERROR] LogOutputStream:75 - [STDERR_REDIRECT] WARNING: Couldn't flush system prefs: java.util.prefs.BackingStoreException: Couldn't get file lock.
2025-09-17 12:37:58,645 [ERROR] LogOutputStream:75 - [STDERR_REDIRECT] 
2025-09-17 12:38:28,644 [ERROR] LogOutputStream:75 - [STDERR_REDIRECT] Sep 17, 2025 12:38:28 PM java.util.prefs.FileSystemPreferences checkLockFile0ErrorCode
2025-09-17 12:38:28,645 [ERROR] LogOutputStream:75 - [STDERR_REDIRECT] WARNING: Could not lock System prefs. Unix error code 2.
2025-09-17 12:38:28,645 [ERROR] LogOutputStream:75 - [STDERR_REDIRECT] 
2025-09-17 12:38:28,645 [ERROR] LogOutputStream:75 - [STDERR_REDIRECT] Sep 17, 2025 12:38:28 PM java.util.prefs.FileSystemPreferences syncWorld
2025-09-17 12:38:28,645 [ERROR] LogOutputStream:75 - [STDERR_REDIRECT] WARNING: Couldn't flush system prefs: java.util.prefs.BackingStoreException: Couldn't get file lock.
2025-09-17 12:38:28,645 [ERROR] LogOutputStream:75 - [STDERR_REDIRECT] 
2025-09-17 12:38:58,644 [ERROR] LogOutputStream:75 - [STDERR_REDIRECT] Sep 17, 2025 12:38:58 PM java.util.prefs.FileSystemPreferences checkLockFile0ErrorCode
2025-09-17 12:38:58,644 [ERROR] LogOutputStream:75 - [STDERR_REDIRECT] WARNING: Could not lock System prefs. Unix error code 2.
2025-09-17 12:38:58,644 [ERROR] LogOutputStream:75 - [STDERR_REDIRECT] 
2025-09-17 12:38:58,644 [ERROR] LogOutputStream:75 - [STDERR_REDIRECT] Sep 17, 2025 12:38:58 PM java.util.prefs.FileSystemPreferences syncWorld
2025-09-17 12:38:58,644 [ERROR] LogOutputStream:75 - [STDERR_REDIRECT] WARNING: Couldn't flush system prefs: java.util.prefs.BackingStoreException: Couldn't get file lock.
2025-09-17 12:38:58,644 [ERROR] LogOutputStream:75 - [STDERR_REDIRECT] 
2025-09-17 12:39:28,644 [ERROR] LogOutputStream:75 - [STDERR_REDIRECT] Sep 17, 2025 12:39:28 PM java.util.prefs.FileSystemPreferences checkLockFile0ErrorCode
2025-09-17 12:39:28,644 [ERROR] LogOutputStream:75 - [STDERR_REDIRECT] WARNING: Could not lock System prefs. Unix error code 2.
2025-09-17 12:39:28,644 [ERROR] LogOutputStream:75 - [STDERR_REDIRECT] 
2025-09-17 12:39:28,644 [ERROR] LogOutputStream:75 - [STDERR_REDIRECT] Sep 17, 2025 12:39:28 PM java.util.prefs.FileSystemPreferences syncWorld
2025-09-17 12:39:28,644 [ERROR] LogOutputStream:75 - [STDERR_REDIRECT] WARNING: Couldn't flush system prefs: java.util.prefs.BackingStoreException: Couldn't get file lock.
2025-09-17 12:39:28,644 [ERROR] LogOutputStream:75 - [STDERR_REDIRECT] 
2025-09-17 12:39:58,644 [ERROR] LogOutputStream:75 - [STDERR_REDIRECT] Sep 17, 2025 12:39:58 PM java.util.prefs.FileSystemPreferences checkLockFile0ErrorCode
2025-09-17 12:39:58,644 [ERROR] LogOutputStream:75 - [STDERR_REDIRECT] WARNING: Could not lock System prefs. Unix error code 2.
2025-09-17 12:39:58,644 [ERROR] LogOutputStream:75 - [STDERR_REDIRECT] 
2025-09-17 12:39:58,644 [ERROR] LogOutputStream:75 - [STDERR_REDIRECT] Sep 17, 2025 12:39:58 PM java.util.prefs.FileSystemPreferences syncWorld
2025-09-17 12:39:58,645 [ERROR] LogOutputStream:75 - [STDERR_REDIRECT] WARNING: Couldn't flush system prefs: java.util.prefs.BackingStoreException: Couldn't get file lock.
2025-09-17 12:39:58,645 [ERROR] LogOutputStream:75 - [STDERR_REDIRECT] 
2025-09-17 12:40:28,643 [ERROR] LogOutputStream:75 - [STDERR_REDIRECT] Sep 17, 2025 12:40:28 PM java.util.prefs.FileSystemPreferences checkLockFile0ErrorCode
2025-09-17 12:40:28,643 [ERROR] LogOutputStream:75 - [STDERR_REDIRECT] WARNING: Could not lock System prefs. Unix error code 2.
2025-09-17 12:40:28,644 [ERROR] LogOutputStream:75 - [STDERR_REDIRECT] 
2025-09-17 12:40:28,644 [ERROR] LogOutputStream:75 - [STDERR_REDIRECT] Sep 17, 2025 12:40:28 PM java.util.prefs.FileSystemPreferences syncWorld
2025-09-17 12:40:28,644 [ERROR] LogOutputStream:75 - [STDERR_REDIRECT] WARNING: Couldn't flush system prefs: java.util.prefs.BackingStoreException: Couldn't get file lock.
2025-09-17 12:40:28,644 [ERROR] LogOutputStream:75 - [STDERR_REDIRECT] 
2025-09-17 12:40:58,644 [ERROR] LogOutputStream:75 - [STDERR_REDIRECT] Sep 17, 2025 12:40:58 PM java.util.prefs.FileSystemPreferences checkLockFile0ErrorCode
2025-09-17 12:40:58,644 [ERROR] LogOutputStream:75 - [STDERR_REDIRECT] WARNING: Could not lock System prefs. Unix error code 2.
2025-09-17 12:40:58,644 [ERROR] LogOutputStream:75 - [STDERR_REDIRECT] 
2025-09-17 12:40:58,644 [ERROR] LogOutputStream:75 - [STDERR_REDIRECT] Sep 17, 2025 12:40:58 PM java.util.prefs.FileSystemPreferences syncWorld
2025-09-17 12:40:58,645 [ERROR] LogOutputStream:75 - [STDERR_REDIRECT] WARNING: Couldn't flush system prefs: java.util.prefs.BackingStoreException: Couldn't get file lock.
2025-09-17 12:40:58,645 [ERROR] LogOutputStream:75 - [STDERR_REDIRECT] 
2025-09-17 12:41:28,643 [ERROR] LogOutputStream:75 - [STDERR_REDIRECT] Sep 17, 2025 12:41:28 PM java.util.prefs.FileSystemPreferences checkLockFile0ErrorCode
2025-09-17 12:41:28,643 [ERROR] LogOutputStream:75 - [STDERR_REDIRECT] WARNING: Could not lock System prefs. Unix error code 2.
2025-09-17 12:41:28,643 [ERROR] LogOutputStream:75 - [STDERR_REDIRECT] 
2025-09-17 12:41:28,644 [ERROR] LogOutputStream:75 - [STDERR_REDIRECT] Sep 17, 2025 12:41:28 PM java.util.prefs.FileSystemPreferences syncWorld
2025-09-17 12:41:28,644 [ERROR] LogOutputStream:75 - [STDERR_REDIRECT] WARNING: Couldn't flush system prefs: java.util.prefs.BackingStoreException: Couldn't get file lock.
2025-09-17 12:41:28,644 [ERROR] LogOutputStream:75 - [STDERR_REDIRECT] 
2025-09-17 12:41:58,644 [ERROR] LogOutputStream:75 - [STDERR_REDIRECT] Sep 17, 2025 12:41:58 PM java.util.prefs.FileSystemPreferences checkLockFile0ErrorCode
2025-09-17 12:41:58,644 [ERROR] LogOutputStream:75 - [STDERR_REDIRECT] WARNING: Could not lock System prefs. Unix error code 2.
2025-09-17 12:41:58,644 [ERROR] LogOutputStream:75 - [STDERR_REDIRECT] 
2025-09-17 12:41:58,644 [ERROR] LogOutputStream:75 - [STDERR_REDIRECT] Sep 17, 2025 12:41:58 PM java.util.prefs.FileSystemPreferences syncWorld
2025-09-17 12:41:58,644 [ERROR] LogOutputStream:75 - [STDERR_REDIRECT] WARNING: Couldn't flush system prefs: java.util.prefs.BackingStoreException: Couldn't get file lock.
2025-09-17 12:41:58,644 [ERROR] LogOutputStream:75 - [STDERR_REDIRECT] 
2025-09-17 12:42:28,644 [ERROR] LogOutputStream:75 - [STDERR_REDIRECT] Sep 17, 2025 12:42:28 PM java.util.prefs.FileSystemPreferences checkLockFile0ErrorCode
2025-09-17 12:42:28,645 [ERROR] LogOutputStream:75 - [STDERR_REDIRECT] WARNING: Could not lock System prefs. Unix error code 2.
2025-09-17 12:42:28,645 [ERROR] LogOutputStream:75 - [STDERR_REDIRECT] 
2025-09-17 12:42:28,645 [ERROR] LogOutputStream:75 - [STDERR_REDIRECT] Sep 17, 2025 12:42:28 PM java.util.prefs.FileSystemPreferences syncWorld
2025-09-17 12:42:28,645 [ERROR] LogOutputStream:75 - [STDERR_REDIRECT] WARNING: Couldn't flush system prefs: java.util.prefs.BackingStoreException: Couldn't get file lock.
2025-09-17 12:42:28,645 [ERROR] LogOutputStream:75 - [STDERR_REDIRECT] 
2025-09-17 12:42:58,645 [ERROR] LogOutputStream:75 - [STDERR_REDIRECT] Sep 17, 2025 12:42:58 PM java.util.prefs.FileSystemPreferences checkLockFile0ErrorCode
2025-09-17 12:42:58,645 [ERROR] LogOutputStream:75 - [STDERR_REDIRECT] WARNING: Could not lock System prefs. Unix error code 2.
2025-09-17 12:42:58,645 [ERROR] LogOutputStream:75 - [STDERR_REDIRECT] 
2025-09-17 12:42:58,645 [ERROR] LogOutputStream:75 - [STDERR_REDIRECT] Sep 17, 2025 12:42:58 PM java.util.prefs.FileSystemPreferences syncWorld
2025-09-17 12:42:58,645 [ERROR] LogOutputStream:75 - [STDERR_REDIRECT] WARNING: Couldn't flush system prefs: java.util.prefs.BackingStoreException: Couldn't get file lock.
2025-09-17 12:42:58,645 [ERROR] LogOutputStream:75 - [STDERR_REDIRECT] 
2025-09-17 12:43:28,645 [ERROR] LogOutputStream:75 - [STDERR_REDIRECT] Sep 17, 2025 12:43:28 PM java.util.prefs.FileSystemPreferences checkLockFile0ErrorCode
2025-09-17 12:43:28,645 [ERROR] LogOutputStream:75 - [STDERR_REDIRECT] WARNING: Could not lock System prefs. Unix error code 2.
2025-09-17 12:43:28,645 [ERROR] LogOutputStream:75 - [STDERR_REDIRECT] 
2025-09-17 12:43:28,645 [ERROR] LogOutputStream:75 - [STDERR_REDIRECT] Sep 17, 2025 12:43:28 PM java.util.prefs.FileSystemPreferences syncWorld
2025-09-17 12:43:28,645 [ERROR] LogOutputStream:75 - [STDERR_REDIRECT] WARNING: Couldn't flush system prefs: java.util.prefs.BackingStoreException: Couldn't get file lock.
2025-09-17 12:43:28,645 [ERROR] LogOutputStream:75 - [STDERR_REDIRECT] 
2025-09-17 12:43:58,644 [ERROR] LogOutputStream:75 - [STDERR_REDIRECT] Sep 17, 2025 12:43:58 PM java.util.prefs.FileSystemPreferences checkLockFile0ErrorCode
2025-09-17 12:43:58,644 [ERROR] LogOutputStream:75 - [STDERR_REDIRECT] WARNING: Could not lock System prefs. Unix error code 2.
2025-09-17 12:43:58,644 [ERROR] LogOutputStream:75 - [STDERR_REDIRECT] 
2025-09-17 12:43:58,644 [ERROR] LogOutputStream:75 - [STDERR_REDIRECT] Sep 17, 2025 12:43:58 PM java.util.prefs.FileSystemPreferences syncWorld
2025-09-17 12:43:58,644 [ERROR] LogOutputStream:75 - [STDERR_REDIRECT] WARNING: Couldn't flush system prefs: java.util.prefs.BackingStoreException: Couldn't get file lock.
2025-09-17 12:43:58,644 [ERROR] LogOutputStream:75 - [STDERR_REDIRECT] 
2025-09-17 12:44:28,645 [ERROR] LogOutputStream:75 - [STDERR_REDIRECT] Sep 17, 2025 12:44:28 PM java.util.prefs.FileSystemPreferences checkLockFile0ErrorCode
2025-09-17 12:44:28,645 [ERROR] LogOutputStream:75 - [STDERR_REDIRECT] WARNING: Could not lock System prefs. Unix error code 2.
2025-09-17 12:44:28,645 [ERROR] LogOutputStream:75 - [STDERR_REDIRECT] 
2025-09-17 12:44:28,645 [ERROR] LogOutputStream:75 - [STDERR_REDIRECT] Sep 17, 2025 12:44:28 PM java.util.prefs.FileSystemPreferences syncWorld
2025-09-17 12:44:28,645 [ERROR] LogOutputStream:75 - [STDERR_REDIRECT] WARNING: Couldn't flush system prefs: java.util.prefs.BackingStoreException: Couldn't get file lock.
2025-09-17 12:44:28,645 [ERROR] LogOutputStream:75 - [STDERR_REDIRECT] 
2025-09-17 12:44:58,646 [ERROR] LogOutputStream:75 - [STDERR_REDIRECT] Sep 17, 2025 12:44:58 PM java.util.prefs.FileSystemPreferences checkLockFile0ErrorCode
2025-09-17 12:44:58,646 [ERROR] LogOutputStream:75 - [STDERR_REDIRECT] WARNING: Could not lock System prefs. Unix error code 2.
2025-09-17 12:44:58,646 [ERROR] LogOutputStream:75 - [STDERR_REDIRECT] 
2025-09-17 12:44:58,646 [ERROR] LogOutputStream:75 - [STDERR_REDIRECT] Sep 17, 2025 12:44:58 PM java.util.prefs.FileSystemPreferences syncWorld
2025-09-17 12:44:58,646 [ERROR] LogOutputStream:75 - [STDERR_REDIRECT] WARNING: Couldn't flush system prefs: java.util.prefs.BackingStoreException: Couldn't get file lock.
2025-09-17 12:44:58,646 [ERROR] LogOutputStream:75 - [STDERR_REDIRECT] 
2025-09-17 12:45:28,647 [ERROR] LogOutputStream:75 - [STDERR_REDIRECT] Sep 17, 2025 12:45:28 PM java.util.prefs.FileSystemPreferences checkLockFile0ErrorCode
2025-09-17 12:45:28,647 [ERROR] LogOutputStream:75 - [STDERR_REDIRECT] WARNING: Could not lock System prefs. Unix error code 2.
2025-09-17 12:45:28,647 [ERROR] LogOutputStream:75 - [STDERR_REDIRECT] 
2025-09-17 12:45:28,647 [ERROR] LogOutputStream:75 - [STDERR_REDIRECT] Sep 17, 2025 12:45:28 PM java.util.prefs.FileSystemPreferences syncWorld
2025-09-17 12:45:28,647 [ERROR] LogOutputStream:75 - [STDERR_REDIRECT] WARNING: Couldn't flush system prefs: java.util.prefs.BackingStoreException: Couldn't get file lock.
2025-09-17 12:45:28,647 [ERROR] LogOutputStream:75 - [STDERR_REDIRECT] 
2025-09-17 12:45:58,647 [ERROR] LogOutputStream:75 - [STDERR_REDIRECT] Sep 17, 2025 12:45:58 PM java.util.prefs.FileSystemPreferences checkLockFile0ErrorCode
2025-09-17 12:45:58,647 [ERROR] LogOutputStream:75 - [STDERR_REDIRECT] WARNING: Could not lock System prefs. Unix error code 2.
2025-09-17 12:45:58,647 [ERROR] LogOutputStream:75 - [STDERR_REDIRECT] 
2025-09-17 12:45:58,647 [ERROR] LogOutputStream:75 - [STDERR_REDIRECT] Sep 17, 2025 12:45:58 PM java.util.prefs.FileSystemPreferences syncWorld
2025-09-17 12:45:58,647 [ERROR] LogOutputStream:75 - [STDERR_REDIRECT] WARNING: Couldn't flush system prefs: java.util.prefs.BackingStoreException: Couldn't get file lock.
2025-09-17 12:45:58,647 [ERROR] LogOutputStream:75 - [STDERR_REDIRECT] 
2025-09-17 12:46:28,647 [ERROR] LogOutputStream:75 - [STDERR_REDIRECT] Sep 17, 2025 12:46:28 PM java.util.prefs.FileSystemPreferences checkLockFile0ErrorCode
2025-09-17 12:46:28,647 [ERROR] LogOutputStream:75 - [STDERR_REDIRECT] WARNING: Could not lock System prefs. Unix error code 2.
2025-09-17 12:46:28,647 [ERROR] LogOutputStream:75 - [STDERR_REDIRECT] 
2025-09-17 12:46:28,647 [ERROR] LogOutputStream:75 - [STDERR_REDIRECT] Sep 17, 2025 12:46:28 PM java.util.prefs.FileSystemPreferences syncWorld
2025-09-17 12:46:28,647 [ERROR] LogOutputStream:75 - [STDERR_REDIRECT] WARNING: Couldn't flush system prefs: java.util.prefs.BackingStoreException: Couldn't get file lock.
2025-09-17 12:46:28,648 [ERROR] LogOutputStream:75 - [STDERR_REDIRECT] 
2025-09-17 12:46:58,646 [ERROR] LogOutputStream:75 - [STDERR_REDIRECT] Sep 17, 2025 12:46:58 PM java.util.prefs.FileSystemPreferences checkLockFile0ErrorCode
2025-09-17 12:46:58,646 [ERROR] LogOutputStream:75 - [STDERR_REDIRECT] WARNING: Could not lock System prefs. Unix error code 2.
2025-09-17 12:46:58,646 [ERROR] LogOutputStream:75 - [STDERR_REDIRECT] 
2025-09-17 12:46:58,646 [ERROR] LogOutputStream:75 - [STDERR_REDIRECT] Sep 17, 2025 12:46:58 PM java.util.prefs.FileSystemPreferences syncWorld
2025-09-17 12:46:58,646 [ERROR] LogOutputStream:75 - [STDERR_REDIRECT] WARNING: Couldn't flush system prefs: java.util.prefs.BackingStoreException: Couldn't get file lock.
2025-09-17 12:46:58,647 [ERROR] LogOutputStream:75 - [STDERR_REDIRECT] 
2025-09-17 12:47:28,646 [ERROR] LogOutputStream:75 - [STDERR_REDIRECT] Sep 17, 2025 12:47:28 PM java.util.prefs.FileSystemPreferences checkLockFile0ErrorCode
2025-09-17 12:47:28,647 [ERROR] LogOutputStream:75 - [STDERR_REDIRECT] WARNING: Could not lock System prefs. Unix error code 2.
2025-09-17 12:47:28,647 [ERROR] LogOutputStream:75 - [STDERR_REDIRECT] 
2025-09-17 12:47:28,647 [ERROR] LogOutputStream:75 - [STDERR_REDIRECT] Sep 17, 2025 12:47:28 PM java.util.prefs.FileSystemPreferences syncWorld
2025-09-17 12:47:28,647 [ERROR] LogOutputStream:75 - [STDERR_REDIRECT] WARNING: Couldn't flush system prefs: java.util.prefs.BackingStoreException: Couldn't get file lock.
2025-09-17 12:47:28,647 [ERROR] LogOutputStream:75 - [STDERR_REDIRECT] 
2025-09-17 12:47:58,647 [ERROR] LogOutputStream:75 - [STDERR_REDIRECT] Sep 17, 2025 12:47:58 PM java.util.prefs.FileSystemPreferences checkLockFile0ErrorCode
2025-09-17 12:47:58,647 [ERROR] LogOutputStream:75 - [STDERR_REDIRECT] WARNING: Could not lock System prefs. Unix error code 2.
2025-09-17 12:47:58,647 [ERROR] LogOutputStream:75 - [STDERR_REDIRECT] 
2025-09-17 12:47:58,647 [ERROR] LogOutputStream:75 - [STDERR_REDIRECT] Sep 17, 2025 12:47:58 PM java.util.prefs.FileSystemPreferences syncWorld
2025-09-17 12:47:58,647 [ERROR] LogOutputStream:75 - [STDERR_REDIRECT] WARNING: Couldn't flush system prefs: java.util.prefs.BackingStoreException: Couldn't get file lock.
2025-09-17 12:47:58,647 [ERROR] LogOutputStream:75 - [STDERR_REDIRECT] 
2025-09-17 12:48:28,647 [ERROR] LogOutputStream:75 - [STDERR_REDIRECT] Sep 17, 2025 12:48:28 PM java.util.prefs.FileSystemPreferences checkLockFile0ErrorCode
2025-09-17 12:48:28,647 [ERROR] LogOutputStream:75 - [STDERR_REDIRECT] WARNING: Could not lock System prefs. Unix error code 2.
2025-09-17 12:48:28,647 [ERROR] LogOutputStream:75 - [STDERR_REDIRECT] 
2025-09-17 12:48:28,647 [ERROR] LogOutputStream:75 - [STDERR_REDIRECT] Sep 17, 2025 12:48:28 PM java.util.prefs.FileSystemPreferences syncWorld
2025-09-17 12:48:28,647 [ERROR] LogOutputStream:75 - [STDERR_REDIRECT] WARNING: Couldn't flush system prefs: java.util.prefs.BackingStoreException: Couldn't get file lock.
2025-09-17 12:48:28,648 [ERROR] LogOutputStream:75 - [STDERR_REDIRECT] 
2025-09-17 12:48:58,648 [ERROR] LogOutputStream:75 - [STDERR_REDIRECT] Sep 17, 2025 12:48:58 PM java.util.prefs.FileSystemPreferences checkLockFile0ErrorCode
2025-09-17 12:48:58,648 [ERROR] LogOutputStream:75 - [STDERR_REDIRECT] WARNING: Could not lock System prefs. Unix error code 2.
2025-09-17 12:48:58,648 [ERROR] LogOutputStream:75 - [STDERR_REDIRECT] 
2025-09-17 12:48:58,648 [ERROR] LogOutputStream:75 - [STDERR_REDIRECT] Sep 17, 2025 12:48:58 PM java.util.prefs.FileSystemPreferences syncWorld
2025-09-17 12:48:58,649 [ERROR] LogOutputStream:75 - [STDERR_REDIRECT] WARNING: Couldn't flush system prefs: java.util.prefs.BackingStoreException: Couldn't get file lock.
2025-09-17 12:48:58,649 [ERROR] LogOutputStream:75 - [STDERR_REDIRECT] 
2025-09-17 12:49:28,647 [ERROR] LogOutputStream:75 - [STDERR_REDIRECT] Sep 17, 2025 12:49:28 PM java.util.prefs.FileSystemPreferences checkLockFile0ErrorCode
2025-09-17 12:49:28,647 [ERROR] LogOutputStream:75 - [STDERR_REDIRECT] WARNING: Could not lock System prefs. Unix error code 2.
2025-09-17 12:49:28,647 [ERROR] LogOutputStream:75 - [STDERR_REDIRECT] 
2025-09-17 12:49:28,647 [ERROR] LogOutputStream:75 - [STDERR_REDIRECT] Sep 17, 2025 12:49:28 PM java.util.prefs.FileSystemPreferences syncWorld
2025-09-17 12:49:28,647 [ERROR] LogOutputStream:75 - [STDERR_REDIRECT] WARNING: Couldn't flush system prefs: java.util.prefs.BackingStoreException: Couldn't get file lock.
2025-09-17 12:49:28,647 [ERROR] LogOutputStream:75 - [STDERR_REDIRECT] 
2025-09-17 12:49:58,646 [ERROR] LogOutputStream:75 - [STDERR_REDIRECT] Sep 17, 2025 12:49:58 PM java.util.prefs.FileSystemPreferences checkLockFile0ErrorCode
2025-09-17 12:49:58,646 [ERROR] LogOutputStream:75 - [STDERR_REDIRECT] WARNING: Could not lock System prefs. Unix error code 2.
2025-09-17 12:49:58,646 [ERROR] LogOutputStream:75 - [STDERR_REDIRECT] 
2025-09-17 12:49:58,647 [ERROR] LogOutputStream:75 - [STDERR_REDIRECT] Sep 17, 2025 12:49:58 PM java.util.prefs.FileSystemPreferences syncWorld
2025-09-17 12:49:58,647 [ERROR] LogOutputStream:75 - [STDERR_REDIRECT] WARNING: Couldn't flush system prefs: java.util.prefs.BackingStoreException: Couldn't get file lock.
2025-09-17 12:49:58,647 [ERROR] LogOutputStream:75 - [STDERR_REDIRECT] 
2025-09-17 12:50:28,646 [ERROR] LogOutputStream:75 - [STDERR_REDIRECT] Sep 17, 2025 12:50:28 PM java.util.prefs.FileSystemPreferences checkLockFile0ErrorCode
2025-09-17 12:50:28,647 [ERROR] LogOutputStream:75 - [STDERR_REDIRECT] WARNING: Could not lock System prefs. Unix error code 2.
2025-09-17 12:50:28,647 [ERROR] LogOutputStream:75 - [STDERR_REDIRECT] 
2025-09-17 12:50:28,647 [ERROR] LogOutputStream:75 - [STDERR_REDIRECT] Sep 17, 2025 12:50:28 PM java.util.prefs.FileSystemPreferences syncWorld
2025-09-17 12:50:28,647 [ERROR] LogOutputStream:75 - [STDERR_REDIRECT] WARNING: Couldn't flush system prefs: java.util.prefs.BackingStoreException: Couldn't get file lock.
2025-09-17 12:50:28,647 [ERROR] LogOutputStream:75 - [STDERR_REDIRECT] 
2025-09-17 12:50:58,648 [ERROR] LogOutputStream:75 - [STDERR_REDIRECT] Sep 17, 2025 12:50:58 PM java.util.prefs.FileSystemPreferences checkLockFile0ErrorCode
2025-09-17 12:50:58,648 [ERROR] LogOutputStream:75 - [STDERR_REDIRECT] WARNING: Could not lock System prefs. Unix error code 2.
2025-09-17 12:50:58,648 [ERROR] LogOutputStream:75 - [STDERR_REDIRECT] 
2025-09-17 12:50:58,648 [ERROR] LogOutputStream:75 - [STDERR_REDIRECT] Sep 17, 2025 12:50:58 PM java.util.prefs.FileSystemPreferences syncWorld
2025-09-17 12:50:58,648 [ERROR] LogOutputStream:75 - [STDERR_REDIRECT] WARNING: Couldn't flush system prefs: java.util.prefs.BackingStoreException: Couldn't get file lock.
2025-09-17 12:50:58,648 [ERROR] LogOutputStream:75 - [STDERR_REDIRECT] 
2025-09-17 12:51:28,647 [ERROR] LogOutputStream:75 - [STDERR_REDIRECT] Sep 17, 2025 12:51:28 PM java.util.prefs.FileSystemPreferences checkLockFile0ErrorCode
2025-09-17 12:51:28,647 [ERROR] LogOutputStream:75 - [STDERR_REDIRECT] WARNING: Could not lock System prefs. Unix error code 2.
2025-09-17 12:51:28,647 [ERROR] LogOutputStream:75 - [STDERR_REDIRECT] 
2025-09-17 12:51:28,648 [ERROR] LogOutputStream:75 - [STDERR_REDIRECT] Sep 17, 2025 12:51:28 PM java.util.prefs.FileSystemPreferences syncWorld
2025-09-17 12:51:28,648 [ERROR] LogOutputStream:75 - [STDERR_REDIRECT] WARNING: Couldn't flush system prefs: java.util.prefs.BackingStoreException: Couldn't get file lock.
2025-09-17 12:51:28,648 [ERROR] LogOutputStream:75 - [STDERR_REDIRECT] 
2025-09-17 12:51:58,646 [ERROR] LogOutputStream:75 - [STDERR_REDIRECT] Sep 17, 2025 12:51:58 PM java.util.prefs.FileSystemPreferences checkLockFile0ErrorCode
2025-09-17 12:51:58,647 [ERROR] LogOutputStream:75 - [STDERR_REDIRECT] WARNING: Could not lock System prefs. Unix error code 2.
2025-09-17 12:51:58,647 [ERROR] LogOutputStream:75 - [STDERR_REDIRECT] 
2025-09-17 12:51:58,647 [ERROR] LogOutputStream:75 - [STDERR_REDIRECT] Sep 17, 2025 12:51:58 PM java.util.prefs.FileSystemPreferences syncWorld
2025-09-17 12:51:58,647 [ERROR] LogOutputStream:75 - [STDERR_REDIRECT] WARNING: Couldn't flush system prefs: java.util.prefs.BackingStoreException: Couldn't get file lock.
2025-09-17 12:51:58,647 [ERROR] LogOutputStream:75 - [STDERR_REDIRECT] 
2025-09-17 12:52:28,647 [ERROR] LogOutputStream:75 - [STDERR_REDIRECT] Sep 17, 2025 12:52:28 PM java.util.prefs.FileSystemPreferences checkLockFile0ErrorCode
2025-09-17 12:52:28,647 [ERROR] LogOutputStream:75 - [STDERR_REDIRECT] WARNING: Could not lock System prefs. Unix error code 2.
2025-09-17 12:52:28,648 [ERROR] LogOutputStream:75 - [STDERR_REDIRECT] 
2025-09-17 12:52:28,648 [ERROR] LogOutputStream:75 - [STDERR_REDIRECT] Sep 17, 2025 12:52:28 PM java.util.prefs.FileSystemPreferences syncWorld
2025-09-17 12:52:28,648 [ERROR] LogOutputStream:75 - [STDERR_REDIRECT] WARNING: Couldn't flush system prefs: java.util.prefs.BackingStoreException: Couldn't get file lock.
2025-09-17 12:52:28,648 [ERROR] LogOutputStream:75 - [STDERR_REDIRECT] 
2025-09-17 12:52:58,648 [ERROR] LogOutputStream:75 - [STDERR_REDIRECT] Sep 17, 2025 12:52:58 PM java.util.prefs.FileSystemPreferences checkLockFile0ErrorCode
2025-09-17 12:52:58,648 [ERROR] LogOutputStream:75 - [STDERR_REDIRECT] WARNING: Could not lock System prefs. Unix error code 2.
2025-09-17 12:52:58,648 [ERROR] LogOutputStream:75 - [STDERR_REDIRECT] 
2025-09-17 12:52:58,648 [ERROR] LogOutputStream:75 - [STDERR_REDIRECT] Sep 17, 2025 12:52:58 PM java.util.prefs.FileSystemPreferences syncWorld
2025-09-17 12:52:58,648 [ERROR] LogOutputStream:75 - [STDERR_REDIRECT] WARNING: Couldn't flush system prefs: java.util.prefs.BackingStoreException: Couldn't get file lock.
2025-09-17 12:52:58,648 [ERROR] LogOutputStream:75 - [STDERR_REDIRECT] 
2025-09-17 12:53:28,649 [ERROR] LogOutputStream:75 - [STDERR_REDIRECT] Sep 17, 2025 12:53:28 PM java.util.prefs.FileSystemPreferences checkLockFile0ErrorCode
2025-09-17 12:53:28,650 [ERROR] LogOutputStream:75 - [STDERR_REDIRECT] WARNING: Could not lock System prefs. Unix error code 2.
2025-09-17 12:53:28,650 [ERROR] LogOutputStream:75 - [STDERR_REDIRECT] 
2025-09-17 12:53:28,650 [ERROR] LogOutputStream:75 - [STDERR_REDIRECT] Sep 17, 2025 12:53:28 PM java.util.prefs.FileSystemPreferences syncWorld
2025-09-17 12:53:28,650 [ERROR] LogOutputStream:75 - [STDERR_REDIRECT] WARNING: Couldn't flush system prefs: java.util.prefs.BackingStoreException: Couldn't get file lock.
2025-09-17 12:53:28,650 [ERROR] LogOutputStream:75 - [STDERR_REDIRECT] 
2025-09-17 12:53:58,649 [ERROR] LogOutputStream:75 - [STDERR_REDIRECT] Sep 17, 2025 12:53:58 PM java.util.prefs.FileSystemPreferences checkLockFile0ErrorCode
2025-09-17 12:53:58,649 [ERROR] LogOutputStream:75 - [STDERR_REDIRECT] WARNING: Could not lock System prefs. Unix error code 2.
2025-09-17 12:53:58,649 [ERROR] LogOutputStream:75 - [STDERR_REDIRECT] 
2025-09-17 12:53:58,649 [ERROR] LogOutputStream:75 - [STDERR_REDIRECT] Sep 17, 2025 12:53:58 PM java.util.prefs.FileSystemPreferences syncWorld
2025-09-17 12:53:58,649 [ERROR] LogOutputStream:75 - [STDERR_REDIRECT] WARNING: Couldn't flush system prefs: java.util.prefs.BackingStoreException: Couldn't get file lock.
2025-09-17 12:53:58,650 [ERROR] LogOutputStream:75 - [STDERR_REDIRECT] 
2025-09-17 12:54:28,648 [ERROR] LogOutputStream:75 - [STDERR_REDIRECT] Sep 17, 2025 12:54:28 PM java.util.prefs.FileSystemPreferences checkLockFile0ErrorCode
2025-09-17 12:54:28,648 [ERROR] LogOutputStream:75 - [STDERR_REDIRECT] WARNING: Could not lock System prefs. Unix error code 2.
2025-09-17 12:54:28,649 [ERROR] LogOutputStream:75 - [STDERR_REDIRECT] 
2025-09-17 12:54:28,649 [ERROR] LogOutputStream:75 - [STDERR_REDIRECT] Sep 17, 2025 12:54:28 PM java.util.prefs.FileSystemPreferences syncWorld
2025-09-17 12:54:28,649 [ERROR] LogOutputStream:75 - [STDERR_REDIRECT] WARNING: Couldn't flush system prefs: java.util.prefs.BackingStoreException: Couldn't get file lock.
2025-09-17 12:54:28,649 [ERROR] LogOutputStream:75 - [STDERR_REDIRECT] 
2025-09-17 12:54:58,649 [ERROR] LogOutputStream:75 - [STDERR_REDIRECT] Sep 17, 2025 12:54:58 PM java.util.prefs.FileSystemPreferences checkLockFile0ErrorCode
2025-09-17 12:54:58,649 [ERROR] LogOutputStream:75 - [STDERR_REDIRECT] WARNING: Could not lock System prefs. Unix error code 2.
2025-09-17 12:54:58,649 [ERROR] LogOutputStream:75 - [STDERR_REDIRECT] 
2025-09-17 12:54:58,649 [ERROR] LogOutputStream:75 - [STDERR_REDIRECT] Sep 17, 2025 12:54:58 PM java.util.prefs.FileSystemPreferences syncWorld
2025-09-17 12:54:58,649 [ERROR] LogOutputStream:75 - [STDERR_REDIRECT] WARNING: Couldn't flush system prefs: java.util.prefs.BackingStoreException: Couldn't get file lock.
2025-09-17 12:54:58,649 [ERROR] LogOutputStream:75 - [STDERR_REDIRECT] 
2025-09-17 12:55:28,649 [ERROR] LogOutputStream:75 - [STDERR_REDIRECT] Sep 17, 2025 12:55:28 PM java.util.prefs.FileSystemPreferences checkLockFile0ErrorCode
2025-09-17 12:55:28,649 [ERROR] LogOutputStream:75 - [STDERR_REDIRECT] WARNING: Could not lock System prefs. Unix error code 2.
2025-09-17 12:55:28,649 [ERROR] LogOutputStream:75 - [STDERR_REDIRECT] 
2025-09-17 12:55:28,649 [ERROR] LogOutputStream:75 - [STDERR_REDIRECT] Sep 17, 2025 12:55:28 PM java.util.prefs.FileSystemPreferences syncWorld
2025-09-17 12:55:28,649 [ERROR] LogOutputStream:75 - [STDERR_REDIRECT] WARNING: Couldn't flush system prefs: java.util.prefs.BackingStoreException: Couldn't get file lock.
2025-09-17 12:55:28,649 [ERROR] LogOutputStream:75 - [STDERR_REDIRECT] 
2025-09-17 12:55:58,649 [ERROR] LogOutputStream:75 - [STDERR_REDIRECT] Sep 17, 2025 12:55:58 PM java.util.prefs.FileSystemPreferences checkLockFile0ErrorCode
2025-09-17 12:55:58,649 [ERROR] LogOutputStream:75 - [STDERR_REDIRECT] WARNING: Could not lock System prefs. Unix error code 2.
2025-09-17 12:55:58,649 [ERROR] LogOutputStream:75 - [STDERR_REDIRECT] 
2025-09-17 12:55:58,649 [ERROR] LogOutputStream:75 - [STDERR_REDIRECT] Sep 17, 2025 12:55:58 PM java.util.prefs.FileSystemPreferences syncWorld
2025-09-17 12:55:58,650 [ERROR] LogOutputStream:75 - [STDERR_REDIRECT] WARNING: Couldn't flush system prefs: java.util.prefs.BackingStoreException: Couldn't get file lock.
2025-09-17 12:55:58,650 [ERROR] LogOutputStream:75 - [STDERR_REDIRECT] 
2025-09-17 12:56:28,648 [ERROR] LogOutputStream:75 - [STDERR_REDIRECT] Sep 17, 2025 12:56:28 PM java.util.prefs.FileSystemPreferences checkLockFile0ErrorCode
2025-09-17 12:56:28,648 [ERROR] LogOutputStream:75 - [STDERR_REDIRECT] WARNING: Could not lock System prefs. Unix error code 2.
2025-09-17 12:56:28,648 [ERROR] LogOutputStream:75 - [STDERR_REDIRECT] 
2025-09-17 12:56:28,649 [ERROR] LogOutputStream:75 - [STDERR_REDIRECT] Sep 17, 2025 12:56:28 PM java.util.prefs.FileSystemPreferences syncWorld
2025-09-17 12:56:28,649 [ERROR] LogOutputStream:75 - [STDERR_REDIRECT] WARNING: Couldn't flush system prefs: java.util.prefs.BackingStoreException: Couldn't get file lock.
2025-09-17 12:56:28,649 [ERROR] LogOutputStream:75 - [STDERR_REDIRECT] 
2025-09-17 12:56:58,648 [ERROR] LogOutputStream:75 - [STDERR_REDIRECT] Sep 17, 2025 12:56:58 PM java.util.prefs.FileSystemPreferences checkLockFile0ErrorCode
2025-09-17 12:56:58,648 [ERROR] LogOutputStream:75 - [STDERR_REDIRECT] WARNING: Could not lock System prefs. Unix error code 2.
2025-09-17 12:56:58,648 [ERROR] LogOutputStream:75 - [STDERR_REDIRECT] 
2025-09-17 12:56:58,648 [ERROR] LogOutputStream:75 - [STDERR_REDIRECT] Sep 17, 2025 12:56:58 PM java.util.prefs.FileSystemPreferences syncWorld
2025-09-17 12:56:58,648 [ERROR] LogOutputStream:75 - [STDERR_REDIRECT] WARNING: Couldn't flush system prefs: java.util.prefs.BackingStoreException: Couldn't get file lock.
2025-09-17 12:56:58,648 [ERROR] LogOutputStream:75 - [STDERR_REDIRECT] 
2025-09-17 12:57:28,649 [ERROR] LogOutputStream:75 - [STDERR_REDIRECT] Sep 17, 2025 12:57:28 PM java.util.prefs.FileSystemPreferences checkLockFile0ErrorCode
2025-09-17 12:57:28,649 [ERROR] LogOutputStream:75 - [STDERR_REDIRECT] WARNING: Could not lock System prefs. Unix error code 2.
2025-09-17 12:57:28,649 [ERROR] LogOutputStream:75 - [STDERR_REDIRECT] 
2025-09-17 12:57:28,649 [ERROR] LogOutputStream:75 - [STDERR_REDIRECT] Sep 17, 2025 12:57:28 PM java.util.prefs.FileSystemPreferences syncWorld
2025-09-17 12:57:28,649 [ERROR] LogOutputStream:75 - [STDERR_REDIRECT] WARNING: Couldn't flush system prefs: java.util.prefs.BackingStoreException: Couldn't get file lock.
2025-09-17 12:57:28,650 [ERROR] LogOutputStream:75 - [STDERR_REDIRECT] 
2025-09-17 12:57:58,648 [ERROR] LogOutputStream:75 - [STDERR_REDIRECT] Sep 17, 2025 12:57:58 PM java.util.prefs.FileSystemPreferences checkLockFile0ErrorCode
2025-09-17 12:57:58,648 [ERROR] LogOutputStream:75 - [STDERR_REDIRECT] WARNING: Could not lock System prefs. Unix error code 2.
2025-09-17 12:57:58,649 [ERROR] LogOutputStream:75 - [STDERR_REDIRECT] 
2025-09-17 12:57:58,649 [ERROR] LogOutputStream:75 - [STDERR_REDIRECT] Sep 17, 2025 12:57:58 PM java.util.prefs.FileSystemPreferences syncWorld
2025-09-17 12:57:58,649 [ERROR] LogOutputStream:75 - [STDERR_REDIRECT] WARNING: Couldn't flush system prefs: java.util.prefs.BackingStoreException: Couldn't get file lock.
2025-09-17 12:57:58,649 [ERROR] LogOutputStream:75 - [STDERR_REDIRECT] 
2025-09-17 12:58:28,649 [ERROR] LogOutputStream:75 - [STDERR_REDIRECT] Sep 17, 2025 12:58:28 PM java.util.prefs.FileSystemPreferences checkLockFile0ErrorCode
2025-09-17 12:58:28,649 [ERROR] LogOutputStream:75 - [STDERR_REDIRECT] WARNING: Could not lock System prefs. Unix error code 2.
2025-09-17 12:58:28,649 [ERROR] LogOutputStream:75 - [STDERR_REDIRECT] 
2025-09-17 12:58:28,649 [ERROR] LogOutputStream:75 - [STDERR_REDIRECT] Sep 17, 2025 12:58:28 PM java.util.prefs.FileSystemPreferences syncWorld
2025-09-17 12:58:28,649 [ERROR] LogOutputStream:75 - [STDERR_REDIRECT] WARNING: Couldn't flush system prefs: java.util.prefs.BackingStoreException: Couldn't get file lock.
2025-09-17 12:58:28,649 [ERROR] LogOutputStream:75 - [STDERR_REDIRECT] 
2025-09-17 12:58:58,649 [ERROR] LogOutputStream:75 - [STDERR_REDIRECT] Sep 17, 2025 12:58:58 PM java.util.prefs.FileSystemPreferences checkLockFile0ErrorCode
2025-09-17 12:58:58,649 [ERROR] LogOutputStream:75 - [STDERR_REDIRECT] WARNING: Could not lock System prefs. Unix error code 2.
2025-09-17 12:58:58,649 [ERROR] LogOutputStream:75 - [STDERR_REDIRECT] 
2025-09-17 12:58:58,649 [ERROR] LogOutputStream:75 - [STDERR_REDIRECT] Sep 17, 2025 12:58:58 PM java.util.prefs.FileSystemPreferences syncWorld
2025-09-17 12:58:58,649 [ERROR] LogOutputStream:75 - [STDERR_REDIRECT] WARNING: Couldn't flush system prefs: java.util.prefs.BackingStoreException: Couldn't get file lock.
2025-09-17 12:58:58,649 [ERROR] LogOutputStream:75 - [STDERR_REDIRECT] 
2025-09-17 12:59:28,649 [ERROR] LogOutputStream:75 - [STDERR_REDIRECT] Sep 17, 2025 12:59:28 PM java.util.prefs.FileSystemPreferences checkLockFile0ErrorCode
2025-09-17 12:59:28,649 [ERROR] LogOutputStream:75 - [STDERR_REDIRECT] WARNING: Could not lock System prefs. Unix error code 2.
2025-09-17 12:59:28,650 [ERROR] LogOutputStream:75 - [STDERR_REDIRECT] 
2025-09-17 12:59:28,650 [ERROR] LogOutputStream:75 - [STDERR_REDIRECT] Sep 17, 2025 12:59:28 PM java.util.prefs.FileSystemPreferences syncWorld
2025-09-17 12:59:28,650 [ERROR] LogOutputStream:75 - [STDERR_REDIRECT] WARNING: Couldn't flush system prefs: java.util.prefs.BackingStoreException: Couldn't get file lock.
2025-09-17 12:59:28,650 [ERROR] LogOutputStream:75 - [STDERR_REDIRECT] 
2025-09-17 12:59:58,648 [ERROR] LogOutputStream:75 - [STDERR_REDIRECT] Sep 17, 2025 12:59:58 PM java.util.prefs.FileSystemPreferences checkLockFile0ErrorCode
2025-09-17 12:59:58,648 [ERROR] LogOutputStream:75 - [STDERR_REDIRECT] WARNING: Could not lock System prefs. Unix error code 2.
2025-09-17 12:59:58,649 [ERROR] LogOutputStream:75 - [STDERR_REDIRECT] 
2025-09-17 12:59:58,649 [ERROR] LogOutputStream:75 - [STDERR_REDIRECT] Sep 17, 2025 12:59:58 PM java.util.prefs.FileSystemPreferences syncWorld
2025-09-17 12:59:58,649 [ERROR] LogOutputStream:75 - [STDERR_REDIRECT] WARNING: Couldn't flush system prefs: java.util.prefs.BackingStoreException: Couldn't get file lock.
2025-09-17 12:59:58,649 [ERROR] LogOutputStream:75 - [STDERR_REDIRECT] 
2025-09-17 13:00:28,649 [ERROR] LogOutputStream:75 - [STDERR_REDIRECT] Sep 17, 2025 1:00:28 PM java.util.prefs.FileSystemPreferences checkLockFile0ErrorCode
2025-09-17 13:00:28,649 [ERROR] LogOutputStream:75 - [STDERR_REDIRECT] WARNING: Could not lock System prefs. Unix error code 2.
2025-09-17 13:00:28,649 [ERROR] LogOutputStream:75 - [STDERR_REDIRECT] 
2025-09-17 13:00:28,649 [ERROR] LogOutputStream:75 - [STDERR_REDIRECT] Sep 17, 2025 1:00:28 PM java.util.prefs.FileSystemPreferences syncWorld
2025-09-17 13:00:28,649 [ERROR] LogOutputStream:75 - [STDERR_REDIRECT] WARNING: Couldn't flush system prefs: java.util.prefs.BackingStoreException: Couldn't get file lock.
2025-09-17 13:00:28,649 [ERROR] LogOutputStream:75 - [STDERR_REDIRECT] 
2025-09-17 13:00:58,649 [ERROR] LogOutputStream:75 - [STDERR_REDIRECT] Sep 17, 2025 1:00:58 PM java.util.prefs.FileSystemPreferences checkLockFile0ErrorCode
2025-09-17 13:00:58,649 [ERROR] LogOutputStream:75 - [STDERR_REDIRECT] WARNING: Could not lock System prefs. Unix error code 2.
2025-09-17 13:00:58,649 [ERROR] LogOutputStream:75 - [STDERR_REDIRECT] 
2025-09-17 13:00:58,649 [ERROR] LogOutputStream:75 - [STDERR_REDIRECT] Sep 17, 2025 1:00:58 PM java.util.prefs.FileSystemPreferences syncWorld
2025-09-17 13:00:58,649 [ERROR] LogOutputStream:75 - [STDERR_REDIRECT] WARNING: Couldn't flush system prefs: java.util.prefs.BackingStoreException: Couldn't get file lock.
2025-09-17 13:00:58,650 [ERROR] LogOutputStream:75 - [STDERR_REDIRECT] 
2025-09-17 13:01:28,649 [ERROR] LogOutputStream:75 - [STDERR_REDIRECT] Sep 17, 2025 1:01:28 PM java.util.prefs.FileSystemPreferences checkLockFile0ErrorCode
2025-09-17 13:01:28,649 [ERROR] LogOutputStream:75 - [STDERR_REDIRECT] WARNING: Could not lock System prefs. Unix error code 2.
2025-09-17 13:01:28,649 [ERROR] LogOutputStream:75 - [STDERR_REDIRECT] 
2025-09-17 13:01:28,649 [ERROR] LogOutputStream:75 - [STDERR_REDIRECT] Sep 17, 2025 1:01:28 PM java.util.prefs.FileSystemPreferences syncWorld
2025-09-17 13:01:28,649 [ERROR] LogOutputStream:75 - [STDERR_REDIRECT] WARNING: Couldn't flush system prefs: java.util.prefs.BackingStoreException: Couldn't get file lock.
2025-09-17 13:01:28,649 [ERROR] LogOutputStream:75 - [STDERR_REDIRECT] 
2025-09-17 13:01:58,649 [ERROR] LogOutputStream:75 - [STDERR_REDIRECT] Sep 17, 2025 1:01:58 PM java.util.prefs.FileSystemPreferences checkLockFile0ErrorCode
2025-09-17 13:01:58,649 [ERROR] LogOutputStream:75 - [STDERR_REDIRECT] WARNING: Could not lock System prefs. Unix error code 2.
2025-09-17 13:01:58,649 [ERROR] LogOutputStream:75 - [STDERR_REDIRECT] 
2025-09-17 13:01:58,649 [ERROR] LogOutputStream:75 - [STDERR_REDIRECT] Sep 17, 2025 1:01:58 PM java.util.prefs.FileSystemPreferences syncWorld
2025-09-17 13:01:58,649 [ERROR] LogOutputStream:75 - [STDERR_REDIRECT] WARNING: Couldn't flush system prefs: java.util.prefs.BackingStoreException: Couldn't get file lock.
2025-09-17 13:01:58,649 [ERROR] LogOutputStream:75 - [STDERR_REDIRECT] 
2025-09-17 13:02:28,650 [ERROR] LogOutputStream:75 - [STDERR_REDIRECT] Sep 17, 2025 1:02:28 PM java.util.prefs.FileSystemPreferences checkLockFile0ErrorCode
2025-09-17 13:02:28,650 [ERROR] LogOutputStream:75 - [STDERR_REDIRECT] WARNING: Could not lock System prefs. Unix error code 2.
2025-09-17 13:02:28,650 [ERROR] LogOutputStream:75 - [STDERR_REDIRECT] 
2025-09-17 13:02:28,650 [ERROR] LogOutputStream:75 - [STDERR_REDIRECT] Sep 17, 2025 1:02:28 PM java.util.prefs.FileSystemPreferences syncWorld
2025-09-17 13:02:28,650 [ERROR] LogOutputStream:75 - [STDERR_REDIRECT] WARNING: Couldn't flush system prefs: java.util.prefs.BackingStoreException: Couldn't get file lock.
2025-09-17 13:02:28,650 [ERROR] LogOutputStream:75 - [STDERR_REDIRECT] 
2025-09-17 13:02:58,650 [ERROR] LogOutputStream:75 - [STDERR_REDIRECT] Sep 17, 2025 1:02:58 PM java.util.prefs.FileSystemPreferences checkLockFile0ErrorCode
2025-09-17 13:02:58,650 [ERROR] LogOutputStream:75 - [STDERR_REDIRECT] WARNING: Could not lock System prefs. Unix error code 2.
2025-09-17 13:02:58,650 [ERROR] LogOutputStream:75 - [STDERR_REDIRECT] 
2025-09-17 13:02:58,650 [ERROR] LogOutputStream:75 - [STDERR_REDIRECT] Sep 17, 2025 1:02:58 PM java.util.prefs.FileSystemPreferences syncWorld
2025-09-17 13:02:58,650 [ERROR] LogOutputStream:75 - [STDERR_REDIRECT] WARNING: Couldn't flush system prefs: java.util.prefs.BackingStoreException: Couldn't get file lock.
2025-09-17 13:02:58,650 [ERROR] LogOutputStream:75 - [STDERR_REDIRECT] 
2025-09-17 13:03:28,650 [ERROR] LogOutputStream:75 - [STDERR_REDIRECT] Sep 17, 2025 1:03:28 PM java.util.prefs.FileSystemPreferences checkLockFile0ErrorCode
2025-09-17 13:03:28,650 [ERROR] LogOutputStream:75 - [STDERR_REDIRECT] WARNING: Could not lock System prefs. Unix error code 2.
2025-09-17 13:03:28,650 [ERROR] LogOutputStream:75 - [STDERR_REDIRECT] 
2025-09-17 13:03:28,650 [ERROR] LogOutputStream:75 - [STDERR_REDIRECT] Sep 17, 2025 1:03:28 PM java.util.prefs.FileSystemPreferences syncWorld
2025-09-17 13:03:28,650 [ERROR] LogOutputStream:75 - [STDERR_REDIRECT] WARNING: Couldn't flush system prefs: java.util.prefs.BackingStoreException: Couldn't get file lock.
2025-09-17 13:03:28,650 [ERROR] LogOutputStream:75 - [STDERR_REDIRECT] 
2025-09-17 13:03:58,651 [ERROR] LogOutputStream:75 - [STDERR_REDIRECT] Sep 17, 2025 1:03:58 PM java.util.prefs.FileSystemPreferences checkLockFile0ErrorCode
2025-09-17 13:03:58,651 [ERROR] LogOutputStream:75 - [STDERR_REDIRECT] WARNING: Could not lock System prefs. Unix error code 2.
2025-09-17 13:03:58,652 [ERROR] LogOutputStream:75 - [STDERR_REDIRECT] 
2025-09-17 13:03:58,652 [ERROR] LogOutputStream:75 - [STDERR_REDIRECT] Sep 17, 2025 1:03:58 PM java.util.prefs.FileSystemPreferences syncWorld
2025-09-17 13:03:58,652 [ERROR] LogOutputStream:75 - [STDERR_REDIRECT] WARNING: Couldn't flush system prefs: java.util.prefs.BackingStoreException: Couldn't get file lock.
2025-09-17 13:03:58,652 [ERROR] LogOutputStream:75 - [STDERR_REDIRECT] 
2025-09-17 13:04:28,652 [ERROR] LogOutputStream:75 - [STDERR_REDIRECT] Sep 17, 2025 1:04:28 PM java.util.prefs.FileSystemPreferences checkLockFile0ErrorCode
2025-09-17 13:04:28,652 [ERROR] LogOutputStream:75 - [STDERR_REDIRECT] WARNING: Could not lock System prefs. Unix error code 2.
2025-09-17 13:04:28,652 [ERROR] LogOutputStream:75 - [STDERR_REDIRECT] 
2025-09-17 13:04:28,652 [ERROR] LogOutputStream:75 - [STDERR_REDIRECT] Sep 17, 2025 1:04:28 PM java.util.prefs.FileSystemPreferences syncWorld
2025-09-17 13:04:28,652 [ERROR] LogOutputStream:75 - [STDERR_REDIRECT] WARNING: Couldn't flush system prefs: java.util.prefs.BackingStoreException: Couldn't get file lock.
2025-09-17 13:04:28,652 [ERROR] LogOutputStream:75 - [STDERR_REDIRECT] 
2025-09-17 13:04:58,652 [ERROR] LogOutputStream:75 - [STDERR_REDIRECT] Sep 17, 2025 1:04:58 PM java.util.prefs.FileSystemPreferences checkLockFile0ErrorCode
2025-09-17 13:04:58,652 [ERROR] LogOutputStream:75 - [STDERR_REDIRECT] WARNING: Could not lock System prefs. Unix error code 2.
2025-09-17 13:04:58,652 [ERROR] LogOutputStream:75 - [STDERR_REDIRECT] 
2025-09-17 13:04:58,653 [ERROR] LogOutputStream:75 - [STDERR_REDIRECT] Sep 17, 2025 1:04:58 PM java.util.prefs.FileSystemPreferences syncWorld
2025-09-17 13:04:58,653 [ERROR] LogOutputStream:75 - [STDERR_REDIRECT] WARNING: Couldn't flush system prefs: java.util.prefs.BackingStoreException: Couldn't get file lock.
2025-09-17 13:04:58,653 [ERROR] LogOutputStream:75 - [STDERR_REDIRECT] 
2025-09-17 13:05:28,653 [ERROR] LogOutputStream:75 - [STDERR_REDIRECT] Sep 17, 2025 1:05:28 PM java.util.prefs.FileSystemPreferences checkLockFile0ErrorCode
2025-09-17 13:05:28,653 [ERROR] LogOutputStream:75 - [STDERR_REDIRECT] WARNING: Could not lock System prefs. Unix error code 2.
2025-09-17 13:05:28,653 [ERROR] LogOutputStream:75 - [STDERR_REDIRECT] 
2025-09-17 13:05:28,653 [ERROR] LogOutputStream:75 - [STDERR_REDIRECT] Sep 17, 2025 1:05:28 PM java.util.prefs.FileSystemPreferences syncWorld
2025-09-17 13:05:28,653 [ERROR] LogOutputStream:75 - [STDERR_REDIRECT] WARNING: Couldn't flush system prefs: java.util.prefs.BackingStoreException: Couldn't get file lock.
2025-09-17 13:05:28,653 [ERROR] LogOutputStream:75 - [STDERR_REDIRECT] 
2025-09-17 13:05:58,653 [ERROR] LogOutputStream:75 - [STDERR_REDIRECT] Sep 17, 2025 1:05:58 PM java.util.prefs.FileSystemPreferences checkLockFile0ErrorCode
2025-09-17 13:05:58,653 [ERROR] LogOutputStream:75 - [STDERR_REDIRECT] WARNING: Could not lock System prefs. Unix error code 2.
2025-09-17 13:05:58,653 [ERROR] LogOutputStream:75 - [STDERR_REDIRECT] 
2025-09-17 13:05:58,653 [ERROR] LogOutputStream:75 - [STDERR_REDIRECT] Sep 17, 2025 1:05:58 PM java.util.prefs.FileSystemPreferences syncWorld
2025-09-17 13:05:58,653 [ERROR] LogOutputStream:75 - [STDERR_REDIRECT] WARNING: Couldn't flush system prefs: java.util.prefs.BackingStoreException: Couldn't get file lock.
2025-09-17 13:05:58,653 [ERROR] LogOutputStream:75 - [STDERR_REDIRECT] 
2025-09-17 13:06:28,653 [ERROR] LogOutputStream:75 - [STDERR_REDIRECT] Sep 17, 2025 1:06:28 PM java.util.prefs.FileSystemPreferences checkLockFile0ErrorCode
2025-09-17 13:06:28,653 [ERROR] LogOutputStream:75 - [STDERR_REDIRECT] WARNING: Could not lock System prefs. Unix error code 2.
2025-09-17 13:06:28,653 [ERROR] LogOutputStream:75 - [STDERR_REDIRECT] 
2025-09-17 13:06:28,654 [ERROR] LogOutputStream:75 - [STDERR_REDIRECT] Sep 17, 2025 1:06:28 PM java.util.prefs.FileSystemPreferences syncWorld
2025-09-17 13:06:28,654 [ERROR] LogOutputStream:75 - [STDERR_REDIRECT] WARNING: Couldn't flush system prefs: java.util.prefs.BackingStoreException: Couldn't get file lock.
2025-09-17 13:06:28,654 [ERROR] LogOutputStream:75 - [STDERR_REDIRECT] 
2025-09-17 13:06:58,654 [ERROR] LogOutputStream:75 - [STDERR_REDIRECT] Sep 17, 2025 1:06:58 PM java.util.prefs.FileSystemPreferences checkLockFile0ErrorCode
2025-09-17 13:06:58,654 [ERROR] LogOutputStream:75 - [STDERR_REDIRECT] WARNING: Could not lock System prefs. Unix error code 2.
2025-09-17 13:06:58,654 [ERROR] LogOutputStream:75 - [STDERR_REDIRECT] 
2025-09-17 13:06:58,654 [ERROR] LogOutputStream:75 - [STDERR_REDIRECT] Sep 17, 2025 1:06:58 PM java.util.prefs.FileSystemPreferences syncWorld
2025-09-17 13:06:58,654 [ERROR] LogOutputStream:75 - [STDERR_REDIRECT] WARNING: Couldn't flush system prefs: java.util.prefs.BackingStoreException: Couldn't get file lock.
2025-09-17 13:06:58,654 [ERROR] LogOutputStream:75 - [STDERR_REDIRECT] 
2025-09-17 13:07:28,654 [ERROR] LogOutputStream:75 - [STDERR_REDIRECT] Sep 17, 2025 1:07:28 PM java.util.prefs.FileSystemPreferences checkLockFile0ErrorCode
2025-09-17 13:07:28,654 [ERROR] LogOutputStream:75 - [STDERR_REDIRECT] WARNING: Could not lock System prefs. Unix error code 2.
2025-09-17 13:07:28,654 [ERROR] LogOutputStream:75 - [STDERR_REDIRECT] 
2025-09-17 13:07:28,655 [ERROR] LogOutputStream:75 - [STDERR_REDIRECT] Sep 17, 2025 1:07:28 PM java.util.prefs.FileSystemPreferences syncWorld
2025-09-17 13:07:28,655 [ERROR] LogOutputStream:75 - [STDERR_REDIRECT] WARNING: Couldn't flush system prefs: java.util.prefs.BackingStoreException: Couldn't get file lock.
2025-09-17 13:07:28,655 [ERROR] LogOutputStream:75 - [STDERR_REDIRECT] 
2025-09-17 13:07:58,653 [ERROR] LogOutputStream:75 - [STDERR_REDIRECT] Sep 17, 2025 1:07:58 PM java.util.prefs.FileSystemPreferences checkLockFile0ErrorCode
2025-09-17 13:07:58,654 [ERROR] LogOutputStream:75 - [STDERR_REDIRECT] WARNING: Could not lock System prefs. Unix error code 2.
2025-09-17 13:07:58,654 [ERROR] LogOutputStream:75 - [STDERR_REDIRECT] 
2025-09-17 13:07:58,654 [ERROR] LogOutputStream:75 - [STDERR_REDIRECT] Sep 17, 2025 1:07:58 PM java.util.prefs.FileSystemPreferences syncWorld
2025-09-17 13:07:58,654 [ERROR] LogOutputStream:75 - [STDERR_REDIRECT] WARNING: Couldn't flush system prefs: java.util.prefs.BackingStoreException: Couldn't get file lock.
2025-09-17 13:07:58,654 [ERROR] LogOutputStream:75 - [STDERR_REDIRECT] 
2025-09-17 13:08:28,653 [ERROR] LogOutputStream:75 - [STDERR_REDIRECT] Sep 17, 2025 1:08:28 PM java.util.prefs.FileSystemPreferences checkLockFile0ErrorCode
2025-09-17 13:08:28,654 [ERROR] LogOutputStream:75 - [STDERR_REDIRECT] WARNING: Could not lock System prefs. Unix error code 2.
2025-09-17 13:08:28,654 [ERROR] LogOutputStream:75 - [STDERR_REDIRECT] 
2025-09-17 13:08:28,654 [ERROR] LogOutputStream:75 - [STDERR_REDIRECT] Sep 17, 2025 1:08:28 PM java.util.prefs.FileSystemPreferences syncWorld
2025-09-17 13:08:28,654 [ERROR] LogOutputStream:75 - [STDERR_REDIRECT] WARNING: Couldn't flush system prefs: java.util.prefs.BackingStoreException: Couldn't get file lock.
2025-09-17 13:08:28,654 [ERROR] LogOutputStream:75 - [STDERR_REDIRECT] 
2025-09-17 13:08:58,654 [ERROR] LogOutputStream:75 - [STDERR_REDIRECT] Sep 17, 2025 1:08:58 PM java.util.prefs.FileSystemPreferences checkLockFile0ErrorCode
2025-09-17 13:08:58,654 [ERROR] LogOutputStream:75 - [STDERR_REDIRECT] WARNING: Could not lock System prefs. Unix error code 2.
2025-09-17 13:08:58,654 [ERROR] LogOutputStream:75 - [STDERR_REDIRECT] 
2025-09-17 13:08:58,654 [ERROR] LogOutputStream:75 - [STDERR_REDIRECT] Sep 17, 2025 1:08:58 PM java.util.prefs.FileSystemPreferences syncWorld
2025-09-17 13:08:58,654 [ERROR] LogOutputStream:75 - [STDERR_REDIRECT] WARNING: Couldn't flush system prefs: java.util.prefs.BackingStoreException: Couldn't get file lock.
2025-09-17 13:08:58,654 [ERROR] LogOutputStream:75 - [STDERR_REDIRECT] 
2025-09-17 13:09:28,653 [ERROR] LogOutputStream:75 - [STDERR_REDIRECT] Sep 17, 2025 1:09:28 PM java.util.prefs.FileSystemPreferences checkLockFile0ErrorCode
2025-09-17 13:09:28,653 [ERROR] LogOutputStream:75 - [STDERR_REDIRECT] WARNING: Could not lock System prefs. Unix error code 2.
2025-09-17 13:09:28,653 [ERROR] LogOutputStream:75 - [STDERR_REDIRECT] 
2025-09-17 13:09:28,653 [ERROR] LogOutputStream:75 - [STDERR_REDIRECT] Sep 17, 2025 1:09:28 PM java.util.prefs.FileSystemPreferences syncWorld
2025-09-17 13:09:28,653 [ERROR] LogOutputStream:75 - [STDERR_REDIRECT] WARNING: Couldn't flush system prefs: java.util.prefs.BackingStoreException: Couldn't get file lock.
2025-09-17 13:09:28,653 [ERROR] LogOutputStream:75 - [STDERR_REDIRECT] 
2025-09-17 13:09:58,654 [ERROR] LogOutputStream:75 - [STDERR_REDIRECT] Sep 17, 2025 1:09:58 PM java.util.prefs.FileSystemPreferences checkLockFile0ErrorCode
2025-09-17 13:09:58,654 [ERROR] LogOutputStream:75 - [STDERR_REDIRECT] WARNING: Could not lock System prefs. Unix error code 2.
2025-09-17 13:09:58,654 [ERROR] LogOutputStream:75 - [STDERR_REDIRECT] 
2025-09-17 13:09:58,655 [ERROR] LogOutputStream:75 - [STDERR_REDIRECT] Sep 17, 2025 1:09:58 PM java.util.prefs.FileSystemPreferences syncWorld
2025-09-17 13:09:58,655 [ERROR] LogOutputStream:75 - [STDERR_REDIRECT] WARNING: Couldn't flush system prefs: java.util.prefs.BackingStoreException: Couldn't get file lock.
2025-09-17 13:09:58,655 [ERROR] LogOutputStream:75 - [STDERR_REDIRECT] 
2025-09-17 13:10:28,654 [ERROR] LogOutputStream:75 - [STDERR_REDIRECT] Sep 17, 2025 1:10:28 PM java.util.prefs.FileSystemPreferences checkLockFile0ErrorCode
2025-09-17 13:10:28,655 [ERROR] LogOutputStream:75 - [STDERR_REDIRECT] WARNING: Could not lock System prefs. Unix error code 2.
2025-09-17 13:10:28,655 [ERROR] LogOutputStream:75 - [STDERR_REDIRECT] 
2025-09-17 13:10:28,655 [ERROR] LogOutputStream:75 - [STDERR_REDIRECT] Sep 17, 2025 1:10:28 PM java.util.prefs.FileSystemPreferences syncWorld
2025-09-17 13:10:28,655 [ERROR] LogOutputStream:75 - [STDERR_REDIRECT] WARNING: Couldn't flush system prefs: java.util.prefs.BackingStoreException: Couldn't get file lock.
2025-09-17 13:10:28,655 [ERROR] LogOutputStream:75 - [STDERR_REDIRECT] 
2025-09-17 13:10:58,655 [ERROR] LogOutputStream:75 - [STDERR_REDIRECT] Sep 17, 2025 1:10:58 PM java.util.prefs.FileSystemPreferences checkLockFile0ErrorCode
2025-09-17 13:10:58,655 [ERROR] LogOutputStream:75 - [STDERR_REDIRECT] WARNING: Could not lock System prefs. Unix error code 2.
2025-09-17 13:10:58,655 [ERROR] LogOutputStream:75 - [STDERR_REDIRECT] 
2025-09-17 13:10:58,655 [ERROR] LogOutputStream:75 - [STDERR_REDIRECT] Sep 17, 2025 1:10:58 PM java.util.prefs.FileSystemPreferences syncWorld
2025-09-17 13:10:58,656 [ERROR] LogOutputStream:75 - [STDERR_REDIRECT] WARNING: Couldn't flush system prefs: java.util.prefs.BackingStoreException: Couldn't get file lock.
2025-09-17 13:10:58,656 [ERROR] LogOutputStream:75 - [STDERR_REDIRECT] 
2025-09-17 13:11:28,655 [ERROR] LogOutputStream:75 - [STDERR_REDIRECT] Sep 17, 2025 1:11:28 PM java.util.prefs.FileSystemPreferences checkLockFile0ErrorCode
2025-09-17 13:11:28,655 [ERROR] LogOutputStream:75 - [STDERR_REDIRECT] WARNING: Could not lock System prefs. Unix error code 2.
2025-09-17 13:11:28,655 [ERROR] LogOutputStream:75 - [STDERR_REDIRECT] 
2025-09-17 13:11:28,655 [ERROR] LogOutputStream:75 - [STDERR_REDIRECT] Sep 17, 2025 1:11:28 PM java.util.prefs.FileSystemPreferences syncWorld
2025-09-17 13:11:28,655 [ERROR] LogOutputStream:75 - [STDERR_REDIRECT] WARNING: Couldn't flush system prefs: java.util.prefs.BackingStoreException: Couldn't get file lock.
2025-09-17 13:11:28,655 [ERROR] LogOutputStream:75 - [STDERR_REDIRECT] 
2025-09-17 13:11:58,655 [ERROR] LogOutputStream:75 - [STDERR_REDIRECT] Sep 17, 2025 1:11:58 PM java.util.prefs.FileSystemPreferences checkLockFile0ErrorCode
2025-09-17 13:11:58,655 [ERROR] LogOutputStream:75 - [STDERR_REDIRECT] WARNING: Could not lock System prefs. Unix error code 2.
2025-09-17 13:11:58,655 [ERROR] LogOutputStream:75 - [STDERR_REDIRECT] 
2025-09-17 13:11:58,655 [ERROR] LogOutputStream:75 - [STDERR_REDIRECT] Sep 17, 2025 1:11:58 PM java.util.prefs.FileSystemPreferences syncWorld
2025-09-17 13:11:58,655 [ERROR] LogOutputStream:75 - [STDERR_REDIRECT] WARNING: Couldn't flush system prefs: java.util.prefs.BackingStoreException: Couldn't get file lock.
2025-09-17 13:11:58,656 [ERROR] LogOutputStream:75 - [STDERR_REDIRECT] 
2025-09-17 13:12:28,655 [ERROR] LogOutputStream:75 - [STDERR_REDIRECT] Sep 17, 2025 1:12:28 PM java.util.prefs.FileSystemPreferences checkLockFile0ErrorCode
2025-09-17 13:12:28,655 [ERROR] LogOutputStream:75 - [STDERR_REDIRECT] WARNING: Could not lock System prefs. Unix error code 2.
2025-09-17 13:12:28,655 [ERROR] LogOutputStream:75 - [STDERR_REDIRECT] 
2025-09-17 13:12:28,655 [ERROR] LogOutputStream:75 - [STDERR_REDIRECT] Sep 17, 2025 1:12:28 PM java.util.prefs.FileSystemPreferences syncWorld
2025-09-17 13:12:28,656 [ERROR] LogOutputStream:75 - [STDERR_REDIRECT] WARNING: Couldn't flush system prefs: java.util.prefs.BackingStoreException: Couldn't get file lock.
2025-09-17 13:12:28,656 [ERROR] LogOutputStream:75 - [STDERR_REDIRECT] 
2025-09-17 13:12:58,656 [ERROR] LogOutputStream:75 - [STDERR_REDIRECT] Sep 17, 2025 1:12:58 PM java.util.prefs.FileSystemPreferences checkLockFile0ErrorCode
2025-09-17 13:12:58,656 [ERROR] LogOutputStream:75 - [STDERR_REDIRECT] WARNING: Could not lock System prefs. Unix error code 2.
2025-09-17 13:12:58,656 [ERROR] LogOutputStream:75 - [STDERR_REDIRECT] 
2025-09-17 13:12:58,656 [ERROR] LogOutputStream:75 - [STDERR_REDIRECT] Sep 17, 2025 1:12:58 PM java.util.prefs.FileSystemPreferences syncWorld
2025-09-17 13:12:58,657 [ERROR] LogOutputStream:75 - [STDERR_REDIRECT] WARNING: Couldn't flush system prefs: java.util.prefs.BackingStoreException: Couldn't get file lock.
2025-09-17 13:12:58,657 [ERROR] LogOutputStream:75 - [STDERR_REDIRECT] 
2025-09-17 13:13:28,655 [ERROR] LogOutputStream:75 - [STDERR_REDIRECT] Sep 17, 2025 1:13:28 PM java.util.prefs.FileSystemPreferences checkLockFile0ErrorCode
2025-09-17 13:13:28,655 [ERROR] LogOutputStream:75 - [STDERR_REDIRECT] WARNING: Could not lock System prefs. Unix error code 2.
2025-09-17 13:13:28,655 [ERROR] LogOutputStream:75 - [STDERR_REDIRECT] 
2025-09-17 13:13:28,656 [ERROR] LogOutputStream:75 - [STDERR_REDIRECT] Sep 17, 2025 1:13:28 PM java.util.prefs.FileSystemPreferences syncWorld
2025-09-17 13:13:28,656 [ERROR] LogOutputStream:75 - [STDERR_REDIRECT] WARNING: Couldn't flush system prefs: java.util.prefs.BackingStoreException: Couldn't get file lock.
2025-09-17 13:13:28,656 [ERROR] LogOutputStream:75 - [STDERR_REDIRECT] 
2025-09-17 13:13:58,655 [ERROR] LogOutputStream:75 - [STDERR_REDIRECT] Sep 17, 2025 1:13:58 PM java.util.prefs.FileSystemPreferences checkLockFile0ErrorCode
2025-09-17 13:13:58,656 [ERROR] LogOutputStream:75 - [STDERR_REDIRECT] WARNING: Could not lock System prefs. Unix error code 2.
2025-09-17 13:13:58,656 [ERROR] LogOutputStream:75 - [STDERR_REDIRECT] 
2025-09-17 13:13:58,656 [ERROR] LogOutputStream:75 - [STDERR_REDIRECT] Sep 17, 2025 1:13:58 PM java.util.prefs.FileSystemPreferences syncWorld
2025-09-17 13:13:58,656 [ERROR] LogOutputStream:75 - [STDERR_REDIRECT] WARNING: Couldn't flush system prefs: java.util.prefs.BackingStoreException: Couldn't get file lock.
2025-09-17 13:13:58,656 [ERROR] LogOutputStream:75 - [STDERR_REDIRECT] 
2025-09-17 13:14:28,656 [ERROR] LogOutputStream:75 - [STDERR_REDIRECT] Sep 17, 2025 1:14:28 PM java.util.prefs.FileSystemPreferences checkLockFile0ErrorCode
2025-09-17 13:14:28,656 [ERROR] LogOutputStream:75 - [STDERR_REDIRECT] WARNING: Could not lock System prefs. Unix error code 2.
2025-09-17 13:14:28,656 [ERROR] LogOutputStream:75 - [STDERR_REDIRECT] 
2025-09-17 13:14:28,656 [ERROR] LogOutputStream:75 - [STDERR_REDIRECT] Sep 17, 2025 1:14:28 PM java.util.prefs.FileSystemPreferences syncWorld
2025-09-17 13:14:28,656 [ERROR] LogOutputStream:75 - [STDERR_REDIRECT] WARNING: Couldn't flush system prefs: java.util.prefs.BackingStoreException: Couldn't get file lock.
2025-09-17 13:14:28,657 [ERROR] LogOutputStream:75 - [STDERR_REDIRECT] 
2025-09-17 13:14:58,655 [ERROR] LogOutputStream:75 - [STDERR_REDIRECT] Sep 17, 2025 1:14:58 PM java.util.prefs.FileSystemPreferences checkLockFile0ErrorCode
2025-09-17 13:14:58,655 [ERROR] LogOutputStream:75 - [STDERR_REDIRECT] WARNING: Could not lock System prefs. Unix error code 2.
2025-09-17 13:14:58,655 [ERROR] LogOutputStream:75 - [STDERR_REDIRECT] 
2025-09-17 13:14:58,655 [ERROR] LogOutputStream:75 - [STDERR_REDIRECT] Sep 17, 2025 1:14:58 PM java.util.prefs.FileSystemPreferences syncWorld
2025-09-17 13:14:58,656 [ERROR] LogOutputStream:75 - [STDERR_REDIRECT] WARNING: Couldn't flush system prefs: java.util.prefs.BackingStoreException: Couldn't get file lock.
2025-09-17 13:14:58,656 [ERROR] LogOutputStream:75 - [STDERR_REDIRECT] 
2025-09-17 13:15:28,655 [ERROR] LogOutputStream:75 - [STDERR_REDIRECT] Sep 17, 2025 1:15:28 PM java.util.prefs.FileSystemPreferences checkLockFile0ErrorCode
2025-09-17 13:15:28,655 [ERROR] LogOutputStream:75 - [STDERR_REDIRECT] WARNING: Could not lock System prefs. Unix error code 2.
2025-09-17 13:15:28,656 [ERROR] LogOutputStream:75 - [STDERR_REDIRECT] 
2025-09-17 13:15:28,656 [ERROR] LogOutputStream:75 - [STDERR_REDIRECT] Sep 17, 2025 1:15:28 PM java.util.prefs.FileSystemPreferences syncWorld
2025-09-17 13:15:28,656 [ERROR] LogOutputStream:75 - [STDERR_REDIRECT] WARNING: Couldn't flush system prefs: java.util.prefs.BackingStoreException: Couldn't get file lock.
2025-09-17 13:15:28,656 [ERROR] LogOutputStream:75 - [STDERR_REDIRECT] 
2025-09-17 13:15:58,655 [ERROR] LogOutputStream:75 - [STDERR_REDIRECT] Sep 17, 2025 1:15:58 PM java.util.prefs.FileSystemPreferences checkLockFile0ErrorCode
2025-09-17 13:15:58,655 [ERROR] LogOutputStream:75 - [STDERR_REDIRECT] WARNING: Could not lock System prefs. Unix error code 2.
2025-09-17 13:15:58,655 [ERROR] LogOutputStream:75 - [STDERR_REDIRECT] 
2025-09-17 13:15:58,655 [ERROR] LogOutputStream:75 - [STDERR_REDIRECT] Sep 17, 2025 1:15:58 PM java.util.prefs.FileSystemPreferences syncWorld
2025-09-17 13:15:58,655 [ERROR] LogOutputStream:75 - [STDERR_REDIRECT] WARNING: Couldn't flush system prefs: java.util.prefs.BackingStoreException: Couldn't get file lock.
2025-09-17 13:15:58,655 [ERROR] LogOutputStream:75 - [STDERR_REDIRECT] 
2025-09-17 13:16:28,656 [ERROR] LogOutputStream:75 - [STDERR_REDIRECT] Sep 17, 2025 1:16:28 PM java.util.prefs.FileSystemPreferences checkLockFile0ErrorCode
2025-09-17 13:16:28,656 [ERROR] LogOutputStream:75 - [STDERR_REDIRECT] WARNING: Could not lock System prefs. Unix error code 2.
2025-09-17 13:16:28,656 [ERROR] LogOutputStream:75 - [STDERR_REDIRECT] 
2025-09-17 13:16:28,656 [ERROR] LogOutputStream:75 - [STDERR_REDIRECT] Sep 17, 2025 1:16:28 PM java.util.prefs.FileSystemPreferences syncWorld
2025-09-17 13:16:28,657 [ERROR] LogOutputStream:75 - [STDERR_REDIRECT] WARNING: Couldn't flush system prefs: java.util.prefs.BackingStoreException: Couldn't get file lock.
2025-09-17 13:16:28,657 [ERROR] LogOutputStream:75 - [STDERR_REDIRECT] 
2025-09-17 13:16:58,656 [ERROR] LogOutputStream:75 - [STDERR_REDIRECT] Sep 17, 2025 1:16:58 PM java.util.prefs.FileSystemPreferences checkLockFile0ErrorCode
2025-09-17 13:16:58,657 [ERROR] LogOutputStream:75 - [STDERR_REDIRECT] WARNING: Could not lock System prefs. Unix error code 2.
2025-09-17 13:16:58,657 [ERROR] LogOutputStream:75 - [STDERR_REDIRECT] 
2025-09-17 13:16:58,657 [ERROR] LogOutputStream:75 - [STDERR_REDIRECT] Sep 17, 2025 1:16:58 PM java.util.prefs.FileSystemPreferences syncWorld
2025-09-17 13:16:58,657 [ERROR] LogOutputStream:75 - [STDERR_REDIRECT] WARNING: Couldn't flush system prefs: java.util.prefs.BackingStoreException: Couldn't get file lock.
2025-09-17 13:16:58,657 [ERROR] LogOutputStream:75 - [STDERR_REDIRECT] 
2025-09-17 13:17:28,657 [ERROR] LogOutputStream:75 - [STDERR_REDIRECT] Sep 17, 2025 1:17:28 PM java.util.prefs.FileSystemPreferences checkLockFile0ErrorCode
2025-09-17 13:17:28,657 [ERROR] LogOutputStream:75 - [STDERR_REDIRECT] WARNING: Could not lock System prefs. Unix error code 2.
2025-09-17 13:17:28,657 [ERROR] LogOutputStream:75 - [STDERR_REDIRECT] 
2025-09-17 13:17:28,657 [ERROR] LogOutputStream:75 - [STDERR_REDIRECT] Sep 17, 2025 1:17:28 PM java.util.prefs.FileSystemPreferences syncWorld
2025-09-17 13:17:28,657 [ERROR] LogOutputStream:75 - [STDERR_REDIRECT] WARNING: Couldn't flush system prefs: java.util.prefs.BackingStoreException: Couldn't get file lock.
2025-09-17 13:17:28,657 [ERROR] LogOutputStream:75 - [STDERR_REDIRECT] 
2025-09-17 13:17:58,657 [ERROR] LogOutputStream:75 - [STDERR_REDIRECT] Sep 17, 2025 1:17:58 PM java.util.prefs.FileSystemPreferences checkLockFile0ErrorCode
2025-09-17 13:17:58,657 [ERROR] LogOutputStream:75 - [STDERR_REDIRECT] WARNING: Could not lock System prefs. Unix error code 2.
2025-09-17 13:17:58,657 [ERROR] LogOutputStream:75 - [STDERR_REDIRECT] 
2025-09-17 13:17:58,657 [ERROR] LogOutputStream:75 - [STDERR_REDIRECT] Sep 17, 2025 1:17:58 PM java.util.prefs.FileSystemPreferences syncWorld
2025-09-17 13:17:58,658 [ERROR] LogOutputStream:75 - [STDERR_REDIRECT] WARNING: Couldn't flush system prefs: java.util.prefs.BackingStoreException: Couldn't get file lock.
2025-09-17 13:17:58,658 [ERROR] LogOutputStream:75 - [STDERR_REDIRECT] 
2025-09-17 13:18:28,656 [ERROR] LogOutputStream:75 - [STDERR_REDIRECT] Sep 17, 2025 1:18:28 PM java.util.prefs.FileSystemPreferences checkLockFile0ErrorCode
2025-09-17 13:18:28,656 [ERROR] LogOutputStream:75 - [STDERR_REDIRECT] WARNING: Could not lock System prefs. Unix error code 2.
2025-09-17 13:18:28,656 [ERROR] LogOutputStream:75 - [STDERR_REDIRECT] 
2025-09-17 13:18:28,657 [ERROR] LogOutputStream:75 - [STDERR_REDIRECT] Sep 17, 2025 1:18:28 PM java.util.prefs.FileSystemPreferences syncWorld
2025-09-17 13:18:28,657 [ERROR] LogOutputStream:75 - [STDERR_REDIRECT] WARNING: Couldn't flush system prefs: java.util.prefs.BackingStoreException: Couldn't get file lock.
2025-09-17 13:18:28,657 [ERROR] LogOutputStream:75 - [STDERR_REDIRECT] 
2025-09-17 13:18:58,656 [ERROR] LogOutputStream:75 - [STDERR_REDIRECT] Sep 17, 2025 1:18:58 PM java.util.prefs.FileSystemPreferences checkLockFile0ErrorCode
2025-09-17 13:18:58,656 [ERROR] LogOutputStream:75 - [STDERR_REDIRECT] WARNING: Could not lock System prefs. Unix error code 2.
2025-09-17 13:18:58,656 [ERROR] LogOutputStream:75 - [STDERR_REDIRECT] 
2025-09-17 13:18:58,656 [ERROR] LogOutputStream:75 - [STDERR_REDIRECT] Sep 17, 2025 1:18:58 PM java.util.prefs.FileSystemPreferences syncWorld
2025-09-17 13:18:58,657 [ERROR] LogOutputStream:75 - [STDERR_REDIRECT] WARNING: Couldn't flush system prefs: java.util.prefs.BackingStoreException: Couldn't get file lock.
2025-09-17 13:18:58,657 [ERROR] LogOutputStream:75 - [STDERR_REDIRECT] 
2025-09-17 13:19:28,657 [ERROR] LogOutputStream:75 - [STDERR_REDIRECT] Sep 17, 2025 1:19:28 PM java.util.prefs.FileSystemPreferences checkLockFile0ErrorCode
2025-09-17 13:19:28,657 [ERROR] LogOutputStream:75 - [STDERR_REDIRECT] WARNING: Could not lock System prefs. Unix error code 2.
2025-09-17 13:19:28,657 [ERROR] LogOutputStream:75 - [STDERR_REDIRECT] 
2025-09-17 13:19:28,657 [ERROR] LogOutputStream:75 - [STDERR_REDIRECT] Sep 17, 2025 1:19:28 PM java.util.prefs.FileSystemPreferences syncWorld
2025-09-17 13:19:28,657 [ERROR] LogOutputStream:75 - [STDERR_REDIRECT] WARNING: Couldn't flush system prefs: java.util.prefs.BackingStoreException: Couldn't get file lock.
2025-09-17 13:19:28,658 [ERROR] LogOutputStream:75 - [STDERR_REDIRECT] 
2025-09-17 13:19:58,656 [ERROR] LogOutputStream:75 - [STDERR_REDIRECT] Sep 17, 2025 1:19:58 PM java.util.prefs.FileSystemPreferences checkLockFile0ErrorCode
2025-09-17 13:19:58,656 [ERROR] LogOutputStream:75 - [STDERR_REDIRECT] WARNING: Could not lock System prefs. Unix error code 2.
2025-09-17 13:19:58,656 [ERROR] LogOutputStream:75 - [STDERR_REDIRECT] 
2025-09-17 13:19:58,657 [ERROR] LogOutputStream:75 - [STDERR_REDIRECT] Sep 17, 2025 1:19:58 PM java.util.prefs.FileSystemPreferences syncWorld
2025-09-17 13:19:58,657 [ERROR] LogOutputStream:75 - [STDERR_REDIRECT] WARNING: Couldn't flush system prefs: java.util.prefs.BackingStoreException: Couldn't get file lock.
2025-09-17 13:19:58,657 [ERROR] LogOutputStream:75 - [STDERR_REDIRECT] 
2025-09-17 13:20:28,656 [ERROR] LogOutputStream:75 - [STDERR_REDIRECT] Sep 17, 2025 1:20:28 PM java.util.prefs.FileSystemPreferences checkLockFile0ErrorCode
2025-09-17 13:20:28,657 [ERROR] LogOutputStream:75 - [STDERR_REDIRECT] WARNING: Could not lock System prefs. Unix error code 2.
2025-09-17 13:20:28,657 [ERROR] LogOutputStream:75 - [STDERR_REDIRECT] 
2025-09-17 13:20:28,657 [ERROR] LogOutputStream:75 - [STDERR_REDIRECT] Sep 17, 2025 1:20:28 PM java.util.prefs.FileSystemPreferences syncWorld
2025-09-17 13:20:28,657 [ERROR] LogOutputStream:75 - [STDERR_REDIRECT] WARNING: Couldn't flush system prefs: java.util.prefs.BackingStoreException: Couldn't get file lock.
2025-09-17 13:20:28,657 [ERROR] LogOutputStream:75 - [STDERR_REDIRECT] 
2025-09-17 13:20:58,657 [ERROR] LogOutputStream:75 - [STDERR_REDIRECT] Sep 17, 2025 1:20:58 PM java.util.prefs.FileSystemPreferences checkLockFile0ErrorCode
2025-09-17 13:20:58,657 [ERROR] LogOutputStream:75 - [STDERR_REDIRECT] WARNING: Could not lock System prefs. Unix error code 2.
2025-09-17 13:20:58,657 [ERROR] LogOutputStream:75 - [STDERR_REDIRECT] 
2025-09-17 13:20:58,657 [ERROR] LogOutputStream:75 - [STDERR_REDIRECT] Sep 17, 2025 1:20:58 PM java.util.prefs.FileSystemPreferences syncWorld
2025-09-17 13:20:58,657 [ERROR] LogOutputStream:75 - [STDERR_REDIRECT] WARNING: Couldn't flush system prefs: java.util.prefs.BackingStoreException: Couldn't get file lock.
2025-09-17 13:20:58,657 [ERROR] LogOutputStream:75 - [STDERR_REDIRECT] 
2025-09-17 13:21:28,657 [ERROR] LogOutputStream:75 - [STDERR_REDIRECT] Sep 17, 2025 1:21:28 PM java.util.prefs.FileSystemPreferences checkLockFile0ErrorCode
2025-09-17 13:21:28,657 [ERROR] LogOutputStream:75 - [STDERR_REDIRECT] WARNING: Could not lock System prefs. Unix error code 2.
2025-09-17 13:21:28,657 [ERROR] LogOutputStream:75 - [STDERR_REDIRECT] 
2025-09-17 13:21:28,658 [ERROR] LogOutputStream:75 - [STDERR_REDIRECT] Sep 17, 2025 1:21:28 PM java.util.prefs.FileSystemPreferences syncWorld
2025-09-17 13:21:28,658 [ERROR] LogOutputStream:75 - [STDERR_REDIRECT] WARNING: Couldn't flush system prefs: java.util.prefs.BackingStoreException: Couldn't get file lock.
2025-09-17 13:21:28,658 [ERROR] LogOutputStream:75 - [STDERR_REDIRECT] 
2025-09-17 13:21:58,657 [ERROR] LogOutputStream:75 - [STDERR_REDIRECT] Sep 17, 2025 1:21:58 PM java.util.prefs.FileSystemPreferences checkLockFile0ErrorCode
2025-09-17 13:21:58,657 [ERROR] LogOutputStream:75 - [STDERR_REDIRECT] WARNING: Could not lock System prefs. Unix error code 2.
2025-09-17 13:21:58,658 [ERROR] LogOutputStream:75 - [STDERR_REDIRECT] 
2025-09-17 13:21:58,658 [ERROR] LogOutputStream:75 - [STDERR_REDIRECT] Sep 17, 2025 1:21:58 PM java.util.prefs.FileSystemPreferences syncWorld
2025-09-17 13:21:58,658 [ERROR] LogOutputStream:75 - [STDERR_REDIRECT] WARNING: Couldn't flush system prefs: java.util.prefs.BackingStoreException: Couldn't get file lock.
2025-09-17 13:21:58,658 [ERROR] LogOutputStream:75 - [STDERR_REDIRECT] 
2025-09-17 13:22:28,658 [ERROR] LogOutputStream:75 - [STDERR_REDIRECT] Sep 17, 2025 1:22:28 PM java.util.prefs.FileSystemPreferences checkLockFile0ErrorCode
2025-09-17 13:22:28,658 [ERROR] LogOutputStream:75 - [STDERR_REDIRECT] WARNING: Could not lock System prefs. Unix error code 2.
2025-09-17 13:22:28,658 [ERROR] LogOutputStream:75 - [STDERR_REDIRECT] 
2025-09-17 13:22:28,658 [ERROR] LogOutputStream:75 - [STDERR_REDIRECT] Sep 17, 2025 1:22:28 PM java.util.prefs.FileSystemPreferences syncWorld
2025-09-17 13:22:28,658 [ERROR] LogOutputStream:75 - [STDERR_REDIRECT] WARNING: Couldn't flush system prefs: java.util.prefs.BackingStoreException: Couldn't get file lock.
2025-09-17 13:22:28,658 [ERROR] LogOutputStream:75 - [STDERR_REDIRECT] 
2025-09-17 13:22:58,657 [ERROR] LogOutputStream:75 - [STDERR_REDIRECT] Sep 17, 2025 1:22:58 PM java.util.prefs.FileSystemPreferences checkLockFile0ErrorCode
2025-09-17 13:22:58,657 [ERROR] LogOutputStream:75 - [STDERR_REDIRECT] WARNING: Could not lock System prefs. Unix error code 2.
2025-09-17 13:22:58,657 [ERROR] LogOutputStream:75 - [STDERR_REDIRECT] 
2025-09-17 13:22:58,658 [ERROR] LogOutputStream:75 - [STDERR_REDIRECT] Sep 17, 2025 1:22:58 PM java.util.prefs.FileSystemPreferences syncWorld
2025-09-17 13:22:58,658 [ERROR] LogOutputStream:75 - [STDERR_REDIRECT] WARNING: Couldn't flush system prefs: java.util.prefs.BackingStoreException: Couldn't get file lock.
2025-09-17 13:22:58,658 [ERROR] LogOutputStream:75 - [STDERR_REDIRECT] 
2025-09-17 13:23:28,658 [ERROR] LogOutputStream:75 - [STDERR_REDIRECT] Sep 17, 2025 1:23:28 PM java.util.prefs.FileSystemPreferences checkLockFile0ErrorCode
2025-09-17 13:23:28,658 [ERROR] LogOutputStream:75 - [STDERR_REDIRECT] WARNING: Could not lock System prefs. Unix error code 2.
2025-09-17 13:23:28,658 [ERROR] LogOutputStream:75 - [STDERR_REDIRECT] 
2025-09-17 13:23:28,658 [ERROR] LogOutputStream:75 - [STDERR_REDIRECT] Sep 17, 2025 1:23:28 PM java.util.prefs.FileSystemPreferences syncWorld
2025-09-17 13:23:28,659 [ERROR] LogOutputStream:75 - [STDERR_REDIRECT] WARNING: Couldn't flush system prefs: java.util.prefs.BackingStoreException: Couldn't get file lock.
2025-09-17 13:23:28,659 [ERROR] LogOutputStream:75 - [STDERR_REDIRECT] 
2025-09-17 13:23:58,658 [ERROR] LogOutputStream:75 - [STDERR_REDIRECT] Sep 17, 2025 1:23:58 PM java.util.prefs.FileSystemPreferences checkLockFile0ErrorCode
2025-09-17 13:23:58,658 [ERROR] LogOutputStream:75 - [STDERR_REDIRECT] WARNING: Could not lock System prefs. Unix error code 2.
2025-09-17 13:23:58,658 [ERROR] LogOutputStream:75 - [STDERR_REDIRECT] 
2025-09-17 13:23:58,658 [ERROR] LogOutputStream:75 - [STDERR_REDIRECT] Sep 17, 2025 1:23:58 PM java.util.prefs.FileSystemPreferences syncWorld
2025-09-17 13:23:58,658 [ERROR] LogOutputStream:75 - [STDERR_REDIRECT] WARNING: Couldn't flush system prefs: java.util.prefs.BackingStoreException: Couldn't get file lock.
2025-09-17 13:23:58,659 [ERROR] LogOutputStream:75 - [STDERR_REDIRECT] 
2025-09-17 13:24:28,658 [ERROR] LogOutputStream:75 - [STDERR_REDIRECT] Sep 17, 2025 1:24:28 PM java.util.prefs.FileSystemPreferences checkLockFile0ErrorCode
2025-09-17 13:24:28,658 [ERROR] LogOutputStream:75 - [STDERR_REDIRECT] WARNING: Could not lock System prefs. Unix error code 2.
2025-09-17 13:24:28,658 [ERROR] LogOutputStream:75 - [STDERR_REDIRECT] 
2025-09-17 13:24:28,659 [ERROR] LogOutputStream:75 - [STDERR_REDIRECT] Sep 17, 2025 1:24:28 PM java.util.prefs.FileSystemPreferences syncWorld
2025-09-17 13:24:28,659 [ERROR] LogOutputStream:75 - [STDERR_REDIRECT] WARNING: Couldn't flush system prefs: java.util.prefs.BackingStoreException: Couldn't get file lock.
2025-09-17 13:24:28,659 [ERROR] LogOutputStream:75 - [STDERR_REDIRECT] 
2025-09-17 13:24:58,658 [ERROR] LogOutputStream:75 - [STDERR_REDIRECT] Sep 17, 2025 1:24:58 PM java.util.prefs.FileSystemPreferences checkLockFile0ErrorCode
2025-09-17 13:24:58,658 [ERROR] LogOutputStream:75 - [STDERR_REDIRECT] WARNING: Could not lock System prefs. Unix error code 2.
2025-09-17 13:24:58,658 [ERROR] LogOutputStream:75 - [STDERR_REDIRECT] 
2025-09-17 13:24:58,659 [ERROR] LogOutputStream:75 - [STDERR_REDIRECT] Sep 17, 2025 1:24:58 PM java.util.prefs.FileSystemPreferences syncWorld
2025-09-17 13:24:58,659 [ERROR] LogOutputStream:75 - [STDERR_REDIRECT] WARNING: Couldn't flush system prefs: java.util.prefs.BackingStoreException: Couldn't get file lock.
2025-09-17 13:24:58,659 [ERROR] LogOutputStream:75 - [STDERR_REDIRECT] 
2025-09-17 13:25:28,657 [ERROR] LogOutputStream:75 - [STDERR_REDIRECT] Sep 17, 2025 1:25:28 PM java.util.prefs.FileSystemPreferences checkLockFile0ErrorCode
2025-09-17 13:25:28,658 [ERROR] LogOutputStream:75 - [STDERR_REDIRECT] WARNING: Could not lock System prefs. Unix error code 2.
2025-09-17 13:25:28,658 [ERROR] LogOutputStream:75 - [STDERR_REDIRECT] 
2025-09-17 13:25:28,658 [ERROR] LogOutputStream:75 - [STDERR_REDIRECT] Sep 17, 2025 1:25:28 PM java.util.prefs.FileSystemPreferences syncWorld
2025-09-17 13:25:28,658 [ERROR] LogOutputStream:75 - [STDERR_REDIRECT] WARNING: Couldn't flush system prefs: java.util.prefs.BackingStoreException: Couldn't get file lock.
2025-09-17 13:25:28,658 [ERROR] LogOutputStream:75 - [STDERR_REDIRECT] 
2025-09-17 13:25:58,657 [ERROR] LogOutputStream:75 - [STDERR_REDIRECT] Sep 17, 2025 1:25:58 PM java.util.prefs.FileSystemPreferences checkLockFile0ErrorCode
2025-09-17 13:25:58,658 [ERROR] LogOutputStream:75 - [STDERR_REDIRECT] WARNING: Could not lock System prefs. Unix error code 2.
2025-09-17 13:25:58,658 [ERROR] LogOutputStream:75 - [STDERR_REDIRECT] 
2025-09-17 13:25:58,658 [ERROR] LogOutputStream:75 - [STDERR_REDIRECT] Sep 17, 2025 1:25:58 PM java.util.prefs.FileSystemPreferences syncWorld
2025-09-17 13:25:58,658 [ERROR] LogOutputStream:75 - [STDERR_REDIRECT] WARNING: Couldn't flush system prefs: java.util.prefs.BackingStoreException: Couldn't get file lock.
2025-09-17 13:25:58,658 [ERROR] LogOutputStream:75 - [STDERR_REDIRECT] 
2025-09-17 13:26:28,658 [ERROR] LogOutputStream:75 - [STDERR_REDIRECT] Sep 17, 2025 1:26:28 PM java.util.prefs.FileSystemPreferences checkLockFile0ErrorCode
2025-09-17 13:26:28,658 [ERROR] LogOutputStream:75 - [STDERR_REDIRECT] WARNING: Could not lock System prefs. Unix error code 2.
2025-09-17 13:26:28,658 [ERROR] LogOutputStream:75 - [STDERR_REDIRECT] 
2025-09-17 13:26:28,658 [ERROR] LogOutputStream:75 - [STDERR_REDIRECT] Sep 17, 2025 1:26:28 PM java.util.prefs.FileSystemPreferences syncWorld
2025-09-17 13:26:28,658 [ERROR] LogOutputStream:75 - [STDERR_REDIRECT] WARNING: Couldn't flush system prefs: java.util.prefs.BackingStoreException: Couldn't get file lock.
2025-09-17 13:26:28,658 [ERROR] LogOutputStream:75 - [STDERR_REDIRECT] 
2025-09-17 13:26:58,658 [ERROR] LogOutputStream:75 - [STDERR_REDIRECT] Sep 17, 2025 1:26:58 PM java.util.prefs.FileSystemPreferences checkLockFile0ErrorCode
2025-09-17 13:26:58,658 [ERROR] LogOutputStream:75 - [STDERR_REDIRECT] WARNING: Could not lock System prefs. Unix error code 2.
2025-09-17 13:26:58,659 [ERROR] LogOutputStream:75 - [STDERR_REDIRECT] 
2025-09-17 13:26:58,659 [ERROR] LogOutputStream:75 - [STDERR_REDIRECT] Sep 17, 2025 1:26:58 PM java.util.prefs.FileSystemPreferences syncWorld
2025-09-17 13:26:58,659 [ERROR] LogOutputStream:75 - [STDERR_REDIRECT] WARNING: Couldn't flush system prefs: java.util.prefs.BackingStoreException: Couldn't get file lock.
2025-09-17 13:26:58,659 [ERROR] LogOutputStream:75 - [STDERR_REDIRECT] 
2025-09-17 13:27:28,658 [ERROR] LogOutputStream:75 - [STDERR_REDIRECT] Sep 17, 2025 1:27:28 PM java.util.prefs.FileSystemPreferences checkLockFile0ErrorCode
2025-09-17 13:27:28,658 [ERROR] LogOutputStream:75 - [STDERR_REDIRECT] WARNING: Could not lock System prefs. Unix error code 2.
2025-09-17 13:27:28,658 [ERROR] LogOutputStream:75 - [STDERR_REDIRECT] 
2025-09-17 13:27:28,658 [ERROR] LogOutputStream:75 - [STDERR_REDIRECT] Sep 17, 2025 1:27:28 PM java.util.prefs.FileSystemPreferences syncWorld
2025-09-17 13:27:28,658 [ERROR] LogOutputStream:75 - [STDERR_REDIRECT] WARNING: Couldn't flush system prefs: java.util.prefs.BackingStoreException: Couldn't get file lock.
2025-09-17 13:27:28,659 [ERROR] LogOutputStream:75 - [STDERR_REDIRECT] 
2025-09-17 13:27:58,657 [ERROR] LogOutputStream:75 - [STDERR_REDIRECT] Sep 17, 2025 1:27:58 PM java.util.prefs.FileSystemPreferences checkLockFile0ErrorCode
2025-09-17 13:27:58,657 [ERROR] LogOutputStream:75 - [STDERR_REDIRECT] WARNING: Could not lock System prefs. Unix error code 2.
2025-09-17 13:27:58,657 [ERROR] LogOutputStream:75 - [STDERR_REDIRECT] 
2025-09-17 13:27:58,658 [ERROR] LogOutputStream:75 - [STDERR_REDIRECT] Sep 17, 2025 1:27:58 PM java.util.prefs.FileSystemPreferences syncWorld
2025-09-17 13:27:58,658 [ERROR] LogOutputStream:75 - [STDERR_REDIRECT] WARNING: Couldn't flush system prefs: java.util.prefs.BackingStoreException: Couldn't get file lock.
2025-09-17 13:27:58,658 [ERROR] LogOutputStream:75 - [STDERR_REDIRECT] 
2025-09-17 13:28:28,659 [ERROR] LogOutputStream:75 - [STDERR_REDIRECT] Sep 17, 2025 1:28:28 PM java.util.prefs.FileSystemPreferences checkLockFile0ErrorCode
2025-09-17 13:28:28,659 [ERROR] LogOutputStream:75 - [STDERR_REDIRECT] WARNING: Could not lock System prefs. Unix error code 2.
2025-09-17 13:28:28,659 [ERROR] LogOutputStream:75 - [STDERR_REDIRECT] 
2025-09-17 13:28:28,659 [ERROR] LogOutputStream:75 - [STDERR_REDIRECT] Sep 17, 2025 1:28:28 PM java.util.prefs.FileSystemPreferences syncWorld
2025-09-17 13:28:28,659 [ERROR] LogOutputStream:75 - [STDERR_REDIRECT] WARNING: Couldn't flush system prefs: java.util.prefs.BackingStoreException: Couldn't get file lock.
2025-09-17 13:28:28,659 [ERROR] LogOutputStream:75 - [STDERR_REDIRECT] 
2025-09-17 13:28:58,658 [ERROR] LogOutputStream:75 - [STDERR_REDIRECT] Sep 17, 2025 1:28:58 PM java.util.prefs.FileSystemPreferences checkLockFile0ErrorCode
2025-09-17 13:28:58,658 [ERROR] LogOutputStream:75 - [STDERR_REDIRECT] WARNING: Could not lock System prefs. Unix error code 2.
2025-09-17 13:28:58,659 [ERROR] LogOutputStream:75 - [STDERR_REDIRECT] 
2025-09-17 13:28:58,659 [ERROR] LogOutputStream:75 - [STDERR_REDIRECT] Sep 17, 2025 1:28:58 PM java.util.prefs.FileSystemPreferences syncWorld
2025-09-17 13:28:58,659 [ERROR] LogOutputStream:75 - [STDERR_REDIRECT] WARNING: Couldn't flush system prefs: java.util.prefs.BackingStoreException: Couldn't get file lock.
2025-09-17 13:28:58,659 [ERROR] LogOutputStream:75 - [STDERR_REDIRECT] 
2025-09-17 13:29:28,659 [ERROR] LogOutputStream:75 - [STDERR_REDIRECT] Sep 17, 2025 1:29:28 PM java.util.prefs.FileSystemPreferences checkLockFile0ErrorCode
2025-09-17 13:29:28,659 [ERROR] LogOutputStream:75 - [STDERR_REDIRECT] WARNING: Could not lock System prefs. Unix error code 2.
2025-09-17 13:29:28,659 [ERROR] LogOutputStream:75 - [STDERR_REDIRECT] 
2025-09-17 13:29:28,659 [ERROR] LogOutputStream:75 - [STDERR_REDIRECT] Sep 17, 2025 1:29:28 PM java.util.prefs.FileSystemPreferences syncWorld
2025-09-17 13:29:28,660 [ERROR] LogOutputStream:75 - [STDERR_REDIRECT] WARNING: Couldn't flush system prefs: java.util.prefs.BackingStoreException: Couldn't get file lock.
2025-09-17 13:29:28,660 [ERROR] LogOutputStream:75 - [STDERR_REDIRECT] 
2025-09-17 13:29:58,658 [ERROR] LogOutputStream:75 - [STDERR_REDIRECT] Sep 17, 2025 1:29:58 PM java.util.prefs.FileSystemPreferences checkLockFile0ErrorCode
2025-09-17 13:29:58,659 [ERROR] LogOutputStream:75 - [STDERR_REDIRECT] WARNING: Could not lock System prefs. Unix error code 2.
2025-09-17 13:29:58,659 [ERROR] LogOutputStream:75 - [STDERR_REDIRECT] 
2025-09-17 13:29:58,659 [ERROR] LogOutputStream:75 - [STDERR_REDIRECT] Sep 17, 2025 1:29:58 PM java.util.prefs.FileSystemPreferences syncWorld
2025-09-17 13:29:58,659 [ERROR] LogOutputStream:75 - [STDERR_REDIRECT] WARNING: Couldn't flush system prefs: java.util.prefs.BackingStoreException: Couldn't get file lock.
2025-09-17 13:29:58,659 [ERROR] LogOutputStream:75 - [STDERR_REDIRECT] 
2025-09-17 13:30:28,659 [ERROR] LogOutputStream:75 - [STDERR_REDIRECT] Sep 17, 2025 1:30:28 PM java.util.prefs.FileSystemPreferences checkLockFile0ErrorCode
2025-09-17 13:30:28,659 [ERROR] LogOutputStream:75 - [STDERR_REDIRECT] WARNING: Could not lock System prefs. Unix error code 2.
2025-09-17 13:30:28,659 [ERROR] LogOutputStream:75 - [STDERR_REDIRECT] 
2025-09-17 13:30:28,659 [ERROR] LogOutputStream:75 - [STDERR_REDIRECT] Sep 17, 2025 1:30:28 PM java.util.prefs.FileSystemPreferences syncWorld
2025-09-17 13:30:28,659 [ERROR] LogOutputStream:75 - [STDERR_REDIRECT] WARNING: Couldn't flush system prefs: java.util.prefs.BackingStoreException: Couldn't get file lock.
2025-09-17 13:30:28,659 [ERROR] LogOutputStream:75 - [STDERR_REDIRECT] 
2025-09-17 13:30:58,659 [ERROR] LogOutputStream:75 - [STDERR_REDIRECT] Sep 17, 2025 1:30:58 PM java.util.prefs.FileSystemPreferences checkLockFile0ErrorCode
2025-09-17 13:30:58,659 [ERROR] LogOutputStream:75 - [STDERR_REDIRECT] WARNING: Could not lock System prefs. Unix error code 2.
2025-09-17 13:30:58,659 [ERROR] LogOutputStream:75 - [STDERR_REDIRECT] 
2025-09-17 13:30:58,660 [ERROR] LogOutputStream:75 - [STDERR_REDIRECT] Sep 17, 2025 1:30:58 PM java.util.prefs.FileSystemPreferences syncWorld
2025-09-17 13:30:58,660 [ERROR] LogOutputStream:75 - [STDERR_REDIRECT] WARNING: Couldn't flush system prefs: java.util.prefs.BackingStoreException: Couldn't get file lock.
2025-09-17 13:30:58,660 [ERROR] LogOutputStream:75 - [STDERR_REDIRECT] 
2025-09-17 13:31:28,658 [ERROR] LogOutputStream:75 - [STDERR_REDIRECT] Sep 17, 2025 1:31:28 PM java.util.prefs.FileSystemPreferences checkLockFile0ErrorCode
2025-09-17 13:31:28,658 [ERROR] LogOutputStream:75 - [STDERR_REDIRECT] WARNING: Could not lock System prefs. Unix error code 2.
2025-09-17 13:31:28,659 [ERROR] LogOutputStream:75 - [STDERR_REDIRECT] 
2025-09-17 13:31:28,659 [ERROR] LogOutputStream:75 - [STDERR_REDIRECT] Sep 17, 2025 1:31:28 PM java.util.prefs.FileSystemPreferences syncWorld
2025-09-17 13:31:28,659 [ERROR] LogOutputStream:75 - [STDERR_REDIRECT] WARNING: Couldn't flush system prefs: java.util.prefs.BackingStoreException: Couldn't get file lock.
2025-09-17 13:31:28,659 [ERROR] LogOutputStream:75 - [STDERR_REDIRECT] 
2025-09-17 13:31:58,659 [ERROR] LogOutputStream:75 - [STDERR_REDIRECT] Sep 17, 2025 1:31:58 PM java.util.prefs.FileSystemPreferences checkLockFile0ErrorCode
2025-09-17 13:31:58,659 [ERROR] LogOutputStream:75 - [STDERR_REDIRECT] WARNING: Could not lock System prefs. Unix error code 2.
2025-09-17 13:31:58,659 [ERROR] LogOutputStream:75 - [STDERR_REDIRECT] 
2025-09-17 13:31:58,659 [ERROR] LogOutputStream:75 - [STDERR_REDIRECT] Sep 17, 2025 1:31:58 PM java.util.prefs.FileSystemPreferences syncWorld
2025-09-17 13:31:58,659 [ERROR] LogOutputStream:75 - [STDERR_REDIRECT] WARNING: Couldn't flush system prefs: java.util.prefs.BackingStoreException: Couldn't get file lock.
2025-09-17 13:31:58,659 [ERROR] LogOutputStream:75 - [STDERR_REDIRECT] 
2025-09-17 13:32:28,659 [ERROR] LogOutputStream:75 - [STDERR_REDIRECT] Sep 17, 2025 1:32:28 PM java.util.prefs.FileSystemPreferences checkLockFile0ErrorCode
2025-09-17 13:32:28,659 [ERROR] LogOutputStream:75 - [STDERR_REDIRECT] WARNING: Could not lock System prefs. Unix error code 2.
2025-09-17 13:32:28,659 [ERROR] LogOutputStream:75 - [STDERR_REDIRECT] 
2025-09-17 13:32:28,659 [ERROR] LogOutputStream:75 - [STDERR_REDIRECT] Sep 17, 2025 1:32:28 PM java.util.prefs.FileSystemPreferences syncWorld
2025-09-17 13:32:28,659 [ERROR] LogOutputStream:75 - [STDERR_REDIRECT] WARNING: Couldn't flush system prefs: java.util.prefs.BackingStoreException: Couldn't get file lock.
2025-09-17 13:32:28,659 [ERROR] LogOutputStream:75 - [STDERR_REDIRECT] 
2025-09-17 13:32:58,659 [ERROR] LogOutputStream:75 - [STDERR_REDIRECT] Sep 17, 2025 1:32:58 PM java.util.prefs.FileSystemPreferences checkLockFile0ErrorCode
2025-09-17 13:32:58,659 [ERROR] LogOutputStream:75 - [STDERR_REDIRECT] WARNING: Could not lock System prefs. Unix error code 2.
2025-09-17 13:32:58,659 [ERROR] LogOutputStream:75 - [STDERR_REDIRECT] 
2025-09-17 13:32:58,659 [ERROR] LogOutputStream:75 - [STDERR_REDIRECT] Sep 17, 2025 1:32:58 PM java.util.prefs.FileSystemPreferences syncWorld
2025-09-17 13:32:58,659 [ERROR] LogOutputStream:75 - [STDERR_REDIRECT] WARNING: Couldn't flush system prefs: java.util.prefs.BackingStoreException: Couldn't get file lock.
2025-09-17 13:32:58,659 [ERROR] LogOutputStream:75 - [STDERR_REDIRECT] 
2025-09-17 13:33:28,659 [ERROR] LogOutputStream:75 - [STDERR_REDIRECT] Sep 17, 2025 1:33:28 PM java.util.prefs.FileSystemPreferences checkLockFile0ErrorCode
2025-09-17 13:33:28,659 [ERROR] LogOutputStream:75 - [STDERR_REDIRECT] WARNING: Could not lock System prefs. Unix error code 2.
2025-09-17 13:33:28,659 [ERROR] LogOutputStream:75 - [STDERR_REDIRECT] 
2025-09-17 13:33:28,659 [ERROR] LogOutputStream:75 - [STDERR_REDIRECT] Sep 17, 2025 1:33:28 PM java.util.prefs.FileSystemPreferences syncWorld
2025-09-17 13:33:28,659 [ERROR] LogOutputStream:75 - [STDERR_REDIRECT] WARNING: Couldn't flush system prefs: java.util.prefs.BackingStoreException: Couldn't get file lock.
2025-09-17 13:33:28,659 [ERROR] LogOutputStream:75 - [STDERR_REDIRECT] 
2025-09-17 13:33:58,659 [ERROR] LogOutputStream:75 - [STDERR_REDIRECT] Sep 17, 2025 1:33:58 PM java.util.prefs.FileSystemPreferences checkLockFile0ErrorCode
2025-09-17 13:33:58,659 [ERROR] LogOutputStream:75 - [STDERR_REDIRECT] WARNING: Could not lock System prefs. Unix error code 2.
2025-09-17 13:33:58,660 [ERROR] LogOutputStream:75 - [STDERR_REDIRECT] 
2025-09-17 13:33:58,660 [ERROR] LogOutputStream:75 - [STDERR_REDIRECT] Sep 17, 2025 1:33:58 PM java.util.prefs.FileSystemPreferences syncWorld
2025-09-17 13:33:58,660 [ERROR] LogOutputStream:75 - [STDERR_REDIRECT] WARNING: Couldn't flush system prefs: java.util.prefs.BackingStoreException: Couldn't get file lock.
2025-09-17 13:33:58,660 [ERROR] LogOutputStream:75 - [STDERR_REDIRECT] 
2025-09-17 13:34:28,660 [ERROR] LogOutputStream:75 - [STDERR_REDIRECT] Sep 17, 2025 1:34:28 PM java.util.prefs.FileSystemPreferences checkLockFile0ErrorCode
2025-09-17 13:34:28,660 [ERROR] LogOutputStream:75 - [STDERR_REDIRECT] WARNING: Could not lock System prefs. Unix error code 2.
2025-09-17 13:34:28,660 [ERROR] LogOutputStream:75 - [STDERR_REDIRECT] 
2025-09-17 13:34:28,660 [ERROR] LogOutputStream:75 - [STDERR_REDIRECT] Sep 17, 2025 1:34:28 PM java.util.prefs.FileSystemPreferences syncWorld
2025-09-17 13:34:28,660 [ERROR] LogOutputStream:75 - [STDERR_REDIRECT] WARNING: Couldn't flush system prefs: java.util.prefs.BackingStoreException: Couldn't get file lock.
2025-09-17 13:34:28,660 [ERROR] LogOutputStream:75 - [STDERR_REDIRECT] 
2025-09-17 13:34:58,660 [ERROR] LogOutputStream:75 - [STDERR_REDIRECT] Sep 17, 2025 1:34:58 PM java.util.prefs.FileSystemPreferences checkLockFile0ErrorCode
2025-09-17 13:34:58,660 [ERROR] LogOutputStream:75 - [STDERR_REDIRECT] WARNING: Could not lock System prefs. Unix error code 2.
2025-09-17 13:34:58,660 [ERROR] LogOutputStream:75 - [STDERR_REDIRECT] 
2025-09-17 13:34:58,660 [ERROR] LogOutputStream:75 - [STDERR_REDIRECT] Sep 17, 2025 1:34:58 PM java.util.prefs.FileSystemPreferences syncWorld
2025-09-17 13:34:58,661 [ERROR] LogOutputStream:75 - [STDERR_REDIRECT] WARNING: Couldn't flush system prefs: java.util.prefs.BackingStoreException: Couldn't get file lock.
2025-09-17 13:34:58,661 [ERROR] LogOutputStream:75 - [STDERR_REDIRECT] 
2025-09-17 13:35:28,659 [ERROR] LogOutputStream:75 - [STDERR_REDIRECT] Sep 17, 2025 1:35:28 PM java.util.prefs.FileSystemPreferences checkLockFile0ErrorCode
2025-09-17 13:35:28,660 [ERROR] LogOutputStream:75 - [STDERR_REDIRECT] WARNING: Could not lock System prefs. Unix error code 2.
2025-09-17 13:35:28,660 [ERROR] LogOutputStream:75 - [STDERR_REDIRECT] 
2025-09-17 13:35:28,660 [ERROR] LogOutputStream:75 - [STDERR_REDIRECT] Sep 17, 2025 1:35:28 PM java.util.prefs.FileSystemPreferences syncWorld
2025-09-17 13:35:28,660 [ERROR] LogOutputStream:75 - [STDERR_REDIRECT] WARNING: Couldn't flush system prefs: java.util.prefs.BackingStoreException: Couldn't get file lock.
2025-09-17 13:35:28,660 [ERROR] LogOutputStream:75 - [STDERR_REDIRECT] 
2025-09-17 13:35:58,660 [ERROR] LogOutputStream:75 - [STDERR_REDIRECT] Sep 17, 2025 1:35:58 PM java.util.prefs.FileSystemPreferences checkLockFile0ErrorCode
2025-09-17 13:35:58,660 [ERROR] LogOutputStream:75 - [STDERR_REDIRECT] WARNING: Could not lock System prefs. Unix error code 2.
2025-09-17 13:35:58,660 [ERROR] LogOutputStream:75 - [STDERR_REDIRECT] 
2025-09-17 13:35:58,660 [ERROR] LogOutputStream:75 - [STDERR_REDIRECT] Sep 17, 2025 1:35:58 PM java.util.prefs.FileSystemPreferences syncWorld
2025-09-17 13:35:58,660 [ERROR] LogOutputStream:75 - [STDERR_REDIRECT] WARNING: Couldn't flush system prefs: java.util.prefs.BackingStoreException: Couldn't get file lock.
2025-09-17 13:35:58,661 [ERROR] LogOutputStream:75 - [STDERR_REDIRECT] 
2025-09-17 13:36:28,659 [ERROR] LogOutputStream:75 - [STDERR_REDIRECT] Sep 17, 2025 1:36:28 PM java.util.prefs.FileSystemPreferences checkLockFile0ErrorCode
2025-09-17 13:36:28,659 [ERROR] LogOutputStream:75 - [STDERR_REDIRECT] WARNING: Could not lock System prefs. Unix error code 2.
2025-09-17 13:36:28,659 [ERROR] LogOutputStream:75 - [STDERR_REDIRECT] 
2025-09-17 13:36:28,659 [ERROR] LogOutputStream:75 - [STDERR_REDIRECT] Sep 17, 2025 1:36:28 PM java.util.prefs.FileSystemPreferences syncWorld
2025-09-17 13:36:28,660 [ERROR] LogOutputStream:75 - [STDERR_REDIRECT] WARNING: Couldn't flush system prefs: java.util.prefs.BackingStoreException: Couldn't get file lock.
2025-09-17 13:36:28,660 [ERROR] LogOutputStream:75 - [STDERR_REDIRECT] 
2025-09-17 13:36:58,659 [ERROR] LogOutputStream:75 - [STDERR_REDIRECT] Sep 17, 2025 1:36:58 PM java.util.prefs.FileSystemPreferences checkLockFile0ErrorCode
2025-09-17 13:36:58,659 [ERROR] LogOutputStream:75 - [STDERR_REDIRECT] WARNING: Could not lock System prefs. Unix error code 2.
2025-09-17 13:36:58,659 [ERROR] LogOutputStream:75 - [STDERR_REDIRECT] 
2025-09-17 13:36:58,659 [ERROR] LogOutputStream:75 - [STDERR_REDIRECT] Sep 17, 2025 1:36:58 PM java.util.prefs.FileSystemPreferences syncWorld
2025-09-17 13:36:58,659 [ERROR] LogOutputStream:75 - [STDERR_REDIRECT] WARNING: Couldn't flush system prefs: java.util.prefs.BackingStoreException: Couldn't get file lock.
2025-09-17 13:36:58,659 [ERROR] LogOutputStream:75 - [STDERR_REDIRECT] 
2025-09-17 13:37:28,660 [ERROR] LogOutputStream:75 - [STDERR_REDIRECT] Sep 17, 2025 1:37:28 PM java.util.prefs.FileSystemPreferences checkLockFile0ErrorCode
2025-09-17 13:37:28,660 [ERROR] LogOutputStream:75 - [STDERR_REDIRECT] WARNING: Could not lock System prefs. Unix error code 2.
2025-09-17 13:37:28,660 [ERROR] LogOutputStream:75 - [STDERR_REDIRECT] 
2025-09-17 13:37:28,660 [ERROR] LogOutputStream:75 - [STDERR_REDIRECT] Sep 17, 2025 1:37:28 PM java.util.prefs.FileSystemPreferences syncWorld
2025-09-17 13:37:28,661 [ERROR] LogOutputStream:75 - [STDERR_REDIRECT] WARNING: Couldn't flush system prefs: java.util.prefs.BackingStoreException: Couldn't get file lock.
2025-09-17 13:37:28,661 [ERROR] LogOutputStream:75 - [STDERR_REDIRECT] 
2025-09-17 13:37:58,660 [ERROR] LogOutputStream:75 - [STDERR_REDIRECT] Sep 17, 2025 1:37:58 PM java.util.prefs.FileSystemPreferences checkLockFile0ErrorCode
2025-09-17 13:37:58,660 [ERROR] LogOutputStream:75 - [STDERR_REDIRECT] WARNING: Could not lock System prefs. Unix error code 2.
2025-09-17 13:37:58,660 [ERROR] LogOutputStream:75 - [STDERR_REDIRECT] 
2025-09-17 13:37:58,661 [ERROR] LogOutputStream:75 - [STDERR_REDIRECT] Sep 17, 2025 1:37:58 PM java.util.prefs.FileSystemPreferences syncWorld
2025-09-17 13:37:58,661 [ERROR] LogOutputStream:75 - [STDERR_REDIRECT] WARNING: Couldn't flush system prefs: java.util.prefs.BackingStoreException: Couldn't get file lock.
2025-09-17 13:37:58,661 [ERROR] LogOutputStream:75 - [STDERR_REDIRECT] 
2025-09-17 13:38:28,660 [ERROR] LogOutputStream:75 - [STDERR_REDIRECT] Sep 17, 2025 1:38:28 PM java.util.prefs.FileSystemPreferences checkLockFile0ErrorCode
2025-09-17 13:38:28,660 [ERROR] LogOutputStream:75 - [STDERR_REDIRECT] WARNING: Could not lock System prefs. Unix error code 2.
2025-09-17 13:38:28,660 [ERROR] LogOutputStream:75 - [STDERR_REDIRECT] 
2025-09-17 13:38:28,660 [ERROR] LogOutputStream:75 - [STDERR_REDIRECT] Sep 17, 2025 1:38:28 PM java.util.prefs.FileSystemPreferences syncWorld
2025-09-17 13:38:28,660 [ERROR] LogOutputStream:75 - [STDERR_REDIRECT] WARNING: Couldn't flush system prefs: java.util.prefs.BackingStoreException: Couldn't get file lock.
2025-09-17 13:38:28,661 [ERROR] LogOutputStream:75 - [STDERR_REDIRECT] 
2025-09-17 13:38:58,660 [ERROR] LogOutputStream:75 - [STDERR_REDIRECT] Sep 17, 2025 1:38:58 PM java.util.prefs.FileSystemPreferences checkLockFile0ErrorCode
2025-09-17 13:38:58,660 [ERROR] LogOutputStream:75 - [STDERR_REDIRECT] WARNING: Could not lock System prefs. Unix error code 2.
2025-09-17 13:38:58,660 [ERROR] LogOutputStream:75 - [STDERR_REDIRECT] 
2025-09-17 13:38:58,660 [ERROR] LogOutputStream:75 - [STDERR_REDIRECT] Sep 17, 2025 1:38:58 PM java.util.prefs.FileSystemPreferences syncWorld
2025-09-17 13:38:58,661 [ERROR] LogOutputStream:75 - [STDERR_REDIRECT] WARNING: Couldn't flush system prefs: java.util.prefs.BackingStoreException: Couldn't get file lock.
2025-09-17 13:38:58,661 [ERROR] LogOutputStream:75 - [STDERR_REDIRECT] 
2025-09-17 13:39:28,660 [ERROR] LogOutputStream:75 - [STDERR_REDIRECT] Sep 17, 2025 1:39:28 PM java.util.prefs.FileSystemPreferences checkLockFile0ErrorCode
2025-09-17 13:39:28,661 [ERROR] LogOutputStream:75 - [STDERR_REDIRECT] WARNING: Could not lock System prefs. Unix error code 2.
2025-09-17 13:39:28,661 [ERROR] LogOutputStream:75 - [STDERR_REDIRECT] 
2025-09-17 13:39:28,661 [ERROR] LogOutputStream:75 - [STDERR_REDIRECT] Sep 17, 2025 1:39:28 PM java.util.prefs.FileSystemPreferences syncWorld
2025-09-17 13:39:28,661 [ERROR] LogOutputStream:75 - [STDERR_REDIRECT] WARNING: Couldn't flush system prefs: java.util.prefs.BackingStoreException: Couldn't get file lock.
2025-09-17 13:39:28,661 [ERROR] LogOutputStream:75 - [STDERR_REDIRECT] 
2025-09-17 13:39:58,661 [ERROR] LogOutputStream:75 - [STDERR_REDIRECT] Sep 17, 2025 1:39:58 PM java.util.prefs.FileSystemPreferences checkLockFile0ErrorCode
2025-09-17 13:39:58,661 [ERROR] LogOutputStream:75 - [STDERR_REDIRECT] WARNING: Could not lock System prefs. Unix error code 2.
2025-09-17 13:39:58,661 [ERROR] LogOutputStream:75 - [STDERR_REDIRECT] 
2025-09-17 13:39:58,661 [ERROR] LogOutputStream:75 - [STDERR_REDIRECT] Sep 17, 2025 1:39:58 PM java.util.prefs.FileSystemPreferences syncWorld
2025-09-17 13:39:58,661 [ERROR] LogOutputStream:75 - [STDERR_REDIRECT] WARNING: Couldn't flush system prefs: java.util.prefs.BackingStoreException: Couldn't get file lock.
2025-09-17 13:39:58,661 [ERROR] LogOutputStream:75 - [STDERR_REDIRECT] 
2025-09-17 13:40:28,660 [ERROR] LogOutputStream:75 - [STDERR_REDIRECT] Sep 17, 2025 1:40:28 PM java.util.prefs.FileSystemPreferences checkLockFile0ErrorCode
2025-09-17 13:40:28,661 [ERROR] LogOutputStream:75 - [STDERR_REDIRECT] WARNING: Could not lock System prefs. Unix error code 2.
2025-09-17 13:40:28,661 [ERROR] LogOutputStream:75 - [STDERR_REDIRECT] 
2025-09-17 13:40:28,661 [ERROR] LogOutputStream:75 - [STDERR_REDIRECT] Sep 17, 2025 1:40:28 PM java.util.prefs.FileSystemPreferences syncWorld
2025-09-17 13:40:28,661 [ERROR] LogOutputStream:75 - [STDERR_REDIRECT] WARNING: Couldn't flush system prefs: java.util.prefs.BackingStoreException: Couldn't get file lock.
2025-09-17 13:40:28,661 [ERROR] LogOutputStream:75 - [STDERR_REDIRECT] 
2025-09-17 13:40:58,660 [ERROR] LogOutputStream:75 - [STDERR_REDIRECT] Sep 17, 2025 1:40:58 PM java.util.prefs.FileSystemPreferences checkLockFile0ErrorCode
2025-09-17 13:40:58,661 [ERROR] LogOutputStream:75 - [STDERR_REDIRECT] WARNING: Could not lock System prefs. Unix error code 2.
2025-09-17 13:40:58,661 [ERROR] LogOutputStream:75 - [STDERR_REDIRECT] 
2025-09-17 13:40:58,661 [ERROR] LogOutputStream:75 - [STDERR_REDIRECT] Sep 17, 2025 1:40:58 PM java.util.prefs.FileSystemPreferences syncWorld
2025-09-17 13:40:58,661 [ERROR] LogOutputStream:75 - [STDERR_REDIRECT] WARNING: Couldn't flush system prefs: java.util.prefs.BackingStoreException: Couldn't get file lock.
2025-09-17 13:40:58,661 [ERROR] LogOutputStream:75 - [STDERR_REDIRECT] 
2025-09-17 13:41:28,661 [ERROR] LogOutputStream:75 - [STDERR_REDIRECT] Sep 17, 2025 1:41:28 PM java.util.prefs.FileSystemPreferences checkLockFile0ErrorCode
2025-09-17 13:41:28,661 [ERROR] LogOutputStream:75 - [STDERR_REDIRECT] WARNING: Could not lock System prefs. Unix error code 2.
2025-09-17 13:41:28,661 [ERROR] LogOutputStream:75 - [STDERR_REDIRECT] 
2025-09-17 13:41:28,662 [ERROR] LogOutputStream:75 - [STDERR_REDIRECT] Sep 17, 2025 1:41:28 PM java.util.prefs.FileSystemPreferences syncWorld
2025-09-17 13:41:28,662 [ERROR] LogOutputStream:75 - [STDERR_REDIRECT] WARNING: Couldn't flush system prefs: java.util.prefs.BackingStoreException: Couldn't get file lock.
2025-09-17 13:41:28,662 [ERROR] LogOutputStream:75 - [STDERR_REDIRECT] 
2025-09-17 13:41:58,661 [ERROR] LogOutputStream:75 - [STDERR_REDIRECT] Sep 17, 2025 1:41:58 PM java.util.prefs.FileSystemPreferences checkLockFile0ErrorCode
2025-09-17 13:41:58,661 [ERROR] LogOutputStream:75 - [STDERR_REDIRECT] WARNING: Could not lock System prefs. Unix error code 2.
2025-09-17 13:41:58,662 [ERROR] LogOutputStream:75 - [STDERR_REDIRECT] 
2025-09-17 13:41:58,662 [ERROR] LogOutputStream:75 - [STDERR_REDIRECT] Sep 17, 2025 1:41:58 PM java.util.prefs.FileSystemPreferences syncWorld
2025-09-17 13:41:58,662 [ERROR] LogOutputStream:75 - [STDERR_REDIRECT] WARNING: Couldn't flush system prefs: java.util.prefs.BackingStoreException: Couldn't get file lock.
2025-09-17 13:41:58,662 [ERROR] LogOutputStream:75 - [STDERR_REDIRECT] 
2025-09-17 13:42:28,661 [ERROR] LogOutputStream:75 - [STDERR_REDIRECT] Sep 17, 2025 1:42:28 PM java.util.prefs.FileSystemPreferences checkLockFile0ErrorCode
2025-09-17 13:42:28,661 [ERROR] LogOutputStream:75 - [STDERR_REDIRECT] WARNING: Could not lock System prefs. Unix error code 2.
2025-09-17 13:42:28,661 [ERROR] LogOutputStream:75 - [STDERR_REDIRECT] 
2025-09-17 13:42:28,661 [ERROR] LogOutputStream:75 - [STDERR_REDIRECT] Sep 17, 2025 1:42:28 PM java.util.prefs.FileSystemPreferences syncWorld
2025-09-17 13:42:28,661 [ERROR] LogOutputStream:75 - [STDERR_REDIRECT] WARNING: Couldn't flush system prefs: java.util.prefs.BackingStoreException: Couldn't get file lock.
2025-09-17 13:42:28,661 [ERROR] LogOutputStream:75 - [STDERR_REDIRECT] 
2025-09-17 13:42:58,662 [ERROR] LogOutputStream:75 - [STDERR_REDIRECT] Sep 17, 2025 1:42:58 PM java.util.prefs.FileSystemPreferences checkLockFile0ErrorCode
2025-09-17 13:42:58,662 [ERROR] LogOutputStream:75 - [STDERR_REDIRECT] WARNING: Could not lock System prefs. Unix error code 2.
2025-09-17 13:42:58,662 [ERROR] LogOutputStream:75 - [STDERR_REDIRECT] 
2025-09-17 13:42:58,662 [ERROR] LogOutputStream:75 - [STDERR_REDIRECT] Sep 17, 2025 1:42:58 PM java.util.prefs.FileSystemPreferences syncWorld
2025-09-17 13:42:58,662 [ERROR] LogOutputStream:75 - [STDERR_REDIRECT] WARNING: Couldn't flush system prefs: java.util.prefs.BackingStoreException: Couldn't get file lock.
2025-09-17 13:42:58,662 [ERROR] LogOutputStream:75 - [STDERR_REDIRECT] 
2025-09-17 13:43:28,662 [ERROR] LogOutputStream:75 - [STDERR_REDIRECT] Sep 17, 2025 1:43:28 PM java.util.prefs.FileSystemPreferences checkLockFile0ErrorCode
2025-09-17 13:43:28,662 [ERROR] LogOutputStream:75 - [STDERR_REDIRECT] WARNING: Could not lock System prefs. Unix error code 2.
2025-09-17 13:43:28,662 [ERROR] LogOutputStream:75 - [STDERR_REDIRECT] 
2025-09-17 13:43:28,662 [ERROR] LogOutputStream:75 - [STDERR_REDIRECT] Sep 17, 2025 1:43:28 PM java.util.prefs.FileSystemPreferences syncWorld
2025-09-17 13:43:28,662 [ERROR] LogOutputStream:75 - [STDERR_REDIRECT] WARNING: Couldn't flush system prefs: java.util.prefs.BackingStoreException: Couldn't get file lock.
2025-09-17 13:43:28,663 [ERROR] LogOutputStream:75 - [STDERR_REDIRECT] 
2025-09-17 13:43:58,662 [ERROR] LogOutputStream:75 - [STDERR_REDIRECT] Sep 17, 2025 1:43:58 PM java.util.prefs.FileSystemPreferences checkLockFile0ErrorCode
2025-09-17 13:43:58,662 [ERROR] LogOutputStream:75 - [STDERR_REDIRECT] WARNING: Could not lock System prefs. Unix error code 2.
2025-09-17 13:43:58,662 [ERROR] LogOutputStream:75 - [STDERR_REDIRECT] 
2025-09-17 13:43:58,662 [ERROR] LogOutputStream:75 - [STDERR_REDIRECT] Sep 17, 2025 1:43:58 PM java.util.prefs.FileSystemPreferences syncWorld
2025-09-17 13:43:58,662 [ERROR] LogOutputStream:75 - [STDERR_REDIRECT] WARNING: Couldn't flush system prefs: java.util.prefs.BackingStoreException: Couldn't get file lock.
2025-09-17 13:43:58,662 [ERROR] LogOutputStream:75 - [STDERR_REDIRECT] 
2025-09-17 13:44:28,662 [ERROR] LogOutputStream:75 - [STDERR_REDIRECT] Sep 17, 2025 1:44:28 PM java.util.prefs.FileSystemPreferences checkLockFile0ErrorCode
2025-09-17 13:44:28,662 [ERROR] LogOutputStream:75 - [STDERR_REDIRECT] WARNING: Could not lock System prefs. Unix error code 2.
2025-09-17 13:44:28,663 [ERROR] LogOutputStream:75 - [STDERR_REDIRECT] 
2025-09-17 13:44:28,663 [ERROR] LogOutputStream:75 - [STDERR_REDIRECT] Sep 17, 2025 1:44:28 PM java.util.prefs.FileSystemPreferences syncWorld
2025-09-17 13:44:28,663 [ERROR] LogOutputStream:75 - [STDERR_REDIRECT] WARNING: Couldn't flush system prefs: java.util.prefs.BackingStoreException: Couldn't get file lock.
2025-09-17 13:44:28,663 [ERROR] LogOutputStream:75 - [STDERR_REDIRECT] 
2025-09-17 13:44:58,662 [ERROR] LogOutputStream:75 - [STDERR_REDIRECT] Sep 17, 2025 1:44:58 PM java.util.prefs.FileSystemPreferences checkLockFile0ErrorCode
2025-09-17 13:44:58,662 [ERROR] LogOutputStream:75 - [STDERR_REDIRECT] WARNING: Could not lock System prefs. Unix error code 2.
2025-09-17 13:44:58,662 [ERROR] LogOutputStream:75 - [STDERR_REDIRECT] 
2025-09-17 13:44:58,662 [ERROR] LogOutputStream:75 - [STDERR_REDIRECT] Sep 17, 2025 1:44:58 PM java.util.prefs.FileSystemPreferences syncWorld
2025-09-17 13:44:58,662 [ERROR] LogOutputStream:75 - [STDERR_REDIRECT] WARNING: Couldn't flush system prefs: java.util.prefs.BackingStoreException: Couldn't get file lock.
2025-09-17 13:44:58,663 [ERROR] LogOutputStream:75 - [STDERR_REDIRECT] 
2025-09-17 13:45:28,661 [ERROR] LogOutputStream:75 - [STDERR_REDIRECT] Sep 17, 2025 1:45:28 PM java.util.prefs.FileSystemPreferences checkLockFile0ErrorCode
2025-09-17 13:45:28,661 [ERROR] LogOutputStream:75 - [STDERR_REDIRECT] WARNING: Could not lock System prefs. Unix error code 2.
2025-09-17 13:45:28,661 [ERROR] LogOutputStream:75 - [STDERR_REDIRECT] 
2025-09-17 13:45:28,662 [ERROR] LogOutputStream:75 - [STDERR_REDIRECT] Sep 17, 2025 1:45:28 PM java.util.prefs.FileSystemPreferences syncWorld
2025-09-17 13:45:28,662 [ERROR] LogOutputStream:75 - [STDERR_REDIRECT] WARNING: Couldn't flush system prefs: java.util.prefs.BackingStoreException: Couldn't get file lock.
2025-09-17 13:45:28,662 [ERROR] LogOutputStream:75 - [STDERR_REDIRECT] 
2025-09-17 13:45:58,662 [ERROR] LogOutputStream:75 - [STDERR_REDIRECT] Sep 17, 2025 1:45:58 PM java.util.prefs.FileSystemPreferences checkLockFile0ErrorCode
2025-09-17 13:45:58,662 [ERROR] LogOutputStream:75 - [STDERR_REDIRECT] WARNING: Could not lock System prefs. Unix error code 2.
2025-09-17 13:45:58,662 [ERROR] LogOutputStream:75 - [STDERR_REDIRECT] 
2025-09-17 13:45:58,662 [ERROR] LogOutputStream:75 - [STDERR_REDIRECT] Sep 17, 2025 1:45:58 PM java.util.prefs.FileSystemPreferences syncWorld
2025-09-17 13:45:58,662 [ERROR] LogOutputStream:75 - [STDERR_REDIRECT] WARNING: Couldn't flush system prefs: java.util.prefs.BackingStoreException: Couldn't get file lock.
2025-09-17 13:45:58,662 [ERROR] LogOutputStream:75 - [STDERR_REDIRECT] 
2025-09-17 13:46:28,662 [ERROR] LogOutputStream:75 - [STDERR_REDIRECT] Sep 17, 2025 1:46:28 PM java.util.prefs.FileSystemPreferences checkLockFile0ErrorCode
2025-09-17 13:46:28,662 [ERROR] LogOutputStream:75 - [STDERR_REDIRECT] WARNING: Could not lock System prefs. Unix error code 2.
2025-09-17 13:46:28,663 [ERROR] LogOutputStream:75 - [STDERR_REDIRECT] 
2025-09-17 13:46:28,663 [ERROR] LogOutputStream:75 - [STDERR_REDIRECT] Sep 17, 2025 1:46:28 PM java.util.prefs.FileSystemPreferences syncWorld
2025-09-17 13:46:28,663 [ERROR] LogOutputStream:75 - [STDERR_REDIRECT] WARNING: Couldn't flush system prefs: java.util.prefs.BackingStoreException: Couldn't get file lock.
2025-09-17 13:46:28,663 [ERROR] LogOutputStream:75 - [STDERR_REDIRECT] 
2025-09-17 13:46:58,662 [ERROR] LogOutputStream:75 - [STDERR_REDIRECT] Sep 17, 2025 1:46:58 PM java.util.prefs.FileSystemPreferences checkLockFile0ErrorCode
2025-09-17 13:46:58,662 [ERROR] LogOutputStream:75 - [STDERR_REDIRECT] WARNING: Could not lock System prefs. Unix error code 2.
2025-09-17 13:46:58,662 [ERROR] LogOutputStream:75 - [STDERR_REDIRECT] 
2025-09-17 13:46:58,662 [ERROR] LogOutputStream:75 - [STDERR_REDIRECT] Sep 17, 2025 1:46:58 PM java.util.prefs.FileSystemPreferences syncWorld
2025-09-17 13:46:58,663 [ERROR] LogOutputStream:75 - [STDERR_REDIRECT] WARNING: Couldn't flush system prefs: java.util.prefs.BackingStoreException: Couldn't get file lock.
2025-09-17 13:46:58,663 [ERROR] LogOutputStream:75 - [STDERR_REDIRECT] 
2025-09-17 13:47:28,661 [ERROR] LogOutputStream:75 - [STDERR_REDIRECT] Sep 17, 2025 1:47:28 PM java.util.prefs.FileSystemPreferences checkLockFile0ErrorCode
2025-09-17 13:47:28,662 [ERROR] LogOutputStream:75 - [STDERR_REDIRECT] WARNING: Could not lock System prefs. Unix error code 2.
2025-09-17 13:47:28,662 [ERROR] LogOutputStream:75 - [STDERR_REDIRECT] 
2025-09-17 13:47:28,662 [ERROR] LogOutputStream:75 - [STDERR_REDIRECT] Sep 17, 2025 1:47:28 PM java.util.prefs.FileSystemPreferences syncWorld
2025-09-17 13:47:28,662 [ERROR] LogOutputStream:75 - [STDERR_REDIRECT] WARNING: Couldn't flush system prefs: java.util.prefs.BackingStoreException: Couldn't get file lock.
2025-09-17 13:47:28,662 [ERROR] LogOutputStream:75 - [STDERR_REDIRECT] 
2025-09-17 13:47:58,662 [ERROR] LogOutputStream:75 - [STDERR_REDIRECT] Sep 17, 2025 1:47:58 PM java.util.prefs.FileSystemPreferences checkLockFile0ErrorCode
2025-09-17 13:47:58,662 [ERROR] LogOutputStream:75 - [STDERR_REDIRECT] WARNING: Could not lock System prefs. Unix error code 2.
2025-09-17 13:47:58,662 [ERROR] LogOutputStream:75 - [STDERR_REDIRECT] 
2025-09-17 13:47:58,663 [ERROR] LogOutputStream:75 - [STDERR_REDIRECT] Sep 17, 2025 1:47:58 PM java.util.prefs.FileSystemPreferences syncWorld
2025-09-17 13:47:58,663 [ERROR] LogOutputStream:75 - [STDERR_REDIRECT] WARNING: Couldn't flush system prefs: java.util.prefs.BackingStoreException: Couldn't get file lock.
2025-09-17 13:47:58,663 [ERROR] LogOutputStream:75 - [STDERR_REDIRECT] 
2025-09-17 13:48:28,661 [ERROR] LogOutputStream:75 - [STDERR_REDIRECT] Sep 17, 2025 1:48:28 PM java.util.prefs.FileSystemPreferences checkLockFile0ErrorCode
2025-09-17 13:48:28,661 [ERROR] LogOutputStream:75 - [STDERR_REDIRECT] WARNING: Could not lock System prefs. Unix error code 2.
2025-09-17 13:48:28,662 [ERROR] LogOutputStream:75 - [STDERR_REDIRECT] 
2025-09-17 13:48:28,662 [ERROR] LogOutputStream:75 - [STDERR_REDIRECT] Sep 17, 2025 1:48:28 PM java.util.prefs.FileSystemPreferences syncWorld
2025-09-17 13:48:28,662 [ERROR] LogOutputStream:75 - [STDERR_REDIRECT] WARNING: Couldn't flush system prefs: java.util.prefs.BackingStoreException: Couldn't get file lock.
2025-09-17 13:48:28,662 [ERROR] LogOutputStream:75 - [STDERR_REDIRECT] 
2025-09-17 13:48:58,662 [ERROR] LogOutputStream:75 - [STDERR_REDIRECT] Sep 17, 2025 1:48:58 PM java.util.prefs.FileSystemPreferences checkLockFile0ErrorCode
2025-09-17 13:48:58,663 [ERROR] LogOutputStream:75 - [STDERR_REDIRECT] WARNING: Could not lock System prefs. Unix error code 2.
2025-09-17 13:48:58,663 [ERROR] LogOutputStream:75 - [STDERR_REDIRECT] 
2025-09-17 13:48:58,663 [ERROR] LogOutputStream:75 - [STDERR_REDIRECT] Sep 17, 2025 1:48:58 PM java.util.prefs.FileSystemPreferences syncWorld
2025-09-17 13:48:58,663 [ERROR] LogOutputStream:75 - [STDERR_REDIRECT] WARNING: Couldn't flush system prefs: java.util.prefs.BackingStoreException: Couldn't get file lock.
2025-09-17 13:48:58,663 [ERROR] LogOutputStream:75 - [STDERR_REDIRECT] 
2025-09-17 13:49:28,662 [ERROR] LogOutputStream:75 - [STDERR_REDIRECT] Sep 17, 2025 1:49:28 PM java.util.prefs.FileSystemPreferences checkLockFile0ErrorCode
2025-09-17 13:49:28,662 [ERROR] LogOutputStream:75 - [STDERR_REDIRECT] WARNING: Could not lock System prefs. Unix error code 2.
2025-09-17 13:49:28,662 [ERROR] LogOutputStream:75 - [STDERR_REDIRECT] 
2025-09-17 13:49:28,662 [ERROR] LogOutputStream:75 - [STDERR_REDIRECT] Sep 17, 2025 1:49:28 PM java.util.prefs.FileSystemPreferences syncWorld
2025-09-17 13:49:28,662 [ERROR] LogOutputStream:75 - [STDERR_REDIRECT] WARNING: Couldn't flush system prefs: java.util.prefs.BackingStoreException: Couldn't get file lock.
2025-09-17 13:49:28,662 [ERROR] LogOutputStream:75 - [STDERR_REDIRECT] 
2025-09-17 13:49:58,662 [ERROR] LogOutputStream:75 - [STDERR_REDIRECT] Sep 17, 2025 1:49:58 PM java.util.prefs.FileSystemPreferences checkLockFile0ErrorCode
2025-09-17 13:49:58,662 [ERROR] LogOutputStream:75 - [STDERR_REDIRECT] WARNING: Could not lock System prefs. Unix error code 2.
2025-09-17 13:49:58,662 [ERROR] LogOutputStream:75 - [STDERR_REDIRECT] 
2025-09-17 13:49:58,662 [ERROR] LogOutputStream:75 - [STDERR_REDIRECT] Sep 17, 2025 1:49:58 PM java.util.prefs.FileSystemPreferences syncWorld
2025-09-17 13:49:58,662 [ERROR] LogOutputStream:75 - [STDERR_REDIRECT] WARNING: Couldn't flush system prefs: java.util.prefs.BackingStoreException: Couldn't get file lock.
2025-09-17 13:49:58,662 [ERROR] LogOutputStream:75 - [STDERR_REDIRECT] 
2025-09-17 13:50:28,663 [ERROR] LogOutputStream:75 - [STDERR_REDIRECT] Sep 17, 2025 1:50:28 PM java.util.prefs.FileSystemPreferences checkLockFile0ErrorCode
2025-09-17 13:50:28,663 [ERROR] LogOutputStream:75 - [STDERR_REDIRECT] WARNING: Could not lock System prefs. Unix error code 2.
2025-09-17 13:50:28,663 [ERROR] LogOutputStream:75 - [STDERR_REDIRECT] 
2025-09-17 13:50:28,663 [ERROR] LogOutputStream:75 - [STDERR_REDIRECT] Sep 17, 2025 1:50:28 PM java.util.prefs.FileSystemPreferences syncWorld
2025-09-17 13:50:28,663 [ERROR] LogOutputStream:75 - [STDERR_REDIRECT] WARNING: Couldn't flush system prefs: java.util.prefs.BackingStoreException: Couldn't get file lock.
2025-09-17 13:50:28,663 [ERROR] LogOutputStream:75 - [STDERR_REDIRECT] 
2025-09-17 13:50:58,663 [ERROR] LogOutputStream:75 - [STDERR_REDIRECT] Sep 17, 2025 1:50:58 PM java.util.prefs.FileSystemPreferences checkLockFile0ErrorCode
2025-09-17 13:50:58,663 [ERROR] LogOutputStream:75 - [STDERR_REDIRECT] WARNING: Could not lock System prefs. Unix error code 2.
2025-09-17 13:50:58,663 [ERROR] LogOutputStream:75 - [STDERR_REDIRECT] 
2025-09-17 13:50:58,664 [ERROR] LogOutputStream:75 - [STDERR_REDIRECT] Sep 17, 2025 1:50:58 PM java.util.prefs.FileSystemPreferences syncWorld
2025-09-17 13:50:58,664 [ERROR] LogOutputStream:75 - [STDERR_REDIRECT] WARNING: Couldn't flush system prefs: java.util.prefs.BackingStoreException: Couldn't get file lock.
2025-09-17 13:50:58,664 [ERROR] LogOutputStream:75 - [STDERR_REDIRECT] 
2025-09-17 13:51:28,663 [ERROR] LogOutputStream:75 - [STDERR_REDIRECT] Sep 17, 2025 1:51:28 PM java.util.prefs.FileSystemPreferences checkLockFile0ErrorCode
2025-09-17 13:51:28,663 [ERROR] LogOutputStream:75 - [STDERR_REDIRECT] WARNING: Could not lock System prefs. Unix error code 2.
2025-09-17 13:51:28,663 [ERROR] LogOutputStream:75 - [STDERR_REDIRECT] 
2025-09-17 13:51:28,664 [ERROR] LogOutputStream:75 - [STDERR_REDIRECT] Sep 17, 2025 1:51:28 PM java.util.prefs.FileSystemPreferences syncWorld
2025-09-17 13:51:28,664 [ERROR] LogOutputStream:75 - [STDERR_REDIRECT] WARNING: Couldn't flush system prefs: java.util.prefs.BackingStoreException: Couldn't get file lock.
2025-09-17 13:51:28,664 [ERROR] LogOutputStream:75 - [STDERR_REDIRECT] 
2025-09-17 13:51:58,662 [ERROR] LogOutputStream:75 - [STDERR_REDIRECT] Sep 17, 2025 1:51:58 PM java.util.prefs.FileSystemPreferences checkLockFile0ErrorCode
2025-09-17 13:51:58,663 [ERROR] LogOutputStream:75 - [STDERR_REDIRECT] WARNING: Could not lock System prefs. Unix error code 2.
2025-09-17 13:51:58,663 [ERROR] LogOutputStream:75 - [STDERR_REDIRECT] 
2025-09-17 13:51:58,663 [ERROR] LogOutputStream:75 - [STDERR_REDIRECT] Sep 17, 2025 1:51:58 PM java.util.prefs.FileSystemPreferences syncWorld
2025-09-17 13:51:58,663 [ERROR] LogOutputStream:75 - [STDERR_REDIRECT] WARNING: Couldn't flush system prefs: java.util.prefs.BackingStoreException: Couldn't get file lock.
2025-09-17 13:51:58,663 [ERROR] LogOutputStream:75 - [STDERR_REDIRECT] 
2025-09-17 13:52:28,663 [ERROR] LogOutputStream:75 - [STDERR_REDIRECT] Sep 17, 2025 1:52:28 PM java.util.prefs.FileSystemPreferences checkLockFile0ErrorCode
2025-09-17 13:52:28,663 [ERROR] LogOutputStream:75 - [STDERR_REDIRECT] WARNING: Could not lock System prefs. Unix error code 2.
2025-09-17 13:52:28,663 [ERROR] LogOutputStream:75 - [STDERR_REDIRECT] 
2025-09-17 13:52:28,663 [ERROR] LogOutputStream:75 - [STDERR_REDIRECT] Sep 17, 2025 1:52:28 PM java.util.prefs.FileSystemPreferences syncWorld
2025-09-17 13:52:28,663 [ERROR] LogOutputStream:75 - [STDERR_REDIRECT] WARNING: Couldn't flush system prefs: java.util.prefs.BackingStoreException: Couldn't get file lock.
2025-09-17 13:52:28,663 [ERROR] LogOutputStream:75 - [STDERR_REDIRECT] 
2025-09-17 13:52:58,663 [ERROR] LogOutputStream:75 - [STDERR_REDIRECT] Sep 17, 2025 1:52:58 PM java.util.prefs.FileSystemPreferences checkLockFile0ErrorCode
2025-09-17 13:52:58,663 [ERROR] LogOutputStream:75 - [STDERR_REDIRECT] WARNING: Could not lock System prefs. Unix error code 2.
2025-09-17 13:52:58,664 [ERROR] LogOutputStream:75 - [STDERR_REDIRECT] 
2025-09-17 13:52:58,664 [ERROR] LogOutputStream:75 - [STDERR_REDIRECT] Sep 17, 2025 1:52:58 PM java.util.prefs.FileSystemPreferences syncWorld
2025-09-17 13:52:58,664 [ERROR] LogOutputStream:75 - [STDERR_REDIRECT] WARNING: Couldn't flush system prefs: java.util.prefs.BackingStoreException: Couldn't get file lock.
2025-09-17 13:52:58,664 [ERROR] LogOutputStream:75 - [STDERR_REDIRECT] 
2025-09-17 13:53:28,664 [ERROR] LogOutputStream:75 - [STDERR_REDIRECT] Sep 17, 2025 1:53:28 PM java.util.prefs.FileSystemPreferences checkLockFile0ErrorCode
2025-09-17 13:53:28,664 [ERROR] LogOutputStream:75 - [STDERR_REDIRECT] WARNING: Could not lock System prefs. Unix error code 2.
2025-09-17 13:53:28,664 [ERROR] LogOutputStream:75 - [STDERR_REDIRECT] 
2025-09-17 13:53:28,664 [ERROR] LogOutputStream:75 - [STDERR_REDIRECT] Sep 17, 2025 1:53:28 PM java.util.prefs.FileSystemPreferences syncWorld
2025-09-17 13:53:28,664 [ERROR] LogOutputStream:75 - [STDERR_REDIRECT] WARNING: Couldn't flush system prefs: java.util.prefs.BackingStoreException: Couldn't get file lock.
2025-09-17 13:53:28,664 [ERROR] LogOutputStream:75 - [STDERR_REDIRECT] 
2025-09-17 13:53:58,664 [ERROR] LogOutputStream:75 - [STDERR_REDIRECT] Sep 17, 2025 1:53:58 PM java.util.prefs.FileSystemPreferences checkLockFile0ErrorCode
2025-09-17 13:53:58,665 [ERROR] LogOutputStream:75 - [STDERR_REDIRECT] WARNING: Could not lock System prefs. Unix error code 2.
2025-09-17 13:53:58,665 [ERROR] LogOutputStream:75 - [STDERR_REDIRECT] 
2025-09-17 13:53:58,665 [ERROR] LogOutputStream:75 - [STDERR_REDIRECT] Sep 17, 2025 1:53:58 PM java.util.prefs.FileSystemPreferences syncWorld
2025-09-17 13:53:58,665 [ERROR] LogOutputStream:75 - [STDERR_REDIRECT] WARNING: Couldn't flush system prefs: java.util.prefs.BackingStoreException: Couldn't get file lock.
2025-09-17 13:53:58,665 [ERROR] LogOutputStream:75 - [STDERR_REDIRECT] 
2025-09-17 13:54:28,663 [ERROR] LogOutputStream:75 - [STDERR_REDIRECT] Sep 17, 2025 1:54:28 PM java.util.prefs.FileSystemPreferences checkLockFile0ErrorCode
2025-09-17 13:54:28,664 [ERROR] LogOutputStream:75 - [STDERR_REDIRECT] WARNING: Could not lock System prefs. Unix error code 2.
2025-09-17 13:54:28,664 [ERROR] LogOutputStream:75 - [STDERR_REDIRECT] 
2025-09-17 13:54:28,664 [ERROR] LogOutputStream:75 - [STDERR_REDIRECT] Sep 17, 2025 1:54:28 PM java.util.prefs.FileSystemPreferences syncWorld
2025-09-17 13:54:28,664 [ERROR] LogOutputStream:75 - [STDERR_REDIRECT] WARNING: Couldn't flush system prefs: java.util.prefs.BackingStoreException: Couldn't get file lock.
2025-09-17 13:54:28,664 [ERROR] LogOutputStream:75 - [STDERR_REDIRECT] 
2025-09-17 13:54:58,663 [ERROR] LogOutputStream:75 - [STDERR_REDIRECT] Sep 17, 2025 1:54:58 PM java.util.prefs.FileSystemPreferences checkLockFile0ErrorCode
2025-09-17 13:54:58,663 [ERROR] LogOutputStream:75 - [STDERR_REDIRECT] WARNING: Could not lock System prefs. Unix error code 2.
2025-09-17 13:54:58,664 [ERROR] LogOutputStream:75 - [STDERR_REDIRECT] 
2025-09-17 13:54:58,664 [ERROR] LogOutputStream:75 - [STDERR_REDIRECT] Sep 17, 2025 1:54:58 PM java.util.prefs.FileSystemPreferences syncWorld
2025-09-17 13:54:58,664 [ERROR] LogOutputStream:75 - [STDERR_REDIRECT] WARNING: Couldn't flush system prefs: java.util.prefs.BackingStoreException: Couldn't get file lock.
2025-09-17 13:54:58,664 [ERROR] LogOutputStream:75 - [STDERR_REDIRECT] 
2025-09-17 13:55:28,664 [ERROR] LogOutputStream:75 - [STDERR_REDIRECT] Sep 17, 2025 1:55:28 PM java.util.prefs.FileSystemPreferences checkLockFile0ErrorCode
2025-09-17 13:55:28,664 [ERROR] LogOutputStream:75 - [STDERR_REDIRECT] WARNING: Could not lock System prefs. Unix error code 2.
2025-09-17 13:55:28,664 [ERROR] LogOutputStream:75 - [STDERR_REDIRECT] 
2025-09-17 13:55:28,664 [ERROR] LogOutputStream:75 - [STDERR_REDIRECT] Sep 17, 2025 1:55:28 PM java.util.prefs.FileSystemPreferences syncWorld
2025-09-17 13:55:28,664 [ERROR] LogOutputStream:75 - [STDERR_REDIRECT] WARNING: Couldn't flush system prefs: java.util.prefs.BackingStoreException: Couldn't get file lock.
2025-09-17 13:55:28,664 [ERROR] LogOutputStream:75 - [STDERR_REDIRECT] 
2025-09-17 13:55:58,664 [ERROR] LogOutputStream:75 - [STDERR_REDIRECT] Sep 17, 2025 1:55:58 PM java.util.prefs.FileSystemPreferences checkLockFile0ErrorCode
2025-09-17 13:55:58,664 [ERROR] LogOutputStream:75 - [STDERR_REDIRECT] WARNING: Could not lock System prefs. Unix error code 2.
2025-09-17 13:55:58,665 [ERROR] LogOutputStream:75 - [STDERR_REDIRECT] 
2025-09-17 13:55:58,665 [ERROR] LogOutputStream:75 - [STDERR_REDIRECT] Sep 17, 2025 1:55:58 PM java.util.prefs.FileSystemPreferences syncWorld
2025-09-17 13:55:58,665 [ERROR] LogOutputStream:75 - [STDERR_REDIRECT] WARNING: Couldn't flush system prefs: java.util.prefs.BackingStoreException: Couldn't get file lock.
2025-09-17 13:55:58,665 [ERROR] LogOutputStream:75 - [STDERR_REDIRECT] 
2025-09-17 13:56:28,664 [ERROR] LogOutputStream:75 - [STDERR_REDIRECT] Sep 17, 2025 1:56:28 PM java.util.prefs.FileSystemPreferences checkLockFile0ErrorCode
2025-09-17 13:56:28,665 [ERROR] LogOutputStream:75 - [STDERR_REDIRECT] WARNING: Could not lock System prefs. Unix error code 2.
2025-09-17 13:56:28,665 [ERROR] LogOutputStream:75 - [STDERR_REDIRECT] 
2025-09-17 13:56:28,665 [ERROR] LogOutputStream:75 - [STDERR_REDIRECT] Sep 17, 2025 1:56:28 PM java.util.prefs.FileSystemPreferences syncWorld
2025-09-17 13:56:28,665 [ERROR] LogOutputStream:75 - [STDERR_REDIRECT] WARNING: Couldn't flush system prefs: java.util.prefs.BackingStoreException: Couldn't get file lock.
2025-09-17 13:56:28,665 [ERROR] LogOutputStream:75 - [STDERR_REDIRECT] 
2025-09-17 13:56:58,664 [ERROR] LogOutputStream:75 - [STDERR_REDIRECT] Sep 17, 2025 1:56:58 PM java.util.prefs.FileSystemPreferences checkLockFile0ErrorCode
2025-09-17 13:56:58,664 [ERROR] LogOutputStream:75 - [STDERR_REDIRECT] WARNING: Could not lock System prefs. Unix error code 2.
2025-09-17 13:56:58,664 [ERROR] LogOutputStream:75 - [STDERR_REDIRECT] 
2025-09-17 13:56:58,664 [ERROR] LogOutputStream:75 - [STDERR_REDIRECT] Sep 17, 2025 1:56:58 PM java.util.prefs.FileSystemPreferences syncWorld
2025-09-17 13:56:58,664 [ERROR] LogOutputStream:75 - [STDERR_REDIRECT] WARNING: Couldn't flush system prefs: java.util.prefs.BackingStoreException: Couldn't get file lock.
2025-09-17 13:56:58,664 [ERROR] LogOutputStream:75 - [STDERR_REDIRECT] 
2025-09-17 13:57:28,664 [ERROR] LogOutputStream:75 - [STDERR_REDIRECT] Sep 17, 2025 1:57:28 PM java.util.prefs.FileSystemPreferences checkLockFile0ErrorCode
2025-09-17 13:57:28,664 [ERROR] LogOutputStream:75 - [STDERR_REDIRECT] WARNING: Could not lock System prefs. Unix error code 2.
2025-09-17 13:57:28,664 [ERROR] LogOutputStream:75 - [STDERR_REDIRECT] 
2025-09-17 13:57:28,664 [ERROR] LogOutputStream:75 - [STDERR_REDIRECT] Sep 17, 2025 1:57:28 PM java.util.prefs.FileSystemPreferences syncWorld
2025-09-17 13:57:28,664 [ERROR] LogOutputStream:75 - [STDERR_REDIRECT] WARNING: Couldn't flush system prefs: java.util.prefs.BackingStoreException: Couldn't get file lock.
2025-09-17 13:57:28,665 [ERROR] LogOutputStream:75 - [STDERR_REDIRECT] 
2025-09-17 13:57:58,663 [ERROR] LogOutputStream:75 - [STDERR_REDIRECT] Sep 17, 2025 1:57:58 PM java.util.prefs.FileSystemPreferences checkLockFile0ErrorCode
2025-09-17 13:57:58,663 [ERROR] LogOutputStream:75 - [STDERR_REDIRECT] WARNING: Could not lock System prefs. Unix error code 2.
2025-09-17 13:57:58,663 [ERROR] LogOutputStream:75 - [STDERR_REDIRECT] 
2025-09-17 13:57:58,664 [ERROR] LogOutputStream:75 - [STDERR_REDIRECT] Sep 17, 2025 1:57:58 PM java.util.prefs.FileSystemPreferences syncWorld
2025-09-17 13:57:58,664 [ERROR] LogOutputStream:75 - [STDERR_REDIRECT] WARNING: Couldn't flush system prefs: java.util.prefs.BackingStoreException: Couldn't get file lock.
2025-09-17 13:57:58,664 [ERROR] LogOutputStream:75 - [STDERR_REDIRECT] 
2025-09-17 13:58:28,663 [ERROR] LogOutputStream:75 - [STDERR_REDIRECT] Sep 17, 2025 1:58:28 PM java.util.prefs.FileSystemPreferences checkLockFile0ErrorCode
2025-09-17 13:58:28,663 [ERROR] LogOutputStream:75 - [STDERR_REDIRECT] WARNING: Could not lock System prefs. Unix error code 2.
2025-09-17 13:58:28,663 [ERROR] LogOutputStream:75 - [STDERR_REDIRECT] 
2025-09-17 13:58:28,664 [ERROR] LogOutputStream:75 - [STDERR_REDIRECT] Sep 17, 2025 1:58:28 PM java.util.prefs.FileSystemPreferences syncWorld
2025-09-17 13:58:28,664 [ERROR] LogOutputStream:75 - [STDERR_REDIRECT] WARNING: Couldn't flush system prefs: java.util.prefs.BackingStoreException: Couldn't get file lock.
2025-09-17 13:58:28,664 [ERROR] LogOutputStream:75 - [STDERR_REDIRECT] 
2025-09-17 13:58:58,664 [ERROR] LogOutputStream:75 - [STDERR_REDIRECT] Sep 17, 2025 1:58:58 PM java.util.prefs.FileSystemPreferences checkLockFile0ErrorCode
2025-09-17 13:58:58,665 [ERROR] LogOutputStream:75 - [STDERR_REDIRECT] WARNING: Could not lock System prefs. Unix error code 2.
2025-09-17 13:58:58,665 [ERROR] LogOutputStream:75 - [STDERR_REDIRECT] 
2025-09-17 13:58:58,665 [ERROR] LogOutputStream:75 - [STDERR_REDIRECT] Sep 17, 2025 1:58:58 PM java.util.prefs.FileSystemPreferences syncWorld
2025-09-17 13:58:58,665 [ERROR] LogOutputStream:75 - [STDERR_REDIRECT] WARNING: Couldn't flush system prefs: java.util.prefs.BackingStoreException: Couldn't get file lock.
2025-09-17 13:58:58,665 [ERROR] LogOutputStream:75 - [STDERR_REDIRECT] 
2025-09-17 13:59:28,663 [ERROR] LogOutputStream:75 - [STDERR_REDIRECT] Sep 17, 2025 1:59:28 PM java.util.prefs.FileSystemPreferences checkLockFile0ErrorCode
2025-09-17 13:59:28,664 [ERROR] LogOutputStream:75 - [STDERR_REDIRECT] WARNING: Could not lock System prefs. Unix error code 2.
2025-09-17 13:59:28,664 [ERROR] LogOutputStream:75 - [STDERR_REDIRECT] 
2025-09-17 13:59:28,664 [ERROR] LogOutputStream:75 - [STDERR_REDIRECT] Sep 17, 2025 1:59:28 PM java.util.prefs.FileSystemPreferences syncWorld
2025-09-17 13:59:28,664 [ERROR] LogOutputStream:75 - [STDERR_REDIRECT] WARNING: Couldn't flush system prefs: java.util.prefs.BackingStoreException: Couldn't get file lock.
2025-09-17 13:59:28,664 [ERROR] LogOutputStream:75 - [STDERR_REDIRECT] 
2025-09-17 13:59:58,663 [ERROR] LogOutputStream:75 - [STDERR_REDIRECT] Sep 17, 2025 1:59:58 PM java.util.prefs.FileSystemPreferences checkLockFile0ErrorCode
2025-09-17 13:59:58,663 [ERROR] LogOutputStream:75 - [STDERR_REDIRECT] WARNING: Could not lock System prefs. Unix error code 2.
2025-09-17 13:59:58,663 [ERROR] LogOutputStream:75 - [STDERR_REDIRECT] 
2025-09-17 13:59:58,664 [ERROR] LogOutputStream:75 - [STDERR_REDIRECT] Sep 17, 2025 1:59:58 PM java.util.prefs.FileSystemPreferences syncWorld
2025-09-17 13:59:58,664 [ERROR] LogOutputStream:75 - [STDERR_REDIRECT] WARNING: Couldn't flush system prefs: java.util.prefs.BackingStoreException: Couldn't get file lock.
2025-09-17 13:59:58,664 [ERROR] LogOutputStream:75 - [STDERR_REDIRECT] 
2025-09-17 14:00:28,663 [ERROR] LogOutputStream:75 - [STDERR_REDIRECT] Sep 17, 2025 2:00:28 PM java.util.prefs.FileSystemPreferences checkLockFile0ErrorCode
2025-09-17 14:00:28,664 [ERROR] LogOutputStream:75 - [STDERR_REDIRECT] WARNING: Could not lock System prefs. Unix error code 2.
2025-09-17 14:00:28,664 [ERROR] LogOutputStream:75 - [STDERR_REDIRECT] 
2025-09-17 14:00:28,664 [ERROR] LogOutputStream:75 - [STDERR_REDIRECT] Sep 17, 2025 2:00:28 PM java.util.prefs.FileSystemPreferences syncWorld
2025-09-17 14:00:28,664 [ERROR] LogOutputStream:75 - [STDERR_REDIRECT] WARNING: Couldn't flush system prefs: java.util.prefs.BackingStoreException: Couldn't get file lock.
2025-09-17 14:00:28,664 [ERROR] LogOutputStream:75 - [STDERR_REDIRECT] 
2025-09-17 14:00:58,664 [ERROR] LogOutputStream:75 - [STDERR_REDIRECT] Sep 17, 2025 2:00:58 PM java.util.prefs.FileSystemPreferences checkLockFile0ErrorCode
2025-09-17 14:00:58,664 [ERROR] LogOutputStream:75 - [STDERR_REDIRECT] WARNING: Could not lock System prefs. Unix error code 2.
2025-09-17 14:00:58,664 [ERROR] LogOutputStream:75 - [STDERR_REDIRECT] 
2025-09-17 14:00:58,665 [ERROR] LogOutputStream:75 - [STDERR_REDIRECT] Sep 17, 2025 2:00:58 PM java.util.prefs.FileSystemPreferences syncWorld
2025-09-17 14:00:58,665 [ERROR] LogOutputStream:75 - [STDERR_REDIRECT] WARNING: Couldn't flush system prefs: java.util.prefs.BackingStoreException: Couldn't get file lock.
2025-09-17 14:00:58,665 [ERROR] LogOutputStream:75 - [STDERR_REDIRECT] 
2025-09-17 14:01:28,663 [ERROR] LogOutputStream:75 - [STDERR_REDIRECT] Sep 17, 2025 2:01:28 PM java.util.prefs.FileSystemPreferences checkLockFile0ErrorCode
2025-09-17 14:01:28,664 [ERROR] LogOutputStream:75 - [STDERR_REDIRECT] WARNING: Could not lock System prefs. Unix error code 2.
2025-09-17 14:01:28,664 [ERROR] LogOutputStream:75 - [STDERR_REDIRECT] 
2025-09-17 14:01:28,664 [ERROR] LogOutputStream:75 - [STDERR_REDIRECT] Sep 17, 2025 2:01:28 PM java.util.prefs.FileSystemPreferences syncWorld
2025-09-17 14:01:28,664 [ERROR] LogOutputStream:75 - [STDERR_REDIRECT] WARNING: Couldn't flush system prefs: java.util.prefs.BackingStoreException: Couldn't get file lock.
2025-09-17 14:01:28,664 [ERROR] LogOutputStream:75 - [STDERR_REDIRECT] 
2025-09-17 14:01:58,664 [ERROR] LogOutputStream:75 - [STDERR_REDIRECT] Sep 17, 2025 2:01:58 PM java.util.prefs.FileSystemPreferences checkLockFile0ErrorCode
2025-09-17 14:01:58,664 [ERROR] LogOutputStream:75 - [STDERR_REDIRECT] WARNING: Could not lock System prefs. Unix error code 2.
2025-09-17 14:01:58,664 [ERROR] LogOutputStream:75 - [STDERR_REDIRECT] 
2025-09-17 14:01:58,664 [ERROR] LogOutputStream:75 - [STDERR_REDIRECT] Sep 17, 2025 2:01:58 PM java.util.prefs.FileSystemPreferences syncWorld
2025-09-17 14:01:58,664 [ERROR] LogOutputStream:75 - [STDERR_REDIRECT] WARNING: Couldn't flush system prefs: java.util.prefs.BackingStoreException: Couldn't get file lock.
2025-09-17 14:01:58,664 [ERROR] LogOutputStream:75 - [STDERR_REDIRECT] 
2025-09-17 14:02:28,664 [ERROR] LogOutputStream:75 - [STDERR_REDIRECT] Sep 17, 2025 2:02:28 PM java.util.prefs.FileSystemPreferences checkLockFile0ErrorCode
2025-09-17 14:02:28,664 [ERROR] LogOutputStream:75 - [STDERR_REDIRECT] WARNING: Could not lock System prefs. Unix error code 2.
2025-09-17 14:02:28,664 [ERROR] LogOutputStream:75 - [STDERR_REDIRECT] 
2025-09-17 14:02:28,664 [ERROR] LogOutputStream:75 - [STDERR_REDIRECT] Sep 17, 2025 2:02:28 PM java.util.prefs.FileSystemPreferences syncWorld
2025-09-17 14:02:28,664 [ERROR] LogOutputStream:75 - [STDERR_REDIRECT] WARNING: Couldn't flush system prefs: java.util.prefs.BackingStoreException: Couldn't get file lock.
2025-09-17 14:02:28,664 [ERROR] LogOutputStream:75 - [STDERR_REDIRECT] 
2025-09-17 14:02:58,663 [ERROR] LogOutputStream:75 - [STDERR_REDIRECT] Sep 17, 2025 2:02:58 PM java.util.prefs.FileSystemPreferences checkLockFile0ErrorCode
2025-09-17 14:02:58,663 [ERROR] LogOutputStream:75 - [STDERR_REDIRECT] WARNING: Could not lock System prefs. Unix error code 2.
2025-09-17 14:02:58,664 [ERROR] LogOutputStream:75 - [STDERR_REDIRECT] 
2025-09-17 14:02:58,664 [ERROR] LogOutputStream:75 - [STDERR_REDIRECT] Sep 17, 2025 2:02:58 PM java.util.prefs.FileSystemPreferences syncWorld
2025-09-17 14:02:58,664 [ERROR] LogOutputStream:75 - [STDERR_REDIRECT] WARNING: Couldn't flush system prefs: java.util.prefs.BackingStoreException: Couldn't get file lock.
2025-09-17 14:02:58,664 [ERROR] LogOutputStream:75 - [STDERR_REDIRECT] 
2025-09-17 14:03:28,664 [ERROR] LogOutputStream:75 - [STDERR_REDIRECT] Sep 17, 2025 2:03:28 PM java.util.prefs.FileSystemPreferences checkLockFile0ErrorCode
2025-09-17 14:03:28,664 [ERROR] LogOutputStream:75 - [STDERR_REDIRECT] WARNING: Could not lock System prefs. Unix error code 2.
2025-09-17 14:03:28,664 [ERROR] LogOutputStream:75 - [STDERR_REDIRECT] 
2025-09-17 14:03:28,665 [ERROR] LogOutputStream:75 - [STDERR_REDIRECT] Sep 17, 2025 2:03:28 PM java.util.prefs.FileSystemPreferences syncWorld
2025-09-17 14:03:28,665 [ERROR] LogOutputStream:75 - [STDERR_REDIRECT] WARNING: Couldn't flush system prefs: java.util.prefs.BackingStoreException: Couldn't get file lock.
2025-09-17 14:03:28,665 [ERROR] LogOutputStream:75 - [STDERR_REDIRECT] 
2025-09-17 14:03:58,664 [ERROR] LogOutputStream:75 - [STDERR_REDIRECT] Sep 17, 2025 2:03:58 PM java.util.prefs.FileSystemPreferences checkLockFile0ErrorCode
2025-09-17 14:03:58,664 [ERROR] LogOutputStream:75 - [STDERR_REDIRECT] WARNING: Could not lock System prefs. Unix error code 2.
2025-09-17 14:03:58,664 [ERROR] LogOutputStream:75 - [STDERR_REDIRECT] 
2025-09-17 14:03:58,664 [ERROR] LogOutputStream:75 - [STDERR_REDIRECT] Sep 17, 2025 2:03:58 PM java.util.prefs.FileSystemPreferences syncWorld
2025-09-17 14:03:58,664 [ERROR] LogOutputStream:75 - [STDERR_REDIRECT] WARNING: Couldn't flush system prefs: java.util.prefs.BackingStoreException: Couldn't get file lock.
2025-09-17 14:03:58,664 [ERROR] LogOutputStream:75 - [STDERR_REDIRECT] 
2025-09-17 14:04:28,664 [ERROR] LogOutputStream:75 - [STDERR_REDIRECT] Sep 17, 2025 2:04:28 PM java.util.prefs.FileSystemPreferences checkLockFile0ErrorCode
2025-09-17 14:04:28,664 [ERROR] LogOutputStream:75 - [STDERR_REDIRECT] WARNING: Could not lock System prefs. Unix error code 2.
2025-09-17 14:04:28,664 [ERROR] LogOutputStream:75 - [STDERR_REDIRECT] 
2025-09-17 14:04:28,664 [ERROR] LogOutputStream:75 - [STDERR_REDIRECT] Sep 17, 2025 2:04:28 PM java.util.prefs.FileSystemPreferences syncWorld
2025-09-17 14:04:28,664 [ERROR] LogOutputStream:75 - [STDERR_REDIRECT] WARNING: Couldn't flush system prefs: java.util.prefs.BackingStoreException: Couldn't get file lock.
2025-09-17 14:04:28,664 [ERROR] LogOutputStream:75 - [STDERR_REDIRECT] 
2025-09-17 14:04:58,664 [ERROR] LogOutputStream:75 - [STDERR_REDIRECT] Sep 17, 2025 2:04:58 PM java.util.prefs.FileSystemPreferences checkLockFile0ErrorCode
2025-09-17 14:04:58,664 [ERROR] LogOutputStream:75 - [STDERR_REDIRECT] WARNING: Could not lock System prefs. Unix error code 2.
2025-09-17 14:04:58,664 [ERROR] LogOutputStream:75 - [STDERR_REDIRECT] 
2025-09-17 14:04:58,665 [ERROR] LogOutputStream:75 - [STDERR_REDIRECT] Sep 17, 2025 2:04:58 PM java.util.prefs.FileSystemPreferences syncWorld
2025-09-17 14:04:58,665 [ERROR] LogOutputStream:75 - [STDERR_REDIRECT] WARNING: Couldn't flush system prefs: java.util.prefs.BackingStoreException: Couldn't get file lock.
2025-09-17 14:04:58,665 [ERROR] LogOutputStream:75 - [STDERR_REDIRECT] 
2025-09-17 14:05:28,664 [ERROR] LogOutputStream:75 - [STDERR_REDIRECT] Sep 17, 2025 2:05:28 PM java.util.prefs.FileSystemPreferences checkLockFile0ErrorCode
2025-09-17 14:05:28,664 [ERROR] LogOutputStream:75 - [STDERR_REDIRECT] WARNING: Could not lock System prefs. Unix error code 2.
2025-09-17 14:05:28,664 [ERROR] LogOutputStream:75 - [STDERR_REDIRECT] 
2025-09-17 14:05:28,664 [ERROR] LogOutputStream:75 - [STDERR_REDIRECT] Sep 17, 2025 2:05:28 PM java.util.prefs.FileSystemPreferences syncWorld
2025-09-17 14:05:28,664 [ERROR] LogOutputStream:75 - [STDERR_REDIRECT] WARNING: Couldn't flush system prefs: java.util.prefs.BackingStoreException: Couldn't get file lock.
2025-09-17 14:05:28,664 [ERROR] LogOutputStream:75 - [STDERR_REDIRECT] 
2025-09-17 14:05:58,664 [ERROR] LogOutputStream:75 - [STDERR_REDIRECT] Sep 17, 2025 2:05:58 PM java.util.prefs.FileSystemPreferences checkLockFile0ErrorCode
2025-09-17 14:05:58,664 [ERROR] LogOutputStream:75 - [STDERR_REDIRECT] WARNING: Could not lock System prefs. Unix error code 2.
2025-09-17 14:05:58,664 [ERROR] LogOutputStream:75 - [STDERR_REDIRECT] 
2025-09-17 14:05:58,664 [ERROR] LogOutputStream:75 - [STDERR_REDIRECT] Sep 17, 2025 2:05:58 PM java.util.prefs.FileSystemPreferences syncWorld
2025-09-17 14:05:58,664 [ERROR] LogOutputStream:75 - [STDERR_REDIRECT] WARNING: Couldn't flush system prefs: java.util.prefs.BackingStoreException: Couldn't get file lock.
2025-09-17 14:05:58,665 [ERROR] LogOutputStream:75 - [STDERR_REDIRECT] 
2025-09-17 14:06:28,664 [ERROR] LogOutputStream:75 - [STDERR_REDIRECT] Sep 17, 2025 2:06:28 PM java.util.prefs.FileSystemPreferences checkLockFile0ErrorCode
2025-09-17 14:06:28,665 [ERROR] LogOutputStream:75 - [STDERR_REDIRECT] WARNING: Could not lock System prefs. Unix error code 2.
2025-09-17 14:06:28,665 [ERROR] LogOutputStream:75 - [STDERR_REDIRECT] 
2025-09-17 14:06:28,665 [ERROR] LogOutputStream:75 - [STDERR_REDIRECT] Sep 17, 2025 2:06:28 PM java.util.prefs.FileSystemPreferences syncWorld
2025-09-17 14:06:28,665 [ERROR] LogOutputStream:75 - [STDERR_REDIRECT] WARNING: Couldn't flush system prefs: java.util.prefs.BackingStoreException: Couldn't get file lock.
2025-09-17 14:06:28,665 [ERROR] LogOutputStream:75 - [STDERR_REDIRECT] 
2025-09-17 14:06:58,665 [ERROR] LogOutputStream:75 - [STDERR_REDIRECT] Sep 17, 2025 2:06:58 PM java.util.prefs.FileSystemPreferences checkLockFile0ErrorCode
2025-09-17 14:06:58,665 [ERROR] LogOutputStream:75 - [STDERR_REDIRECT] WARNING: Could not lock System prefs. Unix error code 2.
2025-09-17 14:06:58,665 [ERROR] LogOutputStream:75 - [STDERR_REDIRECT] 
2025-09-17 14:06:58,665 [ERROR] LogOutputStream:75 - [STDERR_REDIRECT] Sep 17, 2025 2:06:58 PM java.util.prefs.FileSystemPreferences syncWorld
2025-09-17 14:06:58,666 [ERROR] LogOutputStream:75 - [STDERR_REDIRECT] WARNING: Couldn't flush system prefs: java.util.prefs.BackingStoreException: Couldn't get file lock.
2025-09-17 14:06:58,666 [ERROR] LogOutputStream:75 - [STDERR_REDIRECT] 
2025-09-17 14:07:28,664 [ERROR] LogOutputStream:75 - [STDERR_REDIRECT] Sep 17, 2025 2:07:28 PM java.util.prefs.FileSystemPreferences checkLockFile0ErrorCode
2025-09-17 14:07:28,664 [ERROR] LogOutputStream:75 - [STDERR_REDIRECT] WARNING: Could not lock System prefs. Unix error code 2.
2025-09-17 14:07:28,664 [ERROR] LogOutputStream:75 - [STDERR_REDIRECT] 
2025-09-17 14:07:28,664 [ERROR] LogOutputStream:75 - [STDERR_REDIRECT] Sep 17, 2025 2:07:28 PM java.util.prefs.FileSystemPreferences syncWorld
2025-09-17 14:07:28,664 [ERROR] LogOutputStream:75 - [STDERR_REDIRECT] WARNING: Couldn't flush system prefs: java.util.prefs.BackingStoreException: Couldn't get file lock.
2025-09-17 14:07:28,665 [ERROR] LogOutputStream:75 - [STDERR_REDIRECT] 
2025-09-17 14:07:58,664 [ERROR] LogOutputStream:75 - [STDERR_REDIRECT] Sep 17, 2025 2:07:58 PM java.util.prefs.FileSystemPreferences checkLockFile0ErrorCode
2025-09-17 14:07:58,664 [ERROR] LogOutputStream:75 - [STDERR_REDIRECT] WARNING: Could not lock System prefs. Unix error code 2.
2025-09-17 14:07:58,664 [ERROR] LogOutputStream:75 - [STDERR_REDIRECT] 
2025-09-17 14:07:58,664 [ERROR] LogOutputStream:75 - [STDERR_REDIRECT] Sep 17, 2025 2:07:58 PM java.util.prefs.FileSystemPreferences syncWorld
2025-09-17 14:07:58,664 [ERROR] LogOutputStream:75 - [STDERR_REDIRECT] WARNING: Couldn't flush system prefs: java.util.prefs.BackingStoreException: Couldn't get file lock.
2025-09-17 14:07:58,664 [ERROR] LogOutputStream:75 - [STDERR_REDIRECT] 
2025-09-17 14:08:28,665 [ERROR] LogOutputStream:75 - [STDERR_REDIRECT] Sep 17, 2025 2:08:28 PM java.util.prefs.FileSystemPreferences checkLockFile0ErrorCode
2025-09-17 14:08:28,665 [ERROR] LogOutputStream:75 - [STDERR_REDIRECT] WARNING: Could not lock System prefs. Unix error code 2.
2025-09-17 14:08:28,665 [ERROR] LogOutputStream:75 - [STDERR_REDIRECT] 
2025-09-17 14:08:28,666 [ERROR] LogOutputStream:75 - [STDERR_REDIRECT] Sep 17, 2025 2:08:28 PM java.util.prefs.FileSystemPreferences syncWorld
2025-09-17 14:08:28,666 [ERROR] LogOutputStream:75 - [STDERR_REDIRECT] WARNING: Couldn't flush system prefs: java.util.prefs.BackingStoreException: Couldn't get file lock.
2025-09-17 14:08:28,666 [ERROR] LogOutputStream:75 - [STDERR_REDIRECT] 
2025-09-17 14:08:58,665 [ERROR] LogOutputStream:75 - [STDERR_REDIRECT] Sep 17, 2025 2:08:58 PM java.util.prefs.FileSystemPreferences checkLockFile0ErrorCode
2025-09-17 14:08:58,666 [ERROR] LogOutputStream:75 - [STDERR_REDIRECT] WARNING: Could not lock System prefs. Unix error code 2.
2025-09-17 14:08:58,666 [ERROR] LogOutputStream:75 - [STDERR_REDIRECT] 
2025-09-17 14:08:58,666 [ERROR] LogOutputStream:75 - [STDERR_REDIRECT] Sep 17, 2025 2:08:58 PM java.util.prefs.FileSystemPreferences syncWorld
2025-09-17 14:08:58,666 [ERROR] LogOutputStream:75 - [STDERR_REDIRECT] WARNING: Couldn't flush system prefs: java.util.prefs.BackingStoreException: Couldn't get file lock.
2025-09-17 14:08:58,666 [ERROR] LogOutputStream:75 - [STDERR_REDIRECT] 
2025-09-17 14:09:28,665 [ERROR] LogOutputStream:75 - [STDERR_REDIRECT] Sep 17, 2025 2:09:28 PM java.util.prefs.FileSystemPreferences checkLockFile0ErrorCode
2025-09-17 14:09:28,665 [ERROR] LogOutputStream:75 - [STDERR_REDIRECT] WARNING: Could not lock System prefs. Unix error code 2.
2025-09-17 14:09:28,665 [ERROR] LogOutputStream:75 - [STDERR_REDIRECT] 
2025-09-17 14:09:28,665 [ERROR] LogOutputStream:75 - [STDERR_REDIRECT] Sep 17, 2025 2:09:28 PM java.util.prefs.FileSystemPreferences syncWorld
2025-09-17 14:09:28,665 [ERROR] LogOutputStream:75 - [STDERR_REDIRECT] WARNING: Couldn't flush system prefs: java.util.prefs.BackingStoreException: Couldn't get file lock.
2025-09-17 14:09:28,665 [ERROR] LogOutputStream:75 - [STDERR_REDIRECT] 
2025-09-17 14:09:58,665 [ERROR] LogOutputStream:75 - [STDERR_REDIRECT] Sep 17, 2025 2:09:58 PM java.util.prefs.FileSystemPreferences checkLockFile0ErrorCode
2025-09-17 14:09:58,665 [ERROR] LogOutputStream:75 - [STDERR_REDIRECT] WARNING: Could not lock System prefs. Unix error code 2.
2025-09-17 14:09:58,665 [ERROR] LogOutputStream:75 - [STDERR_REDIRECT] 
2025-09-17 14:09:58,665 [ERROR] LogOutputStream:75 - [STDERR_REDIRECT] Sep 17, 2025 2:09:58 PM java.util.prefs.FileSystemPreferences syncWorld
2025-09-17 14:09:58,666 [ERROR] LogOutputStream:75 - [STDERR_REDIRECT] WARNING: Couldn't flush system prefs: java.util.prefs.BackingStoreException: Couldn't get file lock.
2025-09-17 14:09:58,666 [ERROR] LogOutputStream:75 - [STDERR_REDIRECT] 
2025-09-17 14:10:28,665 [ERROR] LogOutputStream:75 - [STDERR_REDIRECT] Sep 17, 2025 2:10:28 PM java.util.prefs.FileSystemPreferences checkLockFile0ErrorCode
2025-09-17 14:10:28,665 [ERROR] LogOutputStream:75 - [STDERR_REDIRECT] WARNING: Could not lock System prefs. Unix error code 2.
2025-09-17 14:10:28,665 [ERROR] LogOutputStream:75 - [STDERR_REDIRECT] 
2025-09-17 14:10:28,666 [ERROR] LogOutputStream:75 - [STDERR_REDIRECT] Sep 17, 2025 2:10:28 PM java.util.prefs.FileSystemPreferences syncWorld
2025-09-17 14:10:28,666 [ERROR] LogOutputStream:75 - [STDERR_REDIRECT] WARNING: Couldn't flush system prefs: java.util.prefs.BackingStoreException: Couldn't get file lock.
2025-09-17 14:10:28,666 [ERROR] LogOutputStream:75 - [STDERR_REDIRECT] 
2025-09-17 14:10:58,665 [ERROR] LogOutputStream:75 - [STDERR_REDIRECT] Sep 17, 2025 2:10:58 PM java.util.prefs.FileSystemPreferences checkLockFile0ErrorCode
2025-09-17 14:10:58,666 [ERROR] LogOutputStream:75 - [STDERR_REDIRECT] WARNING: Could not lock System prefs. Unix error code 2.
2025-09-17 14:10:58,666 [ERROR] LogOutputStream:75 - [STDERR_REDIRECT] 
2025-09-17 14:10:58,666 [ERROR] LogOutputStream:75 - [STDERR_REDIRECT] Sep 17, 2025 2:10:58 PM java.util.prefs.FileSystemPreferences syncWorld
2025-09-17 14:10:58,666 [ERROR] LogOutputStream:75 - [STDERR_REDIRECT] WARNING: Couldn't flush system prefs: java.util.prefs.BackingStoreException: Couldn't get file lock.
2025-09-17 14:10:58,666 [ERROR] LogOutputStream:75 - [STDERR_REDIRECT] 
2025-09-17 14:11:28,665 [ERROR] LogOutputStream:75 - [STDERR_REDIRECT] Sep 17, 2025 2:11:28 PM java.util.prefs.FileSystemPreferences checkLockFile0ErrorCode
2025-09-17 14:11:28,665 [ERROR] LogOutputStream:75 - [STDERR_REDIRECT] WARNING: Could not lock System prefs. Unix error code 2.
2025-09-17 14:11:28,666 [ERROR] LogOutputStream:75 - [STDERR_REDIRECT] 
2025-09-17 14:11:28,666 [ERROR] LogOutputStream:75 - [STDERR_REDIRECT] Sep 17, 2025 2:11:28 PM java.util.prefs.FileSystemPreferences syncWorld
2025-09-17 14:11:28,666 [ERROR] LogOutputStream:75 - [STDERR_REDIRECT] WARNING: Couldn't flush system prefs: java.util.prefs.BackingStoreException: Couldn't get file lock.
2025-09-17 14:11:28,666 [ERROR] LogOutputStream:75 - [STDERR_REDIRECT] 
2025-09-17 14:11:58,665 [ERROR] LogOutputStream:75 - [STDERR_REDIRECT] Sep 17, 2025 2:11:58 PM java.util.prefs.FileSystemPreferences checkLockFile0ErrorCode
2025-09-17 14:11:58,665 [ERROR] LogOutputStream:75 - [STDERR_REDIRECT] WARNING: Could not lock System prefs. Unix error code 2.
2025-09-17 14:11:58,666 [ERROR] LogOutputStream:75 - [STDERR_REDIRECT] 
2025-09-17 14:11:58,666 [ERROR] LogOutputStream:75 - [STDERR_REDIRECT] Sep 17, 2025 2:11:58 PM java.util.prefs.FileSystemPreferences syncWorld
2025-09-17 14:11:58,666 [ERROR] LogOutputStream:75 - [STDERR_REDIRECT] WARNING: Couldn't flush system prefs: java.util.prefs.BackingStoreException: Couldn't get file lock.
2025-09-17 14:11:58,666 [ERROR] LogOutputStream:75 - [STDERR_REDIRECT] 
2025-09-17 14:12:28,666 [ERROR] LogOutputStream:75 - [STDERR_REDIRECT] Sep 17, 2025 2:12:28 PM java.util.prefs.FileSystemPreferences checkLockFile0ErrorCode
2025-09-17 14:12:28,666 [ERROR] LogOutputStream:75 - [STDERR_REDIRECT] WARNING: Could not lock System prefs. Unix error code 2.
2025-09-17 14:12:28,666 [ERROR] LogOutputStream:75 - [STDERR_REDIRECT] 
2025-09-17 14:12:28,666 [ERROR] LogOutputStream:75 - [STDERR_REDIRECT] Sep 17, 2025 2:12:28 PM java.util.prefs.FileSystemPreferences syncWorld
2025-09-17 14:12:28,667 [ERROR] LogOutputStream:75 - [STDERR_REDIRECT] WARNING: Couldn't flush system prefs: java.util.prefs.BackingStoreException: Couldn't get file lock.
2025-09-17 14:12:28,667 [ERROR] LogOutputStream:75 - [STDERR_REDIRECT] 
2025-09-17 14:12:58,665 [ERROR] LogOutputStream:75 - [STDERR_REDIRECT] Sep 17, 2025 2:12:58 PM java.util.prefs.FileSystemPreferences checkLockFile0ErrorCode
2025-09-17 14:12:58,666 [ERROR] LogOutputStream:75 - [STDERR_REDIRECT] WARNING: Could not lock System prefs. Unix error code 2.
2025-09-17 14:12:58,666 [ERROR] LogOutputStream:75 - [STDERR_REDIRECT] 
2025-09-17 14:12:58,666 [ERROR] LogOutputStream:75 - [STDERR_REDIRECT] Sep 17, 2025 2:12:58 PM java.util.prefs.FileSystemPreferences syncWorld
2025-09-17 14:12:58,666 [ERROR] LogOutputStream:75 - [STDERR_REDIRECT] WARNING: Couldn't flush system prefs: java.util.prefs.BackingStoreException: Couldn't get file lock.
2025-09-17 14:12:58,666 [ERROR] LogOutputStream:75 - [STDERR_REDIRECT] 
2025-09-17 14:13:28,666 [ERROR] LogOutputStream:75 - [STDERR_REDIRECT] Sep 17, 2025 2:13:28 PM java.util.prefs.FileSystemPreferences checkLockFile0ErrorCode
2025-09-17 14:13:28,666 [ERROR] LogOutputStream:75 - [STDERR_REDIRECT] WARNING: Could not lock System prefs. Unix error code 2.
2025-09-17 14:13:28,666 [ERROR] LogOutputStream:75 - [STDERR_REDIRECT] 
2025-09-17 14:13:28,666 [ERROR] LogOutputStream:75 - [STDERR_REDIRECT] Sep 17, 2025 2:13:28 PM java.util.prefs.FileSystemPreferences syncWorld
2025-09-17 14:13:28,666 [ERROR] LogOutputStream:75 - [STDERR_REDIRECT] WARNING: Couldn't flush system prefs: java.util.prefs.BackingStoreException: Couldn't get file lock.
2025-09-17 14:13:28,666 [ERROR] LogOutputStream:75 - [STDERR_REDIRECT] 
2025-09-17 14:13:58,666 [ERROR] LogOutputStream:75 - [STDERR_REDIRECT] Sep 17, 2025 2:13:58 PM java.util.prefs.FileSystemPreferences checkLockFile0ErrorCode
2025-09-17 14:13:58,666 [ERROR] LogOutputStream:75 - [STDERR_REDIRECT] WARNING: Could not lock System prefs. Unix error code 2.
2025-09-17 14:13:58,666 [ERROR] LogOutputStream:75 - [STDERR_REDIRECT] 
2025-09-17 14:13:58,666 [ERROR] LogOutputStream:75 - [STDERR_REDIRECT] Sep 17, 2025 2:13:58 PM java.util.prefs.FileSystemPreferences syncWorld
2025-09-17 14:13:58,667 [ERROR] LogOutputStream:75 - [STDERR_REDIRECT] WARNING: Couldn't flush system prefs: java.util.prefs.BackingStoreException: Couldn't get file lock.
2025-09-17 14:13:58,667 [ERROR] LogOutputStream:75 - [STDERR_REDIRECT] 
2025-09-17 14:14:28,665 [ERROR] LogOutputStream:75 - [STDERR_REDIRECT] Sep 17, 2025 2:14:28 PM java.util.prefs.FileSystemPreferences checkLockFile0ErrorCode
2025-09-17 14:14:28,666 [ERROR] LogOutputStream:75 - [STDERR_REDIRECT] WARNING: Could not lock System prefs. Unix error code 2.
2025-09-17 14:14:28,666 [ERROR] LogOutputStream:75 - [STDERR_REDIRECT] 
2025-09-17 14:14:28,666 [ERROR] LogOutputStream:75 - [STDERR_REDIRECT] Sep 17, 2025 2:14:28 PM java.util.prefs.FileSystemPreferences syncWorld
2025-09-17 14:14:28,666 [ERROR] LogOutputStream:75 - [STDERR_REDIRECT] WARNING: Couldn't flush system prefs: java.util.prefs.BackingStoreException: Couldn't get file lock.
2025-09-17 14:14:28,666 [ERROR] LogOutputStream:75 - [STDERR_REDIRECT] 
2025-09-17 14:14:58,666 [ERROR] LogOutputStream:75 - [STDERR_REDIRECT] Sep 17, 2025 2:14:58 PM java.util.prefs.FileSystemPreferences checkLockFile0ErrorCode
2025-09-17 14:14:58,666 [ERROR] LogOutputStream:75 - [STDERR_REDIRECT] WARNING: Could not lock System prefs. Unix error code 2.
2025-09-17 14:14:58,666 [ERROR] LogOutputStream:75 - [STDERR_REDIRECT] 
2025-09-17 14:14:58,666 [ERROR] LogOutputStream:75 - [STDERR_REDIRECT] Sep 17, 2025 2:14:58 PM java.util.prefs.FileSystemPreferences syncWorld
2025-09-17 14:14:58,666 [ERROR] LogOutputStream:75 - [STDERR_REDIRECT] WARNING: Couldn't flush system prefs: java.util.prefs.BackingStoreException: Couldn't get file lock.
2025-09-17 14:14:58,666 [ERROR] LogOutputStream:75 - [STDERR_REDIRECT] 
2025-09-17 14:15:28,666 [ERROR] LogOutputStream:75 - [STDERR_REDIRECT] Sep 17, 2025 2:15:28 PM java.util.prefs.FileSystemPreferences checkLockFile0ErrorCode
2025-09-17 14:15:28,666 [ERROR] LogOutputStream:75 - [STDERR_REDIRECT] WARNING: Could not lock System prefs. Unix error code 2.
2025-09-17 14:15:28,666 [ERROR] LogOutputStream:75 - [STDERR_REDIRECT] 
2025-09-17 14:15:28,666 [ERROR] LogOutputStream:75 - [STDERR_REDIRECT] Sep 17, 2025 2:15:28 PM java.util.prefs.FileSystemPreferences syncWorld
2025-09-17 14:15:28,666 [ERROR] LogOutputStream:75 - [STDERR_REDIRECT] WARNING: Couldn't flush system prefs: java.util.prefs.BackingStoreException: Couldn't get file lock.
2025-09-17 14:15:28,667 [ERROR] LogOutputStream:75 - [STDERR_REDIRECT] 
2025-09-17 14:15:58,665 [ERROR] LogOutputStream:75 - [STDERR_REDIRECT] Sep 17, 2025 2:15:58 PM java.util.prefs.FileSystemPreferences checkLockFile0ErrorCode
2025-09-17 14:15:58,665 [ERROR] LogOutputStream:75 - [STDERR_REDIRECT] WARNING: Could not lock System prefs. Unix error code 2.
2025-09-17 14:15:58,665 [ERROR] LogOutputStream:75 - [STDERR_REDIRECT] 
2025-09-17 14:15:58,666 [ERROR] LogOutputStream:75 - [STDERR_REDIRECT] Sep 17, 2025 2:15:58 PM java.util.prefs.FileSystemPreferences syncWorld
2025-09-17 14:15:58,666 [ERROR] LogOutputStream:75 - [STDERR_REDIRECT] WARNING: Couldn't flush system prefs: java.util.prefs.BackingStoreException: Couldn't get file lock.
2025-09-17 14:15:58,666 [ERROR] LogOutputStream:75 - [STDERR_REDIRECT] 
2025-09-17 14:16:28,665 [ERROR] LogOutputStream:75 - [STDERR_REDIRECT] Sep 17, 2025 2:16:28 PM java.util.prefs.FileSystemPreferences checkLockFile0ErrorCode
2025-09-17 14:16:28,665 [ERROR] LogOutputStream:75 - [STDERR_REDIRECT] WARNING: Could not lock System prefs. Unix error code 2.
2025-09-17 14:16:28,666 [ERROR] LogOutputStream:75 - [STDERR_REDIRECT] 
2025-09-17 14:16:28,666 [ERROR] LogOutputStream:75 - [STDERR_REDIRECT] Sep 17, 2025 2:16:28 PM java.util.prefs.FileSystemPreferences syncWorld
2025-09-17 14:16:28,666 [ERROR] LogOutputStream:75 - [STDERR_REDIRECT] WARNING: Couldn't flush system prefs: java.util.prefs.BackingStoreException: Couldn't get file lock.
2025-09-17 14:16:28,666 [ERROR] LogOutputStream:75 - [STDERR_REDIRECT] 
2025-09-17 14:16:58,665 [ERROR] LogOutputStream:75 - [STDERR_REDIRECT] Sep 17, 2025 2:16:58 PM java.util.prefs.FileSystemPreferences checkLockFile0ErrorCode
2025-09-17 14:16:58,666 [ERROR] LogOutputStream:75 - [STDERR_REDIRECT] WARNING: Could not lock System prefs. Unix error code 2.
2025-09-17 14:16:58,666 [ERROR] LogOutputStream:75 - [STDERR_REDIRECT] 
2025-09-17 14:16:58,666 [ERROR] LogOutputStream:75 - [STDERR_REDIRECT] Sep 17, 2025 2:16:58 PM java.util.prefs.FileSystemPreferences syncWorld
2025-09-17 14:16:58,666 [ERROR] LogOutputStream:75 - [STDERR_REDIRECT] WARNING: Couldn't flush system prefs: java.util.prefs.BackingStoreException: Couldn't get file lock.
2025-09-17 14:16:58,666 [ERROR] LogOutputStream:75 - [STDERR_REDIRECT] 
2025-09-17 14:17:28,666 [ERROR] LogOutputStream:75 - [STDERR_REDIRECT] Sep 17, 2025 2:17:28 PM java.util.prefs.FileSystemPreferences checkLockFile0ErrorCode
2025-09-17 14:17:28,666 [ERROR] LogOutputStream:75 - [STDERR_REDIRECT] WARNING: Could not lock System prefs. Unix error code 2.
2025-09-17 14:17:28,666 [ERROR] LogOutputStream:75 - [STDERR_REDIRECT] 
2025-09-17 14:17:28,666 [ERROR] LogOutputStream:75 - [STDERR_REDIRECT] Sep 17, 2025 2:17:28 PM java.util.prefs.FileSystemPreferences syncWorld
2025-09-17 14:17:28,666 [ERROR] LogOutputStream:75 - [STDERR_REDIRECT] WARNING: Couldn't flush system prefs: java.util.prefs.BackingStoreException: Couldn't get file lock.
2025-09-17 14:17:28,666 [ERROR] LogOutputStream:75 - [STDERR_REDIRECT] 
2025-09-17 14:17:58,667 [ERROR] LogOutputStream:75 - [STDERR_REDIRECT] Sep 17, 2025 2:17:58 PM java.util.prefs.FileSystemPreferences checkLockFile0ErrorCode
2025-09-17 14:17:58,667 [ERROR] LogOutputStream:75 - [STDERR_REDIRECT] WARNING: Could not lock System prefs. Unix error code 2.
2025-09-17 14:17:58,667 [ERROR] LogOutputStream:75 - [STDERR_REDIRECT] 
2025-09-17 14:17:58,668 [ERROR] LogOutputStream:75 - [STDERR_REDIRECT] Sep 17, 2025 2:17:58 PM java.util.prefs.FileSystemPreferences syncWorld
2025-09-17 14:17:58,668 [ERROR] LogOutputStream:75 - [STDERR_REDIRECT] WARNING: Couldn't flush system prefs: java.util.prefs.BackingStoreException: Couldn't get file lock.
2025-09-17 14:17:58,668 [ERROR] LogOutputStream:75 - [STDERR_REDIRECT] 
2025-09-17 14:18:28,667 [ERROR] LogOutputStream:75 - [STDERR_REDIRECT] Sep 17, 2025 2:18:28 PM java.util.prefs.FileSystemPreferences checkLockFile0ErrorCode
2025-09-17 14:18:28,668 [ERROR] LogOutputStream:75 - [STDERR_REDIRECT] WARNING: Could not lock System prefs. Unix error code 2.
2025-09-17 14:18:28,668 [ERROR] LogOutputStream:75 - [STDERR_REDIRECT] 
2025-09-17 14:18:28,668 [ERROR] LogOutputStream:75 - [STDERR_REDIRECT] Sep 17, 2025 2:18:28 PM java.util.prefs.FileSystemPreferences syncWorld
2025-09-17 14:18:28,668 [ERROR] LogOutputStream:75 - [STDERR_REDIRECT] WARNING: Couldn't flush system prefs: java.util.prefs.BackingStoreException: Couldn't get file lock.
2025-09-17 14:18:28,668 [ERROR] LogOutputStream:75 - [STDERR_REDIRECT] 
2025-09-17 14:18:58,668 [ERROR] LogOutputStream:75 - [STDERR_REDIRECT] Sep 17, 2025 2:18:58 PM java.util.prefs.FileSystemPreferences checkLockFile0ErrorCode
2025-09-17 14:18:58,668 [ERROR] LogOutputStream:75 - [STDERR_REDIRECT] WARNING: Could not lock System prefs. Unix error code 2.
2025-09-17 14:18:58,668 [ERROR] LogOutputStream:75 - [STDERR_REDIRECT] 
2025-09-17 14:18:58,668 [ERROR] LogOutputStream:75 - [STDERR_REDIRECT] Sep 17, 2025 2:18:58 PM java.util.prefs.FileSystemPreferences syncWorld
2025-09-17 14:18:58,668 [ERROR] LogOutputStream:75 - [STDERR_REDIRECT] WARNING: Couldn't flush system prefs: java.util.prefs.BackingStoreException: Couldn't get file lock.
2025-09-17 14:18:58,668 [ERROR] LogOutputStream:75 - [STDERR_REDIRECT] 
2025-09-17 14:19:28,667 [ERROR] LogOutputStream:75 - [STDERR_REDIRECT] Sep 17, 2025 2:19:28 PM java.util.prefs.FileSystemPreferences checkLockFile0ErrorCode
2025-09-17 14:19:28,668 [ERROR] LogOutputStream:75 - [STDERR_REDIRECT] WARNING: Could not lock System prefs. Unix error code 2.
2025-09-17 14:19:28,668 [ERROR] LogOutputStream:75 - [STDERR_REDIRECT] 
2025-09-17 14:19:28,668 [ERROR] LogOutputStream:75 - [STDERR_REDIRECT] Sep 17, 2025 2:19:28 PM java.util.prefs.FileSystemPreferences syncWorld
2025-09-17 14:19:28,668 [ERROR] LogOutputStream:75 - [STDERR_REDIRECT] WARNING: Couldn't flush system prefs: java.util.prefs.BackingStoreException: Couldn't get file lock.
2025-09-17 14:19:28,668 [ERROR] LogOutputStream:75 - [STDERR_REDIRECT] 
2025-09-17 14:19:58,668 [ERROR] LogOutputStream:75 - [STDERR_REDIRECT] Sep 17, 2025 2:19:58 PM java.util.prefs.FileSystemPreferences checkLockFile0ErrorCode
2025-09-17 14:19:58,668 [ERROR] LogOutputStream:75 - [STDERR_REDIRECT] WARNING: Could not lock System prefs. Unix error code 2.
2025-09-17 14:19:58,668 [ERROR] LogOutputStream:75 - [STDERR_REDIRECT] 
2025-09-17 14:19:58,668 [ERROR] LogOutputStream:75 - [STDERR_REDIRECT] Sep 17, 2025 2:19:58 PM java.util.prefs.FileSystemPreferences syncWorld
2025-09-17 14:19:58,668 [ERROR] LogOutputStream:75 - [STDERR_REDIRECT] WARNING: Couldn't flush system prefs: java.util.prefs.BackingStoreException: Couldn't get file lock.
2025-09-17 14:19:58,668 [ERROR] LogOutputStream:75 - [STDERR_REDIRECT] 
2025-09-17 14:20:28,668 [ERROR] LogOutputStream:75 - [STDERR_REDIRECT] Sep 17, 2025 2:20:28 PM java.util.prefs.FileSystemPreferences checkLockFile0ErrorCode
2025-09-17 14:20:28,668 [ERROR] LogOutputStream:75 - [STDERR_REDIRECT] WARNING: Could not lock System prefs. Unix error code 2.
2025-09-17 14:20:28,668 [ERROR] LogOutputStream:75 - [STDERR_REDIRECT] 
2025-09-17 14:20:28,668 [ERROR] LogOutputStream:75 - [STDERR_REDIRECT] Sep 17, 2025 2:20:28 PM java.util.prefs.FileSystemPreferences syncWorld
2025-09-17 14:20:28,669 [ERROR] LogOutputStream:75 - [STDERR_REDIRECT] WARNING: Couldn't flush system prefs: java.util.prefs.BackingStoreException: Couldn't get file lock.
2025-09-17 14:20:28,669 [ERROR] LogOutputStream:75 - [STDERR_REDIRECT] 
2025-09-17 14:20:58,668 [ERROR] LogOutputStream:75 - [STDERR_REDIRECT] Sep 17, 2025 2:20:58 PM java.util.prefs.FileSystemPreferences checkLockFile0ErrorCode
2025-09-17 14:20:58,668 [ERROR] LogOutputStream:75 - [STDERR_REDIRECT] WARNING: Could not lock System prefs. Unix error code 2.
2025-09-17 14:20:58,668 [ERROR] LogOutputStream:75 - [STDERR_REDIRECT] 
2025-09-17 14:20:58,669 [ERROR] LogOutputStream:75 - [STDERR_REDIRECT] Sep 17, 2025 2:20:58 PM java.util.prefs.FileSystemPreferences syncWorld
2025-09-17 14:20:58,669 [ERROR] LogOutputStream:75 - [STDERR_REDIRECT] WARNING: Couldn't flush system prefs: java.util.prefs.BackingStoreException: Couldn't get file lock.
2025-09-17 14:20:58,669 [ERROR] LogOutputStream:75 - [STDERR_REDIRECT] 
2025-09-17 14:21:28,668 [ERROR] LogOutputStream:75 - [STDERR_REDIRECT] Sep 17, 2025 2:21:28 PM java.util.prefs.FileSystemPreferences checkLockFile0ErrorCode
2025-09-17 14:21:28,669 [ERROR] LogOutputStream:75 - [STDERR_REDIRECT] WARNING: Could not lock System prefs. Unix error code 2.
2025-09-17 14:21:28,669 [ERROR] LogOutputStream:75 - [STDERR_REDIRECT] 
2025-09-17 14:21:28,669 [ERROR] LogOutputStream:75 - [STDERR_REDIRECT] Sep 17, 2025 2:21:28 PM java.util.prefs.FileSystemPreferences syncWorld
2025-09-17 14:21:28,669 [ERROR] LogOutputStream:75 - [STDERR_REDIRECT] WARNING: Couldn't flush system prefs: java.util.prefs.BackingStoreException: Couldn't get file lock.
2025-09-17 14:21:28,669 [ERROR] LogOutputStream:75 - [STDERR_REDIRECT] 
2025-09-17 14:21:58,670 [ERROR] LogOutputStream:75 - [STDERR_REDIRECT] Sep 17, 2025 2:21:58 PM java.util.prefs.FileSystemPreferences checkLockFile0ErrorCode
2025-09-17 14:21:58,670 [ERROR] LogOutputStream:75 - [STDERR_REDIRECT] WARNING: Could not lock System prefs. Unix error code 2.
2025-09-17 14:21:58,670 [ERROR] LogOutputStream:75 - [STDERR_REDIRECT] 
2025-09-17 14:21:58,671 [ERROR] LogOutputStream:75 - [STDERR_REDIRECT] Sep 17, 2025 2:21:58 PM java.util.prefs.FileSystemPreferences syncWorld
2025-09-17 14:21:58,671 [ERROR] LogOutputStream:75 - [STDERR_REDIRECT] WARNING: Couldn't flush system prefs: java.util.prefs.BackingStoreException: Couldn't get file lock.
2025-09-17 14:21:58,671 [ERROR] LogOutputStream:75 - [STDERR_REDIRECT] 
2025-09-17 14:22:28,669 [ERROR] LogOutputStream:75 - [STDERR_REDIRECT] Sep 17, 2025 2:22:28 PM java.util.prefs.FileSystemPreferences checkLockFile0ErrorCode
2025-09-17 14:22:28,670 [ERROR] LogOutputStream:75 - [STDERR_REDIRECT] WARNING: Could not lock System prefs. Unix error code 2.
2025-09-17 14:22:28,670 [ERROR] LogOutputStream:75 - [STDERR_REDIRECT] 
2025-09-17 14:22:28,670 [ERROR] LogOutputStream:75 - [STDERR_REDIRECT] Sep 17, 2025 2:22:28 PM java.util.prefs.FileSystemPreferences syncWorld
2025-09-17 14:22:28,670 [ERROR] LogOutputStream:75 - [STDERR_REDIRECT] WARNING: Couldn't flush system prefs: java.util.prefs.BackingStoreException: Couldn't get file lock.
2025-09-17 14:22:28,670 [ERROR] LogOutputStream:75 - [STDERR_REDIRECT] 
2025-09-17 14:22:58,670 [ERROR] LogOutputStream:75 - [STDERR_REDIRECT] Sep 17, 2025 2:22:58 PM java.util.prefs.FileSystemPreferences checkLockFile0ErrorCode
2025-09-17 14:22:58,670 [ERROR] LogOutputStream:75 - [STDERR_REDIRECT] WARNING: Could not lock System prefs. Unix error code 2.
2025-09-17 14:22:58,670 [ERROR] LogOutputStream:75 - [STDERR_REDIRECT] 
2025-09-17 14:22:58,670 [ERROR] LogOutputStream:75 - [STDERR_REDIRECT] Sep 17, 2025 2:22:58 PM java.util.prefs.FileSystemPreferences syncWorld
2025-09-17 14:22:58,671 [ERROR] LogOutputStream:75 - [STDERR_REDIRECT] WARNING: Couldn't flush system prefs: java.util.prefs.BackingStoreException: Couldn't get file lock.
2025-09-17 14:22:58,671 [ERROR] LogOutputStream:75 - [STDERR_REDIRECT] 
2025-09-17 14:23:28,669 [ERROR] LogOutputStream:75 - [STDERR_REDIRECT] Sep 17, 2025 2:23:28 PM java.util.prefs.FileSystemPreferences checkLockFile0ErrorCode
2025-09-17 14:23:28,669 [ERROR] LogOutputStream:75 - [STDERR_REDIRECT] WARNING: Could not lock System prefs. Unix error code 2.
2025-09-17 14:23:28,669 [ERROR] LogOutputStream:75 - [STDERR_REDIRECT] 
2025-09-17 14:23:28,670 [ERROR] LogOutputStream:75 - [STDERR_REDIRECT] Sep 17, 2025 2:23:28 PM java.util.prefs.FileSystemPreferences syncWorld
2025-09-17 14:23:28,670 [ERROR] LogOutputStream:75 - [STDERR_REDIRECT] WARNING: Couldn't flush system prefs: java.util.prefs.BackingStoreException: Couldn't get file lock.
2025-09-17 14:23:28,670 [ERROR] LogOutputStream:75 - [STDERR_REDIRECT] 
2025-09-17 14:23:58,670 [ERROR] LogOutputStream:75 - [STDERR_REDIRECT] Sep 17, 2025 2:23:58 PM java.util.prefs.FileSystemPreferences checkLockFile0ErrorCode
2025-09-17 14:23:58,670 [ERROR] LogOutputStream:75 - [STDERR_REDIRECT] WARNING: Could not lock System prefs. Unix error code 2.
2025-09-17 14:23:58,670 [ERROR] LogOutputStream:75 - [STDERR_REDIRECT] 
2025-09-17 14:23:58,670 [ERROR] LogOutputStream:75 - [STDERR_REDIRECT] Sep 17, 2025 2:23:58 PM java.util.prefs.FileSystemPreferences syncWorld
2025-09-17 14:23:58,670 [ERROR] LogOutputStream:75 - [STDERR_REDIRECT] WARNING: Couldn't flush system prefs: java.util.prefs.BackingStoreException: Couldn't get file lock.
2025-09-17 14:23:58,670 [ERROR] LogOutputStream:75 - [STDERR_REDIRECT] 
2025-09-17 14:24:28,670 [ERROR] LogOutputStream:75 - [STDERR_REDIRECT] Sep 17, 2025 2:24:28 PM java.util.prefs.FileSystemPreferences checkLockFile0ErrorCode
2025-09-17 14:24:28,670 [ERROR] LogOutputStream:75 - [STDERR_REDIRECT] WARNING: Could not lock System prefs. Unix error code 2.
2025-09-17 14:24:28,670 [ERROR] LogOutputStream:75 - [STDERR_REDIRECT] 
2025-09-17 14:24:28,670 [ERROR] LogOutputStream:75 - [STDERR_REDIRECT] Sep 17, 2025 2:24:28 PM java.util.prefs.FileSystemPreferences syncWorld
2025-09-17 14:24:28,671 [ERROR] LogOutputStream:75 - [STDERR_REDIRECT] WARNING: Couldn't flush system prefs: java.util.prefs.BackingStoreException: Couldn't get file lock.
2025-09-17 14:24:28,671 [ERROR] LogOutputStream:75 - [STDERR_REDIRECT] 
2025-09-17 14:24:58,669 [ERROR] LogOutputStream:75 - [STDERR_REDIRECT] Sep 17, 2025 2:24:58 PM java.util.prefs.FileSystemPreferences checkLockFile0ErrorCode
2025-09-17 14:24:58,670 [ERROR] LogOutputStream:75 - [STDERR_REDIRECT] WARNING: Could not lock System prefs. Unix error code 2.
2025-09-17 14:24:58,670 [ERROR] LogOutputStream:75 - [STDERR_REDIRECT] 
2025-09-17 14:24:58,670 [ERROR] LogOutputStream:75 - [STDERR_REDIRECT] Sep 17, 2025 2:24:58 PM java.util.prefs.FileSystemPreferences syncWorld
2025-09-17 14:24:58,670 [ERROR] LogOutputStream:75 - [STDERR_REDIRECT] WARNING: Couldn't flush system prefs: java.util.prefs.BackingStoreException: Couldn't get file lock.
2025-09-17 14:24:58,670 [ERROR] LogOutputStream:75 - [STDERR_REDIRECT] 
2025-09-17 14:25:28,670 [ERROR] LogOutputStream:75 - [STDERR_REDIRECT] Sep 17, 2025 2:25:28 PM java.util.prefs.FileSystemPreferences checkLockFile0ErrorCode
2025-09-17 14:25:28,670 [ERROR] LogOutputStream:75 - [STDERR_REDIRECT] WARNING: Could not lock System prefs. Unix error code 2.
2025-09-17 14:25:28,670 [ERROR] LogOutputStream:75 - [STDERR_REDIRECT] 
2025-09-17 14:25:28,670 [ERROR] LogOutputStream:75 - [STDERR_REDIRECT] Sep 17, 2025 2:25:28 PM java.util.prefs.FileSystemPreferences syncWorld
2025-09-17 14:25:28,670 [ERROR] LogOutputStream:75 - [STDERR_REDIRECT] WARNING: Couldn't flush system prefs: java.util.prefs.BackingStoreException: Couldn't get file lock.
2025-09-17 14:25:28,670 [ERROR] LogOutputStream:75 - [STDERR_REDIRECT] 
2025-09-17 14:25:58,670 [ERROR] LogOutputStream:75 - [STDERR_REDIRECT] Sep 17, 2025 2:25:58 PM java.util.prefs.FileSystemPreferences checkLockFile0ErrorCode
2025-09-17 14:25:58,670 [ERROR] LogOutputStream:75 - [STDERR_REDIRECT] WARNING: Could not lock System prefs. Unix error code 2.
2025-09-17 14:25:58,670 [ERROR] LogOutputStream:75 - [STDERR_REDIRECT] 
2025-09-17 14:25:58,670 [ERROR] LogOutputStream:75 - [STDERR_REDIRECT] Sep 17, 2025 2:25:58 PM java.util.prefs.FileSystemPreferences syncWorld
2025-09-17 14:25:58,670 [ERROR] LogOutputStream:75 - [STDERR_REDIRECT] WARNING: Couldn't flush system prefs: java.util.prefs.BackingStoreException: Couldn't get file lock.
2025-09-17 14:25:58,670 [ERROR] LogOutputStream:75 - [STDERR_REDIRECT] 
2025-09-17 14:26:28,671 [ERROR] LogOutputStream:75 - [STDERR_REDIRECT] Sep 17, 2025 2:26:28 PM java.util.prefs.FileSystemPreferences checkLockFile0ErrorCode
2025-09-17 14:26:28,671 [ERROR] LogOutputStream:75 - [STDERR_REDIRECT] WARNING: Could not lock System prefs. Unix error code 2.
2025-09-17 14:26:28,671 [ERROR] LogOutputStream:75 - [STDERR_REDIRECT] 
2025-09-17 14:26:28,671 [ERROR] LogOutputStream:75 - [STDERR_REDIRECT] Sep 17, 2025 2:26:28 PM java.util.prefs.FileSystemPreferences syncWorld
2025-09-17 14:26:28,671 [ERROR] LogOutputStream:75 - [STDERR_REDIRECT] WARNING: Couldn't flush system prefs: java.util.prefs.BackingStoreException: Couldn't get file lock.
2025-09-17 14:26:28,671 [ERROR] LogOutputStream:75 - [STDERR_REDIRECT] 
2025-09-17 14:26:58,671 [ERROR] LogOutputStream:75 - [STDERR_REDIRECT] Sep 17, 2025 2:26:58 PM java.util.prefs.FileSystemPreferences checkLockFile0ErrorCode
2025-09-17 14:26:58,671 [ERROR] LogOutputStream:75 - [STDERR_REDIRECT] WARNING: Could not lock System prefs. Unix error code 2.
2025-09-17 14:26:58,672 [ERROR] LogOutputStream:75 - [STDERR_REDIRECT] 
2025-09-17 14:26:58,672 [ERROR] LogOutputStream:75 - [STDERR_REDIRECT] Sep 17, 2025 2:26:58 PM java.util.prefs.FileSystemPreferences syncWorld
2025-09-17 14:26:58,672 [ERROR] LogOutputStream:75 - [STDERR_REDIRECT] WARNING: Couldn't flush system prefs: java.util.prefs.BackingStoreException: Couldn't get file lock.
2025-09-17 14:26:58,672 [ERROR] LogOutputStream:75 - [STDERR_REDIRECT] 
2025-09-17 14:27:28,672 [ERROR] LogOutputStream:75 - [STDERR_REDIRECT] Sep 17, 2025 2:27:28 PM java.util.prefs.FileSystemPreferences checkLockFile0ErrorCode
2025-09-17 14:27:28,672 [ERROR] LogOutputStream:75 - [STDERR_REDIRECT] WARNING: Could not lock System prefs. Unix error code 2.
2025-09-17 14:27:28,672 [ERROR] LogOutputStream:75 - [STDERR_REDIRECT] 
2025-09-17 14:27:28,672 [ERROR] LogOutputStream:75 - [STDERR_REDIRECT] Sep 17, 2025 2:27:28 PM java.util.prefs.FileSystemPreferences syncWorld
2025-09-17 14:27:28,672 [ERROR] LogOutputStream:75 - [STDERR_REDIRECT] WARNING: Couldn't flush system prefs: java.util.prefs.BackingStoreException: Couldn't get file lock.
2025-09-17 14:27:28,672 [ERROR] LogOutputStream:75 - [STDERR_REDIRECT] 
2025-09-17 14:27:58,672 [ERROR] LogOutputStream:75 - [STDERR_REDIRECT] Sep 17, 2025 2:27:58 PM java.util.prefs.FileSystemPreferences checkLockFile0ErrorCode
2025-09-17 14:27:58,673 [ERROR] LogOutputStream:75 - [STDERR_REDIRECT] WARNING: Could not lock System prefs. Unix error code 2.
2025-09-17 14:27:58,673 [ERROR] LogOutputStream:75 - [STDERR_REDIRECT] 
2025-09-17 14:27:58,673 [ERROR] LogOutputStream:75 - [STDERR_REDIRECT] Sep 17, 2025 2:27:58 PM java.util.prefs.FileSystemPreferences syncWorld
2025-09-17 14:27:58,673 [ERROR] LogOutputStream:75 - [STDERR_REDIRECT] WARNING: Couldn't flush system prefs: java.util.prefs.BackingStoreException: Couldn't get file lock.
2025-09-17 14:27:58,673 [ERROR] LogOutputStream:75 - [STDERR_REDIRECT] 
2025-09-17 14:28:28,673 [ERROR] LogOutputStream:75 - [STDERR_REDIRECT] Sep 17, 2025 2:28:28 PM java.util.prefs.FileSystemPreferences checkLockFile0ErrorCode
2025-09-17 14:28:28,673 [ERROR] LogOutputStream:75 - [STDERR_REDIRECT] WARNING: Could not lock System prefs. Unix error code 2.
2025-09-17 14:28:28,673 [ERROR] LogOutputStream:75 - [STDERR_REDIRECT] 
2025-09-17 14:28:28,673 [ERROR] LogOutputStream:75 - [STDERR_REDIRECT] Sep 17, 2025 2:28:28 PM java.util.prefs.FileSystemPreferences syncWorld
2025-09-17 14:28:28,673 [ERROR] LogOutputStream:75 - [STDERR_REDIRECT] WARNING: Couldn't flush system prefs: java.util.prefs.BackingStoreException: Couldn't get file lock.
2025-09-17 14:28:28,673 [ERROR] LogOutputStream:75 - [STDERR_REDIRECT] 
2025-09-17 14:28:58,673 [ERROR] LogOutputStream:75 - [STDERR_REDIRECT] Sep 17, 2025 2:28:58 PM java.util.prefs.FileSystemPreferences checkLockFile0ErrorCode
2025-09-17 14:28:58,673 [ERROR] LogOutputStream:75 - [STDERR_REDIRECT] WARNING: Could not lock System prefs. Unix error code 2.
2025-09-17 14:28:58,673 [ERROR] LogOutputStream:75 - [STDERR_REDIRECT] 
2025-09-17 14:28:58,673 [ERROR] LogOutputStream:75 - [STDERR_REDIRECT] Sep 17, 2025 2:28:58 PM java.util.prefs.FileSystemPreferences syncWorld
2025-09-17 14:28:58,674 [ERROR] LogOutputStream:75 - [STDERR_REDIRECT] WARNING: Couldn't flush system prefs: java.util.prefs.BackingStoreException: Couldn't get file lock.
2025-09-17 14:28:58,674 [ERROR] LogOutputStream:75 - [STDERR_REDIRECT] 
2025-09-17 14:29:28,673 [ERROR] LogOutputStream:75 - [STDERR_REDIRECT] Sep 17, 2025 2:29:28 PM java.util.prefs.FileSystemPreferences checkLockFile0ErrorCode
2025-09-17 14:29:28,673 [ERROR] LogOutputStream:75 - [STDERR_REDIRECT] WARNING: Could not lock System prefs. Unix error code 2.
2025-09-17 14:29:28,673 [ERROR] LogOutputStream:75 - [STDERR_REDIRECT] 
2025-09-17 14:29:28,674 [ERROR] LogOutputStream:75 - [STDERR_REDIRECT] Sep 17, 2025 2:29:28 PM java.util.prefs.FileSystemPreferences syncWorld
2025-09-17 14:29:28,674 [ERROR] LogOutputStream:75 - [STDERR_REDIRECT] WARNING: Couldn't flush system prefs: java.util.prefs.BackingStoreException: Couldn't get file lock.
2025-09-17 14:29:28,674 [ERROR] LogOutputStream:75 - [STDERR_REDIRECT] 
2025-09-17 14:29:58,673 [ERROR] LogOutputStream:75 - [STDERR_REDIRECT] Sep 17, 2025 2:29:58 PM java.util.prefs.FileSystemPreferences checkLockFile0ErrorCode
2025-09-17 14:29:58,674 [ERROR] LogOutputStream:75 - [STDERR_REDIRECT] WARNING: Could not lock System prefs. Unix error code 2.
2025-09-17 14:29:58,674 [ERROR] LogOutputStream:75 - [STDERR_REDIRECT] 
2025-09-17 14:29:58,674 [ERROR] LogOutputStream:75 - [STDERR_REDIRECT] Sep 17, 2025 2:29:58 PM java.util.prefs.FileSystemPreferences syncWorld
2025-09-17 14:29:58,674 [ERROR] LogOutputStream:75 - [STDERR_REDIRECT] WARNING: Couldn't flush system prefs: java.util.prefs.BackingStoreException: Couldn't get file lock.
2025-09-17 14:29:58,674 [ERROR] LogOutputStream:75 - [STDERR_REDIRECT] 
2025-09-17 14:30:28,674 [ERROR] LogOutputStream:75 - [STDERR_REDIRECT] Sep 17, 2025 2:30:28 PM java.util.prefs.FileSystemPreferences checkLockFile0ErrorCode
2025-09-17 14:30:28,674 [ERROR] LogOutputStream:75 - [STDERR_REDIRECT] WARNING: Could not lock System prefs. Unix error code 2.
2025-09-17 14:30:28,674 [ERROR] LogOutputStream:75 - [STDERR_REDIRECT] 
2025-09-17 14:30:28,674 [ERROR] LogOutputStream:75 - [STDERR_REDIRECT] Sep 17, 2025 2:30:28 PM java.util.prefs.FileSystemPreferences syncWorld
2025-09-17 14:30:28,674 [ERROR] LogOutputStream:75 - [STDERR_REDIRECT] WARNING: Couldn't flush system prefs: java.util.prefs.BackingStoreException: Couldn't get file lock.
2025-09-17 14:30:28,674 [ERROR] LogOutputStream:75 - [STDERR_REDIRECT] 
2025-09-17 14:30:58,674 [ERROR] LogOutputStream:75 - [STDERR_REDIRECT] Sep 17, 2025 2:30:58 PM java.util.prefs.FileSystemPreferences checkLockFile0ErrorCode
2025-09-17 14:30:58,674 [ERROR] LogOutputStream:75 - [STDERR_REDIRECT] WARNING: Could not lock System prefs. Unix error code 2.
2025-09-17 14:30:58,674 [ERROR] LogOutputStream:75 - [STDERR_REDIRECT] 
2025-09-17 14:30:58,674 [ERROR] LogOutputStream:75 - [STDERR_REDIRECT] Sep 17, 2025 2:30:58 PM java.util.prefs.FileSystemPreferences syncWorld
2025-09-17 14:30:58,674 [ERROR] LogOutputStream:75 - [STDERR_REDIRECT] WARNING: Couldn't flush system prefs: java.util.prefs.BackingStoreException: Couldn't get file lock.
2025-09-17 14:30:58,674 [ERROR] LogOutputStream:75 - [STDERR_REDIRECT] 
2025-09-17 14:31:28,675 [ERROR] LogOutputStream:75 - [STDERR_REDIRECT] Sep 17, 2025 2:31:28 PM java.util.prefs.FileSystemPreferences checkLockFile0ErrorCode
2025-09-17 14:31:28,675 [ERROR] LogOutputStream:75 - [STDERR_REDIRECT] WARNING: Could not lock System prefs. Unix error code 2.
2025-09-17 14:31:28,675 [ERROR] LogOutputStream:75 - [STDERR_REDIRECT] 
2025-09-17 14:31:28,675 [ERROR] LogOutputStream:75 - [STDERR_REDIRECT] Sep 17, 2025 2:31:28 PM java.util.prefs.FileSystemPreferences syncWorld
2025-09-17 14:31:28,675 [ERROR] LogOutputStream:75 - [STDERR_REDIRECT] WARNING: Couldn't flush system prefs: java.util.prefs.BackingStoreException: Couldn't get file lock.
2025-09-17 14:31:28,676 [ERROR] LogOutputStream:75 - [STDERR_REDIRECT] 
2025-09-17 14:31:58,674 [ERROR] LogOutputStream:75 - [STDERR_REDIRECT] Sep 17, 2025 2:31:58 PM java.util.prefs.FileSystemPreferences checkLockFile0ErrorCode
2025-09-17 14:31:58,674 [ERROR] LogOutputStream:75 - [STDERR_REDIRECT] WARNING: Could not lock System prefs. Unix error code 2.
2025-09-17 14:31:58,675 [ERROR] LogOutputStream:75 - [STDERR_REDIRECT] 
2025-09-17 14:31:58,675 [ERROR] LogOutputStream:75 - [STDERR_REDIRECT] Sep 17, 2025 2:31:58 PM java.util.prefs.FileSystemPreferences syncWorld
2025-09-17 14:31:58,675 [ERROR] LogOutputStream:75 - [STDERR_REDIRECT] WARNING: Couldn't flush system prefs: java.util.prefs.BackingStoreException: Couldn't get file lock.
2025-09-17 14:31:58,675 [ERROR] LogOutputStream:75 - [STDERR_REDIRECT] 
2025-09-17 14:32:28,675 [ERROR] LogOutputStream:75 - [STDERR_REDIRECT] Sep 17, 2025 2:32:28 PM java.util.prefs.FileSystemPreferences checkLockFile0ErrorCode
2025-09-17 14:32:28,675 [ERROR] LogOutputStream:75 - [STDERR_REDIRECT] WARNING: Could not lock System prefs. Unix error code 2.
2025-09-17 14:32:28,675 [ERROR] LogOutputStream:75 - [STDERR_REDIRECT] 
2025-09-17 14:32:28,675 [ERROR] LogOutputStream:75 - [STDERR_REDIRECT] Sep 17, 2025 2:32:28 PM java.util.prefs.FileSystemPreferences syncWorld
2025-09-17 14:32:28,675 [ERROR] LogOutputStream:75 - [STDERR_REDIRECT] WARNING: Couldn't flush system prefs: java.util.prefs.BackingStoreException: Couldn't get file lock.
2025-09-17 14:32:28,675 [ERROR] LogOutputStream:75 - [STDERR_REDIRECT] 
2025-09-17 14:32:58,675 [ERROR] LogOutputStream:75 - [STDERR_REDIRECT] Sep 17, 2025 2:32:58 PM java.util.prefs.FileSystemPreferences checkLockFile0ErrorCode
2025-09-17 14:32:58,675 [ERROR] LogOutputStream:75 - [STDERR_REDIRECT] WARNING: Could not lock System prefs. Unix error code 2.
2025-09-17 14:32:58,675 [ERROR] LogOutputStream:75 - [STDERR_REDIRECT] 
2025-09-17 14:32:58,675 [ERROR] LogOutputStream:75 - [STDERR_REDIRECT] Sep 17, 2025 2:32:58 PM java.util.prefs.FileSystemPreferences syncWorld
2025-09-17 14:32:58,675 [ERROR] LogOutputStream:75 - [STDERR_REDIRECT] WARNING: Couldn't flush system prefs: java.util.prefs.BackingStoreException: Couldn't get file lock.
2025-09-17 14:32:58,675 [ERROR] LogOutputStream:75 - [STDERR_REDIRECT] 
2025-09-17 14:33:28,675 [ERROR] LogOutputStream:75 - [STDERR_REDIRECT] Sep 17, 2025 2:33:28 PM java.util.prefs.FileSystemPreferences checkLockFile0ErrorCode
2025-09-17 14:33:28,675 [ERROR] LogOutputStream:75 - [STDERR_REDIRECT] WARNING: Could not lock System prefs. Unix error code 2.
2025-09-17 14:33:28,675 [ERROR] LogOutputStream:75 - [STDERR_REDIRECT] 
2025-09-17 14:33:28,675 [ERROR] LogOutputStream:75 - [STDERR_REDIRECT] Sep 17, 2025 2:33:28 PM java.util.prefs.FileSystemPreferences syncWorld
2025-09-17 14:33:28,676 [ERROR] LogOutputStream:75 - [STDERR_REDIRECT] WARNING: Couldn't flush system prefs: java.util.prefs.BackingStoreException: Couldn't get file lock.
2025-09-17 14:33:28,676 [ERROR] LogOutputStream:75 - [STDERR_REDIRECT] 
2025-09-17 14:33:58,674 [ERROR] LogOutputStream:75 - [STDERR_REDIRECT] Sep 17, 2025 2:33:58 PM java.util.prefs.FileSystemPreferences checkLockFile0ErrorCode
2025-09-17 14:33:58,674 [ERROR] LogOutputStream:75 - [STDERR_REDIRECT] WARNING: Could not lock System prefs. Unix error code 2.
2025-09-17 14:33:58,674 [ERROR] LogOutputStream:75 - [STDERR_REDIRECT] 
2025-09-17 14:33:58,674 [ERROR] LogOutputStream:75 - [STDERR_REDIRECT] Sep 17, 2025 2:33:58 PM java.util.prefs.FileSystemPreferences syncWorld
2025-09-17 14:33:58,675 [ERROR] LogOutputStream:75 - [STDERR_REDIRECT] WARNING: Couldn't flush system prefs: java.util.prefs.BackingStoreException: Couldn't get file lock.
2025-09-17 14:33:58,675 [ERROR] LogOutputStream:75 - [STDERR_REDIRECT] 
2025-09-17 14:34:28,674 [ERROR] LogOutputStream:75 - [STDERR_REDIRECT] Sep 17, 2025 2:34:28 PM java.util.prefs.FileSystemPreferences checkLockFile0ErrorCode
2025-09-17 14:34:28,674 [ERROR] LogOutputStream:75 - [STDERR_REDIRECT] WARNING: Could not lock System prefs. Unix error code 2.
2025-09-17 14:34:28,674 [ERROR] LogOutputStream:75 - [STDERR_REDIRECT] 
2025-09-17 14:34:28,674 [ERROR] LogOutputStream:75 - [STDERR_REDIRECT] Sep 17, 2025 2:34:28 PM java.util.prefs.FileSystemPreferences syncWorld
2025-09-17 14:34:28,675 [ERROR] LogOutputStream:75 - [STDERR_REDIRECT] WARNING: Couldn't flush system prefs: java.util.prefs.BackingStoreException: Couldn't get file lock.
2025-09-17 14:34:28,675 [ERROR] LogOutputStream:75 - [STDERR_REDIRECT] 
2025-09-17 14:34:58,674 [ERROR] LogOutputStream:75 - [STDERR_REDIRECT] Sep 17, 2025 2:34:58 PM java.util.prefs.FileSystemPreferences checkLockFile0ErrorCode
2025-09-17 14:34:58,674 [ERROR] LogOutputStream:75 - [STDERR_REDIRECT] WARNING: Could not lock System prefs. Unix error code 2.
2025-09-17 14:34:58,674 [ERROR] LogOutputStream:75 - [STDERR_REDIRECT] 
2025-09-17 14:34:58,675 [ERROR] LogOutputStream:75 - [STDERR_REDIRECT] Sep 17, 2025 2:34:58 PM java.util.prefs.FileSystemPreferences syncWorld
2025-09-17 14:34:58,675 [ERROR] LogOutputStream:75 - [STDERR_REDIRECT] WARNING: Couldn't flush system prefs: java.util.prefs.BackingStoreException: Couldn't get file lock.
2025-09-17 14:34:58,675 [ERROR] LogOutputStream:75 - [STDERR_REDIRECT] 
2025-09-17 14:35:28,674 [ERROR] LogOutputStream:75 - [STDERR_REDIRECT] Sep 17, 2025 2:35:28 PM java.util.prefs.FileSystemPreferences checkLockFile0ErrorCode
2025-09-17 14:35:28,675 [ERROR] LogOutputStream:75 - [STDERR_REDIRECT] WARNING: Could not lock System prefs. Unix error code 2.
2025-09-17 14:35:28,675 [ERROR] LogOutputStream:75 - [STDERR_REDIRECT] 
2025-09-17 14:35:28,675 [ERROR] LogOutputStream:75 - [STDERR_REDIRECT] Sep 17, 2025 2:35:28 PM java.util.prefs.FileSystemPreferences syncWorld
2025-09-17 14:35:28,675 [ERROR] LogOutputStream:75 - [STDERR_REDIRECT] WARNING: Couldn't flush system prefs: java.util.prefs.BackingStoreException: Couldn't get file lock.
2025-09-17 14:35:28,675 [ERROR] LogOutputStream:75 - [STDERR_REDIRECT] 
2025-09-17 14:35:58,675 [ERROR] LogOutputStream:75 - [STDERR_REDIRECT] Sep 17, 2025 2:35:58 PM java.util.prefs.FileSystemPreferences checkLockFile0ErrorCode
2025-09-17 14:35:58,675 [ERROR] LogOutputStream:75 - [STDERR_REDIRECT] WARNING: Could not lock System prefs. Unix error code 2.
2025-09-17 14:35:58,675 [ERROR] LogOutputStream:75 - [STDERR_REDIRECT] 
2025-09-17 14:35:58,675 [ERROR] LogOutputStream:75 - [STDERR_REDIRECT] Sep 17, 2025 2:35:58 PM java.util.prefs.FileSystemPreferences syncWorld
2025-09-17 14:35:58,676 [ERROR] LogOutputStream:75 - [STDERR_REDIRECT] WARNING: Couldn't flush system prefs: java.util.prefs.BackingStoreException: Couldn't get file lock.
2025-09-17 14:35:58,676 [ERROR] LogOutputStream:75 - [STDERR_REDIRECT] 
2025-09-17 14:36:28,675 [ERROR] LogOutputStream:75 - [STDERR_REDIRECT] Sep 17, 2025 2:36:28 PM java.util.prefs.FileSystemPreferences checkLockFile0ErrorCode
2025-09-17 14:36:28,675 [ERROR] LogOutputStream:75 - [STDERR_REDIRECT] WARNING: Could not lock System prefs. Unix error code 2.
2025-09-17 14:36:28,676 [ERROR] LogOutputStream:75 - [STDERR_REDIRECT] 
2025-09-17 14:36:28,676 [ERROR] LogOutputStream:75 - [STDERR_REDIRECT] Sep 17, 2025 2:36:28 PM java.util.prefs.FileSystemPreferences syncWorld
2025-09-17 14:36:28,676 [ERROR] LogOutputStream:75 - [STDERR_REDIRECT] WARNING: Couldn't flush system prefs: java.util.prefs.BackingStoreException: Couldn't get file lock.
2025-09-17 14:36:28,676 [ERROR] LogOutputStream:75 - [STDERR_REDIRECT] 
2025-09-17 14:36:58,675 [ERROR] LogOutputStream:75 - [STDERR_REDIRECT] Sep 17, 2025 2:36:58 PM java.util.prefs.FileSystemPreferences checkLockFile0ErrorCode
2025-09-17 14:36:58,675 [ERROR] LogOutputStream:75 - [STDERR_REDIRECT] WARNING: Could not lock System prefs. Unix error code 2.
2025-09-17 14:36:58,675 [ERROR] LogOutputStream:75 - [STDERR_REDIRECT] 
2025-09-17 14:36:58,675 [ERROR] LogOutputStream:75 - [STDERR_REDIRECT] Sep 17, 2025 2:36:58 PM java.util.prefs.FileSystemPreferences syncWorld
2025-09-17 14:36:58,675 [ERROR] LogOutputStream:75 - [STDERR_REDIRECT] WARNING: Couldn't flush system prefs: java.util.prefs.BackingStoreException: Couldn't get file lock.
2025-09-17 14:36:58,675 [ERROR] LogOutputStream:75 - [STDERR_REDIRECT] 
2025-09-17 14:37:28,676 [ERROR] LogOutputStream:75 - [STDERR_REDIRECT] Sep 17, 2025 2:37:28 PM java.util.prefs.FileSystemPreferences checkLockFile0ErrorCode
2025-09-17 14:37:28,676 [ERROR] LogOutputStream:75 - [STDERR_REDIRECT] WARNING: Could not lock System prefs. Unix error code 2.
2025-09-17 14:37:28,676 [ERROR] LogOutputStream:75 - [STDERR_REDIRECT] 
2025-09-17 14:37:28,676 [ERROR] LogOutputStream:75 - [STDERR_REDIRECT] Sep 17, 2025 2:37:28 PM java.util.prefs.FileSystemPreferences syncWorld
2025-09-17 14:37:28,676 [ERROR] LogOutputStream:75 - [STDERR_REDIRECT] WARNING: Couldn't flush system prefs: java.util.prefs.BackingStoreException: Couldn't get file lock.
2025-09-17 14:37:28,676 [ERROR] LogOutputStream:75 - [STDERR_REDIRECT] 
2025-09-17 14:37:58,676 [ERROR] LogOutputStream:75 - [STDERR_REDIRECT] Sep 17, 2025 2:37:58 PM java.util.prefs.FileSystemPreferences checkLockFile0ErrorCode
2025-09-17 14:37:58,677 [ERROR] LogOutputStream:75 - [STDERR_REDIRECT] WARNING: Could not lock System prefs. Unix error code 2.
2025-09-17 14:37:58,677 [ERROR] LogOutputStream:75 - [STDERR_REDIRECT] 
2025-09-17 14:37:58,677 [ERROR] LogOutputStream:75 - [STDERR_REDIRECT] Sep 17, 2025 2:37:58 PM java.util.prefs.FileSystemPreferences syncWorld
2025-09-17 14:37:58,677 [ERROR] LogOutputStream:75 - [STDERR_REDIRECT] WARNING: Couldn't flush system prefs: java.util.prefs.BackingStoreException: Couldn't get file lock.
2025-09-17 14:37:58,677 [ERROR] LogOutputStream:75 - [STDERR_REDIRECT] 
2025-09-17 14:38:28,675 [ERROR] LogOutputStream:75 - [STDERR_REDIRECT] Sep 17, 2025 2:38:28 PM java.util.prefs.FileSystemPreferences checkLockFile0ErrorCode
2025-09-17 14:38:28,676 [ERROR] LogOutputStream:75 - [STDERR_REDIRECT] WARNING: Could not lock System prefs. Unix error code 2.
2025-09-17 14:38:28,676 [ERROR] LogOutputStream:75 - [STDERR_REDIRECT] 
2025-09-17 14:38:28,676 [ERROR] LogOutputStream:75 - [STDERR_REDIRECT] Sep 17, 2025 2:38:28 PM java.util.prefs.FileSystemPreferences syncWorld
2025-09-17 14:38:28,676 [ERROR] LogOutputStream:75 - [STDERR_REDIRECT] WARNING: Couldn't flush system prefs: java.util.prefs.BackingStoreException: Couldn't get file lock.
2025-09-17 14:38:28,676 [ERROR] LogOutputStream:75 - [STDERR_REDIRECT] 
2025-09-17 14:38:58,676 [ERROR] LogOutputStream:75 - [STDERR_REDIRECT] Sep 17, 2025 2:38:58 PM java.util.prefs.FileSystemPreferences checkLockFile0ErrorCode
2025-09-17 14:38:58,676 [ERROR] LogOutputStream:75 - [STDERR_REDIRECT] WARNING: Could not lock System prefs. Unix error code 2.
2025-09-17 14:38:58,676 [ERROR] LogOutputStream:75 - [STDERR_REDIRECT] 
2025-09-17 14:38:58,676 [ERROR] LogOutputStream:75 - [STDERR_REDIRECT] Sep 17, 2025 2:38:58 PM java.util.prefs.FileSystemPreferences syncWorld
2025-09-17 14:38:58,676 [ERROR] LogOutputStream:75 - [STDERR_REDIRECT] WARNING: Couldn't flush system prefs: java.util.prefs.BackingStoreException: Couldn't get file lock.
2025-09-17 14:38:58,676 [ERROR] LogOutputStream:75 - [STDERR_REDIRECT] 
2025-09-17 14:39:28,676 [ERROR] LogOutputStream:75 - [STDERR_REDIRECT] Sep 17, 2025 2:39:28 PM java.util.prefs.FileSystemPreferences checkLockFile0ErrorCode
2025-09-17 14:39:28,676 [ERROR] LogOutputStream:75 - [STDERR_REDIRECT] WARNING: Could not lock System prefs. Unix error code 2.
2025-09-17 14:39:28,676 [ERROR] LogOutputStream:75 - [STDERR_REDIRECT] 
2025-09-17 14:39:28,677 [ERROR] LogOutputStream:75 - [STDERR_REDIRECT] Sep 17, 2025 2:39:28 PM java.util.prefs.FileSystemPreferences syncWorld
2025-09-17 14:39:28,677 [ERROR] LogOutputStream:75 - [STDERR_REDIRECT] WARNING: Couldn't flush system prefs: java.util.prefs.BackingStoreException: Couldn't get file lock.
2025-09-17 14:39:28,677 [ERROR] LogOutputStream:75 - [STDERR_REDIRECT] 
2025-09-17 14:39:58,677 [ERROR] LogOutputStream:75 - [STDERR_REDIRECT] Sep 17, 2025 2:39:58 PM java.util.prefs.FileSystemPreferences checkLockFile0ErrorCode
2025-09-17 14:39:58,677 [ERROR] LogOutputStream:75 - [STDERR_REDIRECT] WARNING: Could not lock System prefs. Unix error code 2.
2025-09-17 14:39:58,677 [ERROR] LogOutputStream:75 - [STDERR_REDIRECT] 
2025-09-17 14:39:58,677 [ERROR] LogOutputStream:75 - [STDERR_REDIRECT] Sep 17, 2025 2:39:58 PM java.util.prefs.FileSystemPreferences syncWorld
2025-09-17 14:39:58,677 [ERROR] LogOutputStream:75 - [STDERR_REDIRECT] WARNING: Couldn't flush system prefs: java.util.prefs.BackingStoreException: Couldn't get file lock.
2025-09-17 14:39:58,677 [ERROR] LogOutputStream:75 - [STDERR_REDIRECT] 
2025-09-17 14:40:28,677 [ERROR] LogOutputStream:75 - [STDERR_REDIRECT] Sep 17, 2025 2:40:28 PM java.util.prefs.FileSystemPreferences checkLockFile0ErrorCode
2025-09-17 14:40:28,677 [ERROR] LogOutputStream:75 - [STDERR_REDIRECT] WARNING: Could not lock System prefs. Unix error code 2.
2025-09-17 14:40:28,677 [ERROR] LogOutputStream:75 - [STDERR_REDIRECT] 
2025-09-17 14:40:28,677 [ERROR] LogOutputStream:75 - [STDERR_REDIRECT] Sep 17, 2025 2:40:28 PM java.util.prefs.FileSystemPreferences syncWorld
2025-09-17 14:40:28,677 [ERROR] LogOutputStream:75 - [STDERR_REDIRECT] WARNING: Couldn't flush system prefs: java.util.prefs.BackingStoreException: Couldn't get file lock.
2025-09-17 14:40:28,677 [ERROR] LogOutputStream:75 - [STDERR_REDIRECT] 
2025-09-17 14:40:58,678 [ERROR] LogOutputStream:75 - [STDERR_REDIRECT] Sep 17, 2025 2:40:58 PM java.util.prefs.FileSystemPreferences checkLockFile0ErrorCode
2025-09-17 14:40:58,678 [ERROR] LogOutputStream:75 - [STDERR_REDIRECT] WARNING: Could not lock System prefs. Unix error code 2.
2025-09-17 14:40:58,678 [ERROR] LogOutputStream:75 - [STDERR_REDIRECT] 
2025-09-17 14:40:58,678 [ERROR] LogOutputStream:75 - [STDERR_REDIRECT] Sep 17, 2025 2:40:58 PM java.util.prefs.FileSystemPreferences syncWorld
2025-09-17 14:40:58,678 [ERROR] LogOutputStream:75 - [STDERR_REDIRECT] WARNING: Couldn't flush system prefs: java.util.prefs.BackingStoreException: Couldn't get file lock.
2025-09-17 14:40:58,678 [ERROR] LogOutputStream:75 - [STDERR_REDIRECT] 
2025-09-17 14:41:28,679 [ERROR] LogOutputStream:75 - [STDERR_REDIRECT] Sep 17, 2025 2:41:28 PM java.util.prefs.FileSystemPreferences checkLockFile0ErrorCode
2025-09-17 14:41:28,679 [ERROR] LogOutputStream:75 - [STDERR_REDIRECT] WARNING: Could not lock System prefs. Unix error code 2.
2025-09-17 14:41:28,679 [ERROR] LogOutputStream:75 - [STDERR_REDIRECT] 
2025-09-17 14:41:28,679 [ERROR] LogOutputStream:75 - [STDERR_REDIRECT] Sep 17, 2025 2:41:28 PM java.util.prefs.FileSystemPreferences syncWorld
2025-09-17 14:41:28,679 [ERROR] LogOutputStream:75 - [STDERR_REDIRECT] WARNING: Couldn't flush system prefs: java.util.prefs.BackingStoreException: Couldn't get file lock.
2025-09-17 14:41:28,680 [ERROR] LogOutputStream:75 - [STDERR_REDIRECT] 
2025-09-17 14:41:58,679 [ERROR] LogOutputStream:75 - [STDERR_REDIRECT] Sep 17, 2025 2:41:58 PM java.util.prefs.FileSystemPreferences checkLockFile0ErrorCode
2025-09-17 14:41:58,679 [ERROR] LogOutputStream:75 - [STDERR_REDIRECT] WARNING: Could not lock System prefs. Unix error code 2.
2025-09-17 14:41:58,679 [ERROR] LogOutputStream:75 - [STDERR_REDIRECT] 
2025-09-17 14:41:58,679 [ERROR] LogOutputStream:75 - [STDERR_REDIRECT] Sep 17, 2025 2:41:58 PM java.util.prefs.FileSystemPreferences syncWorld
2025-09-17 14:41:58,679 [ERROR] LogOutputStream:75 - [STDERR_REDIRECT] WARNING: Couldn't flush system prefs: java.util.prefs.BackingStoreException: Couldn't get file lock.
2025-09-17 14:41:58,679 [ERROR] LogOutputStream:75 - [STDERR_REDIRECT] 
2025-09-17 14:42:28,680 [ERROR] LogOutputStream:75 - [STDERR_REDIRECT] Sep 17, 2025 2:42:28 PM java.util.prefs.FileSystemPreferences checkLockFile0ErrorCode
2025-09-17 14:42:28,681 [ERROR] LogOutputStream:75 - [STDERR_REDIRECT] WARNING: Could not lock System prefs. Unix error code 2.
2025-09-17 14:42:28,681 [ERROR] LogOutputStream:75 - [STDERR_REDIRECT] 
2025-09-17 14:42:28,681 [ERROR] LogOutputStream:75 - [STDERR_REDIRECT] Sep 17, 2025 2:42:28 PM java.util.prefs.FileSystemPreferences syncWorld
2025-09-17 14:42:28,681 [ERROR] LogOutputStream:75 - [STDERR_REDIRECT] WARNING: Couldn't flush system prefs: java.util.prefs.BackingStoreException: Couldn't get file lock.
2025-09-17 14:42:28,681 [ERROR] LogOutputStream:75 - [STDERR_REDIRECT] 
2025-09-17 14:42:58,681 [ERROR] LogOutputStream:75 - [STDERR_REDIRECT] Sep 17, 2025 2:42:58 PM java.util.prefs.FileSystemPreferences checkLockFile0ErrorCode
2025-09-17 14:42:58,681 [ERROR] LogOutputStream:75 - [STDERR_REDIRECT] WARNING: Could not lock System prefs. Unix error code 2.
2025-09-17 14:42:58,681 [ERROR] LogOutputStream:75 - [STDERR_REDIRECT] 
2025-09-17 14:42:58,682 [ERROR] LogOutputStream:75 - [STDERR_REDIRECT] Sep 17, 2025 2:42:58 PM java.util.prefs.FileSystemPreferences syncWorld
2025-09-17 14:42:58,682 [ERROR] LogOutputStream:75 - [STDERR_REDIRECT] WARNING: Couldn't flush system prefs: java.util.prefs.BackingStoreException: Couldn't get file lock.
2025-09-17 14:42:58,682 [ERROR] LogOutputStream:75 - [STDERR_REDIRECT] 
2025-09-17 14:43:28,681 [ERROR] LogOutputStream:75 - [STDERR_REDIRECT] Sep 17, 2025 2:43:28 PM java.util.prefs.FileSystemPreferences checkLockFile0ErrorCode
2025-09-17 14:43:28,681 [ERROR] LogOutputStream:75 - [STDERR_REDIRECT] WARNING: Could not lock System prefs. Unix error code 2.
2025-09-17 14:43:28,681 [ERROR] LogOutputStream:75 - [STDERR_REDIRECT] 
2025-09-17 14:43:28,681 [ERROR] LogOutputStream:75 - [STDERR_REDIRECT] Sep 17, 2025 2:43:28 PM java.util.prefs.FileSystemPreferences syncWorld
2025-09-17 14:43:28,681 [ERROR] LogOutputStream:75 - [STDERR_REDIRECT] WARNING: Couldn't flush system prefs: java.util.prefs.BackingStoreException: Couldn't get file lock.
2025-09-17 14:43:28,681 [ERROR] LogOutputStream:75 - [STDERR_REDIRECT] 
2025-09-17 14:43:58,681 [ERROR] LogOutputStream:75 - [STDERR_REDIRECT] Sep 17, 2025 2:43:58 PM java.util.prefs.FileSystemPreferences checkLockFile0ErrorCode
2025-09-17 14:43:58,681 [ERROR] LogOutputStream:75 - [STDERR_REDIRECT] WARNING: Could not lock System prefs. Unix error code 2.
2025-09-17 14:43:58,681 [ERROR] LogOutputStream:75 - [STDERR_REDIRECT] 
2025-09-17 14:43:58,682 [ERROR] LogOutputStream:75 - [STDERR_REDIRECT] Sep 17, 2025 2:43:58 PM java.util.prefs.FileSystemPreferences syncWorld
2025-09-17 14:43:58,682 [ERROR] LogOutputStream:75 - [STDERR_REDIRECT] WARNING: Couldn't flush system prefs: java.util.prefs.BackingStoreException: Couldn't get file lock.
2025-09-17 14:43:58,682 [ERROR] LogOutputStream:75 - [STDERR_REDIRECT] 
2025-09-17 14:44:28,681 [ERROR] LogOutputStream:75 - [STDERR_REDIRECT] Sep 17, 2025 2:44:28 PM java.util.prefs.FileSystemPreferences checkLockFile0ErrorCode
2025-09-17 14:44:28,681 [ERROR] LogOutputStream:75 - [STDERR_REDIRECT] WARNING: Could not lock System prefs. Unix error code 2.
2025-09-17 14:44:28,681 [ERROR] LogOutputStream:75 - [STDERR_REDIRECT] 
2025-09-17 14:44:28,682 [ERROR] LogOutputStream:75 - [STDERR_REDIRECT] Sep 17, 2025 2:44:28 PM java.util.prefs.FileSystemPreferences syncWorld
2025-09-17 14:44:28,682 [ERROR] LogOutputStream:75 - [STDERR_REDIRECT] WARNING: Couldn't flush system prefs: java.util.prefs.BackingStoreException: Couldn't get file lock.
2025-09-17 14:44:28,682 [ERROR] LogOutputStream:75 - [STDERR_REDIRECT] 
2025-09-17 14:44:58,680 [ERROR] LogOutputStream:75 - [STDERR_REDIRECT] Sep 17, 2025 2:44:58 PM java.util.prefs.FileSystemPreferences checkLockFile0ErrorCode
2025-09-17 14:44:58,681 [ERROR] LogOutputStream:75 - [STDERR_REDIRECT] WARNING: Could not lock System prefs. Unix error code 2.
2025-09-17 14:44:58,681 [ERROR] LogOutputStream:75 - [STDERR_REDIRECT] 
2025-09-17 14:44:58,681 [ERROR] LogOutputStream:75 - [STDERR_REDIRECT] Sep 17, 2025 2:44:58 PM java.util.prefs.FileSystemPreferences syncWorld
2025-09-17 14:44:58,681 [ERROR] LogOutputStream:75 - [STDERR_REDIRECT] WARNING: Couldn't flush system prefs: java.util.prefs.BackingStoreException: Couldn't get file lock.
2025-09-17 14:44:58,681 [ERROR] LogOutputStream:75 - [STDERR_REDIRECT] 
2025-09-17 14:45:28,681 [ERROR] LogOutputStream:75 - [STDERR_REDIRECT] Sep 17, 2025 2:45:28 PM java.util.prefs.FileSystemPreferences checkLockFile0ErrorCode
2025-09-17 14:45:28,681 [ERROR] LogOutputStream:75 - [STDERR_REDIRECT] WARNING: Could not lock System prefs. Unix error code 2.
2025-09-17 14:45:28,681 [ERROR] LogOutputStream:75 - [STDERR_REDIRECT] 
2025-09-17 14:45:28,681 [ERROR] LogOutputStream:75 - [STDERR_REDIRECT] Sep 17, 2025 2:45:28 PM java.util.prefs.FileSystemPreferences syncWorld
2025-09-17 14:45:28,681 [ERROR] LogOutputStream:75 - [STDERR_REDIRECT] WARNING: Couldn't flush system prefs: java.util.prefs.BackingStoreException: Couldn't get file lock.
2025-09-17 14:45:28,681 [ERROR] LogOutputStream:75 - [STDERR_REDIRECT] 
2025-09-17 14:45:58,681 [ERROR] LogOutputStream:75 - [STDERR_REDIRECT] Sep 17, 2025 2:45:58 PM java.util.prefs.FileSystemPreferences checkLockFile0ErrorCode
2025-09-17 14:45:58,681 [ERROR] LogOutputStream:75 - [STDERR_REDIRECT] WARNING: Could not lock System prefs. Unix error code 2.
2025-09-17 14:45:58,682 [ERROR] LogOutputStream:75 - [STDERR_REDIRECT] 
2025-09-17 14:45:58,682 [ERROR] LogOutputStream:75 - [STDERR_REDIRECT] Sep 17, 2025 2:45:58 PM java.util.prefs.FileSystemPreferences syncWorld
2025-09-17 14:45:58,682 [ERROR] LogOutputStream:75 - [STDERR_REDIRECT] WARNING: Couldn't flush system prefs: java.util.prefs.BackingStoreException: Couldn't get file lock.
2025-09-17 14:45:58,682 [ERROR] LogOutputStream:75 - [STDERR_REDIRECT] 
2025-09-17 14:46:28,683 [ERROR] LogOutputStream:75 - [STDERR_REDIRECT] Sep 17, 2025 2:46:28 PM java.util.prefs.FileSystemPreferences checkLockFile0ErrorCode
2025-09-17 14:46:28,683 [ERROR] LogOutputStream:75 - [STDERR_REDIRECT] WARNING: Could not lock System prefs. Unix error code 2.
2025-09-17 14:46:28,683 [ERROR] LogOutputStream:75 - [STDERR_REDIRECT] 
2025-09-17 14:46:28,684 [ERROR] LogOutputStream:75 - [STDERR_REDIRECT] Sep 17, 2025 2:46:28 PM java.util.prefs.FileSystemPreferences syncWorld
2025-09-17 14:46:28,684 [ERROR] LogOutputStream:75 - [STDERR_REDIRECT] WARNING: Couldn't flush system prefs: java.util.prefs.BackingStoreException: Couldn't get file lock.
2025-09-17 14:46:28,684 [ERROR] LogOutputStream:75 - [STDERR_REDIRECT] 
2025-09-17 14:46:58,681 [ERROR] LogOutputStream:75 - [STDERR_REDIRECT] Sep 17, 2025 2:46:58 PM java.util.prefs.FileSystemPreferences checkLockFile0ErrorCode
2025-09-17 14:46:58,681 [ERROR] LogOutputStream:75 - [STDERR_REDIRECT] WARNING: Could not lock System prefs. Unix error code 2.
2025-09-17 14:46:58,681 [ERROR] LogOutputStream:75 - [STDERR_REDIRECT] 
2025-09-17 14:46:58,682 [ERROR] LogOutputStream:75 - [STDERR_REDIRECT] Sep 17, 2025 2:46:58 PM java.util.prefs.FileSystemPreferences syncWorld
2025-09-17 14:46:58,682 [ERROR] LogOutputStream:75 - [STDERR_REDIRECT] WARNING: Couldn't flush system prefs: java.util.prefs.BackingStoreException: Couldn't get file lock.
2025-09-17 14:46:58,682 [ERROR] LogOutputStream:75 - [STDERR_REDIRECT] 
2025-09-17 14:47:28,681 [ERROR] LogOutputStream:75 - [STDERR_REDIRECT] Sep 17, 2025 2:47:28 PM java.util.prefs.FileSystemPreferences checkLockFile0ErrorCode
2025-09-17 14:47:28,681 [ERROR] LogOutputStream:75 - [STDERR_REDIRECT] WARNING: Could not lock System prefs. Unix error code 2.
2025-09-17 14:47:28,682 [ERROR] LogOutputStream:75 - [STDERR_REDIRECT] 
2025-09-17 14:47:28,682 [ERROR] LogOutputStream:75 - [STDERR_REDIRECT] Sep 17, 2025 2:47:28 PM java.util.prefs.FileSystemPreferences syncWorld
2025-09-17 14:47:28,682 [ERROR] LogOutputStream:75 - [STDERR_REDIRECT] WARNING: Couldn't flush system prefs: java.util.prefs.BackingStoreException: Couldn't get file lock.
2025-09-17 14:47:28,682 [ERROR] LogOutputStream:75 - [STDERR_REDIRECT] 
2025-09-17 14:47:58,681 [ERROR] LogOutputStream:75 - [STDERR_REDIRECT] Sep 17, 2025 2:47:58 PM java.util.prefs.FileSystemPreferences checkLockFile0ErrorCode
2025-09-17 14:47:58,682 [ERROR] LogOutputStream:75 - [STDERR_REDIRECT] WARNING: Could not lock System prefs. Unix error code 2.
2025-09-17 14:47:58,682 [ERROR] LogOutputStream:75 - [STDERR_REDIRECT] 
2025-09-17 14:47:58,682 [ERROR] LogOutputStream:75 - [STDERR_REDIRECT] Sep 17, 2025 2:47:58 PM java.util.prefs.FileSystemPreferences syncWorld
2025-09-17 14:47:58,682 [ERROR] LogOutputStream:75 - [STDERR_REDIRECT] WARNING: Couldn't flush system prefs: java.util.prefs.BackingStoreException: Couldn't get file lock.
2025-09-17 14:47:58,682 [ERROR] LogOutputStream:75 - [STDERR_REDIRECT] 
2025-09-17 14:48:28,682 [ERROR] LogOutputStream:75 - [STDERR_REDIRECT] Sep 17, 2025 2:48:28 PM java.util.prefs.FileSystemPreferences checkLockFile0ErrorCode
2025-09-17 14:48:28,682 [ERROR] LogOutputStream:75 - [STDERR_REDIRECT] WARNING: Could not lock System prefs. Unix error code 2.
2025-09-17 14:48:28,682 [ERROR] LogOutputStream:75 - [STDERR_REDIRECT] 
2025-09-17 14:48:28,682 [ERROR] LogOutputStream:75 - [STDERR_REDIRECT] Sep 17, 2025 2:48:28 PM java.util.prefs.FileSystemPreferences syncWorld
2025-09-17 14:48:28,682 [ERROR] LogOutputStream:75 - [STDERR_REDIRECT] WARNING: Couldn't flush system prefs: java.util.prefs.BackingStoreException: Couldn't get file lock.
2025-09-17 14:48:28,682 [ERROR] LogOutputStream:75 - [STDERR_REDIRECT] 
2025-09-17 14:48:58,682 [ERROR] LogOutputStream:75 - [STDERR_REDIRECT] Sep 17, 2025 2:48:58 PM java.util.prefs.FileSystemPreferences checkLockFile0ErrorCode
2025-09-17 14:48:58,683 [ERROR] LogOutputStream:75 - [STDERR_REDIRECT] WARNING: Could not lock System prefs. Unix error code 2.
2025-09-17 14:48:58,683 [ERROR] LogOutputStream:75 - [STDERR_REDIRECT] 
2025-09-17 14:48:58,683 [ERROR] LogOutputStream:75 - [STDERR_REDIRECT] Sep 17, 2025 2:48:58 PM java.util.prefs.FileSystemPreferences syncWorld
2025-09-17 14:48:58,683 [ERROR] LogOutputStream:75 - [STDERR_REDIRECT] WARNING: Couldn't flush system prefs: java.util.prefs.BackingStoreException: Couldn't get file lock.
2025-09-17 14:48:58,683 [ERROR] LogOutputStream:75 - [STDERR_REDIRECT] 
2025-09-17 14:49:28,681 [ERROR] LogOutputStream:75 - [STDERR_REDIRECT] Sep 17, 2025 2:49:28 PM java.util.prefs.FileSystemPreferences checkLockFile0ErrorCode
2025-09-17 14:49:28,681 [ERROR] LogOutputStream:75 - [STDERR_REDIRECT] WARNING: Could not lock System prefs. Unix error code 2.
2025-09-17 14:49:28,681 [ERROR] LogOutputStream:75 - [STDERR_REDIRECT] 
2025-09-17 14:49:28,681 [ERROR] LogOutputStream:75 - [STDERR_REDIRECT] Sep 17, 2025 2:49:28 PM java.util.prefs.FileSystemPreferences syncWorld
2025-09-17 14:49:28,682 [ERROR] LogOutputStream:75 - [STDERR_REDIRECT] WARNING: Couldn't flush system prefs: java.util.prefs.BackingStoreException: Couldn't get file lock.
2025-09-17 14:49:28,682 [ERROR] LogOutputStream:75 - [STDERR_REDIRECT] 
2025-09-17 14:49:58,681 [ERROR] LogOutputStream:75 - [STDERR_REDIRECT] Sep 17, 2025 2:49:58 PM java.util.prefs.FileSystemPreferences checkLockFile0ErrorCode
2025-09-17 14:49:58,681 [ERROR] LogOutputStream:75 - [STDERR_REDIRECT] WARNING: Could not lock System prefs. Unix error code 2.
2025-09-17 14:49:58,682 [ERROR] LogOutputStream:75 - [STDERR_REDIRECT] 
2025-09-17 14:49:58,682 [ERROR] LogOutputStream:75 - [STDERR_REDIRECT] Sep 17, 2025 2:49:58 PM java.util.prefs.FileSystemPreferences syncWorld
2025-09-17 14:49:58,682 [ERROR] LogOutputStream:75 - [STDERR_REDIRECT] WARNING: Couldn't flush system prefs: java.util.prefs.BackingStoreException: Couldn't get file lock.
2025-09-17 14:49:58,682 [ERROR] LogOutputStream:75 - [STDERR_REDIRECT] 
2025-09-17 14:50:28,682 [ERROR] LogOutputStream:75 - [STDERR_REDIRECT] Sep 17, 2025 2:50:28 PM java.util.prefs.FileSystemPreferences checkLockFile0ErrorCode
2025-09-17 14:50:28,682 [ERROR] LogOutputStream:75 - [STDERR_REDIRECT] WARNING: Could not lock System prefs. Unix error code 2.
2025-09-17 14:50:28,682 [ERROR] LogOutputStream:75 - [STDERR_REDIRECT] 
2025-09-17 14:50:28,682 [ERROR] LogOutputStream:75 - [STDERR_REDIRECT] Sep 17, 2025 2:50:28 PM java.util.prefs.FileSystemPreferences syncWorld
2025-09-17 14:50:28,682 [ERROR] LogOutputStream:75 - [STDERR_REDIRECT] WARNING: Couldn't flush system prefs: java.util.prefs.BackingStoreException: Couldn't get file lock.
2025-09-17 14:50:28,682 [ERROR] LogOutputStream:75 - [STDERR_REDIRECT] 
2025-09-17 14:50:58,682 [ERROR] LogOutputStream:75 - [STDERR_REDIRECT] Sep 17, 2025 2:50:58 PM java.util.prefs.FileSystemPreferences checkLockFile0ErrorCode
2025-09-17 14:50:58,682 [ERROR] LogOutputStream:75 - [STDERR_REDIRECT] WARNING: Could not lock System prefs. Unix error code 2.
2025-09-17 14:50:58,682 [ERROR] LogOutputStream:75 - [STDERR_REDIRECT] 
2025-09-17 14:50:58,682 [ERROR] LogOutputStream:75 - [STDERR_REDIRECT] Sep 17, 2025 2:50:58 PM java.util.prefs.FileSystemPreferences syncWorld
2025-09-17 14:50:58,682 [ERROR] LogOutputStream:75 - [STDERR_REDIRECT] WARNING: Couldn't flush system prefs: java.util.prefs.BackingStoreException: Couldn't get file lock.
2025-09-17 14:50:58,682 [ERROR] LogOutputStream:75 - [STDERR_REDIRECT] 
2025-09-17 14:51:28,682 [ERROR] LogOutputStream:75 - [STDERR_REDIRECT] Sep 17, 2025 2:51:28 PM java.util.prefs.FileSystemPreferences checkLockFile0ErrorCode
2025-09-17 14:51:28,682 [ERROR] LogOutputStream:75 - [STDERR_REDIRECT] WARNING: Could not lock System prefs. Unix error code 2.
2025-09-17 14:51:28,682 [ERROR] LogOutputStream:75 - [STDERR_REDIRECT] 
2025-09-17 14:51:28,682 [ERROR] LogOutputStream:75 - [STDERR_REDIRECT] Sep 17, 2025 2:51:28 PM java.util.prefs.FileSystemPreferences syncWorld
2025-09-17 14:51:28,682 [ERROR] LogOutputStream:75 - [STDERR_REDIRECT] WARNING: Couldn't flush system prefs: java.util.prefs.BackingStoreException: Couldn't get file lock.
2025-09-17 14:51:28,682 [ERROR] LogOutputStream:75 - [STDERR_REDIRECT] 
2025-09-17 14:51:58,683 [ERROR] LogOutputStream:75 - [STDERR_REDIRECT] Sep 17, 2025 2:51:58 PM java.util.prefs.FileSystemPreferences checkLockFile0ErrorCode
2025-09-17 14:51:58,683 [ERROR] LogOutputStream:75 - [STDERR_REDIRECT] WARNING: Could not lock System prefs. Unix error code 2.
2025-09-17 14:51:58,683 [ERROR] LogOutputStream:75 - [STDERR_REDIRECT] 
2025-09-17 14:51:58,684 [ERROR] LogOutputStream:75 - [STDERR_REDIRECT] Sep 17, 2025 2:51:58 PM java.util.prefs.FileSystemPreferences syncWorld
2025-09-17 14:51:58,684 [ERROR] LogOutputStream:75 - [STDERR_REDIRECT] WARNING: Couldn't flush system prefs: java.util.prefs.BackingStoreException: Couldn't get file lock.
2025-09-17 14:51:58,684 [ERROR] LogOutputStream:75 - [STDERR_REDIRECT] 
2025-09-17 14:52:28,683 [ERROR] LogOutputStream:75 - [STDERR_REDIRECT] Sep 17, 2025 2:52:28 PM java.util.prefs.FileSystemPreferences checkLockFile0ErrorCode
2025-09-17 14:52:28,683 [ERROR] LogOutputStream:75 - [STDERR_REDIRECT] WARNING: Could not lock System prefs. Unix error code 2.
2025-09-17 14:52:28,684 [ERROR] LogOutputStream:75 - [STDERR_REDIRECT] 
2025-09-17 14:52:28,684 [ERROR] LogOutputStream:75 - [STDERR_REDIRECT] Sep 17, 2025 2:52:28 PM java.util.prefs.FileSystemPreferences syncWorld
2025-09-17 14:52:28,684 [ERROR] LogOutputStream:75 - [STDERR_REDIRECT] WARNING: Couldn't flush system prefs: java.util.prefs.BackingStoreException: Couldn't get file lock.
2025-09-17 14:52:28,684 [ERROR] LogOutputStream:75 - [STDERR_REDIRECT] 
2025-09-17 14:52:58,683 [ERROR] LogOutputStream:75 - [STDERR_REDIRECT] Sep 17, 2025 2:52:58 PM java.util.prefs.FileSystemPreferences checkLockFile0ErrorCode
2025-09-17 14:52:58,684 [ERROR] LogOutputStream:75 - [STDERR_REDIRECT] WARNING: Could not lock System prefs. Unix error code 2.
2025-09-17 14:52:58,684 [ERROR] LogOutputStream:75 - [STDERR_REDIRECT] 
2025-09-17 14:52:58,684 [ERROR] LogOutputStream:75 - [STDERR_REDIRECT] Sep 17, 2025 2:52:58 PM java.util.prefs.FileSystemPreferences syncWorld
2025-09-17 14:52:58,684 [ERROR] LogOutputStream:75 - [STDERR_REDIRECT] WARNING: Couldn't flush system prefs: java.util.prefs.BackingStoreException: Couldn't get file lock.
2025-09-17 14:52:58,684 [ERROR] LogOutputStream:75 - [STDERR_REDIRECT] 
2025-09-17 14:53:28,684 [ERROR] LogOutputStream:75 - [STDERR_REDIRECT] Sep 17, 2025 2:53:28 PM java.util.prefs.FileSystemPreferences checkLockFile0ErrorCode
2025-09-17 14:53:28,684 [ERROR] LogOutputStream:75 - [STDERR_REDIRECT] WARNING: Could not lock System prefs. Unix error code 2.
2025-09-17 14:53:28,684 [ERROR] LogOutputStream:75 - [STDERR_REDIRECT] 
2025-09-17 14:53:28,684 [ERROR] LogOutputStream:75 - [STDERR_REDIRECT] Sep 17, 2025 2:53:28 PM java.util.prefs.FileSystemPreferences syncWorld
2025-09-17 14:53:28,684 [ERROR] LogOutputStream:75 - [STDERR_REDIRECT] WARNING: Couldn't flush system prefs: java.util.prefs.BackingStoreException: Couldn't get file lock.
2025-09-17 14:53:28,684 [ERROR] LogOutputStream:75 - [STDERR_REDIRECT] 
2025-09-17 14:53:58,684 [ERROR] LogOutputStream:75 - [STDERR_REDIRECT] Sep 17, 2025 2:53:58 PM java.util.prefs.FileSystemPreferences checkLockFile0ErrorCode
2025-09-17 14:53:58,684 [ERROR] LogOutputStream:75 - [STDERR_REDIRECT] WARNING: Could not lock System prefs. Unix error code 2.
2025-09-17 14:53:58,684 [ERROR] LogOutputStream:75 - [STDERR_REDIRECT] 
2025-09-17 14:53:58,684 [ERROR] LogOutputStream:75 - [STDERR_REDIRECT] Sep 17, 2025 2:53:58 PM java.util.prefs.FileSystemPreferences syncWorld
2025-09-17 14:53:58,684 [ERROR] LogOutputStream:75 - [STDERR_REDIRECT] WARNING: Couldn't flush system prefs: java.util.prefs.BackingStoreException: Couldn't get file lock.
2025-09-17 14:53:58,684 [ERROR] LogOutputStream:75 - [STDERR_REDIRECT] 
2025-09-17 14:54:28,684 [ERROR] LogOutputStream:75 - [STDERR_REDIRECT] Sep 17, 2025 2:54:28 PM java.util.prefs.FileSystemPreferences checkLockFile0ErrorCode
2025-09-17 14:54:28,684 [ERROR] LogOutputStream:75 - [STDERR_REDIRECT] WARNING: Could not lock System prefs. Unix error code 2.
2025-09-17 14:54:28,684 [ERROR] LogOutputStream:75 - [STDERR_REDIRECT] 
2025-09-17 14:54:28,684 [ERROR] LogOutputStream:75 - [STDERR_REDIRECT] Sep 17, 2025 2:54:28 PM java.util.prefs.FileSystemPreferences syncWorld
2025-09-17 14:54:28,685 [ERROR] LogOutputStream:75 - [STDERR_REDIRECT] WARNING: Couldn't flush system prefs: java.util.prefs.BackingStoreException: Couldn't get file lock.
2025-09-17 14:54:28,685 [ERROR] LogOutputStream:75 - [STDERR_REDIRECT] 
2025-09-17 14:54:58,684 [ERROR] LogOutputStream:75 - [STDERR_REDIRECT] Sep 17, 2025 2:54:58 PM java.util.prefs.FileSystemPreferences checkLockFile0ErrorCode
2025-09-17 14:54:58,685 [ERROR] LogOutputStream:75 - [STDERR_REDIRECT] WARNING: Could not lock System prefs. Unix error code 2.
2025-09-17 14:54:58,685 [ERROR] LogOutputStream:75 - [STDERR_REDIRECT] 
2025-09-17 14:54:58,685 [ERROR] LogOutputStream:75 - [STDERR_REDIRECT] Sep 17, 2025 2:54:58 PM java.util.prefs.FileSystemPreferences syncWorld
2025-09-17 14:54:58,685 [ERROR] LogOutputStream:75 - [STDERR_REDIRECT] WARNING: Couldn't flush system prefs: java.util.prefs.BackingStoreException: Couldn't get file lock.
2025-09-17 14:54:58,685 [ERROR] LogOutputStream:75 - [STDERR_REDIRECT] 
2025-09-17 14:55:28,685 [ERROR] LogOutputStream:75 - [STDERR_REDIRECT] Sep 17, 2025 2:55:28 PM java.util.prefs.FileSystemPreferences checkLockFile0ErrorCode
2025-09-17 14:55:28,685 [ERROR] LogOutputStream:75 - [STDERR_REDIRECT] WARNING: Could not lock System prefs. Unix error code 2.
2025-09-17 14:55:28,685 [ERROR] LogOutputStream:75 - [STDERR_REDIRECT] 
2025-09-17 14:55:28,685 [ERROR] LogOutputStream:75 - [STDERR_REDIRECT] Sep 17, 2025 2:55:28 PM java.util.prefs.FileSystemPreferences syncWorld
2025-09-17 14:55:28,685 [ERROR] LogOutputStream:75 - [STDERR_REDIRECT] WARNING: Couldn't flush system prefs: java.util.prefs.BackingStoreException: Couldn't get file lock.
2025-09-17 14:55:28,685 [ERROR] LogOutputStream:75 - [STDERR_REDIRECT] 
2025-09-17 14:55:58,684 [ERROR] LogOutputStream:75 - [STDERR_REDIRECT] Sep 17, 2025 2:55:58 PM java.util.prefs.FileSystemPreferences checkLockFile0ErrorCode
2025-09-17 14:55:58,684 [ERROR] LogOutputStream:75 - [STDERR_REDIRECT] WARNING: Could not lock System prefs. Unix error code 2.
2025-09-17 14:55:58,684 [ERROR] LogOutputStream:75 - [STDERR_REDIRECT] 
2025-09-17 14:55:58,684 [ERROR] LogOutputStream:75 - [STDERR_REDIRECT] Sep 17, 2025 2:55:58 PM java.util.prefs.FileSystemPreferences syncWorld
2025-09-17 14:55:58,685 [ERROR] LogOutputStream:75 - [STDERR_REDIRECT] WARNING: Couldn't flush system prefs: java.util.prefs.BackingStoreException: Couldn't get file lock.
2025-09-17 14:55:58,685 [ERROR] LogOutputStream:75 - [STDERR_REDIRECT] 
2025-09-17 14:56:28,685 [ERROR] LogOutputStream:75 - [STDERR_REDIRECT] Sep 17, 2025 2:56:28 PM java.util.prefs.FileSystemPreferences checkLockFile0ErrorCode
2025-09-17 14:56:28,685 [ERROR] LogOutputStream:75 - [STDERR_REDIRECT] WARNING: Could not lock System prefs. Unix error code 2.
2025-09-17 14:56:28,685 [ERROR] LogOutputStream:75 - [STDERR_REDIRECT] 
2025-09-17 14:56:28,685 [ERROR] LogOutputStream:75 - [STDERR_REDIRECT] Sep 17, 2025 2:56:28 PM java.util.prefs.FileSystemPreferences syncWorld
2025-09-17 14:56:28,685 [ERROR] LogOutputStream:75 - [STDERR_REDIRECT] WARNING: Couldn't flush system prefs: java.util.prefs.BackingStoreException: Couldn't get file lock.
2025-09-17 14:56:28,685 [ERROR] LogOutputStream:75 - [STDERR_REDIRECT] 
2025-09-17 14:56:58,685 [ERROR] LogOutputStream:75 - [STDERR_REDIRECT] Sep 17, 2025 2:56:58 PM java.util.prefs.FileSystemPreferences checkLockFile0ErrorCode
2025-09-17 14:56:58,685 [ERROR] LogOutputStream:75 - [STDERR_REDIRECT] WARNING: Could not lock System prefs. Unix error code 2.
2025-09-17 14:56:58,685 [ERROR] LogOutputStream:75 - [STDERR_REDIRECT] 
2025-09-17 14:56:58,685 [ERROR] LogOutputStream:75 - [STDERR_REDIRECT] Sep 17, 2025 2:56:58 PM java.util.prefs.FileSystemPreferences syncWorld
2025-09-17 14:56:58,685 [ERROR] LogOutputStream:75 - [STDERR_REDIRECT] WARNING: Couldn't flush system prefs: java.util.prefs.BackingStoreException: Couldn't get file lock.
2025-09-17 14:56:58,685 [ERROR] LogOutputStream:75 - [STDERR_REDIRECT] 
2025-09-17 14:57:28,685 [ERROR] LogOutputStream:75 - [STDERR_REDIRECT] Sep 17, 2025 2:57:28 PM java.util.prefs.FileSystemPreferences checkLockFile0ErrorCode
2025-09-17 14:57:28,685 [ERROR] LogOutputStream:75 - [STDERR_REDIRECT] WARNING: Could not lock System prefs. Unix error code 2.
2025-09-17 14:57:28,685 [ERROR] LogOutputStream:75 - [STDERR_REDIRECT] 
2025-09-17 14:57:28,685 [ERROR] LogOutputStream:75 - [STDERR_REDIRECT] Sep 17, 2025 2:57:28 PM java.util.prefs.FileSystemPreferences syncWorld
2025-09-17 14:57:28,686 [ERROR] LogOutputStream:75 - [STDERR_REDIRECT] WARNING: Couldn't flush system prefs: java.util.prefs.BackingStoreException: Couldn't get file lock.
2025-09-17 14:57:28,686 [ERROR] LogOutputStream:75 - [STDERR_REDIRECT] 
2025-09-17 14:57:58,685 [ERROR] LogOutputStream:75 - [STDERR_REDIRECT] Sep 17, 2025 2:57:58 PM java.util.prefs.FileSystemPreferences checkLockFile0ErrorCode
2025-09-17 14:57:58,685 [ERROR] LogOutputStream:75 - [STDERR_REDIRECT] WARNING: Could not lock System prefs. Unix error code 2.
2025-09-17 14:57:58,685 [ERROR] LogOutputStream:75 - [STDERR_REDIRECT] 
2025-09-17 14:57:58,686 [ERROR] LogOutputStream:75 - [STDERR_REDIRECT] Sep 17, 2025 2:57:58 PM java.util.prefs.FileSystemPreferences syncWorld
2025-09-17 14:57:58,686 [ERROR] LogOutputStream:75 - [STDERR_REDIRECT] WARNING: Couldn't flush system prefs: java.util.prefs.BackingStoreException: Couldn't get file lock.
2025-09-17 14:57:58,686 [ERROR] LogOutputStream:75 - [STDERR_REDIRECT] 
2025-09-17 14:58:28,686 [ERROR] LogOutputStream:75 - [STDERR_REDIRECT] Sep 17, 2025 2:58:28 PM java.util.prefs.FileSystemPreferences checkLockFile0ErrorCode
2025-09-17 14:58:28,686 [ERROR] LogOutputStream:75 - [STDERR_REDIRECT] WARNING: Could not lock System prefs. Unix error code 2.
2025-09-17 14:58:28,686 [ERROR] LogOutputStream:75 - [STDERR_REDIRECT] 
2025-09-17 14:58:28,686 [ERROR] LogOutputStream:75 - [STDERR_REDIRECT] Sep 17, 2025 2:58:28 PM java.util.prefs.FileSystemPreferences syncWorld
2025-09-17 14:58:28,686 [ERROR] LogOutputStream:75 - [STDERR_REDIRECT] WARNING: Couldn't flush system prefs: java.util.prefs.BackingStoreException: Couldn't get file lock.
2025-09-17 14:58:28,686 [ERROR] LogOutputStream:75 - [STDERR_REDIRECT] 
2025-09-17 14:58:58,686 [ERROR] LogOutputStream:75 - [STDERR_REDIRECT] Sep 17, 2025 2:58:58 PM java.util.prefs.FileSystemPreferences checkLockFile0ErrorCode
2025-09-17 14:58:58,686 [ERROR] LogOutputStream:75 - [STDERR_REDIRECT] WARNING: Could not lock System prefs. Unix error code 2.
2025-09-17 14:58:58,687 [ERROR] LogOutputStream:75 - [STDERR_REDIRECT] 
2025-09-17 14:58:58,687 [ERROR] LogOutputStream:75 - [STDERR_REDIRECT] Sep 17, 2025 2:58:58 PM java.util.prefs.FileSystemPreferences syncWorld
2025-09-17 14:58:58,687 [ERROR] LogOutputStream:75 - [STDERR_REDIRECT] WARNING: Couldn't flush system prefs: java.util.prefs.BackingStoreException: Couldn't get file lock.
2025-09-17 14:58:58,687 [ERROR] LogOutputStream:75 - [STDERR_REDIRECT] 
2025-09-17 14:59:28,685 [ERROR] LogOutputStream:75 - [STDERR_REDIRECT] Sep 17, 2025 2:59:28 PM java.util.prefs.FileSystemPreferences checkLockFile0ErrorCode
2025-09-17 14:59:28,686 [ERROR] LogOutputStream:75 - [STDERR_REDIRECT] WARNING: Could not lock System prefs. Unix error code 2.
2025-09-17 14:59:28,686 [ERROR] LogOutputStream:75 - [STDERR_REDIRECT] 
2025-09-17 14:59:28,686 [ERROR] LogOutputStream:75 - [STDERR_REDIRECT] Sep 17, 2025 2:59:28 PM java.util.prefs.FileSystemPreferences syncWorld
2025-09-17 14:59:28,686 [ERROR] LogOutputStream:75 - [STDERR_REDIRECT] WARNING: Couldn't flush system prefs: java.util.prefs.BackingStoreException: Couldn't get file lock.
2025-09-17 14:59:28,686 [ERROR] LogOutputStream:75 - [STDERR_REDIRECT] 
2025-09-17 14:59:58,686 [ERROR] LogOutputStream:75 - [STDERR_REDIRECT] Sep 17, 2025 2:59:58 PM java.util.prefs.FileSystemPreferences checkLockFile0ErrorCode
2025-09-17 14:59:58,686 [ERROR] LogOutputStream:75 - [STDERR_REDIRECT] WARNING: Could not lock System prefs. Unix error code 2.
2025-09-17 14:59:58,686 [ERROR] LogOutputStream:75 - [STDERR_REDIRECT] 
2025-09-17 14:59:58,687 [ERROR] LogOutputStream:75 - [STDERR_REDIRECT] Sep 17, 2025 2:59:58 PM java.util.prefs.FileSystemPreferences syncWorld
2025-09-17 14:59:58,687 [ERROR] LogOutputStream:75 - [STDERR_REDIRECT] WARNING: Couldn't flush system prefs: java.util.prefs.BackingStoreException: Couldn't get file lock.
2025-09-17 14:59:58,687 [ERROR] LogOutputStream:75 - [STDERR_REDIRECT] 
2025-09-17 15:00:28,686 [ERROR] LogOutputStream:75 - [STDERR_REDIRECT] Sep 17, 2025 3:00:28 PM java.util.prefs.FileSystemPreferences checkLockFile0ErrorCode
2025-09-17 15:00:28,686 [ERROR] LogOutputStream:75 - [STDERR_REDIRECT] WARNING: Could not lock System prefs. Unix error code 2.
2025-09-17 15:00:28,686 [ERROR] LogOutputStream:75 - [STDERR_REDIRECT] 
2025-09-17 15:00:28,686 [ERROR] LogOutputStream:75 - [STDERR_REDIRECT] Sep 17, 2025 3:00:28 PM java.util.prefs.FileSystemPreferences syncWorld
2025-09-17 15:00:28,686 [ERROR] LogOutputStream:75 - [STDERR_REDIRECT] WARNING: Couldn't flush system prefs: java.util.prefs.BackingStoreException: Couldn't get file lock.
2025-09-17 15:00:28,686 [ERROR] LogOutputStream:75 - [STDERR_REDIRECT] 
2025-09-17 15:00:58,686 [ERROR] LogOutputStream:75 - [STDERR_REDIRECT] Sep 17, 2025 3:00:58 PM java.util.prefs.FileSystemPreferences checkLockFile0ErrorCode
2025-09-17 15:00:58,686 [ERROR] LogOutputStream:75 - [STDERR_REDIRECT] WARNING: Could not lock System prefs. Unix error code 2.
2025-09-17 15:00:58,686 [ERROR] LogOutputStream:75 - [STDERR_REDIRECT] 
2025-09-17 15:00:58,686 [ERROR] LogOutputStream:75 - [STDERR_REDIRECT] Sep 17, 2025 3:00:58 PM java.util.prefs.FileSystemPreferences syncWorld
2025-09-17 15:00:58,686 [ERROR] LogOutputStream:75 - [STDERR_REDIRECT] WARNING: Couldn't flush system prefs: java.util.prefs.BackingStoreException: Couldn't get file lock.
2025-09-17 15:00:58,686 [ERROR] LogOutputStream:75 - [STDERR_REDIRECT] 
2025-09-17 15:01:28,686 [ERROR] LogOutputStream:75 - [STDERR_REDIRECT] Sep 17, 2025 3:01:28 PM java.util.prefs.FileSystemPreferences checkLockFile0ErrorCode
2025-09-17 15:01:28,686 [ERROR] LogOutputStream:75 - [STDERR_REDIRECT] WARNING: Could not lock System prefs. Unix error code 2.
2025-09-17 15:01:28,686 [ERROR] LogOutputStream:75 - [STDERR_REDIRECT] 
2025-09-17 15:01:28,687 [ERROR] LogOutputStream:75 - [STDERR_REDIRECT] Sep 17, 2025 3:01:28 PM java.util.prefs.FileSystemPreferences syncWorld
2025-09-17 15:01:28,687 [ERROR] LogOutputStream:75 - [STDERR_REDIRECT] WARNING: Couldn't flush system prefs: java.util.prefs.BackingStoreException: Couldn't get file lock.
2025-09-17 15:01:28,687 [ERROR] LogOutputStream:75 - [STDERR_REDIRECT] 
2025-09-17 15:01:58,687 [ERROR] LogOutputStream:75 - [STDERR_REDIRECT] Sep 17, 2025 3:01:58 PM java.util.prefs.FileSystemPreferences checkLockFile0ErrorCode
2025-09-17 15:01:58,687 [ERROR] LogOutputStream:75 - [STDERR_REDIRECT] WARNING: Could not lock System prefs. Unix error code 2.
2025-09-17 15:01:58,687 [ERROR] LogOutputStream:75 - [STDERR_REDIRECT] 
2025-09-17 15:01:58,687 [ERROR] LogOutputStream:75 - [STDERR_REDIRECT] Sep 17, 2025 3:01:58 PM java.util.prefs.FileSystemPreferences syncWorld
2025-09-17 15:01:58,687 [ERROR] LogOutputStream:75 - [STDERR_REDIRECT] WARNING: Couldn't flush system prefs: java.util.prefs.BackingStoreException: Couldn't get file lock.
2025-09-17 15:01:58,687 [ERROR] LogOutputStream:75 - [STDERR_REDIRECT] 
2025-09-17 15:02:28,687 [ERROR] LogOutputStream:75 - [STDERR_REDIRECT] Sep 17, 2025 3:02:28 PM java.util.prefs.FileSystemPreferences checkLockFile0ErrorCode
2025-09-17 15:02:28,687 [ERROR] LogOutputStream:75 - [STDERR_REDIRECT] WARNING: Could not lock System prefs. Unix error code 2.
2025-09-17 15:02:28,687 [ERROR] LogOutputStream:75 - [STDERR_REDIRECT] 
2025-09-17 15:02:28,687 [ERROR] LogOutputStream:75 - [STDERR_REDIRECT] Sep 17, 2025 3:02:28 PM java.util.prefs.FileSystemPreferences syncWorld
2025-09-17 15:02:28,688 [ERROR] LogOutputStream:75 - [STDERR_REDIRECT] WARNING: Couldn't flush system prefs: java.util.prefs.BackingStoreException: Couldn't get file lock.
2025-09-17 15:02:28,688 [ERROR] LogOutputStream:75 - [STDERR_REDIRECT] 
2025-09-17 15:02:58,686 [ERROR] LogOutputStream:75 - [STDERR_REDIRECT] Sep 17, 2025 3:02:58 PM java.util.prefs.FileSystemPreferences checkLockFile0ErrorCode
2025-09-17 15:02:58,687 [ERROR] LogOutputStream:75 - [STDERR_REDIRECT] WARNING: Could not lock System prefs. Unix error code 2.
2025-09-17 15:02:58,687 [ERROR] LogOutputStream:75 - [STDERR_REDIRECT] 
2025-09-17 15:02:58,687 [ERROR] LogOutputStream:75 - [STDERR_REDIRECT] Sep 17, 2025 3:02:58 PM java.util.prefs.FileSystemPreferences syncWorld
2025-09-17 15:02:58,687 [ERROR] LogOutputStream:75 - [STDERR_REDIRECT] WARNING: Couldn't flush system prefs: java.util.prefs.BackingStoreException: Couldn't get file lock.
2025-09-17 15:02:58,687 [ERROR] LogOutputStream:75 - [STDERR_REDIRECT] 
2025-09-17 15:03:28,687 [ERROR] LogOutputStream:75 - [STDERR_REDIRECT] Sep 17, 2025 3:03:28 PM java.util.prefs.FileSystemPreferences checkLockFile0ErrorCode
2025-09-17 15:03:28,687 [ERROR] LogOutputStream:75 - [STDERR_REDIRECT] WARNING: Could not lock System prefs. Unix error code 2.
2025-09-17 15:03:28,687 [ERROR] LogOutputStream:75 - [STDERR_REDIRECT] 
2025-09-17 15:03:28,687 [ERROR] LogOutputStream:75 - [STDERR_REDIRECT] Sep 17, 2025 3:03:28 PM java.util.prefs.FileSystemPreferences syncWorld
2025-09-17 15:03:28,687 [ERROR] LogOutputStream:75 - [STDERR_REDIRECT] WARNING: Couldn't flush system prefs: java.util.prefs.BackingStoreException: Couldn't get file lock.
2025-09-17 15:03:28,687 [ERROR] LogOutputStream:75 - [STDERR_REDIRECT] 
2025-09-17 15:03:58,687 [ERROR] LogOutputStream:75 - [STDERR_REDIRECT] Sep 17, 2025 3:03:58 PM java.util.prefs.FileSystemPreferences checkLockFile0ErrorCode
2025-09-17 15:03:58,687 [ERROR] LogOutputStream:75 - [STDERR_REDIRECT] WARNING: Could not lock System prefs. Unix error code 2.
2025-09-17 15:03:58,687 [ERROR] LogOutputStream:75 - [STDERR_REDIRECT] 
2025-09-17 15:03:58,687 [ERROR] LogOutputStream:75 - [STDERR_REDIRECT] Sep 17, 2025 3:03:58 PM java.util.prefs.FileSystemPreferences syncWorld
2025-09-17 15:03:58,688 [ERROR] LogOutputStream:75 - [STDERR_REDIRECT] WARNING: Couldn't flush system prefs: java.util.prefs.BackingStoreException: Couldn't get file lock.
2025-09-17 15:03:58,688 [ERROR] LogOutputStream:75 - [STDERR_REDIRECT] 
2025-09-17 15:04:28,686 [ERROR] LogOutputStream:75 - [STDERR_REDIRECT] Sep 17, 2025 3:04:28 PM java.util.prefs.FileSystemPreferences checkLockFile0ErrorCode
2025-09-17 15:04:28,686 [ERROR] LogOutputStream:75 - [STDERR_REDIRECT] WARNING: Could not lock System prefs. Unix error code 2.
2025-09-17 15:04:28,687 [ERROR] LogOutputStream:75 - [STDERR_REDIRECT] 
2025-09-17 15:04:28,687 [ERROR] LogOutputStream:75 - [STDERR_REDIRECT] Sep 17, 2025 3:04:28 PM java.util.prefs.FileSystemPreferences syncWorld
2025-09-17 15:04:28,687 [ERROR] LogOutputStream:75 - [STDERR_REDIRECT] WARNING: Couldn't flush system prefs: java.util.prefs.BackingStoreException: Couldn't get file lock.
2025-09-17 15:04:28,687 [ERROR] LogOutputStream:75 - [STDERR_REDIRECT] 
2025-09-17 15:04:58,687 [ERROR] LogOutputStream:75 - [STDERR_REDIRECT] Sep 17, 2025 3:04:58 PM java.util.prefs.FileSystemPreferences checkLockFile0ErrorCode
2025-09-17 15:04:58,687 [ERROR] LogOutputStream:75 - [STDERR_REDIRECT] WARNING: Could not lock System prefs. Unix error code 2.
2025-09-17 15:04:58,687 [ERROR] LogOutputStream:75 - [STDERR_REDIRECT] 
2025-09-17 15:04:58,687 [ERROR] LogOutputStream:75 - [STDERR_REDIRECT] Sep 17, 2025 3:04:58 PM java.util.prefs.FileSystemPreferences syncWorld
2025-09-17 15:04:58,687 [ERROR] LogOutputStream:75 - [STDERR_REDIRECT] WARNING: Couldn't flush system prefs: java.util.prefs.BackingStoreException: Couldn't get file lock.
2025-09-17 15:04:58,687 [ERROR] LogOutputStream:75 - [STDERR_REDIRECT] 
2025-09-17 15:05:28,687 [ERROR] LogOutputStream:75 - [STDERR_REDIRECT] Sep 17, 2025 3:05:28 PM java.util.prefs.FileSystemPreferences checkLockFile0ErrorCode
2025-09-17 15:05:28,687 [ERROR] LogOutputStream:75 - [STDERR_REDIRECT] WARNING: Could not lock System prefs. Unix error code 2.
2025-09-17 15:05:28,687 [ERROR] LogOutputStream:75 - [STDERR_REDIRECT] 
2025-09-17 15:05:28,687 [ERROR] LogOutputStream:75 - [STDERR_REDIRECT] Sep 17, 2025 3:05:28 PM java.util.prefs.FileSystemPreferences syncWorld
2025-09-17 15:05:28,687 [ERROR] LogOutputStream:75 - [STDERR_REDIRECT] WARNING: Couldn't flush system prefs: java.util.prefs.BackingStoreException: Couldn't get file lock.
2025-09-17 15:05:28,687 [ERROR] LogOutputStream:75 - [STDERR_REDIRECT] 
2025-09-17 15:05:58,687 [ERROR] LogOutputStream:75 - [STDERR_REDIRECT] Sep 17, 2025 3:05:58 PM java.util.prefs.FileSystemPreferences checkLockFile0ErrorCode
2025-09-17 15:05:58,687 [ERROR] LogOutputStream:75 - [STDERR_REDIRECT] WARNING: Could not lock System prefs. Unix error code 2.
2025-09-17 15:05:58,687 [ERROR] LogOutputStream:75 - [STDERR_REDIRECT] 
2025-09-17 15:05:58,687 [ERROR] LogOutputStream:75 - [STDERR_REDIRECT] Sep 17, 2025 3:05:58 PM java.util.prefs.FileSystemPreferences syncWorld
2025-09-17 15:05:58,687 [ERROR] LogOutputStream:75 - [STDERR_REDIRECT] WARNING: Couldn't flush system prefs: java.util.prefs.BackingStoreException: Couldn't get file lock.
2025-09-17 15:05:58,687 [ERROR] LogOutputStream:75 - [STDERR_REDIRECT] 
2025-09-17 15:06:28,686 [ERROR] LogOutputStream:75 - [STDERR_REDIRECT] Sep 17, 2025 3:06:28 PM java.util.prefs.FileSystemPreferences checkLockFile0ErrorCode
2025-09-17 15:06:28,686 [ERROR] LogOutputStream:75 - [STDERR_REDIRECT] WARNING: Could not lock System prefs. Unix error code 2.
2025-09-17 15:06:28,686 [ERROR] LogOutputStream:75 - [STDERR_REDIRECT] 
2025-09-17 15:06:28,687 [ERROR] LogOutputStream:75 - [STDERR_REDIRECT] Sep 17, 2025 3:06:28 PM java.util.prefs.FileSystemPreferences syncWorld
2025-09-17 15:06:28,687 [ERROR] LogOutputStream:75 - [STDERR_REDIRECT] WARNING: Couldn't flush system prefs: java.util.prefs.BackingStoreException: Couldn't get file lock.
2025-09-17 15:06:28,687 [ERROR] LogOutputStream:75 - [STDERR_REDIRECT] 
2025-09-17 15:06:58,686 [ERROR] LogOutputStream:75 - [STDERR_REDIRECT] Sep 17, 2025 3:06:58 PM java.util.prefs.FileSystemPreferences checkLockFile0ErrorCode
2025-09-17 15:06:58,687 [ERROR] LogOutputStream:75 - [STDERR_REDIRECT] WARNING: Could not lock System prefs. Unix error code 2.
2025-09-17 15:06:58,687 [ERROR] LogOutputStream:75 - [STDERR_REDIRECT] 
2025-09-17 15:06:58,687 [ERROR] LogOutputStream:75 - [STDERR_REDIRECT] Sep 17, 2025 3:06:58 PM java.util.prefs.FileSystemPreferences syncWorld
2025-09-17 15:06:58,687 [ERROR] LogOutputStream:75 - [STDERR_REDIRECT] WARNING: Couldn't flush system prefs: java.util.prefs.BackingStoreException: Couldn't get file lock.
2025-09-17 15:06:58,687 [ERROR] LogOutputStream:75 - [STDERR_REDIRECT] 
2025-09-17 15:07:28,687 [ERROR] LogOutputStream:75 - [STDERR_REDIRECT] Sep 17, 2025 3:07:28 PM java.util.prefs.FileSystemPreferences checkLockFile0ErrorCode
2025-09-17 15:07:28,687 [ERROR] LogOutputStream:75 - [STDERR_REDIRECT] WARNING: Could not lock System prefs. Unix error code 2.
2025-09-17 15:07:28,687 [ERROR] LogOutputStream:75 - [STDERR_REDIRECT] 
2025-09-17 15:07:28,687 [ERROR] LogOutputStream:75 - [STDERR_REDIRECT] Sep 17, 2025 3:07:28 PM java.util.prefs.FileSystemPreferences syncWorld
2025-09-17 15:07:28,687 [ERROR] LogOutputStream:75 - [STDERR_REDIRECT] WARNING: Couldn't flush system prefs: java.util.prefs.BackingStoreException: Couldn't get file lock.
2025-09-17 15:07:28,687 [ERROR] LogOutputStream:75 - [STDERR_REDIRECT] 
2025-09-17 15:07:58,687 [ERROR] LogOutputStream:75 - [STDERR_REDIRECT] Sep 17, 2025 3:07:58 PM java.util.prefs.FileSystemPreferences checkLockFile0ErrorCode
2025-09-17 15:07:58,687 [ERROR] LogOutputStream:75 - [STDERR_REDIRECT] WARNING: Could not lock System prefs. Unix error code 2.
2025-09-17 15:07:58,687 [ERROR] LogOutputStream:75 - [STDERR_REDIRECT] 
2025-09-17 15:07:58,687 [ERROR] LogOutputStream:75 - [STDERR_REDIRECT] Sep 17, 2025 3:07:58 PM java.util.prefs.FileSystemPreferences syncWorld
2025-09-17 15:07:58,687 [ERROR] LogOutputStream:75 - [STDERR_REDIRECT] WARNING: Couldn't flush system prefs: java.util.prefs.BackingStoreException: Couldn't get file lock.
2025-09-17 15:07:58,687 [ERROR] LogOutputStream:75 - [STDERR_REDIRECT] 
2025-09-17 15:08:28,687 [ERROR] LogOutputStream:75 - [STDERR_REDIRECT] Sep 17, 2025 3:08:28 PM java.util.prefs.FileSystemPreferences checkLockFile0ErrorCode
2025-09-17 15:08:28,688 [ERROR] LogOutputStream:75 - [STDERR_REDIRECT] WARNING: Could not lock System prefs. Unix error code 2.
2025-09-17 15:08:28,688 [ERROR] LogOutputStream:75 - [STDERR_REDIRECT] 
2025-09-17 15:08:28,688 [ERROR] LogOutputStream:75 - [STDERR_REDIRECT] Sep 17, 2025 3:08:28 PM java.util.prefs.FileSystemPreferences syncWorld
2025-09-17 15:08:28,688 [ERROR] LogOutputStream:75 - [STDERR_REDIRECT] WARNING: Couldn't flush system prefs: java.util.prefs.BackingStoreException: Couldn't get file lock.
2025-09-17 15:08:28,688 [ERROR] LogOutputStream:75 - [STDERR_REDIRECT] 
2025-09-17 15:08:58,687 [ERROR] LogOutputStream:75 - [STDERR_REDIRECT] Sep 17, 2025 3:08:58 PM java.util.prefs.FileSystemPreferences checkLockFile0ErrorCode
2025-09-17 15:08:58,688 [ERROR] LogOutputStream:75 - [STDERR_REDIRECT] WARNING: Could not lock System prefs. Unix error code 2.
2025-09-17 15:08:58,688 [ERROR] LogOutputStream:75 - [STDERR_REDIRECT] 
2025-09-17 15:08:58,688 [ERROR] LogOutputStream:75 - [STDERR_REDIRECT] Sep 17, 2025 3:08:58 PM java.util.prefs.FileSystemPreferences syncWorld
2025-09-17 15:08:58,688 [ERROR] LogOutputStream:75 - [STDERR_REDIRECT] WARNING: Couldn't flush system prefs: java.util.prefs.BackingStoreException: Couldn't get file lock.
2025-09-17 15:08:58,688 [ERROR] LogOutputStream:75 - [STDERR_REDIRECT] 
2025-09-17 15:09:28,688 [ERROR] LogOutputStream:75 - [STDERR_REDIRECT] Sep 17, 2025 3:09:28 PM java.util.prefs.FileSystemPreferences checkLockFile0ErrorCode
2025-09-17 15:09:28,688 [ERROR] LogOutputStream:75 - [STDERR_REDIRECT] WARNING: Could not lock System prefs. Unix error code 2.
2025-09-17 15:09:28,688 [ERROR] LogOutputStream:75 - [STDERR_REDIRECT] 
2025-09-17 15:09:28,688 [ERROR] LogOutputStream:75 - [STDERR_REDIRECT] Sep 17, 2025 3:09:28 PM java.util.prefs.FileSystemPreferences syncWorld
2025-09-17 15:09:28,688 [ERROR] LogOutputStream:75 - [STDERR_REDIRECT] WARNING: Couldn't flush system prefs: java.util.prefs.BackingStoreException: Couldn't get file lock.
2025-09-17 15:09:28,688 [ERROR] LogOutputStream:75 - [STDERR_REDIRECT] 
2025-09-17 15:09:58,687 [ERROR] LogOutputStream:75 - [STDERR_REDIRECT] Sep 17, 2025 3:09:58 PM java.util.prefs.FileSystemPreferences checkLockFile0ErrorCode
2025-09-17 15:09:58,688 [ERROR] LogOutputStream:75 - [STDERR_REDIRECT] WARNING: Could not lock System prefs. Unix error code 2.
2025-09-17 15:09:58,688 [ERROR] LogOutputStream:75 - [STDERR_REDIRECT] 
2025-09-17 15:09:58,688 [ERROR] LogOutputStream:75 - [STDERR_REDIRECT] Sep 17, 2025 3:09:58 PM java.util.prefs.FileSystemPreferences syncWorld
2025-09-17 15:09:58,688 [ERROR] LogOutputStream:75 - [STDERR_REDIRECT] WARNING: Couldn't flush system prefs: java.util.prefs.BackingStoreException: Couldn't get file lock.
2025-09-17 15:09:58,688 [ERROR] LogOutputStream:75 - [STDERR_REDIRECT] 
2025-09-17 15:10:28,688 [ERROR] LogOutputStream:75 - [STDERR_REDIRECT] Sep 17, 2025 3:10:28 PM java.util.prefs.FileSystemPreferences checkLockFile0ErrorCode
2025-09-17 15:10:28,688 [ERROR] LogOutputStream:75 - [STDERR_REDIRECT] WARNING: Could not lock System prefs. Unix error code 2.
2025-09-17 15:10:28,688 [ERROR] LogOutputStream:75 - [STDERR_REDIRECT] 
2025-09-17 15:10:28,688 [ERROR] LogOutputStream:75 - [STDERR_REDIRECT] Sep 17, 2025 3:10:28 PM java.util.prefs.FileSystemPreferences syncWorld
2025-09-17 15:10:28,689 [ERROR] LogOutputStream:75 - [STDERR_REDIRECT] WARNING: Couldn't flush system prefs: java.util.prefs.BackingStoreException: Couldn't get file lock.
2025-09-17 15:10:28,689 [ERROR] LogOutputStream:75 - [STDERR_REDIRECT] 
2025-09-17 15:10:58,688 [ERROR] LogOutputStream:75 - [STDERR_REDIRECT] Sep 17, 2025 3:10:58 PM java.util.prefs.FileSystemPreferences checkLockFile0ErrorCode
2025-09-17 15:10:58,688 [ERROR] LogOutputStream:75 - [STDERR_REDIRECT] WARNING: Could not lock System prefs. Unix error code 2.
2025-09-17 15:10:58,688 [ERROR] LogOutputStream:75 - [STDERR_REDIRECT] 
2025-09-17 15:10:58,688 [ERROR] LogOutputStream:75 - [STDERR_REDIRECT] Sep 17, 2025 3:10:58 PM java.util.prefs.FileSystemPreferences syncWorld
2025-09-17 15:10:58,688 [ERROR] LogOutputStream:75 - [STDERR_REDIRECT] WARNING: Couldn't flush system prefs: java.util.prefs.BackingStoreException: Couldn't get file lock.
2025-09-17 15:10:58,688 [ERROR] LogOutputStream:75 - [STDERR_REDIRECT] 
2025-09-17 15:11:28,688 [ERROR] LogOutputStream:75 - [STDERR_REDIRECT] Sep 17, 2025 3:11:28 PM java.util.prefs.FileSystemPreferences checkLockFile0ErrorCode
2025-09-17 15:11:28,688 [ERROR] LogOutputStream:75 - [STDERR_REDIRECT] WARNING: Could not lock System prefs. Unix error code 2.
2025-09-17 15:11:28,688 [ERROR] LogOutputStream:75 - [STDERR_REDIRECT] 
2025-09-17 15:11:28,688 [ERROR] LogOutputStream:75 - [STDERR_REDIRECT] Sep 17, 2025 3:11:28 PM java.util.prefs.FileSystemPreferences syncWorld
2025-09-17 15:11:28,688 [ERROR] LogOutputStream:75 - [STDERR_REDIRECT] WARNING: Couldn't flush system prefs: java.util.prefs.BackingStoreException: Couldn't get file lock.
2025-09-17 15:11:28,688 [ERROR] LogOutputStream:75 - [STDERR_REDIRECT] 
2025-09-17 15:11:58,688 [ERROR] LogOutputStream:75 - [STDERR_REDIRECT] Sep 17, 2025 3:11:58 PM java.util.prefs.FileSystemPreferences checkLockFile0ErrorCode
2025-09-17 15:11:58,688 [ERROR] LogOutputStream:75 - [STDERR_REDIRECT] WARNING: Could not lock System prefs. Unix error code 2.
2025-09-17 15:11:58,688 [ERROR] LogOutputStream:75 - [STDERR_REDIRECT] 
2025-09-17 15:11:58,689 [ERROR] LogOutputStream:75 - [STDERR_REDIRECT] Sep 17, 2025 3:11:58 PM java.util.prefs.FileSystemPreferences syncWorld
2025-09-17 15:11:58,689 [ERROR] LogOutputStream:75 - [STDERR_REDIRECT] WARNING: Couldn't flush system prefs: java.util.prefs.BackingStoreException: Couldn't get file lock.
2025-09-17 15:11:58,689 [ERROR] LogOutputStream:75 - [STDERR_REDIRECT] 
2025-09-17 15:12:28,688 [ERROR] LogOutputStream:75 - [STDERR_REDIRECT] Sep 17, 2025 3:12:28 PM java.util.prefs.FileSystemPreferences checkLockFile0ErrorCode
2025-09-17 15:12:28,688 [ERROR] LogOutputStream:75 - [STDERR_REDIRECT] WARNING: Could not lock System prefs. Unix error code 2.
2025-09-17 15:12:28,688 [ERROR] LogOutputStream:75 - [STDERR_REDIRECT] 
2025-09-17 15:12:28,689 [ERROR] LogOutputStream:75 - [STDERR_REDIRECT] Sep 17, 2025 3:12:28 PM java.util.prefs.FileSystemPreferences syncWorld
2025-09-17 15:12:28,689 [ERROR] LogOutputStream:75 - [STDERR_REDIRECT] WARNING: Couldn't flush system prefs: java.util.prefs.BackingStoreException: Couldn't get file lock.
2025-09-17 15:12:28,689 [ERROR] LogOutputStream:75 - [STDERR_REDIRECT] 
2025-09-17 15:12:58,687 [ERROR] LogOutputStream:75 - [STDERR_REDIRECT] Sep 17, 2025 3:12:58 PM java.util.prefs.FileSystemPreferences checkLockFile0ErrorCode
2025-09-17 15:12:58,688 [ERROR] LogOutputStream:75 - [STDERR_REDIRECT] WARNING: Could not lock System prefs. Unix error code 2.
2025-09-17 15:12:58,688 [ERROR] LogOutputStream:75 - [STDERR_REDIRECT] 
2025-09-17 15:12:58,688 [ERROR] LogOutputStream:75 - [STDERR_REDIRECT] Sep 17, 2025 3:12:58 PM java.util.prefs.FileSystemPreferences syncWorld
2025-09-17 15:12:58,688 [ERROR] LogOutputStream:75 - [STDERR_REDIRECT] WARNING: Couldn't flush system prefs: java.util.prefs.BackingStoreException: Couldn't get file lock.
2025-09-17 15:12:58,688 [ERROR] LogOutputStream:75 - [STDERR_REDIRECT] 
2025-09-17 15:13:28,688 [ERROR] LogOutputStream:75 - [STDERR_REDIRECT] Sep 17, 2025 3:13:28 PM java.util.prefs.FileSystemPreferences checkLockFile0ErrorCode
2025-09-17 15:13:28,688 [ERROR] LogOutputStream:75 - [STDERR_REDIRECT] WARNING: Could not lock System prefs. Unix error code 2.
2025-09-17 15:13:28,688 [ERROR] LogOutputStream:75 - [STDERR_REDIRECT] 
2025-09-17 15:13:28,688 [ERROR] LogOutputStream:75 - [STDERR_REDIRECT] Sep 17, 2025 3:13:28 PM java.util.prefs.FileSystemPreferences syncWorld
2025-09-17 15:13:28,688 [ERROR] LogOutputStream:75 - [STDERR_REDIRECT] WARNING: Couldn't flush system prefs: java.util.prefs.BackingStoreException: Couldn't get file lock.
2025-09-17 15:13:28,688 [ERROR] LogOutputStream:75 - [STDERR_REDIRECT] 
2025-09-17 15:13:58,688 [ERROR] LogOutputStream:75 - [STDERR_REDIRECT] Sep 17, 2025 3:13:58 PM java.util.prefs.FileSystemPreferences checkLockFile0ErrorCode
2025-09-17 15:13:58,688 [ERROR] LogOutputStream:75 - [STDERR_REDIRECT] WARNING: Could not lock System prefs. Unix error code 2.
2025-09-17 15:13:58,688 [ERROR] LogOutputStream:75 - [STDERR_REDIRECT] 
2025-09-17 15:13:58,688 [ERROR] LogOutputStream:75 - [STDERR_REDIRECT] Sep 17, 2025 3:13:58 PM java.util.prefs.FileSystemPreferences syncWorld
2025-09-17 15:13:58,688 [ERROR] LogOutputStream:75 - [STDERR_REDIRECT] WARNING: Couldn't flush system prefs: java.util.prefs.BackingStoreException: Couldn't get file lock.
2025-09-17 15:13:58,689 [ERROR] LogOutputStream:75 - [STDERR_REDIRECT] 
2025-09-17 15:14:28,688 [ERROR] LogOutputStream:75 - [STDERR_REDIRECT] Sep 17, 2025 3:14:28 PM java.util.prefs.FileSystemPreferences checkLockFile0ErrorCode
2025-09-17 15:14:28,688 [ERROR] LogOutputStream:75 - [STDERR_REDIRECT] WARNING: Could not lock System prefs. Unix error code 2.
2025-09-17 15:14:28,688 [ERROR] LogOutputStream:75 - [STDERR_REDIRECT] 
2025-09-17 15:14:28,688 [ERROR] LogOutputStream:75 - [STDERR_REDIRECT] Sep 17, 2025 3:14:28 PM java.util.prefs.FileSystemPreferences syncWorld
2025-09-17 15:14:28,689 [ERROR] LogOutputStream:75 - [STDERR_REDIRECT] WARNING: Couldn't flush system prefs: java.util.prefs.BackingStoreException: Couldn't get file lock.
2025-09-17 15:14:28,689 [ERROR] LogOutputStream:75 - [STDERR_REDIRECT] 
2025-09-17 15:14:58,687 [ERROR] LogOutputStream:75 - [STDERR_REDIRECT] Sep 17, 2025 3:14:58 PM java.util.prefs.FileSystemPreferences checkLockFile0ErrorCode
2025-09-17 15:14:58,687 [ERROR] LogOutputStream:75 - [STDERR_REDIRECT] WARNING: Could not lock System prefs. Unix error code 2.
2025-09-17 15:14:58,687 [ERROR] LogOutputStream:75 - [STDERR_REDIRECT] 
2025-09-17 15:14:58,687 [ERROR] LogOutputStream:75 - [STDERR_REDIRECT] Sep 17, 2025 3:14:58 PM java.util.prefs.FileSystemPreferences syncWorld
2025-09-17 15:14:58,687 [ERROR] LogOutputStream:75 - [STDERR_REDIRECT] WARNING: Couldn't flush system prefs: java.util.prefs.BackingStoreException: Couldn't get file lock.
2025-09-17 15:14:58,687 [ERROR] LogOutputStream:75 - [STDERR_REDIRECT] 
2025-09-17 15:15:28,688 [ERROR] LogOutputStream:75 - [STDERR_REDIRECT] Sep 17, 2025 3:15:28 PM java.util.prefs.FileSystemPreferences checkLockFile0ErrorCode
2025-09-17 15:15:28,688 [ERROR] LogOutputStream:75 - [STDERR_REDIRECT] WARNING: Could not lock System prefs. Unix error code 2.
2025-09-17 15:15:28,688 [ERROR] LogOutputStream:75 - [STDERR_REDIRECT] 
2025-09-17 15:15:28,688 [ERROR] LogOutputStream:75 - [STDERR_REDIRECT] Sep 17, 2025 3:15:28 PM java.util.prefs.FileSystemPreferences syncWorld
2025-09-17 15:15:28,688 [ERROR] LogOutputStream:75 - [STDERR_REDIRECT] WARNING: Couldn't flush system prefs: java.util.prefs.BackingStoreException: Couldn't get file lock.
2025-09-17 15:15:28,688 [ERROR] LogOutputStream:75 - [STDERR_REDIRECT] 
2025-09-17 15:15:58,688 [ERROR] LogOutputStream:75 - [STDERR_REDIRECT] Sep 17, 2025 3:15:58 PM java.util.prefs.FileSystemPreferences checkLockFile0ErrorCode
2025-09-17 15:15:58,688 [ERROR] LogOutputStream:75 - [STDERR_REDIRECT] WARNING: Could not lock System prefs. Unix error code 2.
2025-09-17 15:15:58,688 [ERROR] LogOutputStream:75 - [STDERR_REDIRECT] 
2025-09-17 15:15:58,688 [ERROR] LogOutputStream:75 - [STDERR_REDIRECT] Sep 17, 2025 3:15:58 PM java.util.prefs.FileSystemPreferences syncWorld
2025-09-17 15:15:58,689 [ERROR] LogOutputStream:75 - [STDERR_REDIRECT] WARNING: Couldn't flush system prefs: java.util.prefs.BackingStoreException: Couldn't get file lock.
2025-09-17 15:15:58,689 [ERROR] LogOutputStream:75 - [STDERR_REDIRECT] 
2025-09-17 15:16:28,688 [ERROR] LogOutputStream:75 - [STDERR_REDIRECT] Sep 17, 2025 3:16:28 PM java.util.prefs.FileSystemPreferences checkLockFile0ErrorCode
2025-09-17 15:16:28,688 [ERROR] LogOutputStream:75 - [STDERR_REDIRECT] WARNING: Could not lock System prefs. Unix error code 2.
2025-09-17 15:16:28,689 [ERROR] LogOutputStream:75 - [STDERR_REDIRECT] 
2025-09-17 15:16:28,689 [ERROR] LogOutputStream:75 - [STDERR_REDIRECT] Sep 17, 2025 3:16:28 PM java.util.prefs.FileSystemPreferences syncWorld
2025-09-17 15:16:28,689 [ERROR] LogOutputStream:75 - [STDERR_REDIRECT] WARNING: Couldn't flush system prefs: java.util.prefs.BackingStoreException: Couldn't get file lock.
2025-09-17 15:16:28,689 [ERROR] LogOutputStream:75 - [STDERR_REDIRECT] 
2025-09-17 15:16:58,689 [ERROR] LogOutputStream:75 - [STDERR_REDIRECT] Sep 17, 2025 3:16:58 PM java.util.prefs.FileSystemPreferences checkLockFile0ErrorCode
2025-09-17 15:16:58,689 [ERROR] LogOutputStream:75 - [STDERR_REDIRECT] WARNING: Could not lock System prefs. Unix error code 2.
2025-09-17 15:16:58,689 [ERROR] LogOutputStream:75 - [STDERR_REDIRECT] 
2025-09-17 15:16:58,689 [ERROR] LogOutputStream:75 - [STDERR_REDIRECT] Sep 17, 2025 3:16:58 PM java.util.prefs.FileSystemPreferences syncWorld
2025-09-17 15:16:58,689 [ERROR] LogOutputStream:75 - [STDERR_REDIRECT] WARNING: Couldn't flush system prefs: java.util.prefs.BackingStoreException: Couldn't get file lock.
2025-09-17 15:16:58,689 [ERROR] LogOutputStream:75 - [STDERR_REDIRECT] 
2025-09-17 15:17:28,689 [ERROR] LogOutputStream:75 - [STDERR_REDIRECT] Sep 17, 2025 3:17:28 PM java.util.prefs.FileSystemPreferences checkLockFile0ErrorCode
2025-09-17 15:17:28,689 [ERROR] LogOutputStream:75 - [STDERR_REDIRECT] WARNING: Could not lock System prefs. Unix error code 2.
2025-09-17 15:17:28,689 [ERROR] LogOutputStream:75 - [STDERR_REDIRECT] 
2025-09-17 15:17:28,689 [ERROR] LogOutputStream:75 - [STDERR_REDIRECT] Sep 17, 2025 3:17:28 PM java.util.prefs.FileSystemPreferences syncWorld
2025-09-17 15:17:28,689 [ERROR] LogOutputStream:75 - [STDERR_REDIRECT] WARNING: Couldn't flush system prefs: java.util.prefs.BackingStoreException: Couldn't get file lock.
2025-09-17 15:17:28,689 [ERROR] LogOutputStream:75 - [STDERR_REDIRECT] 
2025-09-17 15:17:58,688 [ERROR] LogOutputStream:75 - [STDERR_REDIRECT] Sep 17, 2025 3:17:58 PM java.util.prefs.FileSystemPreferences checkLockFile0ErrorCode
2025-09-17 15:17:58,689 [ERROR] LogOutputStream:75 - [STDERR_REDIRECT] WARNING: Could not lock System prefs. Unix error code 2.
2025-09-17 15:17:58,689 [ERROR] LogOutputStream:75 - [STDERR_REDIRECT] 
2025-09-17 15:17:58,689 [ERROR] LogOutputStream:75 - [STDERR_REDIRECT] Sep 17, 2025 3:17:58 PM java.util.prefs.FileSystemPreferences syncWorld
2025-09-17 15:17:58,689 [ERROR] LogOutputStream:75 - [STDERR_REDIRECT] WARNING: Couldn't flush system prefs: java.util.prefs.BackingStoreException: Couldn't get file lock.
2025-09-17 15:17:58,689 [ERROR] LogOutputStream:75 - [STDERR_REDIRECT] 
2025-09-17 15:18:28,688 [ERROR] LogOutputStream:75 - [STDERR_REDIRECT] Sep 17, 2025 3:18:28 PM java.util.prefs.FileSystemPreferences checkLockFile0ErrorCode
2025-09-17 15:18:28,688 [ERROR] LogOutputStream:75 - [STDERR_REDIRECT] WARNING: Could not lock System prefs. Unix error code 2.
2025-09-17 15:18:28,689 [ERROR] LogOutputStream:75 - [STDERR_REDIRECT] 
2025-09-17 15:18:28,689 [ERROR] LogOutputStream:75 - [STDERR_REDIRECT] Sep 17, 2025 3:18:28 PM java.util.prefs.FileSystemPreferences syncWorld
2025-09-17 15:18:28,689 [ERROR] LogOutputStream:75 - [STDERR_REDIRECT] WARNING: Couldn't flush system prefs: java.util.prefs.BackingStoreException: Couldn't get file lock.
2025-09-17 15:18:28,689 [ERROR] LogOutputStream:75 - [STDERR_REDIRECT] 
2025-09-17 15:18:58,689 [ERROR] LogOutputStream:75 - [STDERR_REDIRECT] Sep 17, 2025 3:18:58 PM java.util.prefs.FileSystemPreferences checkLockFile0ErrorCode
2025-09-17 15:18:58,689 [ERROR] LogOutputStream:75 - [STDERR_REDIRECT] WARNING: Could not lock System prefs. Unix error code 2.
2025-09-17 15:18:58,689 [ERROR] LogOutputStream:75 - [STDERR_REDIRECT] 
2025-09-17 15:18:58,689 [ERROR] LogOutputStream:75 - [STDERR_REDIRECT] Sep 17, 2025 3:18:58 PM java.util.prefs.FileSystemPreferences syncWorld
2025-09-17 15:18:58,689 [ERROR] LogOutputStream:75 - [STDERR_REDIRECT] WARNING: Couldn't flush system prefs: java.util.prefs.BackingStoreException: Couldn't get file lock.
2025-09-17 15:18:58,689 [ERROR] LogOutputStream:75 - [STDERR_REDIRECT] 
2025-09-17 15:19:28,689 [ERROR] LogOutputStream:75 - [STDERR_REDIRECT] Sep 17, 2025 3:19:28 PM java.util.prefs.FileSystemPreferences checkLockFile0ErrorCode
2025-09-17 15:19:28,689 [ERROR] LogOutputStream:75 - [STDERR_REDIRECT] WARNING: Could not lock System prefs. Unix error code 2.
2025-09-17 15:19:28,689 [ERROR] LogOutputStream:75 - [STDERR_REDIRECT] 
2025-09-17 15:19:28,689 [ERROR] LogOutputStream:75 - [STDERR_REDIRECT] Sep 17, 2025 3:19:28 PM java.util.prefs.FileSystemPreferences syncWorld
2025-09-17 15:19:28,689 [ERROR] LogOutputStream:75 - [STDERR_REDIRECT] WARNING: Couldn't flush system prefs: java.util.prefs.BackingStoreException: Couldn't get file lock.
2025-09-17 15:19:28,689 [ERROR] LogOutputStream:75 - [STDERR_REDIRECT] 
2025-09-17 15:19:58,689 [ERROR] LogOutputStream:75 - [STDERR_REDIRECT] Sep 17, 2025 3:19:58 PM java.util.prefs.FileSystemPreferences checkLockFile0ErrorCode
2025-09-17 15:19:58,689 [ERROR] LogOutputStream:75 - [STDERR_REDIRECT] WARNING: Could not lock System prefs. Unix error code 2.
2025-09-17 15:19:58,689 [ERROR] LogOutputStream:75 - [STDERR_REDIRECT] 
2025-09-17 15:19:58,689 [ERROR] LogOutputStream:75 - [STDERR_REDIRECT] Sep 17, 2025 3:19:58 PM java.util.prefs.FileSystemPreferences syncWorld
2025-09-17 15:19:58,690 [ERROR] LogOutputStream:75 - [STDERR_REDIRECT] WARNING: Couldn't flush system prefs: java.util.prefs.BackingStoreException: Couldn't get file lock.
2025-09-17 15:19:58,690 [ERROR] LogOutputStream:75 - [STDERR_REDIRECT] 
2025-09-17 15:20:28,688 [ERROR] LogOutputStream:75 - [STDERR_REDIRECT] Sep 17, 2025 3:20:28 PM java.util.prefs.FileSystemPreferences checkLockFile0ErrorCode
2025-09-17 15:20:28,688 [ERROR] LogOutputStream:75 - [STDERR_REDIRECT] WARNING: Could not lock System prefs. Unix error code 2.
2025-09-17 15:20:28,689 [ERROR] LogOutputStream:75 - [STDERR_REDIRECT] 
2025-09-17 15:20:28,689 [ERROR] LogOutputStream:75 - [STDERR_REDIRECT] Sep 17, 2025 3:20:28 PM java.util.prefs.FileSystemPreferences syncWorld
2025-09-17 15:20:28,689 [ERROR] LogOutputStream:75 - [STDERR_REDIRECT] WARNING: Couldn't flush system prefs: java.util.prefs.BackingStoreException: Couldn't get file lock.
2025-09-17 15:20:28,689 [ERROR] LogOutputStream:75 - [STDERR_REDIRECT] 
2025-09-17 15:20:58,689 [ERROR] LogOutputStream:75 - [STDERR_REDIRECT] Sep 17, 2025 3:20:58 PM java.util.prefs.FileSystemPreferences checkLockFile0ErrorCode
2025-09-17 15:20:58,689 [ERROR] LogOutputStream:75 - [STDERR_REDIRECT] WARNING: Could not lock System prefs. Unix error code 2.
2025-09-17 15:20:58,689 [ERROR] LogOutputStream:75 - [STDERR_REDIRECT] 
2025-09-17 15:20:58,689 [ERROR] LogOutputStream:75 - [STDERR_REDIRECT] Sep 17, 2025 3:20:58 PM java.util.prefs.FileSystemPreferences syncWorld
2025-09-17 15:20:58,689 [ERROR] LogOutputStream:75 - [STDERR_REDIRECT] WARNING: Couldn't flush system prefs: java.util.prefs.BackingStoreException: Couldn't get file lock.
2025-09-17 15:20:58,689 [ERROR] LogOutputStream:75 - [STDERR_REDIRECT] 
2025-09-17 15:21:28,689 [ERROR] LogOutputStream:75 - [STDERR_REDIRECT] Sep 17, 2025 3:21:28 PM java.util.prefs.FileSystemPreferences checkLockFile0ErrorCode
2025-09-17 15:21:28,689 [ERROR] LogOutputStream:75 - [STDERR_REDIRECT] WARNING: Could not lock System prefs. Unix error code 2.
2025-09-17 15:21:28,689 [ERROR] LogOutputStream:75 - [STDERR_REDIRECT] 
2025-09-17 15:21:28,689 [ERROR] LogOutputStream:75 - [STDERR_REDIRECT] Sep 17, 2025 3:21:28 PM java.util.prefs.FileSystemPreferences syncWorld
2025-09-17 15:21:28,689 [ERROR] LogOutputStream:75 - [STDERR_REDIRECT] WARNING: Couldn't flush system prefs: java.util.prefs.BackingStoreException: Couldn't get file lock.
2025-09-17 15:21:28,690 [ERROR] LogOutputStream:75 - [STDERR_REDIRECT] 
2025-09-17 15:21:58,688 [ERROR] LogOutputStream:75 - [STDERR_REDIRECT] Sep 17, 2025 3:21:58 PM java.util.prefs.FileSystemPreferences checkLockFile0ErrorCode
2025-09-17 15:21:58,688 [ERROR] LogOutputStream:75 - [STDERR_REDIRECT] WARNING: Could not lock System prefs. Unix error code 2.
2025-09-17 15:21:58,688 [ERROR] LogOutputStream:75 - [STDERR_REDIRECT] 
2025-09-17 15:21:58,689 [ERROR] LogOutputStream:75 - [STDERR_REDIRECT] Sep 17, 2025 3:21:58 PM java.util.prefs.FileSystemPreferences syncWorld
2025-09-17 15:21:58,689 [ERROR] LogOutputStream:75 - [STDERR_REDIRECT] WARNING: Couldn't flush system prefs: java.util.prefs.BackingStoreException: Couldn't get file lock.
2025-09-17 15:21:58,689 [ERROR] LogOutputStream:75 - [STDERR_REDIRECT] 
2025-09-17 15:22:28,688 [ERROR] LogOutputStream:75 - [STDERR_REDIRECT] Sep 17, 2025 3:22:28 PM java.util.prefs.FileSystemPreferences checkLockFile0ErrorCode
2025-09-17 15:22:28,688 [ERROR] LogOutputStream:75 - [STDERR_REDIRECT] WARNING: Could not lock System prefs. Unix error code 2.
2025-09-17 15:22:28,688 [ERROR] LogOutputStream:75 - [STDERR_REDIRECT] 
2025-09-17 15:22:28,688 [ERROR] LogOutputStream:75 - [STDERR_REDIRECT] Sep 17, 2025 3:22:28 PM java.util.prefs.FileSystemPreferences syncWorld
2025-09-17 15:22:28,688 [ERROR] LogOutputStream:75 - [STDERR_REDIRECT] WARNING: Couldn't flush system prefs: java.util.prefs.BackingStoreException: Couldn't get file lock.
2025-09-17 15:22:28,688 [ERROR] LogOutputStream:75 - [STDERR_REDIRECT] 
2025-09-17 15:22:58,689 [ERROR] LogOutputStream:75 - [STDERR_REDIRECT] Sep 17, 2025 3:22:58 PM java.util.prefs.FileSystemPreferences checkLockFile0ErrorCode
2025-09-17 15:22:58,689 [ERROR] LogOutputStream:75 - [STDERR_REDIRECT] WARNING: Could not lock System prefs. Unix error code 2.
2025-09-17 15:22:58,689 [ERROR] LogOutputStream:75 - [STDERR_REDIRECT] 
2025-09-17 15:22:58,689 [ERROR] LogOutputStream:75 - [STDERR_REDIRECT] Sep 17, 2025 3:22:58 PM java.util.prefs.FileSystemPreferences syncWorld
2025-09-17 15:22:58,689 [ERROR] LogOutputStream:75 - [STDERR_REDIRECT] WARNING: Couldn't flush system prefs: java.util.prefs.BackingStoreException: Couldn't get file lock.
2025-09-17 15:22:58,689 [ERROR] LogOutputStream:75 - [STDERR_REDIRECT] 
2025-09-17 15:23:28,689 [ERROR] LogOutputStream:75 - [STDERR_REDIRECT] Sep 17, 2025 3:23:28 PM java.util.prefs.FileSystemPreferences checkLockFile0ErrorCode
2025-09-17 15:23:28,689 [ERROR] LogOutputStream:75 - [STDERR_REDIRECT] WARNING: Could not lock System prefs. Unix error code 2.
2025-09-17 15:23:28,689 [ERROR] LogOutputStream:75 - [STDERR_REDIRECT] 
2025-09-17 15:23:28,690 [ERROR] LogOutputStream:75 - [STDERR_REDIRECT] Sep 17, 2025 3:23:28 PM java.util.prefs.FileSystemPreferences syncWorld
2025-09-17 15:23:28,690 [ERROR] LogOutputStream:75 - [STDERR_REDIRECT] WARNING: Couldn't flush system prefs: java.util.prefs.BackingStoreException: Couldn't get file lock.
2025-09-17 15:23:28,690 [ERROR] LogOutputStream:75 - [STDERR_REDIRECT] 
2025-09-17 15:23:58,690 [ERROR] LogOutputStream:75 - [STDERR_REDIRECT] Sep 17, 2025 3:23:58 PM java.util.prefs.FileSystemPreferences checkLockFile0ErrorCode
2025-09-17 15:23:58,690 [ERROR] LogOutputStream:75 - [STDERR_REDIRECT] WARNING: Could not lock System prefs. Unix error code 2.
2025-09-17 15:23:58,690 [ERROR] LogOutputStream:75 - [STDERR_REDIRECT] 
2025-09-17 15:23:58,691 [ERROR] LogOutputStream:75 - [STDERR_REDIRECT] Sep 17, 2025 3:23:58 PM java.util.prefs.FileSystemPreferences syncWorld
2025-09-17 15:23:58,691 [ERROR] LogOutputStream:75 - [STDERR_REDIRECT] WARNING: Couldn't flush system prefs: java.util.prefs.BackingStoreException: Couldn't get file lock.
2025-09-17 15:23:58,691 [ERROR] LogOutputStream:75 - [STDERR_REDIRECT] 
2025-09-17 15:24:28,690 [ERROR] LogOutputStream:75 - [STDERR_REDIRECT] Sep 17, 2025 3:24:28 PM java.util.prefs.FileSystemPreferences checkLockFile0ErrorCode
2025-09-17 15:24:28,690 [ERROR] LogOutputStream:75 - [STDERR_REDIRECT] WARNING: Could not lock System prefs. Unix error code 2.
2025-09-17 15:24:28,690 [ERROR] LogOutputStream:75 - [STDERR_REDIRECT] 
2025-09-17 15:24:28,690 [ERROR] LogOutputStream:75 - [STDERR_REDIRECT] Sep 17, 2025 3:24:28 PM java.util.prefs.FileSystemPreferences syncWorld
2025-09-17 15:24:28,691 [ERROR] LogOutputStream:75 - [STDERR_REDIRECT] WARNING: Couldn't flush system prefs: java.util.prefs.BackingStoreException: Couldn't get file lock.
2025-09-17 15:24:28,691 [ERROR] LogOutputStream:75 - [STDERR_REDIRECT] 
2025-09-17 15:24:58,690 [ERROR] LogOutputStream:75 - [STDERR_REDIRECT] Sep 17, 2025 3:24:58 PM java.util.prefs.FileSystemPreferences checkLockFile0ErrorCode
2025-09-17 15:24:58,690 [ERROR] LogOutputStream:75 - [STDERR_REDIRECT] WARNING: Could not lock System prefs. Unix error code 2.
2025-09-17 15:24:58,690 [ERROR] LogOutputStream:75 - [STDERR_REDIRECT] 
2025-09-17 15:24:58,690 [ERROR] LogOutputStream:75 - [STDERR_REDIRECT] Sep 17, 2025 3:24:58 PM java.util.prefs.FileSystemPreferences syncWorld
2025-09-17 15:24:58,691 [ERROR] LogOutputStream:75 - [STDERR_REDIRECT] WARNING: Couldn't flush system prefs: java.util.prefs.BackingStoreException: Couldn't get file lock.
2025-09-17 15:24:58,691 [ERROR] LogOutputStream:75 - [STDERR_REDIRECT] 
2025-09-17 15:25:28,690 [ERROR] LogOutputStream:75 - [STDERR_REDIRECT] Sep 17, 2025 3:25:28 PM java.util.prefs.FileSystemPreferences checkLockFile0ErrorCode
2025-09-17 15:25:28,691 [ERROR] LogOutputStream:75 - [STDERR_REDIRECT] WARNING: Could not lock System prefs. Unix error code 2.
2025-09-17 15:25:28,691 [ERROR] LogOutputStream:75 - [STDERR_REDIRECT] 
2025-09-17 15:25:28,691 [ERROR] LogOutputStream:75 - [STDERR_REDIRECT] Sep 17, 2025 3:25:28 PM java.util.prefs.FileSystemPreferences syncWorld
2025-09-17 15:25:28,691 [ERROR] LogOutputStream:75 - [STDERR_REDIRECT] WARNING: Couldn't flush system prefs: java.util.prefs.BackingStoreException: Couldn't get file lock.
2025-09-17 15:25:28,691 [ERROR] LogOutputStream:75 - [STDERR_REDIRECT] 
2025-09-17 15:25:58,691 [ERROR] LogOutputStream:75 - [STDERR_REDIRECT] Sep 17, 2025 3:25:58 PM java.util.prefs.FileSystemPreferences checkLockFile0ErrorCode
2025-09-17 15:25:58,691 [ERROR] LogOutputStream:75 - [STDERR_REDIRECT] WARNING: Could not lock System prefs. Unix error code 2.
2025-09-17 15:25:58,691 [ERROR] LogOutputStream:75 - [STDERR_REDIRECT] 
2025-09-17 15:25:58,691 [ERROR] LogOutputStream:75 - [STDERR_REDIRECT] Sep 17, 2025 3:25:58 PM java.util.prefs.FileSystemPreferences syncWorld
2025-09-17 15:25:58,691 [ERROR] LogOutputStream:75 - [STDERR_REDIRECT] WARNING: Couldn't flush system prefs: java.util.prefs.BackingStoreException: Couldn't get file lock.
2025-09-17 15:25:58,691 [ERROR] LogOutputStream:75 - [STDERR_REDIRECT] 
2025-09-17 15:26:28,691 [ERROR] LogOutputStream:75 - [STDERR_REDIRECT] Sep 17, 2025 3:26:28 PM java.util.prefs.FileSystemPreferences checkLockFile0ErrorCode
2025-09-17 15:26:28,691 [ERROR] LogOutputStream:75 - [STDERR_REDIRECT] WARNING: Could not lock System prefs. Unix error code 2.
2025-09-17 15:26:28,691 [ERROR] LogOutputStream:75 - [STDERR_REDIRECT] 
2025-09-17 15:26:28,691 [ERROR] LogOutputStream:75 - [STDERR_REDIRECT] Sep 17, 2025 3:26:28 PM java.util.prefs.FileSystemPreferences syncWorld
2025-09-17 15:26:28,691 [ERROR] LogOutputStream:75 - [STDERR_REDIRECT] WARNING: Couldn't flush system prefs: java.util.prefs.BackingStoreException: Couldn't get file lock.
2025-09-17 15:26:28,691 [ERROR] LogOutputStream:75 - [STDERR_REDIRECT] 
2025-09-17 15:26:58,691 [ERROR] LogOutputStream:75 - [STDERR_REDIRECT] Sep 17, 2025 3:26:58 PM java.util.prefs.FileSystemPreferences checkLockFile0ErrorCode
2025-09-17 15:26:58,691 [ERROR] LogOutputStream:75 - [STDERR_REDIRECT] WARNING: Could not lock System prefs. Unix error code 2.
2025-09-17 15:26:58,691 [ERROR] LogOutputStream:75 - [STDERR_REDIRECT] 
2025-09-17 15:26:58,692 [ERROR] LogOutputStream:75 - [STDERR_REDIRECT] Sep 17, 2025 3:26:58 PM java.util.prefs.FileSystemPreferences syncWorld
2025-09-17 15:26:58,692 [ERROR] LogOutputStream:75 - [STDERR_REDIRECT] WARNING: Couldn't flush system prefs: java.util.prefs.BackingStoreException: Couldn't get file lock.
2025-09-17 15:26:58,692 [ERROR] LogOutputStream:75 - [STDERR_REDIRECT] 
2025-09-17 15:27:28,691 [ERROR] LogOutputStream:75 - [STDERR_REDIRECT] Sep 17, 2025 3:27:28 PM java.util.prefs.FileSystemPreferences checkLockFile0ErrorCode
2025-09-17 15:27:28,692 [ERROR] LogOutputStream:75 - [STDERR_REDIRECT] WARNING: Could not lock System prefs. Unix error code 2.
2025-09-17 15:27:28,692 [ERROR] LogOutputStream:75 - [STDERR_REDIRECT] 
2025-09-17 15:27:28,692 [ERROR] LogOutputStream:75 - [STDERR_REDIRECT] Sep 17, 2025 3:27:28 PM java.util.prefs.FileSystemPreferences syncWorld
2025-09-17 15:27:28,692 [ERROR] LogOutputStream:75 - [STDERR_REDIRECT] WARNING: Couldn't flush system prefs: java.util.prefs.BackingStoreException: Couldn't get file lock.
2025-09-17 15:27:28,692 [ERROR] LogOutputStream:75 - [STDERR_REDIRECT] 
2025-09-17 15:27:58,692 [ERROR] LogOutputStream:75 - [STDERR_REDIRECT] Sep 17, 2025 3:27:58 PM java.util.prefs.FileSystemPreferences checkLockFile0ErrorCode
2025-09-17 15:27:58,692 [ERROR] LogOutputStream:75 - [STDERR_REDIRECT] WARNING: Could not lock System prefs. Unix error code 2.
2025-09-17 15:27:58,692 [ERROR] LogOutputStream:75 - [STDERR_REDIRECT] 
2025-09-17 15:27:58,692 [ERROR] LogOutputStream:75 - [STDERR_REDIRECT] Sep 17, 2025 3:27:58 PM java.util.prefs.FileSystemPreferences syncWorld
2025-09-17 15:27:58,692 [ERROR] LogOutputStream:75 - [STDERR_REDIRECT] WARNING: Couldn't flush system prefs: java.util.prefs.BackingStoreException: Couldn't get file lock.
2025-09-17 15:27:58,692 [ERROR] LogOutputStream:75 - [STDERR_REDIRECT] 
2025-09-17 15:28:28,692 [ERROR] LogOutputStream:75 - [STDERR_REDIRECT] Sep 17, 2025 3:28:28 PM java.util.prefs.FileSystemPreferences checkLockFile0ErrorCode
2025-09-17 15:28:28,692 [ERROR] LogOutputStream:75 - [STDERR_REDIRECT] WARNING: Could not lock System prefs. Unix error code 2.
2025-09-17 15:28:28,692 [ERROR] LogOutputStream:75 - [STDERR_REDIRECT] 
2025-09-17 15:28:28,692 [ERROR] LogOutputStream:75 - [STDERR_REDIRECT] Sep 17, 2025 3:28:28 PM java.util.prefs.FileSystemPreferences syncWorld
2025-09-17 15:28:28,692 [ERROR] LogOutputStream:75 - [STDERR_REDIRECT] WARNING: Couldn't flush system prefs: java.util.prefs.BackingStoreException: Couldn't get file lock.
2025-09-17 15:28:28,693 [ERROR] LogOutputStream:75 - [STDERR_REDIRECT] 
2025-09-17 15:28:58,691 [ERROR] LogOutputStream:75 - [STDERR_REDIRECT] Sep 17, 2025 3:28:58 PM java.util.prefs.FileSystemPreferences checkLockFile0ErrorCode
2025-09-17 15:28:58,691 [ERROR] LogOutputStream:75 - [STDERR_REDIRECT] WARNING: Could not lock System prefs. Unix error code 2.
2025-09-17 15:28:58,691 [ERROR] LogOutputStream:75 - [STDERR_REDIRECT] 
2025-09-17 15:28:58,692 [ERROR] LogOutputStream:75 - [STDERR_REDIRECT] Sep 17, 2025 3:28:58 PM java.util.prefs.FileSystemPreferences syncWorld
2025-09-17 15:28:58,692 [ERROR] LogOutputStream:75 - [STDERR_REDIRECT] WARNING: Couldn't flush system prefs: java.util.prefs.BackingStoreException: Couldn't get file lock.
2025-09-17 15:28:58,692 [ERROR] LogOutputStream:75 - [STDERR_REDIRECT] 
2025-09-17 15:29:28,691 [ERROR] LogOutputStream:75 - [STDERR_REDIRECT] Sep 17, 2025 3:29:28 PM java.util.prefs.FileSystemPreferences checkLockFile0ErrorCode
2025-09-17 15:29:28,691 [ERROR] LogOutputStream:75 - [STDERR_REDIRECT] WARNING: Could not lock System prefs. Unix error code 2.
2025-09-17 15:29:28,691 [ERROR] LogOutputStream:75 - [STDERR_REDIRECT] 
2025-09-17 15:29:28,691 [ERROR] LogOutputStream:75 - [STDERR_REDIRECT] Sep 17, 2025 3:29:28 PM java.util.prefs.FileSystemPreferences syncWorld
2025-09-17 15:29:28,691 [ERROR] LogOutputStream:75 - [STDERR_REDIRECT] WARNING: Couldn't flush system prefs: java.util.prefs.BackingStoreException: Couldn't get file lock.
2025-09-17 15:29:28,692 [ERROR] LogOutputStream:75 - [STDERR_REDIRECT] 
2025-09-17 15:29:58,691 [ERROR] LogOutputStream:75 - [STDERR_REDIRECT] Sep 17, 2025 3:29:58 PM java.util.prefs.FileSystemPreferences checkLockFile0ErrorCode
2025-09-17 15:29:58,691 [ERROR] LogOutputStream:75 - [STDERR_REDIRECT] WARNING: Could not lock System prefs. Unix error code 2.
2025-09-17 15:29:58,691 [ERROR] LogOutputStream:75 - [STDERR_REDIRECT] 
2025-09-17 15:29:58,691 [ERROR] LogOutputStream:75 - [STDERR_REDIRECT] Sep 17, 2025 3:29:58 PM java.util.prefs.FileSystemPreferences syncWorld
2025-09-17 15:29:58,691 [ERROR] LogOutputStream:75 - [STDERR_REDIRECT] WARNING: Couldn't flush system prefs: java.util.prefs.BackingStoreException: Couldn't get file lock.
2025-09-17 15:29:58,692 [ERROR] LogOutputStream:75 - [STDERR_REDIRECT] 
2025-09-17 15:30:28,691 [ERROR] LogOutputStream:75 - [STDERR_REDIRECT] Sep 17, 2025 3:30:28 PM java.util.prefs.FileSystemPreferences checkLockFile0ErrorCode
2025-09-17 15:30:28,691 [ERROR] LogOutputStream:75 - [STDERR_REDIRECT] WARNING: Could not lock System prefs. Unix error code 2.
2025-09-17 15:30:28,691 [ERROR] LogOutputStream:75 - [STDERR_REDIRECT] 
2025-09-17 15:30:28,691 [ERROR] LogOutputStream:75 - [STDERR_REDIRECT] Sep 17, 2025 3:30:28 PM java.util.prefs.FileSystemPreferences syncWorld
2025-09-17 15:30:28,691 [ERROR] LogOutputStream:75 - [STDERR_REDIRECT] WARNING: Couldn't flush system prefs: java.util.prefs.BackingStoreException: Couldn't get file lock.
2025-09-17 15:30:28,691 [ERROR] LogOutputStream:75 - [STDERR_REDIRECT] 
2025-09-17 15:30:58,692 [ERROR] LogOutputStream:75 - [STDERR_REDIRECT] Sep 17, 2025 3:30:58 PM java.util.prefs.FileSystemPreferences checkLockFile0ErrorCode
2025-09-17 15:30:58,692 [ERROR] LogOutputStream:75 - [STDERR_REDIRECT] WARNING: Could not lock System prefs. Unix error code 2.
2025-09-17 15:30:58,692 [ERROR] LogOutputStream:75 - [STDERR_REDIRECT] 
2025-09-17 15:30:58,693 [ERROR] LogOutputStream:75 - [STDERR_REDIRECT] Sep 17, 2025 3:30:58 PM java.util.prefs.FileSystemPreferences syncWorld
2025-09-17 15:30:58,693 [ERROR] LogOutputStream:75 - [STDERR_REDIRECT] WARNING: Couldn't flush system prefs: java.util.prefs.BackingStoreException: Couldn't get file lock.
2025-09-17 15:30:58,693 [ERROR] LogOutputStream:75 - [STDERR_REDIRECT] 
2025-09-17 15:31:28,692 [ERROR] LogOutputStream:75 - [STDERR_REDIRECT] Sep 17, 2025 3:31:28 PM java.util.prefs.FileSystemPreferences checkLockFile0ErrorCode
2025-09-17 15:31:28,692 [ERROR] LogOutputStream:75 - [STDERR_REDIRECT] WARNING: Could not lock System prefs. Unix error code 2.
2025-09-17 15:31:28,692 [ERROR] LogOutputStream:75 - [STDERR_REDIRECT] 
2025-09-17 15:31:28,693 [ERROR] LogOutputStream:75 - [STDERR_REDIRECT] Sep 17, 2025 3:31:28 PM java.util.prefs.FileSystemPreferences syncWorld
2025-09-17 15:31:28,693 [ERROR] LogOutputStream:75 - [STDERR_REDIRECT] WARNING: Couldn't flush system prefs: java.util.prefs.BackingStoreException: Couldn't get file lock.
2025-09-17 15:31:28,693 [ERROR] LogOutputStream:75 - [STDERR_REDIRECT] 
2025-09-17 15:31:58,693 [ERROR] LogOutputStream:75 - [STDERR_REDIRECT] Sep 17, 2025 3:31:58 PM java.util.prefs.FileSystemPreferences checkLockFile0ErrorCode
2025-09-17 15:31:58,693 [ERROR] LogOutputStream:75 - [STDERR_REDIRECT] WARNING: Could not lock System prefs. Unix error code 2.
2025-09-17 15:31:58,693 [ERROR] LogOutputStream:75 - [STDERR_REDIRECT] 
2025-09-17 15:31:58,693 [ERROR] LogOutputStream:75 - [STDERR_REDIRECT] Sep 17, 2025 3:31:58 PM java.util.prefs.FileSystemPreferences syncWorld
2025-09-17 15:31:58,693 [ERROR] LogOutputStream:75 - [STDERR_REDIRECT] WARNING: Couldn't flush system prefs: java.util.prefs.BackingStoreException: Couldn't get file lock.
2025-09-17 15:31:58,693 [ERROR] LogOutputStream:75 - [STDERR_REDIRECT] 
2025-09-17 15:32:28,693 [ERROR] LogOutputStream:75 - [STDERR_REDIRECT] Sep 17, 2025 3:32:28 PM java.util.prefs.FileSystemPreferences checkLockFile0ErrorCode
2025-09-17 15:32:28,693 [ERROR] LogOutputStream:75 - [STDERR_REDIRECT] WARNING: Could not lock System prefs. Unix error code 2.
2025-09-17 15:32:28,693 [ERROR] LogOutputStream:75 - [STDERR_REDIRECT] 
2025-09-17 15:32:28,693 [ERROR] LogOutputStream:75 - [STDERR_REDIRECT] Sep 17, 2025 3:32:28 PM java.util.prefs.FileSystemPreferences syncWorld
2025-09-17 15:32:28,693 [ERROR] LogOutputStream:75 - [STDERR_REDIRECT] WARNING: Couldn't flush system prefs: java.util.prefs.BackingStoreException: Couldn't get file lock.
2025-09-17 15:32:28,693 [ERROR] LogOutputStream:75 - [STDERR_REDIRECT] 
2025-09-17 15:32:58,693 [ERROR] LogOutputStream:75 - [STDERR_REDIRECT] Sep 17, 2025 3:32:58 PM java.util.prefs.FileSystemPreferences checkLockFile0ErrorCode
2025-09-17 15:32:58,693 [ERROR] LogOutputStream:75 - [STDERR_REDIRECT] WARNING: Could not lock System prefs. Unix error code 2.
2025-09-17 15:32:58,693 [ERROR] LogOutputStream:75 - [STDERR_REDIRECT] 
2025-09-17 15:32:58,693 [ERROR] LogOutputStream:75 - [STDERR_REDIRECT] Sep 17, 2025 3:32:58 PM java.util.prefs.FileSystemPreferences syncWorld
2025-09-17 15:32:58,693 [ERROR] LogOutputStream:75 - [STDERR_REDIRECT] WARNING: Couldn't flush system prefs: java.util.prefs.BackingStoreException: Couldn't get file lock.
2025-09-17 15:32:58,693 [ERROR] LogOutputStream:75 - [STDERR_REDIRECT] 
2025-09-17 15:33:28,693 [ERROR] LogOutputStream:75 - [STDERR_REDIRECT] Sep 17, 2025 3:33:28 PM java.util.prefs.FileSystemPreferences checkLockFile0ErrorCode
2025-09-17 15:33:28,693 [ERROR] LogOutputStream:75 - [STDERR_REDIRECT] WARNING: Could not lock System prefs. Unix error code 2.
2025-09-17 15:33:28,693 [ERROR] LogOutputStream:75 - [STDERR_REDIRECT] 
2025-09-17 15:33:28,693 [ERROR] LogOutputStream:75 - [STDERR_REDIRECT] Sep 17, 2025 3:33:28 PM java.util.prefs.FileSystemPreferences syncWorld
2025-09-17 15:33:28,693 [ERROR] LogOutputStream:75 - [STDERR_REDIRECT] WARNING: Couldn't flush system prefs: java.util.prefs.BackingStoreException: Couldn't get file lock.
2025-09-17 15:33:28,693 [ERROR] LogOutputStream:75 - [STDERR_REDIRECT] 
2025-09-17 15:33:58,693 [ERROR] LogOutputStream:75 - [STDERR_REDIRECT] Sep 17, 2025 3:33:58 PM java.util.prefs.FileSystemPreferences checkLockFile0ErrorCode
2025-09-17 15:33:58,693 [ERROR] LogOutputStream:75 - [STDERR_REDIRECT] WARNING: Could not lock System prefs. Unix error code 2.
2025-09-17 15:33:58,693 [ERROR] LogOutputStream:75 - [STDERR_REDIRECT] 
2025-09-17 15:33:58,693 [ERROR] LogOutputStream:75 - [STDERR_REDIRECT] Sep 17, 2025 3:33:58 PM java.util.prefs.FileSystemPreferences syncWorld
2025-09-17 15:33:58,693 [ERROR] LogOutputStream:75 - [STDERR_REDIRECT] WARNING: Couldn't flush system prefs: java.util.prefs.BackingStoreException: Couldn't get file lock.
2025-09-17 15:33:58,693 [ERROR] LogOutputStream:75 - [STDERR_REDIRECT] 
2025-09-17 15:34:28,693 [ERROR] LogOutputStream:75 - [STDERR_REDIRECT] Sep 17, 2025 3:34:28 PM java.util.prefs.FileSystemPreferences checkLockFile0ErrorCode
2025-09-17 15:34:28,693 [ERROR] LogOutputStream:75 - [STDERR_REDIRECT] WARNING: Could not lock System prefs. Unix error code 2.
2025-09-17 15:34:28,693 [ERROR] LogOutputStream:75 - [STDERR_REDIRECT] 
2025-09-17 15:34:28,693 [ERROR] LogOutputStream:75 - [STDERR_REDIRECT] Sep 17, 2025 3:34:28 PM java.util.prefs.FileSystemPreferences syncWorld
2025-09-17 15:34:28,693 [ERROR] LogOutputStream:75 - [STDERR_REDIRECT] WARNING: Couldn't flush system prefs: java.util.prefs.BackingStoreException: Couldn't get file lock.
2025-09-17 15:34:28,693 [ERROR] LogOutputStream:75 - [STDERR_REDIRECT] 
2025-09-17 15:34:58,693 [ERROR] LogOutputStream:75 - [STDERR_REDIRECT] Sep 17, 2025 3:34:58 PM java.util.prefs.FileSystemPreferences checkLockFile0ErrorCode
2025-09-17 15:34:58,693 [ERROR] LogOutputStream:75 - [STDERR_REDIRECT] WARNING: Could not lock System prefs. Unix error code 2.
2025-09-17 15:34:58,693 [ERROR] LogOutputStream:75 - [STDERR_REDIRECT] 
2025-09-17 15:34:58,694 [ERROR] LogOutputStream:75 - [STDERR_REDIRECT] Sep 17, 2025 3:34:58 PM java.util.prefs.FileSystemPreferences syncWorld
2025-09-17 15:34:58,694 [ERROR] LogOutputStream:75 - [STDERR_REDIRECT] WARNING: Couldn't flush system prefs: java.util.prefs.BackingStoreException: Couldn't get file lock.
2025-09-17 15:34:58,694 [ERROR] LogOutputStream:75 - [STDERR_REDIRECT] 
2025-09-17 15:35:28,693 [ERROR] LogOutputStream:75 - [STDERR_REDIRECT] Sep 17, 2025 3:35:28 PM java.util.prefs.FileSystemPreferences checkLockFile0ErrorCode
2025-09-17 15:35:28,693 [ERROR] LogOutputStream:75 - [STDERR_REDIRECT] WARNING: Could not lock System prefs. Unix error code 2.
2025-09-17 15:35:28,694 [ERROR] LogOutputStream:75 - [STDERR_REDIRECT] 
2025-09-17 15:35:28,694 [ERROR] LogOutputStream:75 - [STDERR_REDIRECT] Sep 17, 2025 3:35:28 PM java.util.prefs.FileSystemPreferences syncWorld
2025-09-17 15:35:28,694 [ERROR] LogOutputStream:75 - [STDERR_REDIRECT] WARNING: Couldn't flush system prefs: java.util.prefs.BackingStoreException: Couldn't get file lock.
2025-09-17 15:35:28,694 [ERROR] LogOutputStream:75 - [STDERR_REDIRECT] 
2025-09-17 15:35:58,694 [ERROR] LogOutputStream:75 - [STDERR_REDIRECT] Sep 17, 2025 3:35:58 PM java.util.prefs.FileSystemPreferences checkLockFile0ErrorCode
2025-09-17 15:35:58,694 [ERROR] LogOutputStream:75 - [STDERR_REDIRECT] WARNING: Could not lock System prefs. Unix error code 2.
2025-09-17 15:35:58,694 [ERROR] LogOutputStream:75 - [STDERR_REDIRECT] 
2025-09-17 15:35:58,694 [ERROR] LogOutputStream:75 - [STDERR_REDIRECT] Sep 17, 2025 3:35:58 PM java.util.prefs.FileSystemPreferences syncWorld
2025-09-17 15:35:58,694 [ERROR] LogOutputStream:75 - [STDERR_REDIRECT] WARNING: Couldn't flush system prefs: java.util.prefs.BackingStoreException: Couldn't get file lock.
2025-09-17 15:35:58,694 [ERROR] LogOutputStream:75 - [STDERR_REDIRECT] 
2025-09-17 15:36:28,694 [ERROR] LogOutputStream:75 - [STDERR_REDIRECT] Sep 17, 2025 3:36:28 PM java.util.prefs.FileSystemPreferences checkLockFile0ErrorCode
2025-09-17 15:36:28,694 [ERROR] LogOutputStream:75 - [STDERR_REDIRECT] WARNING: Could not lock System prefs. Unix error code 2.
2025-09-17 15:36:28,695 [ERROR] LogOutputStream:75 - [STDERR_REDIRECT] 
2025-09-17 15:36:28,695 [ERROR] LogOutputStream:75 - [STDERR_REDIRECT] Sep 17, 2025 3:36:28 PM java.util.prefs.FileSystemPreferences syncWorld
2025-09-17 15:36:28,695 [ERROR] LogOutputStream:75 - [STDERR_REDIRECT] WARNING: Couldn't flush system prefs: java.util.prefs.BackingStoreException: Couldn't get file lock.
2025-09-17 15:36:28,695 [ERROR] LogOutputStream:75 - [STDERR_REDIRECT] 
2025-09-17 15:36:58,694 [ERROR] LogOutputStream:75 - [STDERR_REDIRECT] Sep 17, 2025 3:36:58 PM java.util.prefs.FileSystemPreferences checkLockFile0ErrorCode
2025-09-17 15:36:58,694 [ERROR] LogOutputStream:75 - [STDERR_REDIRECT] WARNING: Could not lock System prefs. Unix error code 2.
2025-09-17 15:36:58,695 [ERROR] LogOutputStream:75 - [STDERR_REDIRECT] 
2025-09-17 15:36:58,695 [ERROR] LogOutputStream:75 - [STDERR_REDIRECT] Sep 17, 2025 3:36:58 PM java.util.prefs.FileSystemPreferences syncWorld
2025-09-17 15:36:58,695 [ERROR] LogOutputStream:75 - [STDERR_REDIRECT] WARNING: Couldn't flush system prefs: java.util.prefs.BackingStoreException: Couldn't get file lock.
2025-09-17 15:36:58,695 [ERROR] LogOutputStream:75 - [STDERR_REDIRECT] 
2025-09-17 15:37:28,694 [ERROR] LogOutputStream:75 - [STDERR_REDIRECT] Sep 17, 2025 3:37:28 PM java.util.prefs.FileSystemPreferences checkLockFile0ErrorCode
2025-09-17 15:37:28,695 [ERROR] LogOutputStream:75 - [STDERR_REDIRECT] WARNING: Could not lock System prefs. Unix error code 2.
2025-09-17 15:37:28,695 [ERROR] LogOutputStream:75 - [STDERR_REDIRECT] 
2025-09-17 15:37:28,695 [ERROR] LogOutputStream:75 - [STDERR_REDIRECT] Sep 17, 2025 3:37:28 PM java.util.prefs.FileSystemPreferences syncWorld
2025-09-17 15:37:28,695 [ERROR] LogOutputStream:75 - [STDERR_REDIRECT] WARNING: Couldn't flush system prefs: java.util.prefs.BackingStoreException: Couldn't get file lock.
2025-09-17 15:37:28,695 [ERROR] LogOutputStream:75 - [STDERR_REDIRECT] 
2025-09-17 15:37:58,695 [ERROR] LogOutputStream:75 - [STDERR_REDIRECT] Sep 17, 2025 3:37:58 PM java.util.prefs.FileSystemPreferences checkLockFile0ErrorCode
2025-09-17 15:37:58,695 [ERROR] LogOutputStream:75 - [STDERR_REDIRECT] WARNING: Could not lock System prefs. Unix error code 2.
2025-09-17 15:37:58,695 [ERROR] LogOutputStream:75 - [STDERR_REDIRECT] 
2025-09-17 15:37:58,695 [ERROR] LogOutputStream:75 - [STDERR_REDIRECT] Sep 17, 2025 3:37:58 PM java.util.prefs.FileSystemPreferences syncWorld
2025-09-17 15:37:58,695 [ERROR] LogOutputStream:75 - [STDERR_REDIRECT] WARNING: Couldn't flush system prefs: java.util.prefs.BackingStoreException: Couldn't get file lock.
2025-09-17 15:37:58,695 [ERROR] LogOutputStream:75 - [STDERR_REDIRECT] 
2025-09-17 15:38:28,695 [ERROR] LogOutputStream:75 - [STDERR_REDIRECT] Sep 17, 2025 3:38:28 PM java.util.prefs.FileSystemPreferences checkLockFile0ErrorCode
2025-09-17 15:38:28,695 [ERROR] LogOutputStream:75 - [STDERR_REDIRECT] WARNING: Could not lock System prefs. Unix error code 2.
2025-09-17 15:38:28,695 [ERROR] LogOutputStream:75 - [STDERR_REDIRECT] 
2025-09-17 15:38:28,696 [ERROR] LogOutputStream:75 - [STDERR_REDIRECT] Sep 17, 2025 3:38:28 PM java.util.prefs.FileSystemPreferences syncWorld
2025-09-17 15:38:28,696 [ERROR] LogOutputStream:75 - [STDERR_REDIRECT] WARNING: Couldn't flush system prefs: java.util.prefs.BackingStoreException: Couldn't get file lock.
2025-09-17 15:38:28,696 [ERROR] LogOutputStream:75 - [STDERR_REDIRECT] 
2025-09-17 15:38:58,695 [ERROR] LogOutputStream:75 - [STDERR_REDIRECT] Sep 17, 2025 3:38:58 PM java.util.prefs.FileSystemPreferences checkLockFile0ErrorCode
2025-09-17 15:38:58,695 [ERROR] LogOutputStream:75 - [STDERR_REDIRECT] WARNING: Could not lock System prefs. Unix error code 2.
2025-09-17 15:38:58,695 [ERROR] LogOutputStream:75 - [STDERR_REDIRECT] 
2025-09-17 15:38:58,695 [ERROR] LogOutputStream:75 - [STDERR_REDIRECT] Sep 17, 2025 3:38:58 PM java.util.prefs.FileSystemPreferences syncWorld
2025-09-17 15:38:58,695 [ERROR] LogOutputStream:75 - [STDERR_REDIRECT] WARNING: Couldn't flush system prefs: java.util.prefs.BackingStoreException: Couldn't get file lock.
2025-09-17 15:38:58,695 [ERROR] LogOutputStream:75 - [STDERR_REDIRECT] 
2025-09-17 15:39:28,695 [ERROR] LogOutputStream:75 - [STDERR_REDIRECT] Sep 17, 2025 3:39:28 PM java.util.prefs.FileSystemPreferences checkLockFile0ErrorCode
2025-09-17 15:39:28,695 [ERROR] LogOutputStream:75 - [STDERR_REDIRECT] WARNING: Could not lock System prefs. Unix error code 2.
2025-09-17 15:39:28,695 [ERROR] LogOutputStream:75 - [STDERR_REDIRECT] 
2025-09-17 15:39:28,695 [ERROR] LogOutputStream:75 - [STDERR_REDIRECT] Sep 17, 2025 3:39:28 PM java.util.prefs.FileSystemPreferences syncWorld
2025-09-17 15:39:28,695 [ERROR] LogOutputStream:75 - [STDERR_REDIRECT] WARNING: Couldn't flush system prefs: java.util.prefs.BackingStoreException: Couldn't get file lock.
2025-09-17 15:39:28,695 [ERROR] LogOutputStream:75 - [STDERR_REDIRECT] 
2025-09-17 17:22:22,862 [INFO] WebApp:194 - Connection lost
2025-09-17 17:22:30,638 [INFO] WebApp:191 - Connection restablished
2025-09-17 17:22:35,694 [ERROR] LogOutputStream:75 - [STDERR_REDIRECT] Sep 17, 2025 5:22:35 PM java.util.prefs.FileSystemPreferences checkLockFile0ErrorCode
2025-09-17 17:22:35,694 [ERROR] LogOutputStream:75 - [STDERR_REDIRECT] WARNING: Could not lock System prefs. Unix error code 2.
2025-09-17 17:22:35,694 [ERROR] LogOutputStream:75 - [STDERR_REDIRECT] 
2025-09-17 17:22:35,694 [ERROR] LogOutputStream:75 - [STDERR_REDIRECT] Sep 17, 2025 5:22:35 PM java.util.prefs.FileSystemPreferences syncWorld
2025-09-17 17:22:35,694 [ERROR] LogOutputStream:75 - [STDERR_REDIRECT] WARNING: Couldn't flush system prefs: java.util.prefs.BackingStoreException: Couldn't get file lock.
2025-09-17 17:22:35,694 [ERROR] LogOutputStream:75 - [STDERR_REDIRECT] 
2025-09-17 17:23:05,693 [ERROR] LogOutputStream:75 - [STDERR_REDIRECT] Sep 17, 2025 5:23:05 PM java.util.prefs.FileSystemPreferences checkLockFile0ErrorCode
2025-09-17 17:23:05,693 [ERROR] LogOutputStream:75 - [STDERR_REDIRECT] WARNING: Could not lock System prefs. Unix error code 2.
2025-09-17 17:23:05,693 [ERROR] LogOutputStream:75 - [STDERR_REDIRECT] 
2025-09-17 17:23:05,694 [ERROR] LogOutputStream:75 - [STDERR_REDIRECT] Sep 17, 2025 5:23:05 PM java.util.prefs.FileSystemPreferences syncWorld
2025-09-17 17:23:05,694 [ERROR] LogOutputStream:75 - [STDERR_REDIRECT] WARNING: Couldn't flush system prefs: java.util.prefs.BackingStoreException: Couldn't get file lock.
2025-09-17 17:23:05,694 [ERROR] LogOutputStream:75 - [STDERR_REDIRECT] 
2025-09-17 17:23:35,693 [ERROR] LogOutputStream:75 - [STDERR_REDIRECT] Sep 17, 2025 5:23:35 PM java.util.prefs.FileSystemPreferences checkLockFile0ErrorCode
2025-09-17 17:23:35,693 [ERROR] LogOutputStream:75 - [STDERR_REDIRECT] WARNING: Could not lock System prefs. Unix error code 2.
2025-09-17 17:23:35,693 [ERROR] LogOutputStream:75 - [STDERR_REDIRECT] 
2025-09-17 17:23:35,693 [ERROR] LogOutputStream:75 - [STDERR_REDIRECT] Sep 17, 2025 5:23:35 PM java.util.prefs.FileSystemPreferences syncWorld
2025-09-17 17:23:35,693 [ERROR] LogOutputStream:75 - [STDERR_REDIRECT] WARNING: Couldn't flush system prefs: java.util.prefs.BackingStoreException: Couldn't get file lock.
2025-09-17 17:23:35,693 [ERROR] LogOutputStream:75 - [STDERR_REDIRECT] 
2025-09-17 17:24:05,694 [ERROR] LogOutputStream:75 - [STDERR_REDIRECT] Sep 17, 2025 5:24:05 PM java.util.prefs.FileSystemPreferences checkLockFile0ErrorCode
2025-09-17 17:24:05,694 [ERROR] LogOutputStream:75 - [STDERR_REDIRECT] WARNING: Could not lock System prefs. Unix error code 2.
2025-09-17 17:24:05,694 [ERROR] LogOutputStream:75 - [STDERR_REDIRECT] 
2025-09-17 17:24:05,694 [ERROR] LogOutputStream:75 - [STDERR_REDIRECT] Sep 17, 2025 5:24:05 PM java.util.prefs.FileSystemPreferences syncWorld
2025-09-17 17:24:05,694 [ERROR] LogOutputStream:75 - [STDERR_REDIRECT] WARNING: Couldn't flush system prefs: java.util.prefs.BackingStoreException: Couldn't get file lock.
2025-09-17 17:24:05,694 [ERROR] LogOutputStream:75 - [STDERR_REDIRECT] 
2025-09-17 17:24:35,695 [ERROR] LogOutputStream:75 - [STDERR_REDIRECT] Sep 17, 2025 5:24:35 PM java.util.prefs.FileSystemPreferences checkLockFile0ErrorCode
2025-09-17 17:24:35,695 [ERROR] LogOutputStream:75 - [STDERR_REDIRECT] WARNING: Could not lock System prefs. Unix error code 2.
2025-09-17 17:24:35,695 [ERROR] LogOutputStream:75 - [STDERR_REDIRECT] 
2025-09-17 17:24:35,695 [ERROR] LogOutputStream:75 - [STDERR_REDIRECT] Sep 17, 2025 5:24:35 PM java.util.prefs.FileSystemPreferences syncWorld
2025-09-17 17:24:35,695 [ERROR] LogOutputStream:75 - [STDERR_REDIRECT] WARNING: Couldn't flush system prefs: java.util.prefs.BackingStoreException: Couldn't get file lock.
2025-09-17 17:24:35,695 [ERROR] LogOutputStream:75 - [STDERR_REDIRECT] 
2025-09-17 17:25:05,695 [ERROR] LogOutputStream:75 - [STDERR_REDIRECT] Sep 17, 2025 5:25:05 PM java.util.prefs.FileSystemPreferences checkLockFile0ErrorCode
2025-09-17 17:25:05,695 [ERROR] LogOutputStream:75 - [STDERR_REDIRECT] WARNING: Could not lock System prefs. Unix error code 2.
2025-09-17 17:25:05,695 [ERROR] LogOutputStream:75 - [STDERR_REDIRECT] 
2025-09-17 17:25:05,696 [ERROR] LogOutputStream:75 - [STDERR_REDIRECT] Sep 17, 2025 5:25:05 PM java.util.prefs.FileSystemPreferences syncWorld
2025-09-17 17:25:05,696 [ERROR] LogOutputStream:75 - [STDERR_REDIRECT] WARNING: Couldn't flush system prefs: java.util.prefs.BackingStoreException: Couldn't get file lock.
2025-09-17 17:25:05,696 [ERROR] LogOutputStream:75 - [STDERR_REDIRECT] 
2025-09-17 17:25:35,695 [ERROR] LogOutputStream:75 - [STDERR_REDIRECT] Sep 17, 2025 5:25:35 PM java.util.prefs.FileSystemPreferences checkLockFile0ErrorCode
2025-09-17 17:25:35,695 [ERROR] LogOutputStream:75 - [STDERR_REDIRECT] WARNING: Could not lock System prefs. Unix error code 2.
2025-09-17 17:25:35,695 [ERROR] LogOutputStream:75 - [STDERR_REDIRECT] 
2025-09-17 17:25:35,695 [ERROR] LogOutputStream:75 - [STDERR_REDIRECT] Sep 17, 2025 5:25:35 PM java.util.prefs.FileSystemPreferences syncWorld
2025-09-17 17:25:35,695 [ERROR] LogOutputStream:75 - [STDERR_REDIRECT] WARNING: Couldn't flush system prefs: java.util.prefs.BackingStoreException: Couldn't get file lock.
2025-09-17 17:25:35,695 [ERROR] LogOutputStream:75 - [STDERR_REDIRECT] 
2025-09-17 17:26:05,696 [ERROR] LogOutputStream:75 - [STDERR_REDIRECT] Sep 17, 2025 5:26:05 PM java.util.prefs.FileSystemPreferences checkLockFile0ErrorCode
2025-09-17 17:26:05,696 [ERROR] LogOutputStream:75 - [STDERR_REDIRECT] WARNING: Could not lock System prefs. Unix error code 2.
2025-09-17 17:26:05,696 [ERROR] LogOutputStream:75 - [STDERR_REDIRECT] 
2025-09-17 17:26:05,696 [ERROR] LogOutputStream:75 - [STDERR_REDIRECT] Sep 17, 2025 5:26:05 PM java.util.prefs.FileSystemPreferences syncWorld
2025-09-17 17:26:05,696 [ERROR] LogOutputStream:75 - [STDERR_REDIRECT] WARNING: Couldn't flush system prefs: java.util.prefs.BackingStoreException: Couldn't get file lock.
2025-09-17 17:26:05,696 [ERROR] LogOutputStream:75 - [STDERR_REDIRECT] 
2025-09-17 17:26:35,695 [ERROR] LogOutputStream:75 - [STDERR_REDIRECT] Sep 17, 2025 5:26:35 PM java.util.prefs.FileSystemPreferences checkLockFile0ErrorCode
2025-09-17 17:26:35,695 [ERROR] LogOutputStream:75 - [STDERR_REDIRECT] WARNING: Could not lock System prefs. Unix error code 2.
2025-09-17 17:26:35,695 [ERROR] LogOutputStream:75 - [STDERR_REDIRECT] 
2025-09-17 17:26:35,696 [ERROR] LogOutputStream:75 - [STDERR_REDIRECT] Sep 17, 2025 5:26:35 PM java.util.prefs.FileSystemPreferences syncWorld
2025-09-17 17:26:35,696 [ERROR] LogOutputStream:75 - [STDERR_REDIRECT] WARNING: Couldn't flush system prefs: java.util.prefs.BackingStoreException: Couldn't get file lock.
2025-09-17 17:26:35,696 [ERROR] LogOutputStream:75 - [STDERR_REDIRECT] 
2025-09-17 17:27:05,695 [ERROR] LogOutputStream:75 - [STDERR_REDIRECT] Sep 17, 2025 5:27:05 PM java.util.prefs.FileSystemPreferences checkLockFile0ErrorCode
2025-09-17 17:27:05,695 [ERROR] LogOutputStream:75 - [STDERR_REDIRECT] WARNING: Could not lock System prefs. Unix error code 2.
2025-09-17 17:27:05,695 [ERROR] LogOutputStream:75 - [STDERR_REDIRECT] 
2025-09-17 17:27:05,696 [ERROR] LogOutputStream:75 - [STDERR_REDIRECT] Sep 17, 2025 5:27:05 PM java.util.prefs.FileSystemPreferences syncWorld
2025-09-17 17:27:05,696 [ERROR] LogOutputStream:75 - [STDERR_REDIRECT] WARNING: Couldn't flush system prefs: java.util.prefs.BackingStoreException: Couldn't get file lock.
2025-09-17 17:27:05,696 [ERROR] LogOutputStream:75 - [STDERR_REDIRECT] 
2025-09-17 17:27:35,695 [ERROR] LogOutputStream:75 - [STDERR_REDIRECT] Sep 17, 2025 5:27:35 PM java.util.prefs.FileSystemPreferences checkLockFile0ErrorCode
2025-09-17 17:27:35,695 [ERROR] LogOutputStream:75 - [STDERR_REDIRECT] WARNING: Could not lock System prefs. Unix error code 2.
2025-09-17 17:27:35,695 [ERROR] LogOutputStream:75 - [STDERR_REDIRECT] 
2025-09-17 17:27:35,695 [ERROR] LogOutputStream:75 - [STDERR_REDIRECT] Sep 17, 2025 5:27:35 PM java.util.prefs.FileSystemPreferences syncWorld
2025-09-17 17:27:35,695 [ERROR] LogOutputStream:75 - [STDERR_REDIRECT] WARNING: Couldn't flush system prefs: java.util.prefs.BackingStoreException: Couldn't get file lock.
2025-09-17 17:27:35,695 [ERROR] LogOutputStream:75 - [STDERR_REDIRECT] 
2025-09-17 17:28:05,695 [ERROR] LogOutputStream:75 - [STDERR_REDIRECT] Sep 17, 2025 5:28:05 PM java.util.prefs.FileSystemPreferences checkLockFile0ErrorCode
2025-09-17 17:28:05,695 [ERROR] LogOutputStream:75 - [STDERR_REDIRECT] WARNING: Could not lock System prefs. Unix error code 2.
2025-09-17 17:28:05,695 [ERROR] LogOutputStream:75 - [STDERR_REDIRECT] 
2025-09-17 17:28:05,696 [ERROR] LogOutputStream:75 - [STDERR_REDIRECT] Sep 17, 2025 5:28:05 PM java.util.prefs.FileSystemPreferences syncWorld
2025-09-17 17:28:05,696 [ERROR] LogOutputStream:75 - [STDERR_REDIRECT] WARNING: Couldn't flush system prefs: java.util.prefs.BackingStoreException: Couldn't get file lock.
2025-09-17 17:28:05,696 [ERROR] LogOutputStream:75 - [STDERR_REDIRECT] 
2025-09-17 17:28:35,695 [ERROR] LogOutputStream:75 - [STDERR_REDIRECT] Sep 17, 2025 5:28:35 PM java.util.prefs.FileSystemPreferences checkLockFile0ErrorCode
2025-09-17 17:28:35,695 [ERROR] LogOutputStream:75 - [STDERR_REDIRECT] WARNING: Could not lock System prefs. Unix error code 2.
2025-09-17 17:28:35,695 [ERROR] LogOutputStream:75 - [STDERR_REDIRECT] 
2025-09-17 17:28:35,695 [ERROR] LogOutputStream:75 - [STDERR_REDIRECT] Sep 17, 2025 5:28:35 PM java.util.prefs.FileSystemPreferences syncWorld
2025-09-17 17:28:35,695 [ERROR] LogOutputStream:75 - [STDERR_REDIRECT] WARNING: Couldn't flush system prefs: java.util.prefs.BackingStoreException: Couldn't get file lock.
2025-09-17 17:28:35,695 [ERROR] LogOutputStream:75 - [STDERR_REDIRECT] 
2025-09-17 17:29:05,696 [ERROR] LogOutputStream:75 - [STDERR_REDIRECT] Sep 17, 2025 5:29:05 PM java.util.prefs.FileSystemPreferences checkLockFile0ErrorCode
2025-09-17 17:29:05,696 [ERROR] LogOutputStream:75 - [STDERR_REDIRECT] WARNING: Could not lock System prefs. Unix error code 2.
2025-09-17 17:29:05,696 [ERROR] LogOutputStream:75 - [STDERR_REDIRECT] 
2025-09-17 17:29:05,696 [ERROR] LogOutputStream:75 - [STDERR_REDIRECT] Sep 17, 2025 5:29:05 PM java.util.prefs.FileSystemPreferences syncWorld
2025-09-17 17:29:05,696 [ERROR] LogOutputStream:75 - [STDERR_REDIRECT] WARNING: Couldn't flush system prefs: java.util.prefs.BackingStoreException: Couldn't get file lock.
2025-09-17 17:29:05,696 [ERROR] LogOutputStream:75 - [STDERR_REDIRECT] 
2025-09-17 17:29:35,696 [ERROR] LogOutputStream:75 - [STDERR_REDIRECT] Sep 17, 2025 5:29:35 PM java.util.prefs.FileSystemPreferences checkLockFile0ErrorCode
2025-09-17 17:29:35,697 [ERROR] LogOutputStream:75 - [STDERR_REDIRECT] WARNING: Could not lock System prefs. Unix error code 2.
2025-09-17 17:29:35,697 [ERROR] LogOutputStream:75 - [STDERR_REDIRECT] 
2025-09-17 17:29:35,697 [ERROR] LogOutputStream:75 - [STDERR_REDIRECT] Sep 17, 2025 5:29:35 PM java.util.prefs.FileSystemPreferences syncWorld
2025-09-17 17:29:35,697 [ERROR] LogOutputStream:75 - [STDERR_REDIRECT] WARNING: Couldn't flush system prefs: java.util.prefs.BackingStoreException: Couldn't get file lock.
2025-09-17 17:29:35,697 [ERROR] LogOutputStream:75 - [STDERR_REDIRECT] 
2025-09-17 17:30:05,696 [ERROR] LogOutputStream:75 - [STDERR_REDIRECT] Sep 17, 2025 5:30:05 PM java.util.prefs.FileSystemPreferences checkLockFile0ErrorCode
2025-09-17 17:30:05,697 [ERROR] LogOutputStream:75 - [STDERR_REDIRECT] WARNING: Could not lock System prefs. Unix error code 2.
2025-09-17 17:30:05,697 [ERROR] LogOutputStream:75 - [STDERR_REDIRECT] 
2025-09-17 17:30:05,697 [ERROR] LogOutputStream:75 - [STDERR_REDIRECT] Sep 17, 2025 5:30:05 PM java.util.prefs.FileSystemPreferences syncWorld
2025-09-17 17:30:05,697 [ERROR] LogOutputStream:75 - [STDERR_REDIRECT] WARNING: Couldn't flush system prefs: java.util.prefs.BackingStoreException: Couldn't get file lock.
2025-09-17 17:30:05,697 [ERROR] LogOutputStream:75 - [STDERR_REDIRECT] 
2025-09-17 17:30:35,696 [ERROR] LogOutputStream:75 - [STDERR_REDIRECT] Sep 17, 2025 5:30:35 PM java.util.prefs.FileSystemPreferences checkLockFile0ErrorCode
2025-09-17 17:30:35,696 [ERROR] LogOutputStream:75 - [STDERR_REDIRECT] WARNING: Could not lock System prefs. Unix error code 2.
2025-09-17 17:30:35,696 [ERROR] LogOutputStream:75 - [STDERR_REDIRECT] 
2025-09-17 17:30:35,696 [ERROR] LogOutputStream:75 - [STDERR_REDIRECT] Sep 17, 2025 5:30:35 PM java.util.prefs.FileSystemPreferences syncWorld
2025-09-17 17:30:35,696 [ERROR] LogOutputStream:75 - [STDERR_REDIRECT] WARNING: Couldn't flush system prefs: java.util.prefs.BackingStoreException: Couldn't get file lock.
2025-09-17 17:30:35,696 [ERROR] LogOutputStream:75 - [STDERR_REDIRECT] 
2025-09-17 17:31:05,698 [ERROR] LogOutputStream:75 - [STDERR_REDIRECT] Sep 17, 2025 5:31:05 PM java.util.prefs.FileSystemPreferences checkLockFile0ErrorCode
2025-09-17 17:31:05,698 [ERROR] LogOutputStream:75 - [STDERR_REDIRECT] WARNING: Could not lock System prefs. Unix error code 2.
2025-09-17 17:31:05,698 [ERROR] LogOutputStream:75 - [STDERR_REDIRECT] 
2025-09-17 17:31:05,698 [ERROR] LogOutputStream:75 - [STDERR_REDIRECT] Sep 17, 2025 5:31:05 PM java.util.prefs.FileSystemPreferences syncWorld
2025-09-17 17:31:05,698 [ERROR] LogOutputStream:75 - [STDERR_REDIRECT] WARNING: Couldn't flush system prefs: java.util.prefs.BackingStoreException: Couldn't get file lock.
2025-09-17 17:31:05,699 [ERROR] LogOutputStream:75 - [STDERR_REDIRECT] 
2025-09-17 17:31:35,697 [ERROR] LogOutputStream:75 - [STDERR_REDIRECT] Sep 17, 2025 5:31:35 PM java.util.prefs.FileSystemPreferences checkLockFile0ErrorCode
2025-09-17 17:31:35,697 [ERROR] LogOutputStream:75 - [STDERR_REDIRECT] WARNING: Could not lock System prefs. Unix error code 2.
2025-09-17 17:31:35,697 [ERROR] LogOutputStream:75 - [STDERR_REDIRECT] 
2025-09-17 17:31:35,697 [ERROR] LogOutputStream:75 - [STDERR_REDIRECT] Sep 17, 2025 5:31:35 PM java.util.prefs.FileSystemPreferences syncWorld
2025-09-17 17:31:35,697 [ERROR] LogOutputStream:75 - [STDERR_REDIRECT] WARNING: Couldn't flush system prefs: java.util.prefs.BackingStoreException: Couldn't get file lock.
2025-09-17 17:31:35,697 [ERROR] LogOutputStream:75 - [STDERR_REDIRECT] 
2025-09-17 17:32:05,697 [ERROR] LogOutputStream:75 - [STDERR_REDIRECT] Sep 17, 2025 5:32:05 PM java.util.prefs.FileSystemPreferences checkLockFile0ErrorCode
2025-09-17 17:32:05,697 [ERROR] LogOutputStream:75 - [STDERR_REDIRECT] WARNING: Could not lock System prefs. Unix error code 2.
2025-09-17 17:32:05,698 [ERROR] LogOutputStream:75 - [STDERR_REDIRECT] 
2025-09-17 17:32:05,698 [ERROR] LogOutputStream:75 - [STDERR_REDIRECT] Sep 17, 2025 5:32:05 PM java.util.prefs.FileSystemPreferences syncWorld
2025-09-17 17:32:05,698 [ERROR] LogOutputStream:75 - [STDERR_REDIRECT] WARNING: Couldn't flush system prefs: java.util.prefs.BackingStoreException: Couldn't get file lock.
2025-09-17 17:32:05,698 [ERROR] LogOutputStream:75 - [STDERR_REDIRECT] 
2025-09-17 17:32:35,697 [ERROR] LogOutputStream:75 - [STDERR_REDIRECT] Sep 17, 2025 5:32:35 PM java.util.prefs.FileSystemPreferences checkLockFile0ErrorCode
2025-09-17 17:32:35,697 [ERROR] LogOutputStream:75 - [STDERR_REDIRECT] WARNING: Could not lock System prefs. Unix error code 2.
2025-09-17 17:32:35,697 [ERROR] LogOutputStream:75 - [STDERR_REDIRECT] 
2025-09-17 17:32:35,697 [ERROR] LogOutputStream:75 - [STDERR_REDIRECT] Sep 17, 2025 5:32:35 PM java.util.prefs.FileSystemPreferences syncWorld
2025-09-17 17:32:35,697 [ERROR] LogOutputStream:75 - [STDERR_REDIRECT] WARNING: Couldn't flush system prefs: java.util.prefs.BackingStoreException: Couldn't get file lock.
2025-09-17 17:32:35,698 [ERROR] LogOutputStream:75 - [STDERR_REDIRECT] 
2025-09-17 17:33:05,697 [ERROR] LogOutputStream:75 - [STDERR_REDIRECT] Sep 17, 2025 5:33:05 PM java.util.prefs.FileSystemPreferences checkLockFile0ErrorCode
2025-09-17 17:33:05,697 [ERROR] LogOutputStream:75 - [STDERR_REDIRECT] WARNING: Could not lock System prefs. Unix error code 2.
2025-09-17 17:33:05,697 [ERROR] LogOutputStream:75 - [STDERR_REDIRECT] 
2025-09-17 17:33:05,697 [ERROR] LogOutputStream:75 - [STDERR_REDIRECT] Sep 17, 2025 5:33:05 PM java.util.prefs.FileSystemPreferences syncWorld
2025-09-17 17:33:05,697 [ERROR] LogOutputStream:75 - [STDERR_REDIRECT] WARNING: Couldn't flush system prefs: java.util.prefs.BackingStoreException: Couldn't get file lock.
2025-09-17 17:33:05,697 [ERROR] LogOutputStream:75 - [STDERR_REDIRECT] 
2025-09-17 17:33:35,698 [ERROR] LogOutputStream:75 - [STDERR_REDIRECT] Sep 17, 2025 5:33:35 PM java.util.prefs.FileSystemPreferences checkLockFile0ErrorCode
2025-09-17 17:33:35,698 [ERROR] LogOutputStream:75 - [STDERR_REDIRECT] WARNING: Could not lock System prefs. Unix error code 2.
2025-09-17 17:33:35,698 [ERROR] LogOutputStream:75 - [STDERR_REDIRECT] 
2025-09-17 17:33:35,698 [ERROR] LogOutputStream:75 - [STDERR_REDIRECT] Sep 17, 2025 5:33:35 PM java.util.prefs.FileSystemPreferences syncWorld
2025-09-17 17:33:35,698 [ERROR] LogOutputStream:75 - [STDERR_REDIRECT] WARNING: Couldn't flush system prefs: java.util.prefs.BackingStoreException: Couldn't get file lock.
2025-09-17 17:33:35,698 [ERROR] LogOutputStream:75 - [STDERR_REDIRECT] 
2025-09-17 17:34:05,697 [ERROR] LogOutputStream:75 - [STDERR_REDIRECT] Sep 17, 2025 5:34:05 PM java.util.prefs.FileSystemPreferences checkLockFile0ErrorCode
2025-09-17 17:34:05,697 [ERROR] LogOutputStream:75 - [STDERR_REDIRECT] WARNING: Could not lock System prefs. Unix error code 2.
2025-09-17 17:34:05,697 [ERROR] LogOutputStream:75 - [STDERR_REDIRECT] 
2025-09-17 17:34:05,698 [ERROR] LogOutputStream:75 - [STDERR_REDIRECT] Sep 17, 2025 5:34:05 PM java.util.prefs.FileSystemPreferences syncWorld
2025-09-17 17:34:05,698 [ERROR] LogOutputStream:75 - [STDERR_REDIRECT] WARNING: Couldn't flush system prefs: java.util.prefs.BackingStoreException: Couldn't get file lock.
2025-09-17 17:34:05,698 [ERROR] LogOutputStream:75 - [STDERR_REDIRECT] 
2025-09-17 17:34:35,697 [ERROR] LogOutputStream:75 - [STDERR_REDIRECT] Sep 17, 2025 5:34:35 PM java.util.prefs.FileSystemPreferences checkLockFile0ErrorCode
2025-09-17 17:34:35,697 [ERROR] LogOutputStream:75 - [STDERR_REDIRECT] WARNING: Could not lock System prefs. Unix error code 2.
2025-09-17 17:34:35,697 [ERROR] LogOutputStream:75 - [STDERR_REDIRECT] 
2025-09-17 17:34:35,697 [ERROR] LogOutputStream:75 - [STDERR_REDIRECT] Sep 17, 2025 5:34:35 PM java.util.prefs.FileSystemPreferences syncWorld
2025-09-17 17:34:35,697 [ERROR] LogOutputStream:75 - [STDERR_REDIRECT] WARNING: Couldn't flush system prefs: java.util.prefs.BackingStoreException: Couldn't get file lock.
2025-09-17 17:34:35,697 [ERROR] LogOutputStream:75 - [STDERR_REDIRECT] 
2025-09-17 17:35:05,697 [ERROR] LogOutputStream:75 - [STDERR_REDIRECT] Sep 17, 2025 5:35:05 PM java.util.prefs.FileSystemPreferences checkLockFile0ErrorCode
2025-09-17 17:35:05,697 [ERROR] LogOutputStream:75 - [STDERR_REDIRECT] WARNING: Could not lock System prefs. Unix error code 2.
2025-09-17 17:35:05,697 [ERROR] LogOutputStream:75 - [STDERR_REDIRECT] 
2025-09-17 17:35:05,697 [ERROR] LogOutputStream:75 - [STDERR_REDIRECT] Sep 17, 2025 5:35:05 PM java.util.prefs.FileSystemPreferences syncWorld
2025-09-17 17:35:05,697 [ERROR] LogOutputStream:75 - [STDERR_REDIRECT] WARNING: Couldn't flush system prefs: java.util.prefs.BackingStoreException: Couldn't get file lock.
2025-09-17 17:35:05,697 [ERROR] LogOutputStream:75 - [STDERR_REDIRECT] 
2025-09-17 17:35:35,697 [ERROR] LogOutputStream:75 - [STDERR_REDIRECT] Sep 17, 2025 5:35:35 PM java.util.prefs.FileSystemPreferences checkLockFile0ErrorCode
2025-09-17 17:35:35,697 [ERROR] LogOutputStream:75 - [STDERR_REDIRECT] WARNING: Could not lock System prefs. Unix error code 2.
2025-09-17 17:35:35,697 [ERROR] LogOutputStream:75 - [STDERR_REDIRECT] 
2025-09-17 17:35:35,698 [ERROR] LogOutputStream:75 - [STDERR_REDIRECT] Sep 17, 2025 5:35:35 PM java.util.prefs.FileSystemPreferences syncWorld
2025-09-17 17:35:35,698 [ERROR] LogOutputStream:75 - [STDERR_REDIRECT] WARNING: Couldn't flush system prefs: java.util.prefs.BackingStoreException: Couldn't get file lock.
2025-09-17 17:35:35,698 [ERROR] LogOutputStream:75 - [STDERR_REDIRECT] 
2025-09-17 17:36:05,697 [ERROR] LogOutputStream:75 - [STDERR_REDIRECT] Sep 17, 2025 5:36:05 PM java.util.prefs.FileSystemPreferences checkLockFile0ErrorCode
2025-09-17 17:36:05,698 [ERROR] LogOutputStream:75 - [STDERR_REDIRECT] WARNING: Could not lock System prefs. Unix error code 2.
2025-09-17 17:36:05,698 [ERROR] LogOutputStream:75 - [STDERR_REDIRECT] 
2025-09-17 17:36:05,698 [ERROR] LogOutputStream:75 - [STDERR_REDIRECT] Sep 17, 2025 5:36:05 PM java.util.prefs.FileSystemPreferences syncWorld
2025-09-17 17:36:05,698 [ERROR] LogOutputStream:75 - [STDERR_REDIRECT] WARNING: Couldn't flush system prefs: java.util.prefs.BackingStoreException: Couldn't get file lock.
2025-09-17 17:36:05,698 [ERROR] LogOutputStream:75 - [STDERR_REDIRECT] 
2025-09-17 17:36:35,698 [ERROR] LogOutputStream:75 - [STDERR_REDIRECT] Sep 17, 2025 5:36:35 PM java.util.prefs.FileSystemPreferences checkLockFile0ErrorCode
2025-09-17 17:36:35,698 [ERROR] LogOutputStream:75 - [STDERR_REDIRECT] WARNING: Could not lock System prefs. Unix error code 2.
2025-09-17 17:36:35,698 [ERROR] LogOutputStream:75 - [STDERR_REDIRECT] 
2025-09-17 17:36:35,698 [ERROR] LogOutputStream:75 - [STDERR_REDIRECT] Sep 17, 2025 5:36:35 PM java.util.prefs.FileSystemPreferences syncWorld
2025-09-17 17:36:35,698 [ERROR] LogOutputStream:75 - [STDERR_REDIRECT] WARNING: Couldn't flush system prefs: java.util.prefs.BackingStoreException: Couldn't get file lock.
2025-09-17 17:36:35,698 [ERROR] LogOutputStream:75 - [STDERR_REDIRECT] 
2025-09-17 17:37:05,697 [ERROR] LogOutputStream:75 - [STDERR_REDIRECT] Sep 17, 2025 5:37:05 PM java.util.prefs.FileSystemPreferences checkLockFile0ErrorCode
2025-09-17 17:37:05,698 [ERROR] LogOutputStream:75 - [STDERR_REDIRECT] WARNING: Could not lock System prefs. Unix error code 2.
2025-09-17 17:37:05,698 [ERROR] LogOutputStream:75 - [STDERR_REDIRECT] 
2025-09-17 17:37:05,698 [ERROR] LogOutputStream:75 - [STDERR_REDIRECT] Sep 17, 2025 5:37:05 PM java.util.prefs.FileSystemPreferences syncWorld
2025-09-17 17:37:05,698 [ERROR] LogOutputStream:75 - [STDERR_REDIRECT] WARNING: Couldn't flush system prefs: java.util.prefs.BackingStoreException: Couldn't get file lock.
2025-09-17 17:37:05,698 [ERROR] LogOutputStream:75 - [STDERR_REDIRECT] 
2025-09-17 17:37:35,697 [ERROR] LogOutputStream:75 - [STDERR_REDIRECT] Sep 17, 2025 5:37:35 PM java.util.prefs.FileSystemPreferences checkLockFile0ErrorCode
2025-09-17 17:37:35,697 [ERROR] LogOutputStream:75 - [STDERR_REDIRECT] WARNING: Could not lock System prefs. Unix error code 2.
2025-09-17 17:37:35,697 [ERROR] LogOutputStream:75 - [STDERR_REDIRECT] 
2025-09-17 17:37:35,697 [ERROR] LogOutputStream:75 - [STDERR_REDIRECT] Sep 17, 2025 5:37:35 PM java.util.prefs.FileSystemPreferences syncWorld
2025-09-17 17:37:35,698 [ERROR] LogOutputStream:75 - [STDERR_REDIRECT] WARNING: Couldn't flush system prefs: java.util.prefs.BackingStoreException: Couldn't get file lock.
2025-09-17 17:37:35,698 [ERROR] LogOutputStream:75 - [STDERR_REDIRECT] 
2025-09-17 17:38:05,697 [ERROR] LogOutputStream:75 - [STDERR_REDIRECT] Sep 17, 2025 5:38:05 PM java.util.prefs.FileSystemPreferences checkLockFile0ErrorCode
2025-09-17 17:38:05,697 [ERROR] LogOutputStream:75 - [STDERR_REDIRECT] WARNING: Could not lock System prefs. Unix error code 2.
2025-09-17 17:38:05,697 [ERROR] LogOutputStream:75 - [STDERR_REDIRECT] 
2025-09-17 17:38:05,697 [ERROR] LogOutputStream:75 - [STDERR_REDIRECT] Sep 17, 2025 5:38:05 PM java.util.prefs.FileSystemPreferences syncWorld
2025-09-17 17:38:05,697 [ERROR] LogOutputStream:75 - [STDERR_REDIRECT] WARNING: Couldn't flush system prefs: java.util.prefs.BackingStoreException: Couldn't get file lock.
2025-09-17 17:38:05,697 [ERROR] LogOutputStream:75 - [STDERR_REDIRECT] 
2025-09-17 17:38:35,698 [ERROR] LogOutputStream:75 - [STDERR_REDIRECT] Sep 17, 2025 5:38:35 PM java.util.prefs.FileSystemPreferences checkLockFile0ErrorCode
2025-09-17 17:38:35,698 [ERROR] LogOutputStream:75 - [STDERR_REDIRECT] WARNING: Could not lock System prefs. Unix error code 2.
2025-09-17 17:38:35,698 [ERROR] LogOutputStream:75 - [STDERR_REDIRECT] 
2025-09-17 17:38:35,698 [ERROR] LogOutputStream:75 - [STDERR_REDIRECT] Sep 17, 2025 5:38:35 PM java.util.prefs.FileSystemPreferences syncWorld
2025-09-17 17:38:35,698 [ERROR] LogOutputStream:75 - [STDERR_REDIRECT] WARNING: Couldn't flush system prefs: java.util.prefs.BackingStoreException: Couldn't get file lock.
2025-09-17 17:38:35,698 [ERROR] LogOutputStream:75 - [STDERR_REDIRECT] 
2025-09-17 17:39:05,698 [ERROR] LogOutputStream:75 - [STDERR_REDIRECT] Sep 17, 2025 5:39:05 PM java.util.prefs.FileSystemPreferences checkLockFile0ErrorCode
2025-09-17 17:39:05,699 [ERROR] LogOutputStream:75 - [STDERR_REDIRECT] WARNING: Could not lock System prefs. Unix error code 2.
2025-09-17 17:39:05,699 [ERROR] LogOutputStream:75 - [STDERR_REDIRECT] 
2025-09-17 17:39:05,699 [ERROR] LogOutputStream:75 - [STDERR_REDIRECT] Sep 17, 2025 5:39:05 PM java.util.prefs.FileSystemPreferences syncWorld
2025-09-17 17:39:05,699 [ERROR] LogOutputStream:75 - [STDERR_REDIRECT] WARNING: Couldn't flush system prefs: java.util.prefs.BackingStoreException: Couldn't get file lock.
2025-09-17 17:39:05,699 [ERROR] LogOutputStream:75 - [STDERR_REDIRECT] 
2025-09-17 17:39:35,699 [ERROR] LogOutputStream:75 - [STDERR_REDIRECT] Sep 17, 2025 5:39:35 PM java.util.prefs.FileSystemPreferences checkLockFile0ErrorCode
2025-09-17 17:39:35,699 [ERROR] LogOutputStream:75 - [STDERR_REDIRECT] WARNING: Could not lock System prefs. Unix error code 2.
2025-09-17 17:39:35,699 [ERROR] LogOutputStream:75 - [STDERR_REDIRECT] 
2025-09-17 17:39:35,699 [ERROR] LogOutputStream:75 - [STDERR_REDIRECT] Sep 17, 2025 5:39:35 PM java.util.prefs.FileSystemPreferences syncWorld
2025-09-17 17:39:35,699 [ERROR] LogOutputStream:75 - [STDERR_REDIRECT] WARNING: Couldn't flush system prefs: java.util.prefs.BackingStoreException: Couldn't get file lock.
2025-09-17 17:39:35,699 [ERROR] LogOutputStream:75 - [STDERR_REDIRECT] 
2025-09-17 17:40:05,699 [ERROR] LogOutputStream:75 - [STDERR_REDIRECT] Sep 17, 2025 5:40:05 PM java.util.prefs.FileSystemPreferences checkLockFile0ErrorCode
2025-09-17 17:40:05,699 [ERROR] LogOutputStream:75 - [STDERR_REDIRECT] WARNING: Could not lock System prefs. Unix error code 2.
2025-09-17 17:40:05,699 [ERROR] LogOutputStream:75 - [STDERR_REDIRECT] 
2025-09-17 17:40:05,699 [ERROR] LogOutputStream:75 - [STDERR_REDIRECT] Sep 17, 2025 5:40:05 PM java.util.prefs.FileSystemPreferences syncWorld
2025-09-17 17:40:05,699 [ERROR] LogOutputStream:75 - [STDERR_REDIRECT] WARNING: Couldn't flush system prefs: java.util.prefs.BackingStoreException: Couldn't get file lock.
2025-09-17 17:40:05,699 [ERROR] LogOutputStream:75 - [STDERR_REDIRECT] 
2025-09-17 17:40:35,698 [ERROR] LogOutputStream:75 - [STDERR_REDIRECT] Sep 17, 2025 5:40:35 PM java.util.prefs.FileSystemPreferences checkLockFile0ErrorCode
2025-09-17 17:40:35,698 [ERROR] LogOutputStream:75 - [STDERR_REDIRECT] WARNING: Could not lock System prefs. Unix error code 2.
2025-09-17 17:40:35,699 [ERROR] LogOutputStream:75 - [STDERR_REDIRECT] 
2025-09-17 17:40:35,699 [ERROR] LogOutputStream:75 - [STDERR_REDIRECT] Sep 17, 2025 5:40:35 PM java.util.prefs.FileSystemPreferences syncWorld
2025-09-17 17:40:35,699 [ERROR] LogOutputStream:75 - [STDERR_REDIRECT] WARNING: Couldn't flush system prefs: java.util.prefs.BackingStoreException: Couldn't get file lock.
2025-09-17 17:40:35,699 [ERROR] LogOutputStream:75 - [STDERR_REDIRECT] 
2025-09-17 17:41:05,698 [ERROR] LogOutputStream:75 - [STDERR_REDIRECT] Sep 17, 2025 5:41:05 PM java.util.prefs.FileSystemPreferences checkLockFile0ErrorCode
2025-09-17 17:41:05,698 [ERROR] LogOutputStream:75 - [STDERR_REDIRECT] WARNING: Could not lock System prefs. Unix error code 2.
2025-09-17 17:41:05,698 [ERROR] LogOutputStream:75 - [STDERR_REDIRECT] 
2025-09-17 17:41:05,699 [ERROR] LogOutputStream:75 - [STDERR_REDIRECT] Sep 17, 2025 5:41:05 PM java.util.prefs.FileSystemPreferences syncWorld
2025-09-17 17:41:05,699 [ERROR] LogOutputStream:75 - [STDERR_REDIRECT] WARNING: Couldn't flush system prefs: java.util.prefs.BackingStoreException: Couldn't get file lock.
2025-09-17 17:41:05,699 [ERROR] LogOutputStream:75 - [STDERR_REDIRECT] 
2025-09-17 17:41:35,698 [ERROR] LogOutputStream:75 - [STDERR_REDIRECT] Sep 17, 2025 5:41:35 PM java.util.prefs.FileSystemPreferences checkLockFile0ErrorCode
2025-09-17 17:41:35,698 [ERROR] LogOutputStream:75 - [STDERR_REDIRECT] WARNING: Could not lock System prefs. Unix error code 2.
2025-09-17 17:41:35,698 [ERROR] LogOutputStream:75 - [STDERR_REDIRECT] 
2025-09-17 17:41:35,698 [ERROR] LogOutputStream:75 - [STDERR_REDIRECT] Sep 17, 2025 5:41:35 PM java.util.prefs.FileSystemPreferences syncWorld
2025-09-17 17:41:35,698 [ERROR] LogOutputStream:75 - [STDERR_REDIRECT] WARNING: Couldn't flush system prefs: java.util.prefs.BackingStoreException: Couldn't get file lock.
2025-09-17 17:41:35,699 [ERROR] LogOutputStream:75 - [STDERR_REDIRECT] 
2025-09-17 17:42:05,698 [ERROR] LogOutputStream:75 - [STDERR_REDIRECT] Sep 17, 2025 5:42:05 PM java.util.prefs.FileSystemPreferences checkLockFile0ErrorCode
2025-09-17 17:42:05,698 [ERROR] LogOutputStream:75 - [STDERR_REDIRECT] WARNING: Could not lock System prefs. Unix error code 2.
2025-09-17 17:42:05,698 [ERROR] LogOutputStream:75 - [STDERR_REDIRECT] 
2025-09-17 17:42:05,698 [ERROR] LogOutputStream:75 - [STDERR_REDIRECT] Sep 17, 2025 5:42:05 PM java.util.prefs.FileSystemPreferences syncWorld
2025-09-17 17:42:05,698 [ERROR] LogOutputStream:75 - [STDERR_REDIRECT] WARNING: Couldn't flush system prefs: java.util.prefs.BackingStoreException: Couldn't get file lock.
2025-09-17 17:42:05,698 [ERROR] LogOutputStream:75 - [STDERR_REDIRECT] 
2025-09-17 17:42:35,698 [ERROR] LogOutputStream:75 - [STDERR_REDIRECT] Sep 17, 2025 5:42:35 PM java.util.prefs.FileSystemPreferences checkLockFile0ErrorCode
2025-09-17 17:42:35,698 [ERROR] LogOutputStream:75 - [STDERR_REDIRECT] WARNING: Could not lock System prefs. Unix error code 2.
2025-09-17 17:42:35,698 [ERROR] LogOutputStream:75 - [STDERR_REDIRECT] 
2025-09-17 17:42:35,698 [ERROR] LogOutputStream:75 - [STDERR_REDIRECT] Sep 17, 2025 5:42:35 PM java.util.prefs.FileSystemPreferences syncWorld
2025-09-17 17:42:35,698 [ERROR] LogOutputStream:75 - [STDERR_REDIRECT] WARNING: Couldn't flush system prefs: java.util.prefs.BackingStoreException: Couldn't get file lock.
2025-09-17 17:42:35,698 [ERROR] LogOutputStream:75 - [STDERR_REDIRECT] 
2025-09-17 17:43:05,698 [ERROR] LogOutputStream:75 - [STDERR_REDIRECT] Sep 17, 2025 5:43:05 PM java.util.prefs.FileSystemPreferences checkLockFile0ErrorCode
2025-09-17 17:43:05,698 [ERROR] LogOutputStream:75 - [STDERR_REDIRECT] WARNING: Could not lock System prefs. Unix error code 2.
2025-09-17 17:43:05,698 [ERROR] LogOutputStream:75 - [STDERR_REDIRECT] 
2025-09-17 17:43:05,699 [ERROR] LogOutputStream:75 - [STDERR_REDIRECT] Sep 17, 2025 5:43:05 PM java.util.prefs.FileSystemPreferences syncWorld
2025-09-17 17:43:05,699 [ERROR] LogOutputStream:75 - [STDERR_REDIRECT] WARNING: Couldn't flush system prefs: java.util.prefs.BackingStoreException: Couldn't get file lock.
2025-09-17 17:43:05,699 [ERROR] LogOutputStream:75 - [STDERR_REDIRECT] 
2025-09-17 17:43:35,698 [ERROR] LogOutputStream:75 - [STDERR_REDIRECT] Sep 17, 2025 5:43:35 PM java.util.prefs.FileSystemPreferences checkLockFile0ErrorCode
2025-09-17 17:43:35,698 [ERROR] LogOutputStream:75 - [STDERR_REDIRECT] WARNING: Could not lock System prefs. Unix error code 2.
2025-09-17 17:43:35,698 [ERROR] LogOutputStream:75 - [STDERR_REDIRECT] 
2025-09-17 17:43:35,698 [ERROR] LogOutputStream:75 - [STDERR_REDIRECT] Sep 17, 2025 5:43:35 PM java.util.prefs.FileSystemPreferences syncWorld
2025-09-17 17:43:35,698 [ERROR] LogOutputStream:75 - [STDERR_REDIRECT] WARNING: Couldn't flush system prefs: java.util.prefs.BackingStoreException: Couldn't get file lock.
2025-09-17 17:43:35,698 [ERROR] LogOutputStream:75 - [STDERR_REDIRECT] 
2025-09-17 17:44:05,699 [ERROR] LogOutputStream:75 - [STDERR_REDIRECT] Sep 17, 2025 5:44:05 PM java.util.prefs.FileSystemPreferences checkLockFile0ErrorCode
2025-09-17 17:44:05,699 [ERROR] LogOutputStream:75 - [STDERR_REDIRECT] WARNING: Could not lock System prefs. Unix error code 2.
2025-09-17 17:44:05,699 [ERROR] LogOutputStream:75 - [STDERR_REDIRECT] 
2025-09-17 17:44:05,699 [ERROR] LogOutputStream:75 - [STDERR_REDIRECT] Sep 17, 2025 5:44:05 PM java.util.prefs.FileSystemPreferences syncWorld
2025-09-17 17:44:05,699 [ERROR] LogOutputStream:75 - [STDERR_REDIRECT] WARNING: Couldn't flush system prefs: java.util.prefs.BackingStoreException: Couldn't get file lock.
2025-09-17 17:44:05,699 [ERROR] LogOutputStream:75 - [STDERR_REDIRECT] 
2025-09-17 17:44:35,698 [ERROR] LogOutputStream:75 - [STDERR_REDIRECT] Sep 17, 2025 5:44:35 PM java.util.prefs.FileSystemPreferences checkLockFile0ErrorCode
2025-09-17 17:44:35,698 [ERROR] LogOutputStream:75 - [STDERR_REDIRECT] WARNING: Could not lock System prefs. Unix error code 2.
2025-09-17 17:44:35,699 [ERROR] LogOutputStream:75 - [STDERR_REDIRECT] 
2025-09-17 17:44:35,699 [ERROR] LogOutputStream:75 - [STDERR_REDIRECT] Sep 17, 2025 5:44:35 PM java.util.prefs.FileSystemPreferences syncWorld
2025-09-17 17:44:35,699 [ERROR] LogOutputStream:75 - [STDERR_REDIRECT] WARNING: Couldn't flush system prefs: java.util.prefs.BackingStoreException: Couldn't get file lock.
2025-09-17 17:44:35,699 [ERROR] LogOutputStream:75 - [STDERR_REDIRECT] 
2025-09-17 17:45:05,698 [ERROR] LogOutputStream:75 - [STDERR_REDIRECT] Sep 17, 2025 5:45:05 PM java.util.prefs.FileSystemPreferences checkLockFile0ErrorCode
2025-09-17 17:45:05,698 [ERROR] LogOutputStream:75 - [STDERR_REDIRECT] WARNING: Could not lock System prefs. Unix error code 2.
2025-09-17 17:45:05,698 [ERROR] LogOutputStream:75 - [STDERR_REDIRECT] 
2025-09-17 17:45:05,698 [ERROR] LogOutputStream:75 - [STDERR_REDIRECT] Sep 17, 2025 5:45:05 PM java.util.prefs.FileSystemPreferences syncWorld
2025-09-17 17:45:05,698 [ERROR] LogOutputStream:75 - [STDERR_REDIRECT] WARNING: Couldn't flush system prefs: java.util.prefs.BackingStoreException: Couldn't get file lock.
2025-09-17 17:45:05,698 [ERROR] LogOutputStream:75 - [STDERR_REDIRECT] 
2025-09-17 17:45:35,699 [ERROR] LogOutputStream:75 - [STDERR_REDIRECT] Sep 17, 2025 5:45:35 PM java.util.prefs.FileSystemPreferences checkLockFile0ErrorCode
2025-09-17 17:45:35,699 [ERROR] LogOutputStream:75 - [STDERR_REDIRECT] WARNING: Could not lock System prefs. Unix error code 2.
2025-09-17 17:45:35,699 [ERROR] LogOutputStream:75 - [STDERR_REDIRECT] 
2025-09-17 17:45:35,699 [ERROR] LogOutputStream:75 - [STDERR_REDIRECT] Sep 17, 2025 5:45:35 PM java.util.prefs.FileSystemPreferences syncWorld
2025-09-17 17:45:35,699 [ERROR] LogOutputStream:75 - [STDERR_REDIRECT] WARNING: Couldn't flush system prefs: java.util.prefs.BackingStoreException: Couldn't get file lock.
2025-09-17 17:45:35,699 [ERROR] LogOutputStream:75 - [STDERR_REDIRECT] 
2025-09-17 17:46:05,699 [ERROR] LogOutputStream:75 - [STDERR_REDIRECT] Sep 17, 2025 5:46:05 PM java.util.prefs.FileSystemPreferences checkLockFile0ErrorCode
2025-09-17 17:46:05,700 [ERROR] LogOutputStream:75 - [STDERR_REDIRECT] WARNING: Could not lock System prefs. Unix error code 2.
2025-09-17 17:46:05,700 [ERROR] LogOutputStream:75 - [STDERR_REDIRECT] 
2025-09-17 17:46:05,700 [ERROR] LogOutputStream:75 - [STDERR_REDIRECT] Sep 17, 2025 5:46:05 PM java.util.prefs.FileSystemPreferences syncWorld
2025-09-17 17:46:05,700 [ERROR] LogOutputStream:75 - [STDERR_REDIRECT] WARNING: Couldn't flush system prefs: java.util.prefs.BackingStoreException: Couldn't get file lock.
2025-09-17 17:46:05,700 [ERROR] LogOutputStream:75 - [STDERR_REDIRECT] 
2025-09-17 17:46:35,699 [ERROR] LogOutputStream:75 - [STDERR_REDIRECT] Sep 17, 2025 5:46:35 PM java.util.prefs.FileSystemPreferences checkLockFile0ErrorCode
2025-09-17 17:46:35,700 [ERROR] LogOutputStream:75 - [STDERR_REDIRECT] WARNING: Could not lock System prefs. Unix error code 2.
2025-09-17 17:46:35,700 [ERROR] LogOutputStream:75 - [STDERR_REDIRECT] 
2025-09-17 17:46:35,700 [ERROR] LogOutputStream:75 - [STDERR_REDIRECT] Sep 17, 2025 5:46:35 PM java.util.prefs.FileSystemPreferences syncWorld
2025-09-17 17:46:35,700 [ERROR] LogOutputStream:75 - [STDERR_REDIRECT] WARNING: Couldn't flush system prefs: java.util.prefs.BackingStoreException: Couldn't get file lock.
2025-09-17 17:46:35,700 [ERROR] LogOutputStream:75 - [STDERR_REDIRECT] 
2025-09-17 17:47:05,700 [ERROR] LogOutputStream:75 - [STDERR_REDIRECT] Sep 17, 2025 5:47:05 PM java.util.prefs.FileSystemPreferences checkLockFile0ErrorCode
2025-09-17 17:47:05,700 [ERROR] LogOutputStream:75 - [STDERR_REDIRECT] WARNING: Could not lock System prefs. Unix error code 2.
2025-09-17 17:47:05,700 [ERROR] LogOutputStream:75 - [STDERR_REDIRECT] 
2025-09-17 17:47:05,700 [ERROR] LogOutputStream:75 - [STDERR_REDIRECT] Sep 17, 2025 5:47:05 PM java.util.prefs.FileSystemPreferences syncWorld
2025-09-17 17:47:05,700 [ERROR] LogOutputStream:75 - [STDERR_REDIRECT] WARNING: Couldn't flush system prefs: java.util.prefs.BackingStoreException: Couldn't get file lock.
2025-09-17 17:47:05,700 [ERROR] LogOutputStream:75 - [STDERR_REDIRECT] 
2025-09-17 17:47:35,699 [ERROR] LogOutputStream:75 - [STDERR_REDIRECT] Sep 17, 2025 5:47:35 PM java.util.prefs.FileSystemPreferences checkLockFile0ErrorCode
2025-09-17 17:47:35,700 [ERROR] LogOutputStream:75 - [STDERR_REDIRECT] WARNING: Could not lock System prefs. Unix error code 2.
2025-09-17 17:47:35,700 [ERROR] LogOutputStream:75 - [STDERR_REDIRECT] 
2025-09-17 17:47:35,700 [ERROR] LogOutputStream:75 - [STDERR_REDIRECT] Sep 17, 2025 5:47:35 PM java.util.prefs.FileSystemPreferences syncWorld
2025-09-17 17:47:35,700 [ERROR] LogOutputStream:75 - [STDERR_REDIRECT] WARNING: Couldn't flush system prefs: java.util.prefs.BackingStoreException: Couldn't get file lock.
2025-09-17 17:47:35,700 [ERROR] LogOutputStream:75 - [STDERR_REDIRECT] 
2025-09-17 17:48:05,699 [ERROR] LogOutputStream:75 - [STDERR_REDIRECT] Sep 17, 2025 5:48:05 PM java.util.prefs.FileSystemPreferences checkLockFile0ErrorCode
2025-09-17 17:48:05,699 [ERROR] LogOutputStream:75 - [STDERR_REDIRECT] WARNING: Could not lock System prefs. Unix error code 2.
2025-09-17 17:48:05,699 [ERROR] LogOutputStream:75 - [STDERR_REDIRECT] 
2025-09-17 17:48:05,699 [ERROR] LogOutputStream:75 - [STDERR_REDIRECT] Sep 17, 2025 5:48:05 PM java.util.prefs.FileSystemPreferences syncWorld
2025-09-17 17:48:05,699 [ERROR] LogOutputStream:75 - [STDERR_REDIRECT] WARNING: Couldn't flush system prefs: java.util.prefs.BackingStoreException: Couldn't get file lock.
2025-09-17 17:48:05,699 [ERROR] LogOutputStream:75 - [STDERR_REDIRECT] 
2025-09-17 17:48:35,699 [ERROR] LogOutputStream:75 - [STDERR_REDIRECT] Sep 17, 2025 5:48:35 PM java.util.prefs.FileSystemPreferences checkLockFile0ErrorCode
2025-09-17 17:48:35,700 [ERROR] LogOutputStream:75 - [STDERR_REDIRECT] WARNING: Could not lock System prefs. Unix error code 2.
2025-09-17 17:48:35,700 [ERROR] LogOutputStream:75 - [STDERR_REDIRECT] 
2025-09-17 17:48:35,700 [ERROR] LogOutputStream:75 - [STDERR_REDIRECT] Sep 17, 2025 5:48:35 PM java.util.prefs.FileSystemPreferences syncWorld
2025-09-17 17:48:35,700 [ERROR] LogOutputStream:75 - [STDERR_REDIRECT] WARNING: Couldn't flush system prefs: java.util.prefs.BackingStoreException: Couldn't get file lock.
2025-09-17 17:48:35,700 [ERROR] LogOutputStream:75 - [STDERR_REDIRECT] 
2025-09-17 17:49:05,699 [ERROR] LogOutputStream:75 - [STDERR_REDIRECT] Sep 17, 2025 5:49:05 PM java.util.prefs.FileSystemPreferences checkLockFile0ErrorCode
2025-09-17 17:49:05,699 [ERROR] LogOutputStream:75 - [STDERR_REDIRECT] WARNING: Could not lock System prefs. Unix error code 2.
2025-09-17 17:49:05,699 [ERROR] LogOutputStream:75 - [STDERR_REDIRECT] 
2025-09-17 17:49:05,699 [ERROR] LogOutputStream:75 - [STDERR_REDIRECT] Sep 17, 2025 5:49:05 PM java.util.prefs.FileSystemPreferences syncWorld
2025-09-17 17:49:05,699 [ERROR] LogOutputStream:75 - [STDERR_REDIRECT] WARNING: Couldn't flush system prefs: java.util.prefs.BackingStoreException: Couldn't get file lock.
2025-09-17 17:49:05,699 [ERROR] LogOutputStream:75 - [STDERR_REDIRECT] 
2025-09-17 17:49:35,699 [ERROR] LogOutputStream:75 - [STDERR_REDIRECT] Sep 17, 2025 5:49:35 PM java.util.prefs.FileSystemPreferences checkLockFile0ErrorCode
2025-09-17 17:49:35,699 [ERROR] LogOutputStream:75 - [STDERR_REDIRECT] WARNING: Could not lock System prefs. Unix error code 2.
2025-09-17 17:49:35,699 [ERROR] LogOutputStream:75 - [STDERR_REDIRECT] 
2025-09-17 17:49:35,699 [ERROR] LogOutputStream:75 - [STDERR_REDIRECT] Sep 17, 2025 5:49:35 PM java.util.prefs.FileSystemPreferences syncWorld
2025-09-17 17:49:35,699 [ERROR] LogOutputStream:75 - [STDERR_REDIRECT] WARNING: Couldn't flush system prefs: java.util.prefs.BackingStoreException: Couldn't get file lock.
2025-09-17 17:49:35,699 [ERROR] LogOutputStream:75 - [STDERR_REDIRECT] 
2025-09-17 17:50:05,699 [ERROR] LogOutputStream:75 - [STDERR_REDIRECT] Sep 17, 2025 5:50:05 PM java.util.prefs.FileSystemPreferences checkLockFile0ErrorCode
2025-09-17 17:50:05,699 [ERROR] LogOutputStream:75 - [STDERR_REDIRECT] WARNING: Could not lock System prefs. Unix error code 2.
2025-09-17 17:50:05,699 [ERROR] LogOutputStream:75 - [STDERR_REDIRECT] 
2025-09-17 17:50:05,699 [ERROR] LogOutputStream:75 - [STDERR_REDIRECT] Sep 17, 2025 5:50:05 PM java.util.prefs.FileSystemPreferences syncWorld
2025-09-17 17:50:05,699 [ERROR] LogOutputStream:75 - [STDERR_REDIRECT] WARNING: Couldn't flush system prefs: java.util.prefs.BackingStoreException: Couldn't get file lock.
2025-09-17 17:50:05,699 [ERROR] LogOutputStream:75 - [STDERR_REDIRECT] 
2025-09-17 17:50:35,700 [ERROR] LogOutputStream:75 - [STDERR_REDIRECT] Sep 17, 2025 5:50:35 PM java.util.prefs.FileSystemPreferences checkLockFile0ErrorCode
2025-09-17 17:50:35,700 [ERROR] LogOutputStream:75 - [STDERR_REDIRECT] WARNING: Could not lock System prefs. Unix error code 2.
2025-09-17 17:50:35,700 [ERROR] LogOutputStream:75 - [STDERR_REDIRECT] 
2025-09-17 17:50:35,700 [ERROR] LogOutputStream:75 - [STDERR_REDIRECT] Sep 17, 2025 5:50:35 PM java.util.prefs.FileSystemPreferences syncWorld
2025-09-17 17:50:35,700 [ERROR] LogOutputStream:75 - [STDERR_REDIRECT] WARNING: Couldn't flush system prefs: java.util.prefs.BackingStoreException: Couldn't get file lock.
2025-09-17 17:50:35,700 [ERROR] LogOutputStream:75 - [STDERR_REDIRECT] 
2025-09-17 17:51:05,701 [ERROR] LogOutputStream:75 - [STDERR_REDIRECT] Sep 17, 2025 5:51:05 PM java.util.prefs.FileSystemPreferences checkLockFile0ErrorCode
2025-09-17 17:51:05,701 [ERROR] LogOutputStream:75 - [STDERR_REDIRECT] WARNING: Could not lock System prefs. Unix error code 2.
2025-09-17 17:51:05,701 [ERROR] LogOutputStream:75 - [STDERR_REDIRECT] 
2025-09-17 17:51:05,701 [ERROR] LogOutputStream:75 - [STDERR_REDIRECT] Sep 17, 2025 5:51:05 PM java.util.prefs.FileSystemPreferences syncWorld
2025-09-17 17:51:05,701 [ERROR] LogOutputStream:75 - [STDERR_REDIRECT] WARNING: Couldn't flush system prefs: java.util.prefs.BackingStoreException: Couldn't get file lock.
2025-09-17 17:51:05,701 [ERROR] LogOutputStream:75 - [STDERR_REDIRECT] 
2025-09-17 17:51:35,700 [ERROR] LogOutputStream:75 - [STDERR_REDIRECT] Sep 17, 2025 5:51:35 PM java.util.prefs.FileSystemPreferences checkLockFile0ErrorCode
2025-09-17 17:51:35,700 [ERROR] LogOutputStream:75 - [STDERR_REDIRECT] WARNING: Could not lock System prefs. Unix error code 2.
2025-09-17 17:51:35,701 [ERROR] LogOutputStream:75 - [STDERR_REDIRECT] 
2025-09-17 17:51:35,701 [ERROR] LogOutputStream:75 - [STDERR_REDIRECT] Sep 17, 2025 5:51:35 PM java.util.prefs.FileSystemPreferences syncWorld
2025-09-17 17:51:35,701 [ERROR] LogOutputStream:75 - [STDERR_REDIRECT] WARNING: Couldn't flush system prefs: java.util.prefs.BackingStoreException: Couldn't get file lock.
2025-09-17 17:51:35,701 [ERROR] LogOutputStream:75 - [STDERR_REDIRECT] 
2025-09-17 17:52:05,700 [ERROR] LogOutputStream:75 - [STDERR_REDIRECT] Sep 17, 2025 5:52:05 PM java.util.prefs.FileSystemPreferences checkLockFile0ErrorCode
2025-09-17 17:52:05,700 [ERROR] LogOutputStream:75 - [STDERR_REDIRECT] WARNING: Could not lock System prefs. Unix error code 2.
2025-09-17 17:52:05,700 [ERROR] LogOutputStream:75 - [STDERR_REDIRECT] 
2025-09-17 17:52:05,700 [ERROR] LogOutputStream:75 - [STDERR_REDIRECT] Sep 17, 2025 5:52:05 PM java.util.prefs.FileSystemPreferences syncWorld
2025-09-17 17:52:05,700 [ERROR] LogOutputStream:75 - [STDERR_REDIRECT] WARNING: Couldn't flush system prefs: java.util.prefs.BackingStoreException: Couldn't get file lock.
2025-09-17 17:52:05,700 [ERROR] LogOutputStream:75 - [STDERR_REDIRECT] 
2025-09-17 17:52:35,701 [ERROR] LogOutputStream:75 - [STDERR_REDIRECT] Sep 17, 2025 5:52:35 PM java.util.prefs.FileSystemPreferences checkLockFile0ErrorCode
2025-09-17 17:52:35,701 [ERROR] LogOutputStream:75 - [STDERR_REDIRECT] WARNING: Could not lock System prefs. Unix error code 2.
2025-09-17 17:52:35,701 [ERROR] LogOutputStream:75 - [STDERR_REDIRECT] 
2025-09-17 17:52:35,701 [ERROR] LogOutputStream:75 - [STDERR_REDIRECT] Sep 17, 2025 5:52:35 PM java.util.prefs.FileSystemPreferences syncWorld
2025-09-17 17:52:35,701 [ERROR] LogOutputStream:75 - [STDERR_REDIRECT] WARNING: Couldn't flush system prefs: java.util.prefs.BackingStoreException: Couldn't get file lock.
2025-09-17 17:52:35,701 [ERROR] LogOutputStream:75 - [STDERR_REDIRECT] 
2025-09-17 17:53:05,701 [ERROR] LogOutputStream:75 - [STDERR_REDIRECT] Sep 17, 2025 5:53:05 PM java.util.prefs.FileSystemPreferences checkLockFile0ErrorCode
2025-09-17 17:53:05,701 [ERROR] LogOutputStream:75 - [STDERR_REDIRECT] WARNING: Could not lock System prefs. Unix error code 2.
2025-09-17 17:53:05,701 [ERROR] LogOutputStream:75 - [STDERR_REDIRECT] 
2025-09-17 17:53:05,701 [ERROR] LogOutputStream:75 - [STDERR_REDIRECT] Sep 17, 2025 5:53:05 PM java.util.prefs.FileSystemPreferences syncWorld
2025-09-17 17:53:05,701 [ERROR] LogOutputStream:75 - [STDERR_REDIRECT] WARNING: Couldn't flush system prefs: java.util.prefs.BackingStoreException: Couldn't get file lock.
2025-09-17 17:53:05,701 [ERROR] LogOutputStream:75 - [STDERR_REDIRECT] 
2025-09-17 17:53:35,701 [ERROR] LogOutputStream:75 - [STDERR_REDIRECT] Sep 17, 2025 5:53:35 PM java.util.prefs.FileSystemPreferences checkLockFile0ErrorCode
2025-09-17 17:53:35,701 [ERROR] LogOutputStream:75 - [STDERR_REDIRECT] WARNING: Could not lock System prefs. Unix error code 2.
2025-09-17 17:53:35,701 [ERROR] LogOutputStream:75 - [STDERR_REDIRECT] 
2025-09-17 17:53:35,701 [ERROR] LogOutputStream:75 - [STDERR_REDIRECT] Sep 17, 2025 5:53:35 PM java.util.prefs.FileSystemPreferences syncWorld
2025-09-17 17:53:35,701 [ERROR] LogOutputStream:75 - [STDERR_REDIRECT] WARNING: Couldn't flush system prefs: java.util.prefs.BackingStoreException: Couldn't get file lock.
2025-09-17 17:53:35,702 [ERROR] LogOutputStream:75 - [STDERR_REDIRECT] 
2025-09-17 17:54:05,702 [ERROR] LogOutputStream:75 - [STDERR_REDIRECT] Sep 17, 2025 5:54:05 PM java.util.prefs.FileSystemPreferences checkLockFile0ErrorCode
2025-09-17 17:54:05,702 [ERROR] LogOutputStream:75 - [STDERR_REDIRECT] WARNING: Could not lock System prefs. Unix error code 2.
2025-09-17 17:54:05,702 [ERROR] LogOutputStream:75 - [STDERR_REDIRECT] 
2025-09-17 17:54:05,702 [ERROR] LogOutputStream:75 - [STDERR_REDIRECT] Sep 17, 2025 5:54:05 PM java.util.prefs.FileSystemPreferences syncWorld
2025-09-17 17:54:05,702 [ERROR] LogOutputStream:75 - [STDERR_REDIRECT] WARNING: Couldn't flush system prefs: java.util.prefs.BackingStoreException: Couldn't get file lock.
2025-09-17 17:54:05,702 [ERROR] LogOutputStream:75 - [STDERR_REDIRECT] 
2025-09-17 17:54:35,702 [ERROR] LogOutputStream:75 - [STDERR_REDIRECT] Sep 17, 2025 5:54:35 PM java.util.prefs.FileSystemPreferences checkLockFile0ErrorCode
2025-09-17 17:54:35,702 [ERROR] LogOutputStream:75 - [STDERR_REDIRECT] WARNING: Could not lock System prefs. Unix error code 2.
2025-09-17 17:54:35,702 [ERROR] LogOutputStream:75 - [STDERR_REDIRECT] 
2025-09-17 17:54:35,702 [ERROR] LogOutputStream:75 - [STDERR_REDIRECT] Sep 17, 2025 5:54:35 PM java.util.prefs.FileSystemPreferences syncWorld
2025-09-17 17:54:35,702 [ERROR] LogOutputStream:75 - [STDERR_REDIRECT] WARNING: Couldn't flush system prefs: java.util.prefs.BackingStoreException: Couldn't get file lock.
2025-09-17 17:54:35,702 [ERROR] LogOutputStream:75 - [STDERR_REDIRECT] 
2025-09-17 17:55:05,701 [ERROR] LogOutputStream:75 - [STDERR_REDIRECT] Sep 17, 2025 5:55:05 PM java.util.prefs.FileSystemPreferences checkLockFile0ErrorCode
2025-09-17 17:55:05,701 [ERROR] LogOutputStream:75 - [STDERR_REDIRECT] WARNING: Could not lock System prefs. Unix error code 2.
2025-09-17 17:55:05,701 [ERROR] LogOutputStream:75 - [STDERR_REDIRECT] 
2025-09-17 17:55:05,701 [ERROR] LogOutputStream:75 - [STDERR_REDIRECT] Sep 17, 2025 5:55:05 PM java.util.prefs.FileSystemPreferences syncWorld
2025-09-17 17:55:05,702 [ERROR] LogOutputStream:75 - [STDERR_REDIRECT] WARNING: Couldn't flush system prefs: java.util.prefs.BackingStoreException: Couldn't get file lock.
2025-09-17 17:55:05,702 [ERROR] LogOutputStream:75 - [STDERR_REDIRECT] 
2025-09-17 20:13:13,140 [INFO] WebApp:194 - Connection lost
2025-09-17 20:13:19,978 [INFO] WebApp:191 - Connection restablished
2025-09-17 20:13:30,589 [ERROR] LogOutputStream:75 - [STDERR_REDIRECT] Sep 17, 2025 8:13:30 PM java.util.prefs.FileSystemPreferences checkLockFile0ErrorCode
2025-09-17 20:13:30,589 [ERROR] LogOutputStream:75 - [STDERR_REDIRECT] WARNING: Could not lock System prefs. Unix error code 2.
2025-09-17 20:13:30,589 [ERROR] LogOutputStream:75 - [STDERR_REDIRECT] 
2025-09-17 20:13:30,589 [ERROR] LogOutputStream:75 - [STDERR_REDIRECT] Sep 17, 2025 8:13:30 PM java.util.prefs.FileSystemPreferences syncWorld
2025-09-17 20:13:30,589 [ERROR] LogOutputStream:75 - [STDERR_REDIRECT] WARNING: Couldn't flush system prefs: java.util.prefs.BackingStoreException: Couldn't get file lock.
2025-09-17 20:13:30,589 [ERROR] LogOutputStream:75 - [STDERR_REDIRECT] 
2025-09-17 20:14:00,589 [ERROR] LogOutputStream:75 - [STDERR_REDIRECT] Sep 17, 2025 8:14:00 PM java.util.prefs.FileSystemPreferences checkLockFile0ErrorCode
2025-09-17 20:14:00,589 [ERROR] LogOutputStream:75 - [STDERR_REDIRECT] WARNING: Could not lock System prefs. Unix error code 2.
2025-09-17 20:14:00,589 [ERROR] LogOutputStream:75 - [STDERR_REDIRECT] 
2025-09-17 20:14:00,589 [ERROR] LogOutputStream:75 - [STDERR_REDIRECT] Sep 17, 2025 8:14:00 PM java.util.prefs.FileSystemPreferences syncWorld
2025-09-17 20:14:00,589 [ERROR] LogOutputStream:75 - [STDERR_REDIRECT] WARNING: Couldn't flush system prefs: java.util.prefs.BackingStoreException: Couldn't get file lock.
2025-09-17 20:14:00,589 [ERROR] LogOutputStream:75 - [STDERR_REDIRECT] 
2025-09-17 20:14:30,588 [ERROR] LogOutputStream:75 - [STDERR_REDIRECT] Sep 17, 2025 8:14:30 PM java.util.prefs.FileSystemPreferences checkLockFile0ErrorCode
2025-09-17 20:14:30,588 [ERROR] LogOutputStream:75 - [STDERR_REDIRECT] WARNING: Could not lock System prefs. Unix error code 2.
2025-09-17 20:14:30,588 [ERROR] LogOutputStream:75 - [STDERR_REDIRECT] 
2025-09-17 20:14:30,589 [ERROR] LogOutputStream:75 - [STDERR_REDIRECT] Sep 17, 2025 8:14:30 PM java.util.prefs.FileSystemPreferences syncWorld
2025-09-17 20:14:30,589 [ERROR] LogOutputStream:75 - [STDERR_REDIRECT] WARNING: Couldn't flush system prefs: java.util.prefs.BackingStoreException: Couldn't get file lock.
2025-09-17 20:14:30,589 [ERROR] LogOutputStream:75 - [STDERR_REDIRECT] 
2025-09-17 20:15:00,588 [ERROR] LogOutputStream:75 - [STDERR_REDIRECT] Sep 17, 2025 8:15:00 PM java.util.prefs.FileSystemPreferences checkLockFile0ErrorCode
2025-09-17 20:15:00,588 [ERROR] LogOutputStream:75 - [STDERR_REDIRECT] WARNING: Could not lock System prefs. Unix error code 2.
2025-09-17 20:15:00,588 [ERROR] LogOutputStream:75 - [STDERR_REDIRECT] 
2025-09-17 20:15:00,588 [ERROR] LogOutputStream:75 - [STDERR_REDIRECT] Sep 17, 2025 8:15:00 PM java.util.prefs.FileSystemPreferences syncWorld
2025-09-17 20:15:00,588 [ERROR] LogOutputStream:75 - [STDERR_REDIRECT] WARNING: Couldn't flush system prefs: java.util.prefs.BackingStoreException: Couldn't get file lock.
2025-09-17 20:15:00,588 [ERROR] LogOutputStream:75 - [STDERR_REDIRECT] 
2025-09-17 20:15:30,588 [ERROR] LogOutputStream:75 - [STDERR_REDIRECT] Sep 17, 2025 8:15:30 PM java.util.prefs.FileSystemPreferences checkLockFile0ErrorCode
2025-09-17 20:15:30,588 [ERROR] LogOutputStream:75 - [STDERR_REDIRECT] WARNING: Could not lock System prefs. Unix error code 2.
2025-09-17 20:15:30,589 [ERROR] LogOutputStream:75 - [STDERR_REDIRECT] 
2025-09-17 20:15:30,589 [ERROR] LogOutputStream:75 - [STDERR_REDIRECT] Sep 17, 2025 8:15:30 PM java.util.prefs.FileSystemPreferences syncWorld
2025-09-17 20:15:30,589 [ERROR] LogOutputStream:75 - [STDERR_REDIRECT] WARNING: Couldn't flush system prefs: java.util.prefs.BackingStoreException: Couldn't get file lock.
2025-09-17 20:15:30,589 [ERROR] LogOutputStream:75 - [STDERR_REDIRECT] 
2025-09-17 20:16:00,588 [ERROR] LogOutputStream:75 - [STDERR_REDIRECT] Sep 17, 2025 8:16:00 PM java.util.prefs.FileSystemPreferences checkLockFile0ErrorCode
2025-09-17 20:16:00,588 [ERROR] LogOutputStream:75 - [STDERR_REDIRECT] WARNING: Could not lock System prefs. Unix error code 2.
2025-09-17 20:16:00,588 [ERROR] LogOutputStream:75 - [STDERR_REDIRECT] 
2025-09-17 20:16:00,588 [ERROR] LogOutputStream:75 - [STDERR_REDIRECT] Sep 17, 2025 8:16:00 PM java.util.prefs.FileSystemPreferences syncWorld
2025-09-17 20:16:00,588 [ERROR] LogOutputStream:75 - [STDERR_REDIRECT] WARNING: Couldn't flush system prefs: java.util.prefs.BackingStoreException: Couldn't get file lock.
2025-09-17 20:16:00,588 [ERROR] LogOutputStream:75 - [STDERR_REDIRECT] 
2025-09-17 20:16:30,589 [ERROR] LogOutputStream:75 - [STDERR_REDIRECT] Sep 17, 2025 8:16:30 PM java.util.prefs.FileSystemPreferences checkLockFile0ErrorCode
2025-09-17 20:16:30,589 [ERROR] LogOutputStream:75 - [STDERR_REDIRECT] WARNING: Could not lock System prefs. Unix error code 2.
2025-09-17 20:16:30,589 [ERROR] LogOutputStream:75 - [STDERR_REDIRECT] 
2025-09-17 20:16:30,590 [ERROR] LogOutputStream:75 - [STDERR_REDIRECT] Sep 17, 2025 8:16:30 PM java.util.prefs.FileSystemPreferences syncWorld
2025-09-17 20:16:30,590 [ERROR] LogOutputStream:75 - [STDERR_REDIRECT] WARNING: Couldn't flush system prefs: java.util.prefs.BackingStoreException: Couldn't get file lock.
2025-09-17 20:16:30,590 [ERROR] LogOutputStream:75 - [STDERR_REDIRECT] 
2025-09-17 20:17:00,588 [ERROR] LogOutputStream:75 - [STDERR_REDIRECT] Sep 17, 2025 8:17:00 PM java.util.prefs.FileSystemPreferences checkLockFile0ErrorCode
2025-09-17 20:17:00,588 [ERROR] LogOutputStream:75 - [STDERR_REDIRECT] WARNING: Could not lock System prefs. Unix error code 2.
2025-09-17 20:17:00,588 [ERROR] LogOutputStream:75 - [STDERR_REDIRECT] 
2025-09-17 20:17:00,588 [ERROR] LogOutputStream:75 - [STDERR_REDIRECT] Sep 17, 2025 8:17:00 PM java.util.prefs.FileSystemPreferences syncWorld
2025-09-17 20:17:00,588 [ERROR] LogOutputStream:75 - [STDERR_REDIRECT] WARNING: Couldn't flush system prefs: java.util.prefs.BackingStoreException: Couldn't get file lock.
2025-09-17 20:17:00,588 [ERROR] LogOutputStream:75 - [STDERR_REDIRECT] 
2025-09-17 20:17:30,589 [ERROR] LogOutputStream:75 - [STDERR_REDIRECT] Sep 17, 2025 8:17:30 PM java.util.prefs.FileSystemPreferences checkLockFile0ErrorCode
2025-09-17 20:17:30,589 [ERROR] LogOutputStream:75 - [STDERR_REDIRECT] WARNING: Could not lock System prefs. Unix error code 2.
2025-09-17 20:17:30,589 [ERROR] LogOutputStream:75 - [STDERR_REDIRECT] 
2025-09-17 20:17:30,589 [ERROR] LogOutputStream:75 - [STDERR_REDIRECT] Sep 17, 2025 8:17:30 PM java.util.prefs.FileSystemPreferences syncWorld
2025-09-17 20:17:30,589 [ERROR] LogOutputStream:75 - [STDERR_REDIRECT] WARNING: Couldn't flush system prefs: java.util.prefs.BackingStoreException: Couldn't get file lock.
2025-09-17 20:17:30,589 [ERROR] LogOutputStream:75 - [STDERR_REDIRECT] 
2025-09-17 20:18:00,589 [ERROR] LogOutputStream:75 - [STDERR_REDIRECT] Sep 17, 2025 8:18:00 PM java.util.prefs.FileSystemPreferences checkLockFile0ErrorCode
2025-09-17 20:18:00,589 [ERROR] LogOutputStream:75 - [STDERR_REDIRECT] WARNING: Could not lock System prefs. Unix error code 2.
2025-09-17 20:18:00,589 [ERROR] LogOutputStream:75 - [STDERR_REDIRECT] 
2025-09-17 20:18:00,589 [ERROR] LogOutputStream:75 - [STDERR_REDIRECT] Sep 17, 2025 8:18:00 PM java.util.prefs.FileSystemPreferences syncWorld
2025-09-17 20:18:00,589 [ERROR] LogOutputStream:75 - [STDERR_REDIRECT] WARNING: Couldn't flush system prefs: java.util.prefs.BackingStoreException: Couldn't get file lock.
2025-09-17 20:18:00,589 [ERROR] LogOutputStream:75 - [STDERR_REDIRECT] 
2025-09-17 20:18:30,588 [ERROR] LogOutputStream:75 - [STDERR_REDIRECT] Sep 17, 2025 8:18:30 PM java.util.prefs.FileSystemPreferences checkLockFile0ErrorCode
2025-09-17 20:18:30,588 [ERROR] LogOutputStream:75 - [STDERR_REDIRECT] WARNING: Could not lock System prefs. Unix error code 2.
2025-09-17 20:18:30,588 [ERROR] LogOutputStream:75 - [STDERR_REDIRECT] 
2025-09-17 20:18:30,588 [ERROR] LogOutputStream:75 - [STDERR_REDIRECT] Sep 17, 2025 8:18:30 PM java.util.prefs.FileSystemPreferences syncWorld
2025-09-17 20:18:30,589 [ERROR] LogOutputStream:75 - [STDERR_REDIRECT] WARNING: Couldn't flush system prefs: java.util.prefs.BackingStoreException: Couldn't get file lock.
2025-09-17 20:18:30,589 [ERROR] LogOutputStream:75 - [STDERR_REDIRECT] 
2025-09-17 20:19:00,588 [ERROR] LogOutputStream:75 - [STDERR_REDIRECT] Sep 17, 2025 8:19:00 PM java.util.prefs.FileSystemPreferences checkLockFile0ErrorCode
2025-09-17 20:19:00,588 [ERROR] LogOutputStream:75 - [STDERR_REDIRECT] WARNING: Could not lock System prefs. Unix error code 2.
2025-09-17 20:19:00,588 [ERROR] LogOutputStream:75 - [STDERR_REDIRECT] 
2025-09-17 20:19:00,588 [ERROR] LogOutputStream:75 - [STDERR_REDIRECT] Sep 17, 2025 8:19:00 PM java.util.prefs.FileSystemPreferences syncWorld
2025-09-17 20:19:00,588 [ERROR] LogOutputStream:75 - [STDERR_REDIRECT] WARNING: Couldn't flush system prefs: java.util.prefs.BackingStoreException: Couldn't get file lock.
2025-09-17 20:19:00,588 [ERROR] LogOutputStream:75 - [STDERR_REDIRECT] 
2025-09-17 20:19:30,588 [ERROR] LogOutputStream:75 - [STDERR_REDIRECT] Sep 17, 2025 8:19:30 PM java.util.prefs.FileSystemPreferences checkLockFile0ErrorCode
2025-09-17 20:19:30,588 [ERROR] LogOutputStream:75 - [STDERR_REDIRECT] WARNING: Could not lock System prefs. Unix error code 2.
2025-09-17 20:19:30,588 [ERROR] LogOutputStream:75 - [STDERR_REDIRECT] 
2025-09-17 20:19:30,589 [ERROR] LogOutputStream:75 - [STDERR_REDIRECT] Sep 17, 2025 8:19:30 PM java.util.prefs.FileSystemPreferences syncWorld
2025-09-17 20:19:30,589 [ERROR] LogOutputStream:75 - [STDERR_REDIRECT] WARNING: Couldn't flush system prefs: java.util.prefs.BackingStoreException: Couldn't get file lock.
2025-09-17 20:19:30,589 [ERROR] LogOutputStream:75 - [STDERR_REDIRECT] 
2025-09-17 20:20:00,588 [ERROR] LogOutputStream:75 - [STDERR_REDIRECT] Sep 17, 2025 8:20:00 PM java.util.prefs.FileSystemPreferences checkLockFile0ErrorCode
2025-09-17 20:20:00,588 [ERROR] LogOutputStream:75 - [STDERR_REDIRECT] WARNING: Could not lock System prefs. Unix error code 2.
2025-09-17 20:20:00,588 [ERROR] LogOutputStream:75 - [STDERR_REDIRECT] 
2025-09-17 20:20:00,588 [ERROR] LogOutputStream:75 - [STDERR_REDIRECT] Sep 17, 2025 8:20:00 PM java.util.prefs.FileSystemPreferences syncWorld
2025-09-17 20:20:00,588 [ERROR] LogOutputStream:75 - [STDERR_REDIRECT] WARNING: Couldn't flush system prefs: java.util.prefs.BackingStoreException: Couldn't get file lock.
2025-09-17 20:20:00,588 [ERROR] LogOutputStream:75 - [STDERR_REDIRECT] 
2025-09-17 20:20:30,589 [ERROR] LogOutputStream:75 - [STDERR_REDIRECT] Sep 17, 2025 8:20:30 PM java.util.prefs.FileSystemPreferences checkLockFile0ErrorCode
2025-09-17 20:20:30,589 [ERROR] LogOutputStream:75 - [STDERR_REDIRECT] WARNING: Could not lock System prefs. Unix error code 2.
2025-09-17 20:20:30,589 [ERROR] LogOutputStream:75 - [STDERR_REDIRECT] 
2025-09-17 20:20:30,589 [ERROR] LogOutputStream:75 - [STDERR_REDIRECT] Sep 17, 2025 8:20:30 PM java.util.prefs.FileSystemPreferences syncWorld
2025-09-17 20:20:30,589 [ERROR] LogOutputStream:75 - [STDERR_REDIRECT] WARNING: Couldn't flush system prefs: java.util.prefs.BackingStoreException: Couldn't get file lock.
2025-09-17 20:20:30,589 [ERROR] LogOutputStream:75 - [STDERR_REDIRECT] 
2025-09-17 20:21:00,589 [ERROR] LogOutputStream:75 - [STDERR_REDIRECT] Sep 17, 2025 8:21:00 PM java.util.prefs.FileSystemPreferences checkLockFile0ErrorCode
2025-09-17 20:21:00,590 [ERROR] LogOutputStream:75 - [STDERR_REDIRECT] WARNING: Could not lock System prefs. Unix error code 2.
2025-09-17 20:21:00,590 [ERROR] LogOutputStream:75 - [STDERR_REDIRECT] 
2025-09-17 20:21:00,590 [ERROR] LogOutputStream:75 - [STDERR_REDIRECT] Sep 17, 2025 8:21:00 PM java.util.prefs.FileSystemPreferences syncWorld
2025-09-17 20:21:00,590 [ERROR] LogOutputStream:75 - [STDERR_REDIRECT] WARNING: Couldn't flush system prefs: java.util.prefs.BackingStoreException: Couldn't get file lock.
2025-09-17 20:21:00,590 [ERROR] LogOutputStream:75 - [STDERR_REDIRECT] 
2025-09-17 20:21:21,959 [INFO] WebApp:194 - Connection lost
2025-09-17 20:21:28,838 [INFO] WebApp:191 - Connection restablished
2025-09-17 20:21:30,589 [ERROR] LogOutputStream:75 - [STDERR_REDIRECT] Sep 17, 2025 8:21:30 PM java.util.prefs.FileSystemPreferences checkLockFile0ErrorCode
2025-09-17 20:21:30,589 [ERROR] LogOutputStream:75 - [STDERR_REDIRECT] WARNING: Could not lock System prefs. Unix error code 2.
2025-09-17 20:21:30,589 [ERROR] LogOutputStream:75 - [STDERR_REDIRECT] 
2025-09-17 20:21:30,589 [ERROR] LogOutputStream:75 - [STDERR_REDIRECT] Sep 17, 2025 8:21:30 PM java.util.prefs.FileSystemPreferences syncWorld
2025-09-17 20:21:30,590 [ERROR] LogOutputStream:75 - [STDERR_REDIRECT] WARNING: Couldn't flush system prefs: java.util.prefs.BackingStoreException: Couldn't get file lock.
2025-09-17 20:21:30,590 [ERROR] LogOutputStream:75 - [STDERR_REDIRECT] 
2025-09-17 20:22:00,589 [ERROR] LogOutputStream:75 - [STDERR_REDIRECT] Sep 17, 2025 8:22:00 PM java.util.prefs.FileSystemPreferences checkLockFile0ErrorCode
2025-09-17 20:22:00,589 [ERROR] LogOutputStream:75 - [STDERR_REDIRECT] WARNING: Could not lock System prefs. Unix error code 2.
2025-09-17 20:22:00,589 [ERROR] LogOutputStream:75 - [STDERR_REDIRECT] 
2025-09-17 20:22:00,589 [ERROR] LogOutputStream:75 - [STDERR_REDIRECT] Sep 17, 2025 8:22:00 PM java.util.prefs.FileSystemPreferences syncWorld
2025-09-17 20:22:00,589 [ERROR] LogOutputStream:75 - [STDERR_REDIRECT] WARNING: Couldn't flush system prefs: java.util.prefs.BackingStoreException: Couldn't get file lock.
2025-09-17 20:22:00,589 [ERROR] LogOutputStream:75 - [STDERR_REDIRECT] 
2025-09-17 20:22:30,589 [ERROR] LogOutputStream:75 - [STDERR_REDIRECT] Sep 17, 2025 8:22:30 PM java.util.prefs.FileSystemPreferences checkLockFile0ErrorCode
2025-09-17 20:22:30,590 [ERROR] LogOutputStream:75 - [STDERR_REDIRECT] WARNING: Could not lock System prefs. Unix error code 2.
2025-09-17 20:22:30,590 [ERROR] LogOutputStream:75 - [STDERR_REDIRECT] 
2025-09-17 20:22:30,590 [ERROR] LogOutputStream:75 - [STDERR_REDIRECT] Sep 17, 2025 8:22:30 PM java.util.prefs.FileSystemPreferences syncWorld
2025-09-17 20:22:30,590 [ERROR] LogOutputStream:75 - [STDERR_REDIRECT] WARNING: Couldn't flush system prefs: java.util.prefs.BackingStoreException: Couldn't get file lock.
2025-09-17 20:22:30,590 [ERROR] LogOutputStream:75 - [STDERR_REDIRECT] 
2025-09-17 20:23:00,589 [ERROR] LogOutputStream:75 - [STDERR_REDIRECT] Sep 17, 2025 8:23:00 PM java.util.prefs.FileSystemPreferences checkLockFile0ErrorCode
2025-09-17 20:23:00,589 [ERROR] LogOutputStream:75 - [STDERR_REDIRECT] WARNING: Could not lock System prefs. Unix error code 2.
2025-09-17 20:23:00,589 [ERROR] LogOutputStream:75 - [STDERR_REDIRECT] 
2025-09-17 20:23:00,590 [ERROR] LogOutputStream:75 - [STDERR_REDIRECT] Sep 17, 2025 8:23:00 PM java.util.prefs.FileSystemPreferences syncWorld
2025-09-17 20:23:00,590 [ERROR] LogOutputStream:75 - [STDERR_REDIRECT] WARNING: Couldn't flush system prefs: java.util.prefs.BackingStoreException: Couldn't get file lock.
2025-09-17 20:23:00,590 [ERROR] LogOutputStream:75 - [STDERR_REDIRECT] 
2025-09-17 20:23:30,589 [ERROR] LogOutputStream:75 - [STDERR_REDIRECT] Sep 17, 2025 8:23:30 PM java.util.prefs.FileSystemPreferences checkLockFile0ErrorCode
2025-09-17 20:23:30,589 [ERROR] LogOutputStream:75 - [STDERR_REDIRECT] WARNING: Could not lock System prefs. Unix error code 2.
2025-09-17 20:23:30,589 [ERROR] LogOutputStream:75 - [STDERR_REDIRECT] 
2025-09-17 20:23:30,589 [ERROR] LogOutputStream:75 - [STDERR_REDIRECT] Sep 17, 2025 8:23:30 PM java.util.prefs.FileSystemPreferences syncWorld
2025-09-17 20:23:30,589 [ERROR] LogOutputStream:75 - [STDERR_REDIRECT] WARNING: Couldn't flush system prefs: java.util.prefs.BackingStoreException: Couldn't get file lock.
2025-09-17 20:23:30,589 [ERROR] LogOutputStream:75 - [STDERR_REDIRECT] 
2025-09-17 20:24:00,590 [ERROR] LogOutputStream:75 - [STDERR_REDIRECT] Sep 17, 2025 8:24:00 PM java.util.prefs.FileSystemPreferences checkLockFile0ErrorCode
2025-09-17 20:24:00,590 [ERROR] LogOutputStream:75 - [STDERR_REDIRECT] WARNING: Could not lock System prefs. Unix error code 2.
2025-09-17 20:24:00,590 [ERROR] LogOutputStream:75 - [STDERR_REDIRECT] 
2025-09-17 20:24:00,590 [ERROR] LogOutputStream:75 - [STDERR_REDIRECT] Sep 17, 2025 8:24:00 PM java.util.prefs.FileSystemPreferences syncWorld
2025-09-17 20:24:00,590 [ERROR] LogOutputStream:75 - [STDERR_REDIRECT] WARNING: Couldn't flush system prefs: java.util.prefs.BackingStoreException: Couldn't get file lock.
2025-09-17 20:24:00,590 [ERROR] LogOutputStream:75 - [STDERR_REDIRECT] 
2025-09-17 20:24:30,590 [ERROR] LogOutputStream:75 - [STDERR_REDIRECT] Sep 17, 2025 8:24:30 PM java.util.prefs.FileSystemPreferences checkLockFile0ErrorCode
2025-09-17 20:24:30,590 [ERROR] LogOutputStream:75 - [STDERR_REDIRECT] WARNING: Could not lock System prefs. Unix error code 2.
2025-09-17 20:24:30,590 [ERROR] LogOutputStream:75 - [STDERR_REDIRECT] 
2025-09-17 20:24:30,590 [ERROR] LogOutputStream:75 - [STDERR_REDIRECT] Sep 17, 2025 8:24:30 PM java.util.prefs.FileSystemPreferences syncWorld
2025-09-17 20:24:30,590 [ERROR] LogOutputStream:75 - [STDERR_REDIRECT] WARNING: Couldn't flush system prefs: java.util.prefs.BackingStoreException: Couldn't get file lock.
2025-09-17 20:24:30,590 [ERROR] LogOutputStream:75 - [STDERR_REDIRECT] 
2025-09-17 20:25:00,590 [ERROR] LogOutputStream:75 - [STDERR_REDIRECT] Sep 17, 2025 8:25:00 PM java.util.prefs.FileSystemPreferences checkLockFile0ErrorCode
2025-09-17 20:25:00,590 [ERROR] LogOutputStream:75 - [STDERR_REDIRECT] WARNING: Could not lock System prefs. Unix error code 2.
2025-09-17 20:25:00,590 [ERROR] LogOutputStream:75 - [STDERR_REDIRECT] 
2025-09-17 20:25:00,590 [ERROR] LogOutputStream:75 - [STDERR_REDIRECT] Sep 17, 2025 8:25:00 PM java.util.prefs.FileSystemPreferences syncWorld
2025-09-17 20:25:00,590 [ERROR] LogOutputStream:75 - [STDERR_REDIRECT] WARNING: Couldn't flush system prefs: java.util.prefs.BackingStoreException: Couldn't get file lock.
2025-09-17 20:25:00,590 [ERROR] LogOutputStream:75 - [STDERR_REDIRECT] 
2025-09-17 20:25:30,590 [ERROR] LogOutputStream:75 - [STDERR_REDIRECT] Sep 17, 2025 8:25:30 PM java.util.prefs.FileSystemPreferences checkLockFile0ErrorCode
2025-09-17 20:25:30,590 [ERROR] LogOutputStream:75 - [STDERR_REDIRECT] WARNING: Could not lock System prefs. Unix error code 2.
2025-09-17 20:25:30,590 [ERROR] LogOutputStream:75 - [STDERR_REDIRECT] 
2025-09-17 20:25:30,590 [ERROR] LogOutputStream:75 - [STDERR_REDIRECT] Sep 17, 2025 8:25:30 PM java.util.prefs.FileSystemPreferences syncWorld
2025-09-17 20:25:30,590 [ERROR] LogOutputStream:75 - [STDERR_REDIRECT] WARNING: Couldn't flush system prefs: java.util.prefs.BackingStoreException: Couldn't get file lock.
2025-09-17 20:25:30,590 [ERROR] LogOutputStream:75 - [STDERR_REDIRECT] 
2025-09-17 20:26:00,591 [ERROR] LogOutputStream:75 - [STDERR_REDIRECT] Sep 17, 2025 8:26:00 PM java.util.prefs.FileSystemPreferences checkLockFile0ErrorCode
2025-09-17 20:26:00,591 [ERROR] LogOutputStream:75 - [STDERR_REDIRECT] WARNING: Could not lock System prefs. Unix error code 2.
2025-09-17 20:26:00,591 [ERROR] LogOutputStream:75 - [STDERR_REDIRECT] 
2025-09-17 20:26:00,591 [ERROR] LogOutputStream:75 - [STDERR_REDIRECT] Sep 17, 2025 8:26:00 PM java.util.prefs.FileSystemPreferences syncWorld
2025-09-17 20:26:00,591 [ERROR] LogOutputStream:75 - [STDERR_REDIRECT] WARNING: Couldn't flush system prefs: java.util.prefs.BackingStoreException: Couldn't get file lock.
2025-09-17 20:26:00,591 [ERROR] LogOutputStream:75 - [STDERR_REDIRECT] 
2025-09-17 20:26:30,591 [ERROR] LogOutputStream:75 - [STDERR_REDIRECT] Sep 17, 2025 8:26:30 PM java.util.prefs.FileSystemPreferences checkLockFile0ErrorCode
2025-09-17 20:26:30,591 [ERROR] LogOutputStream:75 - [STDERR_REDIRECT] WARNING: Could not lock System prefs. Unix error code 2.
2025-09-17 20:26:30,591 [ERROR] LogOutputStream:75 - [STDERR_REDIRECT] 
2025-09-17 20:26:30,591 [ERROR] LogOutputStream:75 - [STDERR_REDIRECT] Sep 17, 2025 8:26:30 PM java.util.prefs.FileSystemPreferences syncWorld
2025-09-17 20:26:30,592 [ERROR] LogOutputStream:75 - [STDERR_REDIRECT] WARNING: Couldn't flush system prefs: java.util.prefs.BackingStoreException: Couldn't get file lock.
2025-09-17 20:26:30,592 [ERROR] LogOutputStream:75 - [STDERR_REDIRECT] 
2025-09-17 20:27:00,591 [ERROR] LogOutputStream:75 - [STDERR_REDIRECT] Sep 17, 2025 8:27:00 PM java.util.prefs.FileSystemPreferences checkLockFile0ErrorCode
2025-09-17 20:27:00,591 [ERROR] LogOutputStream:75 - [STDERR_REDIRECT] WARNING: Could not lock System prefs. Unix error code 2.
2025-09-17 20:27:00,591 [ERROR] LogOutputStream:75 - [STDERR_REDIRECT] 
2025-09-17 20:27:00,591 [ERROR] LogOutputStream:75 - [STDERR_REDIRECT] Sep 17, 2025 8:27:00 PM java.util.prefs.FileSystemPreferences syncWorld
2025-09-17 20:27:00,591 [ERROR] LogOutputStream:75 - [STDERR_REDIRECT] WARNING: Couldn't flush system prefs: java.util.prefs.BackingStoreException: Couldn't get file lock.
2025-09-17 20:27:00,591 [ERROR] LogOutputStream:75 - [STDERR_REDIRECT] 
2025-09-17 20:27:30,591 [ERROR] LogOutputStream:75 - [STDERR_REDIRECT] Sep 17, 2025 8:27:30 PM java.util.prefs.FileSystemPreferences checkLockFile0ErrorCode
2025-09-17 20:27:30,593 [ERROR] LogOutputStream:75 - [STDERR_REDIRECT] WARNING: Could not lock System prefs. Unix error code 2.
2025-09-17 20:27:30,593 [ERROR] LogOutputStream:75 - [STDERR_REDIRECT] 
2025-09-17 20:27:30,593 [ERROR] LogOutputStream:75 - [STDERR_REDIRECT] Sep 17, 2025 8:27:30 PM java.util.prefs.FileSystemPreferences syncWorld
2025-09-17 20:27:30,593 [ERROR] LogOutputStream:75 - [STDERR_REDIRECT] WARNING: Couldn't flush system prefs: java.util.prefs.BackingStoreException: Couldn't get file lock.
2025-09-17 20:27:30,594 [ERROR] LogOutputStream:75 - [STDERR_REDIRECT] 
2025-09-17 20:28:00,591 [ERROR] LogOutputStream:75 - [STDERR_REDIRECT] Sep 17, 2025 8:28:00 PM java.util.prefs.FileSystemPreferences checkLockFile0ErrorCode
2025-09-17 20:28:00,591 [ERROR] LogOutputStream:75 - [STDERR_REDIRECT] WARNING: Could not lock System prefs. Unix error code 2.
2025-09-17 20:28:00,591 [ERROR] LogOutputStream:75 - [STDERR_REDIRECT] 
2025-09-17 20:28:00,591 [ERROR] LogOutputStream:75 - [STDERR_REDIRECT] Sep 17, 2025 8:28:00 PM java.util.prefs.FileSystemPreferences syncWorld
2025-09-17 20:28:00,591 [ERROR] LogOutputStream:75 - [STDERR_REDIRECT] WARNING: Couldn't flush system prefs: java.util.prefs.BackingStoreException: Couldn't get file lock.
2025-09-17 20:28:00,591 [ERROR] LogOutputStream:75 - [STDERR_REDIRECT] 
2025-09-17 20:28:30,592 [ERROR] LogOutputStream:75 - [STDERR_REDIRECT] Sep 17, 2025 8:28:30 PM java.util.prefs.FileSystemPreferences checkLockFile0ErrorCode
2025-09-17 20:28:30,592 [ERROR] LogOutputStream:75 - [STDERR_REDIRECT] WARNING: Could not lock System prefs. Unix error code 2.
2025-09-17 20:28:30,592 [ERROR] LogOutputStream:75 - [STDERR_REDIRECT] 
2025-09-17 20:28:30,592 [ERROR] LogOutputStream:75 - [STDERR_REDIRECT] Sep 17, 2025 8:28:30 PM java.util.prefs.FileSystemPreferences syncWorld
2025-09-17 20:28:30,592 [ERROR] LogOutputStream:75 - [STDERR_REDIRECT] WARNING: Couldn't flush system prefs: java.util.prefs.BackingStoreException: Couldn't get file lock.
2025-09-17 20:28:30,592 [ERROR] LogOutputStream:75 - [STDERR_REDIRECT] 
2025-09-17 20:29:00,591 [ERROR] LogOutputStream:75 - [STDERR_REDIRECT] Sep 17, 2025 8:29:00 PM java.util.prefs.FileSystemPreferences checkLockFile0ErrorCode
2025-09-17 20:29:00,592 [ERROR] LogOutputStream:75 - [STDERR_REDIRECT] WARNING: Could not lock System prefs. Unix error code 2.
2025-09-17 20:29:00,592 [ERROR] LogOutputStream:75 - [STDERR_REDIRECT] 
2025-09-17 20:29:00,592 [ERROR] LogOutputStream:75 - [STDERR_REDIRECT] Sep 17, 2025 8:29:00 PM java.util.prefs.FileSystemPreferences syncWorld
2025-09-17 20:29:00,592 [ERROR] LogOutputStream:75 - [STDERR_REDIRECT] WARNING: Couldn't flush system prefs: java.util.prefs.BackingStoreException: Couldn't get file lock.
2025-09-17 20:29:00,592 [ERROR] LogOutputStream:75 - [STDERR_REDIRECT] 
2025-09-17 20:29:30,592 [ERROR] LogOutputStream:75 - [STDERR_REDIRECT] Sep 17, 2025 8:29:30 PM java.util.prefs.FileSystemPreferences checkLockFile0ErrorCode
2025-09-17 20:29:30,592 [ERROR] LogOutputStream:75 - [STDERR_REDIRECT] WARNING: Could not lock System prefs. Unix error code 2.
2025-09-17 20:29:30,592 [ERROR] LogOutputStream:75 - [STDERR_REDIRECT] 
2025-09-17 20:29:30,592 [ERROR] LogOutputStream:75 - [STDERR_REDIRECT] Sep 17, 2025 8:29:30 PM java.util.prefs.FileSystemPreferences syncWorld
2025-09-17 20:29:30,592 [ERROR] LogOutputStream:75 - [STDERR_REDIRECT] WARNING: Couldn't flush system prefs: java.util.prefs.BackingStoreException: Couldn't get file lock.
2025-09-17 20:29:30,592 [ERROR] LogOutputStream:75 - [STDERR_REDIRECT] 
2025-09-17 20:30:00,592 [ERROR] LogOutputStream:75 - [STDERR_REDIRECT] Sep 17, 2025 8:30:00 PM java.util.prefs.FileSystemPreferences checkLockFile0ErrorCode
2025-09-17 20:30:00,592 [ERROR] LogOutputStream:75 - [STDERR_REDIRECT] WARNING: Could not lock System prefs. Unix error code 2.
2025-09-17 20:30:00,592 [ERROR] LogOutputStream:75 - [STDERR_REDIRECT] 
2025-09-17 20:30:00,592 [ERROR] LogOutputStream:75 - [STDERR_REDIRECT] Sep 17, 2025 8:30:00 PM java.util.prefs.FileSystemPreferences syncWorld
2025-09-17 20:30:00,592 [ERROR] LogOutputStream:75 - [STDERR_REDIRECT] WARNING: Couldn't flush system prefs: java.util.prefs.BackingStoreException: Couldn't get file lock.
2025-09-17 20:30:00,592 [ERROR] LogOutputStream:75 - [STDERR_REDIRECT] 
2025-09-17 20:30:30,592 [ERROR] LogOutputStream:75 - [STDERR_REDIRECT] Sep 17, 2025 8:30:30 PM java.util.prefs.FileSystemPreferences checkLockFile0ErrorCode
2025-09-17 20:30:30,592 [ERROR] LogOutputStream:75 - [STDERR_REDIRECT] WARNING: Could not lock System prefs. Unix error code 2.
2025-09-17 20:30:30,592 [ERROR] LogOutputStream:75 - [STDERR_REDIRECT] 
2025-09-17 20:30:30,592 [ERROR] LogOutputStream:75 - [STDERR_REDIRECT] Sep 17, 2025 8:30:30 PM java.util.prefs.FileSystemPreferences syncWorld
2025-09-17 20:30:30,592 [ERROR] LogOutputStream:75 - [STDERR_REDIRECT] WARNING: Couldn't flush system prefs: java.util.prefs.BackingStoreException: Couldn't get file lock.
2025-09-17 20:30:30,592 [ERROR] LogOutputStream:75 - [STDERR_REDIRECT] 
2025-09-17 20:31:00,592 [ERROR] LogOutputStream:75 - [STDERR_REDIRECT] Sep 17, 2025 8:31:00 PM java.util.prefs.FileSystemPreferences checkLockFile0ErrorCode
2025-09-17 20:31:00,592 [ERROR] LogOutputStream:75 - [STDERR_REDIRECT] WARNING: Could not lock System prefs. Unix error code 2.
2025-09-17 20:31:00,592 [ERROR] LogOutputStream:75 - [STDERR_REDIRECT] 
2025-09-17 20:31:00,592 [ERROR] LogOutputStream:75 - [STDERR_REDIRECT] Sep 17, 2025 8:31:00 PM java.util.prefs.FileSystemPreferences syncWorld
2025-09-17 20:31:00,592 [ERROR] LogOutputStream:75 - [STDERR_REDIRECT] WARNING: Couldn't flush system prefs: java.util.prefs.BackingStoreException: Couldn't get file lock.
2025-09-17 20:31:00,592 [ERROR] LogOutputStream:75 - [STDERR_REDIRECT] 
2025-09-17 20:31:30,594 [ERROR] LogOutputStream:75 - [STDERR_REDIRECT] Sep 17, 2025 8:31:30 PM java.util.prefs.FileSystemPreferences checkLockFile0ErrorCode
2025-09-17 20:31:30,595 [ERROR] LogOutputStream:75 - [STDERR_REDIRECT] WARNING: Could not lock System prefs. Unix error code 2.
2025-09-17 20:31:30,595 [ERROR] LogOutputStream:75 - [STDERR_REDIRECT] 
2025-09-17 20:31:30,595 [ERROR] LogOutputStream:75 - [STDERR_REDIRECT] Sep 17, 2025 8:31:30 PM java.util.prefs.FileSystemPreferences syncWorld
2025-09-17 20:31:30,595 [ERROR] LogOutputStream:75 - [STDERR_REDIRECT] WARNING: Couldn't flush system prefs: java.util.prefs.BackingStoreException: Couldn't get file lock.
2025-09-17 20:31:30,595 [ERROR] LogOutputStream:75 - [STDERR_REDIRECT] 
2025-09-17 20:32:00,591 [ERROR] LogOutputStream:75 - [STDERR_REDIRECT] Sep 17, 2025 8:32:00 PM java.util.prefs.FileSystemPreferences checkLockFile0ErrorCode
2025-09-17 20:32:00,591 [ERROR] LogOutputStream:75 - [STDERR_REDIRECT] WARNING: Could not lock System prefs. Unix error code 2.
2025-09-17 20:32:00,592 [ERROR] LogOutputStream:75 - [STDERR_REDIRECT] 
2025-09-17 20:32:00,592 [ERROR] LogOutputStream:75 - [STDERR_REDIRECT] Sep 17, 2025 8:32:00 PM java.util.prefs.FileSystemPreferences syncWorld
2025-09-17 20:32:00,592 [ERROR] LogOutputStream:75 - [STDERR_REDIRECT] WARNING: Couldn't flush system prefs: java.util.prefs.BackingStoreException: Couldn't get file lock.
2025-09-17 20:32:00,592 [ERROR] LogOutputStream:75 - [STDERR_REDIRECT] 
2025-09-17 20:32:30,591 [ERROR] LogOutputStream:75 - [STDERR_REDIRECT] Sep 17, 2025 8:32:30 PM java.util.prefs.FileSystemPreferences checkLockFile0ErrorCode
2025-09-17 20:32:30,591 [ERROR] LogOutputStream:75 - [STDERR_REDIRECT] WARNING: Could not lock System prefs. Unix error code 2.
2025-09-17 20:32:30,591 [ERROR] LogOutputStream:75 - [STDERR_REDIRECT] 
2025-09-17 20:32:30,592 [ERROR] LogOutputStream:75 - [STDERR_REDIRECT] Sep 17, 2025 8:32:30 PM java.util.prefs.FileSystemPreferences syncWorld
2025-09-17 20:32:30,592 [ERROR] LogOutputStream:75 - [STDERR_REDIRECT] WARNING: Couldn't flush system prefs: java.util.prefs.BackingStoreException: Couldn't get file lock.
2025-09-17 20:32:30,592 [ERROR] LogOutputStream:75 - [STDERR_REDIRECT] 
2025-09-17 20:33:00,591 [ERROR] LogOutputStream:75 - [STDERR_REDIRECT] Sep 17, 2025 8:33:00 PM java.util.prefs.FileSystemPreferences checkLockFile0ErrorCode
2025-09-17 20:33:00,591 [ERROR] LogOutputStream:75 - [STDERR_REDIRECT] WARNING: Could not lock System prefs. Unix error code 2.
2025-09-17 20:33:00,591 [ERROR] LogOutputStream:75 - [STDERR_REDIRECT] 
2025-09-17 20:33:00,591 [ERROR] LogOutputStream:75 - [STDERR_REDIRECT] Sep 17, 2025 8:33:00 PM java.util.prefs.FileSystemPreferences syncWorld
2025-09-17 20:33:00,591 [ERROR] LogOutputStream:75 - [STDERR_REDIRECT] WARNING: Couldn't flush system prefs: java.util.prefs.BackingStoreException: Couldn't get file lock.
2025-09-17 20:33:00,591 [ERROR] LogOutputStream:75 - [STDERR_REDIRECT] 
2025-09-17 20:33:30,619 [ERROR] LogOutputStream:75 - [STDERR_REDIRECT] Sep 17, 2025 8:33:30 PM java.util.prefs.FileSystemPreferences checkLockFile0ErrorCode
2025-09-17 20:33:30,620 [ERROR] LogOutputStream:75 - [STDERR_REDIRECT] WARNING: Could not lock System prefs. Unix error code 2.
2025-09-17 20:33:30,620 [ERROR] LogOutputStream:75 - [STDERR_REDIRECT] 
2025-09-17 20:33:30,620 [ERROR] LogOutputStream:75 - [STDERR_REDIRECT] Sep 17, 2025 8:33:30 PM java.util.prefs.FileSystemPreferences syncWorld
2025-09-17 20:33:30,620 [ERROR] LogOutputStream:75 - [STDERR_REDIRECT] WARNING: Couldn't flush system prefs: java.util.prefs.BackingStoreException: Couldn't get file lock.
2025-09-17 20:33:30,620 [ERROR] LogOutputStream:75 - [STDERR_REDIRECT] 
2025-09-17 20:34:00,593 [ERROR] LogOutputStream:75 - [STDERR_REDIRECT] Sep 17, 2025 8:34:00 PM java.util.prefs.FileSystemPreferences checkLockFile0ErrorCode
2025-09-17 20:34:00,593 [ERROR] LogOutputStream:75 - [STDERR_REDIRECT] WARNING: Could not lock System prefs. Unix error code 2.
2025-09-17 20:34:00,593 [ERROR] LogOutputStream:75 - [STDERR_REDIRECT] 
2025-09-17 20:34:00,593 [ERROR] LogOutputStream:75 - [STDERR_REDIRECT] Sep 17, 2025 8:34:00 PM java.util.prefs.FileSystemPreferences syncWorld
2025-09-17 20:34:00,593 [ERROR] LogOutputStream:75 - [STDERR_REDIRECT] WARNING: Couldn't flush system prefs: java.util.prefs.BackingStoreException: Couldn't get file lock.
2025-09-17 20:34:00,593 [ERROR] LogOutputStream:75 - [STDERR_REDIRECT] 
2025-09-17 20:34:05,730 [ERROR] LogOutputStream:75 - [STDERR_REDIRECT] 
2025-09-17 20:35:23,364 [INFO] Activator:176 - 


2025-09-17 20:35:23,365 [INFO] Activator:177 - !SESSION log4j initialized
2025-09-17 20:35:26,321 [INFO] LogOutputStream:77 - [STDOUT_REDIRECT] 
2025-09-17 20:35:27,091 [INFO] ApplicationProperties:184 - Using Application install path: /opt/st/stm32cubeide_1.19.0/plugins/com.st.stm32cube.common.mx_6.15.0.202507011659
2025-09-17 20:35:27,108 [INFO] DbMcusXml:78 - Set database path to: /opt/st/stm32cubeide_1.19.0/plugins/com.st.stm32cube.common.mx_6.15.0.202507011659//db//mcu/
2025-09-17 20:35:27,108 [INFO] ApiDb:274 - Set plugin database path to: /opt/st/stm32cubeide_1.19.0/plugins/com.st.stm32cube.common.mx_6.15.0.202507011659//db//plugins/boardmanager/
2025-09-17 20:35:27,108 [WARN] ApiDb:259 - Overriding images path with different value:  => /opt/st/stm32cubeide_1.19.0/plugins/com.st.stm32cube.common.mx_6.15.0.202507011659//db//plugins/mcufinder/images/
2025-09-17 20:35:27,111 [INFO] ApiDb:250 - Set database path to: /home/matijak/.stmcufinder/plugins/mcufinder//mcu/
2025-09-17 20:35:27,113 [INFO] DbMcusAds:125 - Set database path to: /home/matijak/.stmcufinder/plugins/mcufinder//mcu/
2025-09-17 20:35:27,115 [INFO] CrossReferenceDbSqlite:203 - Set database path to: /home/matijak/.stmcufinder/plugins/mcufinder//mcu/cs/
2025-09-17 20:35:27,209 [INFO] RulesReader:64 - Compatibility file has been processed (317 Rules)
2025-09-17 20:35:27,259 [INFO] DbMcusXml:78 - Set database path to: /opt/st/stm32cubeide_1.19.0/plugins/com.st.stm32cube.common.mx_6.15.0.202507011659//db//mcu/
2025-09-17 20:35:27,260 [INFO] ApiDb:274 - Set plugin database path to: /opt/st/stm32cubeide_1.19.0/plugins/com.st.stm32cube.common.mx_6.15.0.202507011659//db//plugins/boardmanager/
2025-09-17 20:35:27,260 [INFO] ApiDb:261 - Set plugin images path to: /opt/st/stm32cubeide_1.19.0/plugins/com.st.stm32cube.common.mx_6.15.0.202507011659//db//plugins/mcufinder/images/
2025-09-17 20:35:27,260 [WARN] DbFile:41 - Overriding database path with different value: /home/matijak/.stmcufinder/plugins/mcufinder/ => /home/matijak/.stmcufinder/plugins/mcufinder
2025-09-17 20:35:27,260 [INFO] ApiDb:250 - Set database path to: /home/matijak/.stmcufinder/plugins/mcufinder//mcu/
2025-09-17 20:35:27,260 [WARN] DbFile:41 - Overriding database path with different value: /home/matijak/.stmcufinder/plugins/mcufinder/ => /home/matijak/.stmcufinder/plugins/mcufinder
2025-09-17 20:35:27,260 [INFO] DbMcusAds:125 - Set database path to: /home/matijak/.stmcufinder/plugins/mcufinder//mcu/
2025-09-17 20:35:27,261 [WARN] DbFile:41 - Overriding database path with different value: /home/matijak/.stmcufinder/plugins/mcufinder/ => /home/matijak/.stmcufinder/plugins/mcufinder
2025-09-17 20:35:27,261 [WARN] DbFile:41 - Overriding database path with different value: /home/matijak/.stmcufinder/plugins/mcufinder/ => /home/matijak/.stmcufinder/plugins/mcufinder
2025-09-17 20:35:27,261 [INFO] CrossReferenceDbSqlite:203 - Set database path to: /home/matijak/.stmcufinder/plugins/mcufinder//mcu/cs/
2025-09-17 20:35:27,312 [INFO] MainPanel:274 - HeapMemory: 268435456
2025-09-17 20:35:27,417 [INFO] DbMcusXml:78 - Set database path to: /opt/st/stm32cubeide_1.19.0/plugins/com.st.stm32cube.common.mx_6.15.0.202507011659//db//mcu/
2025-09-17 20:35:27,417 [INFO] ApiDb:274 - Set plugin database path to: /opt/st/stm32cubeide_1.19.0/plugins/com.st.stm32cube.common.mx_6.15.0.202507011659//db//plugins/boardmanager/
2025-09-17 20:35:27,417 [INFO] ApiDb:261 - Set plugin images path to: /opt/st/stm32cubeide_1.19.0/plugins/com.st.stm32cube.common.mx_6.15.0.202507011659//db//plugins/mcufinder/images/
2025-09-17 20:35:27,417 [WARN] DbFile:41 - Overriding database path with different value: /home/matijak/.stmcufinder/plugins/mcufinder/ => /home/matijak/.stmcufinder/plugins/mcufinder
2025-09-17 20:35:27,417 [INFO] ApiDb:250 - Set database path to: /home/matijak/.stmcufinder/plugins/mcufinder//mcu/
2025-09-17 20:35:27,417 [WARN] DbFile:41 - Overriding database path with different value: /home/matijak/.stmcufinder/plugins/mcufinder/ => /home/matijak/.stmcufinder/plugins/mcufinder
2025-09-17 20:35:27,417 [INFO] DbMcusAds:125 - Set database path to: /home/matijak/.stmcufinder/plugins/mcufinder//mcu/
2025-09-17 20:35:27,418 [WARN] DbFile:41 - Overriding database path with different value: /home/matijak/.stmcufinder/plugins/mcufinder/ => /home/matijak/.stmcufinder/plugins/mcufinder
2025-09-17 20:35:27,418 [WARN] DbFile:41 - Overriding database path with different value: /home/matijak/.stmcufinder/plugins/mcufinder/ => /home/matijak/.stmcufinder/plugins/mcufinder
2025-09-17 20:35:27,418 [INFO] CrossReferenceDbSqlite:203 - Set database path to: /home/matijak/.stmcufinder/plugins/mcufinder//mcu/cs/
2025-09-17 20:35:27,431 [INFO] ApplicationProperties:184 - Using Application install path: /opt/st/stm32cubeide_1.19.0/plugins/com.st.stm32cube.common.mx_6.15.0.202507011659
2025-09-17 20:35:27,433 [INFO] PluginManage:196 - Search for loadable plugins [exclusion list=, ]
2025-09-17 20:35:27,434 [INFO] PluginManage:310 - Check plugin analytics
2025-09-17 20:35:27,543 [INFO] AnalyticsPlugin:253 - Accepted Software Licenses: 
2025-09-17 20:35:27,543 [INFO] AnalyticsPlugin:255 - Accepted CMSIS Pack Licenses: 
2025-09-17 20:35:27,543 [INFO] AnalyticsPlugin:257 - Accepted Firmware Licenses: FW.L4.1.18.0,FW.G4.1.6.0
2025-09-17 20:35:27,545 [INFO] PluginManage:359 - Loaded plugin analytics (category:tool,tabindex:-1)
2025-09-17 20:35:27,545 [INFO] PluginManage:310 - Check plugin cadmodel
2025-09-17 20:35:27,548 [INFO] CADModel:105 - Init CAD model plugin
2025-09-17 20:35:27,548 [INFO] PluginManage:359 - Loaded plugin cadmodel (category:power,tabindex:5)
2025-09-17 20:35:27,548 [INFO] PluginManage:310 - Check plugin clock
2025-09-17 20:35:27,554 [INFO] PluginManage:359 - Loaded plugin clock (category:base,tabindex:2)
2025-09-17 20:35:27,554 [INFO] PluginManage:310 - Check plugin ddr
2025-09-17 20:35:27,556 [INFO] PluginManage:359 - Loaded plugin ddr (category:tool,tabindex:6)
2025-09-17 20:35:27,556 [INFO] PluginManage:310 - Check plugin filemanager
2025-09-17 20:35:27,664 [INFO] PluginManage:359 - Loaded plugin filemanager (category:base,tabindex:10)
2025-09-17 20:35:27,664 [INFO] PluginManage:310 - Check plugin ipmanager
2025-09-17 20:35:27,669 [INFO] PluginManage:359 - Loaded plugin ipmanager (category:base,tabindex:5)
2025-09-17 20:35:27,669 [INFO] PluginManage:310 - Check plugin lpbam
2025-09-17 20:35:27,676 [INFO] PluginManage:359 - Loaded plugin lpbam (category:base,tabindex:0)
2025-09-17 20:35:27,676 [INFO] PluginManage:310 - Check plugin memorymap
2025-09-17 20:35:27,685 [INFO] PluginManage:359 - Loaded plugin memorymap (category:base,tabindex:4)
2025-09-17 20:35:27,685 [INFO] PluginManage:310 - Check plugin pinoutandconfiguration
2025-09-17 20:35:27,690 [INFO] PluginManage:359 - Loaded plugin pinoutandconfiguration (category:base,tabindex:1)
2025-09-17 20:35:27,690 [INFO] PluginManage:310 - Check plugin pinoutconfig
2025-09-17 20:35:27,751 [WARN] SupportedApi:132 - Cannot load RTOS API schema: s4s-elt-must-match.1: The content of 'definitions' must match (annotation?, (simpleType | complexType)?, (unique | key | keyref)*)). A problem was found starting at: attribute.
2025-09-17 20:35:27,848 [INFO] PluginManage:359 - Loaded plugin pinoutconfig (category:base,tabindex:0)
2025-09-17 20:35:27,848 [INFO] PluginManage:310 - Check plugin power
2025-09-17 20:35:27,853 [INFO] PluginManage:359 - Loaded plugin power (category:power,tabindex:4)
2025-09-17 20:35:27,853 [INFO] PluginManage:310 - Check plugin projectmanager
2025-09-17 20:35:27,863 [INFO] PluginManage:359 - Loaded plugin projectmanager (category:projectmanager,tabindex:4)
2025-09-17 20:35:27,863 [INFO] PluginManage:310 - Check plugin rif
2025-09-17 20:35:27,870 [INFO] PluginManage:359 - Loaded plugin rif (category:base,tabindex:3)
2025-09-17 20:35:27,870 [INFO] PluginManage:310 - Check plugin thirdparty
2025-09-17 20:35:27,951 [INFO] PluginManage:359 - Loaded plugin thirdparty (category:base,tabindex:-1)
2025-09-17 20:35:27,951 [WARN] IntegrityCheckThread:84 - waiting for thirdparty lock release [integrity check]
2025-09-17 20:35:27,951 [INFO] PluginManage:310 - Check plugin tools
2025-09-17 20:35:27,951 [INFO] IntegrityCheckThread:86 - entering critical section [integrity check]
2025-09-17 20:35:27,951 [INFO] ThirdPartyUpdaterWithRetryManager:70 - Updater plugin not ready yet. [1/15]
2025-09-17 20:35:27,953 [INFO] PluginManage:359 - Loaded plugin tools (category:base,tabindex:7)
2025-09-17 20:35:27,953 [INFO] PluginManage:310 - Check plugin tutovideos
2025-09-17 20:35:28,126 [INFO] PluginManage:359 - Loaded plugin tutovideos (category:base,tabindex:-1)
2025-09-17 20:35:28,127 [INFO] PluginManage:310 - Check plugin updater
2025-09-17 20:35:28,146 [INFO] PluginManage:359 - Loaded plugin updater (category:base,tabindex:12)
2025-09-17 20:35:28,147 [INFO] PluginManage:310 - Check plugin userauth
2025-09-17 20:35:28,150 [INFO] UserAuth:118 - Init User Auth plugin
2025-09-17 20:35:28,151 [INFO] PluginManage:359 - Loaded plugin userauth (category:base,tabindex:14)
2025-09-17 20:35:28,152 [INFO] PluginManage:283 - PluginManage : Loaded plugins [18]
2025-09-17 20:35:28,290 [INFO] PinOutPanel:1589 - setPackage(No Configuration,No Configuration)
2025-09-17 20:35:28,343 [INFO] CADModel:165 - CPN selected for project level
2025-09-17 20:35:28,343 [INFO] CADModel:114 - Register for checkConnection events
2025-09-17 20:35:28,358 [INFO] IPUIPlugin:80 - create IPUIPlugin
2025-09-17 20:35:28,358 [INFO] PluginManager:220 - loadIPPluginJar : add adc
2025-09-17 20:35:28,360 [INFO] IPUIPlugin:80 - create IPUIPlugin
2025-09-17 20:35:28,360 [INFO] PluginManager:220 - loadIPPluginJar : add aes
2025-09-17 20:35:28,362 [INFO] IPUIPlugin:80 - create IPUIPlugin
2025-09-17 20:35:28,362 [INFO] PluginManager:220 - loadIPPluginJar : add can
2025-09-17 20:35:28,363 [INFO] IPUIPlugin:80 - create IPUIPlugin
2025-09-17 20:35:28,363 [INFO] PluginManager:220 - loadIPPluginJar : add comp
2025-09-17 20:35:28,365 [INFO] IPUIPlugin:80 - create IPUIPlugin
2025-09-17 20:35:28,365 [INFO] PluginManager:220 - loadIPPluginJar : add cryp
2025-09-17 20:35:28,367 [INFO] IPUIPlugin:80 - create IPUIPlugin
2025-09-17 20:35:28,367 [INFO] PluginManager:220 - loadIPPluginJar : add ddr_ctrl_phy
2025-09-17 20:35:28,369 [INFO] IPUIPlugin:80 - create IPUIPlugin
2025-09-17 20:35:28,369 [INFO] PluginManager:220 - loadIPPluginJar : add dfsdm
2025-09-17 20:35:28,373 [INFO] IPUIPlugin:80 - create IPUIPlugin
2025-09-17 20:35:28,373 [INFO] PluginManager:220 - loadIPPluginJar : add dma
2025-09-17 20:35:28,376 [INFO] IPUIPlugin:80 - create IPUIPlugin
2025-09-17 20:35:28,376 [INFO] PluginManager:220 - loadIPPluginJar : add dma3
2025-09-17 20:35:28,378 [INFO] IPUIPlugin:80 - create IPUIPlugin
2025-09-17 20:35:28,378 [INFO] PluginManager:220 - loadIPPluginJar : add extmemmanager
2025-09-17 20:35:28,379 [INFO] IPUIPlugin:80 - create IPUIPlugin
2025-09-17 20:35:28,379 [INFO] PluginManager:220 - loadIPPluginJar : add fatfs
2025-09-17 20:35:28,382 [INFO] IPUIPlugin:80 - create IPUIPlugin
2025-09-17 20:35:28,382 [INFO] PluginManager:220 - loadIPPluginJar : add fmc
2025-09-17 20:35:28,387 [INFO] IPUIPlugin:80 - create IPUIPlugin
2025-09-17 20:35:28,388 [INFO] PluginManager:220 - loadIPPluginJar : add freertos
2025-09-17 20:35:28,389 [INFO] IPUIPlugin:80 - create IPUIPlugin
2025-09-17 20:35:28,389 [INFO] PluginManager:220 - loadIPPluginJar : add genericplugin
2025-09-17 20:35:28,391 [INFO] IPUIPlugin:80 - create IPUIPlugin
2025-09-17 20:35:28,391 [INFO] PluginManager:220 - loadIPPluginJar : add gfxmmu
2025-09-17 20:35:28,395 [INFO] IPUIPlugin:80 - create IPUIPlugin
2025-09-17 20:35:28,395 [INFO] PluginManager:220 - loadIPPluginJar : add gic
2025-09-17 20:35:28,399 [INFO] IPUIPlugin:80 - create IPUIPlugin
2025-09-17 20:35:28,399 [INFO] PluginManager:220 - loadIPPluginJar : add gpio
2025-09-17 20:35:28,401 [INFO] IPUIPlugin:80 - create IPUIPlugin
2025-09-17 20:35:28,401 [INFO] PluginManager:220 - loadIPPluginJar : add gtzc
2025-09-17 20:35:28,402 [INFO] IPUIPlugin:80 - create IPUIPlugin
2025-09-17 20:35:28,402 [INFO] PluginManager:220 - loadIPPluginJar : add hash
2025-09-17 20:35:28,404 [INFO] IPUIPlugin:80 - create IPUIPlugin
2025-09-17 20:35:28,404 [INFO] PluginManager:220 - loadIPPluginJar : add i2c
2025-09-17 20:35:28,405 [INFO] IPUIPlugin:80 - create IPUIPlugin
2025-09-17 20:35:28,405 [INFO] PluginManager:220 - loadIPPluginJar : add i2s
2025-09-17 20:35:28,407 [INFO] IPUIPlugin:80 - create IPUIPlugin
2025-09-17 20:35:28,407 [INFO] PluginManager:220 - loadIPPluginJar : add i3c
2025-09-17 20:35:28,409 [INFO] IPUIPlugin:80 - create IPUIPlugin
2025-09-17 20:35:28,409 [INFO] PluginManager:220 - loadIPPluginJar : add ipddr
2025-09-17 20:35:28,414 [INFO] IPUIPlugin:80 - create IPUIPlugin
2025-09-17 20:35:28,415 [INFO] PluginManager:220 - loadIPPluginJar : add linkedlist
2025-09-17 20:35:28,417 [INFO] IPUIPlugin:80 - create IPUIPlugin
2025-09-17 20:35:28,417 [INFO] PluginManager:220 - loadIPPluginJar : add lorawan
2025-09-17 20:35:28,417 [INFO] IPUIPlugin:80 - create IPUIPlugin
2025-09-17 20:35:28,417 [INFO] PluginManager:220 - loadIPPluginJar : add ltdc
2025-09-17 20:35:28,421 [INFO] IPUIPlugin:80 - create IPUIPlugin
2025-09-17 20:35:28,421 [INFO] PluginManager:220 - loadIPPluginJar : add mdma
2025-09-17 20:35:28,423 [INFO] IPUIPlugin:80 - create IPUIPlugin
2025-09-17 20:35:28,423 [INFO] PluginManager:220 - loadIPPluginJar : add nvic
2025-09-17 20:35:28,425 [INFO] IPUIPlugin:80 - create IPUIPlugin
2025-09-17 20:35:28,425 [INFO] PluginManager:220 - loadIPPluginJar : add opamp
2025-09-17 20:35:28,426 [INFO] IPUIPlugin:80 - create IPUIPlugin
2025-09-17 20:35:28,426 [INFO] PluginManager:220 - loadIPPluginJar : add openamp
2025-09-17 20:35:28,428 [INFO] IPUIPlugin:80 - create IPUIPlugin
2025-09-17 20:35:28,428 [INFO] PluginManager:220 - loadIPPluginJar : add pdm2pcm
2025-09-17 20:35:28,432 [INFO] IPUIPlugin:80 - create IPUIPlugin
2025-09-17 20:35:28,434 [INFO] PluginManager:220 - loadIPPluginJar : add plateformsettings
2025-09-17 20:35:28,435 [INFO] IPUIPlugin:80 - create IPUIPlugin
2025-09-17 20:35:28,435 [INFO] PluginManager:220 - loadIPPluginJar : add quadspi
2025-09-17 20:35:28,436 [INFO] IPUIPlugin:80 - create IPUIPlugin
2025-09-17 20:35:28,436 [INFO] PluginManager:220 - loadIPPluginJar : add radio
2025-09-17 20:35:28,437 [INFO] IPUIPlugin:80 - create IPUIPlugin
2025-09-17 20:35:28,437 [INFO] PluginManager:220 - loadIPPluginJar : add resmgrutility
2025-09-17 20:35:28,439 [INFO] IPUIPlugin:80 - create IPUIPlugin
2025-09-17 20:35:28,440 [INFO] PluginManager:220 - loadIPPluginJar : add sai
2025-09-17 20:35:28,441 [INFO] IPUIPlugin:80 - create IPUIPlugin
2025-09-17 20:35:28,441 [INFO] PluginManager:220 - loadIPPluginJar : add spi
2025-09-17 20:35:28,445 [INFO] IPUIPlugin:80 - create IPUIPlugin
2025-09-17 20:35:28,445 [INFO] PluginManager:220 - loadIPPluginJar : add stm32_wpan
2025-09-17 20:35:28,446 [INFO] IPUIPlugin:80 - create IPUIPlugin
2025-09-17 20:35:28,446 [INFO] PluginManager:220 - loadIPPluginJar : add tim
2025-09-17 20:35:28,447 [INFO] IPUIPlugin:80 - create IPUIPlugin
2025-09-17 20:35:28,447 [INFO] PluginManager:220 - loadIPPluginJar : add touchsensing
2025-09-17 20:35:28,448 [INFO] IPUIPlugin:80 - create IPUIPlugin
2025-09-17 20:35:28,448 [INFO] PluginManager:220 - loadIPPluginJar : add tracer_emb
2025-09-17 20:35:28,449 [INFO] IPUIPlugin:80 - create IPUIPlugin
2025-09-17 20:35:28,449 [INFO] PluginManager:220 - loadIPPluginJar : add ts
2025-09-17 20:35:28,450 [INFO] IPUIPlugin:80 - create IPUIPlugin
2025-09-17 20:35:28,450 [INFO] PluginManager:220 - loadIPPluginJar : add tsc
2025-09-17 20:35:28,451 [INFO] IPUIPlugin:80 - create IPUIPlugin
2025-09-17 20:35:28,451 [INFO] PluginManager:220 - loadIPPluginJar : add ucpd
2025-09-17 20:35:28,452 [INFO] IPUIPlugin:80 - create IPUIPlugin
2025-09-17 20:35:28,452 [INFO] PluginManager:220 - loadIPPluginJar : add usart
2025-09-17 20:35:28,454 [INFO] IPUIPlugin:80 - create IPUIPlugin
2025-09-17 20:35:28,454 [INFO] PluginManager:220 - loadIPPluginJar : add usbx
2025-09-17 20:35:28,545 [FATAL] Updater:351 - Updater called before beeing initialized
2025-09-17 20:35:28,561 [INFO] RulesReader:64 - Compatibility file has been processed (317 Rules)
2025-09-17 20:35:28,570 [INFO] RulesReader:64 - Compatibility file has been processed (317 Rules)
2025-09-17 20:35:28,578 [INFO] CADModel:165 - CPN selected for project level
2025-09-17 20:35:28,578 [INFO] CADModel:114 - Register for checkConnection events
2025-09-17 20:35:28,579 [FATAL] Updater:351 - Updater called before beeing initialized
2025-09-17 20:35:28,579 [ERROR] CADModel:125 - Updater not yet initialized, retry later 
2025-09-17 20:35:28,684 [FATAL] Updater:351 - Updater called before beeing initialized
2025-09-17 20:35:28,685 [INFO] CADModel:165 - CPN selected for project level
2025-09-17 20:35:28,686 [INFO] CADModel:114 - Register for checkConnection events
2025-09-17 20:35:28,686 [FATAL] Updater:351 - Updater called before beeing initialized
2025-09-17 20:35:28,686 [ERROR] CADModel:125 - Updater not yet initialized, retry later 
2025-09-17 20:35:28,689 [FATAL] Updater:351 - Updater called before beeing initialized
2025-09-17 20:35:28,751 [FATAL] Updater:351 - Updater called before beeing initialized
2025-09-17 20:35:28,755 [INFO] DbMcusAds:53 - JSON generation date=Tue Jul 08 10:14:23 CEST 2025 (1751962463582)
2025-09-17 20:35:28,755 [FATAL] Updater:351 - Updater called before beeing initialized
2025-09-17 20:35:28,780 [WARN] DetailPanel:346 - Failed to get advertising image, set to default
2025-09-17 20:35:28,859 [FATAL] Updater:351 - Updater called before beeing initialized
2025-09-17 20:35:28,861 [FATAL] Updater:351 - Updater called before beeing initialized
2025-09-17 20:35:28,861 [FATAL] Updater:351 - Updater called before beeing initialized
2025-09-17 20:35:28,862 [WARN] DetailPanel:346 - Failed to get advertising image, set to default
2025-09-17 20:35:28,863 [FATAL] Updater:351 - Updater called before beeing initialized
2025-09-17 20:35:28,890 [ERROR] Updater:1198 - MainUpdater not yet initialized. External WinMGr cannot be set.
2025-09-17 20:35:28,891 [INFO] Updater:1134 - Updater Version found : 6.15.0
2025-09-17 20:35:28,904 [INFO] ApplicationProperties:184 - Using Application install path: /opt/st/stm32cubeide_1.19.0/plugins/com.st.stm32cube.common.mx_6.15.0.202507011659
2025-09-17 20:35:28,913 [ERROR] LogOutputStream:75 - [STDERR_REDIRECT] Sep 17, 2025 8:35:28 PM java.util.prefs.FileSystemPreferences$2 run
2025-09-17 20:35:28,914 [ERROR] LogOutputStream:75 - [STDERR_REDIRECT] WARNING: Could not create system preferences directory. System preferences are unusable.
2025-09-17 20:35:28,914 [ERROR] LogOutputStream:75 - [STDERR_REDIRECT] 
2025-09-17 20:35:29,213 [INFO] MainUpdater:2872 - connection check result : 10
2025-09-17 20:35:29,213 [INFO] MainUpdater:289 - Updater Check For Update Now.
2025-09-17 20:35:29,213 [INFO] MicroXplorer:498 - Change Database Version : DB.6.0.150
2025-09-17 20:35:29,217 [INFO] McuFinderGlobals:63 - Set McuFinder mode to 2 (CubeIDE integrated)
2025-09-17 20:35:29,217 [INFO] UserAuth:487 - Internet connection configuration mode: 1
2025-09-17 20:35:29,229 [INFO] JxBrowserEngine:152 - Initiate JxBrowser Engine with user profile folder
2025-09-17 20:35:29,375 [INFO] CheckServerUpdateThread:120 - End of CheckServer Thread
2025-09-17 20:35:29,696 [INFO] WebApp:169 - Instantiating new browser for Auth
2025-09-17 20:35:30,162 [INFO] WebApp:463 - Apply proxy settings
2025-09-17 20:35:30,162 [INFO] WebApp:548 - Chromium requires no authentication
2025-09-17 20:35:30,168 [INFO] WebApp:491 - Direct internet connection detected
2025-09-17 20:35:30,182 [INFO] WebApp:900 - Register for checkConnection events
2025-09-17 20:35:30,182 [INFO] WebApp:463 - Apply proxy settings
2025-09-17 20:35:30,182 [INFO] WebApp:548 - Chromium requires no authentication
2025-09-17 20:35:30,182 [INFO] WebApp:491 - Direct internet connection detected
2025-09-17 20:35:30,267 [INFO] WebApp:225 - Starting web application
2025-09-17 20:35:30,267 [INFO] WebApp:593 - Web application path used /opt/st/stm32cubeide_1.19.0/plugins/com.st.stm32cube.common.mx_6.15.0.202507011659/db/plugins/mcufinder/reactClient1/index.html
2025-09-17 20:35:30,333 [INFO] UserAuth:487 - Internet connection configuration mode: 1
2025-09-17 20:35:30,572 [INFO] WebApp:191 - Connection restablished
2025-09-17 20:35:31,068 [WARN] PackLoader:240 - Cannot read IP mode file for STMicroelectronics.FP-SNS-MOTENVWB1.1.4.0
2025-09-17 20:35:31,074 [WARN] PackLoader:240 - Cannot read IP mode file for STMicroelectronics.FP-ATR-ASTRA1.2.0.2
2025-09-17 20:35:31,079 [WARN] PackLoader:240 - Cannot read IP mode file for STMicroelectronics.X-CUBE-SMBUS.2.1.0
2025-09-17 20:35:31,083 [WARN] PackLoader:240 - Cannot read IP mode file for STMicroelectronics.X-CUBE-ST60.1.0.0
2025-09-17 20:35:31,107 [WARN] PackLoader:240 - Cannot read IP mode file for STMicroelectronics.X-CUBE-AZRTOS-F7.1.1.0
2025-09-17 20:35:31,117 [WARN] PackLoader:240 - Cannot read IP mode file for WES.I-CUBE-Cesium.1.4.0
2025-09-17 20:35:31,136 [WARN] PackLoader:240 - Cannot read IP mode file for Infineon.AIROC-Wi-Fi-Bluetooth-STM32.1.7.1
2025-09-17 20:35:31,160 [WARN] PackLoader:240 - Cannot read IP mode file for STMicroelectronics.X-CUBE-AZRTOS-H7.3.4.0
2025-09-17 20:35:31,170 [WARN] PackLoader:240 - Cannot read IP mode file for STMicroelectronics.X-CUBE-DISPLAY.3.0.0
2025-09-17 20:35:31,181 [WARN] PackLoader:240 - Cannot read IP mode file for STMicroelectronics.X-CUBE-NFC10.1.0.0
2025-09-17 20:35:31,186 [WARN] PackLoader:240 - Cannot read IP mode file for emotas.I-CUBE-CANOPEN.1.3.0
2025-09-17 20:35:31,191 [WARN] PackLoader:240 - Cannot read IP mode file for STMicroelectronics.FP-SNS-STBOX1.2.1.0
2025-09-17 20:35:31,196 [WARN] PackLoader:240 - Cannot read IP mode file for STMicroelectronics.FP-SNS-SMARTAG2.1.2.0
2025-09-17 20:35:31,199 [WARN] PackLoader:240 - Cannot read IP mode file for STMicroelectronics.FP-SNS-FLIGHT1.5.1.0
2025-09-17 20:35:31,204 [INFO] LogOutputStream:77 - [STDOUT_REDIRECT] 1 : Invalid condition id : UX_CORESTACK_Condition cause : null
2025-09-17 20:35:31,205 [INFO] LogOutputStream:77 - [STDOUT_REDIRECT] 1 : Invalid condition id : UX_CORESTACK_Condition cause : null
2025-09-17 20:35:31,206 [INFO] LogOutputStream:77 - [STDOUT_REDIRECT] 1 : Invalid condition id : UX_CORESTACK_Condition cause : null
2025-09-17 20:35:31,206 [INFO] LogOutputStream:77 - [STDOUT_REDIRECT] 1 : Invalid condition id : UX_CORESTACK_Condition cause : null
2025-09-17 20:35:31,206 [INFO] LogOutputStream:77 - [STDOUT_REDIRECT] 1 : Invalid condition id : UX_CORESTACK_Condition cause : null
2025-09-17 20:35:31,208 [WARN] PackLoader:240 - Cannot read IP mode file for STMicroelectronics.X-CUBE-AZRTOS-WL.2.0.0
2025-09-17 20:35:31,213 [WARN] PackLoader:240 - Cannot read IP mode file for STMicroelectronics.FP-SNS-MOTENV1.5.0.0
2025-09-17 20:35:31,217 [WARN] PackLoader:240 - Cannot read IP mode file for STMicroelectronics.X-CUBE-BLE2.3.3.0
2025-09-17 20:35:31,221 [WARN] PackLoader:240 - Cannot read IP mode file for STMicroelectronics.X-CUBE-NFC9.1.0.0
2025-09-17 20:35:31,225 [WARN] PackLoader:240 - Cannot read IP mode file for wolfSSL.I-CUBE-wolfSSL.5.8.2
2025-09-17 20:35:31,229 [WARN] PackLoader:240 - Cannot read IP mode file for STMicroelectronics.X-CUBE-BLE1.7.1.0
2025-09-17 20:35:31,232 [WARN] PackLoader:240 - Cannot read IP mode file for wolfSSL.I-CUBE-wolfMQTT.1.19.2
2025-09-17 20:35:31,236 [WARN] PackLoader:240 - Cannot read IP mode file for STMicroelectronics.X-CUBE-EEPRMA1.5.2.0
2025-09-17 20:35:31,252 [WARN] PackLoader:240 - Cannot read IP mode file for STMicroelectronics.X-CUBE-AZRTOS-G0.1.1.0
2025-09-17 20:35:31,258 [WARN] PackLoader:240 - Cannot read IP mode file for STMicroelectronics.X-CUBE-SAFEA1.1.2.2
2025-09-17 20:35:31,263 [WARN] PackLoader:240 - Cannot read IP mode file for STMicroelectronics.X-CUBE-NFC4.3.0.0
2025-09-17 20:35:31,269 [WARN] PackLoader:240 - Cannot read IP mode file for EmbeddedOffice.I-CUBE-FS-RTOS.1.0.1
2025-09-17 20:35:31,273 [WARN] PackLoader:240 - Cannot read IP mode file for STMicroelectronics.X-CUBE-WB05N.2.0.0
2025-09-17 20:35:31,276 [WARN] PackLoader:240 - Cannot read IP mode file for wolfSSL.I-CUBE-wolfTPM.3.8.0
2025-09-17 20:35:31,280 [WARN] PackLoader:240 - Cannot read IP mode file for STMicroelectronics.X-CUBE-TCPP.4.2.0
2025-09-17 20:35:31,284 [WARN] PackLoader:240 - Cannot read IP mode file for RealThread.X-CUBE-RT-Thread_Nano.4.1.1
2025-09-17 20:35:31,287 [WARN] PackLoader:240 - Cannot read IP mode file for STMicroelectronics.FP-ATR-SIGFOX1.3.2.0
2025-09-17 20:35:31,291 [WARN] PackLoader:240 - Cannot read IP mode file for ITTIA_DB.I-CUBE-ITTIADB.8.9.0
2025-09-17 20:35:31,296 [WARN] PackLoader:240 - Cannot read IP mode file for STMicroelectronics.X-CUBE-ST67W61.1.0.0
2025-09-17 20:35:31,300 [WARN] PackLoader:240 - Cannot read IP mode file for STMicroelectronics.X-CUBE-AI.10.2.0
2025-09-17 20:35:31,318 [WARN] PackLoader:240 - Cannot read IP mode file for SEGGER.I-CUBE-embOS.1.3.1
2025-09-17 20:35:31,352 [WARN] PackLoader:240 - Cannot read IP mode file for STMicroelectronics.X-CUBE-ALGOBUILD.1.4.0
2025-09-17 20:35:31,396 [WARN] PackLoader:240 - Cannot read IP mode file for STMicroelectronics.X-CUBE-MEMS1.11.3.0
2025-09-17 20:35:31,596 [WARN] PackLoader:240 - Cannot read IP mode file for STMicroelectronics.X-CUBE-PM33A1.1.0.0
2025-09-17 20:35:31,608 [WARN] PackLoader:240 - Cannot read IP mode file for STMicroelectronics.X-CUBE-AZRTOS-F4.1.1.0
2025-09-17 20:35:31,612 [WARN] PackLoader:240 - Cannot read IP mode file for Avnet-IotConnect.X-CUBE-IoTC-DA16k-PMOD.1.0.0
2025-09-17 20:35:31,615 [WARN] PackLoader:240 - Cannot read IP mode file for STMicroelectronics.X-CUBE-ISPU.2.1.0
2025-09-17 20:35:31,620 [WARN] PackLoader:240 - Cannot read IP mode file for STMicroelectronics.X-CUBE-NFC12.1.0.0
2025-09-17 20:35:31,634 [WARN] PackLoader:240 - Cannot read IP mode file for STMicroelectronics.X-CUBE-AZRTOS-L5.2.0.0
2025-09-17 20:35:31,647 [WARN] PackLoader:240 - Cannot read IP mode file for STMicroelectronics.X-CUBE-NFC6.3.1.0
2025-09-17 20:35:31,653 [WARN] PackLoader:240 - Cannot read IP mode file for STMicroelectronics.X-CUBE-FREERTOS.1.3.1
2025-09-17 20:35:31,657 [WARN] PackLoader:240 - Cannot read IP mode file for STMicroelectronics.FP-SNS-STAIOTCFT.1.0.0
2025-09-17 20:35:31,661 [WARN] PackLoader:240 - Cannot read IP mode file for STMicroelectronics.X-CUBE-DPower.1.3.0
2025-09-17 20:35:31,673 [WARN] ConditionMgr:438 - getConditionDescription Invalid condition id : LAN8742 Phy interface Condition cause : null
2025-09-17 20:35:31,674 [WARN] PackLoader:240 - Cannot read IP mode file for STMicroelectronics.X-CUBE-AZRTOS-L4.2.0.0
2025-09-17 20:35:31,675 [WARN] ConditionMgr:1044 - genDependencies : Invalid condition id : LAN8742 Phy interface Condition cause : null
2025-09-17 20:35:31,676 [WARN] ConditionMgr:1044 - genDependencies : Invalid condition id : LAN8742 Phy interface Condition cause : null
2025-09-17 20:35:31,676 [WARN] ConditionMgr:1044 - genDependencies : Invalid condition id : LAN8742 Phy interface Condition cause : null
2025-09-17 20:35:31,685 [WARN] PackLoader:240 - Cannot read IP mode file for STMicroelectronics.X-CUBE-SFXS2LP1.4.0.0
2025-09-17 20:35:31,695 [WARN] PackLoader:240 - Cannot read IP mode file for STMicroelectronics.X-CUBE-BLEMGR.4.1.0
2025-09-17 20:35:31,706 [WARN] ConditionMgr:438 - getConditionDescription Invalid condition id : UX DEVICE CLASS RTOS Condition cause : null
2025-09-17 20:35:31,706 [WARN] ConditionMgr:438 - getConditionDescription Invalid condition id : UX DEVICE CLASS RTOS Condition cause : null
2025-09-17 20:35:31,707 [WARN] PackLoader:240 - Cannot read IP mode file for STMicroelectronics.X-CUBE-AZRTOS-WB.2.0.0
2025-09-17 20:35:31,708 [WARN] ConditionMgr:1044 - genDependencies : Invalid condition id : UX DEVICE CLASS RTOS Condition cause : null
2025-09-17 20:35:31,708 [WARN] ConditionMgr:1044 - genDependencies : Invalid condition id : UX DEVICE CLASS RTOS Condition cause : null
2025-09-17 20:35:31,708 [WARN] ConditionMgr:1044 - genDependencies : Invalid condition id : UX DEVICE CLASS RTOS Condition cause : null
2025-09-17 20:35:31,708 [WARN] ConditionMgr:1044 - genDependencies : Invalid condition id : UX DEVICE CLASS RTOS Condition cause : null
2025-09-17 20:35:31,708 [WARN] ConditionMgr:1044 - genDependencies : Invalid condition id : UX DEVICE CLASS RTOS Condition cause : null
2025-09-17 20:35:31,712 [WARN] PackLoader:240 - Cannot read IP mode file for STMicroelectronics.X-CUBE-GNSS1.7.0.1
2025-09-17 20:35:31,717 [WARN] PackLoader:240 - Cannot read IP mode file for STMicroelectronics.X-CUBE-TOUCHGFX.4.25.0
2025-09-17 20:35:31,720 [WARN] ConditionMgr:438 - getConditionDescription Invalid condition id : Cortex-A Device cause : null
2025-09-17 20:35:31,733 [WARN] ConditionMgr:1044 - genDependencies : Invalid condition id : Cortex-A Device cause : null
2025-09-17 20:35:31,733 [WARN] ConditionMgr:1044 - genDependencies : Invalid condition id : Cortex-A Device cause : null
2025-09-17 20:35:31,733 [WARN] ConditionMgr:1044 - genDependencies : Invalid condition id : Cortex-A Device cause : null
2025-09-17 20:35:31,741 [WARN] PackLoader:240 - Cannot read IP mode file for STMicroelectronics.X-CUBE-SUBG2.5.0.0
2025-09-17 20:35:31,762 [WARN] PackLoader:240 - Cannot read IP mode file for STMicroelectronics.X-CUBE-AZRTOS-H7RS.1.1.0
2025-09-17 20:35:31,767 [WARN] PackLoader:240 - Cannot read IP mode file for Cesanta.I-CUBE-Mongoose.7.13.0
2025-09-17 20:35:31,778 [WARN] PackLoader:240 - Cannot read IP mode file for STMicroelectronics.X-CUBE-AZRTOS-G4.2.0.0
2025-09-17 20:35:31,783 [WARN] PackLoader:240 - Cannot read IP mode file for wolfSSL.I-CUBE-wolfSSH.1.4.20
2025-09-17 20:35:31,786 [WARN] PackLoader:240 - Cannot read IP mode file for STMicroelectronics.X-CUBE-NFC7.2.0.0
2025-09-17 20:35:31,794 [WARN] PackLoader:240 - Cannot read IP mode file for STMicroelectronics.X-CUBE-IPS.3.1.0
2025-09-17 20:35:31,801 [WARN] PackLoader:240 - Cannot read IP mode file for STMicroelectronics.X-CUBE-ALS.1.0.2
2025-09-17 20:35:31,806 [WARN] PackLoader:240 - Cannot read IP mode file for STMicroelectronics.X-CUBE-STSE01.1.0.0
2025-09-17 20:35:31,813 [WARN] PackLoader:240 - Cannot read IP mode file for STMicroelectronics.X-CUBE-TOF1.3.4.3
2025-09-17 20:35:31,821 [INFO] ThirdParty:978 - Integrity check success = true
2025-09-17 20:35:31,821 [INFO] IntegrityCheckThread:100 - exiting critical section [integrity check]
2025-09-17 20:35:31,821 [INFO] IntegrityCheckThread:103 - End integrity checks thread
2025-09-17 20:35:58,077 [ERROR] LogOutputStream:75 - [STDERR_REDIRECT] Sep 17, 2025 8:35:58 PM java.util.prefs.FileSystemPreferences checkLockFile0ErrorCode
2025-09-17 20:35:58,077 [ERROR] LogOutputStream:75 - [STDERR_REDIRECT] WARNING: Could not lock System prefs. Unix error code 2.
2025-09-17 20:35:58,077 [ERROR] LogOutputStream:75 - [STDERR_REDIRECT] 
2025-09-17 20:35:58,078 [ERROR] LogOutputStream:75 - [STDERR_REDIRECT] Sep 17, 2025 8:35:58 PM java.util.prefs.FileSystemPreferences syncWorld
2025-09-17 20:35:58,078 [ERROR] LogOutputStream:75 - [STDERR_REDIRECT] WARNING: Couldn't flush system prefs: java.util.prefs.BackingStoreException: Couldn't get file lock.
2025-09-17 20:35:58,078 [ERROR] LogOutputStream:75 - [STDERR_REDIRECT] 
2025-09-17 20:36:28,071 [ERROR] LogOutputStream:75 - [STDERR_REDIRECT] Sep 17, 2025 8:36:28 PM java.util.prefs.FileSystemPreferences checkLockFile0ErrorCode
2025-09-17 20:36:28,071 [ERROR] LogOutputStream:75 - [STDERR_REDIRECT] WARNING: Could not lock System prefs. Unix error code 2.
2025-09-17 20:36:28,071 [ERROR] LogOutputStream:75 - [STDERR_REDIRECT] 
2025-09-17 20:36:28,071 [ERROR] LogOutputStream:75 - [STDERR_REDIRECT] Sep 17, 2025 8:36:28 PM java.util.prefs.FileSystemPreferences syncWorld
2025-09-17 20:36:28,071 [ERROR] LogOutputStream:75 - [STDERR_REDIRECT] WARNING: Couldn't flush system prefs: java.util.prefs.BackingStoreException: Couldn't get file lock.
2025-09-17 20:36:28,071 [ERROR] LogOutputStream:75 - [STDERR_REDIRECT] 
2025-09-17 20:36:58,073 [ERROR] LogOutputStream:75 - [STDERR_REDIRECT] Sep 17, 2025 8:36:58 PM java.util.prefs.FileSystemPreferences checkLockFile0ErrorCode
2025-09-17 20:36:58,073 [ERROR] LogOutputStream:75 - [STDERR_REDIRECT] WARNING: Could not lock System prefs. Unix error code 2.
2025-09-17 20:36:58,074 [ERROR] LogOutputStream:75 - [STDERR_REDIRECT] 
2025-09-17 20:36:58,074 [ERROR] LogOutputStream:75 - [STDERR_REDIRECT] Sep 17, 2025 8:36:58 PM java.util.prefs.FileSystemPreferences syncWorld
2025-09-17 20:36:58,075 [ERROR] LogOutputStream:75 - [STDERR_REDIRECT] WARNING: Couldn't flush system prefs: java.util.prefs.BackingStoreException: Couldn't get file lock.
2025-09-17 20:36:58,076 [ERROR] LogOutputStream:75 - [STDERR_REDIRECT] 
2025-09-17 20:37:28,074 [ERROR] LogOutputStream:75 - [STDERR_REDIRECT] Sep 17, 2025 8:37:28 PM java.util.prefs.FileSystemPreferences checkLockFile0ErrorCode
2025-09-17 20:37:28,075 [ERROR] LogOutputStream:75 - [STDERR_REDIRECT] WARNING: Could not lock System prefs. Unix error code 2.
2025-09-17 20:37:28,075 [ERROR] LogOutputStream:75 - [STDERR_REDIRECT] 
2025-09-17 20:37:28,075 [ERROR] LogOutputStream:75 - [STDERR_REDIRECT] Sep 17, 2025 8:37:28 PM java.util.prefs.FileSystemPreferences syncWorld
2025-09-17 20:37:28,075 [ERROR] LogOutputStream:75 - [STDERR_REDIRECT] WARNING: Couldn't flush system prefs: java.util.prefs.BackingStoreException: Couldn't get file lock.
2025-09-17 20:37:28,075 [ERROR] LogOutputStream:75 - [STDERR_REDIRECT] 
2025-09-17 20:37:58,072 [ERROR] LogOutputStream:75 - [STDERR_REDIRECT] Sep 17, 2025 8:37:58 PM java.util.prefs.FileSystemPreferences checkLockFile0ErrorCode
2025-09-17 20:37:58,072 [ERROR] LogOutputStream:75 - [STDERR_REDIRECT] WARNING: Could not lock System prefs. Unix error code 2.
2025-09-17 20:37:58,073 [ERROR] LogOutputStream:75 - [STDERR_REDIRECT] 
2025-09-17 20:37:58,073 [ERROR] LogOutputStream:75 - [STDERR_REDIRECT] Sep 17, 2025 8:37:58 PM java.util.prefs.FileSystemPreferences syncWorld
2025-09-17 20:37:58,073 [ERROR] LogOutputStream:75 - [STDERR_REDIRECT] WARNING: Couldn't flush system prefs: java.util.prefs.BackingStoreException: Couldn't get file lock.
2025-09-17 20:37:58,073 [ERROR] LogOutputStream:75 - [STDERR_REDIRECT] 
2025-09-17 20:38:28,072 [ERROR] LogOutputStream:75 - [STDERR_REDIRECT] Sep 17, 2025 8:38:28 PM java.util.prefs.FileSystemPreferences checkLockFile0ErrorCode
2025-09-17 20:38:28,072 [ERROR] LogOutputStream:75 - [STDERR_REDIRECT] WARNING: Could not lock System prefs. Unix error code 2.
2025-09-17 20:38:28,072 [ERROR] LogOutputStream:75 - [STDERR_REDIRECT] 
2025-09-17 20:38:28,073 [ERROR] LogOutputStream:75 - [STDERR_REDIRECT] Sep 17, 2025 8:38:28 PM java.util.prefs.FileSystemPreferences syncWorld
2025-09-17 20:38:28,073 [ERROR] LogOutputStream:75 - [STDERR_REDIRECT] WARNING: Couldn't flush system prefs: java.util.prefs.BackingStoreException: Couldn't get file lock.
2025-09-17 20:38:28,073 [ERROR] LogOutputStream:75 - [STDERR_REDIRECT] 
2025-09-17 20:38:58,072 [ERROR] LogOutputStream:75 - [STDERR_REDIRECT] Sep 17, 2025 8:38:58 PM java.util.prefs.FileSystemPreferences checkLockFile0ErrorCode
2025-09-17 20:38:58,072 [ERROR] LogOutputStream:75 - [STDERR_REDIRECT] WARNING: Could not lock System prefs. Unix error code 2.
2025-09-17 20:38:58,073 [ERROR] LogOutputStream:75 - [STDERR_REDIRECT] 
2025-09-17 20:38:58,073 [ERROR] LogOutputStream:75 - [STDERR_REDIRECT] Sep 17, 2025 8:38:58 PM java.util.prefs.FileSystemPreferences syncWorld
2025-09-17 20:38:58,073 [ERROR] LogOutputStream:75 - [STDERR_REDIRECT] WARNING: Couldn't flush system prefs: java.util.prefs.BackingStoreException: Couldn't get file lock.
2025-09-17 20:38:58,073 [ERROR] LogOutputStream:75 - [STDERR_REDIRECT] 
2025-09-17 20:39:28,072 [ERROR] LogOutputStream:75 - [STDERR_REDIRECT] Sep 17, 2025 8:39:28 PM java.util.prefs.FileSystemPreferences checkLockFile0ErrorCode
2025-09-17 20:39:28,073 [ERROR] LogOutputStream:75 - [STDERR_REDIRECT] WARNING: Could not lock System prefs. Unix error code 2.
2025-09-17 20:39:28,073 [ERROR] LogOutputStream:75 - [STDERR_REDIRECT] 
2025-09-17 20:39:28,073 [ERROR] LogOutputStream:75 - [STDERR_REDIRECT] Sep 17, 2025 8:39:28 PM java.util.prefs.FileSystemPreferences syncWorld
2025-09-17 20:39:28,073 [ERROR] LogOutputStream:75 - [STDERR_REDIRECT] WARNING: Couldn't flush system prefs: java.util.prefs.BackingStoreException: Couldn't get file lock.
2025-09-17 20:39:28,073 [ERROR] LogOutputStream:75 - [STDERR_REDIRECT] 
2025-09-17 20:39:58,072 [ERROR] LogOutputStream:75 - [STDERR_REDIRECT] Sep 17, 2025 8:39:58 PM java.util.prefs.FileSystemPreferences checkLockFile0ErrorCode
2025-09-17 20:39:58,072 [ERROR] LogOutputStream:75 - [STDERR_REDIRECT] WARNING: Could not lock System prefs. Unix error code 2.
2025-09-17 20:39:58,072 [ERROR] LogOutputStream:75 - [STDERR_REDIRECT] 
2025-09-17 20:39:58,073 [ERROR] LogOutputStream:75 - [STDERR_REDIRECT] Sep 17, 2025 8:39:58 PM java.util.prefs.FileSystemPreferences syncWorld
2025-09-17 20:39:58,073 [ERROR] LogOutputStream:75 - [STDERR_REDIRECT] WARNING: Couldn't flush system prefs: java.util.prefs.BackingStoreException: Couldn't get file lock.
2025-09-17 20:39:58,073 [ERROR] LogOutputStream:75 - [STDERR_REDIRECT] 
2025-09-17 20:40:28,072 [ERROR] LogOutputStream:75 - [STDERR_REDIRECT] Sep 17, 2025 8:40:28 PM java.util.prefs.FileSystemPreferences checkLockFile0ErrorCode
2025-09-17 20:40:28,072 [ERROR] LogOutputStream:75 - [STDERR_REDIRECT] WARNING: Could not lock System prefs. Unix error code 2.
2025-09-17 20:40:28,072 [ERROR] LogOutputStream:75 - [STDERR_REDIRECT] 
2025-09-17 20:40:28,072 [ERROR] LogOutputStream:75 - [STDERR_REDIRECT] Sep 17, 2025 8:40:28 PM java.util.prefs.FileSystemPreferences syncWorld
2025-09-17 20:40:28,073 [ERROR] LogOutputStream:75 - [STDERR_REDIRECT] WARNING: Couldn't flush system prefs: java.util.prefs.BackingStoreException: Couldn't get file lock.
2025-09-17 20:40:28,073 [ERROR] LogOutputStream:75 - [STDERR_REDIRECT] 
2025-09-17 20:40:58,072 [ERROR] LogOutputStream:75 - [STDERR_REDIRECT] Sep 17, 2025 8:40:58 PM java.util.prefs.FileSystemPreferences checkLockFile0ErrorCode
2025-09-17 20:40:58,072 [ERROR] LogOutputStream:75 - [STDERR_REDIRECT] WARNING: Could not lock System prefs. Unix error code 2.
2025-09-17 20:40:58,072 [ERROR] LogOutputStream:75 - [STDERR_REDIRECT] 
2025-09-17 20:40:58,073 [ERROR] LogOutputStream:75 - [STDERR_REDIRECT] Sep 17, 2025 8:40:58 PM java.util.prefs.FileSystemPreferences syncWorld
2025-09-17 20:40:58,073 [ERROR] LogOutputStream:75 - [STDERR_REDIRECT] WARNING: Couldn't flush system prefs: java.util.prefs.BackingStoreException: Couldn't get file lock.
2025-09-17 20:40:58,073 [ERROR] LogOutputStream:75 - [STDERR_REDIRECT] 
2025-09-17 20:41:28,072 [ERROR] LogOutputStream:75 - [STDERR_REDIRECT] Sep 17, 2025 8:41:28 PM java.util.prefs.FileSystemPreferences checkLockFile0ErrorCode
2025-09-17 20:41:28,072 [ERROR] LogOutputStream:75 - [STDERR_REDIRECT] WARNING: Could not lock System prefs. Unix error code 2.
2025-09-17 20:41:28,072 [ERROR] LogOutputStream:75 - [STDERR_REDIRECT] 
2025-09-17 20:41:28,072 [ERROR] LogOutputStream:75 - [STDERR_REDIRECT] Sep 17, 2025 8:41:28 PM java.util.prefs.FileSystemPreferences syncWorld
2025-09-17 20:41:28,073 [ERROR] LogOutputStream:75 - [STDERR_REDIRECT] WARNING: Couldn't flush system prefs: java.util.prefs.BackingStoreException: Couldn't get file lock.
2025-09-17 20:41:28,073 [ERROR] LogOutputStream:75 - [STDERR_REDIRECT] 
2025-09-17 20:41:58,071 [ERROR] LogOutputStream:75 - [STDERR_REDIRECT] Sep 17, 2025 8:41:58 PM java.util.prefs.FileSystemPreferences checkLockFile0ErrorCode
2025-09-17 20:41:58,072 [ERROR] LogOutputStream:75 - [STDERR_REDIRECT] WARNING: Could not lock System prefs. Unix error code 2.
2025-09-17 20:41:58,072 [ERROR] LogOutputStream:75 - [STDERR_REDIRECT] 
2025-09-17 20:41:58,072 [ERROR] LogOutputStream:75 - [STDERR_REDIRECT] Sep 17, 2025 8:41:58 PM java.util.prefs.FileSystemPreferences syncWorld
2025-09-17 20:41:58,072 [ERROR] LogOutputStream:75 - [STDERR_REDIRECT] WARNING: Couldn't flush system prefs: java.util.prefs.BackingStoreException: Couldn't get file lock.
2025-09-17 20:41:58,072 [ERROR] LogOutputStream:75 - [STDERR_REDIRECT] 
2025-09-17 20:42:28,072 [ERROR] LogOutputStream:75 - [STDERR_REDIRECT] Sep 17, 2025 8:42:28 PM java.util.prefs.FileSystemPreferences checkLockFile0ErrorCode
2025-09-17 20:42:28,072 [ERROR] LogOutputStream:75 - [STDERR_REDIRECT] WARNING: Could not lock System prefs. Unix error code 2.
2025-09-17 20:42:28,072 [ERROR] LogOutputStream:75 - [STDERR_REDIRECT] 
2025-09-17 20:42:28,072 [ERROR] LogOutputStream:75 - [STDERR_REDIRECT] Sep 17, 2025 8:42:28 PM java.util.prefs.FileSystemPreferences syncWorld
2025-09-17 20:42:28,072 [ERROR] LogOutputStream:75 - [STDERR_REDIRECT] WARNING: Couldn't flush system prefs: java.util.prefs.BackingStoreException: Couldn't get file lock.
2025-09-17 20:42:28,072 [ERROR] LogOutputStream:75 - [STDERR_REDIRECT] 
2025-09-17 20:42:58,075 [ERROR] LogOutputStream:75 - [STDERR_REDIRECT] Sep 17, 2025 8:42:58 PM java.util.prefs.FileSystemPreferences checkLockFile0ErrorCode
2025-09-17 20:42:58,075 [ERROR] LogOutputStream:75 - [STDERR_REDIRECT] WARNING: Could not lock System prefs. Unix error code 2.
2025-09-17 20:42:58,075 [ERROR] LogOutputStream:75 - [STDERR_REDIRECT] 
2025-09-17 20:42:58,075 [ERROR] LogOutputStream:75 - [STDERR_REDIRECT] Sep 17, 2025 8:42:58 PM java.util.prefs.FileSystemPreferences syncWorld
2025-09-17 20:42:58,076 [ERROR] LogOutputStream:75 - [STDERR_REDIRECT] WARNING: Couldn't flush system prefs: java.util.prefs.BackingStoreException: Couldn't get file lock.
2025-09-17 20:42:58,076 [ERROR] LogOutputStream:75 - [STDERR_REDIRECT] 
2025-09-17 20:43:28,073 [ERROR] LogOutputStream:75 - [STDERR_REDIRECT] Sep 17, 2025 8:43:28 PM java.util.prefs.FileSystemPreferences checkLockFile0ErrorCode
2025-09-17 20:43:28,073 [ERROR] LogOutputStream:75 - [STDERR_REDIRECT] WARNING: Could not lock System prefs. Unix error code 2.
2025-09-17 20:43:28,073 [ERROR] LogOutputStream:75 - [STDERR_REDIRECT] 
2025-09-17 20:43:28,074 [ERROR] LogOutputStream:75 - [STDERR_REDIRECT] Sep 17, 2025 8:43:28 PM java.util.prefs.FileSystemPreferences syncWorld
2025-09-17 20:43:28,074 [ERROR] LogOutputStream:75 - [STDERR_REDIRECT] WARNING: Couldn't flush system prefs: java.util.prefs.BackingStoreException: Couldn't get file lock.
2025-09-17 20:43:28,074 [ERROR] LogOutputStream:75 - [STDERR_REDIRECT] 
2025-09-17 20:43:58,072 [ERROR] LogOutputStream:75 - [STDERR_REDIRECT] Sep 17, 2025 8:43:58 PM java.util.prefs.FileSystemPreferences checkLockFile0ErrorCode
2025-09-17 20:43:58,073 [ERROR] LogOutputStream:75 - [STDERR_REDIRECT] WARNING: Could not lock System prefs. Unix error code 2.
2025-09-17 20:43:58,073 [ERROR] LogOutputStream:75 - [STDERR_REDIRECT] 
2025-09-17 20:43:58,073 [ERROR] LogOutputStream:75 - [STDERR_REDIRECT] Sep 17, 2025 8:43:58 PM java.util.prefs.FileSystemPreferences syncWorld
2025-09-17 20:43:58,073 [ERROR] LogOutputStream:75 - [STDERR_REDIRECT] WARNING: Couldn't flush system prefs: java.util.prefs.BackingStoreException: Couldn't get file lock.
2025-09-17 20:43:58,073 [ERROR] LogOutputStream:75 - [STDERR_REDIRECT] 
2025-09-17 20:44:28,073 [ERROR] LogOutputStream:75 - [STDERR_REDIRECT] Sep 17, 2025 8:44:28 PM java.util.prefs.FileSystemPreferences checkLockFile0ErrorCode
2025-09-17 20:44:28,073 [ERROR] LogOutputStream:75 - [STDERR_REDIRECT] WARNING: Could not lock System prefs. Unix error code 2.
2025-09-17 20:44:28,073 [ERROR] LogOutputStream:75 - [STDERR_REDIRECT] 
2025-09-17 20:44:28,074 [ERROR] LogOutputStream:75 - [STDERR_REDIRECT] Sep 17, 2025 8:44:28 PM java.util.prefs.FileSystemPreferences syncWorld
2025-09-17 20:44:28,074 [ERROR] LogOutputStream:75 - [STDERR_REDIRECT] WARNING: Couldn't flush system prefs: java.util.prefs.BackingStoreException: Couldn't get file lock.
2025-09-17 20:44:28,074 [ERROR] LogOutputStream:75 - [STDERR_REDIRECT] 
2025-09-17 20:44:58,074 [ERROR] LogOutputStream:75 - [STDERR_REDIRECT] Sep 17, 2025 8:44:58 PM java.util.prefs.FileSystemPreferences checkLockFile0ErrorCode
2025-09-17 20:44:58,074 [ERROR] LogOutputStream:75 - [STDERR_REDIRECT] WARNING: Could not lock System prefs. Unix error code 2.
2025-09-17 20:44:58,074 [ERROR] LogOutputStream:75 - [STDERR_REDIRECT] 
2025-09-17 20:44:58,074 [ERROR] LogOutputStream:75 - [STDERR_REDIRECT] Sep 17, 2025 8:44:58 PM java.util.prefs.FileSystemPreferences syncWorld
2025-09-17 20:44:58,074 [ERROR] LogOutputStream:75 - [STDERR_REDIRECT] WARNING: Couldn't flush system prefs: java.util.prefs.BackingStoreException: Couldn't get file lock.
2025-09-17 20:44:58,074 [ERROR] LogOutputStream:75 - [STDERR_REDIRECT] 
2025-09-17 20:45:28,072 [ERROR] LogOutputStream:75 - [STDERR_REDIRECT] Sep 17, 2025 8:45:28 PM java.util.prefs.FileSystemPreferences checkLockFile0ErrorCode
2025-09-17 20:45:28,072 [ERROR] LogOutputStream:75 - [STDERR_REDIRECT] WARNING: Could not lock System prefs. Unix error code 2.
2025-09-17 20:45:28,073 [ERROR] LogOutputStream:75 - [STDERR_REDIRECT] 
2025-09-17 20:45:28,073 [ERROR] LogOutputStream:75 - [STDERR_REDIRECT] Sep 17, 2025 8:45:28 PM java.util.prefs.FileSystemPreferences syncWorld
2025-09-17 20:45:28,073 [ERROR] LogOutputStream:75 - [STDERR_REDIRECT] WARNING: Couldn't flush system prefs: java.util.prefs.BackingStoreException: Couldn't get file lock.
2025-09-17 20:45:28,073 [ERROR] LogOutputStream:75 - [STDERR_REDIRECT] 
2025-09-17 20:45:58,073 [ERROR] LogOutputStream:75 - [STDERR_REDIRECT] Sep 17, 2025 8:45:58 PM java.util.prefs.FileSystemPreferences checkLockFile0ErrorCode
2025-09-17 20:45:58,073 [ERROR] LogOutputStream:75 - [STDERR_REDIRECT] WARNING: Could not lock System prefs. Unix error code 2.
2025-09-17 20:45:58,074 [ERROR] LogOutputStream:75 - [STDERR_REDIRECT] 
2025-09-17 20:45:58,074 [ERROR] LogOutputStream:75 - [STDERR_REDIRECT] Sep 17, 2025 8:45:58 PM java.util.prefs.FileSystemPreferences syncWorld
2025-09-17 20:45:58,074 [ERROR] LogOutputStream:75 - [STDERR_REDIRECT] WARNING: Couldn't flush system prefs: java.util.prefs.BackingStoreException: Couldn't get file lock.
2025-09-17 20:45:58,074 [ERROR] LogOutputStream:75 - [STDERR_REDIRECT] 
2025-09-17 20:46:28,073 [ERROR] LogOutputStream:75 - [STDERR_REDIRECT] Sep 17, 2025 8:46:28 PM java.util.prefs.FileSystemPreferences checkLockFile0ErrorCode
2025-09-17 20:46:28,074 [ERROR] LogOutputStream:75 - [STDERR_REDIRECT] WARNING: Could not lock System prefs. Unix error code 2.
2025-09-17 20:46:28,074 [ERROR] LogOutputStream:75 - [STDERR_REDIRECT] 
2025-09-17 20:46:28,074 [ERROR] LogOutputStream:75 - [STDERR_REDIRECT] Sep 17, 2025 8:46:28 PM java.util.prefs.FileSystemPreferences syncWorld
2025-09-17 20:46:28,074 [ERROR] LogOutputStream:75 - [STDERR_REDIRECT] WARNING: Couldn't flush system prefs: java.util.prefs.BackingStoreException: Couldn't get file lock.
2025-09-17 20:46:28,074 [ERROR] LogOutputStream:75 - [STDERR_REDIRECT] 
2025-09-17 20:46:58,073 [ERROR] LogOutputStream:75 - [STDERR_REDIRECT] Sep 17, 2025 8:46:58 PM java.util.prefs.FileSystemPreferences checkLockFile0ErrorCode
2025-09-17 20:46:58,073 [ERROR] LogOutputStream:75 - [STDERR_REDIRECT] WARNING: Could not lock System prefs. Unix error code 2.
2025-09-17 20:46:58,073 [ERROR] LogOutputStream:75 - [STDERR_REDIRECT] 
2025-09-17 20:46:58,073 [ERROR] LogOutputStream:75 - [STDERR_REDIRECT] Sep 17, 2025 8:46:58 PM java.util.prefs.FileSystemPreferences syncWorld
2025-09-17 20:46:58,074 [ERROR] LogOutputStream:75 - [STDERR_REDIRECT] WARNING: Couldn't flush system prefs: java.util.prefs.BackingStoreException: Couldn't get file lock.
2025-09-17 20:46:58,074 [ERROR] LogOutputStream:75 - [STDERR_REDIRECT] 
2025-09-17 20:47:28,073 [ERROR] LogOutputStream:75 - [STDERR_REDIRECT] Sep 17, 2025 8:47:28 PM java.util.prefs.FileSystemPreferences checkLockFile0ErrorCode
2025-09-17 20:47:28,073 [ERROR] LogOutputStream:75 - [STDERR_REDIRECT] WARNING: Could not lock System prefs. Unix error code 2.
2025-09-17 20:47:28,073 [ERROR] LogOutputStream:75 - [STDERR_REDIRECT] 
2025-09-17 20:47:28,073 [ERROR] LogOutputStream:75 - [STDERR_REDIRECT] Sep 17, 2025 8:47:28 PM java.util.prefs.FileSystemPreferences syncWorld
2025-09-17 20:47:28,073 [ERROR] LogOutputStream:75 - [STDERR_REDIRECT] WARNING: Couldn't flush system prefs: java.util.prefs.BackingStoreException: Couldn't get file lock.
2025-09-17 20:47:28,074 [ERROR] LogOutputStream:75 - [STDERR_REDIRECT] 
2025-09-17 20:47:58,073 [ERROR] LogOutputStream:75 - [STDERR_REDIRECT] Sep 17, 2025 8:47:58 PM java.util.prefs.FileSystemPreferences checkLockFile0ErrorCode
2025-09-17 20:47:58,073 [ERROR] LogOutputStream:75 - [STDERR_REDIRECT] WARNING: Could not lock System prefs. Unix error code 2.
2025-09-17 20:47:58,073 [ERROR] LogOutputStream:75 - [STDERR_REDIRECT] 
2025-09-17 20:47:58,073 [ERROR] LogOutputStream:75 - [STDERR_REDIRECT] Sep 17, 2025 8:47:58 PM java.util.prefs.FileSystemPreferences syncWorld
2025-09-17 20:47:58,073 [ERROR] LogOutputStream:75 - [STDERR_REDIRECT] WARNING: Couldn't flush system prefs: java.util.prefs.BackingStoreException: Couldn't get file lock.
2025-09-17 20:47:58,073 [ERROR] LogOutputStream:75 - [STDERR_REDIRECT] 
2025-09-17 20:48:28,073 [ERROR] LogOutputStream:75 - [STDERR_REDIRECT] Sep 17, 2025 8:48:28 PM java.util.prefs.FileSystemPreferences checkLockFile0ErrorCode
2025-09-17 20:48:28,073 [ERROR] LogOutputStream:75 - [STDERR_REDIRECT] WARNING: Could not lock System prefs. Unix error code 2.
2025-09-17 20:48:28,074 [ERROR] LogOutputStream:75 - [STDERR_REDIRECT] 
2025-09-17 20:48:28,074 [ERROR] LogOutputStream:75 - [STDERR_REDIRECT] Sep 17, 2025 8:48:28 PM java.util.prefs.FileSystemPreferences syncWorld
2025-09-17 20:48:28,074 [ERROR] LogOutputStream:75 - [STDERR_REDIRECT] WARNING: Couldn't flush system prefs: java.util.prefs.BackingStoreException: Couldn't get file lock.
2025-09-17 20:48:28,074 [ERROR] LogOutputStream:75 - [STDERR_REDIRECT] 
2025-09-17 20:48:58,073 [ERROR] LogOutputStream:75 - [STDERR_REDIRECT] Sep 17, 2025 8:48:58 PM java.util.prefs.FileSystemPreferences checkLockFile0ErrorCode
2025-09-17 20:48:58,073 [ERROR] LogOutputStream:75 - [STDERR_REDIRECT] WARNING: Could not lock System prefs. Unix error code 2.
2025-09-17 20:48:58,073 [ERROR] LogOutputStream:75 - [STDERR_REDIRECT] 
2025-09-17 20:48:58,073 [ERROR] LogOutputStream:75 - [STDERR_REDIRECT] Sep 17, 2025 8:48:58 PM java.util.prefs.FileSystemPreferences syncWorld
2025-09-17 20:48:58,074 [ERROR] LogOutputStream:75 - [STDERR_REDIRECT] WARNING: Couldn't flush system prefs: java.util.prefs.BackingStoreException: Couldn't get file lock.
2025-09-17 20:48:58,074 [ERROR] LogOutputStream:75 - [STDERR_REDIRECT] 
2025-09-17 20:49:28,072 [ERROR] LogOutputStream:75 - [STDERR_REDIRECT] Sep 17, 2025 8:49:28 PM java.util.prefs.FileSystemPreferences checkLockFile0ErrorCode
2025-09-17 20:49:28,073 [ERROR] LogOutputStream:75 - [STDERR_REDIRECT] WARNING: Could not lock System prefs. Unix error code 2.
2025-09-17 20:49:28,073 [ERROR] LogOutputStream:75 - [STDERR_REDIRECT] 
2025-09-17 20:49:28,073 [ERROR] LogOutputStream:75 - [STDERR_REDIRECT] Sep 17, 2025 8:49:28 PM java.util.prefs.FileSystemPreferences syncWorld
2025-09-17 20:49:28,073 [ERROR] LogOutputStream:75 - [STDERR_REDIRECT] WARNING: Couldn't flush system prefs: java.util.prefs.BackingStoreException: Couldn't get file lock.
2025-09-17 20:49:28,073 [ERROR] LogOutputStream:75 - [STDERR_REDIRECT] 
2025-09-17 20:49:58,073 [ERROR] LogOutputStream:75 - [STDERR_REDIRECT] Sep 17, 2025 8:49:58 PM java.util.prefs.FileSystemPreferences checkLockFile0ErrorCode
2025-09-17 20:49:58,073 [ERROR] LogOutputStream:75 - [STDERR_REDIRECT] WARNING: Could not lock System prefs. Unix error code 2.
2025-09-17 20:49:58,074 [ERROR] LogOutputStream:75 - [STDERR_REDIRECT] 
2025-09-17 20:49:58,074 [ERROR] LogOutputStream:75 - [STDERR_REDIRECT] Sep 17, 2025 8:49:58 PM java.util.prefs.FileSystemPreferences syncWorld
2025-09-17 20:49:58,074 [ERROR] LogOutputStream:75 - [STDERR_REDIRECT] WARNING: Couldn't flush system prefs: java.util.prefs.BackingStoreException: Couldn't get file lock.
2025-09-17 20:49:58,074 [ERROR] LogOutputStream:75 - [STDERR_REDIRECT] 
2025-09-17 20:50:28,073 [ERROR] LogOutputStream:75 - [STDERR_REDIRECT] Sep 17, 2025 8:50:28 PM java.util.prefs.FileSystemPreferences checkLockFile0ErrorCode
2025-09-17 20:50:28,073 [ERROR] LogOutputStream:75 - [STDERR_REDIRECT] WARNING: Could not lock System prefs. Unix error code 2.
2025-09-17 20:50:28,073 [ERROR] LogOutputStream:75 - [STDERR_REDIRECT] 
2025-09-17 20:50:28,073 [ERROR] LogOutputStream:75 - [STDERR_REDIRECT] Sep 17, 2025 8:50:28 PM java.util.prefs.FileSystemPreferences syncWorld
2025-09-17 20:50:28,073 [ERROR] LogOutputStream:75 - [STDERR_REDIRECT] WARNING: Couldn't flush system prefs: java.util.prefs.BackingStoreException: Couldn't get file lock.
2025-09-17 20:50:28,074 [ERROR] LogOutputStream:75 - [STDERR_REDIRECT] 
2025-09-17 20:50:58,072 [ERROR] LogOutputStream:75 - [STDERR_REDIRECT] Sep 17, 2025 8:50:58 PM java.util.prefs.FileSystemPreferences checkLockFile0ErrorCode
2025-09-17 20:50:58,073 [ERROR] LogOutputStream:75 - [STDERR_REDIRECT] WARNING: Could not lock System prefs. Unix error code 2.
2025-09-17 20:50:58,073 [ERROR] LogOutputStream:75 - [STDERR_REDIRECT] 
2025-09-17 20:50:58,073 [ERROR] LogOutputStream:75 - [STDERR_REDIRECT] Sep 17, 2025 8:50:58 PM java.util.prefs.FileSystemPreferences syncWorld
2025-09-17 20:50:58,073 [ERROR] LogOutputStream:75 - [STDERR_REDIRECT] WARNING: Couldn't flush system prefs: java.util.prefs.BackingStoreException: Couldn't get file lock.
2025-09-17 20:50:58,073 [ERROR] LogOutputStream:75 - [STDERR_REDIRECT] 
2025-09-17 20:51:28,074 [ERROR] LogOutputStream:75 - [STDERR_REDIRECT] Sep 17, 2025 8:51:28 PM java.util.prefs.FileSystemPreferences checkLockFile0ErrorCode
2025-09-17 20:51:28,074 [ERROR] LogOutputStream:75 - [STDERR_REDIRECT] WARNING: Could not lock System prefs. Unix error code 2.
2025-09-17 20:51:28,074 [ERROR] LogOutputStream:75 - [STDERR_REDIRECT] 
2025-09-17 20:51:28,074 [ERROR] LogOutputStream:75 - [STDERR_REDIRECT] Sep 17, 2025 8:51:28 PM java.util.prefs.FileSystemPreferences syncWorld
2025-09-17 20:51:28,074 [ERROR] LogOutputStream:75 - [STDERR_REDIRECT] WARNING: Couldn't flush system prefs: java.util.prefs.BackingStoreException: Couldn't get file lock.
2025-09-17 20:51:28,074 [ERROR] LogOutputStream:75 - [STDERR_REDIRECT] 
2025-09-17 20:51:58,073 [ERROR] LogOutputStream:75 - [STDERR_REDIRECT] Sep 17, 2025 8:51:58 PM java.util.prefs.FileSystemPreferences checkLockFile0ErrorCode
2025-09-17 20:51:58,073 [ERROR] LogOutputStream:75 - [STDERR_REDIRECT] WARNING: Could not lock System prefs. Unix error code 2.
2025-09-17 20:51:58,073 [ERROR] LogOutputStream:75 - [STDERR_REDIRECT] 
2025-09-17 20:51:58,074 [ERROR] LogOutputStream:75 - [STDERR_REDIRECT] Sep 17, 2025 8:51:58 PM java.util.prefs.FileSystemPreferences syncWorld
2025-09-17 20:51:58,074 [ERROR] LogOutputStream:75 - [STDERR_REDIRECT] WARNING: Couldn't flush system prefs: java.util.prefs.BackingStoreException: Couldn't get file lock.
2025-09-17 20:51:58,074 [ERROR] LogOutputStream:75 - [STDERR_REDIRECT] 
2025-09-17 20:52:28,075 [ERROR] LogOutputStream:75 - [STDERR_REDIRECT] Sep 17, 2025 8:52:28 PM java.util.prefs.FileSystemPreferences checkLockFile0ErrorCode
2025-09-17 20:52:28,075 [ERROR] LogOutputStream:75 - [STDERR_REDIRECT] WARNING: Could not lock System prefs. Unix error code 2.
2025-09-17 20:52:28,076 [ERROR] LogOutputStream:75 - [STDERR_REDIRECT] 
2025-09-17 20:52:28,076 [ERROR] LogOutputStream:75 - [STDERR_REDIRECT] Sep 17, 2025 8:52:28 PM java.util.prefs.FileSystemPreferences syncWorld
2025-09-17 20:52:28,076 [ERROR] LogOutputStream:75 - [STDERR_REDIRECT] WARNING: Couldn't flush system prefs: java.util.prefs.BackingStoreException: Couldn't get file lock.
2025-09-17 20:52:28,076 [ERROR] LogOutputStream:75 - [STDERR_REDIRECT] 
2025-09-17 20:52:58,074 [ERROR] LogOutputStream:75 - [STDERR_REDIRECT] Sep 17, 2025 8:52:58 PM java.util.prefs.FileSystemPreferences checkLockFile0ErrorCode
2025-09-17 20:52:58,075 [ERROR] LogOutputStream:75 - [STDERR_REDIRECT] WARNING: Could not lock System prefs. Unix error code 2.
2025-09-17 20:52:58,075 [ERROR] LogOutputStream:75 - [STDERR_REDIRECT] 
2025-09-17 20:52:58,075 [ERROR] LogOutputStream:75 - [STDERR_REDIRECT] Sep 17, 2025 8:52:58 PM java.util.prefs.FileSystemPreferences syncWorld
2025-09-17 20:52:58,075 [ERROR] LogOutputStream:75 - [STDERR_REDIRECT] WARNING: Couldn't flush system prefs: java.util.prefs.BackingStoreException: Couldn't get file lock.
2025-09-17 20:52:58,075 [ERROR] LogOutputStream:75 - [STDERR_REDIRECT] 
2025-09-17 20:53:28,074 [ERROR] LogOutputStream:75 - [STDERR_REDIRECT] Sep 17, 2025 8:53:28 PM java.util.prefs.FileSystemPreferences checkLockFile0ErrorCode
2025-09-17 20:53:28,074 [ERROR] LogOutputStream:75 - [STDERR_REDIRECT] WARNING: Could not lock System prefs. Unix error code 2.
2025-09-17 20:53:28,074 [ERROR] LogOutputStream:75 - [STDERR_REDIRECT] 
2025-09-17 20:53:28,074 [ERROR] LogOutputStream:75 - [STDERR_REDIRECT] Sep 17, 2025 8:53:28 PM java.util.prefs.FileSystemPreferences syncWorld
2025-09-17 20:53:28,074 [ERROR] LogOutputStream:75 - [STDERR_REDIRECT] WARNING: Couldn't flush system prefs: java.util.prefs.BackingStoreException: Couldn't get file lock.
2025-09-17 20:53:28,074 [ERROR] LogOutputStream:75 - [STDERR_REDIRECT] 
2025-09-17 20:53:58,074 [ERROR] LogOutputStream:75 - [STDERR_REDIRECT] Sep 17, 2025 8:53:58 PM java.util.prefs.FileSystemPreferences checkLockFile0ErrorCode
2025-09-17 20:53:58,074 [ERROR] LogOutputStream:75 - [STDERR_REDIRECT] WARNING: Could not lock System prefs. Unix error code 2.
2025-09-17 20:53:58,074 [ERROR] LogOutputStream:75 - [STDERR_REDIRECT] 
2025-09-17 20:53:58,074 [ERROR] LogOutputStream:75 - [STDERR_REDIRECT] Sep 17, 2025 8:53:58 PM java.util.prefs.FileSystemPreferences syncWorld
2025-09-17 20:53:58,074 [ERROR] LogOutputStream:75 - [STDERR_REDIRECT] WARNING: Couldn't flush system prefs: java.util.prefs.BackingStoreException: Couldn't get file lock.
2025-09-17 20:53:58,074 [ERROR] LogOutputStream:75 - [STDERR_REDIRECT] 
2025-09-17 20:54:28,074 [ERROR] LogOutputStream:75 - [STDERR_REDIRECT] Sep 17, 2025 8:54:28 PM java.util.prefs.FileSystemPreferences checkLockFile0ErrorCode
2025-09-17 20:54:28,074 [ERROR] LogOutputStream:75 - [STDERR_REDIRECT] WARNING: Could not lock System prefs. Unix error code 2.
2025-09-17 20:54:28,074 [ERROR] LogOutputStream:75 - [STDERR_REDIRECT] 
2025-09-17 20:54:28,074 [ERROR] LogOutputStream:75 - [STDERR_REDIRECT] Sep 17, 2025 8:54:28 PM java.util.prefs.FileSystemPreferences syncWorld
2025-09-17 20:54:28,074 [ERROR] LogOutputStream:75 - [STDERR_REDIRECT] WARNING: Couldn't flush system prefs: java.util.prefs.BackingStoreException: Couldn't get file lock.
2025-09-17 20:54:28,075 [ERROR] LogOutputStream:75 - [STDERR_REDIRECT] 
2025-09-17 20:54:58,073 [ERROR] LogOutputStream:75 - [STDERR_REDIRECT] Sep 17, 2025 8:54:58 PM java.util.prefs.FileSystemPreferences checkLockFile0ErrorCode
2025-09-17 20:54:58,073 [ERROR] LogOutputStream:75 - [STDERR_REDIRECT] WARNING: Could not lock System prefs. Unix error code 2.
2025-09-17 20:54:58,073 [ERROR] LogOutputStream:75 - [STDERR_REDIRECT] 
2025-09-17 20:54:58,073 [ERROR] LogOutputStream:75 - [STDERR_REDIRECT] Sep 17, 2025 8:54:58 PM java.util.prefs.FileSystemPreferences syncWorld
2025-09-17 20:54:58,074 [ERROR] LogOutputStream:75 - [STDERR_REDIRECT] WARNING: Couldn't flush system prefs: java.util.prefs.BackingStoreException: Couldn't get file lock.
2025-09-17 20:54:58,074 [ERROR] LogOutputStream:75 - [STDERR_REDIRECT] 
2025-09-17 20:55:28,073 [ERROR] LogOutputStream:75 - [STDERR_REDIRECT] Sep 17, 2025 8:55:28 PM java.util.prefs.FileSystemPreferences checkLockFile0ErrorCode
2025-09-17 20:55:28,074 [ERROR] LogOutputStream:75 - [STDERR_REDIRECT] WARNING: Could not lock System prefs. Unix error code 2.
2025-09-17 20:55:28,074 [ERROR] LogOutputStream:75 - [STDERR_REDIRECT] 
2025-09-17 20:55:28,074 [ERROR] LogOutputStream:75 - [STDERR_REDIRECT] Sep 17, 2025 8:55:28 PM java.util.prefs.FileSystemPreferences syncWorld
2025-09-17 20:55:28,074 [ERROR] LogOutputStream:75 - [STDERR_REDIRECT] WARNING: Couldn't flush system prefs: java.util.prefs.BackingStoreException: Couldn't get file lock.
2025-09-17 20:55:28,074 [ERROR] LogOutputStream:75 - [STDERR_REDIRECT] 
2025-09-17 20:55:58,074 [ERROR] LogOutputStream:75 - [STDERR_REDIRECT] Sep 17, 2025 8:55:58 PM java.util.prefs.FileSystemPreferences checkLockFile0ErrorCode
2025-09-17 20:55:58,074 [ERROR] LogOutputStream:75 - [STDERR_REDIRECT] WARNING: Could not lock System prefs. Unix error code 2.
2025-09-17 20:55:58,074 [ERROR] LogOutputStream:75 - [STDERR_REDIRECT] 
2025-09-17 20:55:58,075 [ERROR] LogOutputStream:75 - [STDERR_REDIRECT] Sep 17, 2025 8:55:58 PM java.util.prefs.FileSystemPreferences syncWorld
2025-09-17 20:55:58,075 [ERROR] LogOutputStream:75 - [STDERR_REDIRECT] WARNING: Couldn't flush system prefs: java.util.prefs.BackingStoreException: Couldn't get file lock.
2025-09-17 20:55:58,075 [ERROR] LogOutputStream:75 - [STDERR_REDIRECT] 
2025-09-17 20:56:28,073 [ERROR] LogOutputStream:75 - [STDERR_REDIRECT] Sep 17, 2025 8:56:28 PM java.util.prefs.FileSystemPreferences checkLockFile0ErrorCode
2025-09-17 20:56:28,074 [ERROR] LogOutputStream:75 - [STDERR_REDIRECT] WARNING: Could not lock System prefs. Unix error code 2.
2025-09-17 20:56:28,074 [ERROR] LogOutputStream:75 - [STDERR_REDIRECT] 
2025-09-17 20:56:28,074 [ERROR] LogOutputStream:75 - [STDERR_REDIRECT] Sep 17, 2025 8:56:28 PM java.util.prefs.FileSystemPreferences syncWorld
2025-09-17 20:56:28,074 [ERROR] LogOutputStream:75 - [STDERR_REDIRECT] WARNING: Couldn't flush system prefs: java.util.prefs.BackingStoreException: Couldn't get file lock.
2025-09-17 20:56:28,074 [ERROR] LogOutputStream:75 - [STDERR_REDIRECT] 
2025-09-17 20:56:58,074 [ERROR] LogOutputStream:75 - [STDERR_REDIRECT] Sep 17, 2025 8:56:58 PM java.util.prefs.FileSystemPreferences checkLockFile0ErrorCode
2025-09-17 20:56:58,074 [ERROR] LogOutputStream:75 - [STDERR_REDIRECT] WARNING: Could not lock System prefs. Unix error code 2.
2025-09-17 20:56:58,074 [ERROR] LogOutputStream:75 - [STDERR_REDIRECT] 
2025-09-17 20:56:58,074 [ERROR] LogOutputStream:75 - [STDERR_REDIRECT] Sep 17, 2025 8:56:58 PM java.util.prefs.FileSystemPreferences syncWorld
2025-09-17 20:56:58,074 [ERROR] LogOutputStream:75 - [STDERR_REDIRECT] WARNING: Couldn't flush system prefs: java.util.prefs.BackingStoreException: Couldn't get file lock.
2025-09-17 20:56:58,074 [ERROR] LogOutputStream:75 - [STDERR_REDIRECT] 
2025-09-17 20:57:28,074 [ERROR] LogOutputStream:75 - [STDERR_REDIRECT] Sep 17, 2025 8:57:28 PM java.util.prefs.FileSystemPreferences checkLockFile0ErrorCode
2025-09-17 20:57:28,074 [ERROR] LogOutputStream:75 - [STDERR_REDIRECT] WARNING: Could not lock System prefs. Unix error code 2.
2025-09-17 20:57:28,074 [ERROR] LogOutputStream:75 - [STDERR_REDIRECT] 
2025-09-17 20:57:28,075 [ERROR] LogOutputStream:75 - [STDERR_REDIRECT] Sep 17, 2025 8:57:28 PM java.util.prefs.FileSystemPreferences syncWorld
2025-09-17 20:57:28,075 [ERROR] LogOutputStream:75 - [STDERR_REDIRECT] WARNING: Couldn't flush system prefs: java.util.prefs.BackingStoreException: Couldn't get file lock.
2025-09-17 20:57:28,075 [ERROR] LogOutputStream:75 - [STDERR_REDIRECT] 
2025-09-17 20:57:58,074 [ERROR] LogOutputStream:75 - [STDERR_REDIRECT] Sep 17, 2025 8:57:58 PM java.util.prefs.FileSystemPreferences checkLockFile0ErrorCode
2025-09-17 20:57:58,074 [ERROR] LogOutputStream:75 - [STDERR_REDIRECT] WARNING: Could not lock System prefs. Unix error code 2.
2025-09-17 20:57:58,074 [ERROR] LogOutputStream:75 - [STDERR_REDIRECT] 
2025-09-17 20:57:58,075 [ERROR] LogOutputStream:75 - [STDERR_REDIRECT] Sep 17, 2025 8:57:58 PM java.util.prefs.FileSystemPreferences syncWorld
2025-09-17 20:57:58,075 [ERROR] LogOutputStream:75 - [STDERR_REDIRECT] WARNING: Couldn't flush system prefs: java.util.prefs.BackingStoreException: Couldn't get file lock.
2025-09-17 20:57:58,075 [ERROR] LogOutputStream:75 - [STDERR_REDIRECT] 
2025-09-17 20:58:28,074 [ERROR] LogOutputStream:75 - [STDERR_REDIRECT] Sep 17, 2025 8:58:28 PM java.util.prefs.FileSystemPreferences checkLockFile0ErrorCode
2025-09-17 20:58:28,075 [ERROR] LogOutputStream:75 - [STDERR_REDIRECT] WARNING: Could not lock System prefs. Unix error code 2.
2025-09-17 20:58:28,075 [ERROR] LogOutputStream:75 - [STDERR_REDIRECT] 
2025-09-17 20:58:28,075 [ERROR] LogOutputStream:75 - [STDERR_REDIRECT] Sep 17, 2025 8:58:28 PM java.util.prefs.FileSystemPreferences syncWorld
2025-09-17 20:58:28,075 [ERROR] LogOutputStream:75 - [STDERR_REDIRECT] WARNING: Couldn't flush system prefs: java.util.prefs.BackingStoreException: Couldn't get file lock.
2025-09-17 20:58:28,075 [ERROR] LogOutputStream:75 - [STDERR_REDIRECT] 
2025-09-17 20:58:58,075 [ERROR] LogOutputStream:75 - [STDERR_REDIRECT] Sep 17, 2025 8:58:58 PM java.util.prefs.FileSystemPreferences checkLockFile0ErrorCode
2025-09-17 20:58:58,075 [ERROR] LogOutputStream:75 - [STDERR_REDIRECT] WARNING: Could not lock System prefs. Unix error code 2.
2025-09-17 20:58:58,075 [ERROR] LogOutputStream:75 - [STDERR_REDIRECT] 
2025-09-17 20:58:58,075 [ERROR] LogOutputStream:75 - [STDERR_REDIRECT] Sep 17, 2025 8:58:58 PM java.util.prefs.FileSystemPreferences syncWorld
2025-09-17 20:58:58,075 [ERROR] LogOutputStream:75 - [STDERR_REDIRECT] WARNING: Couldn't flush system prefs: java.util.prefs.BackingStoreException: Couldn't get file lock.
2025-09-17 20:58:58,075 [ERROR] LogOutputStream:75 - [STDERR_REDIRECT] 
2025-09-17 20:59:28,077 [ERROR] LogOutputStream:75 - [STDERR_REDIRECT] Sep 17, 2025 8:59:28 PM java.util.prefs.FileSystemPreferences checkLockFile0ErrorCode
2025-09-17 20:59:28,078 [ERROR] LogOutputStream:75 - [STDERR_REDIRECT] WARNING: Could not lock System prefs. Unix error code 2.
2025-09-17 20:59:28,078 [ERROR] LogOutputStream:75 - [STDERR_REDIRECT] 
2025-09-17 20:59:28,078 [ERROR] LogOutputStream:75 - [STDERR_REDIRECT] Sep 17, 2025 8:59:28 PM java.util.prefs.FileSystemPreferences syncWorld
2025-09-17 20:59:28,078 [ERROR] LogOutputStream:75 - [STDERR_REDIRECT] WARNING: Couldn't flush system prefs: java.util.prefs.BackingStoreException: Couldn't get file lock.
2025-09-17 20:59:28,078 [ERROR] LogOutputStream:75 - [STDERR_REDIRECT] 
2025-09-17 20:59:58,075 [ERROR] LogOutputStream:75 - [STDERR_REDIRECT] Sep 17, 2025 8:59:58 PM java.util.prefs.FileSystemPreferences checkLockFile0ErrorCode
2025-09-17 20:59:58,075 [ERROR] LogOutputStream:75 - [STDERR_REDIRECT] WARNING: Could not lock System prefs. Unix error code 2.
2025-09-17 20:59:58,075 [ERROR] LogOutputStream:75 - [STDERR_REDIRECT] 
2025-09-17 20:59:58,076 [ERROR] LogOutputStream:75 - [STDERR_REDIRECT] Sep 17, 2025 8:59:58 PM java.util.prefs.FileSystemPreferences syncWorld
2025-09-17 20:59:58,076 [ERROR] LogOutputStream:75 - [STDERR_REDIRECT] WARNING: Couldn't flush system prefs: java.util.prefs.BackingStoreException: Couldn't get file lock.
2025-09-17 20:59:58,076 [ERROR] LogOutputStream:75 - [STDERR_REDIRECT] 
2025-09-17 21:00:28,076 [ERROR] LogOutputStream:75 - [STDERR_REDIRECT] Sep 17, 2025 9:00:28 PM java.util.prefs.FileSystemPreferences checkLockFile0ErrorCode
2025-09-17 21:00:28,076 [ERROR] LogOutputStream:75 - [STDERR_REDIRECT] WARNING: Could not lock System prefs. Unix error code 2.
2025-09-17 21:00:28,076 [ERROR] LogOutputStream:75 - [STDERR_REDIRECT] 
2025-09-17 21:00:28,076 [ERROR] LogOutputStream:75 - [STDERR_REDIRECT] Sep 17, 2025 9:00:28 PM java.util.prefs.FileSystemPreferences syncWorld
2025-09-17 21:00:28,076 [ERROR] LogOutputStream:75 - [STDERR_REDIRECT] WARNING: Couldn't flush system prefs: java.util.prefs.BackingStoreException: Couldn't get file lock.
2025-09-17 21:00:28,076 [ERROR] LogOutputStream:75 - [STDERR_REDIRECT] 
2025-09-17 21:00:58,076 [ERROR] LogOutputStream:75 - [STDERR_REDIRECT] Sep 17, 2025 9:00:58 PM java.util.prefs.FileSystemPreferences checkLockFile0ErrorCode
2025-09-17 21:00:58,076 [ERROR] LogOutputStream:75 - [STDERR_REDIRECT] WARNING: Could not lock System prefs. Unix error code 2.
2025-09-17 21:00:58,076 [ERROR] LogOutputStream:75 - [STDERR_REDIRECT] 
2025-09-17 21:00:58,076 [ERROR] LogOutputStream:75 - [STDERR_REDIRECT] Sep 17, 2025 9:00:58 PM java.util.prefs.FileSystemPreferences syncWorld
2025-09-17 21:00:58,076 [ERROR] LogOutputStream:75 - [STDERR_REDIRECT] WARNING: Couldn't flush system prefs: java.util.prefs.BackingStoreException: Couldn't get file lock.
2025-09-17 21:00:58,077 [ERROR] LogOutputStream:75 - [STDERR_REDIRECT] 
2025-09-17 21:01:28,075 [ERROR] LogOutputStream:75 - [STDERR_REDIRECT] Sep 17, 2025 9:01:28 PM java.util.prefs.FileSystemPreferences checkLockFile0ErrorCode
2025-09-17 21:01:28,075 [ERROR] LogOutputStream:75 - [STDERR_REDIRECT] WARNING: Could not lock System prefs. Unix error code 2.
2025-09-17 21:01:28,075 [ERROR] LogOutputStream:75 - [STDERR_REDIRECT] 
2025-09-17 21:01:28,076 [ERROR] LogOutputStream:75 - [STDERR_REDIRECT] Sep 17, 2025 9:01:28 PM java.util.prefs.FileSystemPreferences syncWorld
2025-09-17 21:01:28,076 [ERROR] LogOutputStream:75 - [STDERR_REDIRECT] WARNING: Couldn't flush system prefs: java.util.prefs.BackingStoreException: Couldn't get file lock.
2025-09-17 21:01:28,076 [ERROR] LogOutputStream:75 - [STDERR_REDIRECT] 
2025-09-17 21:01:58,076 [ERROR] LogOutputStream:75 - [STDERR_REDIRECT] Sep 17, 2025 9:01:58 PM java.util.prefs.FileSystemPreferences checkLockFile0ErrorCode
2025-09-17 21:01:58,076 [ERROR] LogOutputStream:75 - [STDERR_REDIRECT] WARNING: Could not lock System prefs. Unix error code 2.
2025-09-17 21:01:58,076 [ERROR] LogOutputStream:75 - [STDERR_REDIRECT] 
2025-09-17 21:01:58,076 [ERROR] LogOutputStream:75 - [STDERR_REDIRECT] Sep 17, 2025 9:01:58 PM java.util.prefs.FileSystemPreferences syncWorld
2025-09-17 21:01:58,076 [ERROR] LogOutputStream:75 - [STDERR_REDIRECT] WARNING: Couldn't flush system prefs: java.util.prefs.BackingStoreException: Couldn't get file lock.
2025-09-17 21:01:58,076 [ERROR] LogOutputStream:75 - [STDERR_REDIRECT] 
2025-09-17 21:02:28,079 [ERROR] LogOutputStream:75 - [STDERR_REDIRECT] Sep 17, 2025 9:02:28 PM java.util.prefs.FileSystemPreferences checkLockFile0ErrorCode
2025-09-17 21:02:28,079 [ERROR] LogOutputStream:75 - [STDERR_REDIRECT] WARNING: Could not lock System prefs. Unix error code 2.
2025-09-17 21:02:28,079 [ERROR] LogOutputStream:75 - [STDERR_REDIRECT] 
2025-09-17 21:02:28,080 [ERROR] LogOutputStream:75 - [STDERR_REDIRECT] Sep 17, 2025 9:02:28 PM java.util.prefs.FileSystemPreferences syncWorld
2025-09-17 21:02:28,080 [ERROR] LogOutputStream:75 - [STDERR_REDIRECT] WARNING: Couldn't flush system prefs: java.util.prefs.BackingStoreException: Couldn't get file lock.
2025-09-17 21:02:28,080 [ERROR] LogOutputStream:75 - [STDERR_REDIRECT] 
2025-09-17 21:02:58,075 [ERROR] LogOutputStream:75 - [STDERR_REDIRECT] Sep 17, 2025 9:02:58 PM java.util.prefs.FileSystemPreferences checkLockFile0ErrorCode
2025-09-17 21:02:58,075 [ERROR] LogOutputStream:75 - [STDERR_REDIRECT] WARNING: Could not lock System prefs. Unix error code 2.
2025-09-17 21:02:58,076 [ERROR] LogOutputStream:75 - [STDERR_REDIRECT] 
2025-09-17 21:02:58,076 [ERROR] LogOutputStream:75 - [STDERR_REDIRECT] Sep 17, 2025 9:02:58 PM java.util.prefs.FileSystemPreferences syncWorld
2025-09-17 21:02:58,076 [ERROR] LogOutputStream:75 - [STDERR_REDIRECT] WARNING: Couldn't flush system prefs: java.util.prefs.BackingStoreException: Couldn't get file lock.
2025-09-17 21:02:58,076 [ERROR] LogOutputStream:75 - [STDERR_REDIRECT] 
2025-09-17 21:03:28,078 [ERROR] LogOutputStream:75 - [STDERR_REDIRECT] Sep 17, 2025 9:03:28 PM java.util.prefs.FileSystemPreferences checkLockFile0ErrorCode
2025-09-17 21:03:28,078 [ERROR] LogOutputStream:75 - [STDERR_REDIRECT] WARNING: Could not lock System prefs. Unix error code 2.
2025-09-17 21:03:28,078 [ERROR] LogOutputStream:75 - [STDERR_REDIRECT] 
2025-09-17 21:03:28,078 [ERROR] LogOutputStream:75 - [STDERR_REDIRECT] Sep 17, 2025 9:03:28 PM java.util.prefs.FileSystemPreferences syncWorld
2025-09-17 21:03:28,078 [ERROR] LogOutputStream:75 - [STDERR_REDIRECT] WARNING: Couldn't flush system prefs: java.util.prefs.BackingStoreException: Couldn't get file lock.
2025-09-17 21:03:28,078 [ERROR] LogOutputStream:75 - [STDERR_REDIRECT] 
2025-09-17 21:03:58,076 [ERROR] LogOutputStream:75 - [STDERR_REDIRECT] Sep 17, 2025 9:03:58 PM java.util.prefs.FileSystemPreferences checkLockFile0ErrorCode
2025-09-17 21:03:58,076 [ERROR] LogOutputStream:75 - [STDERR_REDIRECT] WARNING: Could not lock System prefs. Unix error code 2.
2025-09-17 21:03:58,076 [ERROR] LogOutputStream:75 - [STDERR_REDIRECT] 
2025-09-17 21:03:58,076 [ERROR] LogOutputStream:75 - [STDERR_REDIRECT] Sep 17, 2025 9:03:58 PM java.util.prefs.FileSystemPreferences syncWorld
2025-09-17 21:03:58,076 [ERROR] LogOutputStream:75 - [STDERR_REDIRECT] WARNING: Couldn't flush system prefs: java.util.prefs.BackingStoreException: Couldn't get file lock.
2025-09-17 21:03:58,076 [ERROR] LogOutputStream:75 - [STDERR_REDIRECT] 
2025-09-17 21:04:28,076 [ERROR] LogOutputStream:75 - [STDERR_REDIRECT] Sep 17, 2025 9:04:28 PM java.util.prefs.FileSystemPreferences checkLockFile0ErrorCode
2025-09-17 21:04:28,076 [ERROR] LogOutputStream:75 - [STDERR_REDIRECT] WARNING: Could not lock System prefs. Unix error code 2.
2025-09-17 21:04:28,076 [ERROR] LogOutputStream:75 - [STDERR_REDIRECT] 
2025-09-17 21:04:28,076 [ERROR] LogOutputStream:75 - [STDERR_REDIRECT] Sep 17, 2025 9:04:28 PM java.util.prefs.FileSystemPreferences syncWorld
2025-09-17 21:04:28,076 [ERROR] LogOutputStream:75 - [STDERR_REDIRECT] WARNING: Couldn't flush system prefs: java.util.prefs.BackingStoreException: Couldn't get file lock.
2025-09-17 21:04:28,076 [ERROR] LogOutputStream:75 - [STDERR_REDIRECT] 
2025-09-17 21:04:58,078 [ERROR] LogOutputStream:75 - [STDERR_REDIRECT] Sep 17, 2025 9:04:58 PM java.util.prefs.FileSystemPreferences checkLockFile0ErrorCode
2025-09-17 21:04:58,078 [ERROR] LogOutputStream:75 - [STDERR_REDIRECT] WARNING: Could not lock System prefs. Unix error code 2.
2025-09-17 21:04:58,078 [ERROR] LogOutputStream:75 - [STDERR_REDIRECT] 
2025-09-17 21:04:58,078 [ERROR] LogOutputStream:75 - [STDERR_REDIRECT] Sep 17, 2025 9:04:58 PM java.util.prefs.FileSystemPreferences syncWorld
2025-09-17 21:04:58,079 [ERROR] LogOutputStream:75 - [STDERR_REDIRECT] WARNING: Couldn't flush system prefs: java.util.prefs.BackingStoreException: Couldn't get file lock.
2025-09-17 21:04:58,079 [ERROR] LogOutputStream:75 - [STDERR_REDIRECT] 
2025-09-17 21:05:28,076 [ERROR] LogOutputStream:75 - [STDERR_REDIRECT] Sep 17, 2025 9:05:28 PM java.util.prefs.FileSystemPreferences checkLockFile0ErrorCode
2025-09-17 21:05:28,076 [ERROR] LogOutputStream:75 - [STDERR_REDIRECT] WARNING: Could not lock System prefs. Unix error code 2.
2025-09-17 21:05:28,076 [ERROR] LogOutputStream:75 - [STDERR_REDIRECT] 
2025-09-17 21:05:28,076 [ERROR] LogOutputStream:75 - [STDERR_REDIRECT] Sep 17, 2025 9:05:28 PM java.util.prefs.FileSystemPreferences syncWorld
2025-09-17 21:05:28,076 [ERROR] LogOutputStream:75 - [STDERR_REDIRECT] WARNING: Couldn't flush system prefs: java.util.prefs.BackingStoreException: Couldn't get file lock.
2025-09-17 21:05:28,076 [ERROR] LogOutputStream:75 - [STDERR_REDIRECT] 
2025-09-17 21:05:58,077 [ERROR] LogOutputStream:75 - [STDERR_REDIRECT] Sep 17, 2025 9:05:58 PM java.util.prefs.FileSystemPreferences checkLockFile0ErrorCode
2025-09-17 21:05:58,078 [ERROR] LogOutputStream:75 - [STDERR_REDIRECT] WARNING: Could not lock System prefs. Unix error code 2.
2025-09-17 21:05:58,078 [ERROR] LogOutputStream:75 - [STDERR_REDIRECT] 
2025-09-17 21:05:58,078 [ERROR] LogOutputStream:75 - [STDERR_REDIRECT] Sep 17, 2025 9:05:58 PM java.util.prefs.FileSystemPreferences syncWorld
2025-09-17 21:05:58,078 [ERROR] LogOutputStream:75 - [STDERR_REDIRECT] WARNING: Couldn't flush system prefs: java.util.prefs.BackingStoreException: Couldn't get file lock.
2025-09-17 21:05:58,078 [ERROR] LogOutputStream:75 - [STDERR_REDIRECT] 
2025-09-17 21:06:28,077 [ERROR] LogOutputStream:75 - [STDERR_REDIRECT] Sep 17, 2025 9:06:28 PM java.util.prefs.FileSystemPreferences checkLockFile0ErrorCode
2025-09-17 21:06:28,078 [ERROR] LogOutputStream:75 - [STDERR_REDIRECT] WARNING: Could not lock System prefs. Unix error code 2.
2025-09-17 21:06:28,078 [ERROR] LogOutputStream:75 - [STDERR_REDIRECT] 
2025-09-17 21:06:28,078 [ERROR] LogOutputStream:75 - [STDERR_REDIRECT] Sep 17, 2025 9:06:28 PM java.util.prefs.FileSystemPreferences syncWorld
2025-09-17 21:06:28,078 [ERROR] LogOutputStream:75 - [STDERR_REDIRECT] WARNING: Couldn't flush system prefs: java.util.prefs.BackingStoreException: Couldn't get file lock.
2025-09-17 21:06:28,078 [ERROR] LogOutputStream:75 - [STDERR_REDIRECT] 
2025-09-17 21:06:58,079 [ERROR] LogOutputStream:75 - [STDERR_REDIRECT] Sep 17, 2025 9:06:58 PM java.util.prefs.FileSystemPreferences checkLockFile0ErrorCode
2025-09-17 21:06:58,080 [ERROR] LogOutputStream:75 - [STDERR_REDIRECT] WARNING: Could not lock System prefs. Unix error code 2.
2025-09-17 21:06:58,080 [ERROR] LogOutputStream:75 - [STDERR_REDIRECT] 
2025-09-17 21:06:58,080 [ERROR] LogOutputStream:75 - [STDERR_REDIRECT] Sep 17, 2025 9:06:58 PM java.util.prefs.FileSystemPreferences syncWorld
2025-09-17 21:06:58,080 [ERROR] LogOutputStream:75 - [STDERR_REDIRECT] WARNING: Couldn't flush system prefs: java.util.prefs.BackingStoreException: Couldn't get file lock.
2025-09-17 21:06:58,080 [ERROR] LogOutputStream:75 - [STDERR_REDIRECT] 
2025-09-17 21:07:28,077 [ERROR] LogOutputStream:75 - [STDERR_REDIRECT] Sep 17, 2025 9:07:28 PM java.util.prefs.FileSystemPreferences checkLockFile0ErrorCode
2025-09-17 21:07:28,077 [ERROR] LogOutputStream:75 - [STDERR_REDIRECT] WARNING: Could not lock System prefs. Unix error code 2.
2025-09-17 21:07:28,077 [ERROR] LogOutputStream:75 - [STDERR_REDIRECT] 
2025-09-17 21:07:28,078 [ERROR] LogOutputStream:75 - [STDERR_REDIRECT] Sep 17, 2025 9:07:28 PM java.util.prefs.FileSystemPreferences syncWorld
2025-09-17 21:07:28,078 [ERROR] LogOutputStream:75 - [STDERR_REDIRECT] WARNING: Couldn't flush system prefs: java.util.prefs.BackingStoreException: Couldn't get file lock.
2025-09-17 21:07:28,078 [ERROR] LogOutputStream:75 - [STDERR_REDIRECT] 
2025-09-17 21:07:58,076 [ERROR] LogOutputStream:75 - [STDERR_REDIRECT] Sep 17, 2025 9:07:58 PM java.util.prefs.FileSystemPreferences checkLockFile0ErrorCode
2025-09-17 21:07:58,077 [ERROR] LogOutputStream:75 - [STDERR_REDIRECT] WARNING: Could not lock System prefs. Unix error code 2.
2025-09-17 21:07:58,077 [ERROR] LogOutputStream:75 - [STDERR_REDIRECT] 
2025-09-17 21:07:58,077 [ERROR] LogOutputStream:75 - [STDERR_REDIRECT] Sep 17, 2025 9:07:58 PM java.util.prefs.FileSystemPreferences syncWorld
2025-09-17 21:07:58,077 [ERROR] LogOutputStream:75 - [STDERR_REDIRECT] WARNING: Couldn't flush system prefs: java.util.prefs.BackingStoreException: Couldn't get file lock.
2025-09-17 21:07:58,077 [ERROR] LogOutputStream:75 - [STDERR_REDIRECT] 
2025-09-17 21:08:28,076 [ERROR] LogOutputStream:75 - [STDERR_REDIRECT] Sep 17, 2025 9:08:28 PM java.util.prefs.FileSystemPreferences checkLockFile0ErrorCode
2025-09-17 21:08:28,077 [ERROR] LogOutputStream:75 - [STDERR_REDIRECT] WARNING: Could not lock System prefs. Unix error code 2.
2025-09-17 21:08:28,077 [ERROR] LogOutputStream:75 - [STDERR_REDIRECT] 
2025-09-17 21:08:28,077 [ERROR] LogOutputStream:75 - [STDERR_REDIRECT] Sep 17, 2025 9:08:28 PM java.util.prefs.FileSystemPreferences syncWorld
2025-09-17 21:08:28,078 [ERROR] LogOutputStream:75 - [STDERR_REDIRECT] WARNING: Couldn't flush system prefs: java.util.prefs.BackingStoreException: Couldn't get file lock.
2025-09-17 21:08:28,078 [ERROR] LogOutputStream:75 - [STDERR_REDIRECT] 
2025-09-17 21:08:58,076 [ERROR] LogOutputStream:75 - [STDERR_REDIRECT] Sep 17, 2025 9:08:58 PM java.util.prefs.FileSystemPreferences checkLockFile0ErrorCode
2025-09-17 21:08:58,077 [ERROR] LogOutputStream:75 - [STDERR_REDIRECT] WARNING: Could not lock System prefs. Unix error code 2.
2025-09-17 21:08:58,077 [ERROR] LogOutputStream:75 - [STDERR_REDIRECT] 
2025-09-17 21:08:58,077 [ERROR] LogOutputStream:75 - [STDERR_REDIRECT] Sep 17, 2025 9:08:58 PM java.util.prefs.FileSystemPreferences syncWorld
2025-09-17 21:08:58,077 [ERROR] LogOutputStream:75 - [STDERR_REDIRECT] WARNING: Couldn't flush system prefs: java.util.prefs.BackingStoreException: Couldn't get file lock.
2025-09-17 21:08:58,077 [ERROR] LogOutputStream:75 - [STDERR_REDIRECT] 
2025-09-17 21:09:28,077 [ERROR] LogOutputStream:75 - [STDERR_REDIRECT] Sep 17, 2025 9:09:28 PM java.util.prefs.FileSystemPreferences checkLockFile0ErrorCode
2025-09-17 21:09:28,077 [ERROR] LogOutputStream:75 - [STDERR_REDIRECT] WARNING: Could not lock System prefs. Unix error code 2.
2025-09-17 21:09:28,077 [ERROR] LogOutputStream:75 - [STDERR_REDIRECT] 
2025-09-17 21:09:28,078 [ERROR] LogOutputStream:75 - [STDERR_REDIRECT] Sep 17, 2025 9:09:28 PM java.util.prefs.FileSystemPreferences syncWorld
2025-09-17 21:09:28,078 [ERROR] LogOutputStream:75 - [STDERR_REDIRECT] WARNING: Couldn't flush system prefs: java.util.prefs.BackingStoreException: Couldn't get file lock.
2025-09-17 21:09:28,078 [ERROR] LogOutputStream:75 - [STDERR_REDIRECT] 
2025-09-17 21:09:58,078 [ERROR] LogOutputStream:75 - [STDERR_REDIRECT] Sep 17, 2025 9:09:58 PM java.util.prefs.FileSystemPreferences checkLockFile0ErrorCode
2025-09-17 21:09:58,078 [ERROR] LogOutputStream:75 - [STDERR_REDIRECT] WARNING: Could not lock System prefs. Unix error code 2.
2025-09-17 21:09:58,079 [ERROR] LogOutputStream:75 - [STDERR_REDIRECT] 
2025-09-17 21:09:58,079 [ERROR] LogOutputStream:75 - [STDERR_REDIRECT] Sep 17, 2025 9:09:58 PM java.util.prefs.FileSystemPreferences syncWorld
2025-09-17 21:09:58,079 [ERROR] LogOutputStream:75 - [STDERR_REDIRECT] WARNING: Couldn't flush system prefs: java.util.prefs.BackingStoreException: Couldn't get file lock.
2025-09-17 21:09:58,079 [ERROR] LogOutputStream:75 - [STDERR_REDIRECT] 
2025-09-17 21:10:28,078 [ERROR] LogOutputStream:75 - [STDERR_REDIRECT] Sep 17, 2025 9:10:28 PM java.util.prefs.FileSystemPreferences checkLockFile0ErrorCode
2025-09-17 21:10:28,078 [ERROR] LogOutputStream:75 - [STDERR_REDIRECT] WARNING: Could not lock System prefs. Unix error code 2.
2025-09-17 21:10:28,079 [ERROR] LogOutputStream:75 - [STDERR_REDIRECT] 
2025-09-17 21:10:28,079 [ERROR] LogOutputStream:75 - [STDERR_REDIRECT] Sep 17, 2025 9:10:28 PM java.util.prefs.FileSystemPreferences syncWorld
2025-09-17 21:10:28,079 [ERROR] LogOutputStream:75 - [STDERR_REDIRECT] WARNING: Couldn't flush system prefs: java.util.prefs.BackingStoreException: Couldn't get file lock.
2025-09-17 21:10:28,079 [ERROR] LogOutputStream:75 - [STDERR_REDIRECT] 
2025-09-17 21:10:58,078 [ERROR] LogOutputStream:75 - [STDERR_REDIRECT] Sep 17, 2025 9:10:58 PM java.util.prefs.FileSystemPreferences checkLockFile0ErrorCode
2025-09-17 21:10:58,078 [ERROR] LogOutputStream:75 - [STDERR_REDIRECT] WARNING: Could not lock System prefs. Unix error code 2.
2025-09-17 21:10:58,078 [ERROR] LogOutputStream:75 - [STDERR_REDIRECT] 
2025-09-17 21:10:58,078 [ERROR] LogOutputStream:75 - [STDERR_REDIRECT] Sep 17, 2025 9:10:58 PM java.util.prefs.FileSystemPreferences syncWorld
2025-09-17 21:10:58,079 [ERROR] LogOutputStream:75 - [STDERR_REDIRECT] WARNING: Couldn't flush system prefs: java.util.prefs.BackingStoreException: Couldn't get file lock.
2025-09-17 21:10:58,079 [ERROR] LogOutputStream:75 - [STDERR_REDIRECT] 
2025-09-17 21:11:28,078 [ERROR] LogOutputStream:75 - [STDERR_REDIRECT] Sep 17, 2025 9:11:28 PM java.util.prefs.FileSystemPreferences checkLockFile0ErrorCode
2025-09-17 21:11:28,078 [ERROR] LogOutputStream:75 - [STDERR_REDIRECT] WARNING: Could not lock System prefs. Unix error code 2.
2025-09-17 21:11:28,078 [ERROR] LogOutputStream:75 - [STDERR_REDIRECT] 
2025-09-17 21:11:28,078 [ERROR] LogOutputStream:75 - [STDERR_REDIRECT] Sep 17, 2025 9:11:28 PM java.util.prefs.FileSystemPreferences syncWorld
2025-09-17 21:11:28,078 [ERROR] LogOutputStream:75 - [STDERR_REDIRECT] WARNING: Couldn't flush system prefs: java.util.prefs.BackingStoreException: Couldn't get file lock.
2025-09-17 21:11:28,078 [ERROR] LogOutputStream:75 - [STDERR_REDIRECT] 
2025-09-17 21:11:58,078 [ERROR] LogOutputStream:75 - [STDERR_REDIRECT] Sep 17, 2025 9:11:58 PM java.util.prefs.FileSystemPreferences checkLockFile0ErrorCode
2025-09-17 21:11:58,079 [ERROR] LogOutputStream:75 - [STDERR_REDIRECT] WARNING: Could not lock System prefs. Unix error code 2.
2025-09-17 21:11:58,079 [ERROR] LogOutputStream:75 - [STDERR_REDIRECT] 
2025-09-17 21:11:58,079 [ERROR] LogOutputStream:75 - [STDERR_REDIRECT] Sep 17, 2025 9:11:58 PM java.util.prefs.FileSystemPreferences syncWorld
2025-09-17 21:11:58,080 [ERROR] LogOutputStream:75 - [STDERR_REDIRECT] WARNING: Couldn't flush system prefs: java.util.prefs.BackingStoreException: Couldn't get file lock.
2025-09-17 21:11:58,080 [ERROR] LogOutputStream:75 - [STDERR_REDIRECT] 
2025-09-17 21:12:28,079 [ERROR] LogOutputStream:75 - [STDERR_REDIRECT] Sep 17, 2025 9:12:28 PM java.util.prefs.FileSystemPreferences checkLockFile0ErrorCode
2025-09-17 21:12:28,080 [ERROR] LogOutputStream:75 - [STDERR_REDIRECT] WARNING: Could not lock System prefs. Unix error code 2.
2025-09-17 21:12:28,080 [ERROR] LogOutputStream:75 - [STDERR_REDIRECT] 
2025-09-17 21:12:28,080 [ERROR] LogOutputStream:75 - [STDERR_REDIRECT] Sep 17, 2025 9:12:28 PM java.util.prefs.FileSystemPreferences syncWorld
2025-09-17 21:12:28,080 [ERROR] LogOutputStream:75 - [STDERR_REDIRECT] WARNING: Couldn't flush system prefs: java.util.prefs.BackingStoreException: Couldn't get file lock.
2025-09-17 21:12:28,080 [ERROR] LogOutputStream:75 - [STDERR_REDIRECT] 
2025-09-17 21:12:58,079 [ERROR] LogOutputStream:75 - [STDERR_REDIRECT] Sep 17, 2025 9:12:58 PM java.util.prefs.FileSystemPreferences checkLockFile0ErrorCode
2025-09-17 21:12:58,080 [ERROR] LogOutputStream:75 - [STDERR_REDIRECT] WARNING: Could not lock System prefs. Unix error code 2.
2025-09-17 21:12:58,080 [ERROR] LogOutputStream:75 - [STDERR_REDIRECT] 
2025-09-17 21:12:58,080 [ERROR] LogOutputStream:75 - [STDERR_REDIRECT] Sep 17, 2025 9:12:58 PM java.util.prefs.FileSystemPreferences syncWorld
2025-09-17 21:12:58,080 [ERROR] LogOutputStream:75 - [STDERR_REDIRECT] WARNING: Couldn't flush system prefs: java.util.prefs.BackingStoreException: Couldn't get file lock.
2025-09-17 21:12:58,080 [ERROR] LogOutputStream:75 - [STDERR_REDIRECT] 
2025-09-17 21:13:28,079 [ERROR] LogOutputStream:75 - [STDERR_REDIRECT] Sep 17, 2025 9:13:28 PM java.util.prefs.FileSystemPreferences checkLockFile0ErrorCode
2025-09-17 21:13:28,080 [ERROR] LogOutputStream:75 - [STDERR_REDIRECT] WARNING: Could not lock System prefs. Unix error code 2.
2025-09-17 21:13:28,080 [ERROR] LogOutputStream:75 - [STDERR_REDIRECT] 
2025-09-17 21:13:28,080 [ERROR] LogOutputStream:75 - [STDERR_REDIRECT] Sep 17, 2025 9:13:28 PM java.util.prefs.FileSystemPreferences syncWorld
2025-09-17 21:13:28,080 [ERROR] LogOutputStream:75 - [STDERR_REDIRECT] WARNING: Couldn't flush system prefs: java.util.prefs.BackingStoreException: Couldn't get file lock.
2025-09-17 21:13:28,080 [ERROR] LogOutputStream:75 - [STDERR_REDIRECT] 
2025-09-17 21:13:58,079 [ERROR] LogOutputStream:75 - [STDERR_REDIRECT] Sep 17, 2025 9:13:58 PM java.util.prefs.FileSystemPreferences checkLockFile0ErrorCode
2025-09-17 21:13:58,079 [ERROR] LogOutputStream:75 - [STDERR_REDIRECT] WARNING: Could not lock System prefs. Unix error code 2.
2025-09-17 21:13:58,080 [ERROR] LogOutputStream:75 - [STDERR_REDIRECT] 
2025-09-17 21:13:58,080 [ERROR] LogOutputStream:75 - [STDERR_REDIRECT] Sep 17, 2025 9:13:58 PM java.util.prefs.FileSystemPreferences syncWorld
2025-09-17 21:13:58,080 [ERROR] LogOutputStream:75 - [STDERR_REDIRECT] WARNING: Couldn't flush system prefs: java.util.prefs.BackingStoreException: Couldn't get file lock.
2025-09-17 21:13:58,080 [ERROR] LogOutputStream:75 - [STDERR_REDIRECT] 
2025-09-17 21:14:28,080 [ERROR] LogOutputStream:75 - [STDERR_REDIRECT] Sep 17, 2025 9:14:28 PM java.util.prefs.FileSystemPreferences checkLockFile0ErrorCode
2025-09-17 21:14:28,080 [ERROR] LogOutputStream:75 - [STDERR_REDIRECT] WARNING: Could not lock System prefs. Unix error code 2.
2025-09-17 21:14:28,080 [ERROR] LogOutputStream:75 - [STDERR_REDIRECT] 
2025-09-17 21:14:28,080 [ERROR] LogOutputStream:75 - [STDERR_REDIRECT] Sep 17, 2025 9:14:28 PM java.util.prefs.FileSystemPreferences syncWorld
2025-09-17 21:14:28,081 [ERROR] LogOutputStream:75 - [STDERR_REDIRECT] WARNING: Couldn't flush system prefs: java.util.prefs.BackingStoreException: Couldn't get file lock.
2025-09-17 21:14:28,081 [ERROR] LogOutputStream:75 - [STDERR_REDIRECT] 
2025-09-17 21:14:58,079 [ERROR] LogOutputStream:75 - [STDERR_REDIRECT] Sep 17, 2025 9:14:58 PM java.util.prefs.FileSystemPreferences checkLockFile0ErrorCode
2025-09-17 21:14:58,079 [ERROR] LogOutputStream:75 - [STDERR_REDIRECT] WARNING: Could not lock System prefs. Unix error code 2.
2025-09-17 21:14:58,080 [ERROR] LogOutputStream:75 - [STDERR_REDIRECT] 
2025-09-17 21:14:58,080 [ERROR] LogOutputStream:75 - [STDERR_REDIRECT] Sep 17, 2025 9:14:58 PM java.util.prefs.FileSystemPreferences syncWorld
2025-09-17 21:14:58,080 [ERROR] LogOutputStream:75 - [STDERR_REDIRECT] WARNING: Couldn't flush system prefs: java.util.prefs.BackingStoreException: Couldn't get file lock.
2025-09-17 21:14:58,080 [ERROR] LogOutputStream:75 - [STDERR_REDIRECT] 
2025-09-17 21:15:28,080 [ERROR] LogOutputStream:75 - [STDERR_REDIRECT] Sep 17, 2025 9:15:28 PM java.util.prefs.FileSystemPreferences checkLockFile0ErrorCode
2025-09-17 21:15:28,080 [ERROR] LogOutputStream:75 - [STDERR_REDIRECT] WARNING: Could not lock System prefs. Unix error code 2.
2025-09-17 21:15:28,080 [ERROR] LogOutputStream:75 - [STDERR_REDIRECT] 
2025-09-17 21:15:28,080 [ERROR] LogOutputStream:75 - [STDERR_REDIRECT] Sep 17, 2025 9:15:28 PM java.util.prefs.FileSystemPreferences syncWorld
2025-09-17 21:15:28,080 [ERROR] LogOutputStream:75 - [STDERR_REDIRECT] WARNING: Couldn't flush system prefs: java.util.prefs.BackingStoreException: Couldn't get file lock.
2025-09-17 21:15:28,080 [ERROR] LogOutputStream:75 - [STDERR_REDIRECT] 
2025-09-17 21:15:58,080 [ERROR] LogOutputStream:75 - [STDERR_REDIRECT] Sep 17, 2025 9:15:58 PM java.util.prefs.FileSystemPreferences checkLockFile0ErrorCode
2025-09-17 21:15:58,080 [ERROR] LogOutputStream:75 - [STDERR_REDIRECT] WARNING: Could not lock System prefs. Unix error code 2.
2025-09-17 21:15:58,081 [ERROR] LogOutputStream:75 - [STDERR_REDIRECT] 
2025-09-17 21:15:58,081 [ERROR] LogOutputStream:75 - [STDERR_REDIRECT] Sep 17, 2025 9:15:58 PM java.util.prefs.FileSystemPreferences syncWorld
2025-09-17 21:15:58,081 [ERROR] LogOutputStream:75 - [STDERR_REDIRECT] WARNING: Couldn't flush system prefs: java.util.prefs.BackingStoreException: Couldn't get file lock.
2025-09-17 21:15:58,081 [ERROR] LogOutputStream:75 - [STDERR_REDIRECT] 
2025-09-17 21:16:28,080 [ERROR] LogOutputStream:75 - [STDERR_REDIRECT] Sep 17, 2025 9:16:28 PM java.util.prefs.FileSystemPreferences checkLockFile0ErrorCode
2025-09-17 21:16:28,081 [ERROR] LogOutputStream:75 - [STDERR_REDIRECT] WARNING: Could not lock System prefs. Unix error code 2.
2025-09-17 21:16:28,081 [ERROR] LogOutputStream:75 - [STDERR_REDIRECT] 
2025-09-17 21:16:28,081 [ERROR] LogOutputStream:75 - [STDERR_REDIRECT] Sep 17, 2025 9:16:28 PM java.util.prefs.FileSystemPreferences syncWorld
2025-09-17 21:16:28,081 [ERROR] LogOutputStream:75 - [STDERR_REDIRECT] WARNING: Couldn't flush system prefs: java.util.prefs.BackingStoreException: Couldn't get file lock.
2025-09-17 21:16:28,081 [ERROR] LogOutputStream:75 - [STDERR_REDIRECT] 
2025-09-17 21:16:58,081 [ERROR] LogOutputStream:75 - [STDERR_REDIRECT] Sep 17, 2025 9:16:58 PM java.util.prefs.FileSystemPreferences checkLockFile0ErrorCode
2025-09-17 21:16:58,081 [ERROR] LogOutputStream:75 - [STDERR_REDIRECT] WARNING: Could not lock System prefs. Unix error code 2.
2025-09-17 21:16:58,081 [ERROR] LogOutputStream:75 - [STDERR_REDIRECT] 
2025-09-17 21:16:58,082 [ERROR] LogOutputStream:75 - [STDERR_REDIRECT] Sep 17, 2025 9:16:58 PM java.util.prefs.FileSystemPreferences syncWorld
2025-09-17 21:16:58,082 [ERROR] LogOutputStream:75 - [STDERR_REDIRECT] WARNING: Couldn't flush system prefs: java.util.prefs.BackingStoreException: Couldn't get file lock.
2025-09-17 21:16:58,082 [ERROR] LogOutputStream:75 - [STDERR_REDIRECT] 
2025-09-17 21:17:28,081 [ERROR] LogOutputStream:75 - [STDERR_REDIRECT] Sep 17, 2025 9:17:28 PM java.util.prefs.FileSystemPreferences checkLockFile0ErrorCode
2025-09-17 21:17:28,081 [ERROR] LogOutputStream:75 - [STDERR_REDIRECT] WARNING: Could not lock System prefs. Unix error code 2.
2025-09-17 21:17:28,081 [ERROR] LogOutputStream:75 - [STDERR_REDIRECT] 
2025-09-17 21:17:28,082 [ERROR] LogOutputStream:75 - [STDERR_REDIRECT] Sep 17, 2025 9:17:28 PM java.util.prefs.FileSystemPreferences syncWorld
2025-09-17 21:17:28,082 [ERROR] LogOutputStream:75 - [STDERR_REDIRECT] WARNING: Couldn't flush system prefs: java.util.prefs.BackingStoreException: Couldn't get file lock.
2025-09-17 21:17:28,083 [ERROR] LogOutputStream:75 - [STDERR_REDIRECT] 
2025-09-17 21:17:58,081 [ERROR] LogOutputStream:75 - [STDERR_REDIRECT] Sep 17, 2025 9:17:58 PM java.util.prefs.FileSystemPreferences checkLockFile0ErrorCode
2025-09-17 21:17:58,082 [ERROR] LogOutputStream:75 - [STDERR_REDIRECT] WARNING: Could not lock System prefs. Unix error code 2.
2025-09-17 21:17:58,082 [ERROR] LogOutputStream:75 - [STDERR_REDIRECT] 
2025-09-17 21:17:58,082 [ERROR] LogOutputStream:75 - [STDERR_REDIRECT] Sep 17, 2025 9:17:58 PM java.util.prefs.FileSystemPreferences syncWorld
2025-09-17 21:17:58,082 [ERROR] LogOutputStream:75 - [STDERR_REDIRECT] WARNING: Couldn't flush system prefs: java.util.prefs.BackingStoreException: Couldn't get file lock.
2025-09-17 21:17:58,082 [ERROR] LogOutputStream:75 - [STDERR_REDIRECT] 
2025-09-17 21:18:28,082 [ERROR] LogOutputStream:75 - [STDERR_REDIRECT] Sep 17, 2025 9:18:28 PM java.util.prefs.FileSystemPreferences checkLockFile0ErrorCode
2025-09-17 21:18:28,082 [ERROR] LogOutputStream:75 - [STDERR_REDIRECT] WARNING: Could not lock System prefs. Unix error code 2.
2025-09-17 21:18:28,082 [ERROR] LogOutputStream:75 - [STDERR_REDIRECT] 
2025-09-17 21:18:28,083 [ERROR] LogOutputStream:75 - [STDERR_REDIRECT] Sep 17, 2025 9:18:28 PM java.util.prefs.FileSystemPreferences syncWorld
2025-09-17 21:18:28,083 [ERROR] LogOutputStream:75 - [STDERR_REDIRECT] WARNING: Couldn't flush system prefs: java.util.prefs.BackingStoreException: Couldn't get file lock.
2025-09-17 21:18:28,083 [ERROR] LogOutputStream:75 - [STDERR_REDIRECT] 
2025-09-17 21:18:58,083 [ERROR] LogOutputStream:75 - [STDERR_REDIRECT] Sep 17, 2025 9:18:58 PM java.util.prefs.FileSystemPreferences checkLockFile0ErrorCode
2025-09-17 21:18:58,083 [ERROR] LogOutputStream:75 - [STDERR_REDIRECT] WARNING: Could not lock System prefs. Unix error code 2.
2025-09-17 21:18:58,083 [ERROR] LogOutputStream:75 - [STDERR_REDIRECT] 
2025-09-17 21:18:58,084 [ERROR] LogOutputStream:75 - [STDERR_REDIRECT] Sep 17, 2025 9:18:58 PM java.util.prefs.FileSystemPreferences syncWorld
2025-09-17 21:18:58,084 [ERROR] LogOutputStream:75 - [STDERR_REDIRECT] WARNING: Couldn't flush system prefs: java.util.prefs.BackingStoreException: Couldn't get file lock.
2025-09-17 21:18:58,084 [ERROR] LogOutputStream:75 - [STDERR_REDIRECT] 
2025-09-17 21:19:28,080 [ERROR] LogOutputStream:75 - [STDERR_REDIRECT] Sep 17, 2025 9:19:28 PM java.util.prefs.FileSystemPreferences checkLockFile0ErrorCode
2025-09-17 21:19:28,080 [ERROR] LogOutputStream:75 - [STDERR_REDIRECT] WARNING: Could not lock System prefs. Unix error code 2.
2025-09-17 21:19:28,081 [ERROR] LogOutputStream:75 - [STDERR_REDIRECT] 
2025-09-17 21:19:28,081 [ERROR] LogOutputStream:75 - [STDERR_REDIRECT] Sep 17, 2025 9:19:28 PM java.util.prefs.FileSystemPreferences syncWorld
2025-09-17 21:19:28,081 [ERROR] LogOutputStream:75 - [STDERR_REDIRECT] WARNING: Couldn't flush system prefs: java.util.prefs.BackingStoreException: Couldn't get file lock.
2025-09-17 21:19:28,081 [ERROR] LogOutputStream:75 - [STDERR_REDIRECT] 
2025-09-17 21:19:58,083 [ERROR] LogOutputStream:75 - [STDERR_REDIRECT] Sep 17, 2025 9:19:58 PM java.util.prefs.FileSystemPreferences checkLockFile0ErrorCode
2025-09-17 21:19:58,084 [ERROR] LogOutputStream:75 - [STDERR_REDIRECT] WARNING: Could not lock System prefs. Unix error code 2.
2025-09-17 21:19:58,084 [ERROR] LogOutputStream:75 - [STDERR_REDIRECT] 
2025-09-17 21:19:58,084 [ERROR] LogOutputStream:75 - [STDERR_REDIRECT] Sep 17, 2025 9:19:58 PM java.util.prefs.FileSystemPreferences syncWorld
2025-09-17 21:19:58,084 [ERROR] LogOutputStream:75 - [STDERR_REDIRECT] WARNING: Couldn't flush system prefs: java.util.prefs.BackingStoreException: Couldn't get file lock.
2025-09-17 21:19:58,084 [ERROR] LogOutputStream:75 - [STDERR_REDIRECT] 
2025-09-17 21:20:28,081 [ERROR] LogOutputStream:75 - [STDERR_REDIRECT] Sep 17, 2025 9:20:28 PM java.util.prefs.FileSystemPreferences checkLockFile0ErrorCode
2025-09-17 21:20:28,082 [ERROR] LogOutputStream:75 - [STDERR_REDIRECT] WARNING: Could not lock System prefs. Unix error code 2.
2025-09-17 21:20:28,082 [ERROR] LogOutputStream:75 - [STDERR_REDIRECT] 
2025-09-17 21:20:28,082 [ERROR] LogOutputStream:75 - [STDERR_REDIRECT] Sep 17, 2025 9:20:28 PM java.util.prefs.FileSystemPreferences syncWorld
2025-09-17 21:20:28,082 [ERROR] LogOutputStream:75 - [STDERR_REDIRECT] WARNING: Couldn't flush system prefs: java.util.prefs.BackingStoreException: Couldn't get file lock.
2025-09-17 21:20:28,082 [ERROR] LogOutputStream:75 - [STDERR_REDIRECT] 
2025-09-17 21:20:58,081 [ERROR] LogOutputStream:75 - [STDERR_REDIRECT] Sep 17, 2025 9:20:58 PM java.util.prefs.FileSystemPreferences checkLockFile0ErrorCode
2025-09-17 21:20:58,082 [ERROR] LogOutputStream:75 - [STDERR_REDIRECT] WARNING: Could not lock System prefs. Unix error code 2.
2025-09-17 21:20:58,082 [ERROR] LogOutputStream:75 - [STDERR_REDIRECT] 
2025-09-17 21:20:58,083 [ERROR] LogOutputStream:75 - [STDERR_REDIRECT] Sep 17, 2025 9:20:58 PM java.util.prefs.FileSystemPreferences syncWorld
2025-09-17 21:20:58,083 [ERROR] LogOutputStream:75 - [STDERR_REDIRECT] WARNING: Couldn't flush system prefs: java.util.prefs.BackingStoreException: Couldn't get file lock.
2025-09-17 21:20:58,083 [ERROR] LogOutputStream:75 - [STDERR_REDIRECT] 
2025-09-17 21:21:28,082 [ERROR] LogOutputStream:75 - [STDERR_REDIRECT] Sep 17, 2025 9:21:28 PM java.util.prefs.FileSystemPreferences checkLockFile0ErrorCode
2025-09-17 21:21:28,082 [ERROR] LogOutputStream:75 - [STDERR_REDIRECT] WARNING: Could not lock System prefs. Unix error code 2.
2025-09-17 21:21:28,082 [ERROR] LogOutputStream:75 - [STDERR_REDIRECT] 
2025-09-17 21:21:28,082 [ERROR] LogOutputStream:75 - [STDERR_REDIRECT] Sep 17, 2025 9:21:28 PM java.util.prefs.FileSystemPreferences syncWorld
2025-09-17 21:21:28,082 [ERROR] LogOutputStream:75 - [STDERR_REDIRECT] WARNING: Couldn't flush system prefs: java.util.prefs.BackingStoreException: Couldn't get file lock.
2025-09-17 21:21:28,082 [ERROR] LogOutputStream:75 - [STDERR_REDIRECT] 
2025-09-17 21:21:58,082 [ERROR] LogOutputStream:75 - [STDERR_REDIRECT] Sep 17, 2025 9:21:58 PM java.util.prefs.FileSystemPreferences checkLockFile0ErrorCode
2025-09-17 21:21:58,083 [ERROR] LogOutputStream:75 - [STDERR_REDIRECT] WARNING: Could not lock System prefs. Unix error code 2.
2025-09-17 21:21:58,083 [ERROR] LogOutputStream:75 - [STDERR_REDIRECT] 
2025-09-17 21:21:58,083 [ERROR] LogOutputStream:75 - [STDERR_REDIRECT] Sep 17, 2025 9:21:58 PM java.util.prefs.FileSystemPreferences syncWorld
2025-09-17 21:21:58,083 [ERROR] LogOutputStream:75 - [STDERR_REDIRECT] WARNING: Couldn't flush system prefs: java.util.prefs.BackingStoreException: Couldn't get file lock.
2025-09-17 21:21:58,083 [ERROR] LogOutputStream:75 - [STDERR_REDIRECT] 
2025-09-17 21:22:28,085 [ERROR] LogOutputStream:75 - [STDERR_REDIRECT] Sep 17, 2025 9:22:28 PM java.util.prefs.FileSystemPreferences checkLockFile0ErrorCode
2025-09-17 21:22:28,085 [ERROR] LogOutputStream:75 - [STDERR_REDIRECT] WARNING: Could not lock System prefs. Unix error code 2.
2025-09-17 21:22:28,085 [ERROR] LogOutputStream:75 - [STDERR_REDIRECT] 
2025-09-17 21:22:28,085 [ERROR] LogOutputStream:75 - [STDERR_REDIRECT] Sep 17, 2025 9:22:28 PM java.util.prefs.FileSystemPreferences syncWorld
2025-09-17 21:22:28,086 [ERROR] LogOutputStream:75 - [STDERR_REDIRECT] WARNING: Couldn't flush system prefs: java.util.prefs.BackingStoreException: Couldn't get file lock.
2025-09-17 21:22:28,086 [ERROR] LogOutputStream:75 - [STDERR_REDIRECT] 
2025-09-17 21:22:58,082 [ERROR] LogOutputStream:75 - [STDERR_REDIRECT] Sep 17, 2025 9:22:58 PM java.util.prefs.FileSystemPreferences checkLockFile0ErrorCode
2025-09-17 21:22:58,083 [ERROR] LogOutputStream:75 - [STDERR_REDIRECT] WARNING: Could not lock System prefs. Unix error code 2.
2025-09-17 21:22:58,083 [ERROR] LogOutputStream:75 - [STDERR_REDIRECT] 
2025-09-17 21:22:58,083 [ERROR] LogOutputStream:75 - [STDERR_REDIRECT] Sep 17, 2025 9:22:58 PM java.util.prefs.FileSystemPreferences syncWorld
2025-09-17 21:22:58,083 [ERROR] LogOutputStream:75 - [STDERR_REDIRECT] WARNING: Couldn't flush system prefs: java.util.prefs.BackingStoreException: Couldn't get file lock.
2025-09-17 21:22:58,083 [ERROR] LogOutputStream:75 - [STDERR_REDIRECT] 
2025-09-17 21:23:28,083 [ERROR] LogOutputStream:75 - [STDERR_REDIRECT] Sep 17, 2025 9:23:28 PM java.util.prefs.FileSystemPreferences checkLockFile0ErrorCode
2025-09-17 21:23:28,083 [ERROR] LogOutputStream:75 - [STDERR_REDIRECT] WARNING: Could not lock System prefs. Unix error code 2.
2025-09-17 21:23:28,084 [ERROR] LogOutputStream:75 - [STDERR_REDIRECT] 
2025-09-17 21:23:28,084 [ERROR] LogOutputStream:75 - [STDERR_REDIRECT] Sep 17, 2025 9:23:28 PM java.util.prefs.FileSystemPreferences syncWorld
2025-09-17 21:23:28,084 [ERROR] LogOutputStream:75 - [STDERR_REDIRECT] WARNING: Couldn't flush system prefs: java.util.prefs.BackingStoreException: Couldn't get file lock.
2025-09-17 21:23:28,084 [ERROR] LogOutputStream:75 - [STDERR_REDIRECT] 
2025-09-17 21:23:58,084 [ERROR] LogOutputStream:75 - [STDERR_REDIRECT] Sep 17, 2025 9:23:58 PM java.util.prefs.FileSystemPreferences checkLockFile0ErrorCode
2025-09-17 21:23:58,084 [ERROR] LogOutputStream:75 - [STDERR_REDIRECT] WARNING: Could not lock System prefs. Unix error code 2.
2025-09-17 21:23:58,084 [ERROR] LogOutputStream:75 - [STDERR_REDIRECT] 
2025-09-17 21:23:58,084 [ERROR] LogOutputStream:75 - [STDERR_REDIRECT] Sep 17, 2025 9:23:58 PM java.util.prefs.FileSystemPreferences syncWorld
2025-09-17 21:23:58,084 [ERROR] LogOutputStream:75 - [STDERR_REDIRECT] WARNING: Couldn't flush system prefs: java.util.prefs.BackingStoreException: Couldn't get file lock.
2025-09-17 21:23:58,084 [ERROR] LogOutputStream:75 - [STDERR_REDIRECT] 
2025-09-17 21:24:28,084 [ERROR] LogOutputStream:75 - [STDERR_REDIRECT] Sep 17, 2025 9:24:28 PM java.util.prefs.FileSystemPreferences checkLockFile0ErrorCode
2025-09-17 21:24:28,085 [ERROR] LogOutputStream:75 - [STDERR_REDIRECT] WARNING: Could not lock System prefs. Unix error code 2.
2025-09-17 21:24:28,085 [ERROR] LogOutputStream:75 - [STDERR_REDIRECT] 
2025-09-17 21:24:28,085 [ERROR] LogOutputStream:75 - [STDERR_REDIRECT] Sep 17, 2025 9:24:28 PM java.util.prefs.FileSystemPreferences syncWorld
2025-09-17 21:24:28,085 [ERROR] LogOutputStream:75 - [STDERR_REDIRECT] WARNING: Couldn't flush system prefs: java.util.prefs.BackingStoreException: Couldn't get file lock.
2025-09-17 21:24:28,085 [ERROR] LogOutputStream:75 - [STDERR_REDIRECT] 
2025-09-17 21:24:58,084 [ERROR] LogOutputStream:75 - [STDERR_REDIRECT] Sep 17, 2025 9:24:58 PM java.util.prefs.FileSystemPreferences checkLockFile0ErrorCode
2025-09-17 21:24:58,084 [ERROR] LogOutputStream:75 - [STDERR_REDIRECT] WARNING: Could not lock System prefs. Unix error code 2.
2025-09-17 21:24:58,084 [ERROR] LogOutputStream:75 - [STDERR_REDIRECT] 
2025-09-17 21:24:58,084 [ERROR] LogOutputStream:75 - [STDERR_REDIRECT] Sep 17, 2025 9:24:58 PM java.util.prefs.FileSystemPreferences syncWorld
2025-09-17 21:24:58,084 [ERROR] LogOutputStream:75 - [STDERR_REDIRECT] WARNING: Couldn't flush system prefs: java.util.prefs.BackingStoreException: Couldn't get file lock.
2025-09-17 21:24:58,084 [ERROR] LogOutputStream:75 - [STDERR_REDIRECT] 
2025-09-17 21:25:28,085 [ERROR] LogOutputStream:75 - [STDERR_REDIRECT] Sep 17, 2025 9:25:28 PM java.util.prefs.FileSystemPreferences checkLockFile0ErrorCode
2025-09-17 21:25:28,085 [ERROR] LogOutputStream:75 - [STDERR_REDIRECT] WARNING: Could not lock System prefs. Unix error code 2.
2025-09-17 21:25:28,085 [ERROR] LogOutputStream:75 - [STDERR_REDIRECT] 
2025-09-17 21:25:28,085 [ERROR] LogOutputStream:75 - [STDERR_REDIRECT] Sep 17, 2025 9:25:28 PM java.util.prefs.FileSystemPreferences syncWorld
2025-09-17 21:25:28,085 [ERROR] LogOutputStream:75 - [STDERR_REDIRECT] WARNING: Couldn't flush system prefs: java.util.prefs.BackingStoreException: Couldn't get file lock.
2025-09-17 21:25:28,085 [ERROR] LogOutputStream:75 - [STDERR_REDIRECT] 
2025-09-17 21:25:58,086 [ERROR] LogOutputStream:75 - [STDERR_REDIRECT] Sep 17, 2025 9:25:58 PM java.util.prefs.FileSystemPreferences checkLockFile0ErrorCode
2025-09-17 21:25:58,086 [ERROR] LogOutputStream:75 - [STDERR_REDIRECT] WARNING: Could not lock System prefs. Unix error code 2.
2025-09-17 21:25:58,086 [ERROR] LogOutputStream:75 - [STDERR_REDIRECT] 
2025-09-17 21:25:58,086 [ERROR] LogOutputStream:75 - [STDERR_REDIRECT] Sep 17, 2025 9:25:58 PM java.util.prefs.FileSystemPreferences syncWorld
2025-09-17 21:25:58,087 [ERROR] LogOutputStream:75 - [STDERR_REDIRECT] WARNING: Couldn't flush system prefs: java.util.prefs.BackingStoreException: Couldn't get file lock.
2025-09-17 21:25:58,087 [ERROR] LogOutputStream:75 - [STDERR_REDIRECT] 
2025-09-17 21:26:28,089 [ERROR] LogOutputStream:75 - [STDERR_REDIRECT] Sep 17, 2025 9:26:28 PM java.util.prefs.FileSystemPreferences checkLockFile0ErrorCode
2025-09-17 21:26:28,089 [ERROR] LogOutputStream:75 - [STDERR_REDIRECT] WARNING: Could not lock System prefs. Unix error code 2.
2025-09-17 21:26:28,089 [ERROR] LogOutputStream:75 - [STDERR_REDIRECT] 
2025-09-17 21:26:28,090 [ERROR] LogOutputStream:75 - [STDERR_REDIRECT] Sep 17, 2025 9:26:28 PM java.util.prefs.FileSystemPreferences syncWorld
2025-09-17 21:26:28,090 [ERROR] LogOutputStream:75 - [STDERR_REDIRECT] WARNING: Couldn't flush system prefs: java.util.prefs.BackingStoreException: Couldn't get file lock.
2025-09-17 21:26:28,090 [ERROR] LogOutputStream:75 - [STDERR_REDIRECT] 
2025-09-17 21:26:58,085 [ERROR] LogOutputStream:75 - [STDERR_REDIRECT] Sep 17, 2025 9:26:58 PM java.util.prefs.FileSystemPreferences checkLockFile0ErrorCode
2025-09-17 21:26:58,085 [ERROR] LogOutputStream:75 - [STDERR_REDIRECT] WARNING: Could not lock System prefs. Unix error code 2.
2025-09-17 21:26:58,085 [ERROR] LogOutputStream:75 - [STDERR_REDIRECT] 
2025-09-17 21:26:58,085 [ERROR] LogOutputStream:75 - [STDERR_REDIRECT] Sep 17, 2025 9:26:58 PM java.util.prefs.FileSystemPreferences syncWorld
2025-09-17 21:26:58,085 [ERROR] LogOutputStream:75 - [STDERR_REDIRECT] WARNING: Couldn't flush system prefs: java.util.prefs.BackingStoreException: Couldn't get file lock.
2025-09-17 21:26:58,085 [ERROR] LogOutputStream:75 - [STDERR_REDIRECT] 
2025-09-17 21:27:28,085 [ERROR] LogOutputStream:75 - [STDERR_REDIRECT] Sep 17, 2025 9:27:28 PM java.util.prefs.FileSystemPreferences checkLockFile0ErrorCode
2025-09-17 21:27:28,086 [ERROR] LogOutputStream:75 - [STDERR_REDIRECT] WARNING: Could not lock System prefs. Unix error code 2.
2025-09-17 21:27:28,086 [ERROR] LogOutputStream:75 - [STDERR_REDIRECT] 
2025-09-17 21:27:28,086 [ERROR] LogOutputStream:75 - [STDERR_REDIRECT] Sep 17, 2025 9:27:28 PM java.util.prefs.FileSystemPreferences syncWorld
2025-09-17 21:27:28,086 [ERROR] LogOutputStream:75 - [STDERR_REDIRECT] WARNING: Couldn't flush system prefs: java.util.prefs.BackingStoreException: Couldn't get file lock.
2025-09-17 21:27:28,086 [ERROR] LogOutputStream:75 - [STDERR_REDIRECT] 
2025-09-17 21:27:58,085 [ERROR] LogOutputStream:75 - [STDERR_REDIRECT] Sep 17, 2025 9:27:58 PM java.util.prefs.FileSystemPreferences checkLockFile0ErrorCode
2025-09-17 21:27:58,085 [ERROR] LogOutputStream:75 - [STDERR_REDIRECT] WARNING: Could not lock System prefs. Unix error code 2.
2025-09-17 21:27:58,085 [ERROR] LogOutputStream:75 - [STDERR_REDIRECT] 
2025-09-17 21:27:58,086 [ERROR] LogOutputStream:75 - [STDERR_REDIRECT] Sep 17, 2025 9:27:58 PM java.util.prefs.FileSystemPreferences syncWorld
2025-09-17 21:27:58,086 [ERROR] LogOutputStream:75 - [STDERR_REDIRECT] WARNING: Couldn't flush system prefs: java.util.prefs.BackingStoreException: Couldn't get file lock.
2025-09-17 21:27:58,086 [ERROR] LogOutputStream:75 - [STDERR_REDIRECT] 
2025-09-17 21:28:28,085 [ERROR] LogOutputStream:75 - [STDERR_REDIRECT] Sep 17, 2025 9:28:28 PM java.util.prefs.FileSystemPreferences checkLockFile0ErrorCode
2025-09-17 21:28:28,085 [ERROR] LogOutputStream:75 - [STDERR_REDIRECT] WARNING: Could not lock System prefs. Unix error code 2.
2025-09-17 21:28:28,086 [ERROR] LogOutputStream:75 - [STDERR_REDIRECT] 
2025-09-17 21:28:28,086 [ERROR] LogOutputStream:75 - [STDERR_REDIRECT] Sep 17, 2025 9:28:28 PM java.util.prefs.FileSystemPreferences syncWorld
2025-09-17 21:28:28,086 [ERROR] LogOutputStream:75 - [STDERR_REDIRECT] WARNING: Couldn't flush system prefs: java.util.prefs.BackingStoreException: Couldn't get file lock.
2025-09-17 21:28:28,086 [ERROR] LogOutputStream:75 - [STDERR_REDIRECT] 
2025-09-17 21:28:58,085 [ERROR] LogOutputStream:75 - [STDERR_REDIRECT] Sep 17, 2025 9:28:58 PM java.util.prefs.FileSystemPreferences checkLockFile0ErrorCode
2025-09-17 21:28:58,086 [ERROR] LogOutputStream:75 - [STDERR_REDIRECT] WARNING: Could not lock System prefs. Unix error code 2.
2025-09-17 21:28:58,086 [ERROR] LogOutputStream:75 - [STDERR_REDIRECT] 
2025-09-17 21:28:58,086 [ERROR] LogOutputStream:75 - [STDERR_REDIRECT] Sep 17, 2025 9:28:58 PM java.util.prefs.FileSystemPreferences syncWorld
2025-09-17 21:28:58,086 [ERROR] LogOutputStream:75 - [STDERR_REDIRECT] WARNING: Couldn't flush system prefs: java.util.prefs.BackingStoreException: Couldn't get file lock.
2025-09-17 21:28:58,086 [ERROR] LogOutputStream:75 - [STDERR_REDIRECT] 
2025-09-17 21:29:28,085 [ERROR] LogOutputStream:75 - [STDERR_REDIRECT] Sep 17, 2025 9:29:28 PM java.util.prefs.FileSystemPreferences checkLockFile0ErrorCode
2025-09-17 21:29:28,085 [ERROR] LogOutputStream:75 - [STDERR_REDIRECT] WARNING: Could not lock System prefs. Unix error code 2.
2025-09-17 21:29:28,085 [ERROR] LogOutputStream:75 - [STDERR_REDIRECT] 
2025-09-17 21:29:28,085 [ERROR] LogOutputStream:75 - [STDERR_REDIRECT] Sep 17, 2025 9:29:28 PM java.util.prefs.FileSystemPreferences syncWorld
2025-09-17 21:29:28,085 [ERROR] LogOutputStream:75 - [STDERR_REDIRECT] WARNING: Couldn't flush system prefs: java.util.prefs.BackingStoreException: Couldn't get file lock.
2025-09-17 21:29:28,085 [ERROR] LogOutputStream:75 - [STDERR_REDIRECT] 
2025-09-17 21:29:58,086 [ERROR] LogOutputStream:75 - [STDERR_REDIRECT] Sep 17, 2025 9:29:58 PM java.util.prefs.FileSystemPreferences checkLockFile0ErrorCode
2025-09-17 21:29:58,087 [ERROR] LogOutputStream:75 - [STDERR_REDIRECT] WARNING: Could not lock System prefs. Unix error code 2.
2025-09-17 21:29:58,087 [ERROR] LogOutputStream:75 - [STDERR_REDIRECT] 
2025-09-17 21:29:58,087 [ERROR] LogOutputStream:75 - [STDERR_REDIRECT] Sep 17, 2025 9:29:58 PM java.util.prefs.FileSystemPreferences syncWorld
2025-09-17 21:29:58,087 [ERROR] LogOutputStream:75 - [STDERR_REDIRECT] WARNING: Couldn't flush system prefs: java.util.prefs.BackingStoreException: Couldn't get file lock.
2025-09-17 21:29:58,088 [ERROR] LogOutputStream:75 - [STDERR_REDIRECT] 
2025-09-17 21:30:28,087 [ERROR] LogOutputStream:75 - [STDERR_REDIRECT] Sep 17, 2025 9:30:28 PM java.util.prefs.FileSystemPreferences checkLockFile0ErrorCode
2025-09-17 21:30:28,087 [ERROR] LogOutputStream:75 - [STDERR_REDIRECT] WARNING: Could not lock System prefs. Unix error code 2.
2025-09-17 21:30:28,087 [ERROR] LogOutputStream:75 - [STDERR_REDIRECT] 
2025-09-17 21:30:28,087 [ERROR] LogOutputStream:75 - [STDERR_REDIRECT] Sep 17, 2025 9:30:28 PM java.util.prefs.FileSystemPreferences syncWorld
2025-09-17 21:30:28,088 [ERROR] LogOutputStream:75 - [STDERR_REDIRECT] WARNING: Couldn't flush system prefs: java.util.prefs.BackingStoreException: Couldn't get file lock.
2025-09-17 21:30:28,088 [ERROR] LogOutputStream:75 - [STDERR_REDIRECT] 
2025-09-17 21:30:58,085 [ERROR] LogOutputStream:75 - [STDERR_REDIRECT] Sep 17, 2025 9:30:58 PM java.util.prefs.FileSystemPreferences checkLockFile0ErrorCode
2025-09-17 21:30:58,085 [ERROR] LogOutputStream:75 - [STDERR_REDIRECT] WARNING: Could not lock System prefs. Unix error code 2.
2025-09-17 21:30:58,086 [ERROR] LogOutputStream:75 - [STDERR_REDIRECT] 
2025-09-17 21:30:58,086 [ERROR] LogOutputStream:75 - [STDERR_REDIRECT] Sep 17, 2025 9:30:58 PM java.util.prefs.FileSystemPreferences syncWorld
2025-09-17 21:30:58,086 [ERROR] LogOutputStream:75 - [STDERR_REDIRECT] WARNING: Couldn't flush system prefs: java.util.prefs.BackingStoreException: Couldn't get file lock.
2025-09-17 21:30:58,086 [ERROR] LogOutputStream:75 - [STDERR_REDIRECT] 
2025-09-17 21:31:28,086 [ERROR] LogOutputStream:75 - [STDERR_REDIRECT] Sep 17, 2025 9:31:28 PM java.util.prefs.FileSystemPreferences checkLockFile0ErrorCode
2025-09-17 21:31:28,086 [ERROR] LogOutputStream:75 - [STDERR_REDIRECT] WARNING: Could not lock System prefs. Unix error code 2.
2025-09-17 21:31:28,086 [ERROR] LogOutputStream:75 - [STDERR_REDIRECT] 
2025-09-17 21:31:28,086 [ERROR] LogOutputStream:75 - [STDERR_REDIRECT] Sep 17, 2025 9:31:28 PM java.util.prefs.FileSystemPreferences syncWorld
2025-09-17 21:31:28,087 [ERROR] LogOutputStream:75 - [STDERR_REDIRECT] WARNING: Couldn't flush system prefs: java.util.prefs.BackingStoreException: Couldn't get file lock.
2025-09-17 21:31:28,087 [ERROR] LogOutputStream:75 - [STDERR_REDIRECT] 
2025-09-17 21:31:58,087 [ERROR] LogOutputStream:75 - [STDERR_REDIRECT] Sep 17, 2025 9:31:58 PM java.util.prefs.FileSystemPreferences checkLockFile0ErrorCode
2025-09-17 21:31:58,087 [ERROR] LogOutputStream:75 - [STDERR_REDIRECT] WARNING: Could not lock System prefs. Unix error code 2.
2025-09-17 21:31:58,087 [ERROR] LogOutputStream:75 - [STDERR_REDIRECT] 
2025-09-17 21:31:58,087 [ERROR] LogOutputStream:75 - [STDERR_REDIRECT] Sep 17, 2025 9:31:58 PM java.util.prefs.FileSystemPreferences syncWorld
2025-09-17 21:31:58,087 [ERROR] LogOutputStream:75 - [STDERR_REDIRECT] WARNING: Couldn't flush system prefs: java.util.prefs.BackingStoreException: Couldn't get file lock.
2025-09-17 21:31:58,087 [ERROR] LogOutputStream:75 - [STDERR_REDIRECT] 
2025-09-17 21:32:28,088 [ERROR] LogOutputStream:75 - [STDERR_REDIRECT] Sep 17, 2025 9:32:28 PM java.util.prefs.FileSystemPreferences checkLockFile0ErrorCode
2025-09-17 21:32:28,088 [ERROR] LogOutputStream:75 - [STDERR_REDIRECT] WARNING: Could not lock System prefs. Unix error code 2.
2025-09-17 21:32:28,088 [ERROR] LogOutputStream:75 - [STDERR_REDIRECT] 
2025-09-17 21:32:28,089 [ERROR] LogOutputStream:75 - [STDERR_REDIRECT] Sep 17, 2025 9:32:28 PM java.util.prefs.FileSystemPreferences syncWorld
2025-09-17 21:32:28,089 [ERROR] LogOutputStream:75 - [STDERR_REDIRECT] WARNING: Couldn't flush system prefs: java.util.prefs.BackingStoreException: Couldn't get file lock.
2025-09-17 21:32:28,089 [ERROR] LogOutputStream:75 - [STDERR_REDIRECT] 
2025-09-17 21:32:58,087 [ERROR] LogOutputStream:75 - [STDERR_REDIRECT] Sep 17, 2025 9:32:58 PM java.util.prefs.FileSystemPreferences checkLockFile0ErrorCode
2025-09-17 21:32:58,087 [ERROR] LogOutputStream:75 - [STDERR_REDIRECT] WARNING: Could not lock System prefs. Unix error code 2.
2025-09-17 21:32:58,087 [ERROR] LogOutputStream:75 - [STDERR_REDIRECT] 
2025-09-17 21:32:58,087 [ERROR] LogOutputStream:75 - [STDERR_REDIRECT] Sep 17, 2025 9:32:58 PM java.util.prefs.FileSystemPreferences syncWorld
2025-09-17 21:32:58,087 [ERROR] LogOutputStream:75 - [STDERR_REDIRECT] WARNING: Couldn't flush system prefs: java.util.prefs.BackingStoreException: Couldn't get file lock.
2025-09-17 21:32:58,087 [ERROR] LogOutputStream:75 - [STDERR_REDIRECT] 
2025-09-17 21:33:28,087 [ERROR] LogOutputStream:75 - [STDERR_REDIRECT] Sep 17, 2025 9:33:28 PM java.util.prefs.FileSystemPreferences checkLockFile0ErrorCode
2025-09-17 21:33:28,087 [ERROR] LogOutputStream:75 - [STDERR_REDIRECT] WARNING: Could not lock System prefs. Unix error code 2.
2025-09-17 21:33:28,087 [ERROR] LogOutputStream:75 - [STDERR_REDIRECT] 
2025-09-17 21:33:28,088 [ERROR] LogOutputStream:75 - [STDERR_REDIRECT] Sep 17, 2025 9:33:28 PM java.util.prefs.FileSystemPreferences syncWorld
2025-09-17 21:33:28,088 [ERROR] LogOutputStream:75 - [STDERR_REDIRECT] WARNING: Couldn't flush system prefs: java.util.prefs.BackingStoreException: Couldn't get file lock.
2025-09-17 21:33:28,088 [ERROR] LogOutputStream:75 - [STDERR_REDIRECT] 
2025-09-17 21:33:58,086 [ERROR] LogOutputStream:75 - [STDERR_REDIRECT] Sep 17, 2025 9:33:58 PM java.util.prefs.FileSystemPreferences checkLockFile0ErrorCode
2025-09-17 21:33:58,086 [ERROR] LogOutputStream:75 - [STDERR_REDIRECT] WARNING: Could not lock System prefs. Unix error code 2.
2025-09-17 21:33:58,087 [ERROR] LogOutputStream:75 - [STDERR_REDIRECT] 
2025-09-17 21:33:58,087 [ERROR] LogOutputStream:75 - [STDERR_REDIRECT] Sep 17, 2025 9:33:58 PM java.util.prefs.FileSystemPreferences syncWorld
2025-09-17 21:33:58,087 [ERROR] LogOutputStream:75 - [STDERR_REDIRECT] WARNING: Couldn't flush system prefs: java.util.prefs.BackingStoreException: Couldn't get file lock.
2025-09-17 21:33:58,087 [ERROR] LogOutputStream:75 - [STDERR_REDIRECT] 
2025-09-17 21:34:28,089 [ERROR] LogOutputStream:75 - [STDERR_REDIRECT] Sep 17, 2025 9:34:28 PM java.util.prefs.FileSystemPreferences checkLockFile0ErrorCode
2025-09-17 21:34:28,090 [ERROR] LogOutputStream:75 - [STDERR_REDIRECT] WARNING: Could not lock System prefs. Unix error code 2.
2025-09-17 21:34:28,090 [ERROR] LogOutputStream:75 - [STDERR_REDIRECT] 
2025-09-17 21:34:28,090 [ERROR] LogOutputStream:75 - [STDERR_REDIRECT] Sep 17, 2025 9:34:28 PM java.util.prefs.FileSystemPreferences syncWorld
2025-09-17 21:34:28,090 [ERROR] LogOutputStream:75 - [STDERR_REDIRECT] WARNING: Couldn't flush system prefs: java.util.prefs.BackingStoreException: Couldn't get file lock.
2025-09-17 21:34:28,090 [ERROR] LogOutputStream:75 - [STDERR_REDIRECT] 
2025-09-17 21:34:58,087 [ERROR] LogOutputStream:75 - [STDERR_REDIRECT] Sep 17, 2025 9:34:58 PM java.util.prefs.FileSystemPreferences checkLockFile0ErrorCode
2025-09-17 21:34:58,087 [ERROR] LogOutputStream:75 - [STDERR_REDIRECT] WARNING: Could not lock System prefs. Unix error code 2.
2025-09-17 21:34:58,087 [ERROR] LogOutputStream:75 - [STDERR_REDIRECT] 
2025-09-17 21:34:58,087 [ERROR] LogOutputStream:75 - [STDERR_REDIRECT] Sep 17, 2025 9:34:58 PM java.util.prefs.FileSystemPreferences syncWorld
2025-09-17 21:34:58,087 [ERROR] LogOutputStream:75 - [STDERR_REDIRECT] WARNING: Couldn't flush system prefs: java.util.prefs.BackingStoreException: Couldn't get file lock.
2025-09-17 21:34:58,087 [ERROR] LogOutputStream:75 - [STDERR_REDIRECT] 
2025-09-17 21:35:28,088 [ERROR] LogOutputStream:75 - [STDERR_REDIRECT] Sep 17, 2025 9:35:28 PM java.util.prefs.FileSystemPreferences checkLockFile0ErrorCode
2025-09-17 21:35:28,088 [ERROR] LogOutputStream:75 - [STDERR_REDIRECT] WARNING: Could not lock System prefs. Unix error code 2.
2025-09-17 21:35:28,088 [ERROR] LogOutputStream:75 - [STDERR_REDIRECT] 
2025-09-17 21:35:28,088 [ERROR] LogOutputStream:75 - [STDERR_REDIRECT] Sep 17, 2025 9:35:28 PM java.util.prefs.FileSystemPreferences syncWorld
2025-09-17 21:35:28,088 [ERROR] LogOutputStream:75 - [STDERR_REDIRECT] WARNING: Couldn't flush system prefs: java.util.prefs.BackingStoreException: Couldn't get file lock.
2025-09-17 21:35:28,088 [ERROR] LogOutputStream:75 - [STDERR_REDIRECT] 
2025-09-17 21:35:58,090 [ERROR] LogOutputStream:75 - [STDERR_REDIRECT] Sep 17, 2025 9:35:58 PM java.util.prefs.FileSystemPreferences checkLockFile0ErrorCode
2025-09-17 21:35:58,090 [ERROR] LogOutputStream:75 - [STDERR_REDIRECT] WARNING: Could not lock System prefs. Unix error code 2.
2025-09-17 21:35:58,090 [ERROR] LogOutputStream:75 - [STDERR_REDIRECT] 
2025-09-17 21:35:58,090 [ERROR] LogOutputStream:75 - [STDERR_REDIRECT] Sep 17, 2025 9:35:58 PM java.util.prefs.FileSystemPreferences syncWorld
2025-09-17 21:35:58,090 [ERROR] LogOutputStream:75 - [STDERR_REDIRECT] WARNING: Couldn't flush system prefs: java.util.prefs.BackingStoreException: Couldn't get file lock.
2025-09-17 21:35:58,090 [ERROR] LogOutputStream:75 - [STDERR_REDIRECT] 
2025-09-17 21:36:28,088 [ERROR] LogOutputStream:75 - [STDERR_REDIRECT] Sep 17, 2025 9:36:28 PM java.util.prefs.FileSystemPreferences checkLockFile0ErrorCode
2025-09-17 21:36:28,088 [ERROR] LogOutputStream:75 - [STDERR_REDIRECT] WARNING: Could not lock System prefs. Unix error code 2.
2025-09-17 21:36:28,088 [ERROR] LogOutputStream:75 - [STDERR_REDIRECT] 
2025-09-17 21:36:28,089 [ERROR] LogOutputStream:75 - [STDERR_REDIRECT] Sep 17, 2025 9:36:28 PM java.util.prefs.FileSystemPreferences syncWorld
2025-09-17 21:36:28,089 [ERROR] LogOutputStream:75 - [STDERR_REDIRECT] WARNING: Couldn't flush system prefs: java.util.prefs.BackingStoreException: Couldn't get file lock.
2025-09-17 21:36:28,089 [ERROR] LogOutputStream:75 - [STDERR_REDIRECT] 
2025-09-17 21:36:58,087 [ERROR] LogOutputStream:75 - [STDERR_REDIRECT] Sep 17, 2025 9:36:58 PM java.util.prefs.FileSystemPreferences checkLockFile0ErrorCode
2025-09-17 21:36:58,087 [ERROR] LogOutputStream:75 - [STDERR_REDIRECT] WARNING: Could not lock System prefs. Unix error code 2.
2025-09-17 21:36:58,087 [ERROR] LogOutputStream:75 - [STDERR_REDIRECT] 
2025-09-17 21:36:58,088 [ERROR] LogOutputStream:75 - [STDERR_REDIRECT] Sep 17, 2025 9:36:58 PM java.util.prefs.FileSystemPreferences syncWorld
2025-09-17 21:36:58,088 [ERROR] LogOutputStream:75 - [STDERR_REDIRECT] WARNING: Couldn't flush system prefs: java.util.prefs.BackingStoreException: Couldn't get file lock.
2025-09-17 21:36:58,088 [ERROR] LogOutputStream:75 - [STDERR_REDIRECT] 
2025-09-17 21:37:28,088 [ERROR] LogOutputStream:75 - [STDERR_REDIRECT] Sep 17, 2025 9:37:28 PM java.util.prefs.FileSystemPreferences checkLockFile0ErrorCode
2025-09-17 21:37:28,088 [ERROR] LogOutputStream:75 - [STDERR_REDIRECT] WARNING: Could not lock System prefs. Unix error code 2.
2025-09-17 21:37:28,088 [ERROR] LogOutputStream:75 - [STDERR_REDIRECT] 
2025-09-17 21:37:28,089 [ERROR] LogOutputStream:75 - [STDERR_REDIRECT] Sep 17, 2025 9:37:28 PM java.util.prefs.FileSystemPreferences syncWorld
2025-09-17 21:37:28,089 [ERROR] LogOutputStream:75 - [STDERR_REDIRECT] WARNING: Couldn't flush system prefs: java.util.prefs.BackingStoreException: Couldn't get file lock.
2025-09-17 21:37:28,089 [ERROR] LogOutputStream:75 - [STDERR_REDIRECT] 
2025-09-17 21:37:58,091 [ERROR] LogOutputStream:75 - [STDERR_REDIRECT] Sep 17, 2025 9:37:58 PM java.util.prefs.FileSystemPreferences checkLockFile0ErrorCode
2025-09-17 21:37:58,091 [ERROR] LogOutputStream:75 - [STDERR_REDIRECT] WARNING: Could not lock System prefs. Unix error code 2.
2025-09-17 21:37:58,091 [ERROR] LogOutputStream:75 - [STDERR_REDIRECT] 
2025-09-17 21:37:58,092 [ERROR] LogOutputStream:75 - [STDERR_REDIRECT] Sep 17, 2025 9:37:58 PM java.util.prefs.FileSystemPreferences syncWorld
2025-09-17 21:37:58,092 [ERROR] LogOutputStream:75 - [STDERR_REDIRECT] WARNING: Couldn't flush system prefs: java.util.prefs.BackingStoreException: Couldn't get file lock.
2025-09-17 21:37:58,092 [ERROR] LogOutputStream:75 - [STDERR_REDIRECT] 
2025-09-17 21:38:28,088 [ERROR] LogOutputStream:75 - [STDERR_REDIRECT] Sep 17, 2025 9:38:28 PM java.util.prefs.FileSystemPreferences checkLockFile0ErrorCode
2025-09-17 21:38:28,089 [ERROR] LogOutputStream:75 - [STDERR_REDIRECT] WARNING: Could not lock System prefs. Unix error code 2.
2025-09-17 21:38:28,089 [ERROR] LogOutputStream:75 - [STDERR_REDIRECT] 
2025-09-17 21:38:28,089 [ERROR] LogOutputStream:75 - [STDERR_REDIRECT] Sep 17, 2025 9:38:28 PM java.util.prefs.FileSystemPreferences syncWorld
2025-09-17 21:38:28,089 [ERROR] LogOutputStream:75 - [STDERR_REDIRECT] WARNING: Couldn't flush system prefs: java.util.prefs.BackingStoreException: Couldn't get file lock.
2025-09-17 21:38:28,089 [ERROR] LogOutputStream:75 - [STDERR_REDIRECT] 
2025-09-17 21:38:58,089 [ERROR] LogOutputStream:75 - [STDERR_REDIRECT] Sep 17, 2025 9:38:58 PM java.util.prefs.FileSystemPreferences checkLockFile0ErrorCode
2025-09-17 21:38:58,090 [ERROR] LogOutputStream:75 - [STDERR_REDIRECT] WARNING: Could not lock System prefs. Unix error code 2.
2025-09-17 21:38:58,090 [ERROR] LogOutputStream:75 - [STDERR_REDIRECT] 
2025-09-17 21:38:58,090 [ERROR] LogOutputStream:75 - [STDERR_REDIRECT] Sep 17, 2025 9:38:58 PM java.util.prefs.FileSystemPreferences syncWorld
2025-09-17 21:38:58,090 [ERROR] LogOutputStream:75 - [STDERR_REDIRECT] WARNING: Couldn't flush system prefs: java.util.prefs.BackingStoreException: Couldn't get file lock.
2025-09-17 21:38:58,090 [ERROR] LogOutputStream:75 - [STDERR_REDIRECT] 
2025-09-17 21:39:28,090 [ERROR] LogOutputStream:75 - [STDERR_REDIRECT] Sep 17, 2025 9:39:28 PM java.util.prefs.FileSystemPreferences checkLockFile0ErrorCode
2025-09-17 21:39:28,090 [ERROR] LogOutputStream:75 - [STDERR_REDIRECT] WARNING: Could not lock System prefs. Unix error code 2.
2025-09-17 21:39:28,090 [ERROR] LogOutputStream:75 - [STDERR_REDIRECT] 
2025-09-17 21:39:28,090 [ERROR] LogOutputStream:75 - [STDERR_REDIRECT] Sep 17, 2025 9:39:28 PM java.util.prefs.FileSystemPreferences syncWorld
2025-09-17 21:39:28,090 [ERROR] LogOutputStream:75 - [STDERR_REDIRECT] WARNING: Couldn't flush system prefs: java.util.prefs.BackingStoreException: Couldn't get file lock.
2025-09-17 21:39:28,090 [ERROR] LogOutputStream:75 - [STDERR_REDIRECT] 
2025-09-17 21:39:58,092 [ERROR] LogOutputStream:75 - [STDERR_REDIRECT] Sep 17, 2025 9:39:58 PM java.util.prefs.FileSystemPreferences checkLockFile0ErrorCode
2025-09-17 21:39:58,092 [ERROR] LogOutputStream:75 - [STDERR_REDIRECT] WARNING: Could not lock System prefs. Unix error code 2.
2025-09-17 21:39:58,092 [ERROR] LogOutputStream:75 - [STDERR_REDIRECT] 
2025-09-17 21:39:58,093 [ERROR] LogOutputStream:75 - [STDERR_REDIRECT] Sep 17, 2025 9:39:58 PM java.util.prefs.FileSystemPreferences syncWorld
2025-09-17 21:39:58,093 [ERROR] LogOutputStream:75 - [STDERR_REDIRECT] WARNING: Couldn't flush system prefs: java.util.prefs.BackingStoreException: Couldn't get file lock.
2025-09-17 21:39:58,093 [ERROR] LogOutputStream:75 - [STDERR_REDIRECT] 
2025-09-17 21:40:28,088 [ERROR] LogOutputStream:75 - [STDERR_REDIRECT] Sep 17, 2025 9:40:28 PM java.util.prefs.FileSystemPreferences checkLockFile0ErrorCode
2025-09-17 21:40:28,088 [ERROR] LogOutputStream:75 - [STDERR_REDIRECT] WARNING: Could not lock System prefs. Unix error code 2.
2025-09-17 21:40:28,088 [ERROR] LogOutputStream:75 - [STDERR_REDIRECT] 
2025-09-17 21:40:28,088 [ERROR] LogOutputStream:75 - [STDERR_REDIRECT] Sep 17, 2025 9:40:28 PM java.util.prefs.FileSystemPreferences syncWorld
2025-09-17 21:40:28,089 [ERROR] LogOutputStream:75 - [STDERR_REDIRECT] WARNING: Couldn't flush system prefs: java.util.prefs.BackingStoreException: Couldn't get file lock.
2025-09-17 21:40:28,089 [ERROR] LogOutputStream:75 - [STDERR_REDIRECT] 
2025-09-17 21:40:58,089 [ERROR] LogOutputStream:75 - [STDERR_REDIRECT] Sep 17, 2025 9:40:58 PM java.util.prefs.FileSystemPreferences checkLockFile0ErrorCode
2025-09-17 21:40:58,089 [ERROR] LogOutputStream:75 - [STDERR_REDIRECT] WARNING: Could not lock System prefs. Unix error code 2.
2025-09-17 21:40:58,089 [ERROR] LogOutputStream:75 - [STDERR_REDIRECT] 
2025-09-17 21:40:58,089 [ERROR] LogOutputStream:75 - [STDERR_REDIRECT] Sep 17, 2025 9:40:58 PM java.util.prefs.FileSystemPreferences syncWorld
2025-09-17 21:40:58,089 [ERROR] LogOutputStream:75 - [STDERR_REDIRECT] WARNING: Couldn't flush system prefs: java.util.prefs.BackingStoreException: Couldn't get file lock.
2025-09-17 21:40:58,089 [ERROR] LogOutputStream:75 - [STDERR_REDIRECT] 
2025-09-17 21:41:28,091 [ERROR] LogOutputStream:75 - [STDERR_REDIRECT] Sep 17, 2025 9:41:28 PM java.util.prefs.FileSystemPreferences checkLockFile0ErrorCode
2025-09-17 21:41:28,091 [ERROR] LogOutputStream:75 - [STDERR_REDIRECT] WARNING: Could not lock System prefs. Unix error code 2.
2025-09-17 21:41:28,091 [ERROR] LogOutputStream:75 - [STDERR_REDIRECT] 
2025-09-17 21:41:28,091 [ERROR] LogOutputStream:75 - [STDERR_REDIRECT] Sep 17, 2025 9:41:28 PM java.util.prefs.FileSystemPreferences syncWorld
2025-09-17 21:41:28,091 [ERROR] LogOutputStream:75 - [STDERR_REDIRECT] WARNING: Couldn't flush system prefs: java.util.prefs.BackingStoreException: Couldn't get file lock.
2025-09-17 21:41:28,092 [ERROR] LogOutputStream:75 - [STDERR_REDIRECT] 
2025-09-17 21:41:58,091 [ERROR] LogOutputStream:75 - [STDERR_REDIRECT] Sep 17, 2025 9:41:58 PM java.util.prefs.FileSystemPreferences checkLockFile0ErrorCode
2025-09-17 21:41:58,091 [ERROR] LogOutputStream:75 - [STDERR_REDIRECT] WARNING: Could not lock System prefs. Unix error code 2.
2025-09-17 21:41:58,091 [ERROR] LogOutputStream:75 - [STDERR_REDIRECT] 
2025-09-17 21:41:58,091 [ERROR] LogOutputStream:75 - [STDERR_REDIRECT] Sep 17, 2025 9:41:58 PM java.util.prefs.FileSystemPreferences syncWorld
2025-09-17 21:41:58,092 [ERROR] LogOutputStream:75 - [STDERR_REDIRECT] WARNING: Couldn't flush system prefs: java.util.prefs.BackingStoreException: Couldn't get file lock.
2025-09-17 21:41:58,092 [ERROR] LogOutputStream:75 - [STDERR_REDIRECT] 
2025-09-17 21:42:28,088 [ERROR] LogOutputStream:75 - [STDERR_REDIRECT] Sep 17, 2025 9:42:28 PM java.util.prefs.FileSystemPreferences checkLockFile0ErrorCode
2025-09-17 21:42:28,088 [ERROR] LogOutputStream:75 - [STDERR_REDIRECT] WARNING: Could not lock System prefs. Unix error code 2.
2025-09-17 21:42:28,089 [ERROR] LogOutputStream:75 - [STDERR_REDIRECT] 
2025-09-17 21:42:28,089 [ERROR] LogOutputStream:75 - [STDERR_REDIRECT] Sep 17, 2025 9:42:28 PM java.util.prefs.FileSystemPreferences syncWorld
2025-09-17 21:42:28,089 [ERROR] LogOutputStream:75 - [STDERR_REDIRECT] WARNING: Couldn't flush system prefs: java.util.prefs.BackingStoreException: Couldn't get file lock.
2025-09-17 21:42:28,089 [ERROR] LogOutputStream:75 - [STDERR_REDIRECT] 
2025-09-17 21:42:58,089 [ERROR] LogOutputStream:75 - [STDERR_REDIRECT] Sep 17, 2025 9:42:58 PM java.util.prefs.FileSystemPreferences checkLockFile0ErrorCode
2025-09-17 21:42:58,089 [ERROR] LogOutputStream:75 - [STDERR_REDIRECT] WARNING: Could not lock System prefs. Unix error code 2.
2025-09-17 21:42:58,089 [ERROR] LogOutputStream:75 - [STDERR_REDIRECT] 
2025-09-17 21:42:58,090 [ERROR] LogOutputStream:75 - [STDERR_REDIRECT] Sep 17, 2025 9:42:58 PM java.util.prefs.FileSystemPreferences syncWorld
2025-09-17 21:42:58,090 [ERROR] LogOutputStream:75 - [STDERR_REDIRECT] WARNING: Couldn't flush system prefs: java.util.prefs.BackingStoreException: Couldn't get file lock.
2025-09-17 21:42:58,090 [ERROR] LogOutputStream:75 - [STDERR_REDIRECT] 
2025-09-17 21:43:28,089 [ERROR] LogOutputStream:75 - [STDERR_REDIRECT] Sep 17, 2025 9:43:28 PM java.util.prefs.FileSystemPreferences checkLockFile0ErrorCode
2025-09-17 21:43:28,089 [ERROR] LogOutputStream:75 - [STDERR_REDIRECT] WARNING: Could not lock System prefs. Unix error code 2.
2025-09-17 21:43:28,090 [ERROR] LogOutputStream:75 - [STDERR_REDIRECT] 
2025-09-17 21:43:28,090 [ERROR] LogOutputStream:75 - [STDERR_REDIRECT] Sep 17, 2025 9:43:28 PM java.util.prefs.FileSystemPreferences syncWorld
2025-09-17 21:43:28,090 [ERROR] LogOutputStream:75 - [STDERR_REDIRECT] WARNING: Couldn't flush system prefs: java.util.prefs.BackingStoreException: Couldn't get file lock.
2025-09-17 21:43:28,090 [ERROR] LogOutputStream:75 - [STDERR_REDIRECT] 
2025-09-17 21:43:58,091 [ERROR] LogOutputStream:75 - [STDERR_REDIRECT] Sep 17, 2025 9:43:58 PM java.util.prefs.FileSystemPreferences checkLockFile0ErrorCode
2025-09-17 21:43:58,091 [ERROR] LogOutputStream:75 - [STDERR_REDIRECT] WARNING: Could not lock System prefs. Unix error code 2.
2025-09-17 21:43:58,092 [ERROR] LogOutputStream:75 - [STDERR_REDIRECT] 
2025-09-17 21:43:58,092 [ERROR] LogOutputStream:75 - [STDERR_REDIRECT] Sep 17, 2025 9:43:58 PM java.util.prefs.FileSystemPreferences syncWorld
2025-09-17 21:43:58,092 [ERROR] LogOutputStream:75 - [STDERR_REDIRECT] WARNING: Couldn't flush system prefs: java.util.prefs.BackingStoreException: Couldn't get file lock.
2025-09-17 21:43:58,092 [ERROR] LogOutputStream:75 - [STDERR_REDIRECT] 
2025-09-17 21:44:28,089 [ERROR] LogOutputStream:75 - [STDERR_REDIRECT] Sep 17, 2025 9:44:28 PM java.util.prefs.FileSystemPreferences checkLockFile0ErrorCode
2025-09-17 21:44:28,089 [ERROR] LogOutputStream:75 - [STDERR_REDIRECT] WARNING: Could not lock System prefs. Unix error code 2.
2025-09-17 21:44:28,089 [ERROR] LogOutputStream:75 - [STDERR_REDIRECT] 
2025-09-17 21:44:28,089 [ERROR] LogOutputStream:75 - [STDERR_REDIRECT] Sep 17, 2025 9:44:28 PM java.util.prefs.FileSystemPreferences syncWorld
2025-09-17 21:44:28,089 [ERROR] LogOutputStream:75 - [STDERR_REDIRECT] WARNING: Couldn't flush system prefs: java.util.prefs.BackingStoreException: Couldn't get file lock.
2025-09-17 21:44:28,090 [ERROR] LogOutputStream:75 - [STDERR_REDIRECT] 
2025-09-17 21:44:58,088 [ERROR] LogOutputStream:75 - [STDERR_REDIRECT] Sep 17, 2025 9:44:58 PM java.util.prefs.FileSystemPreferences checkLockFile0ErrorCode
2025-09-17 21:44:58,088 [ERROR] LogOutputStream:75 - [STDERR_REDIRECT] WARNING: Could not lock System prefs. Unix error code 2.
2025-09-17 21:44:58,088 [ERROR] LogOutputStream:75 - [STDERR_REDIRECT] 
2025-09-17 21:44:58,088 [ERROR] LogOutputStream:75 - [STDERR_REDIRECT] Sep 17, 2025 9:44:58 PM java.util.prefs.FileSystemPreferences syncWorld
2025-09-17 21:44:58,088 [ERROR] LogOutputStream:75 - [STDERR_REDIRECT] WARNING: Couldn't flush system prefs: java.util.prefs.BackingStoreException: Couldn't get file lock.
2025-09-17 21:44:58,088 [ERROR] LogOutputStream:75 - [STDERR_REDIRECT] 
2025-09-17 21:45:28,088 [ERROR] LogOutputStream:75 - [STDERR_REDIRECT] Sep 17, 2025 9:45:28 PM java.util.prefs.FileSystemPreferences checkLockFile0ErrorCode
2025-09-17 21:45:28,089 [ERROR] LogOutputStream:75 - [STDERR_REDIRECT] WARNING: Could not lock System prefs. Unix error code 2.
2025-09-17 21:45:28,089 [ERROR] LogOutputStream:75 - [STDERR_REDIRECT] 
2025-09-17 21:45:28,089 [ERROR] LogOutputStream:75 - [STDERR_REDIRECT] Sep 17, 2025 9:45:28 PM java.util.prefs.FileSystemPreferences syncWorld
2025-09-17 21:45:28,089 [ERROR] LogOutputStream:75 - [STDERR_REDIRECT] WARNING: Couldn't flush system prefs: java.util.prefs.BackingStoreException: Couldn't get file lock.
2025-09-17 21:45:28,089 [ERROR] LogOutputStream:75 - [STDERR_REDIRECT] 
2025-09-17 21:45:58,089 [ERROR] LogOutputStream:75 - [STDERR_REDIRECT] Sep 17, 2025 9:45:58 PM java.util.prefs.FileSystemPreferences checkLockFile0ErrorCode
2025-09-17 21:45:58,089 [ERROR] LogOutputStream:75 - [STDERR_REDIRECT] WARNING: Could not lock System prefs. Unix error code 2.
2025-09-17 21:45:58,089 [ERROR] LogOutputStream:75 - [STDERR_REDIRECT] 
2025-09-17 21:45:58,089 [ERROR] LogOutputStream:75 - [STDERR_REDIRECT] Sep 17, 2025 9:45:58 PM java.util.prefs.FileSystemPreferences syncWorld
2025-09-17 21:45:58,089 [ERROR] LogOutputStream:75 - [STDERR_REDIRECT] WARNING: Couldn't flush system prefs: java.util.prefs.BackingStoreException: Couldn't get file lock.
2025-09-17 21:45:58,089 [ERROR] LogOutputStream:75 - [STDERR_REDIRECT] 
2025-09-17 21:46:28,089 [ERROR] LogOutputStream:75 - [STDERR_REDIRECT] Sep 17, 2025 9:46:28 PM java.util.prefs.FileSystemPreferences checkLockFile0ErrorCode
2025-09-17 21:46:28,089 [ERROR] LogOutputStream:75 - [STDERR_REDIRECT] WARNING: Could not lock System prefs. Unix error code 2.
2025-09-17 21:46:28,089 [ERROR] LogOutputStream:75 - [STDERR_REDIRECT] 
2025-09-17 21:46:28,089 [ERROR] LogOutputStream:75 - [STDERR_REDIRECT] Sep 17, 2025 9:46:28 PM java.util.prefs.FileSystemPreferences syncWorld
2025-09-17 21:46:28,089 [ERROR] LogOutputStream:75 - [STDERR_REDIRECT] WARNING: Couldn't flush system prefs: java.util.prefs.BackingStoreException: Couldn't get file lock.
2025-09-17 21:46:28,089 [ERROR] LogOutputStream:75 - [STDERR_REDIRECT] 
2025-09-17 21:46:58,089 [ERROR] LogOutputStream:75 - [STDERR_REDIRECT] Sep 17, 2025 9:46:58 PM java.util.prefs.FileSystemPreferences checkLockFile0ErrorCode
2025-09-17 21:46:58,089 [ERROR] LogOutputStream:75 - [STDERR_REDIRECT] WARNING: Could not lock System prefs. Unix error code 2.
2025-09-17 21:46:58,090 [ERROR] LogOutputStream:75 - [STDERR_REDIRECT] 
2025-09-17 21:46:58,090 [ERROR] LogOutputStream:75 - [STDERR_REDIRECT] Sep 17, 2025 9:46:58 PM java.util.prefs.FileSystemPreferences syncWorld
2025-09-17 21:46:58,090 [ERROR] LogOutputStream:75 - [STDERR_REDIRECT] WARNING: Couldn't flush system prefs: java.util.prefs.BackingStoreException: Couldn't get file lock.
2025-09-17 21:46:58,090 [ERROR] LogOutputStream:75 - [STDERR_REDIRECT] 
2025-09-17 21:47:28,089 [ERROR] LogOutputStream:75 - [STDERR_REDIRECT] Sep 17, 2025 9:47:28 PM java.util.prefs.FileSystemPreferences checkLockFile0ErrorCode
2025-09-17 21:47:28,089 [ERROR] LogOutputStream:75 - [STDERR_REDIRECT] WARNING: Could not lock System prefs. Unix error code 2.
2025-09-17 21:47:28,089 [ERROR] LogOutputStream:75 - [STDERR_REDIRECT] 
2025-09-17 21:47:28,089 [ERROR] LogOutputStream:75 - [STDERR_REDIRECT] Sep 17, 2025 9:47:28 PM java.util.prefs.FileSystemPreferences syncWorld
2025-09-17 21:47:28,089 [ERROR] LogOutputStream:75 - [STDERR_REDIRECT] WARNING: Couldn't flush system prefs: java.util.prefs.BackingStoreException: Couldn't get file lock.
2025-09-17 21:47:28,089 [ERROR] LogOutputStream:75 - [STDERR_REDIRECT] 
2025-09-17 21:47:58,089 [ERROR] LogOutputStream:75 - [STDERR_REDIRECT] Sep 17, 2025 9:47:58 PM java.util.prefs.FileSystemPreferences checkLockFile0ErrorCode
2025-09-17 21:47:58,089 [ERROR] LogOutputStream:75 - [STDERR_REDIRECT] WARNING: Could not lock System prefs. Unix error code 2.
2025-09-17 21:47:58,090 [ERROR] LogOutputStream:75 - [STDERR_REDIRECT] 
2025-09-17 21:47:58,090 [ERROR] LogOutputStream:75 - [STDERR_REDIRECT] Sep 17, 2025 9:47:58 PM java.util.prefs.FileSystemPreferences syncWorld
2025-09-17 21:47:58,090 [ERROR] LogOutputStream:75 - [STDERR_REDIRECT] WARNING: Couldn't flush system prefs: java.util.prefs.BackingStoreException: Couldn't get file lock.
2025-09-17 21:47:58,090 [ERROR] LogOutputStream:75 - [STDERR_REDIRECT] 
2025-09-17 21:48:28,093 [ERROR] LogOutputStream:75 - [STDERR_REDIRECT] Sep 17, 2025 9:48:28 PM java.util.prefs.FileSystemPreferences checkLockFile0ErrorCode
2025-09-17 21:48:28,094 [ERROR] LogOutputStream:75 - [STDERR_REDIRECT] WARNING: Could not lock System prefs. Unix error code 2.
2025-09-17 21:48:28,094 [ERROR] LogOutputStream:75 - [STDERR_REDIRECT] 
2025-09-17 21:48:28,094 [ERROR] LogOutputStream:75 - [STDERR_REDIRECT] Sep 17, 2025 9:48:28 PM java.util.prefs.FileSystemPreferences syncWorld
2025-09-17 21:48:28,094 [ERROR] LogOutputStream:75 - [STDERR_REDIRECT] WARNING: Couldn't flush system prefs: java.util.prefs.BackingStoreException: Couldn't get file lock.
2025-09-17 21:48:28,094 [ERROR] LogOutputStream:75 - [STDERR_REDIRECT] 
2025-09-17 21:48:58,093 [ERROR] LogOutputStream:75 - [STDERR_REDIRECT] Sep 17, 2025 9:48:58 PM java.util.prefs.FileSystemPreferences checkLockFile0ErrorCode
2025-09-17 21:48:58,094 [ERROR] LogOutputStream:75 - [STDERR_REDIRECT] WARNING: Could not lock System prefs. Unix error code 2.
2025-09-17 21:48:58,094 [ERROR] LogOutputStream:75 - [STDERR_REDIRECT] 
2025-09-17 21:48:58,094 [ERROR] LogOutputStream:75 - [STDERR_REDIRECT] Sep 17, 2025 9:48:58 PM java.util.prefs.FileSystemPreferences syncWorld
2025-09-17 21:48:58,094 [ERROR] LogOutputStream:75 - [STDERR_REDIRECT] WARNING: Couldn't flush system prefs: java.util.prefs.BackingStoreException: Couldn't get file lock.
2025-09-17 21:48:58,094 [ERROR] LogOutputStream:75 - [STDERR_REDIRECT] 
2025-09-17 22:57:10,168 [INFO] WebApp:194 - Connection lost
2025-09-17 22:57:17,056 [INFO] WebApp:191 - Connection restablished
2025-09-17 22:57:20,970 [ERROR] LogOutputStream:75 - [STDERR_REDIRECT] Sep 17, 2025 10:57:20 PM java.util.prefs.FileSystemPreferences checkLockFile0ErrorCode
2025-09-17 22:57:20,971 [ERROR] LogOutputStream:75 - [STDERR_REDIRECT] WARNING: Could not lock System prefs. Unix error code 2.
2025-09-17 22:57:20,971 [ERROR] LogOutputStream:75 - [STDERR_REDIRECT] 
2025-09-17 22:57:20,971 [ERROR] LogOutputStream:75 - [STDERR_REDIRECT] Sep 17, 2025 10:57:20 PM java.util.prefs.FileSystemPreferences syncWorld
2025-09-17 22:57:20,971 [ERROR] LogOutputStream:75 - [STDERR_REDIRECT] WARNING: Couldn't flush system prefs: java.util.prefs.BackingStoreException: Couldn't get file lock.
2025-09-17 22:57:20,971 [ERROR] LogOutputStream:75 - [STDERR_REDIRECT] 
2025-09-17 22:57:50,970 [ERROR] LogOutputStream:75 - [STDERR_REDIRECT] Sep 17, 2025 10:57:50 PM java.util.prefs.FileSystemPreferences checkLockFile0ErrorCode
2025-09-17 22:57:50,970 [ERROR] LogOutputStream:75 - [STDERR_REDIRECT] WARNING: Could not lock System prefs. Unix error code 2.
2025-09-17 22:57:50,971 [ERROR] LogOutputStream:75 - [STDERR_REDIRECT] 
2025-09-17 22:57:50,971 [ERROR] LogOutputStream:75 - [STDERR_REDIRECT] Sep 17, 2025 10:57:50 PM java.util.prefs.FileSystemPreferences syncWorld
2025-09-17 22:57:50,971 [ERROR] LogOutputStream:75 - [STDERR_REDIRECT] WARNING: Couldn't flush system prefs: java.util.prefs.BackingStoreException: Couldn't get file lock.
2025-09-17 22:57:50,971 [ERROR] LogOutputStream:75 - [STDERR_REDIRECT] 
2025-09-17 22:58:20,970 [ERROR] LogOutputStream:75 - [STDERR_REDIRECT] Sep 17, 2025 10:58:20 PM java.util.prefs.FileSystemPreferences checkLockFile0ErrorCode
2025-09-17 22:58:20,970 [ERROR] LogOutputStream:75 - [STDERR_REDIRECT] WARNING: Could not lock System prefs. Unix error code 2.
2025-09-17 22:58:20,970 [ERROR] LogOutputStream:75 - [STDERR_REDIRECT] 
2025-09-17 22:58:20,971 [ERROR] LogOutputStream:75 - [STDERR_REDIRECT] Sep 17, 2025 10:58:20 PM java.util.prefs.FileSystemPreferences syncWorld
2025-09-17 22:58:20,971 [ERROR] LogOutputStream:75 - [STDERR_REDIRECT] WARNING: Couldn't flush system prefs: java.util.prefs.BackingStoreException: Couldn't get file lock.
2025-09-17 22:58:20,971 [ERROR] LogOutputStream:75 - [STDERR_REDIRECT] 
2025-09-17 22:58:50,970 [ERROR] LogOutputStream:75 - [STDERR_REDIRECT] Sep 17, 2025 10:58:50 PM java.util.prefs.FileSystemPreferences checkLockFile0ErrorCode
2025-09-17 22:58:50,970 [ERROR] LogOutputStream:75 - [STDERR_REDIRECT] WARNING: Could not lock System prefs. Unix error code 2.
2025-09-17 22:58:50,970 [ERROR] LogOutputStream:75 - [STDERR_REDIRECT] 
2025-09-17 22:58:50,970 [ERROR] LogOutputStream:75 - [STDERR_REDIRECT] Sep 17, 2025 10:58:50 PM java.util.prefs.FileSystemPreferences syncWorld
2025-09-17 22:58:50,970 [ERROR] LogOutputStream:75 - [STDERR_REDIRECT] WARNING: Couldn't flush system prefs: java.util.prefs.BackingStoreException: Couldn't get file lock.
2025-09-17 22:58:50,970 [ERROR] LogOutputStream:75 - [STDERR_REDIRECT] 
2025-09-17 22:59:20,971 [ERROR] LogOutputStream:75 - [STDERR_REDIRECT] Sep 17, 2025 10:59:20 PM java.util.prefs.FileSystemPreferences checkLockFile0ErrorCode
2025-09-17 22:59:20,971 [ERROR] LogOutputStream:75 - [STDERR_REDIRECT] WARNING: Could not lock System prefs. Unix error code 2.
2025-09-17 22:59:20,971 [ERROR] LogOutputStream:75 - [STDERR_REDIRECT] 
2025-09-17 22:59:20,971 [ERROR] LogOutputStream:75 - [STDERR_REDIRECT] Sep 17, 2025 10:59:20 PM java.util.prefs.FileSystemPreferences syncWorld
2025-09-17 22:59:20,971 [ERROR] LogOutputStream:75 - [STDERR_REDIRECT] WARNING: Couldn't flush system prefs: java.util.prefs.BackingStoreException: Couldn't get file lock.
2025-09-17 22:59:20,971 [ERROR] LogOutputStream:75 - [STDERR_REDIRECT] 
2025-09-17 22:59:50,972 [ERROR] LogOutputStream:75 - [STDERR_REDIRECT] Sep 17, 2025 10:59:50 PM java.util.prefs.FileSystemPreferences checkLockFile0ErrorCode
2025-09-17 22:59:50,972 [ERROR] LogOutputStream:75 - [STDERR_REDIRECT] WARNING: Could not lock System prefs. Unix error code 2.
2025-09-17 22:59:50,972 [ERROR] LogOutputStream:75 - [STDERR_REDIRECT] 
2025-09-17 22:59:50,972 [ERROR] LogOutputStream:75 - [STDERR_REDIRECT] Sep 17, 2025 10:59:50 PM java.util.prefs.FileSystemPreferences syncWorld
2025-09-17 22:59:50,972 [ERROR] LogOutputStream:75 - [STDERR_REDIRECT] WARNING: Couldn't flush system prefs: java.util.prefs.BackingStoreException: Couldn't get file lock.
2025-09-17 22:59:50,972 [ERROR] LogOutputStream:75 - [STDERR_REDIRECT] 
2025-09-17 23:00:20,973 [ERROR] LogOutputStream:75 - [STDERR_REDIRECT] Sep 17, 2025 11:00:20 PM java.util.prefs.FileSystemPreferences checkLockFile0ErrorCode
2025-09-17 23:00:20,973 [ERROR] LogOutputStream:75 - [STDERR_REDIRECT] WARNING: Could not lock System prefs. Unix error code 2.
2025-09-17 23:00:20,973 [ERROR] LogOutputStream:75 - [STDERR_REDIRECT] 
2025-09-17 23:00:20,973 [ERROR] LogOutputStream:75 - [STDERR_REDIRECT] Sep 17, 2025 11:00:20 PM java.util.prefs.FileSystemPreferences syncWorld
2025-09-17 23:00:20,973 [ERROR] LogOutputStream:75 - [STDERR_REDIRECT] WARNING: Couldn't flush system prefs: java.util.prefs.BackingStoreException: Couldn't get file lock.
2025-09-17 23:00:20,973 [ERROR] LogOutputStream:75 - [STDERR_REDIRECT] 
2025-09-17 23:00:50,973 [ERROR] LogOutputStream:75 - [STDERR_REDIRECT] Sep 17, 2025 11:00:50 PM java.util.prefs.FileSystemPreferences checkLockFile0ErrorCode
2025-09-17 23:00:50,974 [ERROR] LogOutputStream:75 - [STDERR_REDIRECT] WARNING: Could not lock System prefs. Unix error code 2.
2025-09-17 23:00:50,974 [ERROR] LogOutputStream:75 - [STDERR_REDIRECT] 
2025-09-17 23:00:50,974 [ERROR] LogOutputStream:75 - [STDERR_REDIRECT] Sep 17, 2025 11:00:50 PM java.util.prefs.FileSystemPreferences syncWorld
2025-09-17 23:00:50,974 [ERROR] LogOutputStream:75 - [STDERR_REDIRECT] WARNING: Couldn't flush system prefs: java.util.prefs.BackingStoreException: Couldn't get file lock.
2025-09-17 23:00:50,974 [ERROR] LogOutputStream:75 - [STDERR_REDIRECT] 
2025-09-17 23:01:20,973 [ERROR] LogOutputStream:75 - [STDERR_REDIRECT] Sep 17, 2025 11:01:20 PM java.util.prefs.FileSystemPreferences checkLockFile0ErrorCode
2025-09-17 23:01:20,973 [ERROR] LogOutputStream:75 - [STDERR_REDIRECT] WARNING: Could not lock System prefs. Unix error code 2.
2025-09-17 23:01:20,973 [ERROR] LogOutputStream:75 - [STDERR_REDIRECT] 
2025-09-17 23:01:20,973 [ERROR] LogOutputStream:75 - [STDERR_REDIRECT] Sep 17, 2025 11:01:20 PM java.util.prefs.FileSystemPreferences syncWorld
2025-09-17 23:01:20,974 [ERROR] LogOutputStream:75 - [STDERR_REDIRECT] WARNING: Couldn't flush system prefs: java.util.prefs.BackingStoreException: Couldn't get file lock.
2025-09-17 23:01:20,974 [ERROR] LogOutputStream:75 - [STDERR_REDIRECT] 
2025-09-17 23:01:50,973 [ERROR] LogOutputStream:75 - [STDERR_REDIRECT] Sep 17, 2025 11:01:50 PM java.util.prefs.FileSystemPreferences checkLockFile0ErrorCode
2025-09-17 23:01:50,973 [ERROR] LogOutputStream:75 - [STDERR_REDIRECT] WARNING: Could not lock System prefs. Unix error code 2.
2025-09-17 23:01:50,973 [ERROR] LogOutputStream:75 - [STDERR_REDIRECT] 
2025-09-17 23:01:50,973 [ERROR] LogOutputStream:75 - [STDERR_REDIRECT] Sep 17, 2025 11:01:50 PM java.util.prefs.FileSystemPreferences syncWorld
2025-09-17 23:01:50,973 [ERROR] LogOutputStream:75 - [STDERR_REDIRECT] WARNING: Couldn't flush system prefs: java.util.prefs.BackingStoreException: Couldn't get file lock.
2025-09-17 23:01:50,974 [ERROR] LogOutputStream:75 - [STDERR_REDIRECT] 
2025-09-17 23:02:20,973 [ERROR] LogOutputStream:75 - [STDERR_REDIRECT] Sep 17, 2025 11:02:20 PM java.util.prefs.FileSystemPreferences checkLockFile0ErrorCode
2025-09-17 23:02:20,973 [ERROR] LogOutputStream:75 - [STDERR_REDIRECT] WARNING: Could not lock System prefs. Unix error code 2.
2025-09-17 23:02:20,973 [ERROR] LogOutputStream:75 - [STDERR_REDIRECT] 
2025-09-17 23:02:20,973 [ERROR] LogOutputStream:75 - [STDERR_REDIRECT] Sep 17, 2025 11:02:20 PM java.util.prefs.FileSystemPreferences syncWorld
2025-09-17 23:02:20,973 [ERROR] LogOutputStream:75 - [STDERR_REDIRECT] WARNING: Couldn't flush system prefs: java.util.prefs.BackingStoreException: Couldn't get file lock.
2025-09-17 23:02:20,973 [ERROR] LogOutputStream:75 - [STDERR_REDIRECT] 
2025-09-17 23:02:50,974 [ERROR] LogOutputStream:75 - [STDERR_REDIRECT] Sep 17, 2025 11:02:50 PM java.util.prefs.FileSystemPreferences checkLockFile0ErrorCode
2025-09-17 23:02:50,974 [ERROR] LogOutputStream:75 - [STDERR_REDIRECT] WARNING: Could not lock System prefs. Unix error code 2.
2025-09-17 23:02:50,974 [ERROR] LogOutputStream:75 - [STDERR_REDIRECT] 
2025-09-17 23:02:50,975 [ERROR] LogOutputStream:75 - [STDERR_REDIRECT] Sep 17, 2025 11:02:50 PM java.util.prefs.FileSystemPreferences syncWorld
2025-09-17 23:02:50,975 [ERROR] LogOutputStream:75 - [STDERR_REDIRECT] WARNING: Couldn't flush system prefs: java.util.prefs.BackingStoreException: Couldn't get file lock.
2025-09-17 23:02:50,975 [ERROR] LogOutputStream:75 - [STDERR_REDIRECT] 
2025-09-17 23:03:20,974 [ERROR] LogOutputStream:75 - [STDERR_REDIRECT] Sep 17, 2025 11:03:20 PM java.util.prefs.FileSystemPreferences checkLockFile0ErrorCode
2025-09-17 23:03:20,974 [ERROR] LogOutputStream:75 - [STDERR_REDIRECT] WARNING: Could not lock System prefs. Unix error code 2.
2025-09-17 23:03:20,974 [ERROR] LogOutputStream:75 - [STDERR_REDIRECT] 
2025-09-17 23:03:20,975 [ERROR] LogOutputStream:75 - [STDERR_REDIRECT] Sep 17, 2025 11:03:20 PM java.util.prefs.FileSystemPreferences syncWorld
2025-09-17 23:03:20,975 [ERROR] LogOutputStream:75 - [STDERR_REDIRECT] WARNING: Couldn't flush system prefs: java.util.prefs.BackingStoreException: Couldn't get file lock.
2025-09-17 23:03:20,975 [ERROR] LogOutputStream:75 - [STDERR_REDIRECT] 
2025-09-17 23:03:50,974 [ERROR] LogOutputStream:75 - [STDERR_REDIRECT] Sep 17, 2025 11:03:50 PM java.util.prefs.FileSystemPreferences checkLockFile0ErrorCode
2025-09-17 23:03:50,974 [ERROR] LogOutputStream:75 - [STDERR_REDIRECT] WARNING: Could not lock System prefs. Unix error code 2.
2025-09-17 23:03:50,974 [ERROR] LogOutputStream:75 - [STDERR_REDIRECT] 
2025-09-17 23:03:50,974 [ERROR] LogOutputStream:75 - [STDERR_REDIRECT] Sep 17, 2025 11:03:50 PM java.util.prefs.FileSystemPreferences syncWorld
2025-09-17 23:03:50,974 [ERROR] LogOutputStream:75 - [STDERR_REDIRECT] WARNING: Couldn't flush system prefs: java.util.prefs.BackingStoreException: Couldn't get file lock.
2025-09-17 23:03:50,974 [ERROR] LogOutputStream:75 - [STDERR_REDIRECT] 
2025-09-17 23:04:20,975 [ERROR] LogOutputStream:75 - [STDERR_REDIRECT] Sep 17, 2025 11:04:20 PM java.util.prefs.FileSystemPreferences checkLockFile0ErrorCode
2025-09-17 23:04:20,975 [ERROR] LogOutputStream:75 - [STDERR_REDIRECT] WARNING: Could not lock System prefs. Unix error code 2.
2025-09-17 23:04:20,975 [ERROR] LogOutputStream:75 - [STDERR_REDIRECT] 
2025-09-17 23:04:20,975 [ERROR] LogOutputStream:75 - [STDERR_REDIRECT] Sep 17, 2025 11:04:20 PM java.util.prefs.FileSystemPreferences syncWorld
2025-09-17 23:04:20,975 [ERROR] LogOutputStream:75 - [STDERR_REDIRECT] WARNING: Couldn't flush system prefs: java.util.prefs.BackingStoreException: Couldn't get file lock.
2025-09-17 23:04:20,975 [ERROR] LogOutputStream:75 - [STDERR_REDIRECT] 
2025-09-17 23:04:50,974 [ERROR] LogOutputStream:75 - [STDERR_REDIRECT] Sep 17, 2025 11:04:50 PM java.util.prefs.FileSystemPreferences checkLockFile0ErrorCode
2025-09-17 23:04:50,975 [ERROR] LogOutputStream:75 - [STDERR_REDIRECT] WARNING: Could not lock System prefs. Unix error code 2.
2025-09-17 23:04:50,975 [ERROR] LogOutputStream:75 - [STDERR_REDIRECT] 
2025-09-17 23:04:50,975 [ERROR] LogOutputStream:75 - [STDERR_REDIRECT] Sep 17, 2025 11:04:50 PM java.util.prefs.FileSystemPreferences syncWorld
2025-09-17 23:04:50,975 [ERROR] LogOutputStream:75 - [STDERR_REDIRECT] WARNING: Couldn't flush system prefs: java.util.prefs.BackingStoreException: Couldn't get file lock.
2025-09-17 23:04:50,975 [ERROR] LogOutputStream:75 - [STDERR_REDIRECT] 
2025-09-17 23:05:20,974 [ERROR] LogOutputStream:75 - [STDERR_REDIRECT] Sep 17, 2025 11:05:20 PM java.util.prefs.FileSystemPreferences checkLockFile0ErrorCode
2025-09-17 23:05:20,974 [ERROR] LogOutputStream:75 - [STDERR_REDIRECT] WARNING: Could not lock System prefs. Unix error code 2.
2025-09-17 23:05:20,974 [ERROR] LogOutputStream:75 - [STDERR_REDIRECT] 
2025-09-17 23:05:20,975 [ERROR] LogOutputStream:75 - [STDERR_REDIRECT] Sep 17, 2025 11:05:20 PM java.util.prefs.FileSystemPreferences syncWorld
2025-09-17 23:05:20,975 [ERROR] LogOutputStream:75 - [STDERR_REDIRECT] WARNING: Couldn't flush system prefs: java.util.prefs.BackingStoreException: Couldn't get file lock.
2025-09-17 23:05:20,975 [ERROR] LogOutputStream:75 - [STDERR_REDIRECT] 
2025-09-17 23:05:50,974 [ERROR] LogOutputStream:75 - [STDERR_REDIRECT] Sep 17, 2025 11:05:50 PM java.util.prefs.FileSystemPreferences checkLockFile0ErrorCode
2025-09-17 23:05:50,975 [ERROR] LogOutputStream:75 - [STDERR_REDIRECT] WARNING: Could not lock System prefs. Unix error code 2.
2025-09-17 23:05:50,975 [ERROR] LogOutputStream:75 - [STDERR_REDIRECT] 
2025-09-17 23:05:50,975 [ERROR] LogOutputStream:75 - [STDERR_REDIRECT] Sep 17, 2025 11:05:50 PM java.util.prefs.FileSystemPreferences syncWorld
2025-09-17 23:05:50,975 [ERROR] LogOutputStream:75 - [STDERR_REDIRECT] WARNING: Couldn't flush system prefs: java.util.prefs.BackingStoreException: Couldn't get file lock.
2025-09-17 23:05:50,975 [ERROR] LogOutputStream:75 - [STDERR_REDIRECT] 
2025-09-17 23:06:20,974 [ERROR] LogOutputStream:75 - [STDERR_REDIRECT] Sep 17, 2025 11:06:20 PM java.util.prefs.FileSystemPreferences checkLockFile0ErrorCode
2025-09-17 23:06:20,974 [ERROR] LogOutputStream:75 - [STDERR_REDIRECT] WARNING: Could not lock System prefs. Unix error code 2.
2025-09-17 23:06:20,974 [ERROR] LogOutputStream:75 - [STDERR_REDIRECT] 
2025-09-17 23:06:20,975 [ERROR] LogOutputStream:75 - [STDERR_REDIRECT] Sep 17, 2025 11:06:20 PM java.util.prefs.FileSystemPreferences syncWorld
2025-09-17 23:06:20,975 [ERROR] LogOutputStream:75 - [STDERR_REDIRECT] WARNING: Couldn't flush system prefs: java.util.prefs.BackingStoreException: Couldn't get file lock.
2025-09-17 23:06:20,975 [ERROR] LogOutputStream:75 - [STDERR_REDIRECT] 
2025-09-17 23:06:50,974 [ERROR] LogOutputStream:75 - [STDERR_REDIRECT] Sep 17, 2025 11:06:50 PM java.util.prefs.FileSystemPreferences checkLockFile0ErrorCode
2025-09-17 23:06:50,974 [ERROR] LogOutputStream:75 - [STDERR_REDIRECT] WARNING: Could not lock System prefs. Unix error code 2.
2025-09-17 23:06:50,974 [ERROR] LogOutputStream:75 - [STDERR_REDIRECT] 
2025-09-17 23:06:50,974 [ERROR] LogOutputStream:75 - [STDERR_REDIRECT] Sep 17, 2025 11:06:50 PM java.util.prefs.FileSystemPreferences syncWorld
2025-09-17 23:06:50,974 [ERROR] LogOutputStream:75 - [STDERR_REDIRECT] WARNING: Couldn't flush system prefs: java.util.prefs.BackingStoreException: Couldn't get file lock.
2025-09-17 23:06:50,974 [ERROR] LogOutputStream:75 - [STDERR_REDIRECT] 
2025-09-17 23:07:20,974 [ERROR] LogOutputStream:75 - [STDERR_REDIRECT] Sep 17, 2025 11:07:20 PM java.util.prefs.FileSystemPreferences checkLockFile0ErrorCode
2025-09-17 23:07:20,974 [ERROR] LogOutputStream:75 - [STDERR_REDIRECT] WARNING: Could not lock System prefs. Unix error code 2.
2025-09-17 23:07:20,974 [ERROR] LogOutputStream:75 - [STDERR_REDIRECT] 
2025-09-17 23:07:20,975 [ERROR] LogOutputStream:75 - [STDERR_REDIRECT] Sep 17, 2025 11:07:20 PM java.util.prefs.FileSystemPreferences syncWorld
2025-09-17 23:07:20,975 [ERROR] LogOutputStream:75 - [STDERR_REDIRECT] WARNING: Couldn't flush system prefs: java.util.prefs.BackingStoreException: Couldn't get file lock.
2025-09-17 23:07:20,975 [ERROR] LogOutputStream:75 - [STDERR_REDIRECT] 
2025-09-17 23:07:50,974 [ERROR] LogOutputStream:75 - [STDERR_REDIRECT] Sep 17, 2025 11:07:50 PM java.util.prefs.FileSystemPreferences checkLockFile0ErrorCode
2025-09-17 23:07:50,974 [ERROR] LogOutputStream:75 - [STDERR_REDIRECT] WARNING: Could not lock System prefs. Unix error code 2.
2025-09-17 23:07:50,974 [ERROR] LogOutputStream:75 - [STDERR_REDIRECT] 
2025-09-17 23:07:50,974 [ERROR] LogOutputStream:75 - [STDERR_REDIRECT] Sep 17, 2025 11:07:50 PM java.util.prefs.FileSystemPreferences syncWorld
2025-09-17 23:07:50,975 [ERROR] LogOutputStream:75 - [STDERR_REDIRECT] WARNING: Couldn't flush system prefs: java.util.prefs.BackingStoreException: Couldn't get file lock.
2025-09-17 23:07:50,975 [ERROR] LogOutputStream:75 - [STDERR_REDIRECT] 
2025-09-17 23:08:20,974 [ERROR] LogOutputStream:75 - [STDERR_REDIRECT] Sep 17, 2025 11:08:20 PM java.util.prefs.FileSystemPreferences checkLockFile0ErrorCode
2025-09-17 23:08:20,974 [ERROR] LogOutputStream:75 - [STDERR_REDIRECT] WARNING: Could not lock System prefs. Unix error code 2.
2025-09-17 23:08:20,974 [ERROR] LogOutputStream:75 - [STDERR_REDIRECT] 
2025-09-17 23:08:20,974 [ERROR] LogOutputStream:75 - [STDERR_REDIRECT] Sep 17, 2025 11:08:20 PM java.util.prefs.FileSystemPreferences syncWorld
2025-09-17 23:08:20,974 [ERROR] LogOutputStream:75 - [STDERR_REDIRECT] WARNING: Couldn't flush system prefs: java.util.prefs.BackingStoreException: Couldn't get file lock.
2025-09-17 23:08:20,974 [ERROR] LogOutputStream:75 - [STDERR_REDIRECT] 
2025-09-17 23:08:50,975 [ERROR] LogOutputStream:75 - [STDERR_REDIRECT] Sep 17, 2025 11:08:50 PM java.util.prefs.FileSystemPreferences checkLockFile0ErrorCode
2025-09-17 23:08:50,975 [ERROR] LogOutputStream:75 - [STDERR_REDIRECT] WARNING: Could not lock System prefs. Unix error code 2.
2025-09-17 23:08:50,975 [ERROR] LogOutputStream:75 - [STDERR_REDIRECT] 
2025-09-17 23:08:50,975 [ERROR] LogOutputStream:75 - [STDERR_REDIRECT] Sep 17, 2025 11:08:50 PM java.util.prefs.FileSystemPreferences syncWorld
2025-09-17 23:08:50,975 [ERROR] LogOutputStream:75 - [STDERR_REDIRECT] WARNING: Couldn't flush system prefs: java.util.prefs.BackingStoreException: Couldn't get file lock.
2025-09-17 23:08:50,975 [ERROR] LogOutputStream:75 - [STDERR_REDIRECT] 
2025-09-17 23:09:20,976 [ERROR] LogOutputStream:75 - [STDERR_REDIRECT] Sep 17, 2025 11:09:20 PM java.util.prefs.FileSystemPreferences checkLockFile0ErrorCode
2025-09-17 23:09:20,976 [ERROR] LogOutputStream:75 - [STDERR_REDIRECT] WARNING: Could not lock System prefs. Unix error code 2.
2025-09-17 23:09:20,976 [ERROR] LogOutputStream:75 - [STDERR_REDIRECT] 
2025-09-17 23:09:20,976 [ERROR] LogOutputStream:75 - [STDERR_REDIRECT] Sep 17, 2025 11:09:20 PM java.util.prefs.FileSystemPreferences syncWorld
2025-09-17 23:09:20,976 [ERROR] LogOutputStream:75 - [STDERR_REDIRECT] WARNING: Couldn't flush system prefs: java.util.prefs.BackingStoreException: Couldn't get file lock.
2025-09-17 23:09:20,976 [ERROR] LogOutputStream:75 - [STDERR_REDIRECT] 
2025-09-17 23:09:50,977 [ERROR] LogOutputStream:75 - [STDERR_REDIRECT] Sep 17, 2025 11:09:50 PM java.util.prefs.FileSystemPreferences checkLockFile0ErrorCode
2025-09-17 23:09:50,977 [ERROR] LogOutputStream:75 - [STDERR_REDIRECT] WARNING: Could not lock System prefs. Unix error code 2.
2025-09-17 23:09:50,977 [ERROR] LogOutputStream:75 - [STDERR_REDIRECT] 
2025-09-17 23:09:50,977 [ERROR] LogOutputStream:75 - [STDERR_REDIRECT] Sep 17, 2025 11:09:50 PM java.util.prefs.FileSystemPreferences syncWorld
2025-09-17 23:09:50,977 [ERROR] LogOutputStream:75 - [STDERR_REDIRECT] WARNING: Couldn't flush system prefs: java.util.prefs.BackingStoreException: Couldn't get file lock.
2025-09-17 23:09:50,977 [ERROR] LogOutputStream:75 - [STDERR_REDIRECT] 
2025-09-17 23:10:20,977 [ERROR] LogOutputStream:75 - [STDERR_REDIRECT] Sep 17, 2025 11:10:20 PM java.util.prefs.FileSystemPreferences checkLockFile0ErrorCode
2025-09-17 23:10:20,977 [ERROR] LogOutputStream:75 - [STDERR_REDIRECT] WARNING: Could not lock System prefs. Unix error code 2.
2025-09-17 23:10:20,977 [ERROR] LogOutputStream:75 - [STDERR_REDIRECT] 
2025-09-17 23:10:20,977 [ERROR] LogOutputStream:75 - [STDERR_REDIRECT] Sep 17, 2025 11:10:20 PM java.util.prefs.FileSystemPreferences syncWorld
2025-09-17 23:10:20,977 [ERROR] LogOutputStream:75 - [STDERR_REDIRECT] WARNING: Couldn't flush system prefs: java.util.prefs.BackingStoreException: Couldn't get file lock.
2025-09-17 23:10:20,977 [ERROR] LogOutputStream:75 - [STDERR_REDIRECT] 
2025-09-17 23:10:50,978 [ERROR] LogOutputStream:75 - [STDERR_REDIRECT] Sep 17, 2025 11:10:50 PM java.util.prefs.FileSystemPreferences checkLockFile0ErrorCode
2025-09-17 23:10:50,978 [ERROR] LogOutputStream:75 - [STDERR_REDIRECT] WARNING: Could not lock System prefs. Unix error code 2.
2025-09-17 23:10:50,978 [ERROR] LogOutputStream:75 - [STDERR_REDIRECT] 
2025-09-17 23:10:50,978 [ERROR] LogOutputStream:75 - [STDERR_REDIRECT] Sep 17, 2025 11:10:50 PM java.util.prefs.FileSystemPreferences syncWorld
2025-09-17 23:10:50,978 [ERROR] LogOutputStream:75 - [STDERR_REDIRECT] WARNING: Couldn't flush system prefs: java.util.prefs.BackingStoreException: Couldn't get file lock.
2025-09-17 23:10:50,978 [ERROR] LogOutputStream:75 - [STDERR_REDIRECT] 
2025-09-17 23:11:20,979 [ERROR] LogOutputStream:75 - [STDERR_REDIRECT] Sep 17, 2025 11:11:20 PM java.util.prefs.FileSystemPreferences checkLockFile0ErrorCode
2025-09-17 23:11:20,979 [ERROR] LogOutputStream:75 - [STDERR_REDIRECT] WARNING: Could not lock System prefs. Unix error code 2.
2025-09-17 23:11:20,979 [ERROR] LogOutputStream:75 - [STDERR_REDIRECT] 
2025-09-17 23:11:20,979 [ERROR] LogOutputStream:75 - [STDERR_REDIRECT] Sep 17, 2025 11:11:20 PM java.util.prefs.FileSystemPreferences syncWorld
2025-09-17 23:11:20,979 [ERROR] LogOutputStream:75 - [STDERR_REDIRECT] WARNING: Couldn't flush system prefs: java.util.prefs.BackingStoreException: Couldn't get file lock.
2025-09-17 23:11:20,979 [ERROR] LogOutputStream:75 - [STDERR_REDIRECT] 
2025-09-17 23:11:50,978 [ERROR] LogOutputStream:75 - [STDERR_REDIRECT] Sep 17, 2025 11:11:50 PM java.util.prefs.FileSystemPreferences checkLockFile0ErrorCode
2025-09-17 23:11:50,978 [ERROR] LogOutputStream:75 - [STDERR_REDIRECT] WARNING: Could not lock System prefs. Unix error code 2.
2025-09-17 23:11:50,978 [ERROR] LogOutputStream:75 - [STDERR_REDIRECT] 
2025-09-17 23:11:50,979 [ERROR] LogOutputStream:75 - [STDERR_REDIRECT] Sep 17, 2025 11:11:50 PM java.util.prefs.FileSystemPreferences syncWorld
2025-09-17 23:11:50,979 [ERROR] LogOutputStream:75 - [STDERR_REDIRECT] WARNING: Couldn't flush system prefs: java.util.prefs.BackingStoreException: Couldn't get file lock.
2025-09-17 23:11:50,979 [ERROR] LogOutputStream:75 - [STDERR_REDIRECT] 
2025-09-17 23:12:20,978 [ERROR] LogOutputStream:75 - [STDERR_REDIRECT] Sep 17, 2025 11:12:20 PM java.util.prefs.FileSystemPreferences checkLockFile0ErrorCode
2025-09-17 23:12:20,978 [ERROR] LogOutputStream:75 - [STDERR_REDIRECT] WARNING: Could not lock System prefs. Unix error code 2.
2025-09-17 23:12:20,978 [ERROR] LogOutputStream:75 - [STDERR_REDIRECT] 
2025-09-17 23:12:20,979 [ERROR] LogOutputStream:75 - [STDERR_REDIRECT] Sep 17, 2025 11:12:20 PM java.util.prefs.FileSystemPreferences syncWorld
2025-09-17 23:12:20,979 [ERROR] LogOutputStream:75 - [STDERR_REDIRECT] WARNING: Couldn't flush system prefs: java.util.prefs.BackingStoreException: Couldn't get file lock.
2025-09-17 23:12:20,979 [ERROR] LogOutputStream:75 - [STDERR_REDIRECT] 
2025-09-17 23:12:50,978 [ERROR] LogOutputStream:75 - [STDERR_REDIRECT] Sep 17, 2025 11:12:50 PM java.util.prefs.FileSystemPreferences checkLockFile0ErrorCode
2025-09-17 23:12:50,978 [ERROR] LogOutputStream:75 - [STDERR_REDIRECT] WARNING: Could not lock System prefs. Unix error code 2.
2025-09-17 23:12:50,978 [ERROR] LogOutputStream:75 - [STDERR_REDIRECT] 
2025-09-17 23:12:50,978 [ERROR] LogOutputStream:75 - [STDERR_REDIRECT] Sep 17, 2025 11:12:50 PM java.util.prefs.FileSystemPreferences syncWorld
2025-09-17 23:12:50,979 [ERROR] LogOutputStream:75 - [STDERR_REDIRECT] WARNING: Couldn't flush system prefs: java.util.prefs.BackingStoreException: Couldn't get file lock.
2025-09-17 23:12:50,979 [ERROR] LogOutputStream:75 - [STDERR_REDIRECT] 
2025-09-17 23:13:20,987 [ERROR] LogOutputStream:75 - [STDERR_REDIRECT] Sep 17, 2025 11:13:20 PM java.util.prefs.FileSystemPreferences checkLockFile0ErrorCode
2025-09-17 23:13:20,987 [ERROR] LogOutputStream:75 - [STDERR_REDIRECT] WARNING: Could not lock System prefs. Unix error code 2.
2025-09-17 23:13:20,987 [ERROR] LogOutputStream:75 - [STDERR_REDIRECT] 
2025-09-17 23:13:20,988 [ERROR] LogOutputStream:75 - [STDERR_REDIRECT] Sep 17, 2025 11:13:20 PM java.util.prefs.FileSystemPreferences syncWorld
2025-09-17 23:13:20,988 [ERROR] LogOutputStream:75 - [STDERR_REDIRECT] WARNING: Couldn't flush system prefs: java.util.prefs.BackingStoreException: Couldn't get file lock.
2025-09-17 23:13:20,988 [ERROR] LogOutputStream:75 - [STDERR_REDIRECT] 
2025-09-17 23:13:50,978 [ERROR] LogOutputStream:75 - [STDERR_REDIRECT] Sep 17, 2025 11:13:50 PM java.util.prefs.FileSystemPreferences checkLockFile0ErrorCode
2025-09-17 23:13:50,978 [ERROR] LogOutputStream:75 - [STDERR_REDIRECT] WARNING: Could not lock System prefs. Unix error code 2.
2025-09-17 23:13:50,978 [ERROR] LogOutputStream:75 - [STDERR_REDIRECT] 
2025-09-17 23:13:50,978 [ERROR] LogOutputStream:75 - [STDERR_REDIRECT] Sep 17, 2025 11:13:50 PM java.util.prefs.FileSystemPreferences syncWorld
2025-09-17 23:13:50,979 [ERROR] LogOutputStream:75 - [STDERR_REDIRECT] WARNING: Couldn't flush system prefs: java.util.prefs.BackingStoreException: Couldn't get file lock.
2025-09-17 23:13:50,979 [ERROR] LogOutputStream:75 - [STDERR_REDIRECT] 
2025-09-17 23:14:20,978 [ERROR] LogOutputStream:75 - [STDERR_REDIRECT] Sep 17, 2025 11:14:20 PM java.util.prefs.FileSystemPreferences checkLockFile0ErrorCode
2025-09-17 23:14:20,978 [ERROR] LogOutputStream:75 - [STDERR_REDIRECT] WARNING: Could not lock System prefs. Unix error code 2.
2025-09-17 23:14:20,978 [ERROR] LogOutputStream:75 - [STDERR_REDIRECT] 
2025-09-17 23:14:20,979 [ERROR] LogOutputStream:75 - [STDERR_REDIRECT] Sep 17, 2025 11:14:20 PM java.util.prefs.FileSystemPreferences syncWorld
2025-09-17 23:14:20,979 [ERROR] LogOutputStream:75 - [STDERR_REDIRECT] WARNING: Couldn't flush system prefs: java.util.prefs.BackingStoreException: Couldn't get file lock.
2025-09-17 23:14:20,979 [ERROR] LogOutputStream:75 - [STDERR_REDIRECT] 
2025-09-17 23:14:50,978 [ERROR] LogOutputStream:75 - [STDERR_REDIRECT] Sep 17, 2025 11:14:50 PM java.util.prefs.FileSystemPreferences checkLockFile0ErrorCode
2025-09-17 23:14:50,978 [ERROR] LogOutputStream:75 - [STDERR_REDIRECT] WARNING: Could not lock System prefs. Unix error code 2.
2025-09-17 23:14:50,979 [ERROR] LogOutputStream:75 - [STDERR_REDIRECT] 
2025-09-17 23:14:50,979 [ERROR] LogOutputStream:75 - [STDERR_REDIRECT] Sep 17, 2025 11:14:50 PM java.util.prefs.FileSystemPreferences syncWorld
2025-09-17 23:14:50,979 [ERROR] LogOutputStream:75 - [STDERR_REDIRECT] WARNING: Couldn't flush system prefs: java.util.prefs.BackingStoreException: Couldn't get file lock.
2025-09-17 23:14:50,979 [ERROR] LogOutputStream:75 - [STDERR_REDIRECT] 
2025-09-17 23:15:20,978 [ERROR] LogOutputStream:75 - [STDERR_REDIRECT] Sep 17, 2025 11:15:20 PM java.util.prefs.FileSystemPreferences checkLockFile0ErrorCode
2025-09-17 23:15:20,979 [ERROR] LogOutputStream:75 - [STDERR_REDIRECT] WARNING: Could not lock System prefs. Unix error code 2.
2025-09-17 23:15:20,979 [ERROR] LogOutputStream:75 - [STDERR_REDIRECT] 
2025-09-17 23:15:20,979 [ERROR] LogOutputStream:75 - [STDERR_REDIRECT] Sep 17, 2025 11:15:20 PM java.util.prefs.FileSystemPreferences syncWorld
2025-09-17 23:15:20,979 [ERROR] LogOutputStream:75 - [STDERR_REDIRECT] WARNING: Couldn't flush system prefs: java.util.prefs.BackingStoreException: Couldn't get file lock.
2025-09-17 23:15:20,979 [ERROR] LogOutputStream:75 - [STDERR_REDIRECT] 
2025-09-17 23:15:50,979 [ERROR] LogOutputStream:75 - [STDERR_REDIRECT] Sep 17, 2025 11:15:50 PM java.util.prefs.FileSystemPreferences checkLockFile0ErrorCode
2025-09-17 23:15:50,979 [ERROR] LogOutputStream:75 - [STDERR_REDIRECT] WARNING: Could not lock System prefs. Unix error code 2.
2025-09-17 23:15:50,979 [ERROR] LogOutputStream:75 - [STDERR_REDIRECT] 
2025-09-17 23:15:50,979 [ERROR] LogOutputStream:75 - [STDERR_REDIRECT] Sep 17, 2025 11:15:50 PM java.util.prefs.FileSystemPreferences syncWorld
2025-09-17 23:15:50,979 [ERROR] LogOutputStream:75 - [STDERR_REDIRECT] WARNING: Couldn't flush system prefs: java.util.prefs.BackingStoreException: Couldn't get file lock.
2025-09-17 23:15:50,979 [ERROR] LogOutputStream:75 - [STDERR_REDIRECT] 
2025-09-17 23:16:20,978 [ERROR] LogOutputStream:75 - [STDERR_REDIRECT] Sep 17, 2025 11:16:20 PM java.util.prefs.FileSystemPreferences checkLockFile0ErrorCode
2025-09-17 23:16:20,978 [ERROR] LogOutputStream:75 - [STDERR_REDIRECT] WARNING: Could not lock System prefs. Unix error code 2.
2025-09-17 23:16:20,979 [ERROR] LogOutputStream:75 - [STDERR_REDIRECT] 
2025-09-17 23:16:20,979 [ERROR] LogOutputStream:75 - [STDERR_REDIRECT] Sep 17, 2025 11:16:20 PM java.util.prefs.FileSystemPreferences syncWorld
2025-09-17 23:16:20,979 [ERROR] LogOutputStream:75 - [STDERR_REDIRECT] WARNING: Couldn't flush system prefs: java.util.prefs.BackingStoreException: Couldn't get file lock.
2025-09-17 23:16:20,979 [ERROR] LogOutputStream:75 - [STDERR_REDIRECT] 
2025-09-17 23:16:50,978 [ERROR] LogOutputStream:75 - [STDERR_REDIRECT] Sep 17, 2025 11:16:50 PM java.util.prefs.FileSystemPreferences checkLockFile0ErrorCode
2025-09-17 23:16:50,978 [ERROR] LogOutputStream:75 - [STDERR_REDIRECT] WARNING: Could not lock System prefs. Unix error code 2.
2025-09-17 23:16:50,978 [ERROR] LogOutputStream:75 - [STDERR_REDIRECT] 
2025-09-17 23:16:50,979 [ERROR] LogOutputStream:75 - [STDERR_REDIRECT] Sep 17, 2025 11:16:50 PM java.util.prefs.FileSystemPreferences syncWorld
2025-09-17 23:16:50,979 [ERROR] LogOutputStream:75 - [STDERR_REDIRECT] WARNING: Couldn't flush system prefs: java.util.prefs.BackingStoreException: Couldn't get file lock.
2025-09-17 23:16:50,979 [ERROR] LogOutputStream:75 - [STDERR_REDIRECT] 
2025-09-17 23:17:20,978 [ERROR] LogOutputStream:75 - [STDERR_REDIRECT] Sep 17, 2025 11:17:20 PM java.util.prefs.FileSystemPreferences checkLockFile0ErrorCode
2025-09-17 23:17:20,978 [ERROR] LogOutputStream:75 - [STDERR_REDIRECT] WARNING: Could not lock System prefs. Unix error code 2.
2025-09-17 23:17:20,978 [ERROR] LogOutputStream:75 - [STDERR_REDIRECT] 
2025-09-17 23:17:20,978 [ERROR] LogOutputStream:75 - [STDERR_REDIRECT] Sep 17, 2025 11:17:20 PM java.util.prefs.FileSystemPreferences syncWorld
2025-09-17 23:17:20,979 [ERROR] LogOutputStream:75 - [STDERR_REDIRECT] WARNING: Couldn't flush system prefs: java.util.prefs.BackingStoreException: Couldn't get file lock.
2025-09-17 23:17:20,979 [ERROR] LogOutputStream:75 - [STDERR_REDIRECT] 
2025-09-17 23:17:50,979 [ERROR] LogOutputStream:75 - [STDERR_REDIRECT] Sep 17, 2025 11:17:50 PM java.util.prefs.FileSystemPreferences checkLockFile0ErrorCode
2025-09-17 23:17:50,979 [ERROR] LogOutputStream:75 - [STDERR_REDIRECT] WARNING: Could not lock System prefs. Unix error code 2.
2025-09-17 23:17:50,979 [ERROR] LogOutputStream:75 - [STDERR_REDIRECT] 
2025-09-17 23:17:50,979 [ERROR] LogOutputStream:75 - [STDERR_REDIRECT] Sep 17, 2025 11:17:50 PM java.util.prefs.FileSystemPreferences syncWorld
2025-09-17 23:17:50,979 [ERROR] LogOutputStream:75 - [STDERR_REDIRECT] WARNING: Couldn't flush system prefs: java.util.prefs.BackingStoreException: Couldn't get file lock.
2025-09-17 23:17:50,979 [ERROR] LogOutputStream:75 - [STDERR_REDIRECT] 
2025-09-17 23:18:20,979 [ERROR] LogOutputStream:75 - [STDERR_REDIRECT] Sep 17, 2025 11:18:20 PM java.util.prefs.FileSystemPreferences checkLockFile0ErrorCode
2025-09-17 23:18:20,979 [ERROR] LogOutputStream:75 - [STDERR_REDIRECT] WARNING: Could not lock System prefs. Unix error code 2.
2025-09-17 23:18:20,979 [ERROR] LogOutputStream:75 - [STDERR_REDIRECT] 
2025-09-17 23:18:20,979 [ERROR] LogOutputStream:75 - [STDERR_REDIRECT] Sep 17, 2025 11:18:20 PM java.util.prefs.FileSystemPreferences syncWorld
2025-09-17 23:18:20,979 [ERROR] LogOutputStream:75 - [STDERR_REDIRECT] WARNING: Couldn't flush system prefs: java.util.prefs.BackingStoreException: Couldn't get file lock.
2025-09-17 23:18:20,979 [ERROR] LogOutputStream:75 - [STDERR_REDIRECT] 
2025-09-17 23:18:50,979 [ERROR] LogOutputStream:75 - [STDERR_REDIRECT] Sep 17, 2025 11:18:50 PM java.util.prefs.FileSystemPreferences checkLockFile0ErrorCode
2025-09-17 23:18:50,979 [ERROR] LogOutputStream:75 - [STDERR_REDIRECT] WARNING: Could not lock System prefs. Unix error code 2.
2025-09-17 23:18:50,979 [ERROR] LogOutputStream:75 - [STDERR_REDIRECT] 
2025-09-17 23:18:50,979 [ERROR] LogOutputStream:75 - [STDERR_REDIRECT] Sep 17, 2025 11:18:50 PM java.util.prefs.FileSystemPreferences syncWorld
2025-09-17 23:18:50,979 [ERROR] LogOutputStream:75 - [STDERR_REDIRECT] WARNING: Couldn't flush system prefs: java.util.prefs.BackingStoreException: Couldn't get file lock.
2025-09-17 23:18:50,980 [ERROR] LogOutputStream:75 - [STDERR_REDIRECT] 
2025-09-17 23:19:20,979 [ERROR] LogOutputStream:75 - [STDERR_REDIRECT] Sep 17, 2025 11:19:20 PM java.util.prefs.FileSystemPreferences checkLockFile0ErrorCode
2025-09-17 23:19:20,979 [ERROR] LogOutputStream:75 - [STDERR_REDIRECT] WARNING: Could not lock System prefs. Unix error code 2.
2025-09-17 23:19:20,979 [ERROR] LogOutputStream:75 - [STDERR_REDIRECT] 
2025-09-17 23:19:20,979 [ERROR] LogOutputStream:75 - [STDERR_REDIRECT] Sep 17, 2025 11:19:20 PM java.util.prefs.FileSystemPreferences syncWorld
2025-09-17 23:19:20,979 [ERROR] LogOutputStream:75 - [STDERR_REDIRECT] WARNING: Couldn't flush system prefs: java.util.prefs.BackingStoreException: Couldn't get file lock.
2025-09-17 23:19:20,980 [ERROR] LogOutputStream:75 - [STDERR_REDIRECT] 
2025-09-17 23:19:50,978 [ERROR] LogOutputStream:75 - [STDERR_REDIRECT] Sep 17, 2025 11:19:50 PM java.util.prefs.FileSystemPreferences checkLockFile0ErrorCode
2025-09-17 23:19:50,978 [ERROR] LogOutputStream:75 - [STDERR_REDIRECT] WARNING: Could not lock System prefs. Unix error code 2.
2025-09-17 23:19:50,979 [ERROR] LogOutputStream:75 - [STDERR_REDIRECT] 
2025-09-17 23:19:50,979 [ERROR] LogOutputStream:75 - [STDERR_REDIRECT] Sep 17, 2025 11:19:50 PM java.util.prefs.FileSystemPreferences syncWorld
2025-09-17 23:19:50,979 [ERROR] LogOutputStream:75 - [STDERR_REDIRECT] WARNING: Couldn't flush system prefs: java.util.prefs.BackingStoreException: Couldn't get file lock.
2025-09-17 23:19:50,979 [ERROR] LogOutputStream:75 - [STDERR_REDIRECT] 
2025-09-17 23:20:20,979 [ERROR] LogOutputStream:75 - [STDERR_REDIRECT] Sep 17, 2025 11:20:20 PM java.util.prefs.FileSystemPreferences checkLockFile0ErrorCode
2025-09-17 23:20:20,979 [ERROR] LogOutputStream:75 - [STDERR_REDIRECT] WARNING: Could not lock System prefs. Unix error code 2.
2025-09-17 23:20:20,979 [ERROR] LogOutputStream:75 - [STDERR_REDIRECT] 
2025-09-17 23:20:20,979 [ERROR] LogOutputStream:75 - [STDERR_REDIRECT] Sep 17, 2025 11:20:20 PM java.util.prefs.FileSystemPreferences syncWorld
2025-09-17 23:20:20,979 [ERROR] LogOutputStream:75 - [STDERR_REDIRECT] WARNING: Couldn't flush system prefs: java.util.prefs.BackingStoreException: Couldn't get file lock.
2025-09-17 23:20:20,979 [ERROR] LogOutputStream:75 - [STDERR_REDIRECT] 
2025-09-17 23:20:50,981 [ERROR] LogOutputStream:75 - [STDERR_REDIRECT] Sep 17, 2025 11:20:50 PM java.util.prefs.FileSystemPreferences checkLockFile0ErrorCode
2025-09-17 23:20:50,981 [ERROR] LogOutputStream:75 - [STDERR_REDIRECT] WARNING: Could not lock System prefs. Unix error code 2.
2025-09-17 23:20:50,981 [ERROR] LogOutputStream:75 - [STDERR_REDIRECT] 
2025-09-17 23:20:50,981 [ERROR] LogOutputStream:75 - [STDERR_REDIRECT] Sep 17, 2025 11:20:50 PM java.util.prefs.FileSystemPreferences syncWorld
2025-09-17 23:20:50,981 [ERROR] LogOutputStream:75 - [STDERR_REDIRECT] WARNING: Couldn't flush system prefs: java.util.prefs.BackingStoreException: Couldn't get file lock.
2025-09-17 23:20:50,981 [ERROR] LogOutputStream:75 - [STDERR_REDIRECT] 
2025-09-17 23:21:20,978 [ERROR] LogOutputStream:75 - [STDERR_REDIRECT] Sep 17, 2025 11:21:20 PM java.util.prefs.FileSystemPreferences checkLockFile0ErrorCode
2025-09-17 23:21:20,979 [ERROR] LogOutputStream:75 - [STDERR_REDIRECT] WARNING: Could not lock System prefs. Unix error code 2.
2025-09-17 23:21:20,979 [ERROR] LogOutputStream:75 - [STDERR_REDIRECT] 
2025-09-17 23:21:20,979 [ERROR] LogOutputStream:75 - [STDERR_REDIRECT] Sep 17, 2025 11:21:20 PM java.util.prefs.FileSystemPreferences syncWorld
2025-09-17 23:21:20,979 [ERROR] LogOutputStream:75 - [STDERR_REDIRECT] WARNING: Couldn't flush system prefs: java.util.prefs.BackingStoreException: Couldn't get file lock.
2025-09-17 23:21:20,979 [ERROR] LogOutputStream:75 - [STDERR_REDIRECT] 
2025-09-17 23:21:50,978 [ERROR] LogOutputStream:75 - [STDERR_REDIRECT] Sep 17, 2025 11:21:50 PM java.util.prefs.FileSystemPreferences checkLockFile0ErrorCode
2025-09-17 23:21:50,978 [ERROR] LogOutputStream:75 - [STDERR_REDIRECT] WARNING: Could not lock System prefs. Unix error code 2.
2025-09-17 23:21:50,978 [ERROR] LogOutputStream:75 - [STDERR_REDIRECT] 
2025-09-17 23:21:50,978 [ERROR] LogOutputStream:75 - [STDERR_REDIRECT] Sep 17, 2025 11:21:50 PM java.util.prefs.FileSystemPreferences syncWorld
2025-09-17 23:21:50,978 [ERROR] LogOutputStream:75 - [STDERR_REDIRECT] WARNING: Couldn't flush system prefs: java.util.prefs.BackingStoreException: Couldn't get file lock.
2025-09-17 23:21:50,978 [ERROR] LogOutputStream:75 - [STDERR_REDIRECT] 
2025-09-17 23:22:20,979 [ERROR] LogOutputStream:75 - [STDERR_REDIRECT] Sep 17, 2025 11:22:20 PM java.util.prefs.FileSystemPreferences checkLockFile0ErrorCode
2025-09-17 23:22:20,979 [ERROR] LogOutputStream:75 - [STDERR_REDIRECT] WARNING: Could not lock System prefs. Unix error code 2.
2025-09-17 23:22:20,979 [ERROR] LogOutputStream:75 - [STDERR_REDIRECT] 
2025-09-17 23:22:20,979 [ERROR] LogOutputStream:75 - [STDERR_REDIRECT] Sep 17, 2025 11:22:20 PM java.util.prefs.FileSystemPreferences syncWorld
2025-09-17 23:22:20,979 [ERROR] LogOutputStream:75 - [STDERR_REDIRECT] WARNING: Couldn't flush system prefs: java.util.prefs.BackingStoreException: Couldn't get file lock.
2025-09-17 23:22:20,979 [ERROR] LogOutputStream:75 - [STDERR_REDIRECT] 
2025-09-17 23:22:50,980 [ERROR] LogOutputStream:75 - [STDERR_REDIRECT] Sep 17, 2025 11:22:50 PM java.util.prefs.FileSystemPreferences checkLockFile0ErrorCode
2025-09-17 23:22:50,980 [ERROR] LogOutputStream:75 - [STDERR_REDIRECT] WARNING: Could not lock System prefs. Unix error code 2.
2025-09-17 23:22:50,980 [ERROR] LogOutputStream:75 - [STDERR_REDIRECT] 
2025-09-17 23:22:50,980 [ERROR] LogOutputStream:75 - [STDERR_REDIRECT] Sep 17, 2025 11:22:50 PM java.util.prefs.FileSystemPreferences syncWorld
2025-09-17 23:22:50,980 [ERROR] LogOutputStream:75 - [STDERR_REDIRECT] WARNING: Couldn't flush system prefs: java.util.prefs.BackingStoreException: Couldn't get file lock.
2025-09-17 23:22:50,980 [ERROR] LogOutputStream:75 - [STDERR_REDIRECT] 
2025-09-17 23:23:20,981 [ERROR] LogOutputStream:75 - [STDERR_REDIRECT] Sep 17, 2025 11:23:20 PM java.util.prefs.FileSystemPreferences checkLockFile0ErrorCode
2025-09-17 23:23:20,981 [ERROR] LogOutputStream:75 - [STDERR_REDIRECT] WARNING: Could not lock System prefs. Unix error code 2.
2025-09-17 23:23:20,981 [ERROR] LogOutputStream:75 - [STDERR_REDIRECT] 
2025-09-17 23:23:20,982 [ERROR] LogOutputStream:75 - [STDERR_REDIRECT] Sep 17, 2025 11:23:20 PM java.util.prefs.FileSystemPreferences syncWorld
2025-09-17 23:23:20,982 [ERROR] LogOutputStream:75 - [STDERR_REDIRECT] WARNING: Couldn't flush system prefs: java.util.prefs.BackingStoreException: Couldn't get file lock.
2025-09-17 23:23:20,982 [ERROR] LogOutputStream:75 - [STDERR_REDIRECT] 
2025-09-17 23:23:36,936 [INFO] WebApp:194 - Connection lost
2025-09-17 23:23:46,456 [INFO] WebApp:191 - Connection restablished
2025-09-17 23:23:48,506 [INFO] WebApp:194 - Connection lost
2025-09-17 23:23:48,648 [INFO] WebApp:191 - Connection restablished
2025-09-17 23:23:50,979 [ERROR] LogOutputStream:75 - [STDERR_REDIRECT] Sep 17, 2025 11:23:50 PM java.util.prefs.FileSystemPreferences checkLockFile0ErrorCode
2025-09-17 23:23:50,979 [ERROR] LogOutputStream:75 - [STDERR_REDIRECT] WARNING: Could not lock System prefs. Unix error code 2.
2025-09-17 23:23:50,979 [ERROR] LogOutputStream:75 - [STDERR_REDIRECT] 
2025-09-17 23:23:50,979 [ERROR] LogOutputStream:75 - [STDERR_REDIRECT] Sep 17, 2025 11:23:50 PM java.util.prefs.FileSystemPreferences syncWorld
2025-09-17 23:23:50,979 [ERROR] LogOutputStream:75 - [STDERR_REDIRECT] WARNING: Couldn't flush system prefs: java.util.prefs.BackingStoreException: Couldn't get file lock.
2025-09-17 23:23:50,979 [ERROR] LogOutputStream:75 - [STDERR_REDIRECT] 
2025-09-17 23:24:07,513 [INFO] WebApp:194 - Connection lost
2025-09-17 23:24:10,340 [INFO] WebApp:191 - Connection restablished
2025-09-17 23:24:12,250 [INFO] WebApp:194 - Connection lost
2025-09-17 23:24:12,560 [INFO] WebApp:191 - Connection restablished
2025-09-17 23:24:20,979 [ERROR] LogOutputStream:75 - [STDERR_REDIRECT] Sep 17, 2025 11:24:20 PM java.util.prefs.FileSystemPreferences checkLockFile0ErrorCode
2025-09-17 23:24:20,980 [ERROR] LogOutputStream:75 - [STDERR_REDIRECT] WARNING: Could not lock System prefs. Unix error code 2.
2025-09-17 23:24:20,980 [ERROR] LogOutputStream:75 - [STDERR_REDIRECT] 
2025-09-17 23:24:20,980 [ERROR] LogOutputStream:75 - [STDERR_REDIRECT] Sep 17, 2025 11:24:20 PM java.util.prefs.FileSystemPreferences syncWorld
2025-09-17 23:24:20,980 [ERROR] LogOutputStream:75 - [STDERR_REDIRECT] WARNING: Couldn't flush system prefs: java.util.prefs.BackingStoreException: Couldn't get file lock.
2025-09-17 23:24:20,980 [ERROR] LogOutputStream:75 - [STDERR_REDIRECT] 
2025-09-17 23:24:50,979 [ERROR] LogOutputStream:75 - [STDERR_REDIRECT] Sep 17, 2025 11:24:50 PM java.util.prefs.FileSystemPreferences checkLockFile0ErrorCode
2025-09-17 23:24:50,979 [ERROR] LogOutputStream:75 - [STDERR_REDIRECT] WARNING: Could not lock System prefs. Unix error code 2.
2025-09-17 23:24:50,979 [ERROR] LogOutputStream:75 - [STDERR_REDIRECT] 
2025-09-17 23:24:50,980 [ERROR] LogOutputStream:75 - [STDERR_REDIRECT] Sep 17, 2025 11:24:50 PM java.util.prefs.FileSystemPreferences syncWorld
2025-09-17 23:24:50,980 [ERROR] LogOutputStream:75 - [STDERR_REDIRECT] WARNING: Couldn't flush system prefs: java.util.prefs.BackingStoreException: Couldn't get file lock.
2025-09-17 23:24:50,980 [ERROR] LogOutputStream:75 - [STDERR_REDIRECT] 
2025-09-17 23:25:20,979 [ERROR] LogOutputStream:75 - [STDERR_REDIRECT] Sep 17, 2025 11:25:20 PM java.util.prefs.FileSystemPreferences checkLockFile0ErrorCode
2025-09-17 23:25:20,979 [ERROR] LogOutputStream:75 - [STDERR_REDIRECT] WARNING: Could not lock System prefs. Unix error code 2.
2025-09-17 23:25:20,979 [ERROR] LogOutputStream:75 - [STDERR_REDIRECT] 
2025-09-17 23:25:20,979 [ERROR] LogOutputStream:75 - [STDERR_REDIRECT] Sep 17, 2025 11:25:20 PM java.util.prefs.FileSystemPreferences syncWorld
2025-09-17 23:25:20,979 [ERROR] LogOutputStream:75 - [STDERR_REDIRECT] WARNING: Couldn't flush system prefs: java.util.prefs.BackingStoreException: Couldn't get file lock.
2025-09-17 23:25:20,979 [ERROR] LogOutputStream:75 - [STDERR_REDIRECT] 
2025-09-17 23:25:50,980 [ERROR] LogOutputStream:75 - [STDERR_REDIRECT] Sep 17, 2025 11:25:50 PM java.util.prefs.FileSystemPreferences checkLockFile0ErrorCode
2025-09-17 23:25:50,980 [ERROR] LogOutputStream:75 - [STDERR_REDIRECT] WARNING: Could not lock System prefs. Unix error code 2.
2025-09-17 23:25:50,980 [ERROR] LogOutputStream:75 - [STDERR_REDIRECT] 
2025-09-17 23:25:50,980 [ERROR] LogOutputStream:75 - [STDERR_REDIRECT] Sep 17, 2025 11:25:50 PM java.util.prefs.FileSystemPreferences syncWorld
2025-09-17 23:25:50,980 [ERROR] LogOutputStream:75 - [STDERR_REDIRECT] WARNING: Couldn't flush system prefs: java.util.prefs.BackingStoreException: Couldn't get file lock.
2025-09-17 23:25:50,980 [ERROR] LogOutputStream:75 - [STDERR_REDIRECT] 
2025-09-17 23:26:20,982 [ERROR] LogOutputStream:75 - [STDERR_REDIRECT] Sep 17, 2025 11:26:20 PM java.util.prefs.FileSystemPreferences checkLockFile0ErrorCode
2025-09-17 23:26:20,982 [ERROR] LogOutputStream:75 - [STDERR_REDIRECT] WARNING: Could not lock System prefs. Unix error code 2.
2025-09-17 23:26:20,982 [ERROR] LogOutputStream:75 - [STDERR_REDIRECT] 
2025-09-17 23:26:20,982 [ERROR] LogOutputStream:75 - [STDERR_REDIRECT] Sep 17, 2025 11:26:20 PM java.util.prefs.FileSystemPreferences syncWorld
2025-09-17 23:26:20,982 [ERROR] LogOutputStream:75 - [STDERR_REDIRECT] WARNING: Couldn't flush system prefs: java.util.prefs.BackingStoreException: Couldn't get file lock.
2025-09-17 23:26:20,982 [ERROR] LogOutputStream:75 - [STDERR_REDIRECT] 
2025-09-17 23:26:50,983 [ERROR] LogOutputStream:75 - [STDERR_REDIRECT] Sep 17, 2025 11:26:50 PM java.util.prefs.FileSystemPreferences checkLockFile0ErrorCode
2025-09-17 23:26:50,983 [ERROR] LogOutputStream:75 - [STDERR_REDIRECT] WARNING: Could not lock System prefs. Unix error code 2.
2025-09-17 23:26:50,983 [ERROR] LogOutputStream:75 - [STDERR_REDIRECT] 
2025-09-17 23:26:50,983 [ERROR] LogOutputStream:75 - [STDERR_REDIRECT] Sep 17, 2025 11:26:50 PM java.util.prefs.FileSystemPreferences syncWorld
2025-09-17 23:26:50,983 [ERROR] LogOutputStream:75 - [STDERR_REDIRECT] WARNING: Couldn't flush system prefs: java.util.prefs.BackingStoreException: Couldn't get file lock.
2025-09-17 23:26:50,983 [ERROR] LogOutputStream:75 - [STDERR_REDIRECT] 
2025-09-17 23:27:20,981 [ERROR] LogOutputStream:75 - [STDERR_REDIRECT] Sep 17, 2025 11:27:20 PM java.util.prefs.FileSystemPreferences checkLockFile0ErrorCode
2025-09-17 23:27:20,981 [ERROR] LogOutputStream:75 - [STDERR_REDIRECT] WARNING: Could not lock System prefs. Unix error code 2.
2025-09-17 23:27:20,981 [ERROR] LogOutputStream:75 - [STDERR_REDIRECT] 
2025-09-17 23:27:20,981 [ERROR] LogOutputStream:75 - [STDERR_REDIRECT] Sep 17, 2025 11:27:20 PM java.util.prefs.FileSystemPreferences syncWorld
2025-09-17 23:27:20,981 [ERROR] LogOutputStream:75 - [STDERR_REDIRECT] WARNING: Couldn't flush system prefs: java.util.prefs.BackingStoreException: Couldn't get file lock.
2025-09-17 23:27:20,981 [ERROR] LogOutputStream:75 - [STDERR_REDIRECT] 
2025-09-17 23:27:50,982 [ERROR] LogOutputStream:75 - [STDERR_REDIRECT] Sep 17, 2025 11:27:50 PM java.util.prefs.FileSystemPreferences checkLockFile0ErrorCode
2025-09-17 23:27:50,982 [ERROR] LogOutputStream:75 - [STDERR_REDIRECT] WARNING: Could not lock System prefs. Unix error code 2.
2025-09-17 23:27:50,983 [ERROR] LogOutputStream:75 - [STDERR_REDIRECT] 
2025-09-17 23:27:50,983 [ERROR] LogOutputStream:75 - [STDERR_REDIRECT] Sep 17, 2025 11:27:50 PM java.util.prefs.FileSystemPreferences syncWorld
2025-09-17 23:27:50,983 [ERROR] LogOutputStream:75 - [STDERR_REDIRECT] WARNING: Couldn't flush system prefs: java.util.prefs.BackingStoreException: Couldn't get file lock.
2025-09-17 23:27:50,983 [ERROR] LogOutputStream:75 - [STDERR_REDIRECT] 
2025-09-17 23:28:20,980 [ERROR] LogOutputStream:75 - [STDERR_REDIRECT] Sep 17, 2025 11:28:20 PM java.util.prefs.FileSystemPreferences checkLockFile0ErrorCode
2025-09-17 23:28:20,981 [ERROR] LogOutputStream:75 - [STDERR_REDIRECT] WARNING: Could not lock System prefs. Unix error code 2.
2025-09-17 23:28:20,981 [ERROR] LogOutputStream:75 - [STDERR_REDIRECT] 
2025-09-17 23:28:20,981 [ERROR] LogOutputStream:75 - [STDERR_REDIRECT] Sep 17, 2025 11:28:20 PM java.util.prefs.FileSystemPreferences syncWorld
2025-09-17 23:28:20,981 [ERROR] LogOutputStream:75 - [STDERR_REDIRECT] WARNING: Couldn't flush system prefs: java.util.prefs.BackingStoreException: Couldn't get file lock.
2025-09-17 23:28:20,981 [ERROR] LogOutputStream:75 - [STDERR_REDIRECT] 
2025-09-17 23:28:50,981 [ERROR] LogOutputStream:75 - [STDERR_REDIRECT] Sep 17, 2025 11:28:50 PM java.util.prefs.FileSystemPreferences checkLockFile0ErrorCode
2025-09-17 23:28:50,981 [ERROR] LogOutputStream:75 - [STDERR_REDIRECT] WARNING: Could not lock System prefs. Unix error code 2.
2025-09-17 23:28:50,981 [ERROR] LogOutputStream:75 - [STDERR_REDIRECT] 
2025-09-17 23:28:50,981 [ERROR] LogOutputStream:75 - [STDERR_REDIRECT] Sep 17, 2025 11:28:50 PM java.util.prefs.FileSystemPreferences syncWorld
2025-09-17 23:28:50,981 [ERROR] LogOutputStream:75 - [STDERR_REDIRECT] WARNING: Couldn't flush system prefs: java.util.prefs.BackingStoreException: Couldn't get file lock.
2025-09-17 23:28:50,981 [ERROR] LogOutputStream:75 - [STDERR_REDIRECT] 
2025-09-17 23:29:20,980 [ERROR] LogOutputStream:75 - [STDERR_REDIRECT] Sep 17, 2025 11:29:20 PM java.util.prefs.FileSystemPreferences checkLockFile0ErrorCode
2025-09-17 23:29:20,980 [ERROR] LogOutputStream:75 - [STDERR_REDIRECT] WARNING: Could not lock System prefs. Unix error code 2.
2025-09-17 23:29:20,980 [ERROR] LogOutputStream:75 - [STDERR_REDIRECT] 
2025-09-17 23:29:20,981 [ERROR] LogOutputStream:75 - [STDERR_REDIRECT] Sep 17, 2025 11:29:20 PM java.util.prefs.FileSystemPreferences syncWorld
2025-09-17 23:29:20,981 [ERROR] LogOutputStream:75 - [STDERR_REDIRECT] WARNING: Couldn't flush system prefs: java.util.prefs.BackingStoreException: Couldn't get file lock.
2025-09-17 23:29:20,981 [ERROR] LogOutputStream:75 - [STDERR_REDIRECT] 
2025-09-17 23:29:50,980 [ERROR] LogOutputStream:75 - [STDERR_REDIRECT] Sep 17, 2025 11:29:50 PM java.util.prefs.FileSystemPreferences checkLockFile0ErrorCode
2025-09-17 23:29:50,980 [ERROR] LogOutputStream:75 - [STDERR_REDIRECT] WARNING: Could not lock System prefs. Unix error code 2.
2025-09-17 23:29:50,980 [ERROR] LogOutputStream:75 - [STDERR_REDIRECT] 
2025-09-17 23:29:50,981 [ERROR] LogOutputStream:75 - [STDERR_REDIRECT] Sep 17, 2025 11:29:50 PM java.util.prefs.FileSystemPreferences syncWorld
2025-09-17 23:29:50,981 [ERROR] LogOutputStream:75 - [STDERR_REDIRECT] WARNING: Couldn't flush system prefs: java.util.prefs.BackingStoreException: Couldn't get file lock.
2025-09-17 23:29:50,981 [ERROR] LogOutputStream:75 - [STDERR_REDIRECT] 
2025-09-17 23:30:20,980 [ERROR] LogOutputStream:75 - [STDERR_REDIRECT] Sep 17, 2025 11:30:20 PM java.util.prefs.FileSystemPreferences checkLockFile0ErrorCode
2025-09-17 23:30:20,980 [ERROR] LogOutputStream:75 - [STDERR_REDIRECT] WARNING: Could not lock System prefs. Unix error code 2.
2025-09-17 23:30:20,980 [ERROR] LogOutputStream:75 - [STDERR_REDIRECT] 
2025-09-17 23:30:20,980 [ERROR] LogOutputStream:75 - [STDERR_REDIRECT] Sep 17, 2025 11:30:20 PM java.util.prefs.FileSystemPreferences syncWorld
2025-09-17 23:30:20,981 [ERROR] LogOutputStream:75 - [STDERR_REDIRECT] WARNING: Couldn't flush system prefs: java.util.prefs.BackingStoreException: Couldn't get file lock.
2025-09-17 23:30:20,981 [ERROR] LogOutputStream:75 - [STDERR_REDIRECT] 
2025-09-17 23:30:50,980 [ERROR] LogOutputStream:75 - [STDERR_REDIRECT] Sep 17, 2025 11:30:50 PM java.util.prefs.FileSystemPreferences checkLockFile0ErrorCode
2025-09-17 23:30:50,980 [ERROR] LogOutputStream:75 - [STDERR_REDIRECT] WARNING: Could not lock System prefs. Unix error code 2.
2025-09-17 23:30:50,980 [ERROR] LogOutputStream:75 - [STDERR_REDIRECT] 
2025-09-17 23:30:50,980 [ERROR] LogOutputStream:75 - [STDERR_REDIRECT] Sep 17, 2025 11:30:50 PM java.util.prefs.FileSystemPreferences syncWorld
2025-09-17 23:30:50,980 [ERROR] LogOutputStream:75 - [STDERR_REDIRECT] WARNING: Couldn't flush system prefs: java.util.prefs.BackingStoreException: Couldn't get file lock.
2025-09-17 23:30:50,980 [ERROR] LogOutputStream:75 - [STDERR_REDIRECT] 
2025-09-17 23:31:20,981 [ERROR] LogOutputStream:75 - [STDERR_REDIRECT] Sep 17, 2025 11:31:20 PM java.util.prefs.FileSystemPreferences checkLockFile0ErrorCode
2025-09-17 23:31:20,981 [ERROR] LogOutputStream:75 - [STDERR_REDIRECT] WARNING: Could not lock System prefs. Unix error code 2.
2025-09-17 23:31:20,981 [ERROR] LogOutputStream:75 - [STDERR_REDIRECT] 
2025-09-17 23:31:20,981 [ERROR] LogOutputStream:75 - [STDERR_REDIRECT] Sep 17, 2025 11:31:20 PM java.util.prefs.FileSystemPreferences syncWorld
2025-09-17 23:31:20,981 [ERROR] LogOutputStream:75 - [STDERR_REDIRECT] WARNING: Couldn't flush system prefs: java.util.prefs.BackingStoreException: Couldn't get file lock.
2025-09-17 23:31:20,981 [ERROR] LogOutputStream:75 - [STDERR_REDIRECT] 
2025-09-17 23:31:50,981 [ERROR] LogOutputStream:75 - [STDERR_REDIRECT] Sep 17, 2025 11:31:50 PM java.util.prefs.FileSystemPreferences checkLockFile0ErrorCode
2025-09-17 23:31:50,981 [ERROR] LogOutputStream:75 - [STDERR_REDIRECT] WARNING: Could not lock System prefs. Unix error code 2.
2025-09-17 23:31:50,981 [ERROR] LogOutputStream:75 - [STDERR_REDIRECT] 
2025-09-17 23:31:50,981 [ERROR] LogOutputStream:75 - [STDERR_REDIRECT] Sep 17, 2025 11:31:50 PM java.util.prefs.FileSystemPreferences syncWorld
2025-09-17 23:31:50,981 [ERROR] LogOutputStream:75 - [STDERR_REDIRECT] WARNING: Couldn't flush system prefs: java.util.prefs.BackingStoreException: Couldn't get file lock.
2025-09-17 23:31:50,981 [ERROR] LogOutputStream:75 - [STDERR_REDIRECT] 
2025-09-17 23:32:20,981 [ERROR] LogOutputStream:75 - [STDERR_REDIRECT] Sep 17, 2025 11:32:20 PM java.util.prefs.FileSystemPreferences checkLockFile0ErrorCode
2025-09-17 23:32:20,981 [ERROR] LogOutputStream:75 - [STDERR_REDIRECT] WARNING: Could not lock System prefs. Unix error code 2.
2025-09-17 23:32:20,981 [ERROR] LogOutputStream:75 - [STDERR_REDIRECT] 
2025-09-17 23:32:20,981 [ERROR] LogOutputStream:75 - [STDERR_REDIRECT] Sep 17, 2025 11:32:20 PM java.util.prefs.FileSystemPreferences syncWorld
2025-09-17 23:32:20,981 [ERROR] LogOutputStream:75 - [STDERR_REDIRECT] WARNING: Couldn't flush system prefs: java.util.prefs.BackingStoreException: Couldn't get file lock.
2025-09-17 23:32:20,981 [ERROR] LogOutputStream:75 - [STDERR_REDIRECT] 
2025-09-17 23:32:50,981 [ERROR] LogOutputStream:75 - [STDERR_REDIRECT] Sep 17, 2025 11:32:50 PM java.util.prefs.FileSystemPreferences checkLockFile0ErrorCode
2025-09-17 23:32:50,981 [ERROR] LogOutputStream:75 - [STDERR_REDIRECT] WARNING: Could not lock System prefs. Unix error code 2.
2025-09-17 23:32:50,981 [ERROR] LogOutputStream:75 - [STDERR_REDIRECT] 
2025-09-17 23:32:50,981 [ERROR] LogOutputStream:75 - [STDERR_REDIRECT] Sep 17, 2025 11:32:50 PM java.util.prefs.FileSystemPreferences syncWorld
2025-09-17 23:32:50,981 [ERROR] LogOutputStream:75 - [STDERR_REDIRECT] WARNING: Couldn't flush system prefs: java.util.prefs.BackingStoreException: Couldn't get file lock.
2025-09-17 23:32:50,981 [ERROR] LogOutputStream:75 - [STDERR_REDIRECT] 
2025-09-17 23:33:20,980 [ERROR] LogOutputStream:75 - [STDERR_REDIRECT] Sep 17, 2025 11:33:20 PM java.util.prefs.FileSystemPreferences checkLockFile0ErrorCode
2025-09-17 23:33:20,980 [ERROR] LogOutputStream:75 - [STDERR_REDIRECT] WARNING: Could not lock System prefs. Unix error code 2.
2025-09-17 23:33:20,981 [ERROR] LogOutputStream:75 - [STDERR_REDIRECT] 
2025-09-17 23:33:20,981 [ERROR] LogOutputStream:75 - [STDERR_REDIRECT] Sep 17, 2025 11:33:20 PM java.util.prefs.FileSystemPreferences syncWorld
2025-09-17 23:33:20,981 [ERROR] LogOutputStream:75 - [STDERR_REDIRECT] WARNING: Couldn't flush system prefs: java.util.prefs.BackingStoreException: Couldn't get file lock.
2025-09-17 23:33:20,981 [ERROR] LogOutputStream:75 - [STDERR_REDIRECT] 
2025-09-17 23:33:50,981 [ERROR] LogOutputStream:75 - [STDERR_REDIRECT] Sep 17, 2025 11:33:50 PM java.util.prefs.FileSystemPreferences checkLockFile0ErrorCode
2025-09-17 23:33:50,981 [ERROR] LogOutputStream:75 - [STDERR_REDIRECT] WARNING: Could not lock System prefs. Unix error code 2.
2025-09-17 23:33:50,982 [ERROR] LogOutputStream:75 - [STDERR_REDIRECT] 
2025-09-17 23:33:50,982 [ERROR] LogOutputStream:75 - [STDERR_REDIRECT] Sep 17, 2025 11:33:50 PM java.util.prefs.FileSystemPreferences syncWorld
2025-09-17 23:33:50,982 [ERROR] LogOutputStream:75 - [STDERR_REDIRECT] WARNING: Couldn't flush system prefs: java.util.prefs.BackingStoreException: Couldn't get file lock.
2025-09-17 23:33:50,982 [ERROR] LogOutputStream:75 - [STDERR_REDIRECT] 
2025-09-17 23:34:20,982 [ERROR] LogOutputStream:75 - [STDERR_REDIRECT] Sep 17, 2025 11:34:20 PM java.util.prefs.FileSystemPreferences checkLockFile0ErrorCode
2025-09-17 23:34:20,982 [ERROR] LogOutputStream:75 - [STDERR_REDIRECT] WARNING: Could not lock System prefs. Unix error code 2.
2025-09-17 23:34:20,982 [ERROR] LogOutputStream:75 - [STDERR_REDIRECT] 
2025-09-17 23:34:20,982 [ERROR] LogOutputStream:75 - [STDERR_REDIRECT] Sep 17, 2025 11:34:20 PM java.util.prefs.FileSystemPreferences syncWorld
2025-09-17 23:34:20,982 [ERROR] LogOutputStream:75 - [STDERR_REDIRECT] WARNING: Couldn't flush system prefs: java.util.prefs.BackingStoreException: Couldn't get file lock.
2025-09-17 23:34:20,982 [ERROR] LogOutputStream:75 - [STDERR_REDIRECT] 
2025-09-17 23:34:50,981 [ERROR] LogOutputStream:75 - [STDERR_REDIRECT] Sep 17, 2025 11:34:50 PM java.util.prefs.FileSystemPreferences checkLockFile0ErrorCode
2025-09-17 23:34:50,982 [ERROR] LogOutputStream:75 - [STDERR_REDIRECT] WARNING: Could not lock System prefs. Unix error code 2.
2025-09-17 23:34:50,982 [ERROR] LogOutputStream:75 - [STDERR_REDIRECT] 
2025-09-17 23:34:50,982 [ERROR] LogOutputStream:75 - [STDERR_REDIRECT] Sep 17, 2025 11:34:50 PM java.util.prefs.FileSystemPreferences syncWorld
2025-09-17 23:34:50,982 [ERROR] LogOutputStream:75 - [STDERR_REDIRECT] WARNING: Couldn't flush system prefs: java.util.prefs.BackingStoreException: Couldn't get file lock.
2025-09-17 23:34:50,982 [ERROR] LogOutputStream:75 - [STDERR_REDIRECT] 
2025-09-17 23:35:20,983 [ERROR] LogOutputStream:75 - [STDERR_REDIRECT] Sep 17, 2025 11:35:20 PM java.util.prefs.FileSystemPreferences checkLockFile0ErrorCode
2025-09-17 23:35:20,983 [ERROR] LogOutputStream:75 - [STDERR_REDIRECT] WARNING: Could not lock System prefs. Unix error code 2.
2025-09-17 23:35:20,983 [ERROR] LogOutputStream:75 - [STDERR_REDIRECT] 
2025-09-17 23:35:20,983 [ERROR] LogOutputStream:75 - [STDERR_REDIRECT] Sep 17, 2025 11:35:20 PM java.util.prefs.FileSystemPreferences syncWorld
2025-09-17 23:35:20,983 [ERROR] LogOutputStream:75 - [STDERR_REDIRECT] WARNING: Couldn't flush system prefs: java.util.prefs.BackingStoreException: Couldn't get file lock.
2025-09-17 23:35:20,983 [ERROR] LogOutputStream:75 - [STDERR_REDIRECT] 
2025-09-17 23:35:50,982 [ERROR] LogOutputStream:75 - [STDERR_REDIRECT] Sep 17, 2025 11:35:50 PM java.util.prefs.FileSystemPreferences checkLockFile0ErrorCode
2025-09-17 23:35:50,982 [ERROR] LogOutputStream:75 - [STDERR_REDIRECT] WARNING: Could not lock System prefs. Unix error code 2.
2025-09-17 23:35:50,983 [ERROR] LogOutputStream:75 - [STDERR_REDIRECT] 
2025-09-17 23:35:50,983 [ERROR] LogOutputStream:75 - [STDERR_REDIRECT] Sep 17, 2025 11:35:50 PM java.util.prefs.FileSystemPreferences syncWorld
2025-09-17 23:35:50,983 [ERROR] LogOutputStream:75 - [STDERR_REDIRECT] WARNING: Couldn't flush system prefs: java.util.prefs.BackingStoreException: Couldn't get file lock.
2025-09-17 23:35:50,983 [ERROR] LogOutputStream:75 - [STDERR_REDIRECT] 
2025-09-17 23:36:20,981 [ERROR] LogOutputStream:75 - [STDERR_REDIRECT] Sep 17, 2025 11:36:20 PM java.util.prefs.FileSystemPreferences checkLockFile0ErrorCode
2025-09-17 23:36:20,981 [ERROR] LogOutputStream:75 - [STDERR_REDIRECT] WARNING: Could not lock System prefs. Unix error code 2.
2025-09-17 23:36:20,981 [ERROR] LogOutputStream:75 - [STDERR_REDIRECT] 
2025-09-17 23:36:20,982 [ERROR] LogOutputStream:75 - [STDERR_REDIRECT] Sep 17, 2025 11:36:20 PM java.util.prefs.FileSystemPreferences syncWorld
2025-09-17 23:36:20,982 [ERROR] LogOutputStream:75 - [STDERR_REDIRECT] WARNING: Couldn't flush system prefs: java.util.prefs.BackingStoreException: Couldn't get file lock.
2025-09-17 23:36:20,982 [ERROR] LogOutputStream:75 - [STDERR_REDIRECT] 
2025-09-17 23:36:50,980 [ERROR] LogOutputStream:75 - [STDERR_REDIRECT] Sep 17, 2025 11:36:50 PM java.util.prefs.FileSystemPreferences checkLockFile0ErrorCode
2025-09-17 23:36:50,980 [ERROR] LogOutputStream:75 - [STDERR_REDIRECT] WARNING: Could not lock System prefs. Unix error code 2.
2025-09-17 23:36:50,980 [ERROR] LogOutputStream:75 - [STDERR_REDIRECT] 
2025-09-17 23:36:50,981 [ERROR] LogOutputStream:75 - [STDERR_REDIRECT] Sep 17, 2025 11:36:50 PM java.util.prefs.FileSystemPreferences syncWorld
2025-09-17 23:36:50,981 [ERROR] LogOutputStream:75 - [STDERR_REDIRECT] WARNING: Couldn't flush system prefs: java.util.prefs.BackingStoreException: Couldn't get file lock.
2025-09-17 23:36:50,981 [ERROR] LogOutputStream:75 - [STDERR_REDIRECT] 
2025-09-17 23:37:20,980 [ERROR] LogOutputStream:75 - [STDERR_REDIRECT] Sep 17, 2025 11:37:20 PM java.util.prefs.FileSystemPreferences checkLockFile0ErrorCode
2025-09-17 23:37:20,980 [ERROR] LogOutputStream:75 - [STDERR_REDIRECT] WARNING: Could not lock System prefs. Unix error code 2.
2025-09-17 23:37:20,980 [ERROR] LogOutputStream:75 - [STDERR_REDIRECT] 
2025-09-17 23:37:20,981 [ERROR] LogOutputStream:75 - [STDERR_REDIRECT] Sep 17, 2025 11:37:20 PM java.util.prefs.FileSystemPreferences syncWorld
2025-09-17 23:37:20,981 [ERROR] LogOutputStream:75 - [STDERR_REDIRECT] WARNING: Couldn't flush system prefs: java.util.prefs.BackingStoreException: Couldn't get file lock.
2025-09-17 23:37:20,981 [ERROR] LogOutputStream:75 - [STDERR_REDIRECT] 
2025-09-17 23:37:50,980 [ERROR] LogOutputStream:75 - [STDERR_REDIRECT] Sep 17, 2025 11:37:50 PM java.util.prefs.FileSystemPreferences checkLockFile0ErrorCode
2025-09-17 23:37:50,981 [ERROR] LogOutputStream:75 - [STDERR_REDIRECT] WARNING: Could not lock System prefs. Unix error code 2.
2025-09-17 23:37:50,981 [ERROR] LogOutputStream:75 - [STDERR_REDIRECT] 
2025-09-17 23:37:50,981 [ERROR] LogOutputStream:75 - [STDERR_REDIRECT] Sep 17, 2025 11:37:50 PM java.util.prefs.FileSystemPreferences syncWorld
2025-09-17 23:37:50,981 [ERROR] LogOutputStream:75 - [STDERR_REDIRECT] WARNING: Couldn't flush system prefs: java.util.prefs.BackingStoreException: Couldn't get file lock.
2025-09-17 23:37:50,981 [ERROR] LogOutputStream:75 - [STDERR_REDIRECT] 
2025-09-17 23:38:20,980 [ERROR] LogOutputStream:75 - [STDERR_REDIRECT] Sep 17, 2025 11:38:20 PM java.util.prefs.FileSystemPreferences checkLockFile0ErrorCode
2025-09-17 23:38:20,980 [ERROR] LogOutputStream:75 - [STDERR_REDIRECT] WARNING: Could not lock System prefs. Unix error code 2.
2025-09-17 23:38:20,980 [ERROR] LogOutputStream:75 - [STDERR_REDIRECT] 
2025-09-17 23:38:20,980 [ERROR] LogOutputStream:75 - [STDERR_REDIRECT] Sep 17, 2025 11:38:20 PM java.util.prefs.FileSystemPreferences syncWorld
2025-09-17 23:38:20,981 [ERROR] LogOutputStream:75 - [STDERR_REDIRECT] WARNING: Couldn't flush system prefs: java.util.prefs.BackingStoreException: Couldn't get file lock.
2025-09-17 23:38:20,981 [ERROR] LogOutputStream:75 - [STDERR_REDIRECT] 
2025-09-17 23:38:50,981 [ERROR] LogOutputStream:75 - [STDERR_REDIRECT] Sep 17, 2025 11:38:50 PM java.util.prefs.FileSystemPreferences checkLockFile0ErrorCode
2025-09-17 23:38:50,981 [ERROR] LogOutputStream:75 - [STDERR_REDIRECT] WARNING: Could not lock System prefs. Unix error code 2.
2025-09-17 23:38:50,982 [ERROR] LogOutputStream:75 - [STDERR_REDIRECT] 
2025-09-17 23:38:50,982 [ERROR] LogOutputStream:75 - [STDERR_REDIRECT] Sep 17, 2025 11:38:50 PM java.util.prefs.FileSystemPreferences syncWorld
2025-09-17 23:38:50,982 [ERROR] LogOutputStream:75 - [STDERR_REDIRECT] WARNING: Couldn't flush system prefs: java.util.prefs.BackingStoreException: Couldn't get file lock.
2025-09-17 23:38:50,982 [ERROR] LogOutputStream:75 - [STDERR_REDIRECT] 
2025-09-17 23:39:20,980 [ERROR] LogOutputStream:75 - [STDERR_REDIRECT] Sep 17, 2025 11:39:20 PM java.util.prefs.FileSystemPreferences checkLockFile0ErrorCode
2025-09-17 23:39:20,981 [ERROR] LogOutputStream:75 - [STDERR_REDIRECT] WARNING: Could not lock System prefs. Unix error code 2.
2025-09-17 23:39:20,981 [ERROR] LogOutputStream:75 - [STDERR_REDIRECT] 
2025-09-17 23:39:20,981 [ERROR] LogOutputStream:75 - [STDERR_REDIRECT] Sep 17, 2025 11:39:20 PM java.util.prefs.FileSystemPreferences syncWorld
2025-09-17 23:39:20,981 [ERROR] LogOutputStream:75 - [STDERR_REDIRECT] WARNING: Couldn't flush system prefs: java.util.prefs.BackingStoreException: Couldn't get file lock.
2025-09-17 23:39:20,981 [ERROR] LogOutputStream:75 - [STDERR_REDIRECT] 
2025-09-17 23:39:50,983 [ERROR] LogOutputStream:75 - [STDERR_REDIRECT] Sep 17, 2025 11:39:50 PM java.util.prefs.FileSystemPreferences checkLockFile0ErrorCode
2025-09-17 23:39:50,983 [ERROR] LogOutputStream:75 - [STDERR_REDIRECT] WARNING: Could not lock System prefs. Unix error code 2.
2025-09-17 23:39:50,984 [ERROR] LogOutputStream:75 - [STDERR_REDIRECT] 
2025-09-17 23:39:50,984 [ERROR] LogOutputStream:75 - [STDERR_REDIRECT] Sep 17, 2025 11:39:50 PM java.util.prefs.FileSystemPreferences syncWorld
2025-09-17 23:39:50,984 [ERROR] LogOutputStream:75 - [STDERR_REDIRECT] WARNING: Couldn't flush system prefs: java.util.prefs.BackingStoreException: Couldn't get file lock.
2025-09-17 23:39:50,984 [ERROR] LogOutputStream:75 - [STDERR_REDIRECT] 
2025-09-17 23:40:20,982 [ERROR] LogOutputStream:75 - [STDERR_REDIRECT] Sep 17, 2025 11:40:20 PM java.util.prefs.FileSystemPreferences checkLockFile0ErrorCode
2025-09-17 23:40:20,982 [ERROR] LogOutputStream:75 - [STDERR_REDIRECT] WARNING: Could not lock System prefs. Unix error code 2.
2025-09-17 23:40:20,982 [ERROR] LogOutputStream:75 - [STDERR_REDIRECT] 
2025-09-17 23:40:20,982 [ERROR] LogOutputStream:75 - [STDERR_REDIRECT] Sep 17, 2025 11:40:20 PM java.util.prefs.FileSystemPreferences syncWorld
2025-09-17 23:40:20,982 [ERROR] LogOutputStream:75 - [STDERR_REDIRECT] WARNING: Couldn't flush system prefs: java.util.prefs.BackingStoreException: Couldn't get file lock.
2025-09-17 23:40:20,982 [ERROR] LogOutputStream:75 - [STDERR_REDIRECT] 
2025-09-17 23:40:50,981 [ERROR] LogOutputStream:75 - [STDERR_REDIRECT] Sep 17, 2025 11:40:50 PM java.util.prefs.FileSystemPreferences checkLockFile0ErrorCode
2025-09-17 23:40:50,982 [ERROR] LogOutputStream:75 - [STDERR_REDIRECT] WARNING: Could not lock System prefs. Unix error code 2.
2025-09-17 23:40:50,982 [ERROR] LogOutputStream:75 - [STDERR_REDIRECT] 
2025-09-17 23:40:50,982 [ERROR] LogOutputStream:75 - [STDERR_REDIRECT] Sep 17, 2025 11:40:50 PM java.util.prefs.FileSystemPreferences syncWorld
2025-09-17 23:40:50,982 [ERROR] LogOutputStream:75 - [STDERR_REDIRECT] WARNING: Couldn't flush system prefs: java.util.prefs.BackingStoreException: Couldn't get file lock.
2025-09-17 23:40:50,982 [ERROR] LogOutputStream:75 - [STDERR_REDIRECT] 
2025-09-17 23:41:20,983 [ERROR] LogOutputStream:75 - [STDERR_REDIRECT] Sep 17, 2025 11:41:20 PM java.util.prefs.FileSystemPreferences checkLockFile0ErrorCode
2025-09-17 23:41:20,984 [ERROR] LogOutputStream:75 - [STDERR_REDIRECT] WARNING: Could not lock System prefs. Unix error code 2.
2025-09-17 23:41:20,984 [ERROR] LogOutputStream:75 - [STDERR_REDIRECT] 
2025-09-17 23:41:20,984 [ERROR] LogOutputStream:75 - [STDERR_REDIRECT] Sep 17, 2025 11:41:20 PM java.util.prefs.FileSystemPreferences syncWorld
2025-09-17 23:41:20,984 [ERROR] LogOutputStream:75 - [STDERR_REDIRECT] WARNING: Couldn't flush system prefs: java.util.prefs.BackingStoreException: Couldn't get file lock.
2025-09-17 23:41:20,984 [ERROR] LogOutputStream:75 - [STDERR_REDIRECT] 
2025-09-17 23:41:50,981 [ERROR] LogOutputStream:75 - [STDERR_REDIRECT] Sep 17, 2025 11:41:50 PM java.util.prefs.FileSystemPreferences checkLockFile0ErrorCode
2025-09-17 23:41:50,981 [ERROR] LogOutputStream:75 - [STDERR_REDIRECT] WARNING: Could not lock System prefs. Unix error code 2.
2025-09-17 23:41:50,981 [ERROR] LogOutputStream:75 - [STDERR_REDIRECT] 
2025-09-17 23:41:50,981 [ERROR] LogOutputStream:75 - [STDERR_REDIRECT] Sep 17, 2025 11:41:50 PM java.util.prefs.FileSystemPreferences syncWorld
2025-09-17 23:41:50,981 [ERROR] LogOutputStream:75 - [STDERR_REDIRECT] WARNING: Couldn't flush system prefs: java.util.prefs.BackingStoreException: Couldn't get file lock.
2025-09-17 23:41:50,981 [ERROR] LogOutputStream:75 - [STDERR_REDIRECT] 
2025-09-17 23:42:20,981 [ERROR] LogOutputStream:75 - [STDERR_REDIRECT] Sep 17, 2025 11:42:20 PM java.util.prefs.FileSystemPreferences checkLockFile0ErrorCode
2025-09-17 23:42:20,981 [ERROR] LogOutputStream:75 - [STDERR_REDIRECT] WARNING: Could not lock System prefs. Unix error code 2.
2025-09-17 23:42:20,981 [ERROR] LogOutputStream:75 - [STDERR_REDIRECT] 
2025-09-17 23:42:20,981 [ERROR] LogOutputStream:75 - [STDERR_REDIRECT] Sep 17, 2025 11:42:20 PM java.util.prefs.FileSystemPreferences syncWorld
2025-09-17 23:42:20,982 [ERROR] LogOutputStream:75 - [STDERR_REDIRECT] WARNING: Couldn't flush system prefs: java.util.prefs.BackingStoreException: Couldn't get file lock.
2025-09-17 23:42:20,982 [ERROR] LogOutputStream:75 - [STDERR_REDIRECT] 
2025-09-17 23:42:50,982 [ERROR] LogOutputStream:75 - [STDERR_REDIRECT] Sep 17, 2025 11:42:50 PM java.util.prefs.FileSystemPreferences checkLockFile0ErrorCode
2025-09-17 23:42:50,982 [ERROR] LogOutputStream:75 - [STDERR_REDIRECT] WARNING: Could not lock System prefs. Unix error code 2.
2025-09-17 23:42:50,982 [ERROR] LogOutputStream:75 - [STDERR_REDIRECT] 
2025-09-17 23:42:50,982 [ERROR] LogOutputStream:75 - [STDERR_REDIRECT] Sep 17, 2025 11:42:50 PM java.util.prefs.FileSystemPreferences syncWorld
2025-09-17 23:42:50,982 [ERROR] LogOutputStream:75 - [STDERR_REDIRECT] WARNING: Couldn't flush system prefs: java.util.prefs.BackingStoreException: Couldn't get file lock.
2025-09-17 23:42:50,982 [ERROR] LogOutputStream:75 - [STDERR_REDIRECT] 
2025-09-17 23:43:20,983 [ERROR] LogOutputStream:75 - [STDERR_REDIRECT] Sep 17, 2025 11:43:20 PM java.util.prefs.FileSystemPreferences checkLockFile0ErrorCode
2025-09-17 23:43:20,983 [ERROR] LogOutputStream:75 - [STDERR_REDIRECT] WARNING: Could not lock System prefs. Unix error code 2.
2025-09-17 23:43:20,983 [ERROR] LogOutputStream:75 - [STDERR_REDIRECT] 
2025-09-17 23:43:20,983 [ERROR] LogOutputStream:75 - [STDERR_REDIRECT] Sep 17, 2025 11:43:20 PM java.util.prefs.FileSystemPreferences syncWorld
2025-09-17 23:43:20,983 [ERROR] LogOutputStream:75 - [STDERR_REDIRECT] WARNING: Couldn't flush system prefs: java.util.prefs.BackingStoreException: Couldn't get file lock.
2025-09-17 23:43:20,983 [ERROR] LogOutputStream:75 - [STDERR_REDIRECT] 
2025-09-17 23:43:50,985 [ERROR] LogOutputStream:75 - [STDERR_REDIRECT] Sep 17, 2025 11:43:50 PM java.util.prefs.FileSystemPreferences checkLockFile0ErrorCode
2025-09-17 23:43:50,986 [ERROR] LogOutputStream:75 - [STDERR_REDIRECT] WARNING: Could not lock System prefs. Unix error code 2.
2025-09-17 23:43:50,986 [ERROR] LogOutputStream:75 - [STDERR_REDIRECT] 
2025-09-17 23:43:50,986 [ERROR] LogOutputStream:75 - [STDERR_REDIRECT] Sep 17, 2025 11:43:50 PM java.util.prefs.FileSystemPreferences syncWorld
2025-09-17 23:43:50,986 [ERROR] LogOutputStream:75 - [STDERR_REDIRECT] WARNING: Couldn't flush system prefs: java.util.prefs.BackingStoreException: Couldn't get file lock.
2025-09-17 23:43:50,986 [ERROR] LogOutputStream:75 - [STDERR_REDIRECT] 
2025-09-17 23:44:20,983 [ERROR] LogOutputStream:75 - [STDERR_REDIRECT] Sep 17, 2025 11:44:20 PM java.util.prefs.FileSystemPreferences checkLockFile0ErrorCode
2025-09-17 23:44:20,983 [ERROR] LogOutputStream:75 - [STDERR_REDIRECT] WARNING: Could not lock System prefs. Unix error code 2.
2025-09-17 23:44:20,983 [ERROR] LogOutputStream:75 - [STDERR_REDIRECT] 
2025-09-17 23:44:20,983 [ERROR] LogOutputStream:75 - [STDERR_REDIRECT] Sep 17, 2025 11:44:20 PM java.util.prefs.FileSystemPreferences syncWorld
2025-09-17 23:44:20,983 [ERROR] LogOutputStream:75 - [STDERR_REDIRECT] WARNING: Couldn't flush system prefs: java.util.prefs.BackingStoreException: Couldn't get file lock.
2025-09-17 23:44:20,983 [ERROR] LogOutputStream:75 - [STDERR_REDIRECT] 
2025-09-17 23:44:50,983 [ERROR] LogOutputStream:75 - [STDERR_REDIRECT] Sep 17, 2025 11:44:50 PM java.util.prefs.FileSystemPreferences checkLockFile0ErrorCode
2025-09-17 23:44:50,983 [ERROR] LogOutputStream:75 - [STDERR_REDIRECT] WARNING: Could not lock System prefs. Unix error code 2.
2025-09-17 23:44:50,983 [ERROR] LogOutputStream:75 - [STDERR_REDIRECT] 
2025-09-17 23:44:50,983 [ERROR] LogOutputStream:75 - [STDERR_REDIRECT] Sep 17, 2025 11:44:50 PM java.util.prefs.FileSystemPreferences syncWorld
2025-09-17 23:44:50,983 [ERROR] LogOutputStream:75 - [STDERR_REDIRECT] WARNING: Couldn't flush system prefs: java.util.prefs.BackingStoreException: Couldn't get file lock.
2025-09-17 23:44:50,983 [ERROR] LogOutputStream:75 - [STDERR_REDIRECT] 
2025-09-17 23:45:20,982 [ERROR] LogOutputStream:75 - [STDERR_REDIRECT] Sep 17, 2025 11:45:20 PM java.util.prefs.FileSystemPreferences checkLockFile0ErrorCode
2025-09-17 23:45:20,983 [ERROR] LogOutputStream:75 - [STDERR_REDIRECT] WARNING: Could not lock System prefs. Unix error code 2.
2025-09-17 23:45:20,983 [ERROR] LogOutputStream:75 - [STDERR_REDIRECT] 
2025-09-17 23:45:20,983 [ERROR] LogOutputStream:75 - [STDERR_REDIRECT] Sep 17, 2025 11:45:20 PM java.util.prefs.FileSystemPreferences syncWorld
2025-09-17 23:45:20,983 [ERROR] LogOutputStream:75 - [STDERR_REDIRECT] WARNING: Couldn't flush system prefs: java.util.prefs.BackingStoreException: Couldn't get file lock.
2025-09-17 23:45:20,983 [ERROR] LogOutputStream:75 - [STDERR_REDIRECT] 
2025-09-17 23:45:50,982 [ERROR] LogOutputStream:75 - [STDERR_REDIRECT] Sep 17, 2025 11:45:50 PM java.util.prefs.FileSystemPreferences checkLockFile0ErrorCode
2025-09-17 23:45:50,983 [ERROR] LogOutputStream:75 - [STDERR_REDIRECT] WARNING: Could not lock System prefs. Unix error code 2.
2025-09-17 23:45:50,983 [ERROR] LogOutputStream:75 - [STDERR_REDIRECT] 
2025-09-17 23:45:50,983 [ERROR] LogOutputStream:75 - [STDERR_REDIRECT] Sep 17, 2025 11:45:50 PM java.util.prefs.FileSystemPreferences syncWorld
2025-09-17 23:45:50,983 [ERROR] LogOutputStream:75 - [STDERR_REDIRECT] WARNING: Couldn't flush system prefs: java.util.prefs.BackingStoreException: Couldn't get file lock.
2025-09-17 23:45:50,983 [ERROR] LogOutputStream:75 - [STDERR_REDIRECT] 
2025-09-17 23:46:20,982 [ERROR] LogOutputStream:75 - [STDERR_REDIRECT] Sep 17, 2025 11:46:20 PM java.util.prefs.FileSystemPreferences checkLockFile0ErrorCode
2025-09-17 23:46:20,983 [ERROR] LogOutputStream:75 - [STDERR_REDIRECT] WARNING: Could not lock System prefs. Unix error code 2.
2025-09-17 23:46:20,983 [ERROR] LogOutputStream:75 - [STDERR_REDIRECT] 
2025-09-17 23:46:20,983 [ERROR] LogOutputStream:75 - [STDERR_REDIRECT] Sep 17, 2025 11:46:20 PM java.util.prefs.FileSystemPreferences syncWorld
2025-09-17 23:46:20,983 [ERROR] LogOutputStream:75 - [STDERR_REDIRECT] WARNING: Couldn't flush system prefs: java.util.prefs.BackingStoreException: Couldn't get file lock.
2025-09-17 23:46:20,983 [ERROR] LogOutputStream:75 - [STDERR_REDIRECT] 
2025-09-17 23:46:50,982 [ERROR] LogOutputStream:75 - [STDERR_REDIRECT] Sep 17, 2025 11:46:50 PM java.util.prefs.FileSystemPreferences checkLockFile0ErrorCode
2025-09-17 23:46:50,983 [ERROR] LogOutputStream:75 - [STDERR_REDIRECT] WARNING: Could not lock System prefs. Unix error code 2.
2025-09-17 23:46:50,983 [ERROR] LogOutputStream:75 - [STDERR_REDIRECT] 
2025-09-17 23:46:50,983 [ERROR] LogOutputStream:75 - [STDERR_REDIRECT] Sep 17, 2025 11:46:50 PM java.util.prefs.FileSystemPreferences syncWorld
2025-09-17 23:46:50,983 [ERROR] LogOutputStream:75 - [STDERR_REDIRECT] WARNING: Couldn't flush system prefs: java.util.prefs.BackingStoreException: Couldn't get file lock.
2025-09-17 23:46:50,983 [ERROR] LogOutputStream:75 - [STDERR_REDIRECT] 
2025-09-17 23:47:20,984 [ERROR] LogOutputStream:75 - [STDERR_REDIRECT] Sep 17, 2025 11:47:20 PM java.util.prefs.FileSystemPreferences checkLockFile0ErrorCode
2025-09-17 23:47:20,984 [ERROR] LogOutputStream:75 - [STDERR_REDIRECT] WARNING: Could not lock System prefs. Unix error code 2.
2025-09-17 23:47:20,984 [ERROR] LogOutputStream:75 - [STDERR_REDIRECT] 
2025-09-17 23:47:20,984 [ERROR] LogOutputStream:75 - [STDERR_REDIRECT] Sep 17, 2025 11:47:20 PM java.util.prefs.FileSystemPreferences syncWorld
2025-09-17 23:47:20,984 [ERROR] LogOutputStream:75 - [STDERR_REDIRECT] WARNING: Couldn't flush system prefs: java.util.prefs.BackingStoreException: Couldn't get file lock.
2025-09-17 23:47:20,985 [ERROR] LogOutputStream:75 - [STDERR_REDIRECT] 
2025-09-17 23:47:50,982 [ERROR] LogOutputStream:75 - [STDERR_REDIRECT] Sep 17, 2025 11:47:50 PM java.util.prefs.FileSystemPreferences checkLockFile0ErrorCode
2025-09-17 23:47:50,982 [ERROR] LogOutputStream:75 - [STDERR_REDIRECT] WARNING: Could not lock System prefs. Unix error code 2.
2025-09-17 23:47:50,982 [ERROR] LogOutputStream:75 - [STDERR_REDIRECT] 
2025-09-17 23:47:50,982 [ERROR] LogOutputStream:75 - [STDERR_REDIRECT] Sep 17, 2025 11:47:50 PM java.util.prefs.FileSystemPreferences syncWorld
2025-09-17 23:47:50,982 [ERROR] LogOutputStream:75 - [STDERR_REDIRECT] WARNING: Couldn't flush system prefs: java.util.prefs.BackingStoreException: Couldn't get file lock.
2025-09-17 23:47:50,982 [ERROR] LogOutputStream:75 - [STDERR_REDIRECT] 
2025-09-17 23:48:20,986 [ERROR] LogOutputStream:75 - [STDERR_REDIRECT] Sep 17, 2025 11:48:20 PM java.util.prefs.FileSystemPreferences checkLockFile0ErrorCode
2025-09-17 23:48:20,986 [ERROR] LogOutputStream:75 - [STDERR_REDIRECT] WARNING: Could not lock System prefs. Unix error code 2.
2025-09-17 23:48:20,986 [ERROR] LogOutputStream:75 - [STDERR_REDIRECT] 
2025-09-17 23:48:20,987 [ERROR] LogOutputStream:75 - [STDERR_REDIRECT] Sep 17, 2025 11:48:20 PM java.util.prefs.FileSystemPreferences syncWorld
2025-09-17 23:48:20,987 [ERROR] LogOutputStream:75 - [STDERR_REDIRECT] WARNING: Couldn't flush system prefs: java.util.prefs.BackingStoreException: Couldn't get file lock.
2025-09-17 23:48:20,987 [ERROR] LogOutputStream:75 - [STDERR_REDIRECT] 
2025-09-17 23:48:50,983 [ERROR] LogOutputStream:75 - [STDERR_REDIRECT] Sep 17, 2025 11:48:50 PM java.util.prefs.FileSystemPreferences checkLockFile0ErrorCode
2025-09-17 23:48:50,983 [ERROR] LogOutputStream:75 - [STDERR_REDIRECT] WARNING: Could not lock System prefs. Unix error code 2.
2025-09-17 23:48:50,984 [ERROR] LogOutputStream:75 - [STDERR_REDIRECT] 
2025-09-17 23:48:50,984 [ERROR] LogOutputStream:75 - [STDERR_REDIRECT] Sep 17, 2025 11:48:50 PM java.util.prefs.FileSystemPreferences syncWorld
2025-09-17 23:48:50,984 [ERROR] LogOutputStream:75 - [STDERR_REDIRECT] WARNING: Couldn't flush system prefs: java.util.prefs.BackingStoreException: Couldn't get file lock.
2025-09-17 23:48:50,984 [ERROR] LogOutputStream:75 - [STDERR_REDIRECT] 
2025-09-17 23:49:20,986 [ERROR] LogOutputStream:75 - [STDERR_REDIRECT] Sep 17, 2025 11:49:20 PM java.util.prefs.FileSystemPreferences checkLockFile0ErrorCode
2025-09-17 23:49:20,986 [ERROR] LogOutputStream:75 - [STDERR_REDIRECT] WARNING: Could not lock System prefs. Unix error code 2.
2025-09-17 23:49:20,986 [ERROR] LogOutputStream:75 - [STDERR_REDIRECT] 
2025-09-17 23:49:20,986 [ERROR] LogOutputStream:75 - [STDERR_REDIRECT] Sep 17, 2025 11:49:20 PM java.util.prefs.FileSystemPreferences syncWorld
2025-09-17 23:49:20,986 [ERROR] LogOutputStream:75 - [STDERR_REDIRECT] WARNING: Couldn't flush system prefs: java.util.prefs.BackingStoreException: Couldn't get file lock.
2025-09-17 23:49:20,986 [ERROR] LogOutputStream:75 - [STDERR_REDIRECT] 
2025-09-17 23:49:50,984 [ERROR] LogOutputStream:75 - [STDERR_REDIRECT] Sep 17, 2025 11:49:50 PM java.util.prefs.FileSystemPreferences checkLockFile0ErrorCode
2025-09-17 23:49:50,984 [ERROR] LogOutputStream:75 - [STDERR_REDIRECT] WARNING: Could not lock System prefs. Unix error code 2.
2025-09-17 23:49:50,984 [ERROR] LogOutputStream:75 - [STDERR_REDIRECT] 
2025-09-17 23:49:50,985 [ERROR] LogOutputStream:75 - [STDERR_REDIRECT] Sep 17, 2025 11:49:50 PM java.util.prefs.FileSystemPreferences syncWorld
2025-09-17 23:49:50,985 [ERROR] LogOutputStream:75 - [STDERR_REDIRECT] WARNING: Couldn't flush system prefs: java.util.prefs.BackingStoreException: Couldn't get file lock.
2025-09-17 23:49:50,985 [ERROR] LogOutputStream:75 - [STDERR_REDIRECT] 
2025-09-17 23:50:20,983 [ERROR] LogOutputStream:75 - [STDERR_REDIRECT] Sep 17, 2025 11:50:20 PM java.util.prefs.FileSystemPreferences checkLockFile0ErrorCode
2025-09-17 23:50:20,983 [ERROR] LogOutputStream:75 - [STDERR_REDIRECT] WARNING: Could not lock System prefs. Unix error code 2.
2025-09-17 23:50:20,984 [ERROR] LogOutputStream:75 - [STDERR_REDIRECT] 
2025-09-17 23:50:20,984 [ERROR] LogOutputStream:75 - [STDERR_REDIRECT] Sep 17, 2025 11:50:20 PM java.util.prefs.FileSystemPreferences syncWorld
2025-09-17 23:50:20,984 [ERROR] LogOutputStream:75 - [STDERR_REDIRECT] WARNING: Couldn't flush system prefs: java.util.prefs.BackingStoreException: Couldn't get file lock.
2025-09-17 23:50:20,984 [ERROR] LogOutputStream:75 - [STDERR_REDIRECT] 
2025-09-17 23:50:50,984 [ERROR] LogOutputStream:75 - [STDERR_REDIRECT] Sep 17, 2025 11:50:50 PM java.util.prefs.FileSystemPreferences checkLockFile0ErrorCode
2025-09-17 23:50:50,984 [ERROR] LogOutputStream:75 - [STDERR_REDIRECT] WARNING: Could not lock System prefs. Unix error code 2.
2025-09-17 23:50:50,984 [ERROR] LogOutputStream:75 - [STDERR_REDIRECT] 
2025-09-17 23:50:50,984 [ERROR] LogOutputStream:75 - [STDERR_REDIRECT] Sep 17, 2025 11:50:50 PM java.util.prefs.FileSystemPreferences syncWorld
2025-09-17 23:50:50,984 [ERROR] LogOutputStream:75 - [STDERR_REDIRECT] WARNING: Couldn't flush system prefs: java.util.prefs.BackingStoreException: Couldn't get file lock.
2025-09-17 23:50:50,984 [ERROR] LogOutputStream:75 - [STDERR_REDIRECT] 
2025-09-17 23:51:20,985 [ERROR] LogOutputStream:75 - [STDERR_REDIRECT] Sep 17, 2025 11:51:20 PM java.util.prefs.FileSystemPreferences checkLockFile0ErrorCode
2025-09-17 23:51:20,985 [ERROR] LogOutputStream:75 - [STDERR_REDIRECT] WARNING: Could not lock System prefs. Unix error code 2.
2025-09-17 23:51:20,985 [ERROR] LogOutputStream:75 - [STDERR_REDIRECT] 
2025-09-17 23:51:20,985 [ERROR] LogOutputStream:75 - [STDERR_REDIRECT] Sep 17, 2025 11:51:20 PM java.util.prefs.FileSystemPreferences syncWorld
2025-09-17 23:51:20,986 [ERROR] LogOutputStream:75 - [STDERR_REDIRECT] WARNING: Couldn't flush system prefs: java.util.prefs.BackingStoreException: Couldn't get file lock.
2025-09-17 23:51:20,986 [ERROR] LogOutputStream:75 - [STDERR_REDIRECT] 
2025-09-17 23:51:50,984 [ERROR] LogOutputStream:75 - [STDERR_REDIRECT] Sep 17, 2025 11:51:50 PM java.util.prefs.FileSystemPreferences checkLockFile0ErrorCode
2025-09-17 23:51:50,984 [ERROR] LogOutputStream:75 - [STDERR_REDIRECT] WARNING: Could not lock System prefs. Unix error code 2.
2025-09-17 23:51:50,984 [ERROR] LogOutputStream:75 - [STDERR_REDIRECT] 
2025-09-17 23:51:50,984 [ERROR] LogOutputStream:75 - [STDERR_REDIRECT] Sep 17, 2025 11:51:50 PM java.util.prefs.FileSystemPreferences syncWorld
2025-09-17 23:51:50,984 [ERROR] LogOutputStream:75 - [STDERR_REDIRECT] WARNING: Couldn't flush system prefs: java.util.prefs.BackingStoreException: Couldn't get file lock.
2025-09-17 23:51:50,984 [ERROR] LogOutputStream:75 - [STDERR_REDIRECT] 
2025-09-17 23:52:20,984 [ERROR] LogOutputStream:75 - [STDERR_REDIRECT] Sep 17, 2025 11:52:20 PM java.util.prefs.FileSystemPreferences checkLockFile0ErrorCode
2025-09-17 23:52:20,984 [ERROR] LogOutputStream:75 - [STDERR_REDIRECT] WARNING: Could not lock System prefs. Unix error code 2.
2025-09-17 23:52:20,984 [ERROR] LogOutputStream:75 - [STDERR_REDIRECT] 
2025-09-17 23:52:20,985 [ERROR] LogOutputStream:75 - [STDERR_REDIRECT] Sep 17, 2025 11:52:20 PM java.util.prefs.FileSystemPreferences syncWorld
2025-09-17 23:52:20,985 [ERROR] LogOutputStream:75 - [STDERR_REDIRECT] WARNING: Couldn't flush system prefs: java.util.prefs.BackingStoreException: Couldn't get file lock.
2025-09-17 23:52:20,985 [ERROR] LogOutputStream:75 - [STDERR_REDIRECT] 
2025-09-17 23:52:50,986 [ERROR] LogOutputStream:75 - [STDERR_REDIRECT] Sep 17, 2025 11:52:50 PM java.util.prefs.FileSystemPreferences checkLockFile0ErrorCode
2025-09-17 23:52:50,986 [ERROR] LogOutputStream:75 - [STDERR_REDIRECT] WARNING: Could not lock System prefs. Unix error code 2.
2025-09-17 23:52:50,986 [ERROR] LogOutputStream:75 - [STDERR_REDIRECT] 
2025-09-17 23:52:50,986 [ERROR] LogOutputStream:75 - [STDERR_REDIRECT] Sep 17, 2025 11:52:50 PM java.util.prefs.FileSystemPreferences syncWorld
2025-09-17 23:52:50,986 [ERROR] LogOutputStream:75 - [STDERR_REDIRECT] WARNING: Couldn't flush system prefs: java.util.prefs.BackingStoreException: Couldn't get file lock.
2025-09-17 23:52:50,987 [ERROR] LogOutputStream:75 - [STDERR_REDIRECT] 
2025-09-17 23:53:20,984 [ERROR] LogOutputStream:75 - [STDERR_REDIRECT] Sep 17, 2025 11:53:20 PM java.util.prefs.FileSystemPreferences checkLockFile0ErrorCode
2025-09-17 23:53:20,984 [ERROR] LogOutputStream:75 - [STDERR_REDIRECT] WARNING: Could not lock System prefs. Unix error code 2.
2025-09-17 23:53:20,985 [ERROR] LogOutputStream:75 - [STDERR_REDIRECT] 
2025-09-17 23:53:20,985 [ERROR] LogOutputStream:75 - [STDERR_REDIRECT] Sep 17, 2025 11:53:20 PM java.util.prefs.FileSystemPreferences syncWorld
2025-09-17 23:53:20,985 [ERROR] LogOutputStream:75 - [STDERR_REDIRECT] WARNING: Couldn't flush system prefs: java.util.prefs.BackingStoreException: Couldn't get file lock.
2025-09-17 23:53:20,985 [ERROR] LogOutputStream:75 - [STDERR_REDIRECT] 
2025-09-17 23:53:50,987 [ERROR] LogOutputStream:75 - [STDERR_REDIRECT] Sep 17, 2025 11:53:50 PM java.util.prefs.FileSystemPreferences checkLockFile0ErrorCode
2025-09-17 23:53:50,988 [ERROR] LogOutputStream:75 - [STDERR_REDIRECT] WARNING: Could not lock System prefs. Unix error code 2.
2025-09-17 23:53:50,988 [ERROR] LogOutputStream:75 - [STDERR_REDIRECT] 
2025-09-17 23:53:50,988 [ERROR] LogOutputStream:75 - [STDERR_REDIRECT] Sep 17, 2025 11:53:50 PM java.util.prefs.FileSystemPreferences syncWorld
2025-09-17 23:53:50,988 [ERROR] LogOutputStream:75 - [STDERR_REDIRECT] WARNING: Couldn't flush system prefs: java.util.prefs.BackingStoreException: Couldn't get file lock.
2025-09-17 23:53:50,988 [ERROR] LogOutputStream:75 - [STDERR_REDIRECT] 
2025-09-17 23:54:20,985 [ERROR] LogOutputStream:75 - [STDERR_REDIRECT] Sep 17, 2025 11:54:20 PM java.util.prefs.FileSystemPreferences checkLockFile0ErrorCode
2025-09-17 23:54:20,985 [ERROR] LogOutputStream:75 - [STDERR_REDIRECT] WARNING: Could not lock System prefs. Unix error code 2.
2025-09-17 23:54:20,985 [ERROR] LogOutputStream:75 - [STDERR_REDIRECT] 
2025-09-17 23:54:20,986 [ERROR] LogOutputStream:75 - [STDERR_REDIRECT] Sep 17, 2025 11:54:20 PM java.util.prefs.FileSystemPreferences syncWorld
2025-09-17 23:54:20,986 [ERROR] LogOutputStream:75 - [STDERR_REDIRECT] WARNING: Couldn't flush system prefs: java.util.prefs.BackingStoreException: Couldn't get file lock.
2025-09-17 23:54:20,986 [ERROR] LogOutputStream:75 - [STDERR_REDIRECT] 
2025-09-17 23:54:50,985 [ERROR] LogOutputStream:75 - [STDERR_REDIRECT] Sep 17, 2025 11:54:50 PM java.util.prefs.FileSystemPreferences checkLockFile0ErrorCode
2025-09-17 23:54:50,985 [ERROR] LogOutputStream:75 - [STDERR_REDIRECT] WARNING: Could not lock System prefs. Unix error code 2.
2025-09-17 23:54:50,985 [ERROR] LogOutputStream:75 - [STDERR_REDIRECT] 
2025-09-17 23:54:50,985 [ERROR] LogOutputStream:75 - [STDERR_REDIRECT] Sep 17, 2025 11:54:50 PM java.util.prefs.FileSystemPreferences syncWorld
2025-09-17 23:54:50,985 [ERROR] LogOutputStream:75 - [STDERR_REDIRECT] WARNING: Couldn't flush system prefs: java.util.prefs.BackingStoreException: Couldn't get file lock.
2025-09-17 23:54:50,985 [ERROR] LogOutputStream:75 - [STDERR_REDIRECT] 
2025-09-17 23:55:20,985 [ERROR] LogOutputStream:75 - [STDERR_REDIRECT] Sep 17, 2025 11:55:20 PM java.util.prefs.FileSystemPreferences checkLockFile0ErrorCode
2025-09-17 23:55:20,985 [ERROR] LogOutputStream:75 - [STDERR_REDIRECT] WARNING: Could not lock System prefs. Unix error code 2.
2025-09-17 23:55:20,985 [ERROR] LogOutputStream:75 - [STDERR_REDIRECT] 
2025-09-17 23:55:20,985 [ERROR] LogOutputStream:75 - [STDERR_REDIRECT] Sep 17, 2025 11:55:20 PM java.util.prefs.FileSystemPreferences syncWorld
2025-09-17 23:55:20,985 [ERROR] LogOutputStream:75 - [STDERR_REDIRECT] WARNING: Couldn't flush system prefs: java.util.prefs.BackingStoreException: Couldn't get file lock.
2025-09-17 23:55:20,986 [ERROR] LogOutputStream:75 - [STDERR_REDIRECT] 
2025-09-17 23:55:50,984 [ERROR] LogOutputStream:75 - [STDERR_REDIRECT] Sep 17, 2025 11:55:50 PM java.util.prefs.FileSystemPreferences checkLockFile0ErrorCode
2025-09-17 23:55:50,984 [ERROR] LogOutputStream:75 - [STDERR_REDIRECT] WARNING: Could not lock System prefs. Unix error code 2.
2025-09-17 23:55:50,984 [ERROR] LogOutputStream:75 - [STDERR_REDIRECT] 
2025-09-17 23:55:50,984 [ERROR] LogOutputStream:75 - [STDERR_REDIRECT] Sep 17, 2025 11:55:50 PM java.util.prefs.FileSystemPreferences syncWorld
2025-09-17 23:55:50,984 [ERROR] LogOutputStream:75 - [STDERR_REDIRECT] WARNING: Couldn't flush system prefs: java.util.prefs.BackingStoreException: Couldn't get file lock.
2025-09-17 23:55:50,984 [ERROR] LogOutputStream:75 - [STDERR_REDIRECT] 
2025-09-17 23:56:20,985 [ERROR] LogOutputStream:75 - [STDERR_REDIRECT] Sep 17, 2025 11:56:20 PM java.util.prefs.FileSystemPreferences checkLockFile0ErrorCode
2025-09-17 23:56:20,985 [ERROR] LogOutputStream:75 - [STDERR_REDIRECT] WARNING: Could not lock System prefs. Unix error code 2.
2025-09-17 23:56:20,985 [ERROR] LogOutputStream:75 - [STDERR_REDIRECT] 
2025-09-17 23:56:20,986 [ERROR] LogOutputStream:75 - [STDERR_REDIRECT] Sep 17, 2025 11:56:20 PM java.util.prefs.FileSystemPreferences syncWorld
2025-09-17 23:56:20,986 [ERROR] LogOutputStream:75 - [STDERR_REDIRECT] WARNING: Couldn't flush system prefs: java.util.prefs.BackingStoreException: Couldn't get file lock.
2025-09-17 23:56:20,986 [ERROR] LogOutputStream:75 - [STDERR_REDIRECT] 
2025-09-17 23:56:50,986 [ERROR] LogOutputStream:75 - [STDERR_REDIRECT] Sep 17, 2025 11:56:50 PM java.util.prefs.FileSystemPreferences checkLockFile0ErrorCode
2025-09-17 23:56:50,986 [ERROR] LogOutputStream:75 - [STDERR_REDIRECT] WARNING: Could not lock System prefs. Unix error code 2.
2025-09-17 23:56:50,986 [ERROR] LogOutputStream:75 - [STDERR_REDIRECT] 
2025-09-17 23:56:50,986 [ERROR] LogOutputStream:75 - [STDERR_REDIRECT] Sep 17, 2025 11:56:50 PM java.util.prefs.FileSystemPreferences syncWorld
2025-09-17 23:56:50,986 [ERROR] LogOutputStream:75 - [STDERR_REDIRECT] WARNING: Couldn't flush system prefs: java.util.prefs.BackingStoreException: Couldn't get file lock.
2025-09-17 23:56:50,986 [ERROR] LogOutputStream:75 - [STDERR_REDIRECT] 
2025-09-17 23:57:20,986 [ERROR] LogOutputStream:75 - [STDERR_REDIRECT] Sep 17, 2025 11:57:20 PM java.util.prefs.FileSystemPreferences checkLockFile0ErrorCode
2025-09-17 23:57:20,987 [ERROR] LogOutputStream:75 - [STDERR_REDIRECT] WARNING: Could not lock System prefs. Unix error code 2.
2025-09-17 23:57:20,987 [ERROR] LogOutputStream:75 - [STDERR_REDIRECT] 
2025-09-17 23:57:20,987 [ERROR] LogOutputStream:75 - [STDERR_REDIRECT] Sep 17, 2025 11:57:20 PM java.util.prefs.FileSystemPreferences syncWorld
2025-09-17 23:57:20,987 [ERROR] LogOutputStream:75 - [STDERR_REDIRECT] WARNING: Couldn't flush system prefs: java.util.prefs.BackingStoreException: Couldn't get file lock.
2025-09-17 23:57:20,987 [ERROR] LogOutputStream:75 - [STDERR_REDIRECT] 
2025-09-17 23:57:50,987 [ERROR] LogOutputStream:75 - [STDERR_REDIRECT] Sep 17, 2025 11:57:50 PM java.util.prefs.FileSystemPreferences checkLockFile0ErrorCode
2025-09-17 23:57:50,987 [ERROR] LogOutputStream:75 - [STDERR_REDIRECT] WARNING: Could not lock System prefs. Unix error code 2.
2025-09-17 23:57:50,987 [ERROR] LogOutputStream:75 - [STDERR_REDIRECT] 
2025-09-17 23:57:50,987 [ERROR] LogOutputStream:75 - [STDERR_REDIRECT] Sep 17, 2025 11:57:50 PM java.util.prefs.FileSystemPreferences syncWorld
2025-09-17 23:57:50,987 [ERROR] LogOutputStream:75 - [STDERR_REDIRECT] WARNING: Couldn't flush system prefs: java.util.prefs.BackingStoreException: Couldn't get file lock.
2025-09-17 23:57:50,987 [ERROR] LogOutputStream:75 - [STDERR_REDIRECT] 
2025-09-17 23:58:20,986 [ERROR] LogOutputStream:75 - [STDERR_REDIRECT] Sep 17, 2025 11:58:20 PM java.util.prefs.FileSystemPreferences checkLockFile0ErrorCode
2025-09-17 23:58:20,986 [ERROR] LogOutputStream:75 - [STDERR_REDIRECT] WARNING: Could not lock System prefs. Unix error code 2.
2025-09-17 23:58:20,986 [ERROR] LogOutputStream:75 - [STDERR_REDIRECT] 
2025-09-17 23:58:20,986 [ERROR] LogOutputStream:75 - [STDERR_REDIRECT] Sep 17, 2025 11:58:20 PM java.util.prefs.FileSystemPreferences syncWorld
2025-09-17 23:58:20,986 [ERROR] LogOutputStream:75 - [STDERR_REDIRECT] WARNING: Couldn't flush system prefs: java.util.prefs.BackingStoreException: Couldn't get file lock.
2025-09-17 23:58:20,986 [ERROR] LogOutputStream:75 - [STDERR_REDIRECT] 
2025-09-17 23:58:50,986 [ERROR] LogOutputStream:75 - [STDERR_REDIRECT] Sep 17, 2025 11:58:50 PM java.util.prefs.FileSystemPreferences checkLockFile0ErrorCode
2025-09-17 23:58:50,986 [ERROR] LogOutputStream:75 - [STDERR_REDIRECT] WARNING: Could not lock System prefs. Unix error code 2.
2025-09-17 23:58:50,986 [ERROR] LogOutputStream:75 - [STDERR_REDIRECT] 
2025-09-17 23:58:50,986 [ERROR] LogOutputStream:75 - [STDERR_REDIRECT] Sep 17, 2025 11:58:50 PM java.util.prefs.FileSystemPreferences syncWorld
2025-09-17 23:58:50,986 [ERROR] LogOutputStream:75 - [STDERR_REDIRECT] WARNING: Couldn't flush system prefs: java.util.prefs.BackingStoreException: Couldn't get file lock.
2025-09-17 23:58:50,986 [ERROR] LogOutputStream:75 - [STDERR_REDIRECT] 
2025-09-17 23:59:20,986 [ERROR] LogOutputStream:75 - [STDERR_REDIRECT] Sep 17, 2025 11:59:20 PM java.util.prefs.FileSystemPreferences checkLockFile0ErrorCode
2025-09-17 23:59:20,986 [ERROR] LogOutputStream:75 - [STDERR_REDIRECT] WARNING: Could not lock System prefs. Unix error code 2.
2025-09-17 23:59:20,986 [ERROR] LogOutputStream:75 - [STDERR_REDIRECT] 
2025-09-17 23:59:20,986 [ERROR] LogOutputStream:75 - [STDERR_REDIRECT] Sep 17, 2025 11:59:20 PM java.util.prefs.FileSystemPreferences syncWorld
2025-09-17 23:59:20,986 [ERROR] LogOutputStream:75 - [STDERR_REDIRECT] WARNING: Couldn't flush system prefs: java.util.prefs.BackingStoreException: Couldn't get file lock.
2025-09-17 23:59:20,986 [ERROR] LogOutputStream:75 - [STDERR_REDIRECT] 
2025-09-17 23:59:43,319 [ERROR] LogOutputStream:75 - [STDERR_REDIRECT] 
2025-09-17 23:59:43,319 [ERROR] LogOutputStream:75 - [STDERR_REDIRECT] 
2025-09-17 23:59:50,783 [INFO] Activator:176 - 


2025-09-17 23:59:50,785 [INFO] Activator:177 - !SESSION log4j initialized
2025-09-17 23:59:53,637 [INFO] LogOutputStream:77 - [STDOUT_REDIRECT] 
2025-09-17 23:59:54,187 [INFO] ApplicationProperties:184 - Using Application install path: /opt/st/stm32cubeide_1.19.0/plugins/com.st.stm32cube.common.mx_6.15.0.202507011659
2025-09-17 23:59:54,198 [INFO] DbMcusXml:78 - Set database path to: /opt/st/stm32cubeide_1.19.0/plugins/com.st.stm32cube.common.mx_6.15.0.202507011659//db//mcu/
2025-09-17 23:59:54,199 [INFO] ApiDb:274 - Set plugin database path to: /opt/st/stm32cubeide_1.19.0/plugins/com.st.stm32cube.common.mx_6.15.0.202507011659//db//plugins/boardmanager/
2025-09-17 23:59:54,199 [WARN] ApiDb:259 - Overriding images path with different value:  => /opt/st/stm32cubeide_1.19.0/plugins/com.st.stm32cube.common.mx_6.15.0.202507011659//db//plugins/mcufinder/images/
2025-09-17 23:59:54,201 [INFO] ApiDb:250 - Set database path to: /home/matijak/.stmcufinder/plugins/mcufinder//mcu/
2025-09-17 23:59:54,201 [INFO] DbMcusAds:125 - Set database path to: /home/matijak/.stmcufinder/plugins/mcufinder//mcu/
2025-09-17 23:59:54,202 [INFO] CrossReferenceDbSqlite:203 - Set database path to: /home/matijak/.stmcufinder/plugins/mcufinder//mcu/cs/
2025-09-17 23:59:54,272 [INFO] RulesReader:64 - Compatibility file has been processed (317 Rules)
2025-09-17 23:59:54,315 [INFO] DbMcusXml:78 - Set database path to: /opt/st/stm32cubeide_1.19.0/plugins/com.st.stm32cube.common.mx_6.15.0.202507011659//db//mcu/
2025-09-17 23:59:54,316 [INFO] ApiDb:274 - Set plugin database path to: /opt/st/stm32cubeide_1.19.0/plugins/com.st.stm32cube.common.mx_6.15.0.202507011659//db//plugins/boardmanager/
2025-09-17 23:59:54,316 [INFO] ApiDb:261 - Set plugin images path to: /opt/st/stm32cubeide_1.19.0/plugins/com.st.stm32cube.common.mx_6.15.0.202507011659//db//plugins/mcufinder/images/
2025-09-17 23:59:54,316 [WARN] DbFile:41 - Overriding database path with different value: /home/matijak/.stmcufinder/plugins/mcufinder/ => /home/matijak/.stmcufinder/plugins/mcufinder
2025-09-17 23:59:54,316 [INFO] ApiDb:250 - Set database path to: /home/matijak/.stmcufinder/plugins/mcufinder//mcu/
2025-09-17 23:59:54,316 [WARN] DbFile:41 - Overriding database path with different value: /home/matijak/.stmcufinder/plugins/mcufinder/ => /home/matijak/.stmcufinder/plugins/mcufinder
2025-09-17 23:59:54,316 [INFO] DbMcusAds:125 - Set database path to: /home/matijak/.stmcufinder/plugins/mcufinder//mcu/
2025-09-17 23:59:54,316 [WARN] DbFile:41 - Overriding database path with different value: /home/matijak/.stmcufinder/plugins/mcufinder/ => /home/matijak/.stmcufinder/plugins/mcufinder
2025-09-17 23:59:54,316 [WARN] DbFile:41 - Overriding database path with different value: /home/matijak/.stmcufinder/plugins/mcufinder/ => /home/matijak/.stmcufinder/plugins/mcufinder
2025-09-17 23:59:54,316 [INFO] CrossReferenceDbSqlite:203 - Set database path to: /home/matijak/.stmcufinder/plugins/mcufinder//mcu/cs/
2025-09-17 23:59:54,352 [INFO] MainPanel:274 - HeapMemory: 268435456
2025-09-17 23:59:54,427 [INFO] DbMcusXml:78 - Set database path to: /opt/st/stm32cubeide_1.19.0/plugins/com.st.stm32cube.common.mx_6.15.0.202507011659//db//mcu/
2025-09-17 23:59:54,427 [INFO] ApiDb:274 - Set plugin database path to: /opt/st/stm32cubeide_1.19.0/plugins/com.st.stm32cube.common.mx_6.15.0.202507011659//db//plugins/boardmanager/
2025-09-17 23:59:54,427 [INFO] ApiDb:261 - Set plugin images path to: /opt/st/stm32cubeide_1.19.0/plugins/com.st.stm32cube.common.mx_6.15.0.202507011659//db//plugins/mcufinder/images/
2025-09-17 23:59:54,427 [WARN] DbFile:41 - Overriding database path with different value: /home/matijak/.stmcufinder/plugins/mcufinder/ => /home/matijak/.stmcufinder/plugins/mcufinder
2025-09-17 23:59:54,428 [INFO] ApiDb:250 - Set database path to: /home/matijak/.stmcufinder/plugins/mcufinder//mcu/
2025-09-17 23:59:54,428 [WARN] DbFile:41 - Overriding database path with different value: /home/matijak/.stmcufinder/plugins/mcufinder/ => /home/matijak/.stmcufinder/plugins/mcufinder
2025-09-17 23:59:54,428 [INFO] DbMcusAds:125 - Set database path to: /home/matijak/.stmcufinder/plugins/mcufinder//mcu/
2025-09-17 23:59:54,428 [WARN] DbFile:41 - Overriding database path with different value: /home/matijak/.stmcufinder/plugins/mcufinder/ => /home/matijak/.stmcufinder/plugins/mcufinder
2025-09-17 23:59:54,428 [WARN] DbFile:41 - Overriding database path with different value: /home/matijak/.stmcufinder/plugins/mcufinder/ => /home/matijak/.stmcufinder/plugins/mcufinder
2025-09-17 23:59:54,428 [INFO] CrossReferenceDbSqlite:203 - Set database path to: /home/matijak/.stmcufinder/plugins/mcufinder//mcu/cs/
2025-09-17 23:59:54,439 [INFO] ApplicationProperties:184 - Using Application install path: /opt/st/stm32cubeide_1.19.0/plugins/com.st.stm32cube.common.mx_6.15.0.202507011659
2025-09-17 23:59:54,440 [INFO] PluginManage:196 - Search for loadable plugins [exclusion list=, ]
2025-09-17 23:59:54,440 [INFO] PluginManage:310 - Check plugin analytics
2025-09-17 23:59:54,533 [INFO] AnalyticsPlugin:253 - Accepted Software Licenses: 
2025-09-17 23:59:54,534 [INFO] AnalyticsPlugin:255 - Accepted CMSIS Pack Licenses: 
2025-09-17 23:59:54,534 [INFO] AnalyticsPlugin:257 - Accepted Firmware Licenses: FW.L4.1.18.0,FW.G4.1.6.0
2025-09-17 23:59:54,535 [INFO] PluginManage:359 - Loaded plugin analytics (category:tool,tabindex:-1)
2025-09-17 23:59:54,535 [INFO] PluginManage:310 - Check plugin cadmodel
2025-09-17 23:59:54,538 [INFO] CADModel:105 - Init CAD model plugin
2025-09-17 23:59:54,538 [INFO] PluginManage:359 - Loaded plugin cadmodel (category:power,tabindex:5)
2025-09-17 23:59:54,538 [INFO] PluginManage:310 - Check plugin clock
2025-09-17 23:59:54,543 [INFO] PluginManage:359 - Loaded plugin clock (category:base,tabindex:2)
2025-09-17 23:59:54,543 [INFO] PluginManage:310 - Check plugin ddr
2025-09-17 23:59:54,544 [INFO] PluginManage:359 - Loaded plugin ddr (category:tool,tabindex:6)
2025-09-17 23:59:54,544 [INFO] PluginManage:310 - Check plugin filemanager
2025-09-17 23:59:54,649 [INFO] PluginManage:359 - Loaded plugin filemanager (category:base,tabindex:10)
2025-09-17 23:59:54,649 [INFO] PluginManage:310 - Check plugin ipmanager
2025-09-17 23:59:54,652 [INFO] PluginManage:359 - Loaded plugin ipmanager (category:base,tabindex:5)
2025-09-17 23:59:54,652 [INFO] PluginManage:310 - Check plugin lpbam
2025-09-17 23:59:54,657 [INFO] PluginManage:359 - Loaded plugin lpbam (category:base,tabindex:0)
2025-09-17 23:59:54,657 [INFO] PluginManage:310 - Check plugin memorymap
2025-09-17 23:59:54,663 [INFO] PluginManage:359 - Loaded plugin memorymap (category:base,tabindex:4)
2025-09-17 23:59:54,664 [INFO] PluginManage:310 - Check plugin pinoutandconfiguration
2025-09-17 23:59:54,667 [INFO] PluginManage:359 - Loaded plugin pinoutandconfiguration (category:base,tabindex:1)
2025-09-17 23:59:54,668 [INFO] PluginManage:310 - Check plugin pinoutconfig
2025-09-17 23:59:54,720 [WARN] SupportedApi:132 - Cannot load RTOS API schema: s4s-elt-must-match.1: The content of 'definitions' must match (annotation?, (simpleType | complexType)?, (unique | key | keyref)*)). A problem was found starting at: attribute.
2025-09-17 23:59:54,802 [INFO] PluginManage:359 - Loaded plugin pinoutconfig (category:base,tabindex:0)
2025-09-17 23:59:54,802 [INFO] PluginManage:310 - Check plugin power
2025-09-17 23:59:54,807 [INFO] PluginManage:359 - Loaded plugin power (category:power,tabindex:4)
2025-09-17 23:59:54,807 [INFO] PluginManage:310 - Check plugin projectmanager
2025-09-17 23:59:54,819 [INFO] PluginManage:359 - Loaded plugin projectmanager (category:projectmanager,tabindex:4)
2025-09-17 23:59:54,820 [INFO] PluginManage:310 - Check plugin rif
2025-09-17 23:59:54,825 [INFO] PluginManage:359 - Loaded plugin rif (category:base,tabindex:3)
2025-09-17 23:59:54,826 [INFO] PluginManage:310 - Check plugin thirdparty
2025-09-17 23:59:54,909 [INFO] PluginManage:359 - Loaded plugin thirdparty (category:base,tabindex:-1)
2025-09-17 23:59:54,909 [INFO] PluginManage:310 - Check plugin tools
2025-09-17 23:59:54,909 [WARN] IntegrityCheckThread:84 - waiting for thirdparty lock release [integrity check]
2025-09-17 23:59:54,910 [INFO] IntegrityCheckThread:86 - entering critical section [integrity check]
2025-09-17 23:59:54,910 [INFO] ThirdPartyUpdaterWithRetryManager:70 - Updater plugin not ready yet. [1/15]
2025-09-17 23:59:54,912 [INFO] PluginManage:359 - Loaded plugin tools (category:base,tabindex:7)
2025-09-17 23:59:54,912 [INFO] PluginManage:310 - Check plugin tutovideos
2025-09-17 23:59:55,061 [INFO] PluginManage:359 - Loaded plugin tutovideos (category:base,tabindex:-1)
2025-09-17 23:59:55,061 [INFO] PluginManage:310 - Check plugin updater
2025-09-17 23:59:55,077 [INFO] PluginManage:359 - Loaded plugin updater (category:base,tabindex:12)
2025-09-17 23:59:55,078 [INFO] PluginManage:310 - Check plugin userauth
2025-09-17 23:59:55,081 [INFO] UserAuth:118 - Init User Auth plugin
2025-09-17 23:59:55,081 [INFO] PluginManage:359 - Loaded plugin userauth (category:base,tabindex:14)
2025-09-17 23:59:55,082 [INFO] PluginManage:283 - PluginManage : Loaded plugins [18]
2025-09-17 23:59:55,191 [INFO] PinOutPanel:1589 - setPackage(No Configuration,No Configuration)
2025-09-17 23:59:55,230 [INFO] CADModel:165 - CPN selected for project level
2025-09-17 23:59:55,231 [INFO] CADModel:114 - Register for checkConnection events
2025-09-17 23:59:55,242 [INFO] IPUIPlugin:80 - create IPUIPlugin
2025-09-17 23:59:55,243 [INFO] PluginManager:220 - loadIPPluginJar : add adc
2025-09-17 23:59:55,244 [INFO] IPUIPlugin:80 - create IPUIPlugin
2025-09-17 23:59:55,244 [INFO] PluginManager:220 - loadIPPluginJar : add aes
2025-09-17 23:59:55,245 [INFO] IPUIPlugin:80 - create IPUIPlugin
2025-09-17 23:59:55,245 [INFO] PluginManager:220 - loadIPPluginJar : add can
2025-09-17 23:59:55,246 [INFO] IPUIPlugin:80 - create IPUIPlugin
2025-09-17 23:59:55,246 [INFO] PluginManager:220 - loadIPPluginJar : add comp
2025-09-17 23:59:55,247 [INFO] IPUIPlugin:80 - create IPUIPlugin
2025-09-17 23:59:55,247 [INFO] PluginManager:220 - loadIPPluginJar : add cryp
2025-09-17 23:59:55,248 [INFO] IPUIPlugin:80 - create IPUIPlugin
2025-09-17 23:59:55,248 [INFO] PluginManager:220 - loadIPPluginJar : add ddr_ctrl_phy
2025-09-17 23:59:55,249 [INFO] IPUIPlugin:80 - create IPUIPlugin
2025-09-17 23:59:55,249 [INFO] PluginManager:220 - loadIPPluginJar : add dfsdm
2025-09-17 23:59:55,253 [INFO] IPUIPlugin:80 - create IPUIPlugin
2025-09-17 23:59:55,253 [INFO] PluginManager:220 - loadIPPluginJar : add dma
2025-09-17 23:59:55,254 [INFO] IPUIPlugin:80 - create IPUIPlugin
2025-09-17 23:59:55,254 [INFO] PluginManager:220 - loadIPPluginJar : add dma3
2025-09-17 23:59:55,255 [INFO] IPUIPlugin:80 - create IPUIPlugin
2025-09-17 23:59:55,255 [INFO] PluginManager:220 - loadIPPluginJar : add extmemmanager
2025-09-17 23:59:55,256 [INFO] IPUIPlugin:80 - create IPUIPlugin
2025-09-17 23:59:55,256 [INFO] PluginManager:220 - loadIPPluginJar : add fatfs
2025-09-17 23:59:55,258 [INFO] IPUIPlugin:80 - create IPUIPlugin
2025-09-17 23:59:55,258 [INFO] PluginManager:220 - loadIPPluginJar : add fmc
2025-09-17 23:59:55,261 [INFO] IPUIPlugin:80 - create IPUIPlugin
2025-09-17 23:59:55,262 [INFO] PluginManager:220 - loadIPPluginJar : add freertos
2025-09-17 23:59:55,262 [INFO] IPUIPlugin:80 - create IPUIPlugin
2025-09-17 23:59:55,262 [INFO] PluginManager:220 - loadIPPluginJar : add genericplugin
2025-09-17 23:59:55,263 [INFO] IPUIPlugin:80 - create IPUIPlugin
2025-09-17 23:59:55,263 [INFO] PluginManager:220 - loadIPPluginJar : add gfxmmu
2025-09-17 23:59:55,265 [INFO] IPUIPlugin:80 - create IPUIPlugin
2025-09-17 23:59:55,266 [INFO] PluginManager:220 - loadIPPluginJar : add gic
2025-09-17 23:59:55,267 [INFO] IPUIPlugin:80 - create IPUIPlugin
2025-09-17 23:59:55,267 [INFO] PluginManager:220 - loadIPPluginJar : add gpio
2025-09-17 23:59:55,268 [INFO] IPUIPlugin:80 - create IPUIPlugin
2025-09-17 23:59:55,268 [INFO] PluginManager:220 - loadIPPluginJar : add gtzc
2025-09-17 23:59:55,269 [INFO] IPUIPlugin:80 - create IPUIPlugin
2025-09-17 23:59:55,269 [INFO] PluginManager:220 - loadIPPluginJar : add hash
2025-09-17 23:59:55,270 [INFO] IPUIPlugin:80 - create IPUIPlugin
2025-09-17 23:59:55,270 [INFO] PluginManager:220 - loadIPPluginJar : add i2c
2025-09-17 23:59:55,271 [INFO] IPUIPlugin:80 - create IPUIPlugin
2025-09-17 23:59:55,272 [INFO] PluginManager:220 - loadIPPluginJar : add i2s
2025-09-17 23:59:55,273 [INFO] IPUIPlugin:80 - create IPUIPlugin
2025-09-17 23:59:55,273 [INFO] PluginManager:220 - loadIPPluginJar : add i3c
2025-09-17 23:59:55,274 [INFO] IPUIPlugin:80 - create IPUIPlugin
2025-09-17 23:59:55,275 [INFO] PluginManager:220 - loadIPPluginJar : add ipddr
2025-09-17 23:59:55,279 [INFO] IPUIPlugin:80 - create IPUIPlugin
2025-09-17 23:59:55,280 [INFO] PluginManager:220 - loadIPPluginJar : add linkedlist
2025-09-17 23:59:55,281 [INFO] IPUIPlugin:80 - create IPUIPlugin
2025-09-17 23:59:55,281 [INFO] PluginManager:220 - loadIPPluginJar : add lorawan
2025-09-17 23:59:55,282 [INFO] IPUIPlugin:80 - create IPUIPlugin
2025-09-17 23:59:55,282 [INFO] PluginManager:220 - loadIPPluginJar : add ltdc
2025-09-17 23:59:55,285 [INFO] IPUIPlugin:80 - create IPUIPlugin
2025-09-17 23:59:55,286 [INFO] PluginManager:220 - loadIPPluginJar : add mdma
2025-09-17 23:59:55,287 [INFO] IPUIPlugin:80 - create IPUIPlugin
2025-09-17 23:59:55,287 [INFO] PluginManager:220 - loadIPPluginJar : add nvic
2025-09-17 23:59:55,289 [INFO] IPUIPlugin:80 - create IPUIPlugin
2025-09-17 23:59:55,289 [INFO] PluginManager:220 - loadIPPluginJar : add opamp
2025-09-17 23:59:55,291 [INFO] IPUIPlugin:80 - create IPUIPlugin
2025-09-17 23:59:55,291 [INFO] PluginManager:220 - loadIPPluginJar : add openamp
2025-09-17 23:59:55,292 [INFO] IPUIPlugin:80 - create IPUIPlugin
2025-09-17 23:59:55,292 [INFO] PluginManager:220 - loadIPPluginJar : add pdm2pcm
2025-09-17 23:59:55,296 [INFO] IPUIPlugin:80 - create IPUIPlugin
2025-09-17 23:59:55,297 [INFO] PluginManager:220 - loadIPPluginJar : add plateformsettings
2025-09-17 23:59:55,298 [INFO] IPUIPlugin:80 - create IPUIPlugin
2025-09-17 23:59:55,298 [INFO] PluginManager:220 - loadIPPluginJar : add quadspi
2025-09-17 23:59:55,299 [INFO] IPUIPlugin:80 - create IPUIPlugin
2025-09-17 23:59:55,299 [INFO] PluginManager:220 - loadIPPluginJar : add radio
2025-09-17 23:59:55,301 [INFO] IPUIPlugin:80 - create IPUIPlugin
2025-09-17 23:59:55,301 [INFO] PluginManager:220 - loadIPPluginJar : add resmgrutility
2025-09-17 23:59:55,303 [INFO] IPUIPlugin:80 - create IPUIPlugin
2025-09-17 23:59:55,303 [INFO] PluginManager:220 - loadIPPluginJar : add sai
2025-09-17 23:59:55,304 [INFO] IPUIPlugin:80 - create IPUIPlugin
2025-09-17 23:59:55,304 [INFO] PluginManager:220 - loadIPPluginJar : add spi
2025-09-17 23:59:55,308 [INFO] IPUIPlugin:80 - create IPUIPlugin
2025-09-17 23:59:55,309 [INFO] PluginManager:220 - loadIPPluginJar : add stm32_wpan
2025-09-17 23:59:55,309 [INFO] IPUIPlugin:80 - create IPUIPlugin
2025-09-17 23:59:55,310 [INFO] PluginManager:220 - loadIPPluginJar : add tim
2025-09-17 23:59:55,311 [INFO] IPUIPlugin:80 - create IPUIPlugin
2025-09-17 23:59:55,311 [INFO] PluginManager:220 - loadIPPluginJar : add touchsensing
2025-09-17 23:59:55,312 [INFO] IPUIPlugin:80 - create IPUIPlugin
2025-09-17 23:59:55,312 [INFO] PluginManager:220 - loadIPPluginJar : add tracer_emb
2025-09-17 23:59:55,313 [INFO] IPUIPlugin:80 - create IPUIPlugin
2025-09-17 23:59:55,313 [INFO] PluginManager:220 - loadIPPluginJar : add ts
2025-09-17 23:59:55,314 [INFO] IPUIPlugin:80 - create IPUIPlugin
2025-09-17 23:59:55,314 [INFO] PluginManager:220 - loadIPPluginJar : add tsc
2025-09-17 23:59:55,315 [INFO] IPUIPlugin:80 - create IPUIPlugin
2025-09-17 23:59:55,315 [INFO] PluginManager:220 - loadIPPluginJar : add ucpd
2025-09-17 23:59:55,316 [INFO] IPUIPlugin:80 - create IPUIPlugin
2025-09-17 23:59:55,316 [INFO] PluginManager:220 - loadIPPluginJar : add usart
2025-09-17 23:59:55,317 [INFO] IPUIPlugin:80 - create IPUIPlugin
2025-09-17 23:59:55,318 [INFO] PluginManager:220 - loadIPPluginJar : add usbx
2025-09-17 23:59:55,407 [FATAL] Updater:351 - Updater called before beeing initialized
2025-09-17 23:59:55,426 [INFO] RulesReader:64 - Compatibility file has been processed (317 Rules)
2025-09-17 23:59:55,434 [INFO] RulesReader:64 - Compatibility file has been processed (317 Rules)
2025-09-17 23:59:55,440 [INFO] CADModel:165 - CPN selected for project level
2025-09-17 23:59:55,441 [INFO] CADModel:114 - Register for checkConnection events
2025-09-17 23:59:55,441 [FATAL] Updater:351 - Updater called before beeing initialized
2025-09-17 23:59:55,441 [ERROR] CADModel:125 - Updater not yet initialized, retry later 
2025-09-17 23:59:55,535 [FATAL] Updater:351 - Updater called before beeing initialized
2025-09-17 23:59:55,536 [INFO] CADModel:165 - CPN selected for project level
2025-09-17 23:59:55,536 [INFO] CADModel:114 - Register for checkConnection events
2025-09-17 23:59:55,536 [FATAL] Updater:351 - Updater called before beeing initialized
2025-09-17 23:59:55,536 [ERROR] CADModel:125 - Updater not yet initialized, retry later 
2025-09-17 23:59:55,539 [FATAL] Updater:351 - Updater called before beeing initialized
2025-09-17 23:59:55,592 [FATAL] Updater:351 - Updater called before beeing initialized
2025-09-17 23:59:55,595 [INFO] DbMcusAds:53 - JSON generation date=Tue Jul 08 10:14:23 CEST 2025 (1751962463582)
2025-09-17 23:59:55,595 [FATAL] Updater:351 - Updater called before beeing initialized
2025-09-17 23:59:55,618 [WARN] DetailPanel:346 - Failed to get advertising image, set to default
2025-09-17 23:59:55,691 [FATAL] Updater:351 - Updater called before beeing initialized
2025-09-17 23:59:55,693 [FATAL] Updater:351 - Updater called before beeing initialized
2025-09-17 23:59:55,693 [FATAL] Updater:351 - Updater called before beeing initialized
2025-09-17 23:59:55,694 [WARN] DetailPanel:346 - Failed to get advertising image, set to default
2025-09-17 23:59:55,694 [FATAL] Updater:351 - Updater called before beeing initialized
2025-09-17 23:59:55,718 [ERROR] Updater:1198 - MainUpdater not yet initialized. External WinMGr cannot be set.
2025-09-17 23:59:55,719 [INFO] Updater:1134 - Updater Version found : 6.15.0
2025-09-17 23:59:55,731 [INFO] ApplicationProperties:184 - Using Application install path: /opt/st/stm32cubeide_1.19.0/plugins/com.st.stm32cube.common.mx_6.15.0.202507011659
2025-09-17 23:59:55,739 [ERROR] LogOutputStream:75 - [STDERR_REDIRECT] Sep 17, 2025 11:59:55 PM java.util.prefs.FileSystemPreferences$2 run
2025-09-17 23:59:55,740 [ERROR] LogOutputStream:75 - [STDERR_REDIRECT] WARNING: Could not create system preferences directory. System preferences are unusable.
2025-09-17 23:59:55,740 [ERROR] LogOutputStream:75 - [STDERR_REDIRECT] 
2025-09-17 23:59:55,981 [INFO] MainUpdater:2872 - connection check result : 10
2025-09-17 23:59:55,981 [INFO] MainUpdater:289 - Updater Check For Update Now.
2025-09-17 23:59:55,981 [INFO] MicroXplorer:498 - Change Database Version : DB.6.0.150
2025-09-17 23:59:55,984 [INFO] McuFinderGlobals:63 - Set McuFinder mode to 2 (CubeIDE integrated)
2025-09-17 23:59:55,985 [INFO] UserAuth:487 - Internet connection configuration mode: 1
2025-09-17 23:59:55,997 [INFO] JxBrowserEngine:152 - Initiate JxBrowser Engine with user profile folder
2025-09-17 23:59:56,142 [INFO] CheckServerUpdateThread:120 - End of CheckServer Thread
2025-09-17 23:59:56,395 [INFO] WebApp:169 - Instantiating new browser for Auth
2025-09-17 23:59:56,807 [INFO] WebApp:463 - Apply proxy settings
2025-09-17 23:59:56,807 [INFO] WebApp:548 - Chromium requires no authentication
2025-09-17 23:59:56,812 [INFO] WebApp:491 - Direct internet connection detected
2025-09-17 23:59:56,823 [INFO] WebApp:900 - Register for checkConnection events
2025-09-17 23:59:56,824 [INFO] WebApp:463 - Apply proxy settings
2025-09-17 23:59:56,824 [INFO] WebApp:548 - Chromium requires no authentication
2025-09-17 23:59:56,824 [INFO] WebApp:491 - Direct internet connection detected
2025-09-17 23:59:56,906 [INFO] WebApp:225 - Starting web application
2025-09-17 23:59:56,906 [INFO] WebApp:593 - Web application path used /opt/st/stm32cubeide_1.19.0/plugins/com.st.stm32cube.common.mx_6.15.0.202507011659/db/plugins/mcufinder/reactClient1/index.html
2025-09-17 23:59:56,968 [INFO] UserAuth:487 - Internet connection configuration mode: 1
2025-09-17 23:59:57,234 [INFO] WebApp:191 - Connection restablished
2025-09-17 23:59:58,006 [WARN] PackLoader:240 - Cannot read IP mode file for STMicroelectronics.FP-SNS-MOTENVWB1.1.4.0
2025-09-17 23:59:58,011 [WARN] PackLoader:240 - Cannot read IP mode file for STMicroelectronics.FP-ATR-ASTRA1.2.0.2
2025-09-17 23:59:58,017 [WARN] PackLoader:240 - Cannot read IP mode file for STMicroelectronics.X-CUBE-SMBUS.2.1.0
2025-09-17 23:59:58,020 [WARN] PackLoader:240 - Cannot read IP mode file for STMicroelectronics.X-CUBE-ST60.1.0.0
2025-09-17 23:59:58,042 [WARN] PackLoader:240 - Cannot read IP mode file for STMicroelectronics.X-CUBE-AZRTOS-F7.1.1.0
2025-09-17 23:59:58,055 [WARN] PackLoader:240 - Cannot read IP mode file for WES.I-CUBE-Cesium.1.4.0
2025-09-17 23:59:58,077 [WARN] PackLoader:240 - Cannot read IP mode file for Infineon.AIROC-Wi-Fi-Bluetooth-STM32.1.7.1
2025-09-17 23:59:58,104 [WARN] PackLoader:240 - Cannot read IP mode file for STMicroelectronics.X-CUBE-AZRTOS-H7.3.4.0
2025-09-17 23:59:58,113 [WARN] PackLoader:240 - Cannot read IP mode file for STMicroelectronics.X-CUBE-DISPLAY.3.0.0
2025-09-17 23:59:58,123 [WARN] PackLoader:240 - Cannot read IP mode file for STMicroelectronics.X-CUBE-NFC10.1.0.0
2025-09-17 23:59:58,127 [WARN] PackLoader:240 - Cannot read IP mode file for emotas.I-CUBE-CANOPEN.1.3.0
2025-09-17 23:59:58,132 [WARN] PackLoader:240 - Cannot read IP mode file for STMicroelectronics.FP-SNS-STBOX1.2.1.0
2025-09-17 23:59:58,136 [WARN] PackLoader:240 - Cannot read IP mode file for STMicroelectronics.FP-SNS-SMARTAG2.1.2.0
2025-09-17 23:59:58,139 [WARN] PackLoader:240 - Cannot read IP mode file for STMicroelectronics.FP-SNS-FLIGHT1.5.1.0
2025-09-17 23:59:58,144 [INFO] LogOutputStream:77 - [STDOUT_REDIRECT] 1 : Invalid condition id : UX_CORESTACK_Condition cause : null
2025-09-17 23:59:58,144 [INFO] LogOutputStream:77 - [STDOUT_REDIRECT] 1 : Invalid condition id : UX_CORESTACK_Condition cause : null
2025-09-17 23:59:58,144 [INFO] LogOutputStream:77 - [STDOUT_REDIRECT] 1 : Invalid condition id : UX_CORESTACK_Condition cause : null
2025-09-17 23:59:58,144 [INFO] LogOutputStream:77 - [STDOUT_REDIRECT] 1 : Invalid condition id : UX_CORESTACK_Condition cause : null
2025-09-17 23:59:58,145 [INFO] LogOutputStream:77 - [STDOUT_REDIRECT] 1 : Invalid condition id : UX_CORESTACK_Condition cause : null
2025-09-17 23:59:58,147 [WARN] PackLoader:240 - Cannot read IP mode file for STMicroelectronics.X-CUBE-AZRTOS-WL.2.0.0
2025-09-17 23:59:58,151 [WARN] PackLoader:240 - Cannot read IP mode file for STMicroelectronics.FP-SNS-MOTENV1.5.0.0
2025-09-17 23:59:58,156 [WARN] PackLoader:240 - Cannot read IP mode file for STMicroelectronics.X-CUBE-BLE2.3.3.0
2025-09-17 23:59:58,160 [WARN] PackLoader:240 - Cannot read IP mode file for STMicroelectronics.X-CUBE-NFC9.1.0.0
2025-09-17 23:59:58,163 [WARN] PackLoader:240 - Cannot read IP mode file for wolfSSL.I-CUBE-wolfSSL.5.8.2
2025-09-17 23:59:58,167 [WARN] PackLoader:240 - Cannot read IP mode file for STMicroelectronics.X-CUBE-BLE1.7.1.0
2025-09-17 23:59:58,169 [WARN] PackLoader:240 - Cannot read IP mode file for wolfSSL.I-CUBE-wolfMQTT.1.19.2
2025-09-17 23:59:58,173 [WARN] PackLoader:240 - Cannot read IP mode file for STMicroelectronics.X-CUBE-EEPRMA1.5.2.0
2025-09-17 23:59:58,191 [WARN] PackLoader:240 - Cannot read IP mode file for STMicroelectronics.X-CUBE-AZRTOS-G0.1.1.0
2025-09-17 23:59:58,196 [WARN] PackLoader:240 - Cannot read IP mode file for STMicroelectronics.X-CUBE-SAFEA1.1.2.2
2025-09-17 23:59:58,201 [WARN] PackLoader:240 - Cannot read IP mode file for STMicroelectronics.X-CUBE-NFC4.3.0.0
2025-09-17 23:59:58,209 [WARN] PackLoader:240 - Cannot read IP mode file for EmbeddedOffice.I-CUBE-FS-RTOS.1.0.1
2025-09-17 23:59:58,214 [WARN] PackLoader:240 - Cannot read IP mode file for STMicroelectronics.X-CUBE-WB05N.2.0.0
2025-09-17 23:59:58,217 [WARN] PackLoader:240 - Cannot read IP mode file for wolfSSL.I-CUBE-wolfTPM.3.8.0
2025-09-17 23:59:58,222 [WARN] PackLoader:240 - Cannot read IP mode file for STMicroelectronics.X-CUBE-TCPP.4.2.0
2025-09-17 23:59:58,227 [WARN] PackLoader:240 - Cannot read IP mode file for RealThread.X-CUBE-RT-Thread_Nano.4.1.1
2025-09-17 23:59:58,230 [WARN] PackLoader:240 - Cannot read IP mode file for STMicroelectronics.FP-ATR-SIGFOX1.3.2.0
2025-09-17 23:59:58,234 [WARN] PackLoader:240 - Cannot read IP mode file for ITTIA_DB.I-CUBE-ITTIADB.8.9.0
2025-09-17 23:59:58,238 [WARN] PackLoader:240 - Cannot read IP mode file for STMicroelectronics.X-CUBE-ST67W61.1.0.0
2025-09-17 23:59:58,241 [WARN] PackLoader:240 - Cannot read IP mode file for STMicroelectronics.X-CUBE-AI.10.2.0
2025-09-17 23:59:58,256 [WARN] PackLoader:240 - Cannot read IP mode file for SEGGER.I-CUBE-embOS.1.3.1
2025-09-17 23:59:58,286 [WARN] PackLoader:240 - Cannot read IP mode file for STMicroelectronics.X-CUBE-ALGOBUILD.1.4.0
2025-09-17 23:59:58,318 [WARN] PackLoader:240 - Cannot read IP mode file for STMicroelectronics.X-CUBE-MEMS1.11.3.0
2025-09-17 23:59:58,453 [WARN] PackLoader:240 - Cannot read IP mode file for STMicroelectronics.X-CUBE-PM33A1.1.0.0
2025-09-17 23:59:58,468 [WARN] PackLoader:240 - Cannot read IP mode file for STMicroelectronics.X-CUBE-AZRTOS-F4.1.1.0
2025-09-17 23:59:58,477 [WARN] PackLoader:240 - Cannot read IP mode file for Avnet-IotConnect.X-CUBE-IoTC-DA16k-PMOD.1.0.0
2025-09-17 23:59:58,481 [WARN] PackLoader:240 - Cannot read IP mode file for STMicroelectronics.X-CUBE-ISPU.2.1.0
2025-09-17 23:59:58,487 [WARN] PackLoader:240 - Cannot read IP mode file for STMicroelectronics.X-CUBE-NFC12.1.0.0
2025-09-17 23:59:58,504 [WARN] PackLoader:240 - Cannot read IP mode file for STMicroelectronics.X-CUBE-AZRTOS-L5.2.0.0
2025-09-17 23:59:58,510 [WARN] PackLoader:240 - Cannot read IP mode file for STMicroelectronics.X-CUBE-NFC6.3.1.0
2025-09-17 23:59:58,514 [WARN] PackLoader:240 - Cannot read IP mode file for STMicroelectronics.X-CUBE-FREERTOS.1.3.1
2025-09-17 23:59:58,519 [WARN] PackLoader:240 - Cannot read IP mode file for STMicroelectronics.FP-SNS-STAIOTCFT.1.0.0
2025-09-17 23:59:58,523 [WARN] PackLoader:240 - Cannot read IP mode file for STMicroelectronics.X-CUBE-DPower.1.3.0
2025-09-17 23:59:58,538 [WARN] ConditionMgr:438 - getConditionDescription Invalid condition id : LAN8742 Phy interface Condition cause : null
2025-09-17 23:59:58,539 [WARN] PackLoader:240 - Cannot read IP mode file for STMicroelectronics.X-CUBE-AZRTOS-L4.2.0.0
2025-09-17 23:59:58,540 [WARN] ConditionMgr:1044 - genDependencies : Invalid condition id : LAN8742 Phy interface Condition cause : null
2025-09-17 23:59:58,541 [WARN] ConditionMgr:1044 - genDependencies : Invalid condition id : LAN8742 Phy interface Condition cause : null
2025-09-17 23:59:58,541 [WARN] ConditionMgr:1044 - genDependencies : Invalid condition id : LAN8742 Phy interface Condition cause : null
2025-09-17 23:59:58,548 [WARN] PackLoader:240 - Cannot read IP mode file for STMicroelectronics.X-CUBE-SFXS2LP1.4.0.0
2025-09-17 23:59:58,557 [WARN] PackLoader:240 - Cannot read IP mode file for STMicroelectronics.X-CUBE-BLEMGR.4.1.0
2025-09-17 23:59:58,570 [WARN] ConditionMgr:438 - getConditionDescription Invalid condition id : UX DEVICE CLASS RTOS Condition cause : null
2025-09-17 23:59:58,571 [WARN] ConditionMgr:438 - getConditionDescription Invalid condition id : UX DEVICE CLASS RTOS Condition cause : null
2025-09-17 23:59:58,573 [WARN] PackLoader:240 - Cannot read IP mode file for STMicroelectronics.X-CUBE-AZRTOS-WB.2.0.0
2025-09-17 23:59:58,574 [WARN] ConditionMgr:1044 - genDependencies : Invalid condition id : UX DEVICE CLASS RTOS Condition cause : null
2025-09-17 23:59:58,574 [WARN] ConditionMgr:1044 - genDependencies : Invalid condition id : UX DEVICE CLASS RTOS Condition cause : null
2025-09-17 23:59:58,574 [WARN] ConditionMgr:1044 - genDependencies : Invalid condition id : UX DEVICE CLASS RTOS Condition cause : null
2025-09-17 23:59:58,574 [WARN] ConditionMgr:1044 - genDependencies : Invalid condition id : UX DEVICE CLASS RTOS Condition cause : null
2025-09-17 23:59:58,574 [WARN] ConditionMgr:1044 - genDependencies : Invalid condition id : UX DEVICE CLASS RTOS Condition cause : null
2025-09-17 23:59:58,579 [WARN] PackLoader:240 - Cannot read IP mode file for STMicroelectronics.X-CUBE-GNSS1.7.0.1
2025-09-17 23:59:58,584 [WARN] PackLoader:240 - Cannot read IP mode file for STMicroelectronics.X-CUBE-TOUCHGFX.4.25.0
2025-09-17 23:59:58,586 [WARN] ConditionMgr:438 - getConditionDescription Invalid condition id : Cortex-A Device cause : null
2025-09-17 23:59:58,598 [WARN] ConditionMgr:1044 - genDependencies : Invalid condition id : Cortex-A Device cause : null
2025-09-17 23:59:58,598 [WARN] ConditionMgr:1044 - genDependencies : Invalid condition id : Cortex-A Device cause : null
2025-09-17 23:59:58,598 [WARN] ConditionMgr:1044 - genDependencies : Invalid condition id : Cortex-A Device cause : null
2025-09-17 23:59:58,606 [WARN] PackLoader:240 - Cannot read IP mode file for STMicroelectronics.X-CUBE-SUBG2.5.0.0
2025-09-17 23:59:58,623 [WARN] PackLoader:240 - Cannot read IP mode file for STMicroelectronics.X-CUBE-AZRTOS-H7RS.1.1.0
2025-09-17 23:59:58,628 [WARN] PackLoader:240 - Cannot read IP mode file for Cesanta.I-CUBE-Mongoose.7.13.0
2025-09-17 23:59:58,640 [WARN] PackLoader:240 - Cannot read IP mode file for STMicroelectronics.X-CUBE-AZRTOS-G4.2.0.0
2025-09-17 23:59:58,644 [WARN] PackLoader:240 - Cannot read IP mode file for wolfSSL.I-CUBE-wolfSSH.1.4.20
2025-09-17 23:59:58,648 [WARN] PackLoader:240 - Cannot read IP mode file for STMicroelectronics.X-CUBE-NFC7.2.0.0
2025-09-17 23:59:58,658 [WARN] PackLoader:240 - Cannot read IP mode file for STMicroelectronics.X-CUBE-IPS.3.1.0
2025-09-17 23:59:58,664 [WARN] PackLoader:240 - Cannot read IP mode file for STMicroelectronics.X-CUBE-ALS.1.0.2
2025-09-17 23:59:58,668 [WARN] PackLoader:240 - Cannot read IP mode file for STMicroelectronics.X-CUBE-STSE01.1.0.0
2025-09-17 23:59:58,674 [WARN] PackLoader:240 - Cannot read IP mode file for STMicroelectronics.X-CUBE-TOF1.3.4.3
2025-09-17 23:59:58,680 [INFO] ThirdParty:978 - Integrity check success = true
2025-09-17 23:59:58,680 [INFO] IntegrityCheckThread:100 - exiting critical section [integrity check]
2025-09-17 23:59:58,680 [INFO] IntegrityCheckThread:103 - End integrity checks thread
